video_id,content_type,emotional_manipulation,commercial_signals,child_role,privacy_concern,clickbait_level,emotional_score,commercial_binary,child_protagonist,privacy_score,clickbait_score
vXn4F-HGBrk,challenge,none,none,unclear,none,mild,0.0,0,0,0.0,1.0
GehZsPEX4GY,challenge,none,none,protagonist,none,mild,0.0,0,1,0.0,1.0
d-WSRBWE8HI,challenge,moderate,none,co_star,none,severe,2.0,0,0,0.0,3.0
jlrvT0M_sA0,challenge,moderate,none,co_star,none,severe,2.0,0,0,0.0,3.0
_FYuDzGAbSA,storytime,severe,none,protagonist,moderate,severe,3.0,0,1,2.0,3.0
oiDtiCI6c7g,daily_vlog,severe,none,protagonist,high,severe,3.0,0,1,3.0,3.0
_UDMYK4NTeY,daily_vlog,moderate,none,co_star,high,severe,2.0,0,0,3.0,3.0
on7UNfpc4L8,daily_vlog,severe,none,unclear,high,severe,3.0,0,0,3.0,3.0
6DRLPMNC7LM,daily_vlog,severe,none,protagonist,high,severe,3.0,0,1,3.0,3.0
-n0pdaa6GM4,daily_vlog,none,none,unclear,low,mild,0.0,0,0,1.0,1.0
Iko7P3P4FsY,daily_vlog,moderate,none,unclear,low,severe,2.0,0,0,1.0,3.0
jhXhrPa6bBA,storytime,mild,none,unclear,moderate,moderate,1.0,0,0,2.0,2.0
KediKGAZhfk,storytime,moderate,none,unclear,moderate,severe,2.0,0,0,2.0,3.0
UodCkZU37qM,storytime,mild,none,unclear,moderate,severe,1.0,0,0,2.0,3.0
FoYybFOjWso,storytime,moderate,none,unclear,high,severe,2.0,0,0,3.0,3.0
ZUCpN33jaMM,storytime,moderate,none,unclear,high,severe,2.0,0,0,3.0,3.0
HmBLk0_DXAg,travel,moderate,none,unclear,low,severe,2.0,0,0,1.0,3.0
seMWpKudb3A,daily_vlog,mild,none,unclear,low,severe,1.0,0,0,1.0,3.0
mRnLDYBFXsk,routine,none,none,unclear,low,mild,0.0,0,0,1.0,1.0
HpMU02nB7T4,daily_vlog,moderate,none,unclear,low,severe,2.0,0,0,1.0,3.0
jhqUTpZedWs,storytime,moderate,none,unclear,low,moderate,2.0,0,0,1.0,2.0
yaIJyCzBhpo,storytime,mild,none,protagonist,low,moderate,1.0,0,1,1.0,2.0
ZIx2dHjZP_Q,daily_vlog,none,none,co_star,low,mild,0.0,0,0,1.0,1.0
JXhfqXFum2Q,daily_vlog,mild,none,protagonist,low,mild,1.0,0,1,1.0,1.0
1hPcUybOH1s,storytime,severe,none,co_star,moderate,severe,3.0,0,0,2.0,3.0
GzEpWldvMYY,daily_vlog,mild,none,protagonist,low,mild,1.0,0,1,1.0,1.0
ybNx2QTmoS8,travel,none,none,unclear,low,mild,0.0,0,0,1.0,1.0
UDFN27pyyHM,travel,none,none,co_star,low,mild,0.0,0,0,1.0,1.0
M0OAsMBx_0Y,travel,none,none,unclear,low,mild,0.0,0,0,1.0,1.0
d7mnMXEvcF8,travel,none,none,unclear,low,mild,0.0,0,0,1.0,1.0
d_lZ82C2X6k,daily_vlog,mild,none,protagonist,moderate,mild,1.0,0,1,2.0,1.0
tVdnQaHmTVo,daily_vlog,mild,none,protagonist,low,mild,1.0,0,1,1.0,1.0
ftGDrseUhvU,daily_vlog,moderate,none,co_star,high,moderate,2.0,0,0,3.0,2.0
LyoB-nsdxrg,daily_vlog,mild,none,unclear,moderate,moderate,1.0,0,0,2.0,2.0
OzrXHmGuHBw,daily_vlog,none,none,protagonist,moderate,moderate,0.0,0,1,2.0,2.0
4CDE8eQPMNg,daily_vlog,none,none,unclear,moderate,moderate,0.0,0,0,2.0,2.0
ibwWB6Wg4lk,daily_vlog,moderate,none,unclear,high,moderate,2.0,0,0,3.0,2.0
i1KacFJSdiQ,daily_vlog,none,none,unclear,low,mild,0.0,0,0,1.0,1.0
0bGo8bVUMTQ,daily_vlog,moderate,none,protagonist,high,moderate,2.0,0,1,3.0,2.0
HyIXKP6nmYY,storytime,mild,none,unclear,low,moderate,1.0,0,0,1.0,2.0
2aIRjm1OMzs,daily_vlog,moderate,none,protagonist,moderate,moderate,2.0,0,1,2.0,2.0
XiUHrf3V-aA,storytime,moderate,none,protagonist,moderate,moderate,2.0,0,1,2.0,2.0
A81oF2xVUUo,travel,mild,none,protagonist,low,mild,1.0,0,1,1.0,1.0
h9lA54IOXHA,storytime,moderate,none,unclear,moderate,moderate,2.0,0,0,2.0,2.0
xISWzpYK8Wc,storytime,moderate,none,protagonist,moderate,moderate,2.0,0,1,2.0,2.0
G6mtxtJTPFU,storytime,moderate,none,unclear,moderate,moderate,2.0,0,0,2.0,2.0
6G9LipCSWmE,storytime,mild,none,protagonist,moderate,mild,1.0,0,1,2.0,1.0
SaufHYjOXng,daily_vlog,none,none,unclear,low,none,0.0,0,0,1.0,0.0
IUMUP7I2Wv8,routine,none,none,unclear,low,mild,0.0,0,0,1.0,1.0
umc94eFhQj8,daily_vlog,mild,none,protagonist,low,mild,1.0,0,1,1.0,1.0
wRILjMtIGpk,daily_vlog,mild,none,protagonist,low,moderate,1.0,0,1,1.0,2.0
lqjpuiFnN0I,daily_vlog,mild,none,protagonist,low,moderate,1.0,0,1,1.0,2.0
36dx1RpJ6eQ,storytime,moderate,none,protagonist,moderate,severe,2.0,0,1,2.0,3.0
AG5MRX4yIzM,storytime,moderate,none,protagonist,high,severe,2.0,0,1,3.0,3.0
nGP5sRHbafc,daily_vlog,mild,none,protagonist,low,moderate,1.0,0,1,1.0,2.0
IeRsWo7MPkI,daily_vlog,none,none,unclear,low,mild,0.0,0,0,1.0,1.0
Iu_ZKsCeK94,daily_vlog,none,none,unclear,low,mild,0.0,0,0,1.0,1.0
mb314m-cMeY,travel,none,none,co_star,low,none,0.0,0,0,1.0,0.0
xXMqaKw9OFg,daily_vlog,none,none,co_star,low,none,0.0,0,0,1.0,0.0
CVsD5FW8UMY,daily_vlog,none,none,co_star,low,none,0.0,0,0,1.0,0.0
Ub1xr7dBGmc,daily_vlog,none,none,protagonist,low,none,0.0,0,1,1.0,0.0
eR7asAV-SV4,storytime,mild,none,co_star,low,mild,1.0,0,0,1.0,1.0
pWNmHgnImew,storytime,mild,none,co_star,low,mild,1.0,0,0,1.0,1.0
gtqkR5oYs0g,daily_vlog,none,none,unclear,low,none,0.0,0,0,1.0,0.0
a-I_-Y89tw0,storytime,mild,none,co_star,low,mild,1.0,0,0,1.0,1.0
dPL-dBey3jU,daily_vlog,none,none,protagonist,low,none,0.0,0,1,1.0,0.0
OJ5GQspndtE,daily_vlog,none,none,protagonist,low,none,0.0,0,1,1.0,0.0
LsgIsEhnS7A,daily_vlog,none,none,unclear,low,mild,0.0,0,0,1.0,1.0
jtt2QW4oe44,daily_vlog,mild,none,unclear,low,mild,1.0,0,0,1.0,1.0
H-QE2gQ1hcY,daily_vlog,none,none,unclear,low,none,0.0,0,0,1.0,0.0
PNZl-2Cby8U,daily_vlog,none,none,unclear,low,none,0.0,0,0,1.0,0.0
3UbZGvqVwCQ,storytime,none,none,protagonist,low,none,0.0,0,1,1.0,0.0
j0WixEBs-oA,storytime,mild,none,unclear,low,mild,1.0,0,0,1.0,1.0
f8Q9qSwHEg8,daily_vlog,none,none,protagonist,low,none,0.0,0,1,1.0,0.0
yyaCzCGn5J4,storytime,mild,none,unclear,low,moderate,1.0,0,0,1.0,2.0
dBP02d4Raks,daily_vlog,none,none,unclear,low,none,0.0,0,0,1.0,0.0
z3C17y_-_aM,storytime,mild,none,unclear,low,mild,1.0,0,0,1.0,1.0
mBJsBTYqHJM,educational,none,none,unclear,none,none,0.0,0,0,0.0,0.0
q2MVr1Yauuw,daily_vlog,none,none,unclear,low,none,0.0,0,0,1.0,0.0
NUiBRsRmaXc,daily_vlog,none,none,unclear,low,none,0.0,0,0,1.0,0.0
Na2YV47MK08,other,mild,none,unclear,low,mild,1.0,0,0,1.0,1.0
m7jsf1DdcKI,daily_vlog,none,none,unclear,low,none,0.0,0,0,1.0,0.0
49JXjCkAdkc,daily_vlog,mild,none,co_star,moderate,mild,1.0,0,0,2.0,1.0
62TZqdYo8os,daily_vlog,none,none,unclear,moderate,none,0.0,0,0,2.0,0.0
CfPHgzC6WzI,daily_vlog,none,none,unclear,moderate,none,0.0,0,0,2.0,0.0
W4lVHH03n0Y,other,none,none,unclear,low,none,0.0,0,0,1.0,0.0
JMFDNb5G5mc,daily_vlog,none,none,unclear,low,none,0.0,0,0,1.0,0.0
uq-nqUAg-HM,daily_vlog,none,none,unclear,moderate,none,0.0,0,0,2.0,0.0
V_IlMOYN4Qg,daily_vlog,none,none,co_star,moderate,none,0.0,0,0,2.0,0.0
ZP-T_ueZh-g,daily_vlog,mild,none,unclear,moderate,mild,1.0,0,0,2.0,1.0
bR7KWG_fw78,storytime,none,none,unclear,none,none,0.0,0,0,0.0,0.0
uiqwl_3venA,daily_vlog,none,none,unclear,none,none,0.0,0,0,0.0,0.0
7R_oU_eGLPk,storytime,none,none,unclear,none,none,0.0,0,0,0.0,0.0
LnD-gbCK9tA,storytime,none,none,unclear,none,none,0.0,0,0,0.0,0.0
k4essySEql8,daily_vlog,mild,none,protagonist,low,none,1.0,0,1,1.0,0.0
QHtWMUptCh8,storytime,mild,none,unclear,none,none,1.0,0,0,0.0,0.0
FhkkCdS5USU,daily_vlog,mild,none,unclear,low,none,1.0,0,0,1.0,0.0
sTSD0zdXDVU,daily_vlog,none,none,unclear,low,none,0.0,0,0,1.0,0.0
Cp69T119lFo,daily_vlog,none,none,unclear,none,none,0.0,0,0,0.0,0.0
eeq0sPQkxMU,unboxing,none,none,protagonist,low,none,0.0,0,1,1.0,0.0
eZnYyCb7pkQ,cooking,none,none,unclear,none,mild,0.0,0,0,0.0,1.0
XZJ0-xJ6kSA,storytime,mild,none,protagonist,low,mild,1.0,0,1,1.0,1.0
mKqaXgGm1AU,daily_vlog,none,none,co_star,none,mild,0.0,0,0,0.0,1.0
XAzB4zbUkIU,cooking,none,none,cameo,none,mild,0.0,0,0,0.0,1.0
Hn2ZlU6Ch7Q,daily_vlog,mild,none,protagonist,low,moderate,1.0,0,1,1.0,2.0
g5XwZpq9PEY,travel,none,none,unclear,none,moderate,0.0,0,0,0.0,2.0
5jIudXyEObQ,daily_vlog,none,none,unclear,none,moderate,0.0,0,0,0.0,2.0
_wbwoX3Ygs8,travel,none,none,unclear,none,mild,0.0,0,0,0.0,1.0
sXHzQlH7YuI,storytime,mild,none,unclear,none,mild,1.0,0,0,0.0,1.0
yqoKROrpcZc,travel,mild,none,unclear,none,moderate,1.0,0,0,0.0,2.0
odRnHsSq4xc,travel,none,none,unclear,none,mild,0.0,0,0,0.0,1.0
IG2tTpjHbcc,travel,none,none,unclear,none,mild,0.0,0,0,0.0,1.0
vIkZfVnafh4,storytime,mild,none,unclear,none,moderate,1.0,0,0,0.0,2.0
IyMVa5Gbs24,storytime,none,none,unclear,none,mild,0.0,0,0,0.0,1.0
0vqm8cnHhHM,travel,none,none,unclear,none,mild,0.0,0,0,0.0,1.0
cgN1bYuUy_U,travel,none,none,co_star,none,mild,0.0,0,0,0.0,1.0
2jPgXkQeAbg,daily_vlog,none,none,protagonist,none,mild,0.0,0,1,0.0,1.0
-84H_2fT4uo,challenge,none,none,unclear,none,mild,0.0,0,0,0.0,1.0
c24MaJcCIac,travel,none,none,unclear,none,moderate,0.0,0,0,0.0,2.0
tfUHN2z4gns,daily_vlog,none,none,unclear,none,mild,0.0,0,0,0.0,1.0
AlWqGH6VHAI,daily_vlog,mild,none,unclear,none,mild,1.0,0,0,0.0,1.0
ltv1F3Z2T_g,storytime,severe,none,protagonist,high,severe,3.0,0,1,3.0,3.0
sciXF3KQuEU,daily_vlog,none,none,co_star,none,mild,0.0,0,0,0.0,1.0
iwIGcYGqCB0,daily_vlog,none,none,unclear,none,mild,0.0,0,0,0.0,1.0
CXr11ZDyGLU,daily_vlog,mild,none,protagonist,none,moderate,1.0,0,1,0.0,2.0
SJmQrR1mD70,challenge,mild,none,co_star,none,moderate,1.0,0,0,0.0,2.0
ZFpfIaXmc6g,travel,none,none,unclear,none,mild,0.0,0,0,0.0,1.0
RRkRVKZg-r4,travel,none,none,unclear,none,mild,0.0,0,0,0.0,1.0
MeuslINUJmQ,travel,mild,none,unclear,none,moderate,1.0,0,0,0.0,2.0
IJEW-nOkb7c,travel,mild,none,unclear,none,moderate,1.0,0,0,0.0,2.0
kb_C6TfqdKE,unboxing,none,brand_mention,unclear,none,moderate,0.0,1,0,0.0,2.0
s_fNgDFI_Zo,daily_vlog,none,none,unclear,none,none,0.0,0,0,0.0,0.0
qEW-_dUfRXY,daily_vlog,none,none,unclear,none,none,0.0,0,0,0.0,0.0
-OPNanFd948,storytime,mild,none,protagonist,none,none,1.0,0,1,0.0,0.0
-za3tuFVA7g,daily_vlog,none,none,unclear,none,mild,0.0,0,0,0.0,1.0
d8pN3cXndkw,daily_vlog,none,none,unclear,none,none,0.0,0,0,0.0,0.0
z752vyuPVIM,daily_vlog,none,none,unclear,none,none,0.0,0,0,0.0,0.0
nPEXWiKvv-c,daily_vlog,none,none,co_star,none,none,0.0,0,0,0.0,0.0
Isl5XqjKK9U,storytime,moderate,none,unclear,none,mild,2.0,0,0,0.0,1.0
9SF0H1dDJps,travel,none,none,co_star,none,none,0.0,0,0,0.0,0.0
xB9HaWbZ-9o,daily_vlog,none,none,protagonist,low,mild,0.0,0,1,1.0,1.0
z2Fr0QZT1uM,daily_vlog,mild,none,protagonist,low,moderate,1.0,0,1,1.0,2.0
KOzkhVoDzx8,daily_vlog,mild,none,unclear,low,moderate,1.0,0,0,1.0,2.0
aOdBcPGOQrY,storytime,severe,none,unclear,high,severe,3.0,0,0,3.0,3.0
ikxpGDyN2j4,travel,none,none,protagonist,low,mild,0.0,0,1,1.0,1.0
UKzz53bMzK0,travel,none,none,unclear,low,mild,0.0,0,0,1.0,1.0
mqnwDDf1MgY,daily_vlog,none,none,protagonist,low,mild,0.0,0,1,1.0,1.0
Dq8r5Y12E4Q,daily_vlog,none,none,unclear,low,mild,0.0,0,0,1.0,1.0
wJ6AinYdkTE,travel,none,none,protagonist,low,mild,0.0,0,1,1.0,1.0
ZJ0JOBJPXTc,daily_vlog,none,none,unclear,low,moderate,0.0,0,0,1.0,2.0
9SfbEOAELTw,travel,none,none,unclear,none,none,0.0,0,0,0.0,0.0
F_bGA2yEtqA,travel,none,none,unclear,none,none,0.0,0,0,0.0,0.0
qpDRELt8o_k,storytime,moderate,none,unclear,high,moderate,2.0,0,0,3.0,2.0
tmkZrXTsdRQ,storytime,mild,none,protagonist,moderate,severe,1.0,0,1,2.0,3.0
_HMy-M1UaKE,other,none,none,co_star,none,mild,0.0,0,0,0.0,1.0
Bq8jV4libsM,daily_vlog,none,none,protagonist,none,none,0.0,0,1,0.0,0.0
OOPPD31t7lk,travel,none,none,unclear,none,none,0.0,0,0,0.0,0.0
Xtmu0iRdIJw,travel,none,none,unclear,none,none,0.0,0,0,0.0,0.0
WyIUPj4ZBKE,travel,none,none,unclear,none,none,0.0,0,0,0.0,0.0
PI7PRxmsapc,travel,none,none,unclear,none,none,0.0,0,0,0.0,0.0
ArnxbEmly7I,travel,none,none,protagonist,none,none,0.0,0,1,0.0,0.0
5kEQxYEO5fo,travel,none,none,protagonist,none,none,0.0,0,1,0.0,0.0
jwrOYZHFtL4,travel,none,none,unclear,none,none,0.0,0,0,0.0,0.0
tf1edF_KCgk,daily_vlog,none,none,protagonist,none,none,0.0,0,1,0.0,0.0
qz_VxbsdMa0,cooking,none,none,unclear,none,mild,0.0,0,0,0.0,1.0
6oFSjq8sdgc,daily_vlog,none,none,unclear,none,none,0.0,0,0,0.0,0.0
u-d37pk3dgY,daily_vlog,none,none,protagonist,none,none,0.0,0,1,0.0,0.0
r3zt7o8tQto,daily_vlog,none,none,unclear,none,none,0.0,0,0,0.0,0.0
gy4FaR9tvIk,daily_vlog,none,none,protagonist,none,none,0.0,0,1,0.0,0.0
7zMhMph6KRY,daily_vlog,none,none,unclear,none,none,0.0,0,0,0.0,0.0
kzS8zowqcOU,daily_vlog,none,none,unclear,none,none,0.0,0,0,0.0,0.0
oZJ5eAQr7EQ,daily_vlog,mild,none,protagonist,none,mild,1.0,0,1,0.0,1.0
9H2JOQ_btM4,daily_vlog,none,none,unclear,none,none,0.0,0,0,0.0,0.0
qbB3TrMjzuU,daily_vlog,none,none,unclear,none,mild,0.0,0,0,0.0,1.0
-qOigARs8qw,daily_vlog,none,none,unclear,none,none,0.0,0,0,0.0,0.0
uJva3QRvgww,daily_vlog,none,none,unclear,none,mild,0.0,0,0,0.0,1.0
VVFB8UkDOSM,daily_vlog,none,none,protagonist,none,mild,0.0,0,1,0.0,1.0
1IbGgFI0vKU,daily_vlog,none,none,unclear,none,mild,0.0,0,0,0.0,1.0
Fjo7GSoDK_E,daily_vlog,mild,none,unclear,none,mild,1.0,0,0,0.0,1.0
ChMUljqjGLg,daily_vlog,none,none,unclear,none,mild,0.0,0,0,0.0,1.0
AzL0hfM_q_I,daily_vlog,none,none,unclear,none,none,0.0,0,0,0.0,0.0
HQQieL8GYQY,travel,none,none,unclear,none,mild,0.0,0,0,0.0,1.0
3kemVIrUJcs,travel,none,none,unclear,none,mild,0.0,0,0,0.0,1.0
iOwd8Fz8UQM,travel,none,none,unclear,none,none,0.0,0,0,0.0,0.0
W2-GRvaPiiM,travel,none,none,unclear,none,none,0.0,0,0,0.0,0.0
vQUA4QHWgQA,travel,none,none,unclear,none,mild,0.0,0,0,0.0,1.0
gr2UsZj8KN8,travel,none,none,unclear,none,none,0.0,0,0,0.0,0.0
w3XS78iO2yw,travel,none,none,co_star,none,none,0.0,0,0,0.0,0.0
_seb6KT9AAk,daily_vlog,none,none,unclear,none,none,0.0,0,0,0.0,0.0
u2YaJ7zdFDw,daily_vlog,none,none,unclear,none,none,0.0,0,0,0.0,0.0
jRbhReB3DJg,daily_vlog,moderate,none,unclear,moderate,moderate,2.0,0,0,2.0,2.0
gAfghCLC2j8,daily_vlog,moderate,none,unclear,moderate,moderate,2.0,0,0,2.0,2.0
9OuK3FxGge8,daily_vlog,moderate,none,protagonist,moderate,moderate,2.0,0,1,2.0,2.0
pYkQxCf_2XQ,unboxing,none,none,unclear,none,moderate,0.0,0,0,0.0,2.0
hntpZCz81WI,daily_vlog,none,none,unclear,none,mild,0.0,0,0,0.0,1.0
2po8-wQN3Co,daily_vlog,none,none,protagonist,none,mild,0.0,0,1,0.0,1.0
_P9qUr0VemA,travel,none,brand_mention,none,none,none,0.0,1,0,0.0,0.0
qXVmhAXWDNc,travel,none,brand_mention,co_star,none,mild,0.0,1,0,0.0,1.0
6h-H88miMCU,travel,none,brand_mention,unclear,none,none,0.0,1,0,0.0,0.0
BHVxe0CsG0Q,travel,none,brand_mention,co_star,none,none,0.0,1,0,0.0,0.0
ABTIJRfl2eI,daily_vlog,mild,none,protagonist,low,none,1.0,0,1,1.0,0.0
6R0J-j_Ht4o,travel,none,none,protagonist,low,none,0.0,0,1,1.0,0.0
yTa_jB9JwYg,daily_vlog,mild,none,protagonist,low,none,1.0,0,1,1.0,0.0
QTmJDxix2uM,other,none,brand_mention,protagonist,low,none,0.0,1,1,1.0,0.0
dDxOzaoCEF4,other,none,none,unclear,none,moderate,0.0,0,0,0.0,2.0
COni5jaAI7o,challenge,none,none,unclear,low,none,0.0,0,0,1.0,0.0
b1Ta_dr32s0,challenge,none,none,unclear,low,none,0.0,0,0,1.0,0.0
nvCjj0SzkLM,challenge,none,none,unclear,low,none,0.0,0,0,1.0,0.0
lmLd3-FkJrY,challenge,none,none,unclear,low,none,0.0,0,0,1.0,0.0
TJDxXL5NFko,challenge,none,none,unclear,low,none,0.0,0,0,1.0,0.0
BaN5-T7tenU,challenge,none,none,unclear,low,mild,0.0,0,0,1.0,1.0
_E5mrX53ZNo,challenge,none,none,unclear,low,mild,0.0,0,0,1.0,1.0
9RRxTeftfwY,challenge,none,none,unclear,low,mild,0.0,0,0,1.0,1.0
lo9PTYlRrME,challenge,none,none,unclear,low,mild,0.0,0,0,1.0,1.0
5H1KPAns4M0,challenge,none,none,unclear,low,mild,0.0,0,0,1.0,1.0
qzJW8J5Xhv8,challenge,none,none,unclear,low,mild,0.0,0,0,1.0,1.0
yxlxMCF6luw,challenge,none,none,unclear,low,mild,0.0,0,0,1.0,1.0
wDZRCIHfHjc,challenge,none,none,unclear,low,mild,0.0,0,0,1.0,1.0
EQRfRcf1GIs,challenge,none,brand_mention,unclear,low,moderate,0.0,1,0,1.0,2.0
fns3nKn8rkA,challenge,none,none,unclear,low,mild,0.0,0,0,1.0,1.0
Vf4JhreiU-Y,prank,mild,none,unclear,low,moderate,1.0,0,0,1.0,2.0
-AEMpVVyIpM,challenge,none,none,unclear,low,mild,0.0,0,0,1.0,1.0
3Ts3VzW09Vs,challenge,none,none,unclear,low,mild,0.0,0,0,1.0,1.0
8exb5OhH5AY,challenge,none,none,unclear,low,mild,0.0,0,0,1.0,1.0
payHpwIu3aE,challenge,none,none,unclear,low,mild,0.0,0,0,1.0,1.0
cEoyTBUhC90,challenge,none,none,unclear,low,mild,0.0,0,0,1.0,1.0
KYuZb-B8rIQ,challenge,none,none,unclear,low,mild,0.0,0,0,1.0,1.0
cgrhdh-o2nk,challenge,none,none,unclear,low,mild,0.0,0,0,1.0,1.0
Vhbdtb_lgZg,challenge,none,none,unclear,low,moderate,0.0,0,0,1.0,2.0
pi4_pSdmQBg,challenge,none,none,unclear,low,moderate,0.0,0,0,1.0,2.0
Vi0jYDV6tZU,challenge,none,none,unclear,none,mild,0.0,0,0,0.0,1.0
p_zSUQIFDtM,challenge,none,none,unclear,none,mild,0.0,0,0,0.0,1.0
hQG3VCxOnSE,challenge,none,none,unclear,none,mild,0.0,0,0,0.0,1.0
cOG8WDY3Jyk,challenge,none,none,unclear,none,mild,0.0,0,0,0.0,1.0
q4GBk0kPdhQ,challenge,none,none,unclear,none,mild,0.0,0,0,0.0,1.0
70l9oazRNv4,challenge,none,none,unclear,none,mild,0.0,0,0,0.0,1.0
kFr-lH5eWeA,challenge,none,none,unclear,none,moderate,0.0,0,0,0.0,2.0
2oLvYqVeRjQ,other,none,none,unclear,none,mild,0.0,0,0,0.0,1.0
RH8LlcxO4Jw,other,none,none,unclear,none,mild,0.0,0,0,0.0,1.0
GP5RV4DB7vc,challenge,none,none,unclear,none,moderate,0.0,0,0,0.0,2.0
foq_E-cw-0s,challenge,none,none,unclear,none,mild,0.0,0,0,0.0,1.0
VrqTlVsR3O8,challenge,none,none,unclear,none,mild,0.0,0,0,0.0,1.0
AuVfG2y5vW8,challenge,none,brand_mention,unclear,none,moderate,0.0,1,0,0.0,2.0
Ap2LdDCYAtE,challenge,none,none,unclear,none,mild,0.0,0,0,0.0,1.0
_C7w4VL4_pQ,challenge,none,none,unclear,none,mild,0.0,0,0,0.0,1.0
D8fzBXXiSHU,challenge,none,none,unclear,none,mild,0.0,0,0,0.0,1.0
xRjX30YUeCs,challenge,none,none,unclear,none,mild,0.0,0,0,0.0,1.0
Ds_LCblNFYw,challenge,none,none,unclear,none,mild,0.0,0,0,0.0,1.0
jUoSOSzLWNQ,challenge,none,none,unclear,none,mild,0.0,0,0,0.0,1.0
x3I7gBE9w0Y,challenge,none,none,unclear,none,mild,0.0,0,0,0.0,1.0
sgORaJKFItA,other,none,brand_mention,unclear,none,mild,0.0,1,0,0.0,1.0
BS5k6vkoKvw,other,none,none,unclear,none,mild,0.0,0,0,0.0,1.0
5xzBBFn2fC4,challenge,none,none,unclear,none,mild,0.0,0,0,0.0,1.0
VHvOXTGkKEw,challenge,none,none,unclear,none,mild,0.0,0,0,0.0,1.0
rJ2fm59G6FA,challenge,none,none,unclear,none,mild,0.0,0,0,0.0,1.0
9UusDiQtV_A,challenge,none,none,unclear,none,mild,0.0,0,0,0.0,1.0
acYRcOg9fOg,challenge,none,none,unclear,none,mild,0.0,0,0,0.0,1.0
g6RxEToQgyk,challenge,none,none,unclear,none,mild,0.0,0,0,0.0,1.0
MUgwMBx4aPU,challenge,none,none,unclear,none,mild,0.0,0,0,0.0,1.0
7cOcREQF4a4,challenge,none,none,co_star,none,mild,0.0,0,0,0.0,1.0
5ciGGpT9rNc,challenge,none,none,unclear,none,mild,0.0,0,0,0.0,1.0
lrzTyjVm9so,challenge,none,none,unclear,none,mild,0.0,0,0,0.0,1.0
qEgrwSlIF8U,challenge,none,none,unclear,none,mild,0.0,0,0,0.0,1.0
WUNEq2Ra2bw,challenge,none,none,unclear,none,mild,0.0,0,0,0.0,1.0
cuH_HVHbJko,challenge,none,none,unclear,none,mild,0.0,0,0,0.0,1.0
A2PRh1zu-WU,challenge,none,none,protagonist,none,mild,0.0,0,1,0.0,1.0
zy0WnxItV3c,challenge,none,none,protagonist,none,mild,0.0,0,1,0.0,1.0
fyjliaq7HBU,challenge,none,none,unclear,none,mild,0.0,0,0,0.0,1.0
ziFZRYREg3g,challenge,none,none,unclear,none,mild,0.0,0,0,0.0,1.0
Ki6eqmf57eo,challenge,none,none,unclear,none,mild,0.0,0,0,0.0,1.0
Sj33vyf9pq0,challenge,none,none,unclear,none,mild,0.0,0,0,0.0,1.0
a-1nMj6jNGQ,challenge,none,none,unclear,none,mild,0.0,0,0,0.0,1.0
XAsB8CGL_o0,challenge,none,none,unclear,none,mild,0.0,0,0,0.0,1.0
uqh-TvZ-Nkw,challenge,none,none,unclear,none,mild,0.0,0,0,0.0,1.0
LMy5vTHepZc,challenge,none,none,unclear,none,mild,0.0,0,0,0.0,1.0
oMk3ibSXZl0,challenge,none,none,unclear,none,mild,0.0,0,0,0.0,1.0
5kuzFnOfJPo,challenge,none,none,unclear,none,mild,0.0,0,0,0.0,1.0
1Qr8gKVitog,challenge,none,none,unclear,none,mild,0.0,0,0,0.0,1.0
bA6QRDtm89s,challenge,none,none,unclear,none,mild,0.0,0,0,0.0,1.0
IclEAQnACHQ,challenge,none,none,unclear,none,mild,0.0,0,0,0.0,1.0
gtmz5UJR3wk,challenge,mild,none,co_star,low,mild,1.0,0,0,1.0,1.0
eB0RVryaOy4,challenge,mild,none,co_star,low,mild,1.0,0,0,1.0,1.0
2bM9eVTQbWs,challenge,mild,none,protagonist,low,mild,1.0,0,1,1.0,1.0
N0BTqCZSj4Y,challenge,mild,none,co_star,low,mild,1.0,0,0,1.0,1.0
UGRMJFB-WJE,challenge,mild,none,co_star,low,mild,1.0,0,0,1.0,1.0
iaE7z5wtcc4,challenge,mild,none,co_star,low,mild,1.0,0,0,1.0,1.0
OzQShzhWihg,challenge,mild,none,unclear,low,mild,1.0,0,0,1.0,1.0
6SHjnJPGM7I,challenge,mild,none,unclear,low,mild,1.0,0,0,1.0,1.0
ffBCiUn1ZPA,challenge,mild,none,unclear,low,mild,1.0,0,0,1.0,1.0
Y7df5OD-OZQ,unboxing,mild,none,unclear,low,mild,1.0,0,0,1.0,1.0
VaTGQfJ-Oio,challenge,mild,none,protagonist,low,moderate,1.0,0,1,1.0,2.0
nxhIz1svdZs,challenge,mild,none,protagonist,low,moderate,1.0,0,1,1.0,2.0
xP_KS74PaXE,challenge,mild,none,protagonist,low,moderate,1.0,0,1,1.0,2.0
VAuvwUz1RlQ,challenge,mild,none,protagonist,low,moderate,1.0,0,1,1.0,2.0
NP1TkKKKjsk,challenge,mild,none,protagonist,low,moderate,1.0,0,1,1.0,2.0
-EhqsXHnwHg,challenge,mild,none,protagonist,low,moderate,1.0,0,1,1.0,2.0
jsVU4rPmLRs,challenge,mild,none,protagonist,low,moderate,1.0,0,1,1.0,2.0
uOYmkyNhJo0,challenge,mild,none,protagonist,low,moderate,1.0,0,1,1.0,2.0
wqR8xRAROfg,challenge,mild,none,protagonist,low,moderate,1.0,0,1,1.0,2.0
i2kwvgVij8Y,challenge,mild,none,protagonist,low,moderate,1.0,0,1,1.0,2.0
08xsMU1LcqY,other,none,none,unclear,none,moderate,0.0,0,0,0.0,2.0
zO3nIIbO1nI,other,none,none,unclear,none,moderate,0.0,0,0,0.0,2.0
42uIelukEog,challenge,none,none,unclear,none,moderate,0.0,0,0,0.0,2.0
XpWVXIHdjeY,other,none,none,unclear,none,moderate,0.0,0,0,0.0,2.0
HJiUzGX58N8,other,none,none,unclear,none,moderate,0.0,0,0,0.0,2.0
a_0qGPc4PHk,other,none,none,unclear,none,moderate,0.0,0,0,0.0,2.0
Lf22Z3OoCDE,other,none,none,unclear,none,moderate,0.0,0,0,0.0,2.0
EKNHMhbZQsU,routine,none,none,unclear,none,none,0.0,0,0,0.0,0.0
NX5dc4SEaAI,storytime,mild,none,unclear,none,moderate,1.0,0,0,0.0,2.0
URPnzeD8BFk,daily_vlog,none,none,unclear,none,none,0.0,0,0,0.0,0.0
nOLN1fyRIXk,daily_vlog,none,none,co_star,low,none,0.0,0,0,1.0,0.0
yKQLjF9aPQ0,daily_vlog,none,none,unclear,low,none,0.0,0,0,1.0,0.0
W72PtWxS5Tg,daily_vlog,none,none,protagonist,low,mild,0.0,0,1,1.0,1.0
AbbOSU3mSFw,daily_vlog,none,none,protagonist,low,none,0.0,0,1,1.0,0.0
tuOkgkzFgW8,cooking,none,none,unclear,none,none,0.0,0,0,0.0,0.0
sriZMZWZiQQ,cooking,none,none,unclear,none,none,0.0,0,0,0.0,0.0
8iJpiyQxvMk,cooking,none,none,unclear,none,none,0.0,0,0,0.0,0.0
Kj-6yS4rS9I,daily_vlog,none,none,unclear,low,none,0.0,0,0,1.0,0.0
HlnNFXFwmHs,travel,none,none,unclear,low,none,0.0,0,0,1.0,0.0
w-WlCCBeQEU,daily_vlog,none,none,unclear,low,none,0.0,0,0,1.0,0.0
trOsr0TVhsc,cooking,none,none,unclear,none,mild,0.0,0,0,0.0,1.0
Ns-mDPPfK74,cooking,none,none,unclear,none,none,0.0,0,0,0.0,0.0
R16RJUEjQ_I,cooking,mild,none,co_star,low,mild,1.0,0,0,1.0,1.0
TjUvGi9AKBM,storytime,none,none,unclear,low,mild,0.0,0,0,1.0,1.0
84-3S8yWZv4,storytime,mild,none,co_star,low,mild,1.0,0,0,1.0,1.0
SCUtCZdwwcs,cooking,none,none,unclear,none,none,0.0,0,0,0.0,0.0
p0g7evskXX8,cooking,none,none,unclear,none,mild,0.0,0,0,0.0,1.0
hCglyEYhxWQ,cooking,none,none,unclear,none,none,0.0,0,0,0.0,0.0
kEliepHQPnI,daily_vlog,none,none,unclear,low,mild,0.0,0,0,1.0,1.0
tE8Trrw2lSY,daily_vlog,none,none,unclear,low,none,0.0,0,0,1.0,0.0
7UARTAL5dWY,cooking,none,none,unclear,none,none,0.0,0,0,0.0,0.0
xQ2Lq1W_3rM,cooking,none,none,unclear,none,mild,0.0,0,0,0.0,1.0
GBb4ehb3m1g,daily_vlog,none,none,unclear,none,none,0.0,0,0,0.0,0.0
_Rf-LY_JgMg,daily_vlog,none,none,unclear,none,none,0.0,0,0,0.0,0.0
xnuxKiUSV0Y,daily_vlog,none,none,unclear,none,none,0.0,0,0,0.0,0.0
SymINxzNyk0,challenge,none,none,unclear,none,moderate,0.0,0,0,0.0,2.0
vwGY8nM_sEM,daily_vlog,none,none,unclear,none,none,0.0,0,0,0.0,0.0
253_sZL3Q7w,cooking,none,none,unclear,none,mild,0.0,0,0,0.0,1.0
N2PA7jBwoVA,daily_vlog,none,none,unclear,none,none,0.0,0,0,0.0,0.0
_ZkPkrx2czU,cooking,none,none,unclear,none,mild,0.0,0,0,0.0,1.0
gHZkVoQ8ZBs,daily_vlog,none,none,unclear,none,none,0.0,0,0,0.0,0.0
KAdWlCt1iPE,storytime,moderate,none,unclear,low,mild,2.0,0,0,1.0,1.0
8fnsQeinYnI,storytime,moderate,none,unclear,low,mild,2.0,0,0,1.0,1.0
ozsg0it_qPs,storytime,severe,none,unclear,moderate,moderate,3.0,0,0,2.0,2.0
3uBhPL7QAGA,storytime,severe,none,unclear,moderate,moderate,3.0,0,0,2.0,2.0
4CkRkIRYDqg,cooking,none,none,unclear,none,none,0.0,0,0,0.0,0.0
IqMrakpUvBo,daily_vlog,none,none,unclear,none,none,0.0,0,0,0.0,0.0
Mba9HG5zP8I,daily_vlog,none,none,protagonist,low,none,0.0,0,1,1.0,0.0
ddo4MaMKtzE,daily_vlog,none,none,unclear,none,none,0.0,0,0,0.0,0.0
Jf1lggSQUuw,cooking,none,none,unclear,none,none,0.0,0,0,0.0,0.0
Vggn_gD4EkQ,cooking,none,none,unclear,none,none,0.0,0,0,0.0,0.0
yk1Qdh8LgqM,cooking,none,none,unclear,none,none,0.0,0,0,0.0,0.0
srS63cNuduk,routine,none,none,cameo,low,none,0.0,0,0,1.0,0.0
SgJ3nU_QXMo,cooking,none,none,unclear,none,none,0.0,0,0,0.0,0.0
HQ8hRpGgSgw,cooking,none,none,unclear,none,none,0.0,0,0,0.0,0.0
3BQXmUmSWfc,cooking,none,none,unclear,none,none,0.0,0,0,0.0,0.0
iBlBPfKMFtw,cooking,none,brand_mention,unclear,none,none,0.0,1,0,0.0,0.0
pdWAU55xnpA,routine,none,none,cameo,low,none,0.0,0,0,1.0,0.0
pmsDckQHgqc,challenge,mild,none,protagonist,low,moderate,1.0,0,1,1.0,2.0
KcmdVw6_hF8,storytime,mild,none,protagonist,low,severe,1.0,0,1,1.0,3.0
-v_QM5xCqok,daily_vlog,none,brand_mention,protagonist,none,mild,0.0,1,1,0.0,1.0
wMQUmFOj4GU,storytime,none,none,protagonist,none,none,0.0,0,1,0.0,0.0
2HACr_4jxnw,challenge,none,none,protagonist,none,moderate,0.0,0,1,0.0,2.0
lan7SImM3dg,challenge,none,none,protagonist,none,moderate,0.0,0,1,0.0,2.0
HGoxW4J07aA,daily_vlog,none,none,protagonist,none,none,0.0,0,1,0.0,0.0
MI6klpH7lnk,prank,none,none,co_star,none,mild,0.0,0,0,0.0,1.0
7tp1bTB-DZw,challenge,none,none,protagonist,none,moderate,0.0,0,1,0.0,2.0
_pdNo08jEKc,challenge,none,none,co_star,none,moderate,0.0,0,0,0.0,2.0
6l5j1LoUGSs,storytime,none,none,protagonist,none,mild,0.0,0,1,0.0,1.0
1rb562ygAFQ,daily_vlog,none,brand_mention,protagonist,none,none,0.0,1,1,0.0,0.0
HJ1VbPn3_fI,prank,mild,none,protagonist,low,mild,1.0,0,1,1.0,1.0
xLPCa3vMGaw,other,mild,none,protagonist,low,mild,1.0,0,1,1.0,1.0
bS0HTbiwWLQ,challenge,moderate,none,unclear,low,severe,2.0,0,0,1.0,3.0
rjldV3QWrlo,storytime,mild,none,unclear,low,moderate,1.0,0,0,1.0,2.0
daL2STCfFHw,gaming,none,none,unclear,none,none,0.0,0,0,0.0,0.0
qEndNN0_I4Y,gaming,moderate,none,unclear,none,moderate,2.0,0,0,0.0,2.0
jysWgdRvrAI,storytime,moderate,none,unclear,low,moderate,2.0,0,0,1.0,2.0
XtEnNn0_O9U,challenge,mild,none,unclear,low,mild,1.0,0,0,1.0,1.0
GfRLww1X1l4,other,mild,brand_mention,unclear,low,mild,1.0,1,0,1.0,1.0
aY7WnM_jePY,educational,none,none,unclear,low,mild,0.0,0,0,1.0,1.0
cP275sCwjAQ,challenge,none,none,protagonist,low,mild,0.0,0,1,1.0,1.0
0Qr80yhfX9A,challenge,none,none,protagonist,low,mild,0.0,0,1,1.0,1.0
x7L8vu8RJek,challenge,none,none,protagonist,low,mild,0.0,0,1,1.0,1.0
u6SDSDpT6sM,educational,none,none,protagonist,none,mild,0.0,0,1,0.0,1.0
9wQIB4nt-M8,storytime,none,none,protagonist,low,moderate,0.0,0,1,1.0,2.0
5p26J8CN8W8,travel,none,brand_mention,protagonist,low,mild,0.0,1,1,1.0,1.0
t3W18D6GNqc,challenge,none,none,protagonist,low,mild,0.0,0,1,1.0,1.0
ulCDE5xkGKc,unboxing,none,brand_mention,protagonist,low,mild,0.0,1,1,1.0,1.0
DYCtpn0vos4,unboxing,none,brand_mention,protagonist,low,mild,0.0,1,1,1.0,1.0
UHQKgE8xEBM,gaming,none,brand_mention,protagonist,low,mild,0.0,1,1,1.0,1.0
XMFEJsmsBVo,gaming,none,none,protagonist,low,none,0.0,0,1,1.0,0.0
19Z3jYpHRxs,other,mild,none,protagonist,low,moderate,1.0,0,1,1.0,2.0
YngUk5HSGzM,routine,none,none,protagonist,low,none,0.0,0,1,1.0,0.0
jKIUhc_cy1Y,gaming,mild,none,protagonist,low,moderate,1.0,0,1,1.0,2.0
4rSLPbfvm7M,challenge,mild,none,protagonist,low,moderate,1.0,0,1,1.0,2.0
AO4yEYuTvzw,toy_review,none,none,protagonist,low,none,0.0,0,1,1.0,0.0
74XpGXGqQbQ,storytime,none,none,unclear,none,none,0.0,0,0,0.0,0.0
6IfL2KiaTLM,challenge,mild,none,protagonist,low,moderate,1.0,0,1,1.0,2.0
-17EKIvWY04,daily_vlog,none,none,protagonist,low,none,0.0,0,1,1.0,0.0
Q6kVPDD6cog,toy_review,none,none,protagonist,low,none,0.0,0,1,1.0,0.0
dYCXc0NQKrg,challenge,moderate,none,protagonist,low,moderate,2.0,0,1,1.0,2.0
tna9XaZP-MY,educational,mild,none,protagonist,none,mild,1.0,0,1,0.0,1.0
sBuh8ny3fV4,educational,mild,none,protagonist,none,moderate,1.0,0,1,0.0,2.0
viurF6fz9Xg,challenge,mild,none,protagonist,low,moderate,1.0,0,1,1.0,2.0
HAXnwTJQ1C0,challenge,mild,none,protagonist,none,mild,1.0,0,1,0.0,1.0
W4CKckBJb-M,daily_vlog,mild,none,protagonist,low,moderate,1.0,0,1,1.0,2.0
zAq_4sOOVcU,challenge,mild,none,protagonist,none,mild,1.0,0,1,0.0,1.0
5b4ryBiWjXs,challenge,moderate,none,protagonist,low,moderate,2.0,0,1,1.0,2.0
LuiAtCo7JXo,other,none,brand_mention,co_star,none,none,0.0,1,0,0.0,0.0
vlvMrfUuxOo,unboxing,mild,brand_mention,protagonist,none,none,1.0,1,1,0.0,0.0
WJDlNBkDpOM,cooking,none,none,protagonist,none,none,0.0,0,1,0.0,0.0
evx4oumzoFo,educational,none,none,protagonist,none,none,0.0,0,1,0.0,0.0
qMkhRHNyByo,educational,none,none,protagonist,none,none,0.0,0,1,0.0,0.0
IPPMUUNe-Bs,educational,none,none,protagonist,none,none,0.0,0,1,0.0,0.0
5pv7bGfKhf0,daily_vlog,none,none,protagonist,none,none,0.0,0,1,0.0,0.0
m-x-MnL4e1s,music_dance,none,none,protagonist,none,none,0.0,0,1,0.0,0.0
28hxtdax69o,educational,none,none,protagonist,none,none,0.0,0,1,0.0,0.0
uz022saE0mY,cooking,none,none,protagonist,none,none,0.0,0,1,0.0,0.0
OUOmMSw-Fag,educational,none,brand_mention,protagonist,none,none,0.0,1,1,0.0,0.0
JlxzgM9SKgY,storytime,none,none,protagonist,none,none,0.0,0,1,0.0,0.0
xEqDOXymjZ4,music_dance,none,none,protagonist,none,none,0.0,0,1,0.0,0.0
kE3e5qTAiTY,cooking,none,none,protagonist,none,none,0.0,0,1,0.0,0.0
TIhJMaBfOik,challenge,none,none,protagonist,none,none,0.0,0,1,0.0,0.0
sE6pvYcpUhk,daily_vlog,none,none,protagonist,none,none,0.0,0,1,0.0,0.0
KoKwAvymrk8,educational,none,none,protagonist,none,none,0.0,0,1,0.0,0.0
NXhpDEhOuCI,storytime,none,none,protagonist,none,none,0.0,0,1,0.0,0.0
jTqRevnLY0A,educational,none,none,protagonist,none,none,0.0,0,1,0.0,0.0
cqOEZAnpZCU,music_dance,none,none,protagonist,none,none,0.0,0,1,0.0,0.0
23YGjzPUloo,educational,none,none,protagonist,none,none,0.0,0,1,0.0,0.0
I4AsiP04kuA,challenge,none,none,protagonist,none,none,0.0,0,1,0.0,0.0
SaxoN7HBTXY,educational,none,none,protagonist,low,none,0.0,0,1,1.0,0.0
XYZP0DtUSXA,challenge,none,none,protagonist,low,mild,0.0,0,1,1.0,1.0
dZKOc_I1r48,educational,none,none,protagonist,low,none,0.0,0,1,1.0,0.0
-ja-gY5xo9g,challenge,none,none,protagonist,low,mild,0.0,0,1,1.0,1.0
wKTC45A-D-U,storytime,none,none,protagonist,low,none,0.0,0,1,1.0,0.0
o_ob0aPS7-Q,storytime,none,none,protagonist,low,mild,0.0,0,1,1.0,1.0
JFpJ9u-LNI4,storytime,none,none,protagonist,low,mild,0.0,0,1,1.0,1.0
smer0I8ib3Y,travel,none,none,protagonist,low,none,0.0,0,1,1.0,0.0
kWfXdWg29tY,daily_vlog,none,none,protagonist,low,none,0.0,0,1,1.0,0.0
Yppgtexgnrc,storytime,none,none,protagonist,low,none,0.0,0,1,1.0,0.0
BflYVPHQuTc,challenge,none,none,protagonist,low,mild,0.0,0,1,1.0,1.0
G0uL8ViB4X8,storytime,none,none,protagonist,low,mild,0.0,0,1,1.0,1.0
N22gmDhQ7LE,storytime,mild,none,protagonist,low,moderate,1.0,0,1,1.0,2.0
3sujWWE-G_E,educational,none,none,protagonist,low,none,0.0,0,1,1.0,0.0
pX64se-0ROM,challenge,none,none,protagonist,low,mild,0.0,0,1,1.0,1.0
qiiZqObnV70,educational,none,none,protagonist,low,none,0.0,0,1,1.0,0.0
8CrNqS7_FNM,toy_review,mild,none,protagonist,low,moderate,1.0,0,1,1.0,2.0
JZs8jR9UK58,storytime,none,none,protagonist,low,mild,0.0,0,1,1.0,1.0
UDK-OT170wQ,educational,none,none,protagonist,low,none,0.0,0,1,1.0,0.0
RqCRgfPJdzw,storytime,mild,none,protagonist,low,moderate,1.0,0,1,1.0,2.0
euCB8qU4Y0I,music_dance,none,none,protagonist,none,none,0.0,0,1,0.0,0.0
kx8-1ZwGy9k,educational,none,none,protagonist,none,none,0.0,0,1,0.0,0.0
noD9yv9Nwz4,storytime,none,none,protagonist,none,none,0.0,0,1,0.0,0.0
GaNNaoJvB78,other,none,none,protagonist,none,mild,0.0,0,1,0.0,1.0
3482CP2zGWo,challenge,none,none,protagonist,none,none,0.0,0,1,0.0,0.0
R6O4JMjEiyQ,storytime,none,none,protagonist,none,none,0.0,0,1,0.0,0.0
R0clRNh9dMQ,daily_vlog,none,none,protagonist,none,none,0.0,0,1,0.0,0.0
ZVfu7FcbKfU,challenge,none,none,protagonist,none,none,0.0,0,1,0.0,0.0
vKU6RO2UUHw,routine,none,none,protagonist,none,none,0.0,0,1,0.0,0.0
droT2DV2KiI,storytime,none,none,protagonist,none,none,0.0,0,1,0.0,0.0
IBjrKi3qjac,cooking,none,none,unclear,none,none,0.0,0,0,0.0,0.0
VxMysuk_MLs,cooking,none,none,unclear,none,none,0.0,0,0,0.0,0.0
axHot1FvcYc,other,mild,none,protagonist,low,mild,1.0,0,1,1.0,1.0
75VHfV3Y8Bk,other,moderate,none,unclear,low,mild,2.0,0,0,1.0,1.0
8LWobFWuGbc,storytime,none,none,protagonist,low,none,0.0,0,1,1.0,0.0
KZg088RWqSY,daily_vlog,none,none,unclear,low,none,0.0,0,0,1.0,0.0
Zp9YxoqSZ1s,daily_vlog,mild,none,protagonist,low,moderate,1.0,0,1,1.0,2.0
YMcU2Mu2AMo,prank,mild,none,protagonist,low,moderate,1.0,0,1,1.0,2.0
mfKNyifHG2w,storytime,moderate,none,protagonist,moderate,moderate,2.0,0,1,2.0,2.0
b8MeqeCs2o8,daily_vlog,mild,none,unclear,low,mild,1.0,0,0,1.0,1.0
nEpZHuVY480,travel,none,none,unclear,low,none,0.0,0,0,1.0,0.0
ro7RGZG_JBQ,storytime,none,brand_mention,unclear,low,none,0.0,1,0,1.0,0.0
yzk8TO6xNnc,travel,mild,none,unclear,low,moderate,1.0,0,0,1.0,2.0
XGZ0RaxsMiU,other,mild,none,protagonist,low,moderate,1.0,0,1,1.0,2.0
ObfP4lefNIw,travel,mild,none,unclear,low,mild,1.0,0,0,1.0,1.0
fnr-n6TOdws,daily_vlog,mild,none,protagonist,moderate,mild,1.0,0,1,2.0,1.0
Vm9CXBp7FEU,daily_vlog,moderate,none,protagonist,moderate,mild,2.0,0,1,2.0,1.0
Pu91nM1OSzI,storytime,mild,none,unclear,low,moderate,1.0,0,0,1.0,2.0
BDyKAgGGFJk,daily_vlog,moderate,none,protagonist,moderate,mild,2.0,0,1,2.0,1.0
zEBtIvhy9BU,daily_vlog,moderate,none,protagonist,moderate,mild,2.0,0,1,2.0,1.0
DLiYmmjJ_Xk,travel,mild,none,protagonist,moderate,mild,1.0,0,1,2.0,1.0
tSFr1psC328,travel,mild,none,co_star,low,mild,1.0,0,0,1.0,1.0
JXuJqd-Gfis,travel,moderate,none,protagonist,moderate,moderate,2.0,0,1,2.0,2.0
bh_6FqKQh5g,prank,mild,none,unclear,low,mild,1.0,0,0,1.0,1.0
fNtr7PvExhg,reaction,mild,none,protagonist,moderate,mild,1.0,0,1,2.0,1.0
meJVCqsgPsI,other,none,none,unclear,none,mild,0.0,0,0,0.0,1.0
SOL9cQT5oOw,routine,none,none,unclear,low,mild,0.0,0,0,1.0,1.0
8rSYY9Du1Zo,other,none,none,co_star,low,mild,0.0,0,0,1.0,1.0
bfPdWB5Y0LI,other,none,none,unclear,low,mild,0.0,0,0,1.0,1.0
af4Yxh_rzVI,other,none,none,unclear,low,mild,0.0,0,0,1.0,1.0
AdKIMBoqlPo,daily_vlog,mild,none,protagonist,moderate,moderate,1.0,0,1,2.0,2.0
ircQHUTdSzk,daily_vlog,mild,none,unclear,low,moderate,1.0,0,0,1.0,2.0
Knddykb1OfI,storytime,moderate,none,protagonist,moderate,severe,2.0,0,1,2.0,3.0
xs7yuf9cwuk,routine,none,none,co_star,low,mild,0.0,0,0,1.0,1.0
1Bi8Y1Yf_Nk,challenge,moderate,none,protagonist,moderate,moderate,2.0,0,1,2.0,2.0
R823UJDd8iQ,daily_vlog,none,none,protagonist,low,mild,0.0,0,1,1.0,1.0
eCrBFfg_pdQ,storytime,mild,none,unclear,low,moderate,1.0,0,0,1.0,2.0
cIfWWC3xi7c,music_dance,none,none,protagonist,low,mild,0.0,0,1,1.0,1.0
na2PilEm1kk,daily_vlog,mild,none,unclear,low,moderate,1.0,0,0,1.0,2.0
sQEWdkk7yJ8,daily_vlog,none,none,cameo,low,mild,0.0,0,0,1.0,1.0
YK27I_pR5zY,daily_vlog,mild,none,co_star,low,moderate,1.0,0,0,1.0,2.0
YCWX_iqXzJY,daily_vlog,severe,none,co_star,moderate,severe,3.0,0,0,2.0,3.0
vY2uokRzKuI,daily_vlog,none,none,co_star,low,mild,0.0,0,0,1.0,1.0
Y4yorAD3PcI,daily_vlog,mild,none,protagonist,low,mild,1.0,0,1,1.0,1.0
a7ZZI21yIp8,daily_vlog,mild,none,co_star,low,moderate,1.0,0,0,1.0,2.0
26bpMYeBSr4,daily_vlog,moderate,none,protagonist,moderate,severe,2.0,0,1,2.0,3.0
z8gEbnULzFU,daily_vlog,none,none,protagonist,low,mild,0.0,0,1,1.0,1.0
twsB8qvyLT8,daily_vlog,mild,none,co_star,low,moderate,1.0,0,0,1.0,2.0
wUkh28GNHpk,daily_vlog,moderate,none,protagonist,high,severe,2.0,0,1,3.0,3.0
z7ZEI6w1oSY,daily_vlog,mild,none,protagonist,low,moderate,1.0,0,1,1.0,2.0
-NSHVWKCA14,Entertainment,,,Actors,,Low,0.0,0,0,0.0,1.0
uyoTgl3rE70,Entertainment,,,Actors,,Low,0.0,0,0,0.0,1.0
Yk5E2mdhQnw,Entertainment,,,Actors,,Low,0.0,0,0,0.0,1.0
WFxkp_mbY0Q,Entertainment,,,Actors,,Low,0.0,0,0,0.0,1.0
XR7qNmEpfNE,Entertainment,,,Actors,,Low,0.0,0,0,0.0,1.0
Z6taVgXbDgo,Entertainment,,,Actors,,Low,0.0,0,0,0.0,1.0
VJ5qwaSFToI,Entertainment,,,Actors,,Low,0.0,0,0,0.0,1.0
h7F6faWzWlA,Entertainment,,,Actors,,Low,0.0,0,0,0.0,1.0
FymNzqBUAp0,Entertainment,Emotional,,Actors,,Medium,0.0,0,0,0.0,2.0
3GzpVPtZy8g,Entertainment,Emotional,,Actors,,Medium,0.0,0,0,0.0,2.0
x3qs7ai3V50,Entertainment,Humor,,,,Low,0.0,0,0,0.0,1.0
Ql3mXfEf51g,Entertainment,Humor,,,,Medium,0.0,0,0,0.0,2.0
FtkdILT8VUs,Entertainment,Humor,,,,Low,0.0,0,0,0.0,1.0
1vl2FdfL75U,Entertainment,"Humor, Empathy",,,,Medium,0.0,0,0,0.0,2.0
95bb_lxPEfE,Entertainment,,,,,Low,0.0,0,0,0.0,1.0
oOzZpYABABI,Entertainment,Empathy,,,,Medium,0.0,0,0,0.0,2.0
kyCfJ6VY46E,Entertainment,Humor,,,,Low,0.0,0,0,0.0,1.0
UzEbEJ91w7I,Entertainment,"Humor, Curiosity",,,,Medium,0.0,0,0,0.0,2.0
ZicZCHHn6Ow,Entertainment,Humor,,,,Low,0.0,0,0,0.0,1.0
BisXuFVf7Xc,Entertainment,Humor,,,,Low,0.0,0,0,0.0,1.0
Q8kkEaxAsMQ,Entertainment,,,,,Low,0.0,0,0,0.0,1.0
qKuijwZ_1iE,Entertainment,,,,,Medium,0.0,0,0,0.0,2.0
JfVdUJK5wo0,Prank,,,,Possible (strangers being pranked),Medium,0.0,0,0,0.0,2.0
sHe6gG40ta8,Prank,,,,Possible (strangers being pranked),Medium,0.0,0,0,0.0,2.0
1QbYhMkiU5A,Entertainment,,,,,Low,0.0,0,0,0.0,1.0
oMQLQ0bu2ZA,Entertainment,,,,,Low,0.0,0,0,0.0,1.0
D2Wev9djd3E,Prank,,,,,Medium,0.0,0,0,0.0,2.0
JMpVhDb3_h0,Prank,,,,Possible (strangers being pranked),Medium,0.0,0,0,0.0,2.0
Su-0fqUJuJM,Prank,,,,,Low,0.0,0,0,0.0,1.0
G-taiegyRhg,Prank/Social Experiment,,,,Possible (strangers being approached),Medium,0.0,0,0,0.0,2.0
mjFHOReLaO0,Entertainment,,,Featured,,Low,0.0,0,1,0.0,1.0
PyAuZ71D-2Y,Entertainment,,,,Minor,Low,0.0,0,0,0.0,1.0
VxeMpUwINRc,Entertainment,,,Featured,,Low,0.0,0,1,0.0,1.0
iS2gPuuXEIU,Personal Story,Moderate,,Mentioned,Significant,Low,0.0,0,0,0.0,1.0
Pp-A6Wj8X2w,Entertainment,,,,,Moderate,0.0,0,0,0.0,0.0
5ok6V5zX7Ok,Entertainment,,,Featured,,Low,0.0,0,1,0.0,1.0
yy_ukcYxRYY,Entertainment,,,,,Low,0.0,0,0,0.0,1.0
f8vsdAJSzwE,Entertainment,,,,,Low,0.0,0,0,0.0,1.0
OQUd0FwyBbs,Educational,,,,,Low,0.0,0,0,0.0,1.0
Ge-LcISBoug,Personal Story,Moderate,,Mentioned,Significant,Low,0.0,0,0,0.0,1.0
WRmxMnYaz6I,Lifestyle/Food Challenge,,,,,Low,0.0,0,0,0.0,1.0
rEEAVbBV1Ac,Relationship/Storytime,,,,,Low,0.0,0,0,0.0,1.0
Z4ELNL9HclQ,Cooking Challenge/Entertainment,,,,,Low,0.0,0,0,0.0,1.0
5NW38KSG48c,Lifestyle/Food Challenge,,,,,Low,0.0,0,0,0.0,1.0
hXTt3v26C1A,Compilation/Entertainment,,,"Implied (Brooklyn and Bailey are known creators, likely targeting a general audience)",,Low,0.0,0,0,0.0,1.0
RQxnd-0gWrI,Educational/Advice,,,,,Medium,0.0,0,0,0.0,2.0
cPRKQAJtwlU,Challenge/Vlog,,,,,Low,0.0,0,0,0.0,1.0
fuaYuVRHw2Q,Vlog/Recap,,,,,Low,0.0,0,0,0.0,1.0
0-bXmGemoV4,Haul/Vlog,,Potential (displaying products),"Implied (Brooklyn and Bailey are known creators, likely targeting a general audience)",,Low,0.0,0,0,0.0,1.0
q48wXJQRtoA,Gift Exchange/Vlog,,Potential (displaying products),,,Low,0.0,0,0,0.0,1.0
VJPDTVNsdj4,Challenge,Low,,Central,,Low,1.0,0,1,0.0,1.0
qh4ukdBWx9U,Challenge; Cooking,Low,,Central,,Low,1.0,0,1,0.0,1.0
vEmqF3r5khc,Challenge,Low,,Central,,Low,1.0,0,1,0.0,1.0
vG4bSGKv_eU,Challenge; Holiday,Low,,Central,,Low,1.0,0,1,0.0,1.0
NoicMWOvLAQ,Vlog; Parenting,Low,,Central,,Low,1.0,0,1,0.0,1.0
vrXXTngZ9JE,Behind the Scenes; Entertainment,Low,,,,Low,1.0,0,0,0.0,1.0
lC7nnA-TydI,Challenge; Cooking; Holiday,Low,,Central,,Low,1.0,0,1,0.0,1.0
rVchPahiiyk,Haul; Parenting,Low,,Central,,Medium,1.0,0,1,0.0,2.0
4kA6OrRv0rY,Review; Travel,Low,,,,Medium,1.0,0,0,0.0,2.0
gAt1-4pZRVQ,Reaction; Personal Story,Medium,,,,Medium,2.0,0,0,0.0,2.0
73VK7A_35OQ,Entertainment,Low,,Not Applicable,,Low,1.0,0,0,0.0,1.0
_KdGXCBqXeQ,Beauty/Comedy,Low,,Not Applicable,,Medium,1.0,0,0,0.0,2.0
MTZNTjH-vmw,Challenge/Entertainment,Low,,Not Applicable,,Medium,1.0,0,0,0.0,2.0
wkCotPG-WrM,Challenge/Cooking,Low,,Not Applicable,,Low,1.0,0,0,0.0,1.0
e0CXlnV2GUw,Educational/Life Hacks,Low,,Not Applicable,,Medium,1.0,0,0,0.0,2.0
6EaxkZj3AXs,Vlog/Comedy,Low,,Not Applicable,,Low,1.0,0,0,0.0,1.0
zU0E59M4ynk,Vlog/Comedy,Low,,Not Applicable,,Medium,1.0,0,0,0.0,2.0
tGi9NvRl9tw,Q&A/Couples Vlog,Low,,Not Applicable,,Low,1.0,0,0,0.0,1.0
iprVcGyrjSQ,Challenge/Couples Vlog,Low,,Not Applicable,,Medium,1.0,0,0,0.0,2.0
M0xO35NjMVE,Vlog/Comedy,Low,,Not Applicable,,Medium,1.0,0,0,0.0,2.0
iGZ80o95UfA,Entertainment,Low,,Not applicable,,Low,1.0,0,0,0.0,1.0
QRQiNKi7zo8,Entertainment,Low,,Not applicable,,Medium,1.0,0,0,0.0,2.0
MC8eIbfwzcQ,Entertainment,Low,,Not applicable,,Low,1.0,0,0,0.0,1.0
VgnCzyYHFEE,Entertainment,Low,,Not applicable,,Low,1.0,0,0,0.0,1.0
tZjJGz5J_Lw,Vlog,Low,Product/Service Promotion,Not applicable,,Low,1.0,0,0,0.0,1.0
VuE7SAh1Fgw,Informational,Low,,Implied presence,,Low,1.0,0,0,0.0,1.0
-NatrYPLUIo,Vlog,Low,,Not applicable,,Low,1.0,0,0,0.0,1.0
Xdd-X8K7JvQ,Haul,Low,Product/Service Promotion,Not applicable,,Low,1.0,0,0,0.0,1.0
BOhoxvVnBPQ,Travel Vlog,Low,Product/Service Promotion,Not applicable,,Low,1.0,0,0,0.0,1.0
Uaa69DstDv0,Entertainment,Low,,Not applicable,,Low,1.0,0,0,0.0,1.0
t4JE8NivDBs,Vlog,Low,,,Low,Low,1.0,0,0,1.0,1.0
slMZxGvvW6k,Family Vlog,Medium,,Featured,Medium,Medium,2.0,0,1,2.0,2.0
arFfWwpxxak,Vlog,Medium,,,Low,Medium,2.0,0,0,1.0,2.0
bdyqE7kGDkU,Vlog,Low,,,Medium,Low,1.0,0,0,2.0,1.0
8VZSBwjHtTA,Family Vlog,High,,Featured,Medium,High,3.0,0,1,2.0,3.0
kjoE7sZSXrg,Family Vlog,Medium,,Featured,Medium,Medium,2.0,0,1,2.0,2.0
CX98KVoksBU,Family Vlog,Medium,,Implied,Medium,High,2.0,0,0,2.0,3.0
DY5_dV19DIw,Family Vlog,Medium,,,Medium,High,2.0,0,0,2.0,3.0
TMohJDNGkEY,Family Vlog,High,,,Medium,Medium,3.0,0,0,2.0,2.0
s4J2D9SUyg8,Family Vlog,Medium,,Featured,Medium,High,2.0,0,1,2.0,3.0
t3xiyg665qU,Vlog/Personal Story,High,,Central,Medium,High,3.0,0,1,2.0,3.0
c0DhyyA5vX0,Routine/Lifestyle,Medium,,Central,Medium,Medium,2.0,0,1,2.0,2.0
1Gtq18Lwg30,Routine/Lifestyle,Medium,,Central,Medium,Medium,2.0,0,1,2.0,2.0
gVKuqctGYcc,Vlog/Home Decor,Medium,,Central,Medium,Medium,2.0,0,1,2.0,2.0
BfM1XnWFJhA,Gift Exchange/Haul,Low,,Central,Medium,Low,1.0,0,1,2.0,1.0
jf3Qq8YqTpo,Vlog/Home Decor,Medium,,Central,Medium,Medium,2.0,0,1,2.0,2.0
MO0BNkMVRUM,Vlog/Life Event,High,,Central,Medium,High,3.0,0,1,2.0,3.0
wm1lmbt9OWY,Vlog/Personal Story,High,,Peripheral,High,High,3.0,0,0,3.0,3.0
MhpjEqwGraU,Vlog/Life Update,Medium,,Central,High,Medium,2.0,0,1,3.0,2.0
RmM-KBHRojo,daily_vlog,moderate,none,protagonist,high,moderate,2.0,0,1,3.0,2.0
oH2ABgxSAis,daily_vlog,mild,none,protagonist,high,mild,1.0,0,1,3.0,1.0
EH7oTydvD50,storytime,severe,none,protagonist,high,moderate,3.0,0,1,3.0,2.0
fEjMorg9mMw,daily_vlog,mild,none,protagonist,high,moderate,1.0,0,1,3.0,2.0
ZRPtcSIbYcM,daily_vlog,mild,none,protagonist,high,mild,1.0,0,1,3.0,1.0
9HOqIwD7QvY,daily_vlog,mild,none,protagonist,high,moderate,1.0,0,1,3.0,2.0
zZpt6BQRh2A,daily_vlog,none,none,co_star,high,moderate,0.0,0,0,3.0,2.0
qVxZEdRCsBg,daily_vlog,none,none,protagonist,high,mild,0.0,0,1,3.0,1.0
GzN1M6xImAk,challenge,mild,none,protagonist,high,moderate,1.0,0,1,3.0,2.0
sRBwOP4KLCQ,storytime,mild,none,protagonist,moderate,mild,1.0,0,1,2.0,1.0
ds6S-w_2upQ,storytime,mild,none,co_star,low,mild,1.0,0,0,1.0,1.0
9IHhc1dN55k,storytime,mild,none,protagonist,moderate,mild,1.0,0,1,2.0,1.0
VqkAuVHOAmU,challenge,none,none,co_star,low,none,0.0,0,0,1.0,0.0
kBDB4LSoJJM,other,none,none,co_star,low,mild,0.0,0,0,1.0,1.0
XxxiKjcOius,travel,none,none,co_star,low,none,0.0,0,0,1.0,0.0
xwSbYpZcv2U,other,none,none,cameo,low,mild,0.0,0,0,1.0,1.0
I8MedSQdUOM,daily_vlog,none,none,cameo,low,mild,0.0,0,0,1.0,1.0
ftCOldpn8k0,storytime,mild,none,protagonist,moderate,mild,1.0,0,1,2.0,1.0
8Cl8eyIiJr4,daily_vlog,none,none,co_star,low,mild,0.0,0,0,1.0,1.0
3Huq6a_JWEo,routine,mild,none,protagonist,moderate,mild,1.0,0,1,2.0,1.0
eQ5NBSi-1wY,routine,mild,none,protagonist,moderate,mild,1.0,0,1,2.0,1.0
bErOcB1Y2-A,unboxing,none,brand_mention,protagonist,low,none,0.0,1,1,1.0,0.0
7Zmio3Bijcw,daily_vlog,none,brand_mention,protagonist,moderate,none,0.0,1,1,2.0,0.0
m-RKjj88Dy4,other,none,product_placement,protagonist,low,none,0.0,1,1,1.0,0.0
sVuRD3Z_nJY,daily_vlog,none,brand_mention,protagonist,moderate,none,0.0,1,1,2.0,0.0
zksJwVxxUJ0,daily_vlog,none,brand_mention,protagonist,moderate,none,0.0,1,1,2.0,0.0
0KE2OSc55cE,storytime,none,none,unclear,low,mild,0.0,0,0,1.0,1.0
ePE9Pxzg3BE,daily_vlog,moderate,none,co_star,low,moderate,2.0,0,0,1.0,2.0
eK4DATlKnFY,storytime,moderate,none,co_star,low,moderate,2.0,0,0,1.0,2.0
aEmr_emx9no,daily_vlog,moderate,none,protagonist,high,mild,2.0,0,1,3.0,1.0
oOIs7rTPLnA,daily_vlog,mild,likely_sponsored,protagonist,high,mild,1.0,1,1,3.0,1.0
wbl9anP2SeQ,storytime,moderate,none,protagonist,high,moderate,2.0,0,1,3.0,2.0
74deQ2cKtko,challenge,none,none,co_star,low,mild,0.0,0,0,1.0,1.0
dUjAItQgdy4,challenge,none,none,co_star,low,mild,0.0,0,0,1.0,1.0
VlWVycMsRRo,challenge,none,none,co_star,low,mild,0.0,0,0,1.0,1.0
wLj0KxCLZnM,educational,none,none,co_star,low,none,0.0,0,0,1.0,0.0
lepHsB5T2UU,routine,none,none,protagonist,moderate,mild,0.0,0,1,2.0,1.0
TMdwVv7HBAI,unboxing,mild,none,protagonist,moderate,mild,1.0,0,1,2.0,1.0
m2d1vfKfDKA,challenge,none,none,protagonist,moderate,mild,0.0,0,1,2.0,1.0
0DAItd0rsuw,challenge,mild,none,co_star,low,mild,1.0,0,0,1.0,1.0
dnl7Xx9uzjw,cooking,mild,none,co_star,low,mild,1.0,0,0,1.0,1.0
2irEEpp3uu4,challenge,mild,none,co_star,low,mild,1.0,0,0,1.0,1.0
YFE-V_BXiws,challenge,mild,none,co_star,low,mild,1.0,0,0,1.0,1.0
bd4SptIzK24,unboxing,mild,none,protagonist,low,mild,1.0,0,1,1.0,1.0
UjwWn3S-1nA,challenge,mild,none,protagonist,low,mild,1.0,0,1,1.0,1.0
FyWnKruYcxA,challenge,mild,none,co_star,low,mild,1.0,0,0,1.0,1.0
kXGSBqQj4Iw,unboxing,mild,none,protagonist,low,mild,1.0,0,1,1.0,1.0
cELfkrzOBdE,other,mild,brand_mention,co_star,low,mild,1.0,1,0,1.0,1.0
cGvdEwpDwgI,unboxing,mild,none,protagonist,low,mild,1.0,0,1,1.0,1.0
b5n6dzQtNV0,unboxing,mild,brand_mention,co_star,low,mild,1.0,1,0,1.0,1.0
_KlVFEeVKCs,cooking,none,none,co_star,none,mild,0.0,0,0,0.0,1.0
PK92g7HVPmU,challenge,none,none,protagonist,none,mild,0.0,0,1,0.0,1.0
aDoh78rmjoU,routine,none,none,co_star,low,mild,0.0,0,0,1.0,1.0
Yy9uh-MW-dQ,storytime,moderate,none,co_star,low,moderate,2.0,0,0,1.0,2.0
B_rDfnPH4WQ,storytime,moderate,none,co_star,low,moderate,2.0,0,0,1.0,2.0
PO6W39wBrwk,unboxing,moderate,likely_sponsored,protagonist,low,moderate,2.0,1,1,1.0,2.0
PnZL7Q6kVmY,unboxing,mild,likely_sponsored,protagonist,low,mild,1.0,1,1,1.0,1.0
vW7xO-W1jn0,challenge,none,brand_mention,co_star,none,mild,0.0,1,0,0.0,1.0
A50E623yW9Q,challenge,none,none,co_star,none,mild,0.0,0,0,0.0,1.0
h4DN1GZwg-o,challenge,none,brand_mention,protagonist,none,mild,0.0,1,1,0.0,1.0
SXcnCHjq9xA,challenge,none,none,protagonist,none,mild,0.0,0,1,0.0,1.0
hv5Wkl0RVEo,challenge,none,none,protagonist,none,mild,0.0,0,1,0.0,1.0
EQibwMHa0gM,challenge,none,none,protagonist,none,mild,0.0,0,1,0.0,1.0
Tj5fyF-HssI,daily_vlog,none,none,protagonist,none,mild,0.0,0,1,0.0,1.0
ckYv0Oru13s,daily_vlog,none,none,protagonist,none,mild,0.0,0,1,0.0,1.0
S3_bBYyBQhI,challenge,none,brand_mention,protagonist,none,mild,0.0,1,1,0.0,1.0
CstJBEVmloY,routine,none,likely_sponsored,protagonist,none,moderate,0.0,1,1,0.0,2.0
llJ2q4DDZt4,challenge,none,none,protagonist,none,mild,0.0,0,1,0.0,1.0
K15nbVwNRBU,travel,none,none,protagonist,none,mild,0.0,0,1,0.0,1.0
sxUnnzxXEE8,travel,none,none,protagonist,low,none,0.0,0,1,1.0,0.0
UmRlk3IzOs8,other,none,none,protagonist,low,mild,0.0,0,1,1.0,1.0
aS7BJ7wrUzE,challenge,none,none,protagonist,none,none,0.0,0,1,0.0,0.0
L-EHxPd8LDE,cooking,none,none,co_star,none,none,0.0,0,0,0.0,0.0
PQwDqfNphL0,other,none,none,protagonist,none,none,0.0,0,1,0.0,0.0
FE4_PReBqGQ,challenge,none,none,protagonist,none,none,0.0,0,1,0.0,0.0
O3lVWro-fYs,challenge,none,none,protagonist,none,none,0.0,0,1,0.0,0.0
jBC2lgtRUMY,challenge,none,none,protagonist,none,none,0.0,0,1,0.0,0.0
GnuRf5w8cxo,other,none,brand_mention,protagonist,none,none,0.0,1,1,0.0,0.0
_TGCmpDccD8,challenge,mild,none,protagonist,low,mild,1.0,0,1,1.0,1.0
JpImU1yoRYE,travel,mild,none,co_star,low,mild,1.0,0,0,1.0,1.0
NSk9xv9uwA4,travel,mild,none,co_star,low,moderate,1.0,0,0,1.0,2.0
_U_zKzvHXRI,other,none,brand_mention,unclear,none,none,0.0,1,0,0.0,0.0
9F9j0LYsSVs,daily_vlog,none,none,unclear,none,none,0.0,0,0,0.0,0.0
zyEt2Uhn3ws,daily_vlog,none,none,unclear,none,none,0.0,0,0,0.0,0.0
yfc2b1fkSKQ,challenge,none,brand_mention,unclear,none,none,0.0,1,0,0.0,0.0
MyYFUwMsex0,daily_vlog,none,none,unclear,none,none,0.0,0,0,0.0,0.0
XRgrJNXTLlY,other,none,brand_mention,unclear,none,none,0.0,1,0,0.0,0.0
mCMl8lhb4qQ,other,none,brand_mention,unclear,none,none,0.0,1,0,0.0,0.0
049_6EsG-3c,challenge,none,none,unclear,none,none,0.0,0,0,0.0,0.0
NlfBvNbnf3g,reaction,none,none,unclear,low,none,0.0,0,0,1.0,0.0
8123lc0c5pA,challenge,none,brand_mention,unclear,none,none,0.0,1,0,0.0,0.0
-iXaij-AjTI,challenge,none,none,unclear,none,none,0.0,0,0,0.0,0.0
Yy5TEBYJC4E,other,none,brand_mention,unclear,none,none,0.0,1,0,0.0,0.0
9vkuOVXpUT0,storytime,none,none,unclear,low,none,0.0,0,0,1.0,0.0
_04oL2-gUpA,challenge,none,none,unclear,none,none,0.0,0,0,0.0,0.0
vwv8UeycG7c,challenge,none,none,unclear,none,none,0.0,0,0,0.0,0.0
eKhHjrkhBsE,other,none,brand_mention,unclear,none,none,0.0,1,0,0.0,0.0
Av5bjCeahEE,storytime,none,none,unclear,low,none,0.0,0,0,1.0,0.0
7Gd0sZgOVn4,unboxing,none,none,unclear,none,none,0.0,0,0,0.0,0.0
9nNIkZnrPB8,unboxing,none,brand_mention,unclear,none,none,0.0,1,0,0.0,0.0
Qsyt3f-PAcQ,daily_vlog,mild,none,unclear,low,moderate,1.0,0,0,1.0,2.0
xhww_-1F4kI,daily_vlog,none,brand_mention,unclear,low,mild,0.0,1,0,1.0,1.0
isUcWe9PtOo,daily_vlog,mild,none,unclear,low,mild,1.0,0,0,1.0,1.0
baFsuyOxWn8,daily_vlog,mild,none,unclear,low,moderate,1.0,0,0,1.0,2.0
dSgHDubGfks,daily_vlog,none,brand_mention,unclear,low,none,0.0,1,0,1.0,0.0
J9T9k5eXZcE,daily_vlog,mild,none,co_star,low,mild,1.0,0,0,1.0,1.0
n3c8iglUFXM,daily_vlog,mild,brand_mention,unclear,low,mild,1.0,1,0,1.0,1.0
ZgpTrmX0L20,daily_vlog,mild,none,co_star,low,mild,1.0,0,0,1.0,1.0
JN1bVz8NSxg,daily_vlog,mild,none,co_star,low,mild,1.0,0,0,1.0,1.0
buSAc9t22TY,daily_vlog,none,none,co_star,low,none,0.0,0,0,1.0,0.0
hdqvec3WNUk,daily_vlog,moderate,none,unclear,low,moderate,2.0,0,0,1.0,2.0
z_BDcu0VsBs,daily_vlog,mild,none,unclear,low,mild,1.0,0,0,1.0,1.0
hYfn7_yVcVI,daily_vlog,moderate,none,unclear,low,moderate,2.0,0,0,1.0,2.0
VVlkWZQKn7E,daily_vlog,moderate,none,protagonist,low,moderate,2.0,0,1,1.0,2.0
vtc1yNMSU1A,daily_vlog,mild,none,unclear,low,mild,1.0,0,0,1.0,1.0
5nosvqT_ZDo,daily_vlog,moderate,none,protagonist,low,moderate,2.0,0,1,1.0,2.0
i-pC6XR_e8Q,daily_vlog,moderate,none,protagonist,low,moderate,2.0,0,1,1.0,2.0
rZSOF2_b340,daily_vlog,none,none,unclear,low,mild,0.0,0,0,1.0,1.0
NeVWFfMyICU,other,none,none,unclear,none,none,0.0,0,0,0.0,0.0
NxlP_49QVE4,cooking,none,none,unclear,none,mild,0.0,0,0,0.0,1.0
GvnhGbWqdwE,daily_vlog,mild,none,protagonist,low,mild,1.0,0,1,1.0,1.0
p62dC8JcgTw,cooking,none,none,cameo,low,none,0.0,0,0,1.0,0.0
0a9x3AajepM,daily_vlog,mild,none,protagonist,low,mild,1.0,0,1,1.0,1.0
ytVxprvVae0,cooking,none,none,co_star,low,none,0.0,0,0,1.0,0.0
8HzLZ2so6sU,cooking,none,none,cameo,low,none,0.0,0,0,1.0,0.0
nlQUH48NY2s,cooking,none,none,unclear,low,moderate,0.0,0,0,1.0,2.0
TjS9uY_oZdo,daily_vlog,none,none,protagonist,low,none,0.0,0,1,1.0,0.0
JOPSEK92bbU,daily_vlog,mild,none,protagonist,low,mild,1.0,0,1,1.0,1.0
9OjndWvox20,daily_vlog,none,none,protagonist,low,none,0.0,0,1,1.0,0.0
QqPwXLFfcto,daily_vlog,none,none,protagonist,low,none,0.0,0,1,1.0,0.0
EJjVhR5gsWA,daily_vlog,mild,none,protagonist,low,mild,1.0,0,1,1.0,1.0
pEqmqvhDRkU,cooking,none,none,unclear,none,none,0.0,0,0,0.0,0.0
RDizfBqHVFU,cooking,none,none,unclear,none,mild,0.0,0,0,0.0,1.0
U_A3DHi3On8,daily_vlog,none,none,unclear,low,none,0.0,0,0,1.0,0.0
RVjnAjbDKQs,cooking,none,none,unclear,low,mild,0.0,0,0,1.0,1.0
hE4qy0tpl9s,daily_vlog,none,none,unclear,low,mild,0.0,0,0,1.0,1.0
7d9HacphP78,daily_vlog,none,none,protagonist,low,mild,0.0,0,1,1.0,1.0
sGzHiD7ecII,daily_vlog,none,none,unclear,low,none,0.0,0,0,1.0,0.0
d1Y4c4NJBBE,cooking,none,none,protagonist,low,mild,0.0,0,1,1.0,1.0
JAF4blh_Pjo,daily_vlog,none,none,unclear,low,none,0.0,0,0,1.0,0.0
brZwNdKGKUc,travel,mild,none,protagonist,low,moderate,1.0,0,1,1.0,2.0
Cbvamq9Iqh4,daily_vlog,mild,none,protagonist,low,mild,1.0,0,1,1.0,1.0
KvBHwyO0Rj4,cooking,mild,none,protagonist,low,mild,1.0,0,1,1.0,1.0
gUFneQtZgq4,daily_vlog,none,none,protagonist,low,mild,0.0,0,1,1.0,1.0
oU0Ov4X9yis,cooking,none,none,protagonist,low,mild,0.0,0,1,1.0,1.0
lK2wE0n8RKc,other,none,none,unclear,none,none,0.0,0,0,0.0,0.0
xfUkdqV88nc,routine,none,none,protagonist,low,mild,0.0,0,1,1.0,1.0
lhn6mfHUGNI,cooking,none,none,protagonist,low,mild,0.0,0,1,1.0,1.0
0c45ibGHijA,cooking,none,none,unclear,low,none,0.0,0,0,1.0,0.0
7BQbLE1Qdtw,daily_vlog,none,none,unclear,low,mild,0.0,0,0,1.0,1.0
oniVJXnWVmA,cooking,mild,none,unclear,low,mild,1.0,0,0,1.0,1.0
OYayWc5g3FA,cooking,mild,none,unclear,low,mild,1.0,0,0,1.0,1.0
g5d6ILJFrdE,cooking,none,none,unclear,low,none,0.0,0,0,1.0,0.0
aUnU3ScAKoI,cooking,mild,none,unclear,low,mild,1.0,0,0,1.0,1.0
lfv_xLjcZcY,daily_vlog,none,none,protagonist,low,none,0.0,0,1,1.0,0.0
c-hWlmTOE7E,cooking,moderate,none,co_star,low,moderate,2.0,0,0,1.0,2.0
XvXQanU82_k,cooking,none,none,unclear,low,none,0.0,0,0,1.0,0.0
JWxRVtTfClo,cooking,mild,none,unclear,low,mild,1.0,0,0,1.0,1.0
nQpqNlvWCkk,routine,mild,none,protagonist,low,none,1.0,0,1,1.0,0.0
x1zpGFs_RC8,cooking,mild,none,unclear,low,mild,1.0,0,0,1.0,1.0
tYJ7Qjwn1ys,cooking,none,none,unclear,none,mild,0.0,0,0,0.0,1.0
H1Uuw4eINtk,daily_vlog,none,none,protagonist,none,mild,0.0,0,1,0.0,1.0
0qv6FEP7RI8,daily_vlog,none,none,unclear,none,mild,0.0,0,0,0.0,1.0
mTASF8UmzQ4,daily_vlog,none,none,protagonist,none,none,0.0,0,1,0.0,0.0
1oGHTJr45F0,daily_vlog,none,none,protagonist,none,none,0.0,0,1,0.0,0.0
5ph2OFRQXX0,cooking,none,none,protagonist,none,none,0.0,0,1,0.0,0.0
JEwGkFSQN_Q,daily_vlog,none,none,unclear,none,none,0.0,0,0,0.0,0.0
vD8SiE7nEXc,daily_vlog,none,none,protagonist,none,none,0.0,0,1,0.0,0.0
mshlRumsyEs,storytime,none,none,protagonist,none,none,0.0,0,1,0.0,0.0
CGaoLEUd9mQ,daily_vlog,none,none,unclear,none,mild,0.0,0,0,0.0,1.0
CAeqZIrvhcQ,educational,none,none,protagonist,low,none,0.0,0,1,1.0,0.0
s99WvP596Fg,music_dance,none,none,protagonist,low,none,0.0,0,1,1.0,0.0
uiaB4vgJu7o,daily_vlog,none,none,co_star,low,none,0.0,0,0,1.0,0.0
H7DuWcalUSA,daily_vlog,none,none,protagonist,low,none,0.0,0,1,1.0,0.0
yD0jUXduFxU,storytime,none,none,protagonist,low,mild,0.0,0,1,1.0,1.0
yWujHKmBFp4,storytime,none,none,protagonist,low,mild,0.0,0,1,1.0,1.0
WPhh_C75DO8,daily_vlog,none,none,protagonist,low,none,0.0,0,1,1.0,0.0
skTgFd3w1pQ,storytime,none,none,protagonist,low,moderate,0.0,0,1,1.0,2.0
m8aOrPQzac0,storytime,none,none,protagonist,low,moderate,0.0,0,1,1.0,2.0
aJEkD2xZT_o,storytime,none,none,protagonist,low,moderate,0.0,0,1,1.0,2.0
WHvVBmfMzfg,storytime,moderate,none,protagonist,low,moderate,2.0,0,1,1.0,2.0
RLHtwFkzWEg,storytime,none,none,unclear,none,none,0.0,0,0,0.0,0.0
IBIB6Z6NIzA,unboxing,none,none,protagonist,low,none,0.0,0,1,1.0,0.0
y7EDKnclTro,challenge,none,none,unclear,none,none,0.0,0,0,0.0,0.0
R4McjJlVhyE,daily_vlog,none,none,protagonist,moderate,none,0.0,0,1,2.0,0.0
_yse10m2IX4,daily_vlog,mild,none,protagonist,low,mild,1.0,0,1,1.0,1.0
XFEsjYpd_LQ,travel,none,none,unclear,low,none,0.0,0,0,1.0,0.0
ei57VmereT4,travel,mild,none,unclear,low,none,1.0,0,0,1.0,0.0
57v963LUHRI,routine,none,none,unclear,low,none,0.0,0,0,1.0,0.0
lgq5AUeLYU4,storytime,mild,none,unclear,low,none,1.0,0,0,1.0,0.0
9shGv62pGHI,daily_vlog,none,none,protagonist,low,none,0.0,0,1,1.0,0.0
hpiMNc0Stdo,prank,mild,none,co_star,low,mild,1.0,0,0,1.0,1.0
bJL6-XoPytk,daily_vlog,none,none,unclear,low,none,0.0,0,0,1.0,0.0
AwMHj1uRBdk,challenge,none,none,unclear,low,mild,0.0,0,0,1.0,1.0
SNx0N-TJV2A,daily_vlog,none,none,unclear,low,none,0.0,0,0,1.0,0.0
uf9U7Bp7Ayc,prank,mild,none,protagonist,low,mild,1.0,0,1,1.0,1.0
EDZgbid5oCw,challenge,none,none,co_star,low,mild,0.0,0,0,1.0,1.0
-KWoRp7CKY0,storytime,mild,none,co_star,low,mild,1.0,0,0,1.0,1.0
coSRCEIWdlg,travel,mild,none,protagonist,low,mild,1.0,0,1,1.0,1.0
CycuQt-AB28,storytime,moderate,none,protagonist,low,moderate,2.0,0,1,1.0,2.0
psYRImS9EiQ,storytime,none,none,unclear,none,none,0.0,0,0,0.0,0.0
DEl6UhjXfbE,storytime,none,none,unclear,none,mild,0.0,0,0,0.0,1.0
hSCX0DMZ6FQ,storytime,none,none,unclear,none,mild,0.0,0,0,0.0,1.0
Tt0okFOYfpE,storytime,mild,none,protagonist,none,mild,1.0,0,1,0.0,1.0
EVA0wnzKp-o,storytime,mild,none,protagonist,none,mild,1.0,0,1,0.0,1.0
WqZSKGB24hY,storytime,moderate,none,protagonist,moderate,moderate,2.0,0,1,2.0,2.0
97hBYur9tnA,storytime,moderate,none,protagonist,none,moderate,2.0,0,1,0.0,2.0
rsYUgoICSZ4,storytime,mild,none,protagonist,none,mild,1.0,0,1,0.0,1.0
cBwmI_7Lh6s,storytime,moderate,none,protagonist,none,moderate,2.0,0,1,0.0,2.0
fu6NufS4aCk,storytime,moderate,none,protagonist,none,moderate,2.0,0,1,0.0,2.0
UVHmLv-BFhU,daily_vlog,mild,none,protagonist,low,mild,1.0,0,1,1.0,1.0
YrraKXSnfNM,other,moderate,none,protagonist,moderate,moderate,2.0,0,1,2.0,2.0
OvsyeaHKEmo,storytime,mild,none,co_star,low,moderate,1.0,0,0,1.0,2.0
dxLOHmi2EcM,storytime,mild,none,unclear,low,mild,1.0,0,0,1.0,1.0
rpoKjOgirRQ,storytime,none,none,unclear,low,mild,0.0,0,0,1.0,1.0
1KDnV6k7Fj0,storytime,severe,none,protagonist,high,severe,3.0,0,1,3.0,3.0
_zTlCJtfwsM,storytime,moderate,none,unclear,low,moderate,2.0,0,0,1.0,2.0
eRxfoyYGdBc,storytime,mild,none,co_star,low,mild,1.0,0,0,1.0,1.0
DhFRV8vwYeo,daily_vlog,none,brand_mention,co_star,none,mild,0.0,1,0,0.0,1.0
Iw7PLw71V4I,travel,none,brand_mention,co_star,none,none,0.0,1,0,0.0,0.0
_0dydElyljg,daily_vlog,none,none,protagonist,low,moderate,0.0,0,1,1.0,2.0
Ioa1xVdrBRs,daily_vlog,none,none,protagonist,none,moderate,0.0,0,1,0.0,2.0
Q9B9CB_u3M0,travel,none,none,protagonist,none,none,0.0,0,1,0.0,0.0
MMcqrbailaM,daily_vlog,none,none,protagonist,none,mild,0.0,0,1,0.0,1.0
IbNuXpZs_aw,travel,none,none,protagonist,none,none,0.0,0,1,0.0,0.0
HzJ3f0oiNj0,daily_vlog,none,none,protagonist,none,none,0.0,0,1,0.0,0.0
8PgH6b5q-5o,daily_vlog,none,none,protagonist,none,none,0.0,0,1,0.0,0.0
Q2h2n6mDHo0,daily_vlog,none,none,protagonist,none,mild,0.0,0,1,0.0,1.0
ZngA0gpvxcA,travel,none,none,protagonist,none,none,0.0,0,1,0.0,0.0
X80csZfCpE0,daily_vlog,none,none,protagonist,none,mild,0.0,0,1,0.0,1.0
6Ci0O3RADH0,daily_vlog,none,none,protagonist,low,none,0.0,0,1,1.0,0.0
1E4PpW5_b60,other,none,none,protagonist,low,moderate,0.0,0,1,1.0,2.0
5N7Kyve-pUE,routine,none,none,protagonist,low,mild,0.0,0,1,1.0,1.0
Y8irLPZ8Dz0,other,none,none,co_star,none,mild,0.0,0,0,0.0,1.0
Iu-0pYFoFEI,daily_vlog,none,none,protagonist,low,mild,0.0,0,1,1.0,1.0
4VwzrtIIEXw,cooking,none,none,co_star,none,moderate,0.0,0,0,0.0,2.0
xT7Y8sbSFtQ,travel,none,none,protagonist,none,moderate,0.0,0,1,0.0,2.0
8RoRKVAD0vo,travel,none,none,protagonist,none,mild,0.0,0,1,0.0,1.0
81rrooqXeRU,travel,none,none,protagonist,none,mild,0.0,0,1,0.0,1.0
98qbTK4pmVA,travel,none,none,unclear,none,none,0.0,0,0,0.0,0.0
-d31VxG46NY,travel,none,none,unclear,none,none,0.0,0,0,0.0,0.0
S65AYWveqGI,travel,none,none,unclear,none,none,0.0,0,0,0.0,0.0
M_TubUSwcbA,travel,none,none,unclear,none,none,0.0,0,0,0.0,0.0
1L1zt_CNcLw,travel,none,none,unclear,none,none,0.0,0,0,0.0,0.0
WplOMgVK9y4,travel,none,none,unclear,none,none,0.0,0,0,0.0,0.0
hsIIHZmADKg,daily_vlog,none,none,co_star,none,mild,0.0,0,0,0.0,1.0
TUL_wdqXyHQ,daily_vlog,none,none,co_star,none,mild,0.0,0,0,0.0,1.0
pVmftLtsGkE,other,none,other,unclear,none,mild,0.0,0,0,0.0,1.0
T-ptzI9grNE,cooking,none,none,unclear,none,mild,0.0,0,0,0.0,1.0
9gGkSj3Kcl4,travel,none,none,co_star,none,mild,0.0,0,0,0.0,1.0
WlxY5TwFrDU,daily_vlog,none,none,unclear,none,mild,0.0,0,0,0.0,1.0
OlsDphsNSIY,daily_vlog,none,none,unclear,none,mild,0.0,0,0,0.0,1.0
PVg8HJM254A,daily_vlog,none,none,unclear,none,moderate,0.0,0,0,0.0,2.0
hPNigA-eem0,daily_vlog,none,none,unclear,none,mild,0.0,0,0,0.0,1.0
1mJGzSl5rcc,cooking,none,none,protagonist,none,mild,0.0,0,1,0.0,1.0
7QHC-yRomS0,cooking,none,none,unclear,none,moderate,0.0,0,0,0.0,2.0
j601-Sw54GA,cooking,none,none,unclear,none,mild,0.0,0,0,0.0,1.0
Csa3GuaGKT8,travel,none,none,unclear,none,mild,0.0,0,0,0.0,1.0
56ET2WCLIo8,travel,none,none,unclear,none,none,0.0,0,0,0.0,0.0
jhRtcgPaAwU,educational,none,none,protagonist,none,moderate,0.0,0,1,0.0,2.0
-o_j_I2Q5zU,daily_vlog,none,none,unclear,none,mild,0.0,0,0,0.0,1.0
jFbvebSkcn0,daily_vlog,none,none,unclear,none,mild,0.0,0,0,0.0,1.0
FyzKEAVVXXw,daily_vlog,none,none,unclear,none,none,0.0,0,0,0.0,0.0
AJhvKw92LMo,daily_vlog,none,none,unclear,none,mild,0.0,0,0,0.0,1.0
V4Yq4GAQ2R4,daily_vlog,none,none,unclear,none,mild,0.0,0,0,0.0,1.0
-3jQDi6MjZ4,daily_vlog,none,none,unclear,none,mild,0.0,0,0,0.0,1.0
XkBZdOw1CjU,daily_vlog,none,none,unclear,none,mild,0.0,0,0,0.0,1.0
xbxhQmzIcFk,daily_vlog,none,none,unclear,none,mild,0.0,0,0,0.0,1.0
tsDhHnAMjCs,daily_vlog,moderate,none,protagonist,none,severe,2.0,0,1,0.0,3.0
xG3rvejPlVE,storytime,moderate,none,unclear,none,mild,2.0,0,0,0.0,1.0
mSBtlKFe6GA,travel,none,none,co_star,none,mild,0.0,0,0,0.0,1.0
T0I3KybjJ78,travel,none,none,unclear,none,moderate,0.0,0,0,0.0,2.0
Q4m0dSqysFA,daily_vlog,none,none,co_star,none,mild,0.0,0,0,0.0,1.0
85_DLghV5ls,travel,none,none,co_star,none,mild,0.0,0,0,0.0,1.0
DykhHpsZK-c,travel,none,none,co_star,none,mild,0.0,0,0,0.0,1.0
1Iq3lrUGhKE,travel,none,none,protagonist,none,none,0.0,0,1,0.0,0.0
U0kIC0bZB9Y,travel,none,none,co_star,none,mild,0.0,0,0,0.0,1.0
HTZVOXRUoEo,travel,none,none,protagonist,none,mild,0.0,0,1,0.0,1.0
bnxbIsGGfjE,travel,none,none,co_star,none,mild,0.0,0,0,0.0,1.0
x43ov0fs0-k,travel,none,none,protagonist,none,mild,0.0,0,1,0.0,1.0
XOwakHZQZk8,travel,none,none,co_star,none,mild,0.0,0,0,0.0,1.0
5VV1quJ231k,travel,none,none,co_star,none,mild,0.0,0,0,0.0,1.0
vai_YeHOLXc,travel,none,none,co_star,none,mild,0.0,0,0,0.0,1.0
cLygiynkipY,travel,none,none,co_star,none,mild,0.0,0,0,0.0,1.0
hYugr6LmP8s,daily_vlog,moderate,none,co_star,moderate,moderate,2.0,0,0,2.0,2.0
Yd3_S5ITj4s,storytime,none,none,unclear,none,none,0.0,0,0,0.0,0.0
UfIy-QY3etc,daily_vlog,none,none,unclear,none,mild,0.0,0,0,0.0,1.0
WWqaWsANsGE,travel,none,none,co_star,none,mild,0.0,0,0,0.0,1.0
FGUu18EAnSQ,daily_vlog,none,none,co_star,none,mild,0.0,0,0,0.0,1.0
T-VBXqP1jE0,reaction,none,none,protagonist,none,mild,0.0,0,1,0.0,1.0
0JKzddh-gg8,travel,none,none,protagonist,low,mild,0.0,0,1,1.0,1.0
dTt9NSmeJ5I,daily_vlog,none,brand_mention,protagonist,low,moderate,0.0,1,1,1.0,2.0
loEVjfLjKm0,daily_vlog,none,none,protagonist,low,mild,0.0,0,1,1.0,1.0
URA8U2VCm2o,daily_vlog,none,none,protagonist,low,mild,0.0,0,1,1.0,1.0
oKux7VpntZA,daily_vlog,none,none,protagonist,low,mild,0.0,0,1,1.0,1.0
94KOneSr8QM,routine,none,none,protagonist,low,mild,0.0,0,1,1.0,1.0
ihEqHljd430,daily_vlog,none,none,protagonist,low,mild,0.0,0,1,1.0,1.0
nkaxvpIJgRc,travel,none,none,protagonist,low,mild,0.0,0,1,1.0,1.0
YIhWUchEcZc,daily_vlog,none,none,protagonist,low,mild,0.0,0,1,1.0,1.0
RB9qPSnjGEo,travel,none,none,protagonist,low,mild,0.0,0,1,1.0,1.0
Rhv0JPViO1s,travel,none,none,co_star,none,none,0.0,0,0,0.0,0.0
myyFVVNVLaM,daily_vlog,moderate,none,unclear,moderate,moderate,2.0,0,0,2.0,2.0
1_ad6JD3Lw4,other,none,none,protagonist,none,mild,0.0,0,1,0.0,1.0
oXPSYShd07E,storytime,none,none,protagonist,none,none,0.0,0,1,0.0,0.0
h8qUZMy0lK0,daily_vlog,moderate,none,protagonist,moderate,moderate,2.0,0,1,2.0,2.0
P6U9PYFVh80,daily_vlog,none,none,protagonist,none,mild,0.0,0,1,0.0,1.0
i1zve0LNwYE,daily_vlog,none,none,co_star,none,none,0.0,0,0,0.0,0.0
79X_eQcyNNs,daily_vlog,none,none,protagonist,none,mild,0.0,0,1,0.0,1.0
GsIop0v26vM,daily_vlog,none,none,co_star,none,moderate,0.0,0,0,0.0,2.0
YQAd7g4mv4o,daily_vlog,none,none,protagonist,none,mild,0.0,0,1,0.0,1.0
n_QjCCnYyek,challenge,none,none,unclear,none,none,0.0,0,0,0.0,0.0
5pyQ3JJteV4,daily_vlog,none,none,unclear,none,none,0.0,0,0,0.0,0.0
N_j2WBB0Yy4,other,none,none,unclear,none,mild,0.0,0,0,0.0,1.0
AXMpoVgbiTU,challenge,none,none,unclear,none,none,0.0,0,0,0.0,0.0
u46brjCgwEk,daily_vlog,none,none,unclear,none,none,0.0,0,0,0.0,0.0
ev4APwBbpok,travel,none,brand_mention,unclear,none,none,0.0,1,0,0.0,0.0
5jIFKYTKqd0,daily_vlog,none,brand_mention,unclear,none,none,0.0,1,0,0.0,0.0
-hy2DkBPusU,daily_vlog,none,none,unclear,none,moderate,0.0,0,0,0.0,2.0
RlcPPeHYCW0,daily_vlog,none,none,protagonist,none,none,0.0,0,1,0.0,0.0
3aHFTRw9V9s,daily_vlog,none,none,protagonist,none,none,0.0,0,1,0.0,0.0
bqLRiUHdM10,educational,none,none,unclear,none,none,0.0,0,0,0.0,0.0
VS5ZdQWrSMI,travel,none,none,protagonist,none,mild,0.0,0,1,0.0,1.0
rEltjx3PgWs,daily_vlog,none,brand_mention,co_star,none,none,0.0,1,0,0.0,0.0
NJouo4G03Ak,daily_vlog,moderate,none,unclear,none,severe,2.0,0,0,0.0,3.0
MrAzHJEhv6o,toy_review,none,brand_mention,unclear,none,moderate,0.0,1,0,0.0,2.0
DvSM90MZBgI,routine,none,none,protagonist,none,none,0.0,0,1,0.0,0.0
330ncdNYTsc,storytime,none,none,unclear,none,mild,0.0,0,0,0.0,1.0
u5Cg5Tg2yD0,daily_vlog,none,none,protagonist,moderate,mild,0.0,0,1,2.0,1.0
HeGDeE8NrEM,daily_vlog,none,brand_mention,co_star,none,mild,0.0,1,0,0.0,1.0
0W714gEBoVM,daily_vlog,none,none,protagonist,moderate,mild,0.0,0,1,2.0,1.0
spOv-Ohiceo,daily_vlog,none,none,protagonist,low,mild,0.0,0,1,1.0,1.0
t4e8BzNXqMo,daily_vlog,none,none,protagonist,low,mild,0.0,0,1,1.0,1.0
L2PGtE4uSME,daily_vlog,none,none,protagonist,low,mild,0.0,0,1,1.0,1.0
8dcxJ3qZyHc,daily_vlog,none,none,protagonist,none,mild,0.0,0,1,0.0,1.0
n5N7pl0nO9A,daily_vlog,none,none,protagonist,low,mild,0.0,0,1,1.0,1.0
tCui9y5zHyA,daily_vlog,mild,none,co_star,low,moderate,1.0,0,0,1.0,2.0
TSxOsF6EPhg,daily_vlog,none,none,protagonist,low,mild,0.0,0,1,1.0,1.0
QaKHNWAyxEs,prank,none,brand_mention,protagonist,none,mild,0.0,1,1,0.0,1.0
6jaytbsp79k,daily_vlog,none,none,protagonist,low,mild,0.0,0,1,1.0,1.0
tp4ZJOZlwHQ,daily_vlog,none,none,protagonist,none,mild,0.0,0,1,0.0,1.0
52K1iagb5jY,other,none,none,unclear,none,mild,0.0,0,0,0.0,1.0
S6VTZXN0dA8,daily_vlog,none,brand_mention,unclear,none,mild,0.0,1,0,0.0,1.0
naYLr89a-tA,daily_vlog,none,none,protagonist,none,none,0.0,0,1,0.0,0.0
MgPWLeDNOyQ,daily_vlog,none,none,unclear,none,mild,0.0,0,0,0.0,1.0
XusJ1qrnqPU,daily_vlog,none,none,unclear,none,mild,0.0,0,0,0.0,1.0
V5yQfC9QqI8,daily_vlog,none,none,co_star,none,mild,0.0,0,0,0.0,1.0
QRDJ8Ftxo8I,daily_vlog,none,none,co_star,none,none,0.0,0,0,0.0,0.0
uzF9fU-FFW4,daily_vlog,none,none,unclear,none,none,0.0,0,0,0.0,0.0
VTHhprZ_hwM,other,none,none,unclear,none,moderate,0.0,0,0,0.0,2.0
yLtTH5h4snU,music_dance,none,none,unclear,none,none,0.0,0,0,0.0,0.0
bkVjo4pqbEE,daily_vlog,none,none,co_star,low,none,0.0,0,0,1.0,0.0
bD9Pa7ZuXDM,daily_vlog,none,none,protagonist,low,mild,0.0,0,1,1.0,1.0
McmW36hgL5I,daily_vlog,mild,none,protagonist,low,mild,1.0,0,1,1.0,1.0
qJQ43WmSE4U,daily_vlog,none,none,co_star,low,none,0.0,0,0,1.0,0.0
ozswgsyVmMs,daily_vlog,none,none,protagonist,low,none,0.0,0,1,1.0,0.0
bsmpNhttYqU,daily_vlog,mild,none,protagonist,low,moderate,1.0,0,1,1.0,2.0
wxRmo3VFXEM,daily_vlog,mild,none,unclear,moderate,mild,1.0,0,0,2.0,1.0
aaDUqlf-_uE,daily_vlog,mild,none,unclear,low,moderate,1.0,0,0,1.0,2.0
PFKMTufQ384,daily_vlog,none,none,co_star,low,mild,0.0,0,0,1.0,1.0
M2RHNF3C7dU,daily_vlog,none,none,co_star,low,none,0.0,0,0,1.0,0.0
tqX973Wjiu0,daily_vlog,mild,none,unclear,low,mild,1.0,0,0,1.0,1.0
mH8Wt3-tKbA,other,none,brand_mention,unclear,none,mild,0.0,1,0,0.0,1.0
m8MzthLCT7M,daily_vlog,none,none,unclear,none,none,0.0,0,0,0.0,0.0
QESOetRQDUg,daily_vlog,none,none,unclear,none,none,0.0,0,0,0.0,0.0
KU6fT8BibqY,daily_vlog,none,none,unclear,none,none,0.0,0,0,0.0,0.0
tHzt0Gm3IHs,daily_vlog,none,none,unclear,none,mild,0.0,0,0,0.0,1.0
5SRjFqY0rVY,travel,none,none,unclear,none,none,0.0,0,0,0.0,0.0
3uJOtbFG97I,daily_vlog,none,none,unclear,none,mild,0.0,0,0,0.0,1.0
jq9J5Ku9haE,daily_vlog,mild,none,unclear,low,mild,1.0,0,0,1.0,1.0
82UMarhx7ws,other,mild,none,protagonist,low,mild,1.0,0,1,1.0,1.0
nG3oIxWy4dA,daily_vlog,none,none,protagonist,low,mild,0.0,0,1,1.0,1.0
WAVUDJvqYOY,daily_vlog,none,none,unclear,none,none,0.0,0,0,0.0,0.0
Klp0WSBZksg,daily_vlog,none,none,unclear,none,mild,0.0,0,0,0.0,1.0
BqZi0V_ggb4,daily_vlog,none,none,unclear,low,mild,0.0,0,0,1.0,1.0
s7VSRWBeWKw,daily_vlog,none,none,unclear,low,mild,0.0,0,0,1.0,1.0
AxOs2wubcLA,daily_vlog,none,none,unclear,none,mild,0.0,0,0,0.0,1.0
4oKnxarCcCc,daily_vlog,none,none,protagonist,low,none,0.0,0,1,1.0,0.0
WYK9fLXP3HE,educational,none,none,co_star,low,none,0.0,0,0,1.0,0.0
p6H-9BH8kSI,daily_vlog,none,none,unclear,none,moderate,0.0,0,0,0.0,2.0
ZyfBKf0vMJk,toy_review,none,brand_mention,unclear,none,none,0.0,1,0,0.0,0.0
hD2dcns5zYQ,daily_vlog,none,none,protagonist,none,none,0.0,0,1,0.0,0.0
Pd7s_S2WeCw,daily_vlog,none,none,co_star,none,none,0.0,0,0,0.0,0.0
zobwlCgG4hY,daily_vlog,mild,none,unclear,none,mild,1.0,0,0,0.0,1.0
LDqJC-c4jHg,cooking,none,none,protagonist,none,none,0.0,0,1,0.0,0.0
N4z8G5KT7yM,daily_vlog,mild,none,unclear,none,mild,1.0,0,0,0.0,1.0
LCqtP67dT_k,daily_vlog,none,none,cameo,none,none,0.0,0,0,0.0,0.0
JkSvARVUSjc,daily_vlog,mild,none,unclear,none,mild,1.0,0,0,0.0,1.0
1XcrcclbvpE,daily_vlog,none,none,co_star,none,none,0.0,0,0,0.0,0.0
OcZdS9ryqtA,daily_vlog,mild,none,unclear,none,mild,1.0,0,0,0.0,1.0
U_cIMg80Yj0,travel,none,none,co_star,none,none,0.0,0,0,0.0,0.0
7Q7DqQ-yCso,daily_vlog,none,none,co_star,none,mild,0.0,0,0,0.0,1.0
iRdDblUk5E8,daily_vlog,none,none,unclear,none,mild,0.0,0,0,0.0,1.0
hvYmCQhQUVM,daily_vlog,none,none,unclear,none,moderate,0.0,0,0,0.0,2.0
hepubVrG7Tk,daily_vlog,none,none,unclear,none,mild,0.0,0,0,0.0,1.0
TYvNDkFar6w,daily_vlog,none,none,co_star,none,none,0.0,0,0,0.0,0.0
LdvprKHvAQk,daily_vlog,none,none,co_star,none,mild,0.0,0,0,0.0,1.0
BhW0BBQciaA,daily_vlog,none,none,unclear,none,none,0.0,0,0,0.0,0.0
EaagF_E9kUw,daily_vlog,none,none,unclear,none,none,0.0,0,0,0.0,0.0
nto8th-4ZNk,daily_vlog,none,none,unclear,none,none,0.0,0,0,0.0,0.0
eK86GZ4csfk,daily_vlog,none,none,unclear,none,mild,0.0,0,0,0.0,1.0
MlVPwCt8mVQ,family vlog,none,none,featured,mild,mild,0.0,0,1,1.0,1.0
d4UHeXVnOMw,family vlog,none,none,featured,mild,moderate,0.0,0,1,1.0,2.0
Zt1US9k7piw,family vlog,none,none,featured,mild,mild,0.0,0,1,1.0,1.0
LGNgy5LRnto,family vlog,none,none,featured,mild,high,0.0,0,1,1.0,3.0
-vevCCsgduo,family vlog,none,none,featured,mild,moderate,0.0,0,1,1.0,2.0
4OLjELr8iMA,family vlog,none,none,featured,mild,mild,0.0,0,1,1.0,1.0
rNL81LhlMaw,family vlog,none,none,featured,mild,mild,0.0,0,1,1.0,1.0
_Pc8oVIYgTc,family vlog,none,none,featured,mild,moderate,0.0,0,1,1.0,2.0
btxAdc6cuP8,family vlog,none,none,featured,mild,moderate,0.0,0,1,1.0,2.0
FIfQHcQvk2A,family vlog,none,none,featured,mild,mild,0.0,0,1,1.0,1.0
ycTMTzMRu04,vlog,low,no,featured,low,low,1.0,0,1,1.0,1.0
eXEEaxcsEwI,vlog,low,no,featured,low,low,1.0,0,1,1.0,1.0
YysWX312ehc,vlog,low,no,featured,low,low,1.0,0,1,1.0,1.0
9unWK2t1cCI,vlog,low,no,featured,low,low,1.0,0,1,1.0,1.0
-KY7Ciq2KM0,vlog,low,no,featured,low,low,1.0,0,1,1.0,1.0
ptgOludRWDM,vlog,low,no,featured,low,low,1.0,0,1,1.0,1.0
JNpo1rjT87g,vlog,low,no,not_applicable,not_applicable,low,1.0,0,0,0.0,1.0
2SCx0SkIcCg,vlog,low,no,featured,low,low,1.0,0,1,1.0,1.0
IkRC5VPCaSs,vlog,low,no,not_applicable,low,medium,1.0,0,0,1.0,2.0
vo0HuTabxU4,vlog,low,no,not_applicable,low,low,1.0,0,0,1.0,1.0
p-azOGlwiDw,unboxing,none,direct_promotion,not_applicable,none,high,0.0,0,0,0.0,3.0
paUN3ksMvA0,challenge,none,product_placement,featured,none,medium,0.0,1,1,0.0,2.0
PQB8faNNVog,gaming,none,none,not_applicable,none,high,0.0,0,0,0.0,3.0
Ptx622f1Kf8,vlog,none,none,featured,none,low,0.0,0,1,0.0,1.0
wEj_O8lzM7s,vlog,none,none,featured,none,medium,0.0,0,1,0.0,2.0
zQaOo_Raitg,vlog,none,none,featured,none,medium,0.0,0,1,0.0,2.0
H3bmIAdNDGE,prank,none,none,featured,none,medium,0.0,0,1,0.0,2.0
rE3p71Etjzc,prank,positive,none,featured,none,medium,0.0,0,1,0.0,2.0
jLQsFXImwOA,vlog,none,none,featured,none,low,0.0,0,1,0.0,1.0
9k8e9rJVjTU,prank,positive,none,featured,none,high,0.0,0,1,0.0,3.0
vx-SHI-DtV8,challenge,none,none,featured,none,mild,0.0,0,1,0.0,1.0
1oSAnQpdd8g,vlog,implied,none,featured,none,moderate,0.0,0,1,0.0,2.0
qljJ1xyJ_2w,review,none,none,not_applicable,none,mild,0.0,0,0,0.0,1.0
9tz_jKoMIV8,storytime,implied,none,featured,none,moderate,0.0,0,1,0.0,2.0
_cqJPOkEfHI,unboxing,none,none,featured,none,moderate,0.0,0,1,0.0,2.0
xW7dnaIW-N0,shopping,none,none,featured,none,mild,0.0,0,1,0.0,1.0
QkFrlBIB6z0,vlog,none,none,featured,none,mild,0.0,0,1,0.0,1.0
6bMpnmcLc_w,unboxing,none,none,featured,none,moderate,0.0,0,1,0.0,2.0
4q2aP9o60xU,makeover,none,none,featured,none,mild,0.0,0,1,0.0,1.0
-6zXRYkUwKA,prank,none,none,featured,none,mild,0.0,0,1,0.0,1.0
hOU5e-N91Yk,vlog,low,no,featured,medium,medium,1.0,0,1,2.0,2.0
QUNsf11G5Gk,vlog,low,no,not_applicable,low,medium,1.0,0,0,1.0,2.0
lJzJDP4rPo0,vlog,low,no,not_applicable,low,low,1.0,0,0,1.0,1.0
srnurTWv_w0,vlog,medium,no,not_applicable,low,high,2.0,0,0,1.0,3.0
EuQimdAEC2k,vlog,low,no,not_applicable,low,medium,1.0,0,0,1.0,2.0
4mFFBmajZ1Q,vlog,low,no,featured,medium,medium,1.0,0,1,2.0,2.0
Odc95kEYyns,vlog,low,no,not_applicable,low,medium,1.0,0,0,1.0,2.0
IcukYrV_ot8,vlog,low,no,not_applicable,low,low,1.0,0,0,1.0,1.0
zerporSNHa8,vlog,low,no,not_applicable,low,medium,1.0,0,0,1.0,2.0
-2jP7_adNy8,vlog,low,no,not_applicable,low,medium,1.0,0,0,1.0,2.0
S7Uu54VCxjw,unboxing_haul_challenge,none,none,not_applicable,none,mild,0.0,0,0,0.0,1.0
NQvpUdS0jdk,vlog,none,none,not_applicable,none,mild,0.0,0,0,0.0,1.0
AoVXbVhIdOk,vlog,none,none,not_applicable,none,mild,0.0,0,0,0.0,1.0
kjEcxgTH8-E,prank,mild,none,not_applicable,none,high,1.0,0,0,0.0,3.0
fB0m2_iqToQ,beauty_fashion,none,none,not_applicable,none,none,0.0,0,0,0.0,0.0
xiNShtVWHo8,vlog,none,none,not_applicable,none,mild,0.0,0,0,0.0,1.0
IYw1aCXrGOM,unboxing_haul_challenge,none,none,not_applicable,none,mild,0.0,0,0,0.0,1.0
WiSLx6SOpL0,vlog,none,none,not_applicable,none,mild,0.0,0,0,0.0,1.0
Dykwp8UrQjA,vlog,none,none,not_applicable,none,mild,0.0,0,0,0.0,1.0
ee-6KffMBrU,unboxing_haul_challenge,none,none,not_applicable,none,mild,0.0,0,0,0.0,1.0
xaW2mWgKhYY,challenge,low,low,not_applicable,low,medium,1.0,0,0,1.0,2.0
WBT9EFgKCA8,haul,low,high,not_applicable,low,low,1.0,1,0,1.0,1.0
9909TdmoG7U,vlog,low,low,not_applicable,low,medium,1.0,0,0,1.0,2.0
uxssCS7yVAw,storytime,medium,low,not_applicable,medium,high,2.0,0,0,2.0,3.0
8MJVAeTTMBs,vlog,low,low,not_applicable,low,medium,1.0,0,0,1.0,2.0
fQvHFyWgWYY,challenge,low,low,not_applicable,low,medium,1.0,0,0,1.0,2.0
x3mpDrbbjkU,challenge,low,low,not_applicable,low,medium,1.0,0,0,1.0,2.0
N2PycHf22Xs,vlog,medium,low,not_applicable,low,high,2.0,0,0,1.0,3.0
iV1iA_7vYt8,behind_the_scenes,low,low,not_applicable,low,low,1.0,0,0,1.0,1.0
o03EqNKQPQ0,unboxing,low,medium,not_applicable,low,medium,1.0,0,0,1.0,2.0
kub17UN5Mps,family_vlog,not_applicable,no_commercial_content,main_subject,minimal,low,0.0,0,0,0.0,1.0
7hDWGkWIjmo,vlog,not_applicable,no_commercial_content,not_applicable,minimal,low,0.0,0,0,0.0,1.0
mjctZfq8uKc,vlog,emotional_appeal,no_commercial_content,not_applicable,minimal,medium,0.0,0,0,0.0,2.0
rGlzQU9abmU,vlog,not_applicable,no_commercial_content,not_applicable,minimal,medium,0.0,0,0,0.0,2.0
ZO-_tCaOsZw,challenge,not_applicable,no_commercial_content,not_applicable,minimal,medium,0.0,0,0,0.0,2.0
6p03QvrIE9A,vlog,not_applicable,no_commercial_content,not_applicable,minimal,high,0.0,0,0,0.0,3.0
b1RvsGmBj5U,family_vlog,not_applicable,no_commercial_content,not_applicable,minimal,low,0.0,0,0,0.0,1.0
U9fsnCustOA,vlog,not_applicable,no_commercial_content,not_applicable,minimal,medium,0.0,0,0,0.0,2.0
rTtGcQuOafk,vlog,not_applicable,no_commercial_content,not_applicable,minimal,medium,0.0,0,0,0.0,2.0
fqqgEZAdwcc,vlog,emotional_appeal,no_commercial_content,not_applicable,minimal,medium,0.0,0,0,0.0,2.0
7UkDAmj5efw,vlog,low,no_commercial_content,not_applicable,low,medium,1.0,0,0,1.0,2.0
gp6YOK3On6Q,vlog,low,no_commercial_content,not_applicable,low,medium,1.0,0,0,1.0,2.0
DposaJ3XK5Q,vlog,low,no_commercial_content,not_applicable,low,low,1.0,0,0,1.0,1.0
IyIFjHPE9XM,vlog,low,no_commercial_content,not_applicable,low,low,1.0,0,0,1.0,1.0
eMWSVdcTILU,vlog,low,no_commercial_content,not_applicable,low,medium,1.0,0,0,1.0,2.0
zRYio-OyyFE,vlog,low,no_commercial_content,not_applicable,low,low,1.0,0,0,1.0,1.0
N2_5n6HAIuw,vlog,low,no_commercial_content,not_applicable,low,medium,1.0,0,0,1.0,2.0
Zkuothr255Q,entertainment,low,no_commercial_content,main_subject,low,medium,1.0,0,0,1.0,2.0
2f97RxGKNmc,entertainment,low,no_commercial_content,main_subject,low,medium,1.0,0,0,1.0,2.0
Ehd5075QVsE,entertainment,low,no_commercial_content,main_subject,low,medium,1.0,0,0,1.0,2.0
RyC99koSwXI,unboxing_and_hauls,sensational,no_commercial_signals,main_protagonist,no_privacy_concern,high,0.0,0,0,0.0,3.0
XXXZqxCnuf8,challenge,sensational,no_commercial_signals,main_protagonist,no_privacy_concern,high,0.0,0,0,0.0,3.0
zAmyFOk_kqg,diy_crafts_hacks,sensational,no_commercial_signals,main_protagonist,no_privacy_concern,high,0.0,0,0,0.0,3.0
H4IA6CFQmU0,gaming,no_emotional_manipulation,no_commercial_signals,main_protagonist,no_privacy_concern,low,0.0,0,0,0.0,1.0
mvIoz4DMnLs,challenge,sensational,no_commercial_signals,main_protagonist,no_privacy_concern,medium,0.0,0,0,0.0,2.0
_1uBOP-x4QI,challenge,sensational,no_commercial_signals,main_protagonist,no_privacy_concern,medium,0.0,0,0,0.0,2.0
7FpZ66No9wI,unboxing_and_hauls,sensational,no_commercial_signals,main_protagonist,no_privacy_concern,high,0.0,0,0,0.0,3.0
WFwJ0a3ztpE,educational_and_learning,sensational,no_commercial_signals,main_protagonist,no_privacy_concern,medium,0.0,0,0,0.0,2.0
o0V9fKsEuag,challenge,sensational,no_commercial_signals,main_protagonist,no_privacy_concern,medium,0.0,0,0,0.0,2.0
sE9uzwgaKVs,challenge,no_emotional_manipulation,no_commercial_signals,main_protagonist,no_privacy_concern,low,0.0,0,0,0.0,1.0
r9MxMw_1NWQ,gaming,none,none,protagonist,none,none,0.0,0,1,0.0,0.0
X0sbjd8bH78,challenge,none,none,protagonist,none,mild,0.0,0,1,0.0,1.0
4ESbBtPtweo,other,none,none,protagonist,none,moderate,0.0,0,1,0.0,2.0
x__SgsQ-NR0,challenge,none,none,protagonist,none,none,0.0,0,1,0.0,0.0
mVDoMlNPYRA,storytime,none,none,protagonist,none,none,0.0,0,1,0.0,0.0
TFdRt3IhHC4,travel,none,none,protagonist,none,none,0.0,0,1,0.0,0.0
U759gopVtMA,other,none,none,protagonist,none,moderate,0.0,0,1,0.0,2.0
PImDn3leRx0,toy_review,none,none,protagonist,none,moderate,0.0,0,1,0.0,2.0
-fwbBCLmEJE,daily_vlog,none,brand_mention,protagonist,none,mild,0.0,1,1,0.0,1.0
Ks-MlVDf4bM,daily_vlog,none,none,protagonist,none,none,0.0,0,1,0.0,0.0
D7qP3Fk7qv8,challenge,none,none,protagonist,none,mild,0.0,0,1,0.0,1.0
Anuqe7mOQ7w,educational,none,none,protagonist,none,mild,0.0,0,1,0.0,1.0
EtDNGZBCqRI,challenge,none,none,protagonist,none,mild,0.0,0,1,0.0,1.0
606Gy8l_rJQ,daily_vlog,none,none,protagonist,none,mild,0.0,0,1,0.0,1.0
na3jU4_BA3A,educational,none,none,protagonist,none,none,0.0,0,1,0.0,0.0
QsSB9vuEug4,toy_review,none,brand_mention,protagonist,none,mild,0.0,1,1,0.0,1.0
uym40ts0ED8,unboxing,none,none,protagonist,none,mild,0.0,0,1,0.0,1.0
7fPmKPZD_-M,educational,none,none,protagonist,none,mild,0.0,0,1,0.0,1.0
g7viLM8-R-8,daily_vlog,none,brand_mention,protagonist,none,mild,0.0,1,1,0.0,1.0
x610RKakejY,toy_review,none,brand_mention,protagonist,none,none,0.0,1,1,0.0,0.0
RG_ArFJuCO0,daily_vlog,none,none,protagonist,low,none,0.0,0,1,1.0,0.0
uygp3fTRgKk,daily_vlog,none,none,protagonist,low,mild,0.0,0,1,1.0,1.0
XCv1RxEkAwI,daily_vlog,none,none,protagonist,low,mild,0.0,0,1,1.0,1.0
mirwPV0LPJc,daily_vlog,none,none,protagonist,low,mild,0.0,0,1,1.0,1.0
NwGk1wwFrnk,daily_vlog,none,none,protagonist,low,mild,0.0,0,1,1.0,1.0
D019wgAbho8,educational,none,none,protagonist,low,none,0.0,0,1,1.0,0.0
XSEfNySrMeU,challenge,none,none,unclear,none,mild,0.0,0,0,0.0,1.0
wZH-SHl3tAg,daily_vlog,none,none,protagonist,low,none,0.0,0,1,1.0,0.0
1XqP3nxh63A,challenge,none,none,protagonist,low,none,0.0,0,1,1.0,0.0
8W9lPNpW7_s,travel,none,none,protagonist,low,mild,0.0,0,1,1.0,1.0
SoAFigs0K4k,travel,none,none,protagonist,none,mild,0.0,0,1,0.0,1.0
ULvofKOw8Tw,educational,none,none,unclear,none,none,0.0,0,0,0.0,0.0
j3VN9oeDWNU,travel,none,none,protagonist,none,mild,0.0,0,1,0.0,1.0
DpC9mFhbxoo,travel,none,none,protagonist,none,mild,0.0,0,1,0.0,1.0
YMGK4S-MG3U,other,none,none,protagonist,none,none,0.0,0,1,0.0,0.0
hCe-Q1IXJ_A,travel,none,none,protagonist,none,none,0.0,0,1,0.0,0.0
YAtaQeslTgg,other,none,none,protagonist,none,none,0.0,0,1,0.0,0.0
4AfnEIrOW-w,educational,none,none,unclear,none,none,0.0,0,0,0.0,0.0
jPW8VY0TgY8,educational,none,none,unclear,none,none,0.0,0,0,0.0,0.0
Z5EwwVLE6DM,music_dance,none,none,unclear,none,none,0.0,0,0,0.0,0.0
IE1yYiKIrS4,other,none,none,unclear,none,mild,0.0,0,0,0.0,1.0
AxqOYoXGfzI,other,none,none,unclear,none,mild,0.0,0,0,0.0,1.0
5S6RF5P7s3o,music_dance,none,none,unclear,none,none,0.0,0,0,0.0,0.0
WPSf7bXSCKE,music_dance,none,none,unclear,none,none,0.0,0,0,0.0,0.0
lBTWdWDKCDk,other,none,none,unclear,none,mild,0.0,0,0,0.0,1.0
LMztRCwmWQs,other,none,none,unclear,none,mild,0.0,0,0,0.0,1.0
cpA4YO7M4EU,other,none,none,unclear,none,none,0.0,0,0,0.0,0.0
lrdVD_ZS2fM,educational,none,none,unclear,none,none,0.0,0,0,0.0,0.0
ETJP04pt5rw,other,none,none,unclear,none,mild,0.0,0,0,0.0,1.0
dD1Mq358eX8,educational,none,none,unclear,none,none,0.0,0,0,0.0,0.0
N474nOjb7W8,other,none,none,unclear,none,mild,0.0,0,0,0.0,1.0
AiZN8UG0Dt0,other,none,none,unclear,none,none,0.0,0,0,0.0,0.0
Wg7YPvs5f44,educational,none,none,unclear,none,none,0.0,0,0,0.0,0.0
xuXYVhi9Z5M,educational,none,none,unclear,none,none,0.0,0,0,0.0,0.0
phAndvcwMfA,educational,none,none,unclear,none,none,0.0,0,0,0.0,0.0
eWntLM7UbQo,storytime,none,none,unclear,none,none,0.0,0,0,0.0,0.0
nBq3bclV46o,other,none,none,unclear,none,none,0.0,0,0,0.0,0.0
T9CWE1hvxEI,educational,none,none,unclear,none,none,0.0,0,0,0.0,0.0
C1VUj_XZcqU,educational,none,none,unclear,none,mild,0.0,0,0,0.0,1.0
w4Y74Dj1lBk,educational,none,none,unclear,none,none,0.0,0,0,0.0,0.0
zOvy0z8qK_I,music_dance,none,none,unclear,none,none,0.0,0,0,0.0,0.0
dkq_f-3Yly4,music_dance,none,none,unclear,none,none,0.0,0,0,0.0,0.0
8gbZ1c44ksw,other,none,none,unclear,none,mild,0.0,0,0,0.0,1.0
pzKyj7sNCoE,other,none,none,unclear,none,none,0.0,0,0,0.0,0.0
UhP0Gel5tZs,music_dance,none,none,unclear,none,none,0.0,0,0,0.0,0.0
d3pLIi2ah6o,music_dance,none,none,unclear,none,none,0.0,0,0,0.0,0.0
SoWABnkaiCs,music_dance,none,none,unclear,none,none,0.0,0,0,0.0,0.0
Ja_GXBceeas,educational,none,none,unclear,none,none,0.0,0,0,0.0,0.0
2fKX-zrK1rg,educational,none,none,unclear,none,none,0.0,0,0,0.0,0.0
JcH7DB0XMIA,educational,none,none,unclear,none,none,0.0,0,0,0.0,0.0
TC5OHiry6HI,music_dance,none,none,unclear,none,none,0.0,0,0,0.0,0.0
J5P3QLV6Mpw,music_dance,none,none,unclear,none,none,0.0,0,0,0.0,0.0
q6Uy-IItLWc,music_dance,none,none,unclear,none,none,0.0,0,0,0.0,0.0
bT8518Z7Bbk,music_dance,none,none,unclear,none,none,0.0,0,0,0.0,0.0
LT8VDwZ_Qxg,music_dance,none,none,unclear,none,none,0.0,0,0,0.0,0.0
FF6Zv0T9Pdg,music_dance,none,none,unclear,none,none,0.0,0,0,0.0,0.0
lF2RR9yD3qM,music_dance,none,none,unclear,none,none,0.0,0,0,0.0,0.0
pgjtrrtkiy0,music_dance,none,none,unclear,none,none,0.0,0,0,0.0,0.0
Cxt4JxR55xs,music_dance,none,none,unclear,none,none,0.0,0,0,0.0,0.0
vxS_ua_lRBw,music_dance,none,none,unclear,none,none,0.0,0,0,0.0,0.0
se1jjaWaA_c,music_dance,none,none,unclear,none,none,0.0,0,0,0.0,0.0
ZtmYtP3P_yI,music_dance,none,none,unclear,none,none,0.0,0,0,0.0,0.0
1h1nEogrIr8,other,none,none,unclear,none,none,0.0,0,0,0.0,0.0
3ZaIsuhJKj8,music_dance,none,none,unclear,none,none,0.0,0,0,0.0,0.0
V_qwxSw1X68,music_dance,none,none,unclear,none,none,0.0,0,0,0.0,0.0
yW2lOu2wQmo,music_dance,none,none,unclear,none,none,0.0,0,0,0.0,0.0
milB5UIBOYY,other,none,none,unclear,none,none,0.0,0,0,0.0,0.0
wX8DkBRQn1M,challenge,none,none,co_star,none,mild,0.0,0,0,0.0,1.0
njxBhJCQkVs,challenge,none,none,unclear,none,moderate,0.0,0,0,0.0,2.0
R-_VCHBV05Y,storytime,none,none,unclear,none,none,0.0,0,0,0.0,0.0
EsryyvvVJ98,storytime,none,none,protagonist,none,none,0.0,0,1,0.0,0.0
dWVGJnRpvms,storytime,none,none,protagonist,none,none,0.0,0,1,0.0,0.0
UgUj8RtK4sg,storytime,none,none,protagonist,none,none,0.0,0,1,0.0,0.0
Sa9XEYQY6YM,storytime,none,none,protagonist,none,none,0.0,0,1,0.0,0.0
C2DIJRsuVMM,storytime,none,none,protagonist,none,none,0.0,0,1,0.0,0.0
dH5Fl-Og4gk,storytime,none,none,protagonist,none,none,0.0,0,1,0.0,0.0
Dupk3APmY9g,storytime,none,none,protagonist,none,none,0.0,0,1,0.0,0.0
1U6aRpOdMTM,storytime,none,none,protagonist,none,none,0.0,0,1,0.0,0.0
Zej8UVE8le4,storytime,none,none,protagonist,none,none,0.0,0,1,0.0,0.0
e5d5JsQVuZQ,storytime,none,none,protagonist,none,none,0.0,0,1,0.0,0.0
hXUdjptojRY,other,none,none,unclear,none,none,0.0,0,0,0.0,0.0
i7x-n7Ih-Dw,other,none,none,unclear,none,none,0.0,0,0,0.0,0.0
jEuImeqjzNw,other,none,none,unclear,none,none,0.0,0,0,0.0,0.0
iy2dEDyQo8w,other,none,none,unclear,none,none,0.0,0,0,0.0,0.0
DAyMrzgqvwg,other,none,none,unclear,none,none,0.0,0,0,0.0,0.0
Yel9STK8uk0,other,none,none,unclear,none,none,0.0,0,0,0.0,0.0
AOzqV2ftGHg,other,none,none,unclear,none,none,0.0,0,0,0.0,0.0
olKzO7FgHcY,other,none,none,unclear,none,none,0.0,0,0,0.0,0.0
mqfyyx6qKqw,other,none,brand_mention,unclear,none,none,0.0,1,0,0.0,0.0
N0_O3Pok6x8,other,none,none,unclear,none,none,0.0,0,0,0.0,0.0
nKgLjGCOWcE,storytime,none,none,protagonist,none,none,0.0,0,1,0.0,0.0
97m8vawur54,storytime,none,none,protagonist,none,none,0.0,0,1,0.0,0.0
AOQ2x_LyNEI,storytime,none,none,protagonist,none,none,0.0,0,1,0.0,0.0
CjsKGUCISc0,storytime,none,none,protagonist,none,none,0.0,0,1,0.0,0.0
Y6wgP1hIIXA,storytime,none,none,protagonist,none,none,0.0,0,1,0.0,0.0
dKcqFX66IdA,challenge,none,none,protagonist,none,none,0.0,0,1,0.0,0.0
ssZ3Q25-25c,challenge,none,none,protagonist,none,none,0.0,0,1,0.0,0.0
6oqbf77oIVo,challenge,none,none,protagonist,none,none,0.0,0,1,0.0,0.0
qPchvXbxNcM,challenge,none,none,protagonist,none,none,0.0,0,1,0.0,0.0
HCqMHX0rlEs,challenge,none,none,unclear,none,none,0.0,0,0,0.0,0.0
_Jvahv4LT5Y,challenge,none,none,protagonist,none,none,0.0,0,1,0.0,0.0
GCkANZc2CDo,challenge,none,none,protagonist,none,none,0.0,0,1,0.0,0.0
0m6hvxsLfxU,storytime,none,none,protagonist,none,none,0.0,0,1,0.0,0.0
ZkJbYswEwt0,storytime,none,none,protagonist,none,none,0.0,0,1,0.0,0.0
JR4WKp3mzAU,other,none,none,protagonist,none,none,0.0,0,1,0.0,0.0
n3g7ZwUweT0,storytime,none,none,protagonist,none,none,0.0,0,1,0.0,0.0
A8wXXTb_r2o,storytime,none,none,protagonist,none,none,0.0,0,1,0.0,0.0
hQEeD7eYbH4,storytime,none,none,protagonist,none,none,0.0,0,1,0.0,0.0
bMVMVKJWbKs,storytime,none,none,protagonist,none,none,0.0,0,1,0.0,0.0
cMqCWy7q6sI,storytime,none,none,protagonist,none,none,0.0,0,1,0.0,0.0
hWkH4EJciAI,educational,none,none,unclear,none,none,0.0,0,0,0.0,0.0
5GY5gplXX2Y,educational,none,none,unclear,none,none,0.0,0,0,0.0,0.0
4rNF1lUbLDY,educational,none,none,unclear,none,none,0.0,0,0,0.0,0.0
xBcGkO7a4Xw,educational,none,none,unclear,none,none,0.0,0,0,0.0,0.0
qBrJhBg0Me4,educational,none,none,unclear,none,none,0.0,0,0,0.0,0.0
zilwuleL9QI,educational,none,none,unclear,none,none,0.0,0,0,0.0,0.0
H9Ra2u5OuUE,educational,none,none,unclear,none,none,0.0,0,0,0.0,0.0
5pKNbIKjkGM,educational,none,none,unclear,none,none,0.0,0,0,0.0,0.0
liaaA-DB_Xg,educational,none,none,unclear,none,none,0.0,0,0,0.0,0.0
isIbns54pj4,educational,none,none,unclear,none,none,0.0,0,0,0.0,0.0
D4D31llKRF4,educational,none,none,unclear,none,none,0.0,0,0,0.0,0.0
3FQQ6Erq1-M,educational,none,none,unclear,none,none,0.0,0,0,0.0,0.0
uI66sL6Xrf8,educational,none,none,unclear,none,none,0.0,0,0,0.0,0.0
5LKg86kwBqY,educational,none,none,unclear,none,none,0.0,0,0,0.0,0.0
NdWMJlEhSc8,educational,none,none,unclear,none,none,0.0,0,0,0.0,0.0
gcOwjtBBGzo,educational,none,none,unclear,none,none,0.0,0,0,0.0,0.0
tjlqjc3vZTc,educational,none,none,unclear,none,none,0.0,0,0,0.0,0.0
H-mDb1dtHiE,educational,none,none,unclear,none,none,0.0,0,0,0.0,0.0
0vSkV-oB46o,educational,none,none,unclear,none,none,0.0,0,0,0.0,0.0
Cxu-B2whG5s,educational,none,none,unclear,none,none,0.0,0,0,0.0,0.0
_QjvsfM0NVo,educational,none,none,protagonist,none,none,0.0,0,1,0.0,0.0
Ajpv88dwHsA,educational,none,none,protagonist,none,none,0.0,0,1,0.0,0.0
_VC_Zp8URrE,educational,none,none,protagonist,none,none,0.0,0,1,0.0,0.0
e96KR0Dbbuk,educational,none,none,protagonist,none,none,0.0,0,1,0.0,0.0
5i-IRVe_dBY,educational,none,none,protagonist,none,none,0.0,0,1,0.0,0.0
5IIIHNq-bv8,educational,none,none,protagonist,none,none,0.0,0,1,0.0,0.0
nj_WcoCApH0,educational,none,none,protagonist,none,none,0.0,0,1,0.0,0.0
Ccq22w9BQo4,educational,none,none,protagonist,none,none,0.0,0,1,0.0,0.0
ZlIWviAkaqA,educational,none,none,protagonist,none,none,0.0,0,1,0.0,0.0
i3OTS6u71ro,educational,none,none,protagonist,none,none,0.0,0,1,0.0,0.0
1dkQG7GEEaQ,educational,none,none,protagonist,none,none,0.0,0,1,0.0,0.0
oI8QYH0lr7A,educational,none,none,protagonist,none,none,0.0,0,1,0.0,0.0
0H93NpnkEEo,educational,none,none,protagonist,none,none,0.0,0,1,0.0,0.0
wLJBKvrR5SY,educational,none,none,protagonist,none,none,0.0,0,1,0.0,0.0
LQ-MabASKx8,educational,none,none,protagonist,none,none,0.0,0,1,0.0,0.0
Nhcft_Q9tC4,educational,none,none,protagonist,none,none,0.0,0,1,0.0,0.0
zt3ID5MGC0U,educational,none,none,protagonist,none,none,0.0,0,1,0.0,0.0
te5UWAqPXWo,educational,none,none,protagonist,none,none,0.0,0,1,0.0,0.0
29eL03h6qPE,educational,none,none,protagonist,none,none,0.0,0,1,0.0,0.0
5YbqF7bFCLE,educational,none,none,protagonist,none,none,0.0,0,1,0.0,0.0
8f9guccSNoY,educational,none,none,unclear,none,none,0.0,0,0,0.0,0.0
l-yEoSjPZyI,educational,none,none,unclear,none,none,0.0,0,0,0.0,0.0
c7Y4e59r5FY,educational,none,none,unclear,none,none,0.0,0,0,0.0,0.0
-Pp8e_xxrBI,educational,none,none,unclear,none,none,0.0,0,0,0.0,0.0
D3FF_GumeaA,educational,none,none,unclear,none,none,0.0,0,0,0.0,0.0
7Q8SysBQ4zk,educational,none,none,unclear,none,none,0.0,0,0,0.0,0.0
DN08f-ZbvvM,educational,none,none,unclear,none,none,0.0,0,0,0.0,0.0
yghffBzJ7ng,daily_vlog,none,none,protagonist,none,none,0.0,0,1,0.0,0.0
qczPDhMPV2A,daily_vlog,none,none,protagonist,none,none,0.0,0,1,0.0,0.0
1eIRSUj_nJc,daily_vlog,none,none,protagonist,none,none,0.0,0,1,0.0,0.0
amg6uFrhcYo,daily_vlog,none,none,unclear,none,none,0.0,0,0,0.0,0.0
k7NmJ4LV8tY,daily_vlog,none,none,unclear,none,none,0.0,0,0,0.0,0.0
NJFLn-Qow-s,other,none,none,unclear,none,none,0.0,0,0,0.0,0.0
6ZZrl5YjomY,daily_vlog,none,none,unclear,none,none,0.0,0,0,0.0,0.0
Myoow0b_5pg,travel,none,none,unclear,none,moderate,0.0,0,0,0.0,2.0
sSJeuF6-c4Q,travel,none,none,unclear,none,moderate,0.0,0,0,0.0,2.0
tkL-33KtAzU,daily_vlog,none,none,unclear,none,none,0.0,0,0,0.0,0.0
dVa7oipxp8g,daily_vlog,none,none,unclear,none,none,0.0,0,0,0.0,0.0
sw9S8lxAOkE,educational,none,none,unclear,none,none,0.0,0,0,0.0,0.0
iI0-Hb4YYec,daily_vlog,none,none,unclear,none,mild,0.0,0,0,0.0,1.0
JjjGz4O-7dE,other,none,none,unclear,none,mild,0.0,0,0,0.0,1.0
OFkUpILPP8c,storytime,mild,none,unclear,low,moderate,1.0,0,0,1.0,2.0
8l45VwkEJYM,other,none,none,unclear,none,mild,0.0,0,0,0.0,1.0
KpY7dISkYyI,daily_vlog,none,none,unclear,none,mild,0.0,0,0,0.0,1.0
HQCseVYFKew,storytime,mild,none,unclear,low,moderate,1.0,0,0,1.0,2.0
HYAwWDrlJgA,daily_vlog,none,none,unclear,none,mild,0.0,0,0,0.0,1.0
tgvoTCl2BWM,daily_vlog,none,none,unclear,none,mild,0.0,0,0,0.0,1.0
jdQtNJWgAm8,travel,none,none,unclear,none,moderate,0.0,0,0,0.0,2.0
nHCdhddV0ao,storytime,mild,none,unclear,low,moderate,1.0,0,0,1.0,2.0
Bp-jxGqYudw,daily_vlog,none,none,unclear,low,moderate,0.0,0,0,1.0,2.0
SqEgMVY0iTY,travel,mild,none,unclear,none,mild,1.0,0,0,0.0,1.0
BubS2AVVdRg,daily_vlog,none,none,unclear,none,none,0.0,0,0,0.0,0.0
JKXTpWv4FMU,daily_vlog,none,none,unclear,none,none,0.0,0,0,0.0,0.0
tSvzwonTOes,travel,mild,none,unclear,none,mild,1.0,0,0,0.0,1.0
qBWWAqs-dtI,unboxing,none,none,unclear,none,mild,0.0,0,0,0.0,1.0
nqSHQcbny78,daily_vlog,mild,none,unclear,none,mild,1.0,0,0,0.0,1.0
f2_eJrBVRW4,cooking,none,none,unclear,none,none,0.0,0,0,0.0,0.0
r3NTKjPVa9g,travel,none,none,unclear,none,none,0.0,0,0,0.0,0.0
tKg0bKPFTaQ,other,none,none,unclear,none,none,0.0,0,0,0.0,0.0
7zQWsyJboSA,reaction,moderate,none,unclear,none,moderate,2.0,0,0,0.0,2.0
JOrSMpvSCL0,travel,mild,none,unclear,none,mild,1.0,0,0,0.0,1.0
Mt74uWfS0AA,reaction,none,none,unclear,none,mild,0.0,0,0,0.0,1.0
gHvsI_zRw1w,reaction,none,none,unclear,none,mild,0.0,0,0,0.0,1.0
8E_yPp8rOEo,reaction,none,none,unclear,none,mild,0.0,0,0,0.0,1.0
UzfJjZzlT4Y,other,mild,none,unclear,none,mild,1.0,0,0,0.0,1.0
1wNmrh2PufE,daily_vlog,none,none,unclear,none,none,0.0,0,0,0.0,0.0
gM_5gFwrymg,reaction,none,none,unclear,none,mild,0.0,0,0,0.0,1.0
pEoOsWitsTg,storytime,moderate,none,unclear,none,moderate,2.0,0,0,0.0,2.0
aGJy6Qdp7VM,reaction,none,none,unclear,none,mild,0.0,0,0,0.0,1.0
am9Q8KwQJ9Q,daily_vlog,mild,none,unclear,low,mild,1.0,0,0,1.0,1.0
9u9_Q72maJo,storytime,moderate,none,unclear,low,moderate,2.0,0,0,1.0,2.0
6xAz0EaZh3c,daily_vlog,mild,none,unclear,none,mild,1.0,0,0,0.0,1.0
dwj-ylgeoPs,reaction,mild,none,unclear,none,moderate,1.0,0,0,0.0,2.0
2HQYDiyYeWc,travel,mild,none,unclear,none,moderate,1.0,0,0,0.0,2.0
AMujnqr3ZzI,reaction,mild,none,unclear,none,moderate,1.0,0,0,0.0,2.0
ZbfUJHDxwZE,travel,mild,none,unclear,none,mild,1.0,0,0,0.0,1.0
Z-ExTha8dpM,reaction,mild,none,unclear,none,moderate,1.0,0,0,0.0,2.0
x-52_Zi9Xsk,other,none,none,unclear,none,none,0.0,0,0,0.0,0.0
SCpzFTSILPY,cooking,none,none,unclear,none,none,0.0,0,0,0.0,0.0
cmgDlZIU6sw,educational,mild,none,unclear,none,mild,1.0,0,0,0.0,1.0
bVitMYcHBF8,other,none,none,protagonist,low,none,0.0,0,1,1.0,0.0
cqd82IBMt0E,other,none,none,unclear,none,none,0.0,0,0,0.0,0.0
PTmZWihz5w8,storytime,moderate,none,protagonist,moderate,mild,2.0,0,1,2.0,1.0
nqdmexo5OGw,cooking,none,none,unclear,none,none,0.0,0,0,0.0,0.0
kxuAycQcwOE,travel,none,none,unclear,none,none,0.0,0,0,0.0,0.0
E6M3C_2izgM,storytime,mild,none,protagonist,low,mild,1.0,0,1,1.0,1.0
sIoQlfBG7fs,educational,none,none,unclear,none,none,0.0,0,0,0.0,0.0
CUsyl4pirS8,other,none,none,unclear,none,none,0.0,0,0,0.0,0.0
oUGKE4-vuzA,other,none,none,co_star,low,none,0.0,0,0,1.0,0.0
CPF1lD_TuWM,other,none,none,unclear,none,none,0.0,0,0,0.0,0.0
pBwTo9RcTCA,other,none,none,unclear,none,none,0.0,0,0,0.0,0.0
sg7XFpkiuqU,other,none,none,unclear,none,none,0.0,0,0,0.0,0.0
9gkZmmXtJWI,storytime,none,none,protagonist,low,none,0.0,0,1,1.0,0.0
DQjinrgTAo4,other,none,none,unclear,none,mild,0.0,0,0,0.0,1.0
VyvHVOG9N2o,storytime,none,none,protagonist,low,none,0.0,0,1,1.0,0.0
aNAKjHZEzh8,storytime,none,none,protagonist,low,none,0.0,0,1,1.0,0.0
xYVpUU9gPzU,other,none,none,protagonist,low,mild,0.0,0,1,1.0,1.0
JGBsGTEE2ss,other,none,none,unclear,none,none,0.0,0,0,0.0,0.0
9uE_8CWl7_0,daily_vlog,none,none,protagonist,low,none,0.0,0,1,1.0,0.0
XDCH-weGHYo,daily_vlog,none,none,protagonist,low,none,0.0,0,1,1.0,0.0
VajfQgTB6gI,other,none,brand_mention,unclear,none,none,0.0,1,0,0.0,0.0
OFR1T50Q_Gc,other,none,brand_mention,protagonist,none,none,0.0,1,1,0.0,0.0
5t89ajnI0pk,other,none,brand_mention,protagonist,none,none,0.0,1,1,0.0,0.0
MWJy6KngfXs,other,none,brand_mention,protagonist,none,none,0.0,1,1,0.0,0.0
EIfOpP7X4sc,other,none,brand_mention,protagonist,none,none,0.0,1,1,0.0,0.0
tJA1yfetXHY,other,none,brand_mention,unclear,none,none,0.0,1,0,0.0,0.0
cGrg5fbOV_s,other,none,brand_mention,protagonist,none,none,0.0,1,1,0.0,0.0
rWUu5m9TWJY,other,none,brand_mention,unclear,none,none,0.0,1,0,0.0,0.0
76lFTZpTntg,other,none,brand_mention,unclear,none,none,0.0,1,0,0.0,0.0
V0gJCMMg3dk,other,none,brand_mention,unclear,none,none,0.0,1,0,0.0,0.0
meGKT38KUaM,other,none,brand_mention,unclear,none,none,0.0,1,0,0.0,0.0
CKoWfBlCYCA,other,none,none,unclear,none,mild,0.0,0,0,0.0,1.0
q6nFxdADpAU,other,none,none,protagonist,none,none,0.0,0,1,0.0,0.0
yM1dE6rvZ-k,other,none,none,protagonist,none,none,0.0,0,1,0.0,0.0
8t_pIHomSjw,other,none,none,protagonist,none,none,0.0,0,1,0.0,0.0
ihbyr394iH8,other,none,product_placement,protagonist,none,none,0.0,1,1,0.0,0.0
H01TC2qAcx4,other,none,none,unclear,none,none,0.0,0,0,0.0,0.0
0TFPDWucvVo,other,none,product_placement,unclear,none,none,0.0,1,0,0.0,0.0
EaKLu9f-b4Q,other,none,none,protagonist,none,none,0.0,0,1,0.0,0.0
NpdsvIteA1k,educational,none,none,protagonist,none,none,0.0,0,1,0.0,0.0
xF0LWEmqubo,other,none,none,unclear,none,mild,0.0,0,0,0.0,1.0
-udH6vBShAk,unboxing,none,brand_mention,protagonist,none,none,0.0,1,1,0.0,0.0
Pgmrr1tyrkA,educational,none,none,protagonist,none,mild,0.0,0,1,0.0,1.0
Lo5dH-jNdOU,other,none,none,protagonist,none,mild,0.0,0,1,0.0,1.0
CCquDpVL014,other,none,none,protagonist,none,mild,0.0,0,1,0.0,1.0
0pnmmX4lYOw,storytime,none,none,protagonist,none,none,0.0,0,1,0.0,0.0
ieAnnnTn7R0,storytime,none,none,protagonist,none,none,0.0,0,1,0.0,0.0
iTooRBH_Mtw,challenge,none,none,unclear,none,mild,0.0,0,0,0.0,1.0
8E5jOr8NkvM,challenge,none,none,unclear,none,mild,0.0,0,0,0.0,1.0
r9IBQ-Th6s4,cooking,none,none,unclear,none,mild,0.0,0,0,0.0,1.0
DRnykWMAiKw,gaming,none,none,co_star,low,none,0.0,0,0,1.0,0.0
ouct6UrIGOo,gaming,none,none,co_star,low,none,0.0,0,0,1.0,0.0
fW4cvgxkXgg,cooking,none,none,unclear,none,none,0.0,0,0,0.0,0.0
iW8BSW_Eh5A,challenge,none,none,unclear,low,mild,0.0,0,0,1.0,1.0
2u4v1uWsxp4,challenge,none,none,unclear,low,mild,0.0,0,0,1.0,1.0
x2HPmPNMdLk,challenge,none,none,unclear,low,none,0.0,0,0,1.0,0.0
fSKbLGc0J_Y,reaction,none,none,unclear,low,moderate,0.0,0,0,1.0,2.0
ypkLyRaf6pY,challenge,none,none,unclear,low,mild,0.0,0,0,1.0,1.0
wf-RNPt6w-I,challenge,none,none,unclear,low,none,0.0,0,0,1.0,0.0
gLa6hM_r9Zo,unboxing,none,none,co_star,low,none,0.0,0,0,1.0,0.0
mBMzKljcSho,daily_vlog,mild,none,unclear,low,moderate,1.0,0,0,1.0,2.0
SNsAgIIZZTA,daily_vlog,mild,none,unclear,low,moderate,1.0,0,0,1.0,2.0
9E0gPaVFAUo,daily_vlog,mild,none,unclear,low,mild,1.0,0,0,1.0,1.0
wlLZpVl8BTw,daily_vlog,mild,none,unclear,low,moderate,1.0,0,0,1.0,2.0
l-7aqR2L4ew,daily_vlog,none,none,unclear,low,mild,0.0,0,0,1.0,1.0
2S3XxJ_ju-E,daily_vlog,none,none,unclear,low,mild,0.0,0,0,1.0,1.0
NrqV3Zu7LU0,daily_vlog,none,none,protagonist,moderate,mild,0.0,0,1,2.0,1.0
Lw0RaF_ayKA,daily_vlog,none,none,unclear,low,mild,0.0,0,0,1.0,1.0
LOrEn59rDDk,daily_vlog,mild,none,unclear,low,moderate,1.0,0,0,1.0,2.0
aDnOvz5YxGQ,daily_vlog,mild,none,unclear,low,moderate,1.0,0,0,1.0,2.0
WSlVdQiN3jk,daily_vlog,none,none,unclear,low,mild,0.0,0,0,1.0,1.0
3EV_NOd_hJU,cooking,none,none,unclear,none,mild,0.0,0,0,0.0,1.0
unRlp0PEHdo,cooking,none,none,unclear,none,mild,0.0,0,0,0.0,1.0
sQIG4pquxPc,cooking,none,none,unclear,none,mild,0.0,0,0,0.0,1.0
CQWoIDNsN3E,cooking,none,none,unclear,none,mild,0.0,0,0,0.0,1.0
x_YI52zdXzY,cooking,none,none,unclear,none,mild,0.0,0,0,0.0,1.0
mqaiN5t3IQE,cooking,none,none,unclear,none,mild,0.0,0,0,0.0,1.0
v5PbF8DNaM4,cooking,none,none,unclear,none,mild,0.0,0,0,0.0,1.0
KA8MHZYcQlI,cooking,none,none,unclear,none,mild,0.0,0,0,0.0,1.0
q8Wsaw0kI9c,cooking,none,none,unclear,none,mild,0.0,0,0,0.0,1.0
H3BX5Bekx-Y,cooking,none,none,unclear,none,none,0.0,0,0,0.0,0.0
i1woA1oad_8,daily_vlog,mild,none,unclear,low,mild,1.0,0,0,1.0,1.0
3yf6hNf4ubY,daily_vlog,mild,none,cameo,low,mild,1.0,0,0,1.0,1.0
MGjbvke2xuk,daily_vlog,mild,none,unclear,low,mild,1.0,0,0,1.0,1.0
cJraEhWrTRM,daily_vlog,none,none,co_star,low,none,0.0,0,0,1.0,0.0
EBFiP0yIgaU,routine,mild,brand_mention,protagonist,moderate,mild,1.0,1,1,2.0,1.0
g_8zze_4dW0,unboxing,mild,brand_mention,co_star,low,mild,1.0,1,0,1.0,1.0
JN1iP92hHJM,daily_vlog,moderate,none,unclear,low,moderate,2.0,0,0,1.0,2.0
oJwiBbNASbc,daily_vlog,mild,none,co_star,low,mild,1.0,0,0,1.0,1.0
BJzIsuWjmlo,daily_vlog,moderate,none,protagonist,moderate,moderate,2.0,0,1,2.0,2.0
fU4arzB3XNU,daily_vlog,mild,none,co_star,low,mild,1.0,0,0,1.0,1.0
7y70vyTfYsc,other,moderate,none,unclear,moderate,moderate,2.0,0,0,2.0,2.0
TnjIwv_M1Mk,routine,mild,none,protagonist,moderate,mild,1.0,0,1,2.0,1.0
Vf6hcoV8IZo,travel,mild,none,protagonist,low,mild,1.0,0,1,1.0,1.0
ChLodKdENkI,educational,none,none,co_star,low,mild,0.0,0,0,1.0,1.0
tw3R3LL9eXM,daily_vlog,mild,none,protagonist,low,mild,1.0,0,1,1.0,1.0
a9NR6u0ZSqE,daily_vlog,mild,none,co_star,low,mild,1.0,0,0,1.0,1.0
oF7Kf33Fi-A,daily_vlog,mild,none,co_star,low,mild,1.0,0,0,1.0,1.0
lUNcIXK2XxE,daily_vlog,mild,none,protagonist,moderate,mild,1.0,0,1,2.0,1.0
iJURvFOAzpc,other,mild,none,co_star,low,mild,1.0,0,0,1.0,1.0
8_Typ3xtKkA,daily_vlog,moderate,none,protagonist,high,severe,2.0,0,1,3.0,3.0
6k71gVkxuEg,daily_vlog,mild,none,protagonist,moderate,moderate,1.0,0,1,2.0,2.0
DDnKhF-N9ms,other,none,brand_mention,cameo,low,mild,0.0,1,0,1.0,1.0
k89wKV10_Ao,daily_vlog,moderate,none,protagonist,high,moderate,2.0,0,1,3.0,2.0
kBkZo8PSRDo,daily_vlog,moderate,none,cameo,moderate,moderate,2.0,0,0,2.0,2.0
5yK0lAEB_EI,daily_vlog,moderate,none,unclear,high,moderate,2.0,0,0,3.0,2.0
hdt2MNZ68xQ,daily_vlog,mild,none,protagonist,moderate,moderate,1.0,0,1,2.0,2.0
_uIbVR8PV4g,travel,none,none,protagonist,moderate,mild,0.0,0,1,2.0,1.0
4L4UtHXv5tY,daily_vlog,mild,none,protagonist,high,moderate,1.0,0,1,3.0,2.0
K7Vqw9Ac10M,daily_vlog,mild,none,cameo,moderate,moderate,1.0,0,0,2.0,2.0
oMclISi2SDQ,challenge,mild,none,protagonist,low,mild,1.0,0,1,1.0,1.0
lfcpug7zt3k,daily_vlog,mild,none,unclear,low,moderate,1.0,0,0,1.0,2.0
LWKwP03ciAE,daily_vlog,severe,none,unclear,high,severe,3.0,0,0,3.0,3.0
2-e6Um7-qYE,daily_vlog,none,none,unclear,low,mild,0.0,0,0,1.0,1.0
f3Ff6ZbH6eI,daily_vlog,mild,none,co_star,low,none,1.0,0,0,1.0,0.0
8fSZDD3Tx8I,daily_vlog,mild,none,co_star,low,mild,1.0,0,0,1.0,1.0
rQHeRYnMa3Y,daily_vlog,mild,none,unclear,low,moderate,1.0,0,0,1.0,2.0
3EYUiwzu4Z0,daily_vlog,severe,none,unclear,high,severe,3.0,0,0,3.0,3.0
yEWXDhqXp88,daily_vlog,severe,none,unclear,high,severe,3.0,0,0,3.0,3.0
kDVE3yY5fjU,daily_vlog,mild,none,protagonist,low,none,1.0,0,1,1.0,0.0
kNOlgdZoNfU,educational,none,none,unclear,none,none,0.0,0,0,0.0,0.0
0Bd7WVECY_Q,other,moderate,none,unclear,moderate,mild,2.0,0,0,2.0,1.0
5cGA_cNaVIM,daily_vlog,moderate,none,protagonist,moderate,mild,2.0,0,1,2.0,1.0
BykUxs-dpio,daily_vlog,severe,none,unclear,high,moderate,3.0,0,0,3.0,2.0
pog38h710Q8,daily_vlog,mild,none,protagonist,low,mild,1.0,0,1,1.0,1.0
1IPavLHdkZM,daily_vlog,moderate,none,unclear,moderate,moderate,2.0,0,0,2.0,2.0
xcEIGiV1AGE,daily_vlog,mild,none,unclear,low,mild,1.0,0,0,1.0,1.0
9vt69dxt6PI,daily_vlog,none,none,protagonist,low,none,0.0,0,1,1.0,0.0
-osvLOzJ67k,other,none,none,cameo,low,none,0.0,0,0,1.0,0.0
bjsFComjJgs,daily_vlog,none,none,protagonist,low,none,0.0,0,1,1.0,0.0
J8Dt2GDLaYc,daily_vlog,none,none,unclear,low,none,0.0,0,0,1.0,0.0
OlGA5ssqqyM,daily_vlog,none,none,unclear,low,mild,0.0,0,0,1.0,1.0
SsdlxIrqmso,unboxing,none,brand_mention,cameo,low,mild,0.0,1,0,1.0,1.0
KBXBR4MQfwY,routine,none,none,cameo,low,mild,0.0,0,0,1.0,1.0
qNBGDZK0nfQ,routine,none,none,unclear,low,mild,0.0,0,0,1.0,1.0
9wUhMotnp6M,routine,none,none,unclear,low,mild,0.0,0,0,1.0,1.0
Qbs5-ERMN2o,routine,mild,none,unclear,low,mild,1.0,0,0,1.0,1.0
5_LcyXY39Cw,other,none,none,unclear,low,mild,0.0,0,0,1.0,1.0
LCPk_RjTG3I,routine,none,none,unclear,low,mild,0.0,0,0,1.0,1.0
vQBlfPVmKNk,unboxing,none,brand_mention,unclear,low,mild,0.0,1,0,1.0,1.0
R0tmTVZTv4Q,daily_vlog,none,none,unclear,low,none,0.0,0,0,1.0,0.0
usUGGYqkhoU,other,none,brand_mention,unclear,low,mild,0.0,1,0,1.0,1.0
DggMtnQHUt4,other,none,brand_mention,unclear,low,mild,0.0,1,0,1.0,1.0
DuS_uEJNUmk,daily_vlog,none,brand_mention,unclear,low,none,0.0,1,0,1.0,0.0
E_bAjlfN8aw,daily_vlog,none,brand_mention,unclear,low,none,0.0,1,0,1.0,0.0
OL5WYGn-_-s,daily_vlog,none,none,unclear,low,none,0.0,0,0,1.0,0.0
YfyJ4oddKmQ,other,none,brand_mention,unclear,low,mild,0.0,1,0,1.0,1.0
xk3I6bEnWI4,daily_vlog,none,none,unclear,low,none,0.0,0,0,1.0,0.0
T5iA1UYhdzA,daily_vlog,none,none,unclear,low,none,0.0,0,0,1.0,0.0
3hpKpkIe9dw,daily_vlog,none,none,unclear,low,none,0.0,0,0,1.0,0.0
mzbZx-ugI-s,routine,none,none,unclear,low,none,0.0,0,0,1.0,0.0
tKjPjhatr9E,routine,none,none,unclear,low,none,0.0,0,0,1.0,0.0
9tm7GsCVrMU,routine,none,none,unclear,low,none,0.0,0,0,1.0,0.0
9WhWY0OvxF8,routine,mild,none,unclear,low,none,1.0,0,0,1.0,0.0
G811otwdjlI,other,none,brand_mention,unclear,none,none,0.0,1,0,0.0,0.0
NnlD9q5qg20,routine,none,none,unclear,low,none,0.0,0,0,1.0,0.0
Tyh1nJiRUYw,routine,mild,none,unclear,low,moderate,1.0,0,0,1.0,2.0
rlYb9yckHuk,routine,none,none,unclear,low,none,0.0,0,0,1.0,0.0
vNQOngPhspg,routine,none,none,unclear,low,none,0.0,0,0,1.0,0.0
0Px-1QsbmWo,daily_vlog,none,none,unclear,low,mild,0.0,0,0,1.0,1.0
K9UPqymnLUo,routine,mild,none,unclear,low,mild,1.0,0,0,1.0,1.0
6eYQcioSrDk,storytime,mild,none,unclear,low,mild,1.0,0,0,1.0,1.0
ih7B19mIlhQ,routine,mild,none,unclear,low,moderate,1.0,0,0,1.0,2.0
JI-ZRJrWq78,routine,none,none,unclear,low,mild,0.0,0,0,1.0,1.0
jP6-Hg6o8dE,routine,none,none,unclear,low,mild,0.0,0,0,1.0,1.0
cTq3ov2LVtA,storytime,mild,none,unclear,low,mild,1.0,0,0,1.0,1.0
92UYn-Le2jY,routine,none,none,unclear,low,mild,0.0,0,0,1.0,1.0
PJDCelULpXM,routine,mild,none,unclear,low,mild,1.0,0,0,1.0,1.0
qhV8hD_TWns,routine,none,none,unclear,low,mild,0.0,0,0,1.0,1.0
xWG3PDdS3Xo,routine,none,none,unclear,low,mild,0.0,0,0,1.0,1.0
kb1Yy3cEf-g,other,none,brand_mention,unclear,none,mild,0.0,1,0,0.0,1.0
NmI87Rn2BjU,daily_vlog,none,none,protagonist,low,mild,0.0,0,1,1.0,1.0
1d8zereFcjo,routine,mild,none,unclear,none,moderate,1.0,0,0,0.0,2.0
IlXPbz0MPPM,routine,mild,none,unclear,none,moderate,1.0,0,0,0.0,2.0
3LCVcI5My9I,daily_vlog,none,none,unclear,none,mild,0.0,0,0,0.0,1.0
2mUrkxwrYeQ,unboxing,none,brand_mention,cameo,low,mild,0.0,1,0,1.0,1.0
0qMfTOl9MVo,other,none,brand_mention,unclear,none,mild,0.0,1,0,0.0,1.0
ZtFI1NPkkXU,daily_vlog,none,none,protagonist,low,mild,0.0,0,1,1.0,1.0
NmBWP1p-oPI,daily_vlog,none,none,unclear,low,mild,0.0,0,0,1.0,1.0
kp-r0_wd5zI,other,none,brand_mention,unclear,none,mild,0.0,1,0,0.0,1.0
hoctLMpFUPQ,travel,none,brand_mention,co_star,low,mild,0.0,1,0,1.0,1.0
Q2zKV9xcSvI,cooking,none,none,unclear,none,none,0.0,0,0,0.0,0.0
Nuc0TjCiRTE,cooking,none,none,unclear,none,none,0.0,0,0,0.0,0.0
ITnKF1-CL1o,cooking,none,none,unclear,none,none,0.0,0,0,0.0,0.0
iPrGFmVnRz4,cooking,none,none,unclear,none,none,0.0,0,0,0.0,0.0
tvCbNn5Gd5k,cooking,none,none,unclear,none,none,0.0,0,0,0.0,0.0
fskiDAK3J74,cooking,none,none,unclear,none,none,0.0,0,0,0.0,0.0
RR4eY0z13M4,cooking,none,none,unclear,none,none,0.0,0,0,0.0,0.0
a7sh6i-JswE,cooking,none,brand_mention,unclear,none,none,0.0,1,0,0.0,0.0
WWi8wESE8Z0,cooking,none,none,unclear,none,none,0.0,0,0,0.0,0.0
XIfoUAW2nOc,cooking,none,none,unclear,none,mild,0.0,0,0,0.0,1.0
IfCsaITgLD4,cooking,none,none,unclear,none,none,0.0,0,0,0.0,0.0
4DrYgUJP_tk,cooking,none,none,unclear,none,mild,0.0,0,0,0.0,1.0
RJB7fx9g1vM,cooking,none,none,unclear,none,none,0.0,0,0,0.0,0.0
XZCQ_ERR_QQ,travel,none,none,unclear,none,mild,0.0,0,0,0.0,1.0
jYuDqTqj3do,cooking,none,none,unclear,none,mild,0.0,0,0,0.0,1.0
0a7Ry9uWq2U,cooking,none,none,unclear,none,mild,0.0,0,0,0.0,1.0
_E3i4tItwWQ,cooking,none,none,unclear,none,none,0.0,0,0,0.0,0.0
r2kGewNS4lo,cooking,none,none,unclear,none,mild,0.0,0,0,0.0,1.0
KiVfLKnhvv0,cooking,none,none,unclear,none,mild,0.0,0,0,0.0,1.0
4NyCH_jVhPU,cooking,none,none,unclear,none,mild,0.0,0,0,0.0,1.0
4XxoKD3nmWo,cooking,none,none,unclear,none,mild,0.0,0,0,0.0,1.0
KfGn5Ii-9ug,cooking,none,none,unclear,none,none,0.0,0,0,0.0,0.0
Dgk8nOCg394,cooking,none,none,unclear,none,none,0.0,0,0,0.0,0.0
sBIw8XmuVeg,cooking,none,none,unclear,none,none,0.0,0,0,0.0,0.0
C5uptLlAuTY,cooking,none,none,unclear,none,none,0.0,0,0,0.0,0.0
vkqDZzRmyE0,cooking,none,none,unclear,none,none,0.0,0,0,0.0,0.0
UTDngQApeUc,cooking,none,none,unclear,none,none,0.0,0,0,0.0,0.0
ipWvNQu-x3I,cooking,none,none,unclear,none,none,0.0,0,0,0.0,0.0
ChvQ4U1yKYI,cooking,none,none,unclear,none,none,0.0,0,0,0.0,0.0
hn9vOSq0Myc,cooking,none,none,unclear,none,none,0.0,0,0,0.0,0.0
r9s5i4nqFoE,cooking,none,none,unclear,none,mild,0.0,0,0,0.0,1.0
d-uyIiJ9ryM,cooking,none,none,unclear,none,none,0.0,0,0,0.0,0.0
h5ug5q6bzVo,cooking,none,brand_mention,unclear,none,none,0.0,1,0,0.0,0.0
s0ErtuITfwk,cooking,none,none,unclear,none,mild,0.0,0,0,0.0,1.0
YDAjvR6dy6k,cooking,none,none,unclear,none,mild,0.0,0,0,0.0,1.0
-xdG337iOqM,cooking,none,none,unclear,none,none,0.0,0,0,0.0,0.0
OE841s3j7Bg,cooking,none,none,unclear,none,none,0.0,0,0,0.0,0.0
JIwyA58cvrY,cooking,none,none,unclear,none,none,0.0,0,0,0.0,0.0
MPcQtXVcTUI,cooking,none,none,unclear,none,none,0.0,0,0,0.0,0.0
rph8HEYzaY0,travel,none,none,unclear,none,mild,0.0,0,0,0.0,1.0
M6LfDOUsN4M,cooking,none,none,unclear,none,mild,0.0,0,0,0.0,1.0
gv1ntUKbTss,cooking,none,none,unclear,none,mild,0.0,0,0,0.0,1.0
BahbgHo8x8Q,travel,none,none,unclear,none,mild,0.0,0,0,0.0,1.0
P-MMcNoKddg,cooking,none,none,unclear,none,none,0.0,0,0,0.0,0.0
4BvJ5-S7mrk,cooking,none,none,unclear,none,mild,0.0,0,0,0.0,1.0
bovuzop0rqk,cooking,none,none,unclear,none,none,0.0,0,0,0.0,0.0
sUgG9qRnbrQ,cooking,none,none,unclear,none,mild,0.0,0,0,0.0,1.0
zssr3eR8eTQ,cooking,none,none,unclear,none,mild,0.0,0,0,0.0,1.0
o2JvF0s_bfQ,cooking,none,none,unclear,none,mild,0.0,0,0,0.0,1.0
7Xv56uTr4Us,cooking,none,none,unclear,none,mild,0.0,0,0,0.0,1.0
JxPz3Q8R1r4,storytime,mild,brand_mention,unclear,none,moderate,1.0,1,0,0.0,2.0
vsn03bhzYas,unboxing,mild,brand_mention,unclear,none,severe,1.0,1,0,0.0,3.0
w-fXp_px7IM,unboxing,mild,none,unclear,none,moderate,1.0,0,0,0.0,2.0
zKQJI3qnkYM,unboxing,mild,none,unclear,none,severe,1.0,0,0,0.0,3.0
3Ilm6SzBbOo,unboxing,mild,none,unclear,none,moderate,1.0,0,0,0.0,2.0
b5PVFo3QlK8,unboxing,mild,none,unclear,none,moderate,1.0,0,0,0.0,2.0
JauTziP2oRk,storytime,mild,brand_mention,unclear,none,severe,1.0,1,0,0.0,3.0
m-6pSRckWf0,unboxing,mild,none,unclear,none,severe,1.0,0,0,0.0,3.0
6OY3mDkCctA,unboxing,mild,none,unclear,none,moderate,1.0,0,0,0.0,2.0
wynEJTdV9yk,other,mild,none,unclear,none,moderate,1.0,0,0,0.0,2.0
MoP3StylnBU,other,mild,none,unclear,none,severe,1.0,0,0,0.0,3.0
SFp8M3s7pP4,other,mild,none,unclear,none,severe,1.0,0,0,0.0,3.0
SrkEzVDil4w,unboxing,mild,none,unclear,none,moderate,1.0,0,0,0.0,2.0
KpTDQHHu6ig,other,mild,none,unclear,none,severe,1.0,0,0,0.0,3.0
ik_XSYfOuo8,other,mild,none,unclear,none,severe,1.0,0,0,0.0,3.0
g-d2g-dEIPg,other,mild,none,unclear,none,severe,1.0,0,0,0.0,3.0
dlraQhvsLYI,other,mild,none,unclear,none,moderate,1.0,0,0,0.0,2.0
0omQOiZFNhY,other,mild,none,unclear,none,moderate,1.0,0,0,0.0,2.0
gaa2Hu_jbFc,other,mild,none,unclear,none,severe,1.0,0,0,0.0,3.0
fxLVqufKcfU,other,mild,none,unclear,none,moderate,1.0,0,0,0.0,2.0
fQ8aW6xbxUE,other,mild,none,unclear,none,moderate,1.0,0,0,0.0,2.0
mlmb5lWtDrw,other,mild,none,unclear,none,moderate,1.0,0,0,0.0,2.0
77KD9bd0g6U,other,mild,none,unclear,none,moderate,1.0,0,0,0.0,2.0
dLB5k8JymxQ,other,mild,none,unclear,none,moderate,1.0,0,0,0.0,2.0
lBaGBt8589I,other,mild,none,unclear,none,moderate,1.0,0,0,0.0,2.0
akeM50Xeejc,other,mild,none,unclear,none,moderate,1.0,0,0,0.0,2.0
zaRu0gN1ldk,other,mild,none,unclear,none,moderate,1.0,0,0,0.0,2.0
uQ8bgWHG2JI,educational,mild,none,unclear,none,moderate,1.0,0,0,0.0,2.0
Q3RxkAl2-qc,educational,mild,none,unclear,none,moderate,1.0,0,0,0.0,2.0
LPaq5oZHZJA,other,none,none,unclear,none,mild,0.0,0,0,0.0,1.0
5EiNb-bZmKs,other,none,none,unclear,none,moderate,0.0,0,0,0.0,2.0
72KibGdDhgY,other,none,none,unclear,none,moderate,0.0,0,0,0.0,2.0
4RnOXNJXHqk,other,none,none,unclear,none,moderate,0.0,0,0,0.0,2.0
iEmlLzmiLok,other,none,none,unclear,none,mild,0.0,0,0,0.0,1.0
lx5HNVAB1EA,other,none,none,unclear,none,moderate,0.0,0,0,0.0,2.0
ZbLf9yLgPWc,other,none,none,unclear,none,moderate,0.0,0,0,0.0,2.0
Nk67o3iEgPk,other,none,none,unclear,none,mild,0.0,0,0,0.0,1.0
dB46eGJFa4s,other,none,none,unclear,none,moderate,0.0,0,0,0.0,2.0
zCjnQ8GPbGk,other,none,none,unclear,none,mild,0.0,0,0,0.0,1.0
EFwNOJO7iw4,other,none,none,unclear,none,mild,0.0,0,0,0.0,1.0
BzeY0XzVdP8,educational,moderate,none,unclear,none,moderate,2.0,0,0,0.0,2.0
A1ovrTzSRzM,daily_vlog,mild,none,unclear,none,mild,1.0,0,0,0.0,1.0
pop07iuAtlQ,daily_vlog,none,none,unclear,none,mild,0.0,0,0,0.0,1.0
P2rP0-3nSvM,daily_vlog,mild,none,unclear,none,mild,1.0,0,0,0.0,1.0
C7xdUt2Nl-U,daily_vlog,none,none,unclear,none,mild,0.0,0,0,0.0,1.0
TCEObI1l22U,storytime,moderate,none,unclear,none,moderate,2.0,0,0,0.0,2.0
3cmb1jR106k,daily_vlog,none,none,co_star,low,mild,0.0,0,0,1.0,1.0
PYQL_tTjakQ,storytime,mild,none,unclear,none,mild,1.0,0,0,0.0,1.0
LxqkWNMou4E,daily_vlog,mild,none,unclear,none,mild,1.0,0,0,0.0,1.0
PE2jOjjOFwI,daily_vlog,none,none,unclear,none,none,0.0,0,0,0.0,0.0
pIjzGVaSFKA,daily_vlog,none,none,unclear,none,none,0.0,0,0,0.0,0.0
sEGYJ3LQ1cs,daily_vlog,none,none,unclear,none,none,0.0,0,0,0.0,0.0
xnBjMf4lE0E,storytime,mild,none,protagonist,low,moderate,1.0,0,1,1.0,2.0
uuFo5IwuwiI,daily_vlog,none,none,unclear,none,none,0.0,0,0,0.0,0.0
Bsc8goZ2MGA,storytime,none,none,unclear,none,none,0.0,0,0,0.0,0.0
FobVChLYl3o,other,none,none,unclear,none,mild,0.0,0,0,0.0,1.0
UvyJueIup20,other,none,none,unclear,none,mild,0.0,0,0,0.0,1.0
zjsOyp_hn70,other,none,none,unclear,none,none,0.0,0,0,0.0,0.0
dbQR0GO-iMk,educational,none,none,protagonist,low,none,0.0,0,1,1.0,0.0
blJaCvhAjXM,daily_vlog,none,none,unclear,low,none,0.0,0,0,1.0,0.0
ByLCyoQABGc,daily_vlog,none,none,unclear,low,none,0.0,0,0,1.0,0.0
xfHZdYzhoCA,storytime,none,none,protagonist,low,none,0.0,0,1,1.0,0.0
RG6zrqpI4EE,travel,none,none,co_star,low,none,0.0,0,0,1.0,0.0
HW6C6wmlFZ4,routine,none,none,protagonist,low,none,0.0,0,1,1.0,0.0
qPdbg2Gtu60,storytime,moderate,none,unclear,low,mild,2.0,0,0,1.0,1.0
wrZ53EdivoA,educational,none,none,unclear,none,none,0.0,0,0,0.0,0.0
U7Jh8HT7QSQ,storytime,none,none,unclear,low,none,0.0,0,0,1.0,0.0
mF_5wYUnDz0,storytime,none,none,unclear,low,none,0.0,0,0,1.0,0.0
K59lK9xD6f0,unboxing,none,none,protagonist,low,none,0.0,0,1,1.0,0.0
UgemtCEKuH4,other,none,none,unclear,none,none,0.0,0,0,0.0,0.0
hJAQtIklGGk,travel,none,none,protagonist,low,mild,0.0,0,1,1.0,1.0
g1LTQLWdxrs,routine,none,none,cameo,low,none,0.0,0,0,1.0,0.0
srmXiuT-q0s,storytime,none,none,unclear,none,mild,0.0,0,0,0.0,1.0
EmRASlByeVk,storytime,mild,none,unclear,none,mild,1.0,0,0,0.0,1.0
N2kBs5RRNNg,music_dance,none,none,protagonist,low,none,0.0,0,1,1.0,0.0
OW2j46MOJ8I,educational,mild,none,unclear,none,mild,1.0,0,0,0.0,1.0
XzJqlmt-6GE,daily_vlog,none,none,protagonist,low,none,0.0,0,1,1.0,0.0
__OiPiKWDH8,storytime,none,none,protagonist,moderate,none,0.0,0,1,2.0,0.0
WOmk8Mxm6sA,other,none,none,cameo,low,none,0.0,0,0,1.0,0.0
V-u7t50N-y4,educational,none,none,unclear,none,none,0.0,0,0,0.0,0.0
0TU2BAHGlKc,other,none,none,unclear,none,mild,0.0,0,0,0.0,1.0
XZxlvmpRBnM,educational,none,none,unclear,none,none,0.0,0,0,0.0,0.0
9BwI-42BsBw,storytime,mild,none,unclear,none,mild,1.0,0,0,0.0,1.0
Ut8U1sEbamE,daily_vlog,none,none,unclear,none,mild,0.0,0,0,0.0,1.0
TknNF694JMg,storytime,mild,none,unclear,none,mild,1.0,0,0,0.0,1.0
Rwnn78oCbGg,storytime,none,none,unclear,none,mild,0.0,0,0,0.0,1.0
K5TNloDNiC0,other,none,none,unclear,none,none,0.0,0,0,0.0,0.0
Iocumf6tSFg,other,none,none,unclear,none,mild,0.0,0,0,0.0,1.0
-G7hDksbgVg,other,none,none,unclear,none,mild,0.0,0,0,0.0,1.0
S4qyWZG54mg,storytime,none,none,unclear,none,none,0.0,0,0,0.0,0.0
3VLf4U8nYTI,cooking,none,none,unclear,none,none,0.0,0,0,0.0,0.0
Tt1l18xCKLM,cooking,none,none,unclear,none,none,0.0,0,0,0.0,0.0
6Ugm82Fju3w,cooking,none,none,unclear,none,none,0.0,0,0,0.0,0.0
MU1rgDDZf4I,cooking,none,none,unclear,none,none,0.0,0,0,0.0,0.0
YXlEN9cB778,cooking,none,none,unclear,none,none,0.0,0,0,0.0,0.0
rHJ6jGIi6tU,cooking,none,none,unclear,none,none,0.0,0,0,0.0,0.0
TbU-IcwIQek,daily_vlog,none,none,unclear,low,mild,0.0,0,0,1.0,1.0
EgAUzT5lNr4,cooking,none,none,unclear,none,none,0.0,0,0,0.0,0.0
OMM9HTGDSb4,cooking,none,none,unclear,none,none,0.0,0,0,0.0,0.0
n-_dEt92Lr0,cooking,none,none,unclear,none,none,0.0,0,0,0.0,0.0
Redg-bf1sCQ,cooking,none,none,unclear,none,none,0.0,0,0,0.0,0.0
Y3fhwlUPpbU,cooking,none,none,unclear,none,none,0.0,0,0,0.0,0.0
wVF_-OYoSrI,cooking,none,none,unclear,none,none,0.0,0,0,0.0,0.0
1A_7WnsabJ0,cooking,none,none,unclear,none,none,0.0,0,0,0.0,0.0
_rD1iGRmEVA,cooking,none,none,unclear,none,none,0.0,0,0,0.0,0.0
KwFgbUQVOiY,cooking,none,none,unclear,none,none,0.0,0,0,0.0,0.0
eo351vhSBmo,cooking,none,none,unclear,none,none,0.0,0,0,0.0,0.0
QVsijyiNdfY,cooking,none,none,unclear,none,none,0.0,0,0,0.0,0.0
Isg9E5xekKQ,cooking,none,none,unclear,none,none,0.0,0,0,0.0,0.0
SHYwpJm0_E0,cooking,none,none,unclear,none,none,0.0,0,0,0.0,0.0
qOEjcnLuADw,cooking,none,none,unclear,none,none,0.0,0,0,0.0,0.0
wI7JE2gkzfc,educational,none,none,protagonist,none,none,0.0,0,1,0.0,0.0
ItxWM37R3AQ,educational,none,none,protagonist,none,none,0.0,0,1,0.0,0.0
24NbQkMzToo,educational,none,none,protagonist,none,none,0.0,0,1,0.0,0.0
e-6cBc_tDC4,educational,none,none,protagonist,none,none,0.0,0,1,0.0,0.0
38UMUmcBAho,educational,none,none,protagonist,none,none,0.0,0,1,0.0,0.0
_lDfqDGZvPg,educational,none,none,protagonist,none,none,0.0,0,1,0.0,0.0
TuJJzWKlQGA,educational,none,none,protagonist,none,none,0.0,0,1,0.0,0.0
_D0L-hoRNTE,educational,none,none,protagonist,none,none,0.0,0,1,0.0,0.0
1SA_QtqK0do,daily_vlog,mild,none,co_star,low,mild,1.0,0,0,1.0,1.0
jFeOqq9UcM0,daily_vlog,none,none,unclear,none,mild,0.0,0,0,0.0,1.0
4C787yde7NA,daily_vlog,mild,none,co_star,low,mild,1.0,0,0,1.0,1.0
innHqAF1PWQ,daily_vlog,moderate,none,co_star,low,moderate,2.0,0,0,1.0,2.0
3p76E1RsNa4,daily_vlog,none,none,co_star,low,mild,0.0,0,0,1.0,1.0
NiVFHjEuHFk,challenge,none,none,protagonist,low,mild,0.0,0,1,1.0,1.0
w3MDMxAwEJM,travel,moderate,none,co_star,low,moderate,2.0,0,0,1.0,2.0
peM-n_gaMl4,daily_vlog,mild,none,protagonist,low,mild,1.0,0,1,1.0,1.0
K8LE0BkrPWQ,daily_vlog,mild,none,protagonist,low,mild,1.0,0,1,1.0,1.0
zF-9eEmtOl0,challenge,none,none,protagonist,low,mild,0.0,0,1,1.0,1.0
xnWv_tXtDds,daily_vlog,mild,none,co_star,low,mild,1.0,0,0,1.0,1.0
ABag4c5zTZo,gaming,none,none,co_star,none,mild,0.0,0,0,0.0,1.0
gktHroK26ao,challenge,none,none,co_star,low,mild,0.0,0,0,1.0,1.0
8BEE6-s9qoE,challenge,none,none,co_star,low,mild,0.0,0,0,1.0,1.0
5A41v7qgIyI,travel,none,none,co_star,low,mild,0.0,0,0,1.0,1.0
YtVnW-ml_UE,gaming,none,none,co_star,none,mild,0.0,0,0,0.0,1.0
gVaUJj-awKo,gaming,none,none,co_star,none,mild,0.0,0,0,0.0,1.0
KljjTQj0nO4,cooking,none,none,co_star,low,mild,0.0,0,0,1.0,1.0
939s33tb3z8,gaming,none,none,co_star,none,mild,0.0,0,0,0.0,1.0
DSaHSODY44k,challenge,none,none,co_star,low,mild,0.0,0,0,1.0,1.0
-DrVtTBrEYQ,daily_vlog,none,none,unclear,low,none,0.0,0,0,1.0,0.0
A5XUTw4QoBY,storytime,none,none,unclear,low,mild,0.0,0,0,1.0,1.0
gWr_eHYOuTM,storytime,mild,none,co_star,moderate,moderate,1.0,0,0,2.0,2.0
ZA3i4oAGBXw,gaming,none,none,protagonist,low,mild,0.0,0,1,1.0,1.0
ldTPPkCFvHk,other,moderate,none,unclear,low,moderate,2.0,0,0,1.0,2.0
AQpWn7YtXiw,gaming,none,none,unclear,low,moderate,0.0,0,0,1.0,2.0
Tm1jIn2Yg0s,daily_vlog,moderate,none,protagonist,moderate,moderate,2.0,0,1,2.0,2.0
PXyGfF6LNq4,daily_vlog,moderate,none,protagonist,moderate,moderate,2.0,0,1,2.0,2.0
cqa9HFWV3Jg,travel,mild,none,co_star,low,moderate,1.0,0,0,1.0,2.0
NmawPdOfQk8,daily_vlog,none,none,protagonist,low,mild,0.0,0,1,1.0,1.0
4_WcVlqDnr4,other,none,none,unclear,none,none,0.0,0,0,0.0,0.0
swAGQ3xiZXE,reaction,none,none,unclear,none,none,0.0,0,0,0.0,0.0
ObKzg3l5Ipg,travel,none,none,unclear,none,mild,0.0,0,0,0.0,1.0
C-COOXes8tQ,travel,none,none,unclear,none,mild,0.0,0,0,0.0,1.0
BF8ttjkqvNU,travel,none,none,unclear,none,mild,0.0,0,0,0.0,1.0
Rl8SGHPmAgo,travel,none,none,unclear,none,mild,0.0,0,0,0.0,1.0
2oZ3800LWZc,travel,none,none,unclear,none,mild,0.0,0,0,0.0,1.0
AiX5a_gmn28,travel,none,none,unclear,none,mild,0.0,0,0,0.0,1.0
Vio6TZhgsq0,other,none,none,unclear,none,mild,0.0,0,0,0.0,1.0
aBJraUMHPuE,daily_vlog,none,none,unclear,none,none,0.0,0,0,0.0,0.0
9KD8Pd8dQYA,travel,none,none,unclear,none,none,0.0,0,0,0.0,0.0
2Itsr-pJMuI,music_dance,none,none,unclear,none,none,0.0,0,0,0.0,0.0
uk7jzfjtnz0,storytime,mild,none,unclear,none,moderate,1.0,0,0,0.0,2.0
n-KJDgwf130,storytime,mild,none,unclear,none,moderate,1.0,0,0,0.0,2.0
xHbDWbaxNx4,storytime,mild,none,unclear,none,moderate,1.0,0,0,0.0,2.0
MTsME8PkhLc,storytime,mild,none,unclear,none,moderate,1.0,0,0,0.0,2.0
zYrGG6ud-3A,storytime,moderate,none,unclear,low,moderate,2.0,0,0,1.0,2.0
OdLST-SQe0o,storytime,moderate,none,protagonist,low,moderate,2.0,0,1,1.0,2.0
Su0RrYIURTY,storytime,mild,none,unclear,none,moderate,1.0,0,0,0.0,2.0
gYaBL_mloJM,prank,mild,none,co_star,low,mild,1.0,0,0,1.0,1.0
kfN86abecoI,storytime,moderate,none,unclear,low,moderate,2.0,0,0,1.0,2.0
PXlSWodhKCE,unboxing,mild,none,unclear,none,mild,1.0,0,0,0.0,1.0
LSf2BSgTSZk,other,mild,none,unclear,none,mild,1.0,0,0,0.0,1.0
XCr0GoQxMNw,daily_vlog,mild,none,protagonist,low,mild,1.0,0,1,1.0,1.0
HeOZB-Q8new,challenge,mild,none,unclear,low,moderate,1.0,0,0,1.0,2.0
K8wBthUFORA,daily_vlog,mild,none,protagonist,low,mild,1.0,0,1,1.0,1.0
WDDU9xqoDxc,daily_vlog,mild,none,unclear,low,moderate,1.0,0,0,1.0,2.0
RlzVxp0hRuY,daily_vlog,moderate,none,co_star,moderate,moderate,2.0,0,0,2.0,2.0
sMwucSjhW48,daily_vlog,moderate,none,co_star,moderate,moderate,2.0,0,0,2.0,2.0
0Y34TJnsPTk,challenge,mild,none,unclear,low,mild,1.0,0,0,1.0,1.0
4MvU77R3e3s,daily_vlog,none,brand_mention,unclear,low,mild,0.0,1,0,1.0,1.0
SI5Nbo8v-lE,travel,mild,none,protagonist,moderate,mild,1.0,0,1,2.0,1.0
lGVLKnjj6Pw,other,none,none,cameo,moderate,mild,0.0,0,0,2.0,1.0
eTl5pAYIOCI,storytime,mild,product_placement,unclear,low,mild,1.0,1,0,1.0,1.0
yv-GLYYXwwY,daily_vlog,mild,none,co_star,low,moderate,1.0,0,0,1.0,2.0
Ls50JMWzzvw,daily_vlog,mild,none,protagonist,low,moderate,1.0,0,1,1.0,2.0
LdwZNshKPHk,daily_vlog,mild,none,protagonist,low,moderate,1.0,0,1,1.0,2.0
_MjmJjAk550,challenge,mild,none,co_star,low,mild,1.0,0,0,1.0,1.0
HNA0FUsRM-4,daily_vlog,moderate,none,protagonist,moderate,moderate,2.0,0,1,2.0,2.0
713NZbSyQpk,daily_vlog,mild,none,co_star,low,mild,1.0,0,0,1.0,1.0
uSsZ2TCySY4,storytime,mild,none,unclear,low,moderate,1.0,0,0,1.0,2.0
VJDUsR6cS_8,storytime,mild,none,co_star,low,moderate,1.0,0,0,1.0,2.0
-erDPHZyRRk,other,none,none,unclear,low,moderate,0.0,0,0,1.0,2.0
EO47tChpE1E,daily_vlog,moderate,none,protagonist,low,moderate,2.0,0,1,1.0,2.0
6N3I5yBKsuc,storytime,mild,none,unclear,low,moderate,1.0,0,0,1.0,2.0
lWbMuKWIt_w,storytime,mild,none,unclear,low,moderate,1.0,0,0,1.0,2.0
TmCNjEZ6pu4,storytime,moderate,none,protagonist,low,moderate,2.0,0,1,1.0,2.0
RkELbJi28B0,daily_vlog,mild,none,protagonist,low,moderate,1.0,0,1,1.0,2.0
BuNuycu9XwI,daily_vlog,moderate,none,unclear,low,moderate,2.0,0,0,1.0,2.0
XS8gwXux60w,daily_vlog,mild,none,protagonist,low,moderate,1.0,0,1,1.0,2.0
qrGys0hh3og,daily_vlog,mild,none,protagonist,moderate,mild,1.0,0,1,2.0,1.0
xoQy0-XD-EE,storytime,mild,none,protagonist,moderate,moderate,1.0,0,1,2.0,2.0
dKOixDVWD1U,daily_vlog,mild,brand_mention,cameo,low,moderate,1.0,1,0,1.0,2.0
jk2VeNyVHYU,daily_vlog,mild,none,co_star,moderate,moderate,1.0,0,0,2.0,2.0
e_9IckCJOjc,daily_vlog,none,none,cameo,low,mild,0.0,0,0,1.0,1.0
SMwiypFMcA4,daily_vlog,none,brand_mention,cameo,low,mild,0.0,1,0,1.0,1.0
Ru26mhp1iCs,daily_vlog,mild,none,co_star,moderate,moderate,1.0,0,0,2.0,2.0
YMZAGHg1SNg,daily_vlog,moderate,none,protagonist,high,moderate,2.0,0,1,3.0,2.0
VfengyO7NTU,unboxing,mild,none,protagonist,moderate,moderate,1.0,0,1,2.0,2.0
mAzBIFMOBzM,other,none,none,cameo,low,mild,0.0,0,0,1.0,1.0
0ZqxNTm_ga0,daily_vlog,mild,none,protagonist,low,mild,1.0,0,1,1.0,1.0
7odB2k8QlsA,daily_vlog,mild,none,unclear,low,none,1.0,0,0,1.0,0.0
Z0ixEr0EIL0,daily_vlog,moderate,none,unclear,low,moderate,2.0,0,0,1.0,2.0
YNxFCukEu4I,storytime,mild,none,co_star,low,moderate,1.0,0,0,1.0,2.0
UwWxMil2VP8,storytime,mild,none,co_star,low,moderate,1.0,0,0,1.0,2.0
b8N1sWx9gq0,unboxing,mild,none,protagonist,low,mild,1.0,0,1,1.0,1.0
znPrn4wyrKk,cooking,mild,none,protagonist,low,mild,1.0,0,1,1.0,1.0
yFqnTsSczrQ,daily_vlog,mild,none,protagonist,low,moderate,1.0,0,1,1.0,2.0
9cn1NnY7Rsg,daily_vlog,mild,none,protagonist,low,mild,1.0,0,1,1.0,1.0
PJbEWNcZCxY,daily_vlog,mild,none,protagonist,low,mild,1.0,0,1,1.0,1.0
kTKfX2X_9pg,challenge,none,none,co_star,none,none,0.0,0,0,0.0,0.0
5ku8TCIn1To,educational,none,none,protagonist,none,none,0.0,0,1,0.0,0.0
Aaor0woX6MA,music_dance,none,none,co_star,none,none,0.0,0,0,0.0,0.0
mmSh0TYsodY,daily_vlog,none,none,protagonist,none,none,0.0,0,1,0.0,0.0
o4eoWm2Z7Jg,challenge,none,none,protagonist,none,mild,0.0,0,1,0.0,1.0
ESCzMgNAO7M,daily_vlog,none,none,protagonist,none,none,0.0,0,1,0.0,0.0
bPQcZxYDV8c,challenge,none,none,protagonist,none,mild,0.0,0,1,0.0,1.0
c8oSewOznVs,educational,none,none,protagonist,none,none,0.0,0,1,0.0,0.0
iyia-OW8-gE,daily_vlog,none,none,protagonist,none,none,0.0,0,1,0.0,0.0
rNabLsB13VE,daily_vlog,none,none,protagonist,none,none,0.0,0,1,0.0,0.0
LrZKTA2-tNk,music_dance,none,none,protagonist,low,none,0.0,0,1,1.0,0.0
JMqqtBN1ys4,storytime,none,none,protagonist,low,none,0.0,0,1,1.0,0.0
uM5664WHCdY,challenge,none,none,protagonist,low,none,0.0,0,1,1.0,0.0
7NzPwVHzaaY,storytime,none,none,protagonist,low,none,0.0,0,1,1.0,0.0
wTpaxCMOw8o,challenge,none,none,co_star,low,none,0.0,0,0,1.0,0.0
OtC5CVYPa0g,educational,none,none,protagonist,low,none,0.0,0,1,1.0,0.0
GuI6Mlgm4DA,educational,none,brand_mention,co_star,low,none,0.0,1,0,1.0,0.0
TTJT_ucpLI4,challenge,none,none,co_star,low,none,0.0,0,0,1.0,0.0
yZ3nHBHpfU4,challenge,none,none,protagonist,low,none,0.0,0,1,1.0,0.0
EKh02W32WLg,challenge,none,none,protagonist,low,none,0.0,0,1,1.0,0.0
iRIDvmI58_M,educational,mild,none,protagonist,none,none,1.0,0,1,0.0,0.0
GNSf5aavv_0,educational,none,none,protagonist,none,none,0.0,0,1,0.0,0.0
g8GIOArEUCk,educational,none,none,protagonist,none,none,0.0,0,1,0.0,0.0
aj2W-cSDlCk,educational,none,none,protagonist,none,none,0.0,0,1,0.0,0.0
O0ypcZGdsVw,educational,none,none,protagonist,none,none,0.0,0,1,0.0,0.0
r6VWVDJEDVE,cooking,none,none,protagonist,none,none,0.0,0,1,0.0,0.0
yg40foFqNvU,daily_vlog,none,none,protagonist,none,none,0.0,0,1,0.0,0.0
uJaMm_IcplE,educational,none,none,protagonist,none,none,0.0,0,1,0.0,0.0
FTj25EYC4V8,educational,none,none,protagonist,none,none,0.0,0,1,0.0,0.0
wgQA_lgf4pA,challenge,none,none,protagonist,none,none,0.0,0,1,0.0,0.0
VvQRwrlnRzI,educational,none,brand_mention,co_star,none,none,0.0,1,0,0.0,0.0
mrnaIkb6vtI,educational,none,brand_mention,co_star,none,none,0.0,1,0,0.0,0.0
mqblfON6ukE,other,none,brand_mention,co_star,none,mild,0.0,1,0,0.0,1.0
-5o51P-uTKc,educational,none,brand_mention,co_star,none,none,0.0,1,0,0.0,0.0
Ipxx-6SKaYE,educational,none,brand_mention,co_star,none,none,0.0,1,0,0.0,0.0
x0AfVUIR6u8,educational,none,brand_mention,co_star,none,none,0.0,1,0,0.0,0.0
CDlkZZ3zA38,educational,none,brand_mention,co_star,none,none,0.0,1,0,0.0,0.0
PCfdNEHQJ0A,educational,none,brand_mention,co_star,none,none,0.0,1,0,0.0,0.0
3lYtp1ywbjU,other,none,brand_mention,co_star,none,mild,0.0,1,0,0.0,1.0
ehTFUsMb4pA,educational,none,brand_mention,co_star,none,none,0.0,1,0,0.0,0.0
e6KSXt-ZnAM,educational,none,brand_mention,co_star,none,none,0.0,1,0,0.0,0.0
Ts3W3LTby08,educational,none,brand_mention,co_star,none,none,0.0,1,0,0.0,0.0
CIBnCqADsqQ,music_dance,none,none,unclear,none,none,0.0,0,0,0.0,0.0
_hx8NCGRF8o,music_dance,none,none,unclear,none,none,0.0,0,0,0.0,0.0
9j65YvnSy0Y,educational,none,none,unclear,none,none,0.0,0,0,0.0,0.0
RW9WWUwx-n0,music_dance,none,none,unclear,none,none,0.0,0,0,0.0,0.0
oQH1-QR-X2c,music_dance,none,none,unclear,none,none,0.0,0,0,0.0,0.0
1vAQALD1rew,educational,none,none,unclear,none,none,0.0,0,0,0.0,0.0
ABC_VFYjOEM,music_dance,none,none,unclear,none,none,0.0,0,0,0.0,0.0
x9zmUrX5gu4,educational,none,none,unclear,none,none,0.0,0,0,0.0,0.0
i7-tC6hTGi4,educational,none,none,unclear,none,none,0.0,0,0,0.0,0.0
oDVgNYi4n-s,music_dance,none,none,unclear,none,none,0.0,0,0,0.0,0.0
JvQ2tk50kjc,music_dance,none,none,unclear,none,none,0.0,0,0,0.0,0.0
WmTUhol9__M,music_dance,none,none,unclear,none,none,0.0,0,0,0.0,0.0
QYIIHfBVRZw,educational,none,none,unclear,none,none,0.0,0,0,0.0,0.0
BNDWT0CPYPE,other,none,brand_mention,unclear,none,none,0.0,1,0,0.0,0.0
ahN9vNNG6VE,music_dance,none,none,unclear,none,none,0.0,0,0,0.0,0.0
_kkzVtIAnvM,music_dance,none,none,unclear,none,none,0.0,0,0,0.0,0.0
5AKf6dKo7o4,music_dance,none,none,unclear,none,none,0.0,0,0,0.0,0.0
VbXMvv5lsJs,educational,none,none,unclear,none,none,0.0,0,0,0.0,0.0
GmC9xN-XPBY,music_dance,none,none,unclear,none,none,0.0,0,0,0.0,0.0
VA_jrarYtSc,music_dance,none,none,unclear,none,none,0.0,0,0,0.0,0.0
jxE1cXzTMWw,educational,none,none,unclear,none,none,0.0,0,0,0.0,0.0
RcOqoLQuNoQ,educational,none,none,unclear,none,none,0.0,0,0,0.0,0.0
nTi2pqBARmI,educational,none,none,unclear,none,none,0.0,0,0,0.0,0.0
WQOrsscjiI8,other,none,brand_mention,unclear,none,none,0.0,1,0,0.0,0.0
1hREZe-P_Uk,educational,none,none,unclear,none,none,0.0,0,0,0.0,0.0
LZgnQDZKgsA,music_dance,none,none,unclear,none,none,0.0,0,0,0.0,0.0
KVOM--2smMk,educational,none,none,unclear,none,none,0.0,0,0,0.0,0.0
ifnUGQvupWk,educational,none,none,unclear,none,none,0.0,0,0,0.0,0.0
JK_qWvuO5oA,educational,none,none,unclear,none,none,0.0,0,0,0.0,0.0
aE0Njh2QTVE,educational,none,none,unclear,none,none,0.0,0,0,0.0,0.0
LtCupRkhCis,music_dance,none,none,unclear,none,none,0.0,0,0,0.0,0.0
Ij8rryB4tfU,music_dance,none,none,unclear,none,none,0.0,0,0,0.0,0.0
O3-xDSOO5ohg,music_dance,none,none,unclear,none,none,0.0,0,0,0.0,0.0
6CBH7jw8vYQ,music_dance,none,none,unclear,none,none,0.0,0,0,0.0,0.0
4VfYVNxD9Uk,music_dance,none,none,unclear,none,none,0.0,0,0,0.0,0.0
DAn84jST3ks,educational,none,none,unclear,none,none,0.0,0,0,0.0,0.0
21Eg5mpCvIw,educational,none,none,unclear,none,none,0.0,0,0,0.0,0.0
MN2kqnoXJDc,music_dance,none,none,unclear,none,none,0.0,0,0,0.0,0.0
MznVbnvCDOs,educational,none,none,unclear,none,none,0.0,0,0,0.0,0.0
xtSREg-m2gQ,educational,none,none,unclear,none,none,0.0,0,0,0.0,0.0
zlBpAvHJrMo,music_dance,none,none,unclear,none,none,0.0,0,0,0.0,0.0
ILLyRhWVvhs,educational,none,none,unclear,none,none,0.0,0,0,0.0,0.0
-duQukRVrkU,music_dance,none,none,unclear,none,none,0.0,0,0,0.0,0.0
t8ZPyS00ozE,music_dance,none,none,unclear,none,none,0.0,0,0,0.0,0.0
Zc57aSl3qoc,educational,none,none,unclear,none,none,0.0,0,0,0.0,0.0
LmQxYK7xm9g,music_dance,none,none,unclear,none,none,0.0,0,0,0.0,0.0
tL6Dm23obtc,music_dance,none,none,unclear,none,none,0.0,0,0,0.0,0.0
4QoMhQUI7k0,educational,none,none,unclear,none,none,0.0,0,0,0.0,0.0
T7x9A4sl_5M,music_dance,none,none,unclear,none,none,0.0,0,0,0.0,0.0
Vn-K2qbkgPA,music_dance,none,none,unclear,none,none,0.0,0,0,0.0,0.0
I73BaodLMs0,daily_vlog,mild,none,cameo,low,mild,1.0,0,0,1.0,1.0
65hLTc9mF0M,daily_vlog,none,none,co_star,low,none,0.0,0,0,1.0,0.0
d72VB5A98ac,gaming,none,none,protagonist,none,none,0.0,0,1,0.0,0.0
Yeo5N-W0Eps,challenge,none,none,protagonist,none,mild,0.0,0,1,0.0,1.0
J-MKiUBLxU8,daily_vlog,none,none,unclear,none,none,0.0,0,0,0.0,0.0
fWIx6U9KGlE,daily_vlog,none,none,unclear,low,none,0.0,0,0,1.0,0.0
PxoZQkR4XsA,cooking,none,none,unclear,none,none,0.0,0,0,0.0,0.0
yWCrLrAMweM,daily_vlog,none,none,unclear,none,none,0.0,0,0,0.0,0.0
XozcWSEzQAs,travel,none,none,co_star,low,mild,0.0,0,0,1.0,1.0
Y6dOIgxb7pI,travel,none,none,co_star,low,mild,0.0,0,0,1.0,1.0
FvY6GfOo018,prank,none,none,co_star,low,mild,0.0,0,0,1.0,1.0
3ROp2bwqRc8,daily_vlog,none,brand_mention,co_star,low,mild,0.0,1,0,1.0,1.0
xgAWzhSSAY8,daily_vlog,none,none,co_star,low,mild,0.0,0,0,1.0,1.0
yXqaPsM-mlM,daily_vlog,none,none,co_star,low,mild,0.0,0,0,1.0,1.0
DuYLYn_0LHM,daily_vlog,none,none,co_star,low,mild,0.0,0,0,1.0,1.0
jk_q9_MAKbY,daily_vlog,none,none,co_star,low,mild,0.0,0,0,1.0,1.0
pGnJcB8FPZk,daily_vlog,none,none,co_star,low,mild,0.0,0,0,1.0,1.0
ZwrEG0Y0Uyc,daily_vlog,none,none,co_star,low,mild,0.0,0,0,1.0,1.0
R1HgTRlfG64,daily_vlog,none,none,unclear,low,mild,0.0,0,0,1.0,1.0
IsVQYuTDEfk,travel,none,none,unclear,low,mild,0.0,0,0,1.0,1.0
-4vln3dnKiA,travel,none,none,unclear,low,none,0.0,0,0,1.0,0.0
EpIcES7EjgI,daily_vlog,none,none,unclear,low,mild,0.0,0,0,1.0,1.0
KKVXmBJVHkA,travel,none,brand_mention,unclear,low,none,0.0,1,0,1.0,0.0
f2-RxPs8zx8,daily_vlog,none,none,unclear,low,none,0.0,0,0,1.0,0.0
FCFF2s1T3U4,travel,none,none,unclear,low,none,0.0,0,0,1.0,0.0
P6J2GrZQ5us,travel,none,none,unclear,low,none,0.0,0,0,1.0,0.0
BwYCIrGZFdg,daily_vlog,none,none,unclear,low,none,0.0,0,0,1.0,0.0
VCFH-bdD_WM,daily_vlog,none,none,unclear,low,none,0.0,0,0,1.0,0.0
QV3vztZnWNc,daily_vlog,none,none,co_star,low,mild,0.0,0,0,1.0,1.0
mM-nZ2C2zwk,daily_vlog,none,none,unclear,low,mild,0.0,0,0,1.0,1.0
luG3xJSokWo,daily_vlog,none,none,unclear,low,mild,0.0,0,0,1.0,1.0
hHYjjr0iZYA,daily_vlog,none,none,unclear,low,mild,0.0,0,0,1.0,1.0
2ScIx_lUjv8,daily_vlog,none,none,unclear,low,mild,0.0,0,0,1.0,1.0
AvwxL2wrXR0,daily_vlog,none,none,unclear,low,mild,0.0,0,0,1.0,1.0
m5ShfJq09Uw,daily_vlog,none,none,unclear,low,mild,0.0,0,0,1.0,1.0
-CUDv-fszc4,cooking,none,none,unclear,low,mild,0.0,0,0,1.0,1.0
GJBYJk4a5WI,daily_vlog,mild,none,protagonist,moderate,moderate,1.0,0,1,2.0,2.0
dKSLhf_ub1k,daily_vlog,none,none,unclear,low,mild,0.0,0,0,1.0,1.0
c5XM2hnlZY4,daily_vlog,mild,none,protagonist,moderate,mild,1.0,0,1,2.0,1.0
lMsSeEPZDwU,daily_vlog,mild,none,protagonist,moderate,mild,1.0,0,1,2.0,1.0
plXyPDSZD1w,daily_vlog,none,none,co_star,low,mild,0.0,0,0,1.0,1.0
mMG1PiEfutY,daily_vlog,none,none,co_star,low,mild,0.0,0,0,1.0,1.0
JimYkkJplMc,daily_vlog,none,none,co_star,low,mild,0.0,0,0,1.0,1.0
cQ_Nsr-fZ0A,daily_vlog,none,none,co_star,low,mild,0.0,0,0,1.0,1.0
TTVpc0Je8Fg,travel,mild,none,co_star,low,moderate,1.0,0,0,1.0,2.0
YIGKbeAxrA8,travel,none,none,co_star,low,mild,0.0,0,0,1.0,1.0
rVRl88Nx4oQ,travel,none,none,co_star,low,mild,0.0,0,0,1.0,1.0
xerWHANWPgk,travel,none,none,protagonist,moderate,mild,0.0,0,1,2.0,1.0
8ag99Ldvl08,daily_vlog,none,none,unclear,low,mild,0.0,0,0,1.0,1.0
N2phUO9Z6AE,storytime,mild,none,unclear,low,moderate,1.0,0,0,1.0,2.0
l0X2_wNOjVk,daily_vlog,none,none,unclear,low,mild,0.0,0,0,1.0,1.0
w4NevRKABlE,daily_vlog,none,none,unclear,low,mild,0.0,0,0,1.0,1.0
TV0URIL-5S8,daily_vlog,mild,none,unclear,low,mild,1.0,0,0,1.0,1.0
yzceZzeF-60,daily_vlog,mild,none,unclear,low,mild,1.0,0,0,1.0,1.0
P_fKev0vwh4,storytime,mild,none,co_star,moderate,moderate,1.0,0,0,2.0,2.0
lo-pjBcCPGg,daily_vlog,none,none,protagonist,low,mild,0.0,0,1,1.0,1.0
uvkVScRiK2k,daily_vlog,none,none,unclear,low,mild,0.0,0,0,1.0,1.0
KTvBA0xsZto,daily_vlog,none,none,unclear,low,mild,0.0,0,0,1.0,1.0
WSvf1thz-2A,daily_vlog,none,none,protagonist,low,mild,0.0,0,1,1.0,1.0
U8iCNQF3Pkg,daily_vlog,none,none,unclear,none,mild,0.0,0,0,0.0,1.0
jZMoveIbpRw,daily_vlog,none,none,cameo,low,mild,0.0,0,0,1.0,1.0
9ZtgxTIMvT4,daily_vlog,none,none,unclear,none,mild,0.0,0,0,0.0,1.0
-8pVpuaYv8c,cooking,none,none,protagonist,low,mild,0.0,0,1,1.0,1.0
zbKR8lyd8xQ,storytime,none,none,protagonist,low,mild,0.0,0,1,1.0,1.0
daek85DOKfg,storytime,moderate,none,unclear,low,moderate,2.0,0,0,1.0,2.0
Izx7dNJuLNk,daily_vlog,none,none,co_star,low,mild,0.0,0,0,1.0,1.0
Qb5mpMDM_iU,daily_vlog,none,none,co_star,low,mild,0.0,0,0,1.0,1.0
u3cVOaorBkU,daily_vlog,none,none,co_star,low,mild,0.0,0,0,1.0,1.0
SkAInXnZbWM,travel,none,none,co_star,low,mild,0.0,0,0,1.0,1.0
dJyIHzD2SwI,daily_vlog,none,none,co_star,low,mild,0.0,0,0,1.0,1.0
0tsN9-oyY-o,travel,none,none,co_star,low,mild,0.0,0,0,1.0,1.0
QAV2VaQT8O0,daily_vlog,none,none,protagonist,low,mild,0.0,0,1,1.0,1.0
iSWhQIEaYLA,daily_vlog,mild,none,co_star,low,moderate,1.0,0,0,1.0,2.0
KfxUSCsBiYU,daily_vlog,none,none,protagonist,low,mild,0.0,0,1,1.0,1.0
waAuSdx6BQQ,daily_vlog,none,none,co_star,low,mild,0.0,0,0,1.0,1.0
x5z1-559Xcs,daily_vlog,none,none,co_star,low,mild,0.0,0,0,1.0,1.0
iqvQhN8GDG4,daily_vlog,none,none,co_star,low,mild,0.0,0,0,1.0,1.0
zV68FTDp0xE,travel,none,none,co_star,low,mild,0.0,0,0,1.0,1.0
i-l_-ApINOc,storytime,mild,none,unclear,low,moderate,1.0,0,0,1.0,2.0
rq8QhO6SvWg,daily_vlog,none,none,unclear,none,none,0.0,0,0,0.0,0.0
cqFg9uyzCdI,travel,none,none,unclear,low,none,0.0,0,0,1.0,0.0
1SvjQzkEdjM,daily_vlog,mild,none,protagonist,low,moderate,1.0,0,1,1.0,2.0
nnKVVkFwgY8,daily_vlog,none,none,unclear,low,none,0.0,0,0,1.0,0.0
dXjVIEATKJI,storytime,mild,none,unclear,low,moderate,1.0,0,0,1.0,2.0
TSA1F7CQ3YI,daily_vlog,none,none,protagonist,low,none,0.0,0,1,1.0,0.0
F63PQe5dESM,storytime,mild,none,unclear,low,moderate,1.0,0,0,1.0,2.0
OCPnTxr7V_k,daily_vlog,none,none,unclear,low,none,0.0,0,0,1.0,0.0
_2KNfqRnrSg,storytime,mild,none,unclear,low,moderate,1.0,0,0,1.0,2.0
QTmAlECu5eU,daily_vlog,mild,none,protagonist,moderate,mild,1.0,0,1,2.0,1.0
liUHF6Xzlts,daily_vlog,none,none,co_star,low,none,0.0,0,0,1.0,0.0
eVvOHxtrFB0,daily_vlog,mild,none,unclear,low,moderate,1.0,0,0,1.0,2.0
Hd_HqzLAXkI,daily_vlog,mild,none,protagonist,low,mild,1.0,0,1,1.0,1.0
wrh_ZNJzopA,daily_vlog,mild,none,protagonist,low,mild,1.0,0,1,1.0,1.0
NRQdbffaAhE,unboxing,none,none,protagonist,low,mild,0.0,0,1,1.0,1.0
bHOaWVnUAq4,daily_vlog,none,none,unclear,low,mild,0.0,0,0,1.0,1.0
AJPs8F8hDwo,daily_vlog,mild,none,unclear,low,mild,1.0,0,0,1.0,1.0
_GYX51TaKHo,daily_vlog,mild,none,unclear,low,mild,1.0,0,0,1.0,1.0
IozTGRqX2R4,storytime,moderate,none,protagonist,high,moderate,2.0,0,1,3.0,2.0
Ts558Kw2MVo,travel,none,none,unclear,none,mild,0.0,0,0,0.0,1.0
V27h4Xlsx7k,travel,none,none,unclear,none,none,0.0,0,0,0.0,0.0
uwRKg73npAk,daily_vlog,mild,none,unclear,low,moderate,1.0,0,0,1.0,2.0
49r6a5QVDJk,unboxing,none,none,co_star,low,mild,0.0,0,0,1.0,1.0
lG88wkkQyx0,routine,none,none,protagonist,low,mild,0.0,0,1,1.0,1.0
CKBbp4o1F8Q,daily_vlog,none,none,protagonist,low,mild,0.0,0,1,1.0,1.0
3IblQOghBP4,daily_vlog,none,none,co_star,low,mild,0.0,0,0,1.0,1.0
r0u5mNmuvYk,storytime,mild,none,unclear,low,moderate,1.0,0,0,1.0,2.0
ryeaYBejSY4,unboxing,none,none,protagonist,low,mild,0.0,0,1,1.0,1.0
eP1OgYumpIo,daily_vlog,none,none,co_star,low,mild,0.0,0,0,1.0,1.0
UVD8H3Rpzgo,daily_vlog,mild,none,protagonist,low,mild,1.0,0,1,1.0,1.0
1ZekKLQxgXw,other,mild,none,unclear,low,moderate,1.0,0,0,1.0,2.0
pAUcuG7tDFs,other,none,none,unclear,none,mild,0.0,0,0,0.0,1.0
UeYrsv4llgI,daily_vlog,none,none,unclear,low,moderate,0.0,0,0,1.0,2.0
47EepDenOy8,daily_vlog,moderate,none,unclear,low,moderate,2.0,0,0,1.0,2.0
zRUauAE93Ow,travel,none,none,unclear,low,moderate,0.0,0,0,1.0,2.0
bSvmew1KkP0,storytime,moderate,none,unclear,low,moderate,2.0,0,0,1.0,2.0
ssMQI_b8fbA,other,none,none,unclear,low,mild,0.0,0,0,1.0,1.0
dGuM4QG_Ua8,cooking,none,none,unclear,none,none,0.0,0,0,0.0,0.0
5wt42SpohOA,routine,none,none,unclear,low,none,0.0,0,0,1.0,0.0
JFGVzuHxYbY,unboxing,mild,none,unclear,none,moderate,1.0,0,0,0.0,2.0
XFM-cMw1y0M,other,none,none,unclear,none,mild,0.0,0,0,0.0,1.0
djNo_lGshBY,storytime,moderate,none,unclear,none,moderate,2.0,0,0,0.0,2.0
Hn7uYotDJ3U,storytime,moderate,none,unclear,none,moderate,2.0,0,0,0.0,2.0
YVQeGahrQoc,daily_vlog,none,none,unclear,none,mild,0.0,0,0,0.0,1.0
1QpHy9PsjSg,cooking,mild,none,unclear,none,moderate,1.0,0,0,0.0,2.0
1rciFJR7YvE,unboxing,none,none,unclear,none,mild,0.0,0,0,0.0,1.0
rZIeFwYV2Fs,daily_vlog,none,none,protagonist,low,mild,0.0,0,1,1.0,1.0
naWGtbbJcok,daily_vlog,none,none,unclear,none,mild,0.0,0,0,0.0,1.0
6VTrKIAI8NE,daily_vlog,none,none,unclear,none,mild,0.0,0,0,0.0,1.0
Fn6RXEskNDE,cooking,none,none,unclear,none,none,0.0,0,0,0.0,0.0
0z0ligNgHFY,cooking,none,none,unclear,none,none,0.0,0,0,0.0,0.0
URbxdHaXoIE,cooking,none,none,unclear,none,none,0.0,0,0,0.0,0.0
8rATGxbdads,daily_vlog,none,none,unclear,none,none,0.0,0,0,0.0,0.0
PxjsuRlTemo,cooking,none,none,unclear,none,none,0.0,0,0,0.0,0.0
hyTSdxlMpso,cooking,none,none,unclear,none,none,0.0,0,0,0.0,0.0
skl7KgLcHsw,cooking,none,none,unclear,none,none,0.0,0,0,0.0,0.0
pqd5dweB_Uk,cooking,none,none,unclear,none,none,0.0,0,0,0.0,0.0
OqgHRZiOUes,cooking,none,none,unclear,none,none,0.0,0,0,0.0,0.0
UBMCyEoO07M,cooking,none,none,unclear,none,none,0.0,0,0,0.0,0.0
Mh3BjL7yxgw,cooking,none,none,unclear,none,none,0.0,0,0,0.0,0.0
93xAI0J09hE,reaction,none,none,unclear,none,mild,0.0,0,0,0.0,1.0
rfRacjNhpGQ,cooking,none,none,unclear,none,none,0.0,0,0,0.0,0.0
BwU6JM6N4cI,other,none,none,unclear,none,none,0.0,0,0,0.0,0.0
CAVlEk5nidU,cooking,none,none,unclear,none,none,0.0,0,0,0.0,0.0
GKtkKuI75ms,reaction,none,none,unclear,none,mild,0.0,0,0,0.0,1.0
sqy7VfMookU,cooking,none,none,unclear,none,none,0.0,0,0,0.0,0.0
exipwvUSUgU,cooking,none,none,unclear,none,none,0.0,0,0,0.0,0.0
XoV8F23Hpl0,cooking,none,none,unclear,none,none,0.0,0,0,0.0,0.0
FffOU8luxTc,cooking,none,none,unclear,none,none,0.0,0,0,0.0,0.0
Sc1sRlEbGbo,daily_vlog,none,none,unclear,none,mild,0.0,0,0,0.0,1.0
zKcoTxngOlk,cooking,none,none,unclear,none,mild,0.0,0,0,0.0,1.0
ZRC9zZCpPQQ,daily_vlog,none,none,unclear,none,mild,0.0,0,0,0.0,1.0
gK6P1yIyrkw,cooking,none,none,unclear,none,mild,0.0,0,0,0.0,1.0
tQnqy85ctJw,daily_vlog,none,none,unclear,none,mild,0.0,0,0,0.0,1.0
Y_vvnw9ijtY,daily_vlog,none,none,unclear,none,mild,0.0,0,0,0.0,1.0
3zzDotD9cFM,daily_vlog,none,none,unclear,none,mild,0.0,0,0,0.0,1.0
Z22ilcHhbSc,daily_vlog,none,none,unclear,none,mild,0.0,0,0,0.0,1.0
WTJ0O5cnM-8,daily_vlog,none,none,unclear,none,none,0.0,0,0,0.0,0.0
bPC9OtFFZCU,travel,none,none,unclear,none,none,0.0,0,0,0.0,0.0
KRfR-GLLH8A,travel,none,none,unclear,none,mild,0.0,0,0,0.0,1.0
Q-PSfqI4hlM,cooking,none,none,unclear,none,mild,0.0,0,0,0.0,1.0
A_wQAsrCTKA,cooking,none,none,unclear,none,mild,0.0,0,0,0.0,1.0
TzOokw0aFYM,cooking,none,none,unclear,none,mild,0.0,0,0,0.0,1.0
N6L5rHqh8So,cooking,none,none,unclear,none,mild,0.0,0,0,0.0,1.0
mKo4k-fYxf4,cooking,none,none,unclear,none,mild,0.0,0,0,0.0,1.0
rBZA6aaZoS4,cooking,none,none,unclear,none,mild,0.0,0,0,0.0,1.0
TQAXM8gp_A8,cooking,none,none,unclear,none,mild,0.0,0,0,0.0,1.0
zTuDrSB65bs,travel,none,none,unclear,none,mild,0.0,0,0,0.0,1.0
Bt8syCzjIXQ,travel,none,none,unclear,none,mild,0.0,0,0,0.0,1.0
5oLQSL3Hqic,cooking,none,none,unclear,none,none,0.0,0,0,0.0,0.0
_qulJ2sRCf8,cooking,none,none,unclear,none,mild,0.0,0,0,0.0,1.0
RTn9JUNe7pE,cooking,none,none,unclear,none,none,0.0,0,0,0.0,0.0
snSrHl-bems,daily_vlog,none,none,unclear,none,none,0.0,0,0,0.0,0.0
Cm3vGrBBVwM,cooking,none,none,unclear,none,none,0.0,0,0,0.0,0.0
AnaEs6yYQWw,daily_vlog,none,none,unclear,none,none,0.0,0,0,0.0,0.0
mWBBFfZxh00,travel,none,none,unclear,none,none,0.0,0,0,0.0,0.0
82GMcEE5wso,daily_vlog,none,none,unclear,none,none,0.0,0,0,0.0,0.0
rw515_HUKbM,daily_vlog,none,none,unclear,none,none,0.0,0,0,0.0,0.0
nZsECQMz6y0,cooking,none,none,unclear,none,none,0.0,0,0,0.0,0.0
sKtdyIo9w4w,daily_vlog,none,none,cameo,low,mild,0.0,0,0,1.0,1.0
7sVhHH-Hjjw,daily_vlog,none,none,cameo,low,mild,0.0,0,0,1.0,1.0
0yoE0P8-Sas,daily_vlog,none,none,cameo,low,mild,0.0,0,0,1.0,1.0
HGCNVUcK-do,daily_vlog,none,none,cameo,low,mild,0.0,0,0,1.0,1.0
3u7tPVU8uIc,daily_vlog,none,none,cameo,low,mild,0.0,0,0,1.0,1.0
AHVY_H6mSls,daily_vlog,none,none,cameo,low,mild,0.0,0,0,1.0,1.0
c6eQIOvJMO4,daily_vlog,none,none,cameo,low,mild,0.0,0,0,1.0,1.0
rZYf_ihopvs,travel,none,none,cameo,low,mild,0.0,0,0,1.0,1.0
bLwG_tI6X7I,daily_vlog,none,none,cameo,low,mild,0.0,0,0,1.0,1.0
ZLRJoP3DdAk,daily_vlog,none,none,cameo,low,mild,0.0,0,0,1.0,1.0
NUE4dC5IQVk,daily_vlog,none,none,unclear,none,mild,0.0,0,0,0.0,1.0
5QXYNEs1_PU,daily_vlog,none,none,unclear,none,mild,0.0,0,0,0.0,1.0
wGN-P9lngPs,daily_vlog,none,none,unclear,none,mild,0.0,0,0,0.0,1.0
YSEqoPPqpUA,daily_vlog,none,none,unclear,none,mild,0.0,0,0,0.0,1.0
_-RA0n28Cs8,daily_vlog,none,none,unclear,none,mild,0.0,0,0,0.0,1.0
Ic2_-Keym4E,daily_vlog,none,none,unclear,none,mild,0.0,0,0,0.0,1.0
0d4iQjusCNQ,daily_vlog,none,none,unclear,none,mild,0.0,0,0,0.0,1.0
AAAzpaYuf4Q,travel,mild,none,unclear,none,moderate,1.0,0,0,0.0,2.0
U_51FsYkF6A,travel,none,none,unclear,none,mild,0.0,0,0,0.0,1.0
X29TYRB4KE4,travel,none,none,unclear,none,mild,0.0,0,0,0.0,1.0
n9gObnhezlQ,travel,none,none,co_star,low,mild,0.0,0,0,1.0,1.0
S1QKQJxkUeo,travel,none,none,co_star,low,mild,0.0,0,0,1.0,1.0
UjYusnJ1m4c,travel,none,none,co_star,low,mild,0.0,0,0,1.0,1.0
dBpAwbGjAdU,daily_vlog,none,none,co_star,low,none,0.0,0,0,1.0,0.0
g0odE02-2a0,routine,none,brand_mention,cameo,low,mild,0.0,1,0,1.0,1.0
MhP1hL3qZLA,cooking,none,none,unclear,none,mild,0.0,0,0,0.0,1.0
dmGyN3W7Xys,daily_vlog,none,none,co_star,low,none,0.0,0,0,1.0,0.0
inQ2IgdyoO8,daily_vlog,none,none,co_star,low,none,0.0,0,0,1.0,0.0
6Odte9XMR_Y,daily_vlog,none,none,co_star,low,mild,0.0,0,0,1.0,1.0
HjwpFKS9YfQ,daily_vlog,none,none,co_star,low,mild,0.0,0,0,1.0,1.0
F4Hw-142yjM,daily_vlog,none,brand_mention,unclear,low,mild,0.0,1,0,1.0,1.0
4dSLX71UPro,daily_vlog,mild,none,unclear,low,moderate,1.0,0,0,1.0,2.0
eEvTydW0sTA,daily_vlog,mild,none,unclear,low,mild,1.0,0,0,1.0,1.0
FAgVzNJH1TY,routine,none,none,unclear,low,mild,0.0,0,0,1.0,1.0
ozHAmNTZL_s,challenge,none,none,unclear,low,mild,0.0,0,0,1.0,1.0
Ed6XJfRnzjo,other,none,affiliate,unclear,none,mild,0.0,1,0,0.0,1.0
TPYy0LGMSkk,daily_vlog,none,likely_sponsored,unclear,low,mild,0.0,1,0,1.0,1.0
hHAfJyl49tg,daily_vlog,none,none,unclear,moderate,mild,0.0,0,0,2.0,1.0
-6T4DlnPuV4,storytime,mild,none,unclear,low,moderate,1.0,0,0,1.0,2.0
6fpr_hiC2Yk,storytime,moderate,none,unclear,moderate,moderate,2.0,0,0,2.0,2.0
c6EAOl-lb5A,prank,moderate,none,unclear,moderate,moderate,2.0,0,0,2.0,2.0
WtugtBO3Lqs,prank,moderate,none,unclear,moderate,moderate,2.0,0,0,2.0,2.0
Kx4dEkCmGfg,prank,moderate,none,unclear,moderate,moderate,2.0,0,0,2.0,2.0
DvKKIyK27oY,storytime,mild,none,unclear,moderate,moderate,1.0,0,0,2.0,2.0
z0539CmZXpU,prank,moderate,none,unclear,moderate,moderate,2.0,0,0,2.0,2.0
n1ILaInOqPQ,storytime,mild,none,unclear,moderate,moderate,1.0,0,0,2.0,2.0
7cVy2LsqKeQ,challenge,mild,none,unclear,moderate,moderate,1.0,0,0,2.0,2.0
Rgikv7DpueA,storytime,moderate,none,unclear,low,moderate,2.0,0,0,1.0,2.0
h2C47Vp_JxM,prank,moderate,none,unclear,moderate,moderate,2.0,0,0,2.0,2.0
B3HDK2LLvWg,prank,moderate,none,unclear,moderate,moderate,2.0,0,0,2.0,2.0
y8-5j6t3JLw,storytime,moderate,none,unclear,moderate,moderate,2.0,0,0,2.0,2.0
ytwgADBqOdc,prank,moderate,none,unclear,moderate,moderate,2.0,0,0,2.0,2.0
STwggaRf-Yo,storytime,moderate,none,unclear,low,moderate,2.0,0,0,1.0,2.0
lbk7zVnZi2k,prank,mild,none,unclear,moderate,moderate,1.0,0,0,2.0,2.0
-WnkIYBIJZ0,storytime,moderate,none,unclear,moderate,severe,2.0,0,0,2.0,3.0
VoZlX5LfRaQ,storytime,mild,none,unclear,moderate,mild,1.0,0,0,2.0,1.0
DunBnQnzkJM,travel,mild,none,unclear,moderate,moderate,1.0,0,0,2.0,2.0
7h93alv7Yuw,routine,none,none,unclear,low,none,0.0,0,0,1.0,0.0
u3UFrvBp4-E,storytime,moderate,none,unclear,high,severe,2.0,0,0,3.0,3.0
lf5AzUTD44A,daily_vlog,none,none,unclear,low,mild,0.0,0,0,1.0,1.0
G-NGMWly-E4,storytime,moderate,none,unclear,moderate,moderate,2.0,0,0,2.0,2.0
swwonFPtqOY,storytime,none,none,protagonist,low,mild,0.0,0,1,1.0,1.0
bC8hknXHJUg,storytime,severe,none,unclear,moderate,severe,3.0,0,0,2.0,3.0
Gi_rf4fn2s8,storytime,mild,none,unclear,low,mild,1.0,0,0,1.0,1.0
MFOY2GBDw0k,storytime,moderate,none,unclear,moderate,severe,2.0,0,0,2.0,3.0
6JtumTpXqPQ,storytime,severe,none,unclear,moderate,severe,3.0,0,0,2.0,3.0
7AFGRJYKI9s,daily_vlog,none,none,unclear,low,mild,0.0,0,0,1.0,1.0
KK9nTBB5SE4,music_dance,none,none,protagonist,low,none,0.0,0,1,1.0,0.0
eIaJ6TAlZXo,storytime,severe,none,unclear,moderate,severe,3.0,0,0,2.0,3.0
S5cCGpv1h64,storytime,mild,none,unclear,low,mild,1.0,0,0,1.0,1.0
nEPY04KbFME,storytime,mild,none,unclear,moderate,moderate,1.0,0,0,2.0,2.0
6FmxL228VMM,storytime,mild,none,unclear,low,moderate,1.0,0,0,1.0,2.0
b7URfBXdvoI,storytime,moderate,none,protagonist,moderate,severe,2.0,0,1,2.0,3.0
rOxoQDNqmwA,storytime,moderate,none,protagonist,high,severe,2.0,0,1,3.0,3.0
frPM0JDRtVs,routine,mild,none,co_star,moderate,moderate,1.0,0,0,2.0,2.0
57_79k4t_v8,storytime,mild,none,unclear,moderate,mild,1.0,0,0,2.0,1.0
eotRaVpFguw,storytime,mild,none,unclear,moderate,mild,1.0,0,0,2.0,1.0
3sebQvMiLuM,storytime,moderate,none,unclear,moderate,severe,2.0,0,0,2.0,3.0
DVqTNEWu3I0,challenge,none,none,protagonist,low,moderate,0.0,0,1,1.0,2.0
NCB2JPN052M,challenge,mild,none,protagonist,moderate,moderate,1.0,0,1,2.0,2.0
n4CnvzWiirw,storytime,moderate,none,unclear,low,moderate,2.0,0,0,1.0,2.0
7xVy7AwNzSw,storytime,moderate,none,unclear,low,mild,2.0,0,0,1.0,1.0
L8kzINmV18U,storytime,mild,none,unclear,low,mild,1.0,0,0,1.0,1.0
OkR3VOiG5Xw,storytime,mild,none,unclear,low,mild,1.0,0,0,1.0,1.0
nBMzP0gBNOs,storytime,moderate,none,unclear,low,moderate,2.0,0,0,1.0,2.0
Y2JzBV3Epl4,storytime,severe,none,protagonist,high,severe,3.0,0,1,3.0,3.0
gBFOFzMzNjc,storytime,moderate,none,protagonist,high,moderate,2.0,0,1,3.0,2.0
1FPJxGYElBo,challenge,none,none,unclear,none,moderate,0.0,0,0,0.0,2.0
sNjMajr2kdQ,storytime,moderate,none,unclear,low,moderate,2.0,0,0,1.0,2.0
5PmEkNxwOs0,storytime,mild,none,unclear,low,mild,1.0,0,0,1.0,1.0
Ld4VQrUYd08,challenge,mild,none,unclear,low,moderate,1.0,0,0,1.0,2.0
912-R9SppzU,storytime,mild,none,protagonist,moderate,moderate,1.0,0,1,2.0,2.0
zI3HnQMKtMY,challenge,mild,none,protagonist,low,moderate,1.0,0,1,1.0,2.0
Dr1-Jhr22jc,daily_vlog,moderate,none,protagonist,high,severe,2.0,0,1,3.0,3.0
2G87uyT2cwY,challenge,mild,none,protagonist,low,moderate,1.0,0,1,1.0,2.0
RdG4h9g5MCE,challenge,mild,none,unclear,low,moderate,1.0,0,0,1.0,2.0
27OE6OZzi_c,challenge,none,none,protagonist,low,moderate,0.0,0,1,1.0,2.0
ZXB5nC1TgZo,storytime,moderate,none,unclear,low,moderate,2.0,0,0,1.0,2.0
YBk4FgzLnzY,challenge,mild,none,protagonist,low,moderate,1.0,0,1,1.0,2.0
_njm8mdRpq0,challenge,none,none,protagonist,low,moderate,0.0,0,1,1.0,2.0
YPkS9f0WfE0,challenge,none,none,unclear,low,moderate,0.0,0,0,1.0,2.0
G0h_-seyrIQ,challenge,mild,none,protagonist,low,moderate,1.0,0,1,1.0,2.0
QU5YCoqLev4,daily_vlog,mild,none,unclear,low,mild,1.0,0,0,1.0,1.0
DeUay9mljOA,challenge,mild,none,protagonist,moderate,moderate,1.0,0,1,2.0,2.0
a0AtIPjDcOg,storytime,mild,none,protagonist,moderate,severe,1.0,0,1,2.0,3.0
S8XxN1sfd3Q,daily_vlog,moderate,none,protagonist,low,moderate,2.0,0,1,1.0,2.0
5lCSOH4xj-4,prank,mild,none,protagonist,high,moderate,1.0,0,1,3.0,2.0
3h-nCUzRcBY,daily_vlog,mild,none,protagonist,low,mild,1.0,0,1,1.0,1.0
jxHJndEKIew,daily_vlog,mild,none,protagonist,low,mild,1.0,0,1,1.0,1.0
SaWRKSpMurY,challenge,none,none,unclear,low,moderate,0.0,0,0,1.0,2.0
cEB9Y3rAC4E,prank,mild,none,unclear,low,moderate,1.0,0,0,1.0,2.0
locvWmtZ6pg,challenge,mild,none,unclear,low,moderate,1.0,0,0,1.0,2.0
wbr3Cr5Tg8w,challenge,mild,none,unclear,low,moderate,1.0,0,0,1.0,2.0
lsKOY8b15Sg,challenge,none,none,unclear,none,moderate,0.0,0,0,0.0,2.0
-LooUJlcdjU,challenge,none,brand_mention,unclear,low,moderate,0.0,1,0,1.0,2.0
ELZNfgG4Iq4,challenge,mild,none,unclear,low,moderate,1.0,0,0,1.0,2.0
fmILonOGUoE,storytime,moderate,none,unclear,low,mild,2.0,0,0,1.0,1.0
prHLZOFP2Fw,storytime,mild,none,unclear,low,moderate,1.0,0,0,1.0,2.0
sic_A9CZxzw,reaction,mild,none,unclear,low,moderate,1.0,0,0,1.0,2.0
9IdXa-BWssg,daily_vlog,none,none,unclear,none,mild,0.0,0,0,0.0,1.0
0X2Bno5ehig,challenge,none,none,unclear,low,mild,0.0,0,0,1.0,1.0
l7dzf4eFeAc,other,none,none,unclear,low,mild,0.0,0,0,1.0,1.0
PxM89TOiNcQ,prank,none,none,protagonist,moderate,mild,0.0,0,1,2.0,1.0
QaF1r2qdV_E,daily_vlog,mild,none,protagonist,moderate,mild,1.0,0,1,2.0,1.0
5B7hEY7z194,storytime,mild,none,protagonist,high,moderate,1.0,0,1,3.0,2.0
F5njPH3jHHA,challenge,none,none,unclear,low,mild,0.0,0,0,1.0,1.0
AIGxl8c02lM,daily_vlog,moderate,none,protagonist,moderate,moderate,2.0,0,1,2.0,2.0
omX4HNf6eB4,other,none,none,unclear,low,mild,0.0,0,0,1.0,1.0
mkgTZ6YorkE,challenge,mild,none,protagonist,moderate,moderate,1.0,0,1,2.0,2.0
-eRZXgOlKyw,challenge,none,none,protagonist,moderate,mild,0.0,0,1,2.0,1.0
3nxna_8FPzU,daily_vlog,mild,none,protagonist,low,mild,1.0,0,1,1.0,1.0
WXzaijt7wX4,daily_vlog,none,none,unclear,low,none,0.0,0,0,1.0,0.0
atKG4DVOXYg,daily_vlog,none,none,unclear,low,none,0.0,0,0,1.0,0.0
F49YnlST47A,daily_vlog,none,none,unclear,low,none,0.0,0,0,1.0,0.0
toyVj7ELXSw,daily_vlog,none,none,unclear,low,none,0.0,0,0,1.0,0.0
XH69zrUJckY,daily_vlog,none,none,unclear,low,mild,0.0,0,0,1.0,1.0
v8dwKxlRp-U,daily_vlog,none,none,unclear,low,none,0.0,0,0,1.0,0.0
PwlZl7onWuU,travel,none,none,co_star,low,none,0.0,0,0,1.0,0.0
MTvMWMDB8XI,daily_vlog,none,none,unclear,low,none,0.0,0,0,1.0,0.0
xvZkfwTKm3E,travel,none,none,unclear,low,none,0.0,0,0,1.0,0.0
iUZ8vpGSlUk,daily_vlog,none,none,unclear,low,none,0.0,0,0,1.0,0.0
SVHXKru3qAQ,daily_vlog,none,none,unclear,low,mild,0.0,0,0,1.0,1.0
0bUexTmp2Dg,unboxing,none,none,unclear,low,none,0.0,0,0,1.0,0.0
F4bpUk32Nho,cooking,none,none,unclear,none,none,0.0,0,0,0.0,0.0
6xKYR3clPf8,other,none,none,unclear,low,none,0.0,0,0,1.0,0.0
JpLteyRxX7s,other,none,none,unclear,none,none,0.0,0,0,0.0,0.0
1SbSf0Obr-s,daily_vlog,none,none,unclear,low,none,0.0,0,0,1.0,0.0
JbM4QCK1DZo,storytime,none,none,unclear,low,mild,0.0,0,0,1.0,1.0
K8KDcvZlhsc,storytime,mild,none,unclear,low,mild,1.0,0,0,1.0,1.0
0jgn6tuAdeU,other,none,none,unclear,low,none,0.0,0,0,1.0,0.0
MQGrx1LH-O8,daily_vlog,none,none,co_star,low,none,0.0,0,0,1.0,0.0
sjZLPbnM5wg,daily_vlog,mild,none,co_star,low,mild,1.0,0,0,1.0,1.0
64J6J_41aGw,daily_vlog,none,brand_mention,unclear,low,mild,0.0,1,0,1.0,1.0
4ok_7fmEcU4,unboxing,mild,none,protagonist,low,moderate,1.0,0,1,1.0,2.0
vX2tymHRqJE,daily_vlog,none,none,co_star,low,mild,0.0,0,0,1.0,1.0
X9yFc7Iv5ow,routine,none,none,protagonist,low,mild,0.0,0,1,1.0,1.0
mP0yx9c6LF0,daily_vlog,none,none,co_star,low,none,0.0,0,0,1.0,0.0
UxzTFeXJZl4,travel,none,none,co_star,low,none,0.0,0,0,1.0,0.0
0Lx6ZpVRJCo,travel,none,none,co_star,low,none,0.0,0,0,1.0,0.0
rq29h8QIYfk,daily_vlog,none,none,co_star,moderate,mild,0.0,0,0,2.0,1.0
c5VF8k4XCRk,daily_vlog,mild,none,co_star,low,mild,1.0,0,0,1.0,1.0
4Zq620qMmvA,daily_vlog,none,none,co_star,low,none,0.0,0,0,1.0,0.0
UvERAzfTvB0,educational,mild,none,unclear,none,mild,1.0,0,0,0.0,1.0
CvN-el1O4h0,daily_vlog,mild,none,protagonist,low,moderate,1.0,0,1,1.0,2.0
WhZd3GffRKI,routine,mild,none,co_star,low,none,1.0,0,0,1.0,0.0
iWgHXEf1zzM,daily_vlog,none,none,co_star,low,none,0.0,0,0,1.0,0.0
-0BRDeO8Vuo,daily_vlog,mild,none,co_star,low,none,1.0,0,0,1.0,0.0
Vdzv_kjobuI,educational,none,none,unclear,none,moderate,0.0,0,0,0.0,2.0
n4tompj9z3g,travel,mild,none,co_star,low,none,1.0,0,0,1.0,0.0
UoaaId-mBaQ,educational,none,none,unclear,none,none,0.0,0,0,0.0,0.0
RrXMVWk8efc,daily_vlog,mild,none,unclear,low,mild,1.0,0,0,1.0,1.0
kwyYLz_ds_4,daily_vlog,none,none,unclear,low,moderate,0.0,0,0,1.0,2.0
MhqDkPSuIGY,daily_vlog,mild,none,unclear,low,mild,1.0,0,0,1.0,1.0
XQjbQqrNtoY,travel,mild,none,unclear,low,mild,1.0,0,0,1.0,1.0
8i19FWy4Bw,travel,moderate,none,unclear,low,mild,2.0,0,0,1.0,1.0
s_iohMzIjRM,travel,mild,none,unclear,low,mild,1.0,0,0,1.0,1.0
uGkZfaQGvhk,travel,mild,none,unclear,low,mild,1.0,0,0,1.0,1.0
iQip_AdnmgU,daily_vlog,none,none,unclear,low,none,0.0,0,0,1.0,0.0
S8CArTAhkQI,other,mild,none,unclear,low,none,1.0,0,0,1.0,0.0
JG30dvJlZb4,daily_vlog,mild,none,protagonist,low,none,1.0,0,1,1.0,0.0
NoUpGD7bR0o,daily_vlog,mild,none,co_star,low,mild,1.0,0,0,1.0,1.0
UpK8l1y3fxc,daily_vlog,mild,none,unclear,low,mild,1.0,0,0,1.0,1.0
6lFXJ5hhnu4,daily_vlog,mild,none,unclear,low,mild,1.0,0,0,1.0,1.0
PLd3j6Dtr9I,routine,mild,none,unclear,low,mild,1.0,0,0,1.0,1.0
4w3mdMIFVnE,daily_vlog,none,none,protagonist,low,mild,0.0,0,1,1.0,1.0
nrTIgxgZv0w,daily_vlog,mild,none,co_star,low,mild,1.0,0,0,1.0,1.0
o7xFbb_vJwg,daily_vlog,none,none,protagonist,low,mild,0.0,0,1,1.0,1.0
xOJmbab6jdg,travel,none,none,unclear,low,none,0.0,0,0,1.0,0.0
FQhmAVO_nUI,daily_vlog,none,none,protagonist,low,mild,0.0,0,1,1.0,1.0
AUfqrep2wAQ,daily_vlog,none,none,unclear,low,mild,0.0,0,0,1.0,1.0
3t-ZEXDBMIA,daily_vlog,mild,none,co_star,low,mild,1.0,0,0,1.0,1.0
YsNKHGbhsIE,daily_vlog,moderate,none,co_star,low,moderate,2.0,0,0,1.0,2.0
SpvmrQfXRnY,travel,none,none,co_star,low,mild,0.0,0,0,1.0,1.0
7t_r0IGzeXM,daily_vlog,mild,none,protagonist,low,moderate,1.0,0,1,1.0,2.0
5_XYSGHGagE,daily_vlog,none,none,co_star,low,mild,0.0,0,0,1.0,1.0
hmautziBYwg,daily_vlog,none,none,protagonist,low,mild,0.0,0,1,1.0,1.0
FR8-T5BZyWo,daily_vlog,none,none,co_star,low,mild,0.0,0,0,1.0,1.0
2WhxyBUCBGs,daily_vlog,none,none,co_star,low,mild,0.0,0,0,1.0,1.0
4BjET02qkNI,travel,none,none,co_star,low,mild,0.0,0,0,1.0,1.0
gkvbs0T-zSk,travel,none,none,co_star,low,mild,0.0,0,0,1.0,1.0
5yLWFtb9UZs,cooking,none,none,unclear,none,none,0.0,0,0,0.0,0.0
OO0h8KKldpI,daily_vlog,mild,none,unclear,low,moderate,1.0,0,0,1.0,2.0
93SOiJeruFw,daily_vlog,mild,none,unclear,low,moderate,1.0,0,0,1.0,2.0
x83DC7TmHC0,daily_vlog,none,none,unclear,low,mild,0.0,0,0,1.0,1.0
ID0yrnR4OY0,daily_vlog,none,none,unclear,low,none,0.0,0,0,1.0,0.0
w6d_091IOG4,daily_vlog,none,none,unclear,low,mild,0.0,0,0,1.0,1.0
8uYwejRtBuM,daily_vlog,none,none,unclear,low,mild,0.0,0,0,1.0,1.0
lvGsS-YwKLY,daily_vlog,none,none,unclear,low,moderate,0.0,0,0,1.0,2.0
T8yBYnII-PM,daily_vlog,none,none,unclear,low,moderate,0.0,0,0,1.0,2.0
JdTTdQ4IWnI,daily_vlog,none,none,unclear,low,mild,0.0,0,0,1.0,1.0
-gJdHGbe4jM,unboxing,none,brand_mention,unclear,none,moderate,0.0,1,0,0.0,2.0
400J1kLljMQ,daily_vlog,none,none,unclear,low,mild,0.0,0,0,1.0,1.0
_PV9dHEl2fk,toy_review,none,brand_mention,unclear,none,none,0.0,1,0,0.0,0.0
_rJ5ALTztqo,daily_vlog,none,none,unclear,none,mild,0.0,0,0,0.0,1.0
oDyJmlBY9n0,daily_vlog,none,none,co_star,low,none,0.0,0,0,1.0,0.0
zs-bhZ_uW6A,daily_vlog,none,none,unclear,none,mild,0.0,0,0,0.0,1.0
2Eho_vHhxUs,daily_vlog,none,none,unclear,low,mild,0.0,0,0,1.0,1.0
Jot3rKUVRa8,daily_vlog,none,none,unclear,low,mild,0.0,0,0,1.0,1.0
cdZanNhea38,daily_vlog,none,none,unclear,moderate,mild,0.0,0,0,2.0,1.0
8Bq8m6VD2ns,daily_vlog,none,none,unclear,low,mild,0.0,0,0,1.0,1.0
zm1C4abWVdA,daily_vlog,mild,none,unclear,low,mild,1.0,0,0,1.0,1.0
YavAgl8cU9s,cooking,none,none,unclear,none,mild,0.0,0,0,0.0,1.0
1eAbeCfqFJQ,daily_vlog,mild,none,unclear,moderate,mild,1.0,0,0,2.0,1.0
VQvmkBeT8jc,daily_vlog,none,none,unclear,none,mild,0.0,0,0,0.0,1.0
7HcKicOuk_Y,other,none,none,unclear,low,none,0.0,0,0,1.0,0.0
Cd5H8kPsw40,daily_vlog,mild,none,unclear,moderate,mild,1.0,0,0,2.0,1.0
SBCn57D5dbI,daily_vlog,mild,none,unclear,low,none,1.0,0,0,1.0,0.0
cOs9KP_cDYQ,daily_vlog,none,none,unclear,low,none,0.0,0,0,1.0,0.0
GMzK2K7Xa0c,daily_vlog,none,none,unclear,low,none,0.0,0,0,1.0,0.0
SblWQcKvBRE,daily_vlog,none,none,unclear,low,mild,0.0,0,0,1.0,1.0
l8FbT9D1Gk,educational,none,none,unclear,none,mild,0.0,0,0,0.0,1.0
d8md3uAKX8k,daily_vlog,none,none,unclear,none,none,0.0,0,0,0.0,0.0
SxTPKXNxCpc,daily_vlog,none,none,unclear,none,mild,0.0,0,0,0.0,1.0
EvEp-vMXtQ4,other,none,none,unclear,none,mild,0.0,0,0,0.0,1.0
ZqsMXRh_qKg,daily_vlog,none,none,unclear,none,none,0.0,0,0,0.0,0.0
vYYqvvCZp9k,daily_vlog,none,none,unclear,none,mild,0.0,0,0,0.0,1.0
ZS60WqwUMlE,daily_vlog,none,none,unclear,none,none,0.0,0,0,0.0,0.0
pC1LvkMPR5U,daily_vlog,none,none,unclear,none,none,0.0,0,0,0.0,0.0
pC2t-8Dgl-I,storytime,mild,none,unclear,low,none,1.0,0,0,1.0,0.0
im1KJ595kxA,daily_vlog,none,none,unclear,none,none,0.0,0,0,0.0,0.0
B7HjmXdReyQ,travel,none,none,co_star,low,none,0.0,0,0,1.0,0.0
0VSeKDkC_Mc,daily_vlog,none,none,unclear,low,none,0.0,0,0,1.0,0.0
UqzmpVY9Klg,educational,none,none,unclear,none,mild,0.0,0,0,0.0,1.0
XuUeotZ8doU,storytime,mild,none,unclear,low,moderate,1.0,0,0,1.0,2.0
8aLNkVpOtPs,educational,none,none,unclear,none,mild,0.0,0,0,0.0,1.0
TXscVLy1xek,daily_vlog,none,none,unclear,low,none,0.0,0,0,1.0,0.0
FgdMKMM9MpA,daily_vlog,none,none,protagonist,low,none,0.0,0,1,1.0,0.0
BD-m8KjLqvI,cooking,none,none,unclear,low,none,0.0,0,0,1.0,0.0
t6mHyqd0qMY,travel,none,none,unclear,low,none,0.0,0,0,1.0,0.0
IU_h57PqnKo,daily_vlog,none,none,protagonist,low,none,0.0,0,1,1.0,0.0
R94GR9TSU2k,daily_vlog,none,none,co_star,low,mild,0.0,0,0,1.0,1.0
xniz9UeXJ7M,daily_vlog,mild,none,co_star,low,moderate,1.0,0,0,1.0,2.0
ZSJKm9UGTts,daily_vlog,none,none,co_star,low,mild,0.0,0,0,1.0,1.0
sQ2KoSoSPSo,daily_vlog,none,none,co_star,low,mild,0.0,0,0,1.0,1.0
J_zaZ9BzlF8,daily_vlog,none,none,co_star,low,mild,0.0,0,0,1.0,1.0
xzcNIGGZM-U,daily_vlog,none,none,co_star,low,moderate,0.0,0,0,1.0,2.0
LKG-tu5nK1Q,daily_vlog,none,none,co_star,low,mild,0.0,0,0,1.0,1.0
hl9-53r5c8c,daily_vlog,mild,none,co_star,low,mild,1.0,0,0,1.0,1.0
Um7lHRKH93Q,daily_vlog,none,none,co_star,low,mild,0.0,0,0,1.0,1.0
TOLsSJuaUss,daily_vlog,mild,none,co_star,low,mild,1.0,0,0,1.0,1.0
xA-a7FqdKMI,daily_vlog,mild,none,unclear,low,moderate,1.0,0,0,1.0,2.0
LdJ7yPKJ3rM,daily_vlog,mild,none,unclear,low,moderate,1.0,0,0,1.0,2.0
XJD3MxTArcM,daily_vlog,mild,none,unclear,low,moderate,1.0,0,0,1.0,2.0
asfl68wFkTY,daily_vlog,none,none,protagonist,moderate,mild,0.0,0,1,2.0,1.0
ZTH7BmLe-dE,daily_vlog,mild,none,unclear,low,moderate,1.0,0,0,1.0,2.0
oTR93YOrD4E,daily_vlog,none,none,protagonist,moderate,mild,0.0,0,1,2.0,1.0
p_lSHYBuqEQ,daily_vlog,none,none,co_star,low,mild,0.0,0,0,1.0,1.0
kuOV2wsCQkI,daily_vlog,none,none,co_star,low,mild,0.0,0,0,1.0,1.0
jqV4V8LlHNY,daily_vlog,mild,none,unclear,low,moderate,1.0,0,0,1.0,2.0
Uz4jCN5PknY,cooking,none,none,unclear,none,none,0.0,0,0,0.0,0.0
KWIq1e7hujg,travel,mild,none,unclear,none,moderate,1.0,0,0,0.0,2.0
UT6EARqTjc0,daily_vlog,none,none,unclear,none,none,0.0,0,0,0.0,0.0
BFGEPE02_yg,daily_vlog,none,none,unclear,none,none,0.0,0,0,0.0,0.0
fg556sKq420,storytime,mild,none,unclear,low,mild,1.0,0,0,1.0,1.0
zPBaj8ON4W0,daily_vlog,none,none,co_star,none,none,0.0,0,0,0.0,0.0
N4OQmB4jtuQ,daily_vlog,none,none,unclear,none,none,0.0,0,0,0.0,0.0
dMjDm3gGI_s,storytime,moderate,none,unclear,moderate,moderate,2.0,0,0,2.0,2.0
SE0vYzFWWuQ,daily_vlog,mild,none,unclear,none,none,1.0,0,0,0.0,0.0
dn-N8b-mBws,storytime,moderate,none,co_star,low,moderate,2.0,0,0,1.0,2.0
v0GmoBQoUp8,travel,none,none,unclear,none,none,0.0,0,0,0.0,0.0
1G_7c2VAReI,storytime,severe,none,unclear,moderate,severe,3.0,0,0,2.0,3.0
dekuPQrBMmw,daily_vlog,none,none,unclear,none,mild,0.0,0,0,0.0,1.0
s4OZggJc2dY,daily_vlog,mild,none,unclear,none,moderate,1.0,0,0,0.0,2.0
fapVIfhm8L8,daily_vlog,none,none,unclear,none,mild,0.0,0,0,0.0,1.0
qgJ1-6rvBaU,daily_vlog,none,none,unclear,none,mild,0.0,0,0,0.0,1.0
KUdr8uyNw10,storytime,moderate,none,unclear,moderate,moderate,2.0,0,0,2.0,2.0
9P0SjGZ5OZ0,daily_vlog,none,none,unclear,none,mild,0.0,0,0,0.0,1.0
jPZvn9TQa4c,unboxing,mild,none,unclear,none,moderate,1.0,0,0,0.0,2.0
vS05wVa3BFU,daily_vlog,mild,none,unclear,moderate,moderate,1.0,0,0,2.0,2.0
g6Ki5rT8VAw,storytime,moderate,none,unclear,moderate,moderate,2.0,0,0,2.0,2.0
J6NWDRy_ar0,storytime,moderate,none,unclear,moderate,severe,2.0,0,0,2.0,3.0
aevaMsHmeg0,daily_vlog,none,none,unclear,low,mild,0.0,0,0,1.0,1.0
En9qYI3ZY3M,storytime,moderate,none,unclear,low,severe,2.0,0,0,1.0,3.0
A2Fiu81B4-0,storytime,moderate,none,unclear,low,severe,2.0,0,0,1.0,3.0
zEayjrSKcBM,daily_vlog,none,none,unclear,low,mild,0.0,0,0,1.0,1.0
T4etQQJy5J8,unboxing,mild,none,unclear,low,severe,1.0,0,0,1.0,3.0
FBoy0aHEHmI,daily_vlog,none,none,unclear,low,mild,0.0,0,0,1.0,1.0
ZTH41Y58n5o,daily_vlog,mild,none,unclear,low,severe,1.0,0,0,1.0,3.0
zhvCUlNa2-U,daily_vlog,mild,none,unclear,low,mild,1.0,0,0,1.0,1.0
W4f-AerI5wI,cooking,none,none,unclear,low,mild,0.0,0,0,1.0,1.0
6vwjfsf7Y6Y,other,none,none,unclear,none,none,0.0,0,0,0.0,0.0
wJtOg7zOy50,other,none,none,unclear,none,none,0.0,0,0,0.0,0.0
mmP8V50x1uE,other,none,none,unclear,none,none,0.0,0,0,0.0,0.0
ayUFXA3rOV8,travel,none,none,unclear,none,none,0.0,0,0,0.0,0.0
cqL7tPoo8LA,other,none,none,unclear,none,none,0.0,0,0,0.0,0.0
kT4MeAdOm9E,other,none,none,unclear,none,none,0.0,0,0,0.0,0.0
JOf5snxwHFQ,other,none,none,unclear,none,none,0.0,0,0,0.0,0.0
A1-SAUFfPBU,other,none,none,unclear,none,none,0.0,0,0,0.0,0.0
UhfYlZHs7wg,other,none,none,unclear,none,none,0.0,0,0,0.0,0.0
e7KlwLNHMnM,other,none,none,unclear,none,mild,0.0,0,0,0.0,1.0
bo_JxMdLDKs,daily_vlog,none,none,unclear,none,none,0.0,0,0,0.0,0.0
s2F3S3VvPfs,daily_vlog,none,none,unclear,none,none,0.0,0,0,0.0,0.0
2GXhyDXKERw,daily_vlog,none,none,unclear,none,none,0.0,0,0,0.0,0.0
bEo0O7iYNjE,daily_vlog,none,none,unclear,none,none,0.0,0,0,0.0,0.0
TSzPgBIbFsw,daily_vlog,none,none,unclear,none,none,0.0,0,0,0.0,0.0
abo54OxUKRM,daily_vlog,none,none,unclear,none,none,0.0,0,0,0.0,0.0
UlIqoHR7dS4,other,none,none,unclear,none,none,0.0,0,0,0.0,0.0
IQIMUswCObo,daily_vlog,none,none,unclear,none,none,0.0,0,0,0.0,0.0
kP5ydcdvtj8,daily_vlog,none,none,unclear,none,none,0.0,0,0,0.0,0.0
9ISASKjXH9s,daily_vlog,none,none,unclear,none,none,0.0,0,0,0.0,0.0
ShL5YVoX82E,daily_vlog,none,none,unclear,none,none,0.0,0,0,0.0,0.0
V-ApQQPliLQ,daily_vlog,none,none,unclear,none,none,0.0,0,0,0.0,0.0
tjknX3oECGM,daily_vlog,none,none,unclear,none,none,0.0,0,0,0.0,0.0
YdvgpuyTkdw,daily_vlog,none,none,unclear,none,none,0.0,0,0,0.0,0.0
Y2h5PCUmXS8,daily_vlog,none,none,unclear,none,none,0.0,0,0,0.0,0.0
AFatxGCPo7o,daily_vlog,none,none,unclear,none,none,0.0,0,0,0.0,0.0
mZ4BD_VM41w,daily_vlog,none,none,unclear,none,none,0.0,0,0,0.0,0.0
RbzR8ren5yo,daily_vlog,none,none,unclear,none,none,0.0,0,0,0.0,0.0
YbHtsfw6ytU,daily_vlog,none,none,unclear,none,none,0.0,0,0,0.0,0.0
gD4B0tkZEW8,daily_vlog,none,none,unclear,none,none,0.0,0,0,0.0,0.0
3vo-jzO6tno,daily_vlog,none,none,unclear,none,none,0.0,0,0,0.0,0.0
f8GAFN1SBE0,daily_vlog,none,none,unclear,none,none,0.0,0,0,0.0,0.0
ugmaRhGuqGw,daily_vlog,none,none,unclear,none,none,0.0,0,0,0.0,0.0
CKTVd_wvfcw,daily_vlog,none,none,unclear,none,none,0.0,0,0,0.0,0.0
D5jm4IdyR8Y,daily_vlog,none,none,unclear,none,mild,0.0,0,0,0.0,1.0
sg1ZztHl_-E,daily_vlog,none,none,unclear,none,none,0.0,0,0,0.0,0.0
OPi69NVQmmY,daily_vlog,none,none,unclear,none,none,0.0,0,0,0.0,0.0
Q5p3Cd6U4Pk,daily_vlog,none,none,unclear,none,none,0.0,0,0,0.0,0.0
j4T5k_N8Jbw,daily_vlog,none,none,unclear,none,mild,0.0,0,0,0.0,1.0
68za-DSXCNU,daily_vlog,none,none,unclear,none,none,0.0,0,0,0.0,0.0
mp4YoAyOuws,daily_vlog,none,none,unclear,none,none,0.0,0,0,0.0,0.0
8dOWYbDiNK4,daily_vlog,none,none,unclear,none,none,0.0,0,0,0.0,0.0
jz-ZvL6BCnw,daily_vlog,none,none,unclear,none,none,0.0,0,0,0.0,0.0
PDl3jK_xTKE,daily_vlog,none,none,unclear,none,none,0.0,0,0,0.0,0.0
C6JkJZmix3E,daily_vlog,none,none,unclear,none,none,0.0,0,0,0.0,0.0
zEpQOCHz8pQ,daily_vlog,none,none,unclear,none,none,0.0,0,0,0.0,0.0
4S3F380IMbo,daily_vlog,none,none,unclear,none,none,0.0,0,0,0.0,0.0
9pAGVSdeEuk,daily_vlog,none,none,unclear,none,none,0.0,0,0,0.0,0.0
72s3Ns0a-Uk,daily_vlog,none,none,unclear,none,none,0.0,0,0,0.0,0.0
n1F6BYnhheI,daily_vlog,none,none,unclear,none,none,0.0,0,0,0.0,0.0
171e_Au5eSc,daily_vlog,none,none,protagonist,low,none,0.0,0,1,1.0,0.0
pLoE3KFTSiY,daily_vlog,mild,none,cameo,low,mild,1.0,0,0,1.0,1.0
90R0Ngejmbc,daily_vlog,none,none,cameo,low,none,0.0,0,0,1.0,0.0
gw4lSym8aas,daily_vlog,none,none,protagonist,low,none,0.0,0,1,1.0,0.0
cTm4dIzI-uE,daily_vlog,none,none,cameo,low,none,0.0,0,0,1.0,0.0
VszJijBmuQI,daily_vlog,none,none,cameo,low,none,0.0,0,0,1.0,0.0
6ctuE_I8gFw,daily_vlog,mild,none,cameo,low,mild,1.0,0,0,1.0,1.0
QvjK0juc13I,daily_vlog,none,none,protagonist,low,mild,0.0,0,1,1.0,1.0
y0rpAIXsz7w,daily_vlog,mild,none,cameo,low,mild,1.0,0,0,1.0,1.0
rLEOs7MPQgk,daily_vlog,none,none,cameo,low,none,0.0,0,0,1.0,0.0
IedF5DKCHLI,daily_vlog,none,none,co_star,low,none,0.0,0,0,1.0,0.0
fo4GOxQW4io,daily_vlog,none,none,co_star,low,none,0.0,0,0,1.0,0.0
dcO4sKvu9WY,daily_vlog,none,none,co_star,low,none,0.0,0,0,1.0,0.0
BhJhHS9Bhlo,daily_vlog,none,none,co_star,low,mild,0.0,0,0,1.0,1.0
-DRTqUaGQjk,daily_vlog,none,none,co_star,low,none,0.0,0,0,1.0,0.0
zr4edRqvVdM,daily_vlog,none,none,co_star,low,none,0.0,0,0,1.0,0.0
ERHL-zF_nko,daily_vlog,none,none,co_star,low,none,0.0,0,0,1.0,0.0
SQwbiEzP0G4,unboxing,none,none,protagonist,low,mild,0.0,0,1,1.0,1.0
kbGkEHW5OOQ,daily_vlog,none,none,co_star,low,mild,0.0,0,0,1.0,1.0
MxsNP8XxE6o,daily_vlog,none,none,co_star,low,mild,0.0,0,0,1.0,1.0
GZrozQgcVUE,daily_vlog,none,none,co_star,low,none,0.0,0,0,1.0,0.0
pLXLOiK2548,daily_vlog,none,none,co_star,low,none,0.0,0,0,1.0,0.0
yd81jbmw0GM,daily_vlog,none,none,co_star,low,none,0.0,0,0,1.0,0.0
LiSm3f70Efg,daily_vlog,none,none,co_star,low,none,0.0,0,0,1.0,0.0
sA8LcQrHez0,daily_vlog,none,none,co_star,low,none,0.0,0,0,1.0,0.0
vLUdTNHrhIY,daily_vlog,mild,none,co_star,low,mild,1.0,0,0,1.0,1.0
evWzWwbhqDo,travel,none,none,co_star,low,none,0.0,0,0,1.0,0.0
WjT-W-4f-GA,cooking,none,none,co_star,low,none,0.0,0,0,1.0,0.0
6lCPoTHBDak,daily_vlog,none,none,co_star,low,none,0.0,0,0,1.0,0.0
_NXWMUcjzAc,daily_vlog,mild,none,co_star,low,mild,1.0,0,0,1.0,1.0
GemjuzX0sOM,daily_vlog,none,none,co_star,low,none,0.0,0,0,1.0,0.0
gEPwKzlOQYM,daily_vlog,none,none,co_star,low,mild,0.0,0,0,1.0,1.0
qXxAmkAa_l4,daily_vlog,none,none,co_star,low,mild,0.0,0,0,1.0,1.0
d0tTr9QQV8w,daily_vlog,none,none,co_star,low,none,0.0,0,0,1.0,0.0
-fzaMJvfFn0,daily_vlog,none,none,co_star,low,none,0.0,0,0,1.0,0.0
cmVNFHLVWOg,storytime,moderate,none,cameo,moderate,moderate,2.0,0,0,2.0,2.0
7agxhNm-LH0,daily_vlog,none,none,protagonist,low,none,0.0,0,1,1.0,0.0
PWFl-h7guGY,daily_vlog,none,none,co_star,low,none,0.0,0,0,1.0,0.0
ktM-mILEjyk,storytime,mild,none,co_star,low,moderate,1.0,0,0,1.0,2.0
rkY8p4EnvRk,daily_vlog,none,none,co_star,low,mild,0.0,0,0,1.0,1.0
l5mRkthyJMg,daily_vlog,moderate,none,co_star,low,moderate,2.0,0,0,1.0,2.0
LZC3J410C3I,daily_vlog,none,none,co_star,low,mild,0.0,0,0,1.0,1.0
yvPDb_nxD4I,daily_vlog,none,none,co_star,low,mild,0.0,0,0,1.0,1.0
cw5lVk5pkE4,daily_vlog,none,none,co_star,low,mild,0.0,0,0,1.0,1.0
DgLeXSIB8d0,daily_vlog,none,none,co_star,low,mild,0.0,0,0,1.0,1.0
BUAkQ_a8v3E,daily_vlog,none,none,co_star,low,mild,0.0,0,0,1.0,1.0
Q71MmY9eleY,daily_vlog,moderate,none,co_star,low,moderate,2.0,0,0,1.0,2.0
ZbgtsAuGods,daily_vlog,none,none,co_star,low,mild,0.0,0,0,1.0,1.0
XT0U9tIAuT8,daily_vlog,none,none,co_star,low,mild,0.0,0,0,1.0,1.0
O-lRaU_f4SU,daily_vlog,moderate,none,co_star,low,moderate,2.0,0,0,1.0,2.0
xEceR05YvRY,storytime,mild,brand_mention,unclear,low,moderate,1.0,1,0,1.0,2.0
6zQjVPGFfio,reaction,none,brand_mention,unclear,low,mild,0.0,1,0,1.0,1.0
6fIN53JNjb8,daily_vlog,none,none,unclear,low,none,0.0,0,0,1.0,0.0
WhAEjVUa36A,reaction,none,none,unclear,low,mild,0.0,0,0,1.0,1.0
yOc76SZxY64,daily_vlog,none,none,unclear,low,none,0.0,0,0,1.0,0.0
qRMp6C7Q1DE,daily_vlog,none,none,unclear,low,none,0.0,0,0,1.0,0.0
dZbj_uLV9VY,storytime,mild,none,unclear,low,moderate,1.0,0,0,1.0,2.0
ZEIeOXArpi0,storytime,mild,none,unclear,low,moderate,1.0,0,0,1.0,2.0
8ktL9SuTJNo,daily_vlog,none,none,unclear,low,none,0.0,0,0,1.0,0.0
QYzrPO0EjRs,daily_vlog,none,none,unclear,low,none,0.0,0,0,1.0,0.0
Lse5ZfoEpw8,daily_vlog,none,none,unclear,low,none,0.0,0,0,1.0,0.0
FLZ8gh47X6I,daily_vlog,none,none,unclear,low,none,0.0,0,0,1.0,0.0
pRVQsT58uag,storytime,mild,none,unclear,low,mild,1.0,0,0,1.0,1.0
APwaP5JbHjA,travel,none,brand_mention,unclear,low,none,0.0,1,0,1.0,0.0
QJEnWK4OvCo,travel,none,brand_mention,unclear,low,none,0.0,1,0,1.0,0.0
fB0Ou0t9MhU,unboxing,none,none,unclear,low,none,0.0,0,0,1.0,0.0
k9lgOb4LVh8,daily_vlog,none,none,unclear,low,none,0.0,0,0,1.0,0.0
lTccUywjULc,daily_vlog,none,brand_mention,unclear,low,none,0.0,1,0,1.0,0.0
DkRrICQqFro,daily_vlog,none,none,unclear,low,none,0.0,0,0,1.0,0.0
4O4AXlia_Fs,travel,none,none,unclear,low,none,0.0,0,0,1.0,0.0
mdKh4crSw9U,daily_vlog,none,none,unclear,low,none,0.0,0,0,1.0,0.0
KkFMyeVhGz4,daily_vlog,none,none,unclear,low,none,0.0,0,0,1.0,0.0
QyYpmjLGHMo,daily_vlog,none,none,protagonist,low,none,0.0,0,1,1.0,0.0
jMe9yCH0KUU,storytime,mild,none,unclear,low,mild,1.0,0,0,1.0,1.0
dWQWugbS9xQ,daily_vlog,none,none,unclear,low,none,0.0,0,0,1.0,0.0
qPeeDVMoSr0,daily_vlog,none,none,unclear,low,none,0.0,0,0,1.0,0.0
yONmIt-aA7I,daily_vlog,none,none,unclear,low,none,0.0,0,0,1.0,0.0
CyB3tM0-g7E,daily_vlog,none,none,unclear,low,mild,0.0,0,0,1.0,1.0
5BOTd5U6h40,daily_vlog,none,none,unclear,low,none,0.0,0,0,1.0,0.0
W-eWw1Dg1pM,travel,none,none,co_star,low,none,0.0,0,0,1.0,0.0
Nc077MyTaPw,travel,mild,none,co_star,low,mild,1.0,0,0,1.0,1.0
V0fzfnlHz5A,travel,mild,none,co_star,low,mild,1.0,0,0,1.0,1.0
Ql0mqH5CQx4,travel,mild,none,co_star,low,mild,1.0,0,0,1.0,1.0
_xxR5fJUy3I,daily_vlog,none,none,co_star,low,mild,0.0,0,0,1.0,1.0
COyqSuMM_pM,daily_vlog,mild,none,protagonist,low,mild,1.0,0,1,1.0,1.0
3qiwe5FzYCI,daily_vlog,none,none,protagonist,low,none,0.0,0,1,1.0,0.0
6HlOr0-ZrfM,daily_vlog,none,none,protagonist,low,none,0.0,0,1,1.0,0.0
ISZcAkqtIHs,daily_vlog,none,none,protagonist,low,none,0.0,0,1,1.0,0.0
6vlcXbgjpzM,daily_vlog,none,none,co_star,low,none,0.0,0,0,1.0,0.0
kDhI1APJZJk,daily_vlog,none,none,protagonist,low,mild,0.0,0,1,1.0,1.0
9Ym9NuLLEXA,daily_vlog,none,none,protagonist,low,none,0.0,0,1,1.0,0.0
MTUTYbaHpT4,daily_vlog,none,none,unclear,none,none,0.0,0,0,0.0,0.0
DgW17ej2BBs,daily_vlog,mild,none,unclear,low,mild,1.0,0,0,1.0,1.0
uLeixkfMFeI,travel,none,none,cameo,low,none,0.0,0,0,1.0,0.0
NjPH4GUTE7I,daily_vlog,none,none,unclear,low,none,0.0,0,0,1.0,0.0
AGI2URxPHh0,storytime,moderate,none,protagonist,moderate,moderate,2.0,0,1,2.0,2.0
E8rK17LKFHo,daily_vlog,none,none,protagonist,low,none,0.0,0,1,1.0,0.0
l3e2TLWpHFw,daily_vlog,none,none,protagonist,low,none,0.0,0,1,1.0,0.0
XxwWlBxlYPg,daily_vlog,mild,none,protagonist,low,mild,1.0,0,1,1.0,1.0
flV93vBoMn4,daily_vlog,mild,none,protagonist,low,mild,1.0,0,1,1.0,1.0
4H2YpbGvMF0,daily_vlog,mild,none,unclear,low,mild,1.0,0,0,1.0,1.0
BrFnLlSoaEU,storytime,mild,none,co_star,low,mild,1.0,0,0,1.0,1.0
uwtZV_oPi6k,daily_vlog,mild,none,co_star,low,mild,1.0,0,0,1.0,1.0
jP8dJfyCIEc,storytime,none,none,co_star,low,none,0.0,0,0,1.0,0.0
jE_DY6_GuBQ,storytime,mild,none,unclear,low,mild,1.0,0,0,1.0,1.0
oE4HxKnjClE,daily_vlog,none,none,unclear,low,none,0.0,0,0,1.0,0.0
gzsd62TbRjU,daily_vlog,none,none,co_star,low,none,0.0,0,0,1.0,0.0
hZiidNFEmzM,daily_vlog,mild,none,unclear,low,mild,1.0,0,0,1.0,1.0
uuuJ5ZV4SIs,daily_vlog,mild,none,unclear,low,mild,1.0,0,0,1.0,1.0
WyBZAze3haM,daily_vlog,none,none,unclear,low,none,0.0,0,0,1.0,0.0
qmUBtdKkaLA,daily_vlog,mild,none,unclear,low,mild,1.0,0,0,1.0,1.0
MSrl2YKnu2g,daily_vlog,none,none,unclear,low,none,0.0,0,0,1.0,0.0
SA0ONBVdmio,daily_vlog,mild,none,unclear,low,mild,1.0,0,0,1.0,1.0
fhWNN6JPlhU,daily_vlog,mild,none,unclear,low,mild,1.0,0,0,1.0,1.0
20bS43b56Hg,daily_vlog,none,none,unclear,low,none,0.0,0,0,1.0,0.0
JgyobNEMlsw,daily_vlog,mild,none,unclear,low,mild,1.0,0,0,1.0,1.0
SvJ12FyLTVw,daily_vlog,mild,none,unclear,low,mild,1.0,0,0,1.0,1.0
IXCqqYoXDcs,travel,none,none,unclear,low,none,0.0,0,0,1.0,0.0
_cnnvYuRu2A,travel,mild,none,unclear,low,mild,1.0,0,0,1.0,1.0
Bh8bZhQXr-c,travel,mild,none,unclear,low,mild,1.0,0,0,1.0,1.0
1c2CpRS6Slg,travel,none,none,unclear,none,mild,0.0,0,0,0.0,1.0
l7fmzpXvw5I,daily_vlog,none,none,unclear,none,mild,0.0,0,0,0.0,1.0
VJs4K6Yj9VE,daily_vlog,none,none,co_star,none,mild,0.0,0,0,0.0,1.0
ADn0UiDnlwA,daily_vlog,none,none,unclear,none,mild,0.0,0,0,0.0,1.0
dPqJHq7djCc,daily_vlog,none,none,unclear,none,mild,0.0,0,0,0.0,1.0
vrl3kNzlkFs,daily_vlog,none,none,co_star,none,mild,0.0,0,0,0.0,1.0
EjNJWNsdbCU,daily_vlog,none,none,unclear,none,mild,0.0,0,0,0.0,1.0
bcAbvEOa4WQ,daily_vlog,none,none,unclear,none,mild,0.0,0,0,0.0,1.0
4y7OVFkocr0,daily_vlog,none,none,unclear,none,mild,0.0,0,0,0.0,1.0
GvlJCzDb-kA,daily_vlog,none,none,unclear,none,mild,0.0,0,0,0.0,1.0
dEsr89MloJc,storytime,mild,none,unclear,low,mild,1.0,0,0,1.0,1.0
l6LhmGQoBuc,storytime,mild,none,unclear,low,none,1.0,0,0,1.0,0.0
A7wIq-k1VFM,daily_vlog,none,none,unclear,low,mild,0.0,0,0,1.0,1.0
Q8kNG5_GMbI,cooking,none,none,unclear,low,mild,0.0,0,0,1.0,1.0
4Kn8i0ZcFeA,cooking,none,none,unclear,low,none,0.0,0,0,1.0,0.0
up2Gu9vtG_Y,daily_vlog,none,none,unclear,low,mild,0.0,0,0,1.0,1.0
RUiFRYKsLMg,daily_vlog,none,none,unclear,low,none,0.0,0,0,1.0,0.0
SAnEODkhTo8,storytime,none,none,co_star,low,mild,0.0,0,0,1.0,1.0
G-VkArsujAU,storytime,mild,none,unclear,low,mild,1.0,0,0,1.0,1.0
1f008dYJyxQ,cooking,none,none,unclear,low,mild,0.0,0,0,1.0,1.0
05bJoK_AsnQ,daily_vlog,mild,none,co_star,low,mild,1.0,0,0,1.0,1.0
MSPdp0EfEbU,daily_vlog,mild,none,co_star,low,mild,1.0,0,0,1.0,1.0
K7iNJ7Eg1wA,daily_vlog,mild,none,co_star,low,mild,1.0,0,0,1.0,1.0
CM2ao8p-1TQ,daily_vlog,moderate,none,co_star,low,mild,2.0,0,0,1.0,1.0
kuNFzzuHrr0,daily_vlog,mild,none,co_star,low,mild,1.0,0,0,1.0,1.0
AsazElaUw-g,daily_vlog,mild,none,unclear,none,mild,1.0,0,0,0.0,1.0
2ezMeFNFuoU,daily_vlog,none,none,unclear,none,mild,0.0,0,0,0.0,1.0
UIP2YWwjk1E,daily_vlog,none,none,unclear,none,none,0.0,0,0,0.0,0.0
R1RtUGvr-TI,daily_vlog,mild,none,co_star,low,mild,1.0,0,0,1.0,1.0
ldAsiXG1wDk,travel,none,none,unclear,none,none,0.0,0,0,0.0,0.0
FEgD8kBywsQ,challenge,moderate,none,protagonist,moderate,moderate,2.0,0,1,2.0,2.0
F8rhHf-Q23c,challenge,none,none,unclear,low,moderate,0.0,0,0,1.0,2.0
68UdNKiljq4,challenge,mild,none,protagonist,moderate,moderate,1.0,0,1,2.0,2.0
DqCtwpT1Z50,challenge,mild,none,co_star,moderate,moderate,1.0,0,0,2.0,2.0
HEOlk36wa34,challenge,mild,none,protagonist,moderate,moderate,1.0,0,1,2.0,2.0
bA7MPkZTerQ,storytime,none,none,unclear,low,mild,0.0,0,0,1.0,1.0
fwlaeoR8tF8,daily_vlog,mild,none,co_star,low,moderate,1.0,0,0,1.0,2.0
-scJfGVZmOg,travel,mild,none,cameo,low,moderate,1.0,0,0,1.0,2.0
YcFDpXB_Dlc,unboxing,mild,none,co_star,low,moderate,1.0,0,0,1.0,2.0
UWOGmWKCvls,travel,mild,none,cameo,low,mild,1.0,0,0,1.0,1.0
scqwF7V822M,daily_vlog,mild,none,protagonist,low,mild,1.0,0,1,1.0,1.0
9M2wFqBryqk,travel,none,brand_mention,co_star,none,mild,0.0,1,0,0.0,1.0
9qLzHlQTPdM,travel,none,brand_mention,co_star,none,mild,0.0,1,0,0.0,1.0
vq-RTb-c1B8,travel,none,none,co_star,none,mild,0.0,0,0,0.0,1.0
N4pr-6SgiI0,travel,none,none,co_star,none,mild,0.0,0,0,0.0,1.0
w5PbeVC6G1o,daily_vlog,none,none,protagonist,low,mild,0.0,0,1,1.0,1.0
C30ml1NdNUY,storytime,mild,none,cameo,low,moderate,1.0,0,0,1.0,2.0
M8zHfg-9y24,storytime,moderate,none,co_star,low,mild,2.0,0,0,1.0,1.0
3lH8ig69i8s,storytime,moderate,none,cameo,low,moderate,2.0,0,0,1.0,2.0
LVyFlYWfkWY,storytime,mild,none,cameo,low,mild,1.0,0,0,1.0,1.0
z-fhNhqBJeE,travel,mild,none,protagonist,low,moderate,1.0,0,1,1.0,2.0
NPwQUCfT83E,travel,none,none,cameo,low,mild,0.0,0,0,1.0,1.0
HVwAPFS3n9U,storytime,moderate,none,unclear,moderate,moderate,2.0,0,0,2.0,2.0
VP0lzUmOwp0,travel,none,brand_mention,unclear,low,mild,0.0,1,0,1.0,1.0
k5fk7H2DKN8,storytime,mild,none,protagonist,low,moderate,1.0,0,1,1.0,2.0
x3fqa77Sbi0,travel,none,none,protagonist,low,mild,0.0,0,1,1.0,1.0
cLyirZcyoXM,travel,none,none,protagonist,low,moderate,0.0,0,1,1.0,2.0
29wDvgYSm3c,storytime,mild,none,protagonist,low,moderate,1.0,0,1,1.0,2.0
DO0N1Nifios,travel,none,none,protagonist,low,mild,0.0,0,1,1.0,1.0
0ZciHoWld08,travel,none,none,protagonist,low,moderate,0.0,0,1,1.0,2.0
Rk3oNAvvw0E,travel,mild,none,protagonist,low,mild,1.0,0,1,1.0,1.0
bJNeIS7Yn4E,travel,none,none,protagonist,low,mild,0.0,0,1,1.0,1.0
26ySRQ8yiHM,travel,mild,brand_mention,protagonist,low,mild,1.0,1,1,1.0,1.0
N0xhtdgb7WA,travel,none,none,unclear,none,mild,0.0,0,0,0.0,1.0
L__AGNjyj2Q,daily_vlog,none,none,co_star,low,none,0.0,0,0,1.0,0.0
0lDeLq7u2HM,daily_vlog,none,product_placement,protagonist,low,mild,0.0,1,1,1.0,1.0
deUmXsCE3_4,storytime,mild,none,co_star,low,mild,1.0,0,0,1.0,1.0
_GoRIfBjuu0,travel,none,brand_mention,co_star,low,mild,0.0,1,0,1.0,1.0
TUHxhnTbCu0,travel,none,none,protagonist,low,mild,0.0,0,1,1.0,1.0
fSC40SGhLbE,travel,mild,none,protagonist,low,mild,1.0,0,1,1.0,1.0
DYrrkaGxd4I,travel,none,none,protagonist,low,mild,0.0,0,1,1.0,1.0
hl3tMDXCmQg,travel,mild,none,co_star,low,moderate,1.0,0,0,1.0,2.0
FYspCgk_RLo,travel,none,none,protagonist,low,mild,0.0,0,1,1.0,1.0
vWLzJipdJs0,daily_vlog,moderate,none,co_star,low,moderate,2.0,0,0,1.0,2.0
4lTfGCJXWts,travel,mild,none,protagonist,low,mild,1.0,0,1,1.0,1.0
ft5Td_UaSsw,travel,none,none,protagonist,low,mild,0.0,0,1,1.0,1.0
YwXsXFIhSrA,travel,none,none,protagonist,low,moderate,0.0,0,1,1.0,2.0
mRz_xqnRIWY,daily_vlog,none,none,protagonist,low,mild,0.0,0,1,1.0,1.0
tFBLp1CjrKY,travel,none,none,co_star,low,mild,0.0,0,0,1.0,1.0
jYNGEh61iFk,travel,none,none,protagonist,low,mild,0.0,0,1,1.0,1.0
Yd6b9nQS3x8,travel,mild,none,unclear,low,mild,1.0,0,0,1.0,1.0
b3BvZKvEXkc,travel,none,none,co_star,low,moderate,0.0,0,0,1.0,2.0
gqKAZJVFQ10,storytime,moderate,none,co_star,low,severe,2.0,0,0,1.0,3.0
egD9Ct09Su4,travel,none,brand_mention,co_star,low,moderate,0.0,1,0,1.0,2.0
uz5KWcbpaHE,storytime,none,brand_mention,unclear,low,mild,0.0,1,0,1.0,1.0
Vv1YnuKsa1o,travel,none,brand_mention,unclear,low,mild,0.0,1,0,1.0,1.0
0j1z8Ht-tOk,cooking,none,none,none,none,mild,0.0,0,0,0.0,1.0
-gKzyjUMQKE,educational,none,none,none,none,none,0.0,0,0,0.0,0.0
7T7RuQ81Fxo,routine,none,none,none,none,none,0.0,0,0,0.0,0.0
5hfuKZpVNOg,cooking,none,brand_mention,none,none,mild,0.0,1,0,0.0,1.0
O48FTYVza3s,cooking,none,none,co_star,low,mild,0.0,0,0,1.0,1.0
EiwSpY-W9I4,travel,none,brand_mention,unclear,low,mild,0.0,1,0,1.0,1.0
x0YA-1DNPEE,cooking,none,none,none,none,mild,0.0,0,0,0.0,1.0
hUAkBjXXabw,daily_vlog,none,none,co_star,low,mild,0.0,0,0,1.0,1.0
5ew8CVAF1Ds,cooking,none,none,none,none,mild,0.0,0,0,0.0,1.0
kpB3Y4uxk7o,challenge,none,none,co_star,low,mild,0.0,0,0,1.0,1.0
9se0OZHL7g8,other,none,none,none,none,mild,0.0,0,0,0.0,1.0
Pdxt62_spwI,cooking,none,none,none,none,mild,0.0,0,0,0.0,1.0
V3BDsFS7YAk,other,none,brand_mention,none,none,mild,0.0,1,0,0.0,1.0
52Acdfceq0Q,challenge,none,none,none,low,mild,0.0,0,0,1.0,1.0
mxSGlRNnLnE,toy_review,none,none,unclear,none,mild,0.0,0,0,0.0,1.0
xn6zUwGGws8,storytime,none,none,unclear,none,mild,0.0,0,0,0.0,1.0
MYOFRYJmuwY,other,none,none,unclear,none,mild,0.0,0,0,0.0,1.0
olBUsuXGkyw,toy_review,none,none,unclear,none,mild,0.0,0,0,0.0,1.0
QRUUA2lTCD0,cooking,none,none,unclear,none,mild,0.0,0,0,0.0,1.0
gHgEGk8hGoc,cooking,none,none,unclear,none,mild,0.0,0,0,0.0,1.0
RaqBCm6gt_Y,cooking,none,none,unclear,none,mild,0.0,0,0,0.0,1.0
upLY7oA_H1g,cooking,none,none,unclear,none,mild,0.0,0,0,0.0,1.0
Ro9h_6wQ56A,cooking,none,none,unclear,none,mild,0.0,0,0,0.0,1.0
r4sshKRdseY,other,none,none,unclear,none,mild,0.0,0,0,0.0,1.0
zHwsW5wtDA0,other,none,none,unclear,none,none,0.0,0,0,0.0,0.0
SVadXVsUuZU,other,none,none,unclear,none,mild,0.0,0,0,0.0,1.0
hsO_p8GykXo,challenge,none,none,unclear,none,mild,0.0,0,0,0.0,1.0
oFkgsWNKIGE,toy_review,none,none,unclear,none,mild,0.0,0,0,0.0,1.0
Ct63aEgzuFE,other,none,none,unclear,none,none,0.0,0,0,0.0,0.0
-yW75VB5Dh4,cooking,none,brand_mention,unclear,none,none,0.0,1,0,0.0,0.0
bMSG2YYRbX4,challenge,none,none,unclear,none,none,0.0,0,0,0.0,0.0
xKrwtPxs7RE,challenge,none,brand_mention,unclear,none,mild,0.0,1,0,0.0,1.0
0Ox03DbuYFY,challenge,none,none,unclear,none,none,0.0,0,0,0.0,0.0
PhqvBXff4Dg,cooking,none,none,unclear,none,mild,0.0,0,0,0.0,1.0
WavsyMlILK4,other,none,brand_mention,unclear,none,mild,0.0,1,0,0.0,1.0
bZvusPh5JUU,toy_review,none,likely_sponsored,unclear,none,mild,0.0,1,0,0.0,1.0
iRoR-2hl-BQ,other,none,likely_sponsored,unclear,none,moderate,0.0,1,0,0.0,2.0
h6eLDyBuujc,daily_vlog,none,none,co_star,low,none,0.0,0,0,1.0,0.0
-3lTzFteZng,travel,none,none,co_star,low,none,0.0,0,0,1.0,0.0
h-QLYtjo6eI,other,none,none,unclear,none,none,0.0,0,0,0.0,0.0
AhFHklmw_HQ,unboxing,none,brand_mention,unclear,none,none,0.0,1,0,0.0,0.0
S1btSe6S20E,toy_review,none,brand_mention,unclear,none,mild,0.0,1,0,0.0,1.0
msFAW87fsp0,other,none,likely_sponsored,unclear,none,mild,0.0,1,0,0.0,1.0
YqJ1jxMtCRw,toy_review,none,likely_sponsored,unclear,none,mild,0.0,1,0,0.0,1.0
4MMyPsBWbOU,toy_review,none,none,co_star,low,mild,0.0,0,0,1.0,1.0
_gfD4_mkQMs,daily_vlog,none,none,co_star,low,none,0.0,0,0,1.0,0.0
wxzp2XnefF0,cooking,none,brand_mention,unclear,none,none,0.0,1,0,0.0,0.0
izHdCn8f5m4,challenge,none,brand_mention,unclear,none,none,0.0,1,0,0.0,0.0
RTXaI-LyZgQ,routine,none,none,unclear,none,mild,0.0,0,0,0.0,1.0
NpbAvA3_t1I,storytime,moderate,none,protagonist,high,severe,2.0,0,1,3.0,3.0
rBvyyIFiclg,storytime,moderate,none,co_star,moderate,severe,2.0,0,0,2.0,3.0
uH8wIPDAYlI,storytime,moderate,none,protagonist,high,severe,2.0,0,1,3.0,3.0
gACJI4W8HfE,daily_vlog,moderate,none,protagonist,high,severe,2.0,0,1,3.0,3.0
nIFCwowxyVA,storytime,moderate,none,protagonist,high,severe,2.0,0,1,3.0,3.0
meN2l9yAw3Y,storytime,moderate,none,protagonist,high,moderate,2.0,0,1,3.0,2.0
bIOtjjsbWj8,storytime,severe,none,protagonist,high,severe,3.0,0,1,3.0,3.0
ejoCdVAJgJk,storytime,moderate,none,protagonist,high,moderate,2.0,0,1,3.0,2.0
xmZ9vKyaAFg,daily_vlog,mild,none,co_star,high,mild,1.0,0,0,3.0,1.0
GnXhRjVFn1I,travel,moderate,none,protagonist,moderate,moderate,2.0,0,1,2.0,2.0
ZHTuGsusztg,storytime,moderate,none,cameo,high,moderate,2.0,0,0,3.0,2.0
vs9tK7YdvLA,storytime,moderate,none,protagonist,high,moderate,2.0,0,1,3.0,2.0
0usnvTZcsCs,storytime,mild,none,unclear,moderate,mild,1.0,0,0,2.0,1.0
nQos2BVHmXM,storytime,mild,none,co_star,high,mild,1.0,0,0,3.0,1.0
JL2T1nxUt8Y,storytime,severe,none,protagonist,high,severe,3.0,0,1,3.0,3.0
oAVl_cSB2z0,storytime,mild,none,co_star,moderate,mild,1.0,0,0,2.0,1.0
Wz-tKwlO8FI,storytime,moderate,none,unclear,moderate,moderate,2.0,0,0,2.0,2.0
KhPA2ZKREqs,storytime,moderate,none,unclear,moderate,moderate,2.0,0,0,2.0,2.0
1v4SZce3N-Q,storytime,mild,none,co_star,moderate,mild,1.0,0,0,2.0,1.0
ZW58Tcj-lAI,storytime,moderate,none,co_star,moderate,moderate,2.0,0,0,2.0,2.0
1OFev2REyfM,travel,moderate,none,co_star,moderate,moderate,2.0,0,0,2.0,2.0
4hpAwAoJFVI,storytime,moderate,none,unclear,moderate,moderate,2.0,0,0,2.0,2.0
ZMh6tPXSWB8,storytime,mild,none,co_star,moderate,mild,1.0,0,0,2.0,1.0
SwBQZ3ym_H8,storytime,moderate,none,co_star,moderate,moderate,2.0,0,0,2.0,2.0
bw_r4z935Xo,daily_vlog,mild,none,co_star,moderate,mild,1.0,0,0,2.0,1.0
SL71smapi_w,storytime,severe,none,unclear,low,severe,3.0,0,0,1.0,3.0
rD0iosGzGCA,unboxing,mild,none,co_star,moderate,moderate,1.0,0,0,2.0,2.0
gROLkGHX5vg,storytime,moderate,none,unclear,low,moderate,2.0,0,0,1.0,2.0
iBn5M3mJPLg,storytime,severe,none,protagonist,high,severe,3.0,0,1,3.0,3.0
vEo_L5RHb94,unboxing,mild,none,co_star,moderate,moderate,1.0,0,0,2.0,2.0
hh3TcPltPLE,storytime,severe,none,co_star,moderate,severe,3.0,0,0,2.0,3.0
K5-lDyY3Yfc,daily_vlog,moderate,none,protagonist,high,severe,2.0,0,1,3.0,3.0
F31ytcWFosg,routine,mild,none,co_star,moderate,mild,1.0,0,0,2.0,1.0
RZlaqCoEcSg,daily_vlog,mild,none,protagonist,moderate,mild,1.0,0,1,2.0,1.0
UJREQnoTtNA,storytime,severe,none,unclear,low,severe,3.0,0,0,1.0,3.0
LLxsIkv9LK0,storytime,moderate,none,protagonist,high,moderate,2.0,0,1,3.0,2.0
p-R8XGdv2FI,daily_vlog,mild,none,co_star,low,mild,1.0,0,0,1.0,1.0
uCqNk_9_7Uo,storytime,mild,none,protagonist,moderate,moderate,1.0,0,1,2.0,2.0
DHsuU2GpkQs,storytime,none,none,unclear,low,mild,0.0,0,0,1.0,1.0
dYDLcOUaPW8,storytime,mild,none,unclear,low,mild,1.0,0,0,1.0,1.0
hL5SUzkGKRw,storytime,moderate,none,protagonist,high,moderate,2.0,0,1,3.0,2.0
wsOcs371Gy8,storytime,mild,none,protagonist,moderate,mild,1.0,0,1,2.0,1.0
cu61fY3pIwk,daily_vlog,none,none,protagonist,moderate,mild,0.0,0,1,2.0,1.0
qQmRhOZ3Hyg,storytime,severe,none,protagonist,high,severe,3.0,0,1,3.0,3.0
w6RHvFFaf0s,daily_vlog,moderate,none,protagonist,high,moderate,2.0,0,1,3.0,2.0
pELFBZwM32M,routine,mild,none,co_star,moderate,mild,1.0,0,0,2.0,1.0
6oHuQfTxByc,routine,mild,none,co_star,moderate,mild,1.0,0,0,2.0,1.0
WVUQO22vff0,unboxing,none,brand_mention,co_star,low,mild,0.0,1,0,1.0,1.0
i6nLJtDJVtM,storytime,moderate,none,co_star,high,moderate,2.0,0,0,3.0,2.0
y1rY_i2VAI0,storytime,moderate,none,unclear,moderate,severe,2.0,0,0,2.0,3.0
J6L8CMk6HxY,daily_vlog,none,none,cameo,low,none,0.0,0,0,1.0,0.0
sLRk8iJ7UTs,daily_vlog,mild,none,co_star,moderate,mild,1.0,0,0,2.0,1.0
R6QLAK1y5_w,travel,none,none,co_star,low,none,0.0,0,0,1.0,0.0
pPp0P47Yx2U,daily_vlog,none,none,cameo,low,none,0.0,0,0,1.0,0.0
3EARQKz0J_E,daily_vlog,none,none,cameo,low,none,0.0,0,0,1.0,0.0
4JdeiPRWsgw,cooking,mild,none,unclear,none,mild,1.0,0,0,0.0,1.0
-eif4CEpMls,daily_vlog,mild,none,unclear,none,moderate,1.0,0,0,0.0,2.0
ViFXf7xktnw,daily_vlog,mild,none,unclear,low,mild,1.0,0,0,1.0,1.0
ICfJpxiyIVM,daily_vlog,mild,none,unclear,low,mild,1.0,0,0,1.0,1.0
OlSpHwx9x9k,storytime,severe,none,unclear,moderate,severe,3.0,0,0,2.0,3.0
UyENasvru7k,daily_vlog,mild,none,unclear,low,mild,1.0,0,0,1.0,1.0
qaeLGvwZxY4,daily_vlog,mild,none,unclear,low,mild,1.0,0,0,1.0,1.0
xDPYVQnm-34,daily_vlog,mild,none,unclear,low,mild,1.0,0,0,1.0,1.0
c-Uvzs9N-IM,daily_vlog,mild,none,protagonist,low,mild,1.0,0,1,1.0,1.0
6vLtmlhViOA,unboxing,moderate,none,unclear,low,severe,2.0,0,0,1.0,3.0
iSE6ynfk5Yg,daily_vlog,none,none,unclear,low,mild,0.0,0,0,1.0,1.0
fMLLWNiR8ks,daily_vlog,mild,none,co_star,low,mild,1.0,0,0,1.0,1.0
WtHME9Z1ulw,daily_vlog,none,none,unclear,low,mild,0.0,0,0,1.0,1.0
cLk2BPmSDbk,daily_vlog,none,none,unclear,low,none,0.0,0,0,1.0,0.0
zbpC9jb_bEA,daily_vlog,none,none,co_star,low,mild,0.0,0,0,1.0,1.0
MKf58yYvn7k,daily_vlog,mild,none,unclear,low,mild,1.0,0,0,1.0,1.0
PyKsGE4IPEA,daily_vlog,none,none,unclear,low,mild,0.0,0,0,1.0,1.0
R3-_BatvULU,daily_vlog,none,none,protagonist,low,mild,0.0,0,1,1.0,1.0
L4wS7QBa7NI,travel,none,none,unclear,low,mild,0.0,0,0,1.0,1.0
8E1cZ__XRgY,daily_vlog,mild,none,unclear,low,mild,1.0,0,0,1.0,1.0
3QmN8y7_YFg,daily_vlog,mild,none,protagonist,moderate,mild,1.0,0,1,2.0,1.0
GopHhh51joo,daily_vlog,mild,none,cameo,moderate,mild,1.0,0,0,2.0,1.0
PWDyiC6iSCE,daily_vlog,mild,none,protagonist,moderate,mild,1.0,0,1,2.0,1.0
37YPiN-R0hU,daily_vlog,mild,none,cameo,moderate,mild,1.0,0,0,2.0,1.0
Nw0MzQSMDks,daily_vlog,mild,none,protagonist,moderate,mild,1.0,0,1,2.0,1.0
MD8RXC1Z58M,daily_vlog,mild,none,cameo,moderate,mild,1.0,0,0,2.0,1.0
r0AJL-CNLYs,daily_vlog,mild,none,cameo,moderate,mild,1.0,0,0,2.0,1.0
ZDMMatZfTJ0,daily_vlog,mild,none,protagonist,moderate,mild,1.0,0,1,2.0,1.0
5QmlL6oR1f0,daily_vlog,mild,none,cameo,moderate,mild,1.0,0,0,2.0,1.0
UIqs1IM35V0,daily_vlog,mild,none,cameo,moderate,mild,1.0,0,0,2.0,1.0
gZKp5uHWWlc,daily_vlog,mild,none,unclear,low,mild,1.0,0,0,1.0,1.0
0suQ9d06kro,unboxing,mild,none,unclear,low,mild,1.0,0,0,1.0,1.0
b3f4H1QQUMM,daily_vlog,moderate,none,unclear,moderate,moderate,2.0,0,0,2.0,2.0
gziZSEPhR_U,travel,mild,none,unclear,low,mild,1.0,0,0,1.0,1.0
FCTUg59oVh8,travel,moderate,none,unclear,low,moderate,2.0,0,0,1.0,2.0
8yAIW8drJnY,daily_vlog,mild,none,unclear,low,mild,1.0,0,0,1.0,1.0
ncYHjMWDTfQ,prank,moderate,none,unclear,low,moderate,2.0,0,0,1.0,2.0
uAtVLfc3ejk,storytime,moderate,none,unclear,moderate,moderate,2.0,0,0,2.0,2.0
zIr4TUmIvQA,daily_vlog,mild,none,unclear,low,mild,1.0,0,0,1.0,1.0
k6_o9YKY9ow,daily_vlog,mild,none,unclear,low,mild,1.0,0,0,1.0,1.0
LBAVuzyvBxQ,travel,none,none,unclear,low,mild,0.0,0,0,1.0,1.0
UVgRsoapDtk,travel,none,none,unclear,low,mild,0.0,0,0,1.0,1.0
48zRzWheu90,travel,none,none,unclear,low,mild,0.0,0,0,1.0,1.0
9WSv8yo-SKQ,travel,none,none,unclear,low,mild,0.0,0,0,1.0,1.0
Qcc4OqhBj0k,unboxing,none,none,protagonist,low,mild,0.0,0,1,1.0,1.0
KkK8p_FvEHk,daily_vlog,mild,none,co_star,low,mild,1.0,0,0,1.0,1.0
4dJEMbNyGcc,daily_vlog,none,none,co_star,low,mild,0.0,0,0,1.0,1.0
XuDm5Gwv7DY,daily_vlog,none,none,co_star,low,mild,0.0,0,0,1.0,1.0
9idHbf99xxc,daily_vlog,none,none,co_star,low,mild,0.0,0,0,1.0,1.0
YachaIevGcI,daily_vlog,none,none,co_star,low,mild,0.0,0,0,1.0,1.0
8-vFMN0Ro3Y,daily_vlog,mild,none,unclear,low,mild,1.0,0,0,1.0,1.0
mlOcaS7Ol6I,daily_vlog,mild,none,unclear,low,mild,1.0,0,0,1.0,1.0
PNNIqR35VhI,daily_vlog,mild,none,unclear,low,mild,1.0,0,0,1.0,1.0
BRgVgh5uKo4,daily_vlog,mild,none,unclear,low,mild,1.0,0,0,1.0,1.0
f9USJbhJ6k8,daily_vlog,mild,none,unclear,low,mild,1.0,0,0,1.0,1.0
g2m1tfaDOJ4,daily_vlog,mild,none,unclear,low,mild,1.0,0,0,1.0,1.0
JrD-R1JJ4uU,daily_vlog,mild,none,unclear,low,mild,1.0,0,0,1.0,1.0
fiStWGsuaqM,daily_vlog,mild,none,unclear,low,mild,1.0,0,0,1.0,1.0
LHPE-MRkQNQ,prank,mild,none,unclear,low,moderate,1.0,0,0,1.0,2.0
LW8C6Wfaxe4,routine,mild,none,unclear,low,mild,1.0,0,0,1.0,1.0
_32H2FHka4w,daily_vlog,mild,none,protagonist,low,mild,1.0,0,1,1.0,1.0
nL7ghjWhwus,storytime,mild,none,unclear,low,mild,1.0,0,0,1.0,1.0
wXbMMppsLgA,daily_vlog,none,none,unclear,none,mild,0.0,0,0,0.0,1.0
r8XFiJBGqDY,daily_vlog,none,none,unclear,none,mild,0.0,0,0,0.0,1.0
TBoEFCabO3M,storytime,mild,none,cameo,low,mild,1.0,0,0,1.0,1.0
LudM5dD5IAA,daily_vlog,mild,none,unclear,low,mild,1.0,0,0,1.0,1.0
aBgxy3lyrB4,cooking,mild,none,unclear,low,mild,1.0,0,0,1.0,1.0
yOUj_1r7D4U,prank,mild,none,co_star,low,mild,1.0,0,0,1.0,1.0
X23qGFx324k,daily_vlog,mild,none,unclear,low,mild,1.0,0,0,1.0,1.0
OQd7McOtEYo,daily_vlog,mild,none,unclear,low,mild,1.0,0,0,1.0,1.0
zIj3P7iM_Fc,daily_vlog,mild,none,protagonist,moderate,mild,1.0,0,1,2.0,1.0
QMpDGqFDr78,daily_vlog,mild,none,protagonist,moderate,mild,1.0,0,1,2.0,1.0
cB-nVz8w7uI,daily_vlog,mild,none,protagonist,moderate,mild,1.0,0,1,2.0,1.0
Geuy8yruNR8,daily_vlog,moderate,none,protagonist,moderate,mild,2.0,0,1,2.0,1.0
FYJBc19TgXs,daily_vlog,mild,none,co_star,moderate,mild,1.0,0,0,2.0,1.0
gp8sOHhrSqs,daily_vlog,mild,none,co_star,moderate,mild,1.0,0,0,2.0,1.0
NW0IsZKF-yE,daily_vlog,mild,none,protagonist,moderate,mild,1.0,0,1,2.0,1.0
KEt5Wu8cLco,daily_vlog,mild,none,co_star,moderate,mild,1.0,0,0,2.0,1.0
2xRFk2E5dOw,unboxing,mild,brand_mention,co_star,moderate,moderate,1.0,1,0,2.0,2.0
9FSmxfAE3cw,challenge,mild,none,co_star,moderate,mild,1.0,0,0,2.0,1.0
W5BzCOVAuak,daily_vlog,mild,none,unclear,low,moderate,1.0,0,0,1.0,2.0
tm_hZoj9XJw,daily_vlog,mild,none,unclear,low,moderate,1.0,0,0,1.0,2.0
wySznRlWtuc,daily_vlog,mild,none,unclear,low,moderate,1.0,0,0,1.0,2.0
TILp5cBTPIs,daily_vlog,none,none,unclear,low,mild,0.0,0,0,1.0,1.0
oFL8Qe5k0Ws,daily_vlog,none,none,unclear,low,mild,0.0,0,0,1.0,1.0
jHfNM-HvQlM,prank,mild,none,unclear,low,moderate,1.0,0,0,1.0,2.0
DBa0Md7hwRI,daily_vlog,mild,none,unclear,low,mild,1.0,0,0,1.0,1.0
RaHX18Nrvsg,challenge,none,none,unclear,low,mild,0.0,0,0,1.0,1.0
RTXq_EUBigU,daily_vlog,mild,none,unclear,low,mild,1.0,0,0,1.0,1.0
0q8eE4j1KPs,daily_vlog,none,none,unclear,low,none,0.0,0,0,1.0,0.0
xJFLMVBnY5s,challenge,mild,none,unclear,low,mild,1.0,0,0,1.0,1.0
_1dfNKGa5S0,daily_vlog,mild,none,unclear,low,mild,1.0,0,0,1.0,1.0
P4DLvmhMgTg,daily_vlog,mild,none,unclear,low,mild,1.0,0,0,1.0,1.0
yRUasX-XjX0,daily_vlog,moderate,none,unclear,low,moderate,2.0,0,0,1.0,2.0
nKIYGavVjVY,prank,moderate,none,unclear,low,moderate,2.0,0,0,1.0,2.0
N2eRhl6Jor8,travel,none,none,unclear,low,none,0.0,0,0,1.0,0.0
EtH_MR36aqI,travel,none,none,unclear,low,mild,0.0,0,0,1.0,1.0
xafUrVMWY_M,travel,none,none,unclear,low,mild,0.0,0,0,1.0,1.0
orNTguJIquQ,travel,none,none,unclear,low,none,0.0,0,0,1.0,0.0
vJZ3WOc_S64,travel,none,none,unclear,low,none,0.0,0,0,1.0,0.0
6NZbTqM-PnQ,daily_vlog,mild,none,unclear,low,mild,1.0,0,0,1.0,1.0
kRV1iCsXolQ,daily_vlog,mild,none,unclear,low,mild,1.0,0,0,1.0,1.0
m-hF1ctKUwM,daily_vlog,mild,none,protagonist,low,mild,1.0,0,1,1.0,1.0
Tl3CZhPoTv4,daily_vlog,mild,none,unclear,low,mild,1.0,0,0,1.0,1.0
jaXa0gy6Ygc,daily_vlog,none,none,protagonist,low,none,0.0,0,1,1.0,0.0
YjqCCAz7lmI,daily_vlog,none,none,unclear,low,none,0.0,0,0,1.0,0.0
N5xdAheCTXE,daily_vlog,mild,none,unclear,low,moderate,1.0,0,0,1.0,2.0
OkvsjgHzSoI,daily_vlog,mild,none,unclear,low,mild,1.0,0,0,1.0,1.0
qJbVowwzOSY,daily_vlog,mild,none,unclear,low,mild,1.0,0,0,1.0,1.0
kDP6GhC8GPI,daily_vlog,none,none,unclear,low,none,0.0,0,0,1.0,0.0
N6TmgOZKNIw,other,mild,none,unclear,none,moderate,1.0,0,0,0.0,2.0
lt72oEtWokI,other,mild,none,unclear,none,moderate,1.0,0,0,0.0,2.0
FQY1jo11cvg,other,mild,none,unclear,none,moderate,1.0,0,0,0.0,2.0
3zHYjVpl67Y,other,none,none,unclear,none,mild,0.0,0,0,0.0,1.0
44AWskqcbS8,other,mild,none,unclear,none,moderate,1.0,0,0,0.0,2.0
KKPbRO1WbxE,challenge,none,none,unclear,none,mild,0.0,0,0,0.0,1.0
VLMWenPpy3M,daily_vlog,none,none,unclear,none,mild,0.0,0,0,0.0,1.0
IsoofJSQPcc,other,none,none,unclear,none,mild,0.0,0,0,0.0,1.0
SkAHvpJvtE0,challenge,none,none,unclear,none,mild,0.0,0,0,0.0,1.0
dREP2r_jzNw,other,none,none,unclear,none,moderate,0.0,0,0,0.0,2.0
RRuzwjA7Aas,travel,none,none,unclear,low,mild,0.0,0,0,1.0,1.0
3DZyNe3-law,travel,mild,none,protagonist,moderate,mild,1.0,0,1,2.0,1.0
OEGEb47-c2M,travel,none,none,unclear,low,mild,0.0,0,0,1.0,1.0
7_BKA9XvNdE,travel,mild,none,unclear,low,mild,1.0,0,0,1.0,1.0
RzhIkqTGzMY,daily_vlog,none,none,unclear,low,mild,0.0,0,0,1.0,1.0
_bQw8g1pPqs,daily_vlog,mild,none,unclear,low,mild,1.0,0,0,1.0,1.0
9TDeMoo9QvE,daily_vlog,none,none,unclear,low,mild,0.0,0,0,1.0,1.0
GihyUaeWeqg,daily_vlog,mild,none,unclear,low,moderate,1.0,0,0,1.0,2.0
4YvV2aVzYv8,daily_vlog,mild,none,unclear,low,mild,1.0,0,0,1.0,1.0
x3n5iNz663s,daily_vlog,none,none,unclear,low,mild,0.0,0,0,1.0,1.0
SU4-1TBdZTk,travel,mild,brand_mention,unclear,low,mild,1.0,1,0,1.0,1.0
bCo9hoU0NpA,travel,mild,brand_mention,unclear,low,mild,1.0,1,0,1.0,1.0
X6B4q9bhvm0,travel,moderate,brand_mention,unclear,low,moderate,2.0,1,0,1.0,2.0
IxvTGAF5jHQ,travel,mild,brand_mention,unclear,low,mild,1.0,1,0,1.0,1.0
95i_yXkqIFs,travel,mild,brand_mention,unclear,low,mild,1.0,1,0,1.0,1.0
MaDbI67-YBk,travel,mild,brand_mention,unclear,low,mild,1.0,1,0,1.0,1.0
Qzpi5Kk6oc0,travel,mild,brand_mention,unclear,low,mild,1.0,1,0,1.0,1.0
vaBfN316VGk,travel,mild,brand_mention,unclear,low,mild,1.0,1,0,1.0,1.0
VMs-gPx4Bdw,travel,moderate,brand_mention,unclear,low,moderate,2.0,1,0,1.0,2.0
fIbPp7eWqf0,travel,mild,brand_mention,unclear,low,mild,1.0,1,0,1.0,1.0
Eu3u5gJOxqM,travel,mild,none,co_star,none,mild,1.0,0,0,0.0,1.0
F8XDoVUJDbg,travel,none,none,unclear,none,none,0.0,0,0,0.0,0.0
JLJBZ12N0U,travel,none,none,co_star,none,mild,0.0,0,0,0.0,1.0
GpJfZI3Jiu0,travel,none,none,co_star,none,none,0.0,0,0,0.0,0.0
EWFV-GcyGxQ,travel,none,none,co_star,none,none,0.0,0,0,0.0,0.0
CL2KJcwn6bE,daily_vlog,mild,none,protagonist,none,none,1.0,0,1,0.0,0.0
SWVDzAMqiI8,unboxing,none,none,protagonist,none,none,0.0,0,1,0.0,0.0
dFD0490Ct-k,daily_vlog,none,none,co_star,none,none,0.0,0,0,0.0,0.0
xbGzS23eKCk,daily_vlog,none,none,protagonist,none,none,0.0,0,1,0.0,0.0
hYHYFteNz3g,daily_vlog,mild,none,co_star,none,none,1.0,0,0,0.0,0.0
kxyOhenwKJM,daily_vlog,none,none,unclear,none,mild,0.0,0,0,0.0,1.0
kMfqYWlolSw,daily_vlog,none,none,protagonist,none,mild,0.0,0,1,0.0,1.0
oxRyiPydBmY,daily_vlog,none,none,co_star,none,mild,0.0,0,0,0.0,1.0
V7uhZVdlvD8,other,severe,none,unclear,moderate,moderate,3.0,0,0,2.0,2.0
rE4e0Pt1RpQ,other,severe,none,unclear,moderate,moderate,3.0,0,0,2.0,2.0
sxrJEQ1g0gQ,unboxing,none,none,protagonist,none,mild,0.0,0,1,0.0,1.0
B_EBus3fsig,daily_vlog,moderate,none,unclear,moderate,moderate,2.0,0,0,2.0,2.0
fjpyikCKqY4,daily_vlog,mild,none,unclear,none,mild,1.0,0,0,0.0,1.0
WNr7XJ7qP9Y,unboxing,none,none,co_star,none,mild,0.0,0,0,0.0,1.0
qrBjKgSFWAk,daily_vlog,moderate,none,unclear,moderate,moderate,2.0,0,0,2.0,2.0
S92sV54db5U,daily_vlog,none,none,unclear,none,none,0.0,0,0,0.0,0.0
WPhK5boP74E,daily_vlog,none,none,unclear,none,none,0.0,0,0,0.0,0.0
x6UnxMp7osk,daily_vlog,none,none,unclear,none,mild,0.0,0,0,0.0,1.0
j7mdDquUo6s,daily_vlog,none,none,unclear,none,none,0.0,0,0,0.0,0.0
UfzsA5Sq_nk,daily_vlog,moderate,none,unclear,none,moderate,2.0,0,0,0.0,2.0
HBkkXPO2I6M,daily_vlog,none,none,unclear,none,mild,0.0,0,0,0.0,1.0
1cIYHV8LJ58,daily_vlog,none,none,protagonist,none,none,0.0,0,1,0.0,0.0
zp0KTwKu2-g,daily_vlog,none,none,unclear,none,none,0.0,0,0,0.0,0.0
0eqM6mWUK1E,daily_vlog,none,none,unclear,none,none,0.0,0,0,0.0,0.0
dL64zBKHJ7A,daily_vlog,severe,none,unclear,moderate,moderate,3.0,0,0,2.0,2.0
o6HA1_boeFA,daily_vlog,mild,none,unclear,low,mild,1.0,0,0,1.0,1.0
GTrmxQBkS4w,daily_vlog,mild,none,unclear,low,mild,1.0,0,0,1.0,1.0
W2USq_eYFfs,daily_vlog,none,none,protagonist,none,none,0.0,0,1,0.0,0.0
tdAisyYOCGc,daily_vlog,none,none,protagonist,none,none,0.0,0,1,0.0,0.0
zS7LeMbr1yw,daily_vlog,mild,none,unclear,none,mild,1.0,0,0,0.0,1.0
pUQGiCd1EtM,daily_vlog,none,none,protagonist,none,none,0.0,0,1,0.0,0.0
L8_cJkp8FEE,daily_vlog,none,none,protagonist,none,none,0.0,0,1,0.0,0.0
TzcfAH4uIKs,daily_vlog,none,none,protagonist,none,none,0.0,0,1,0.0,0.0
mrA-j9fYgPc,daily_vlog,none,none,unclear,none,none,0.0,0,0,0.0,0.0
fBKNjSny04Q,daily_vlog,none,none,protagonist,none,none,0.0,0,1,0.0,0.0
_qiDaGV6xkE,other,mild,none,unclear,none,mild,1.0,0,0,0.0,1.0
012XAi6q9vQ,other,mild,none,co_star,none,moderate,1.0,0,0,0.0,2.0
t_bzav8Gfhg,daily_vlog,none,none,protagonist,none,none,0.0,0,1,0.0,0.0
nkOMRwjl5nA,unboxing,none,none,protagonist,none,mild,0.0,0,1,0.0,1.0
xAhU6hxyYcI,daily_vlog,none,none,unclear,none,none,0.0,0,0,0.0,0.0
jTRtcGCpBg0,other,moderate,none,unclear,none,moderate,2.0,0,0,0.0,2.0
eRiul58aEIE,other,mild,none,unclear,none,mild,1.0,0,0,0.0,1.0
_GlNXPBa8NQ,storytime,moderate,none,unclear,moderate,moderate,2.0,0,0,2.0,2.0
460HBjcNico,storytime,mild,none,protagonist,moderate,mild,1.0,0,1,2.0,1.0
JBiv7svEE2o,other,none,none,unclear,none,none,0.0,0,0,0.0,0.0
RyJH2vU1TVc,daily_vlog,none,none,unclear,none,none,0.0,0,0,0.0,0.0
KzCMVuklssw,daily_vlog,mild,none,unclear,none,mild,1.0,0,0,0.0,1.0
Nus2aN_-6OE,daily_vlog,none,none,unclear,none,none,0.0,0,0,0.0,0.0
g0_PlrvPsTM,daily_vlog,moderate,none,unclear,none,moderate,2.0,0,0,0.0,2.0
4JRNFi2G1HY,daily_vlog,none,none,unclear,none,none,0.0,0,0,0.0,0.0
Kx-ksutdwBY,daily_vlog,none,none,unclear,none,none,0.0,0,0,0.0,0.0
Gbr8E7QgmKs,cooking,none,none,unclear,none,none,0.0,0,0,0.0,0.0
iG-jzHIusgo,daily_vlog,none,none,unclear,none,none,0.0,0,0,0.0,0.0
wR6D67qV10g,cooking,none,none,unclear,none,none,0.0,0,0,0.0,0.0
XXjaFsTUX_U,cooking,none,none,unclear,none,none,0.0,0,0,0.0,0.0
Ym35tjVs-h0,daily_vlog,none,none,unclear,none,none,0.0,0,0,0.0,0.0
_B2DiOEoFJE,cooking,none,none,co_star,none,none,0.0,0,0,0.0,0.0
8X7u3-e_Awg,daily_vlog,none,none,co_star,none,none,0.0,0,0,0.0,0.0
tN6gk4GU1s4,cooking,none,none,co_star,none,none,0.0,0,0,0.0,0.0
BgqDUvgfNjU,daily_vlog,none,none,unclear,none,none,0.0,0,0,0.0,0.0
KoXceI5RNQ0,daily_vlog,none,none,unclear,none,none,0.0,0,0,0.0,0.0
ZsbHALOVmnY,storytime,none,none,unclear,none,mild,0.0,0,0,0.0,1.0
MDSV8pqZwik,daily_vlog,none,none,co_star,none,none,0.0,0,0,0.0,0.0
yGTkuXaABP8,cooking,none,none,unclear,none,none,0.0,0,0,0.0,0.0
dOOClveo49U,cooking,none,none,unclear,none,none,0.0,0,0,0.0,0.0
1P4EeayASUY,cooking,none,none,unclear,none,none,0.0,0,0,0.0,0.0
jFlXz7ldK8w,cooking,none,none,unclear,none,none,0.0,0,0,0.0,0.0
qGW7IGinbKo,travel,none,none,unclear,none,none,0.0,0,0,0.0,0.0
zblGLwL0Toc,cooking,none,none,unclear,none,none,0.0,0,0,0.0,0.0
1UfslQ8evVs,cooking,none,none,unclear,none,none,0.0,0,0,0.0,0.0
OQnbDuSWpIA,cooking,none,none,unclear,none,none,0.0,0,0,0.0,0.0
PLGlYbNbonc,daily_vlog,none,none,unclear,none,none,0.0,0,0,0.0,0.0
SK4TuYlYpDg,cooking,none,none,unclear,none,none,0.0,0,0,0.0,0.0
a_4nZaTHKCg,daily_vlog,none,none,unclear,none,none,0.0,0,0,0.0,0.0
0IesaF4twvA,cooking,none,none,unclear,none,none,0.0,0,0,0.0,0.0
i11oy-SPNbQ,daily_vlog,none,none,unclear,none,mild,0.0,0,0,0.0,1.0
wXC2NpsODeM,cooking,none,none,unclear,none,none,0.0,0,0,0.0,0.0
NCMXhfEo1bo,daily_vlog,none,none,unclear,none,none,0.0,0,0,0.0,0.0
0BBvoXrqWvU,daily_vlog,none,none,protagonist,none,mild,0.0,0,1,0.0,1.0
XMcIMPvHt8Q,daily_vlog,none,none,unclear,none,mild,0.0,0,0,0.0,1.0
jo_Ji8C5deg,daily_vlog,none,none,unclear,none,none,0.0,0,0,0.0,0.0
Z6X0h50KVW4,cooking,none,none,unclear,none,none,0.0,0,0,0.0,0.0
8rCum0TcgDU,daily_vlog,none,none,unclear,none,none,0.0,0,0,0.0,0.0
XPkTI27ZKb4,cooking,none,none,unclear,none,none,0.0,0,0,0.0,0.0
cBTHlB8_EH4,daily_vlog,none,none,unclear,none,none,0.0,0,0,0.0,0.0
wQopeEIHZ3M,daily_vlog,none,none,unclear,none,none,0.0,0,0,0.0,0.0
Ty2hJfWFmgA,cooking,none,none,unclear,none,none,0.0,0,0,0.0,0.0
4avEZbRZQH4,cooking,none,none,unclear,none,none,0.0,0,0,0.0,0.0
gQeMeRNjIj0,daily_vlog,none,none,unclear,none,none,0.0,0,0,0.0,0.0
XjuXa0_yY6c,cooking,none,none,co_star,none,none,0.0,0,0,0.0,0.0
ZJ8npvQN2a4,cooking,none,none,unclear,none,mild,0.0,0,0,0.0,1.0
OpSvJcPnLZw,daily_vlog,none,none,unclear,none,none,0.0,0,0,0.0,0.0
l9hRGsdFVH8,daily_vlog,none,none,unclear,none,none,0.0,0,0,0.0,0.0
xKAJ7kTqQVo,daily_vlog,none,none,unclear,none,none,0.0,0,0,0.0,0.0
igh1WscMqKU,daily_vlog,none,none,unclear,none,none,0.0,0,0,0.0,0.0
gD73hfpxk-4,cooking,none,none,unclear,none,none,0.0,0,0,0.0,0.0
oiWSpibmLKQ,cooking,none,none,unclear,none,none,0.0,0,0,0.0,0.0
m4m4Rqqjq7Q,cooking,none,none,unclear,none,none,0.0,0,0,0.0,0.0
-17kbiP9et0,cooking,none,none,unclear,none,none,0.0,0,0,0.0,0.0
Fish9JA6XmA,cooking,none,none,unclear,none,none,0.0,0,0,0.0,0.0
TXeje0ZDrAs,daily_vlog,mild,none,unclear,low,mild,1.0,0,0,1.0,1.0
dVJjAQKOCzI,daily_vlog,mild,none,unclear,low,mild,1.0,0,0,1.0,1.0
4TY8OQG8JBI,storytime,none,none,unclear,low,mild,0.0,0,0,1.0,1.0
W9JKlxYVelA,storytime,moderate,none,unclear,moderate,moderate,2.0,0,0,2.0,2.0
ekAiInxKFn4,daily_vlog,moderate,none,unclear,low,moderate,2.0,0,0,1.0,2.0
8Qeq35EMcUk,daily_vlog,mild,none,co_star,low,mild,1.0,0,0,1.0,1.0
n4DwNPfjd1Y,daily_vlog,none,none,unclear,low,moderate,0.0,0,0,1.0,2.0
uhZOUY3Magw,storytime,mild,none,unclear,low,moderate,1.0,0,0,1.0,2.0
NS60p6i6eOw,travel,none,none,unclear,none,mild,0.0,0,0,0.0,1.0
Ol-IcdEM69s,daily_vlog,none,none,unclear,low,moderate,0.0,0,0,1.0,2.0
ey_yThwa9zs,daily_vlog,none,none,co_star,low,mild,0.0,0,0,1.0,1.0
GEAFJibTnGc,challenge,mild,none,co_star,low,moderate,1.0,0,0,1.0,2.0
A4NaqspB0z8,daily_vlog,none,none,protagonist,low,none,0.0,0,1,1.0,0.0
FcuHn_yRAYk,storytime,moderate,none,unclear,moderate,moderate,2.0,0,0,2.0,2.0
9FuBBiz934o,challenge,none,none,co_star,low,mild,0.0,0,0,1.0,1.0
gVWw3LPs2tQ,daily_vlog,severe,none,unclear,moderate,severe,3.0,0,0,2.0,3.0
buDUHXHTvrM,other,none,brand_mention,protagonist,none,mild,0.0,1,1,0.0,1.0
0EaoARcw3yw,daily_vlog,mild,none,unclear,low,mild,1.0,0,0,1.0,1.0
Lz9rYL_AKww,daily_vlog,moderate,none,unclear,moderate,moderate,2.0,0,0,2.0,2.0
UL59zv8Ftzg,daily_vlog,none,none,unclear,low,mild,0.0,0,0,1.0,1.0
8W_Nn_qP5uQ,prank,severe,none,co_star,high,severe,3.0,0,0,3.0,3.0
oKCih0Bclb4,daily_vlog,severe,none,unclear,moderate,severe,3.0,0,0,2.0,3.0
hRdysac16-I,prank,none,none,unclear,low,moderate,0.0,0,0,1.0,2.0
0Sv_KDCXnnU,storytime,mild,none,co_star,moderate,mild,1.0,0,0,2.0,1.0
Mg6qEbCh5wA,daily_vlog,moderate,none,unclear,moderate,moderate,2.0,0,0,2.0,2.0
4KLqQ2IEb2Y,challenge,none,none,co_star,none,mild,0.0,0,0,0.0,1.0
yxl7CyaBqRg,storytime,moderate,none,unclear,low,moderate,2.0,0,0,1.0,2.0
GueV9cuX2G8,prank,moderate,none,unclear,moderate,severe,2.0,0,0,2.0,3.0
pJUnz_97d6E,daily_vlog,none,none,co_star,none,mild,0.0,0,0,0.0,1.0
eo9lnHCrm2A,storytime,moderate,none,unclear,low,moderate,2.0,0,0,1.0,2.0
M0UYH2GXJng,daily_vlog,none,none,protagonist,moderate,moderate,0.0,0,1,2.0,2.0
wRYyFXLFkGc,prank,none,none,unclear,low,mild,0.0,0,0,1.0,1.0
F_A_YpSrj54,prank,none,none,unclear,low,mild,0.0,0,0,1.0,1.0
pOdmsbrTsVs,daily_vlog,none,none,unclear,none,mild,0.0,0,0,0.0,1.0
zAcqcC6EQhg,daily_vlog,none,none,co_star,none,mild,0.0,0,0,0.0,1.0
V0eyIW4Yd7Q,daily_vlog,none,none,unclear,low,none,0.0,0,0,1.0,0.0
t9_jSnxAyBE,storytime,severe,none,protagonist,moderate,severe,3.0,0,1,2.0,3.0
YgvCP-XMqTU,daily_vlog,mild,none,unclear,low,mild,1.0,0,0,1.0,1.0
qecVjvtamEw,daily_vlog,mild,none,co_star,low,moderate,1.0,0,0,1.0,2.0
kO5pNNTh9IU,storytime,moderate,none,unclear,moderate,moderate,2.0,0,0,2.0,2.0
piqblGap92s,storytime,moderate,none,unclear,moderate,moderate,2.0,0,0,2.0,2.0
1fHiDkBvRSk,daily_vlog,mild,none,unclear,low,mild,1.0,0,0,1.0,1.0
ike-P6qFAzs,daily_vlog,mild,none,unclear,moderate,mild,1.0,0,0,2.0,1.0
IkgFaBwItRc,daily_vlog,mild,none,unclear,low,mild,1.0,0,0,1.0,1.0
bS4blcjlALc,daily_vlog,mild,none,unclear,low,mild,1.0,0,0,1.0,1.0
jVKfMSCaJA4,daily_vlog,mild,none,protagonist,low,moderate,1.0,0,1,1.0,2.0
0KqGn9YMDcg,storytime,moderate,none,unclear,moderate,severe,2.0,0,0,2.0,3.0
vzaWr2XS8mY,daily_vlog,none,brand_mention,co_star,low,mild,0.0,1,0,1.0,1.0
oJDg3W0GA2E,daily_vlog,mild,none,protagonist,moderate,severe,1.0,0,1,2.0,3.0
N1PXjVdmMs4,storytime,mild,none,unclear,low,mild,1.0,0,0,1.0,1.0
o_YzwW5yF9A,daily_vlog,none,none,protagonist,low,none,0.0,0,1,1.0,0.0
Sr4YP1dzxn0,challenge,mild,none,unclear,low,moderate,1.0,0,0,1.0,2.0
poSv100mHYo,storytime,moderate,none,protagonist,low,severe,2.0,0,1,1.0,3.0
UFNXpGWcZE8,storytime,moderate,none,protagonist,low,severe,2.0,0,1,1.0,3.0
WLCIk1r3LJw,storytime,moderate,none,protagonist,low,severe,2.0,0,1,1.0,3.0
gyouYv320CQ,storytime,moderate,none,protagonist,low,moderate,2.0,0,1,1.0,2.0
nMQvn8ayA2E,storytime,moderate,none,protagonist,low,moderate,2.0,0,1,1.0,2.0
OrVjr2RgPkk,storytime,moderate,none,protagonist,low,moderate,2.0,0,1,1.0,2.0
nh4dz40rvsY,storytime,mild,none,protagonist,low,mild,1.0,0,1,1.0,1.0
KFedQtcjB7Q,storytime,mild,none,protagonist,low,mild,1.0,0,1,1.0,1.0
ZbbyiiWoSwE,storytime,moderate,none,protagonist,low,moderate,2.0,0,1,1.0,2.0
7kp7ifB8FUw,challenge,mild,none,unclear,none,moderate,1.0,0,0,0.0,2.0
UviR7rhvtdg,daily_vlog,mild,none,co_star,low,moderate,1.0,0,0,1.0,2.0
9DXetvgVosg,storytime,severe,none,protagonist,high,severe,3.0,0,1,3.0,3.0
1l1m2NLje0M,storytime,severe,none,protagonist,high,severe,3.0,0,1,3.0,3.0
_tSbZyNHPLA,daily_vlog,mild,none,co_star,low,moderate,1.0,0,0,1.0,2.0
b105wrNLITc,storytime,moderate,none,protagonist,moderate,moderate,2.0,0,1,2.0,2.0
pj7E1ve8bhg,daily_vlog,mild,none,co_star,low,moderate,1.0,0,0,1.0,2.0
pF6S2mDw9wg,daily_vlog,mild,none,co_star,low,moderate,1.0,0,0,1.0,2.0
yX6OPft5bSs,daily_vlog,mild,none,co_star,low,moderate,1.0,0,0,1.0,2.0
aD2lP8AyZng,storytime,mild,none,protagonist,low,moderate,1.0,0,1,1.0,2.0
-hQwDiWiZ8k,storytime,moderate,none,protagonist,moderate,moderate,2.0,0,1,2.0,2.0
qHgq8g9tST8,storytime,moderate,none,co_star,moderate,severe,2.0,0,0,2.0,3.0
4lnatT2Xd4A,daily_vlog,mild,none,co_star,low,moderate,1.0,0,0,1.0,2.0
stJHcpFF7jM,daily_vlog,mild,none,co_star,low,mild,1.0,0,0,1.0,1.0
6ngyD-XVJ1U,daily_vlog,mild,none,protagonist,low,moderate,1.0,0,1,1.0,2.0
P2-8ofDOnqw,challenge,none,none,unclear,none,mild,0.0,0,0,0.0,1.0
E3UTWuVGPP8,storytime,mild,none,protagonist,low,moderate,1.0,0,1,1.0,2.0
z-GxoO0MEWc,storytime,moderate,none,unclear,low,moderate,2.0,0,0,1.0,2.0
yCP9E8KnLlI,daily_vlog,none,none,unclear,none,mild,0.0,0,0,0.0,1.0
JtX25I0xshA,unboxing,mild,brand_mention,unclear,none,mild,1.0,1,0,0.0,1.0
VbNfDhD6D-s,challenge,mild,none,unclear,none,severe,1.0,0,0,0.0,3.0
cS0mO2_WutA,storytime,severe,none,unclear,low,severe,3.0,0,0,1.0,3.0
4hSpYIX8ZHA,storytime,moderate,none,protagonist,low,moderate,2.0,0,1,1.0,2.0
Fs6Nmp5OuD8,storytime,moderate,none,unclear,low,moderate,2.0,0,0,1.0,2.0
hFF8JJ6nfm0,storytime,moderate,none,protagonist,low,moderate,2.0,0,1,1.0,2.0
m9d1UkW5m5c,storytime,moderate,none,protagonist,low,severe,2.0,0,1,1.0,3.0
-t3eGnCj08M,storytime,moderate,none,protagonist,low,severe,2.0,0,1,1.0,3.0
YhAQrYYGGx4,storytime,moderate,none,protagonist,low,moderate,2.0,0,1,1.0,2.0
xaVldUYjkwc,storytime,moderate,none,co_star,moderate,severe,2.0,0,0,2.0,3.0
x-gfrFRbVs8,daily_vlog,severe,none,unclear,moderate,mild,3.0,0,0,2.0,1.0
zur0A_RNQ_0,storytime,moderate,none,unclear,low,severe,2.0,0,0,1.0,3.0
DjfDw-jxrqI,gaming,mild,brand_mention,unclear,none,moderate,1.0,1,0,0.0,2.0
ojFXAHpbU-E,daily_vlog,severe,none,protagonist,high,mild,3.0,0,1,3.0,1.0
jmZoZ3vm3RE,storytime,moderate,none,protagonist,low,moderate,2.0,0,1,1.0,2.0
