channel_id,title,description,custom_url,handle,country,joined_date,subscribers,total_videos,total_views_x,keywords,has_instagram,has_tiktok,has_twitter,has_facebook,cross_platform_count,badges,n_videos,mean_views,median_views,total_views_y,mean_duration,median_duration,emotional_score_mean,emotional_score_max,commercial_rate,child_protagonist_rate,privacy_score_mean,clickbait_score_mean,caps_ratio_mean,exclamation_mean,sentiment_mean,face_ratio_mean,open_mouth_rate,text_overlay_rate,channel_short,log_subscribers,commercialization_index,est_videos_per_week,labor_intensity_index
UCk8GzjMOrta8yxDcKfylJYw,✿ Kids Diana Show,"""Kids Diana Show"" is the top rated kids' YouTube channel starring Diana and Roma as they constantly engage in fun and crazy adventures. Since launching on YouTube in 2015, Kids Diana Show has attracted over 200+ million worldwide subscribers and 100+ billion views, while on average 10 billion monthly views on 20 channels and translated into 20 languages. Each episode is created with a creative mix of live performances, animation and music to create comedy videos for preschoolers.

E-mail: dianar",,,United States,2015-05-12,138000000,1613,123976006663,diana and roma|diana|roma and diana|kids diana show|kids video|love diana|toys|for kids|kids|cartoon|animation|мультики|cartoons|kids cartoons|cartoons for kids|kids videos|pretend play|children songs|baby songs|kids song|music video|song,True,True,False,True,3,VERIFIED_CHANNEL,50.0,4412907.2,2759676.0,220645360.0,1680.72,1417.0,,,,,,,0.16067139420230217,0.32,0.311234,0.05140219184027775,0.6,0.1,nan,8.139879086401237,,4.166666666666667,
UCvlE5gTbOvjiolFlEm-c_Ow,Vlad and Niki,"“Vlad & Niki” is the global preschool phenomenon and highest rated kids channel on YouTube starring the imaginative personalities and antics of brothers Vlad and Niki, who are showcased in non-stop fun and crazy adventures. Since launching on YouTube in 2018, the “Vlad & Niki” has attracted more than 456+ million subscribers worldwide and 248+ billion views, while averaging five billion monthly views on 21 channels and translated into 18 languages. Each episode is produced with a creative mix of",,,United States,2018-04-23,149000000,1014,120673534346,kids|toys|play|fun|vlad|nikita,False,False,False,False,0,VERIFIED_CHANNEL,50.0,12671571.54,8484608.0,633578577.0,1659.8,1228.0,,,,,,,0.10447689486255154,0.14,0.39431400000000005,0.07444251302083331,0.66,0.1,nan,8.173186268412275,,4.166666666666667,
UCJplp5SjeGSdVdwsfb9Q7lQ,Like Nastya,"Welcome to Nastya's universe - where Nastya and her parents play, learn, sing, explore and share their life experiences. 

Millions of kids and families from all over the world join Nastya every day to explore the world and learn about songs, numbers, nature, colors, shapes, animals, and the importance of eating healthy food, washing hands, being a good friend, and much more.

Follow Like Nastya on Instagram - https://www.instagram.com/likenastya/
Follow Like Nastya on TikTok - https://www.tikto",,,United States,2016-12-06,132000000,1066,120416866570,nastya|toys|kids|like nastya|song|nastya and dad|kids video|настя|for kids|pretend play|children songs|baby songs|music video|nastya and papa|nastya show|cartoons,True,True,True,True,4,VERIFIED_CHANNEL,50.0,9761939.54,5660960.5,488096977.0,1614.92,1749.0,0.06,1.0,0.02,1.0,0.4,0.3,0.09831845178721138,0.0,0.40513600000000005,0.052059809027777744,0.54,0.04,nan,8.12057393120585,0.5192857142857142,4.166666666666667,0.44399954439356093
UCxJrnvfqSSvly5hiq2Fe68g,SACCONEJOLYs,"The Saccone Joly's YouTube web series ran from 2010 to 2020. For 10 years, Jonathan Joly and Anna Saccone shared their lives online. During that time, they had four children: Emilia, Edie, Alessia, and Andrea. The first two were born in Cork, Ireland, at Cork University Maternity Hospital and the third and fourth were born in London at the Portland private hospital. 

The web series won several international awards during its time: Radio Time Most Influential, Shorty Award for Best in Parenting,",,,United Kingdom,2009-12-29,1610000,2852,747905433,,False,False,False,False,0,,50.0,194626.72,175360.0,9731336.0,1341.22,1341.5,0.92,3.0,0.02,0.48,1.26,1.42,0.7848630411996237,0.86,0.044558,0.05335837673611109,0.64,0.02,nan,6.20682587603185,0.16152700725180005,4.166666666666667,0.5848595585594696
UCvthuVsurPaVz2a7_4LepGg,Family Fun Pack,"Hi guys, I'm Kristine, and I invite you to follow my journey as a mom. I have been documenting my life as a mother since 2011 here on YouTube.  I have 8 beautiful children, including identical twins, and a wonderful husband.  We love to travel, play sports, be outdoors, and spend as much time together as we can. We usually travel about half the year. We love to be creative!  Our motto is find fun in everything, so if someone's having fun, it's our family!
Thanks for visiting our channel. Please ",,,United States,2011-10-02,10500000,3449,15944540106,Familyfunpack|family fun pack|FFP|twins family fun pack|michael family fun pack|zac family fun pack|chris family fun pack|david family fun pack|alyssa family fun pack|vlog|family fun pack owen|family fun|family meals|parenting advice|mom life|always alyssa|family travel|how to travel with big family|travel tips|hawaii life|family vlogger|twin parenting|music video|home organization|custom home ideas|kitchen organization|easy dinner ideas|homeschool,True,False,False,True,2,VERIFIED_CHANNEL,50.0,73750.22,46599.5,3687511.0,1163.0,1076.5,0.08,2.0,0.14,0.44,0.32,0.76,0.3348279921189184,0.6,0.05525,0.021514257812499972,0.36,0.24,nan,7.021189299069938,0.43791382508392096,4.166666666666667,0.36827037616494324
UCK2ACorzpH-igxuHZ2ObCEA,itsJudysLife,"Benji and I are vloggers from Seattle. We've been vlogging (almost) every day since October of 2011 before we started our family! We have 5 beautiful daughters Julianna, Miya, Keira, Leah, and Isabella. Watch 5 days a week!

email: itsjudytime@thecreatorcompany.tv
",,,United States,2010-03-10,1830000,4565,1280904610,itsjudytime|personal|life|judy travis|itsjudyslife,True,False,True,True,3,VERIFIED_CHANNEL,50.0,45256.94,41831.0,2262847.0,1466.7,1471.0,0.28,2.0,0.04,0.12,0.36,0.72,0.16744029054145465,0.32,-0.008823999999999999,0.043051345486111094,0.34,0.02,nan,6.26245108973043,0.35695151872891057,4.166666666666667,0.3441943568140773
UCtZAaljDNIsIAIhwYYzvEiw,The Bee Family,"The Bee Family is for everyone. Our content is mainly for families and our goal is to inspire and have more fun together.

We are a family of 4 starring Mama Bee, Papa Bee, Mr. Bee and Gabriela Bee! We aim to post new videos weekly! 

Please subscribe to our channel and we promise you'll have a great time with us!

EMAIL: ehbeemail@gmail.com or Visit www.EhBeeFamily.com",,,United States,2013-06-21,10300000,1150,3342232295,family|lifestyle|vlogs|family fun,True,False,True,False,2,VERIFIED_CHANNEL,50.0,443602.68,92655.5,22180134.0,1158.88,722.5,0.58,2.0,0.0,0.2,0.6,1.2,0.5926906780157066,0.74,0.06364,0.05684071180555553,0.62,0.06,nan,7.012837224705172,0.33818899810607755,4.166666666666667,0.43263262947024267
UCyCyTe_1bT2aIPwG_gxbyeg,Daily Bumps,"We’re Bryan and Missy Lanning and we've been sharing our family’s journey for over 10 years. From building our homestead to everyday adventures, we capture real moments—the highs, lows, and everything in between. Our goal is to spread joy, inspire others, and create a community focused on family, fun, and wholesome living. Hit subscribe and join us!

Business Inquries: missylanning@me.com
",,,United States,2012-12-31,5060000,3077,4181431817,daily bumps|daily bumps vlogs|daily bumps Ollie and finn|Ollie and finn|Bryan lanning|Bryan Lanning music|missy lanning|this is home|lanning family|family fun,True,False,False,False,1,VERIFIED_CHANNEL,50.0,34615.6,28503.5,1730780.0,884.7,838.5,0.98,2.0,0.1,0.38,1.24,1.54,0.49365925516748327,1.18,0.11005599999999999,0.07308305121527775,0.74,0.06,nan,6.704150516839799,0.2844597063881961,4.166666666666667,0.5673730583343201
UCYfbq37VGb-07tDS0FGtsPw,Piper Rockelle,"Shalom guys, I’m Piper Rockelle I’m a girl living my dream in Hollywood. On this channel we believe in entertainment, quality, family, fun, love, and good vibes. Here you can find me doing crazy challenges. Boyfriend challenges, crush challenges,  24 hour challenges, last to challenges, and more. Also I do DIYs, tutorials, make up, instagram videos. Normally I’m with an awesome friend, or crush, or boyfriend in my videos. Along with all this my videos are great for boys and girls of all ages, ev",,,United States,2016-11-28,12200000,816,3695496168,piper|piper rockelle|24 hour|challenge|last to|funny|tiktok|musically|routine|girls|pause challenge|school|2019|vlog|makeup|shopping|diy|slime|brat|mani|instagram|24 hour challenge|pause|Piper Rockelle youtube|youtube piper rockelle|Piper Rockelle youtube channel|prank|pranks|prank wars|prank war|boyfriend|girlfriend|break up|crush|family|family vlogs|teens|teen,False,False,False,False,0,VERIFIED_CHANNEL,50.0,599251.44,420831.5,29962572.0,1086.28,1013.0,1.36,3.0,0.04,0.12,1.64,1.82,0.49376188238308855,0.08,-0.09487400000000001,0.04523585069444442,0.46,0.08,nan,7.086359830674748,0.23419732722986464,4.166666666666667,0.619556020910093
UCKaCalz5N5ienIbfPzEbYuA,Jordan Matter,My daughter has taken over my channel!,,,United States,2006-12-20,35500000,572,14077299142,photography|dance|challenge|dance moms|10 minute challenge|photo|contortion|acro|tiktok|24 hours|salish,True,False,False,False,1,VERIFIED_CHANNEL,50.0,24348509.88,20444513.0,1217425494.0,2007.6,1915.0,0.9,3.0,0.02,0.5,1.38,1.8,0.4330960310320979,0.08,-0.009155999999999997,0.0414776692708333,0.54,0.1,nan,7.550228353055094,0.3232282042538256,4.166666666666667,0.646323097548741
UCuAHfJyWROB4XRReS43EWUw,The Bucket List Family,"Hello world! We decided to sell everything and leave home for an adventure around the world. Now, we work full-time as Family Travel Journalists! Thank you for being a part of this amazing journey! 
http://thebucketlistfamily.com

Facebook: The Bucket List Family
Instagram: thebucketlistfamily
",,,United States,2015-07-05,1500000,506,296651441,family|travel|adventure|kids|wildlife|bucket list family,True,True,False,False,2,VERIFIED_CHANNEL,50.0,235085.54,186980.5,11754277.0,1862.8,1791.0,0.54,2.0,0.16,0.44,0.92,1.34,0.6014300499790033,1.36,0.241226,0.032446093749999974,0.44,0.14,nan,6.176091259055681,0.3627682688544733,4.166666666666667,0.5260246300939336
UCyT6APaPTsFEwtEHu-oMqFA,TiffyQuake,"Helping you re-discover your magic through creative play ✨

Hey everyone my name is Tiffy! Here I explore beauty, wellness, creative expression, and family life in hopes of igniting a spark within you. I am here to help you re-discover your fun, flirty and feminine side, while I also embark on the journey.

After a health scare, struggling with my mental health, feeling stuck and transitioning into Motherhood, I felt called to help others finds their light again and level up. Moving forward with",,,United States,2013-02-04,1260000,833,209329507,Cupquake|ihascupquake|tiffyquake|fashion|diy|howto|how|to's|creative|art|artistic,True,False,True,True,3,,50.0,25016.64,18142.0,1250832.0,1085.58,1035.5,0.0,0.0,0.3,0.0,0.2,0.74,0.21731595757062636,0.12,0.143614,0.06713847656249997,0.68,0.08,nan,6.1003705451175625,0.43485865929152284,4.166666666666667,0.2741033226264766
UCpE_yAyidJKIsv8mnX1VYzA,JesssFam,"What’s up, fam! My name is Jess and for the last 16 years I've been sharing my chaotic life with my growing family as a young mommy/lifestyle vlogger.  I started out on YouTube as a teen mom, and now my husband and I have 7 children (ages 9-16) that make up our big, beautiful blended family. I have 4 kids from previous relationships, my husband has 2 kids from a previous marriage, and we have 1 child together. Join our family of 9 for new videos every other day!

CONFUSED? HERE'S OUR STORY: http",,,United States,2009-09-10,2460000,2566,1708374562,GabeandJesss|Parents|Mom|Dad|Young|Mommy|GabeandJess|Jessica|Shafer|Lilia|Esquilin|Vlog|Vlogger|Life|Positive|TV|Happy|Twins|JessFam|of|many|blended|7 kids|24 hours|day in the life|blended family|teen mom|twin mom|blended family|coparenting|lifestyle,True,True,False,True,3,VERIFIED_CHANNEL,50.0,71345.18,63649.0,3567259.0,913.92,890.0,1.6938775510204083,3.0,0.02040816326530612,0.40816326530612246,2.2448979591836733,1.9387755102040816,0.23134614769134593,0.1,0.037214000000000004,0.034677430555555534,0.28,0.02,nan,6.390935107103379,0.35880864340825963,4.166666666666667,0.7491281815508527
UCWw_fOUvuGFonxrA9j29V-Q,Family Vlogs,"Hello guys this is my youtube channel please keep supporting us and give a lot of love and we will also make good vlogs for you just keep giving us love like this ❤️😘

My Instagram is familyvlogs_",,,India,2021-08-24,273000,1179,280891081,Family_vlogs_1|Family|Vlogs|Pranks|Family pranks|Lifestylevlogger|Lifestyle|Vlogging,False,False,False,False,0,,50.0,2786.5,2576.0,139325.0,732.6,700.5,0.8163265306122449,3.0,0.0,0.14285714285714285,1.2244897959183674,1.0816326530612246,0.3280328801254655,0.04,0.456938,0.0198253472222222,0.2,0.3,nan,5.4361626470407565,0.21600916815846388,4.166666666666667,0.46976183445953107
UCspL7qWLI7jfbPrZWm8KLEg,S Family vlogs," Your favt vlogger To Be 

Don""t forget to subscribe my youtube channel. 

 follow me on 

tiktok : itssania_shahid

snapchat : saniaali_44

instagram : sani.aahee_
",,,Pakistan,2015-11-12,7150,891,5325041,sania|wonderland|foods|fun|complete the lyrics challenge.| pani mai mu dalna perha 😕😂 | ft.sonia shahid|food challenges|food vlogs|noodles|challenge|bts|asmr|s family|s family vlogs|sisters vlog|sisters|family vlogger|daily vlogs,True,True,False,False,2,,50.0,801.32,677.5,40066.0,1335.98,1382.0,0.86,2.0,0.02,0.12,1.16,1.14,0.0542055569463301,0.0,-0.09635599999999998,0.04700028211805552,0.8,0.0,nan,3.8543060418010806,0.15569974877578185,4.166666666666667,0.4894027584470759
UCGXMW0suZvGU0zYVaQfnmyw,Hayes Family Vlog,"We are the Hayes Family - Ash, Zach & Malia! We use our fun videos to raise awareness for Malia’s autoimmune condition, Alopecia, while promoting the ideas of staying positive and loving yourself no matter what. 

*Although Malia can’t grow hair, she is a perfectly healthy girl otherwise*

Please visit NAAF.org to learn more about Alopecia

If you’d like to work with us please email us:
hayesfamilyvlog@gmail.com",,,United States,2017-02-01,124000,238,41381869,disneyland vlog|disneyland vloggers|disney vlog|disney vloggers|disney character interactions|disneyland character interactions|disney character meet and greets|disney character interactions|wdw vlog|universal studios vlog|walt disney world|disney video|disneyland video|walt disney world video|disneyland|disney,True,False,False,False,1,VERIFIED_CHANNEL,50.0,81070.36,62327.0,4053518.0,923.88,808.5,0.5918367346938775,2.0,0.20408163265306123,0.061224489795918366,0.7346938775510204,1.0,0.2748449891354044,1.56,0.37348,0.02396148003472219,0.3,0.06,nan,5.093421685162235,0.22579558677095782,4.166666666666667,0.39744028376458335
UCvmLqYHtUnIFQ0mS-VICGpw,Family Channel,"Hello guys !
Here you will find daily vlog at 5 pm ! 
Also some cooking ane challenges ❤️
I hope you will like it 😇
For collaboration please mail on : queenswati881@gmail.com",,,,2022-01-05,329000,1767,149004301,,True,False,False,False,1,,50.0,33281.64,17022.0,1664082.0,776.86,770.5,0.6530612244897959,3.0,0.0,0.2857142857142857,0.32653061224489793,0.7346938775510204,0.21328715436911758,0.0,0.21484999999999999,0.052375954861111074,0.68,0.04,nan,5.517195897949974,0.18991237158233915,4.166666666666667,0.3850499154206241
UC9zvuudYHEptDdXdkD6GAEA,My Family Vlog,"Hi friends 
Thanks for your subscription ,like, share and views 
My family vlog channel created for showing our culture ,livelihood basic ,food habits ,festivals & celebrations  ,surrounding neighbouring places through our videos .
",,,India,2022-11-21,361000,608,175316442,family vlog|village vlog|bengali vlog|my family vlog|vlog channel|my family,True,False,False,True,2,VERIFIED_CHANNEL,50.0,216449.28,193876.0,10822464.0,1172.24,1093.0,0.0,0.0,0.0,0.02,0.0,0.1,0.00707896454326945,0.0,0.057632,0.022294227430555525,0.36,0.7,nan,5.557507201905658,0.49024603560076063,4.166666666666667,0.21517313308302044
UCWwWOFsW68TqXE-HZLC3WIA,The ACE Family,"Welcome to THE ACE FAMILY channel where the kids have officially took over :) Join The ACE Family and SUBSCRIBE! Our videos include vlogs, crazy experiences, challenges, pranks, and fun family times.
SUBSCRIBE HERE: http://bit.ly/THEACEFAMILY

FOLLOW US :)

Elle's Instagram: https://www.instagram.com/elle/
Alaia's Instagram: https://www.instagram.com/alaiamcbroom/
Steel's Instagram: https://www.instagram.com/steelmcbroom/

*Business inquiries: Austinmcbroombusiness@gmail.com
",,,,2016-01-10,18000000,713,4607745444,THEACEFAMILY|ACE|FAMILY|ACEFAMILY|CatherinePaiz|AustinMcBroom|Elle|Challenges|Vlogs|Experiments|ActsOfKindness|Boyfriend|Girlfriend|FamilyVlogs|DailyVlogs|Catherine|Austin|catherinemcbroom|steel|mcbroom,True,False,False,True,2,VERIFIED_CHANNEL,50.0,989937.02,860181.5,49496851.0,968.22,862.5,1.0,3.0,0.04,0.12,1.22,1.58,0.9632692307692308,1.6,0.066672,0.047645269097222186,0.34,0.06,nan,7.2552725051033065,0.3609351021268689,4.166666666666667,0.5303402763227394
UCr3wdq5aVFBXwo84Vnd8NLg,Beast Family Vlogs ,Entertaining Vlogs made by the Beast Family ,,,United States,2020-09-01,1380000,189,161822818,BEAST FAMILY|LAYLA|JUJU,False,False,False,False,0,VERIFIED_CHANNEL,50.0,274607.26,165952.0,13730363.0,1432.1,795.0,1.58,3.0,0.04,0.52,1.04,2.06,0.5369362006825402,0.54,-0.401914,0.06943172743055553,0.64,0.06,nan,6.139879086401237,0.1772929749763352,4.166666666666667,0.6932451954557598
UCCavka0AbNklF4cqfaiwqEA,Forever Family Vlogs,"HELLO , FAMILY FRIENDLY CONTENT EVERYDAY !!!
WATCH OUR VLOG CHANNEL ..

Main channel  :SISTER FOREVER
Alisson's channel : It's me Ali 
Emily's channel : EmilyG

Instagram  :@sisterforever2016 and @alisson.gonzalez07 
Tiktok and Instagram :  @yailenysr 
 
Business email 📧: sisterforever@cesddigital.com
P.O BOX 📦 
20757 BRADENTON FL 34204

FEDEX AND UPS ONLY 📦 
4112 53rd Ave E #20757
Bradenton FL 34203


Please note: This channel is subject to parental supervision and review. All negative, nasty o",,,United States,2017-09-25,868000,2261,371365623,sisterforevervlogs|vlogger|youtube|daily|influencer|life|reality|family channel|friendly vloggers|daily family vlogs|reality|real life,True,False,False,False,1,VERIFIED_CHANNEL,50.0,40544.9,34316.0,2027245.0,1485.46,1374.0,1.28,3.0,0.0,0.4,1.7,1.94,0.4488183398721698,0.24,-0.041934,0.032909266493055526,0.4,0.04,nan,5.938519725176492,0.2120635919799973,4.166666666666667,0.6850277553671104
UCakH8fd1GzGJqJMT0NISHJA,Family blog video,mere Maa papa shivangi shivmangal aarti krish Krishna shivnandani kausilya family vlog ❤️❤️,,,,2018-10-02,1100000,3565,1188594522,,True,False,False,False,1,,50.0,13374.22,7317.5,668711.0,1053.98,1002.5,0.29545454545454547,1.0,0.0,0.13636363636363635,0.9772727272727273,0.3181818181818182,0.06340310333704274,0.0,0.023041999999999997,0.05849219473379627,0.5,0.12,nan,6.041392685158225,0.2460435957666361,4.166666666666667,0.34951016860451506
UCTd7KgjB_wmLd-absFsvOGQ,My family diary telugu,"Home maker || Vlogger || cooking || Decoration & crafts || fashion & Beauty tips || Travelling || lifestyle
Support my YouTube Channel.
",,,India,2021-07-22,63500,1694,37453443,,True,False,False,False,1,,50.0,21311.1,17702.5,1065555.0,1265.16,1244.5,,,,,,,0.01298795386633974,0.0,0.117584,0.017494184027777752,0.18,0.18,nan,4.802773725291976,,4.166666666666667,
UCCbcZxe-8w5obQHhtX8mA6A,"Our Life In ""Holland"" - The Bingham Family","No we do not live in Holland but our message is about how life may not always go as you had imagined but life is beautiful no matter what!  Why do we call our channel Our Life In ""Holland""? https://youtu.be/2y0wK-10Phc

We are Justin and Lindsay Bingham.  This is our family of six.  We have 3 boys (Turin, Ashton, Landon) and a girl (Ava) who are everything to us.  Our son Landon has what is called Cerebral Palsy. We love to have fun and adventure as a family. We strive to find joy in the little ",,,United States,2019-04-18,150000,1126,57418507,Family Fun|Family Vlog|Daily Vlog|Family|Cerebral Palsy|Bingham,True,False,False,True,2,,50.0,29320.0,20227.5,1466000.0,929.92,697.0,0.44,3.0,0.02,0.2,0.4,1.22,1.0,0.16,0.16557,0.0632058159722222,0.6,0.2,nan,5.176091259055681,0.2966215550363622,4.166666666666667,0.3982300255750502
UC0JuFXTfkyDOR-rKBfSsEmA,Our Twin Life Family,"This channel is about being a mom! I have 6 children including twin boys. We are a homeschool family who love to have fun together and I also love to make Disney vlogs! 

We love hearing from YOU ! 
Urgo ATTN Our Twin Life
PO Box 37237
Raleigh, NC 27627-7237",,,United States,2014-01-20,22700,2277,7983616,homeschoolers|tesla model s|social blade|twins|unschool|adoption|adopting|new house|college,False,False,True,True,2,,50.0,1331.64,1050.5,66582.0,965.36,804.0,0.2,2.0,0.1,0.28,0.2,0.48,0.29096605937428693,1.32,0.130246,0.0676159505208333,0.52,0.04,nan,4.3560258571931225,0.21636352546964566,4.166666666666667,0.3161985196270523
UCrl8Xu6EqLSqUyWcEMXjPPg,Thakor Family Challenge,Hello Friends. Amari Thakor Family Challenge Youtube channel ne subscribe karjo ,,,India,2022-08-01,29700,47,5112027,Asmr mukbang|Asmr eating show|Asmr videos|eating Show|Mukbang|Indianmukbang|bigbites|messyeating|with hand|bangali mukbang|girl Indian Mukbanger|mukbanger|MaddyEats|asmr|Eating sounds|love to eat|Challenges|competitions|spicy food|good eating mother|cute girl Eating|‘no taking|less talking fast Eating|Hindi Mukbang|devrani|jethani|devrani jethani mukbang,False,False,False,False,0,,47.0,108773.97872340426,98440.0,5112377.0,508.0,443.0,0.02127659574468085,1.0,0.06382978723404255,0.0,0.5319148936170213,1.0425531914893618,0.5919044738690403,0.06382978723404255,0.27802978723404254,0.021882249187352223,0.5106382978723404,0.23404255319148937,nan,4.472756449317212,0.1577590283101978,3.9166666666666665,0.29412852077478036
UCLWvIB80ANqrEJhzYzfkgGA,Family Games Media,"This channel is committed to providing child-friendly content and avoiding any elements that may affect their health and safety.
Hello everyone, this is [Family Games Media].
We will record the funny daily life of the family
There are various challenges here
We will bring laughter to everyone
Remember to subscribe to us
We will update new videos every day
love you ♥
May the world be filled with happiness
【The content is all interpretation, without any bad guidance, minors are prohibited from imi",,,United States,2023-06-08,19600000,5851,16697965439,Blind Box Challenge|Whipped Cream Challenge|One Line Drawing|Family Game Media|Family Interaction|Parenting Humor|Family Challenges|Family Games Media|challenge|games,False,False,False,False,0,VERIFIED_CHANNEL,50.0,7962.28,7571.5,398114.0,902.86,754.0,0.4166666666666667,1.0,0.0,0.2708333333333333,0.4166666666666667,1.2083333333333333,0.09879669537395282,1.02,0.473576,0.028343250868055527,0.38,0.04,nan,7.292256071356476,0.2207366665292118,4.166666666666667,0.4071936789375192
UC4B6dDVB0Umrh5l4UgxUtyg,MY FAMILY,"Hello everyone,
Welcome to our channel. This is a International Funny Channel and We are always trying to provide the best quality Funny Videos,Prank Videos. We have some funny type friends, they all time make some fun acting as real or fake. some time they are make real fun with public site and take videos outside of there knowledge. please subscribe our channel and like our Videos.

MY FAMILY is about Funny and some funny instances happening around his Friends and actor. 


HEY GUYS FOLLOW MY ",,,India,2019-02-11,19800000,448,7867682295,comedy|cartoon|natok|motu patlu|funny video|tui tui|motu patalu|mowgli|jokes|comedy comedy|hansi majak|chutkule|cartoon cartoon|tiktok|comedy video|कॉमेडी|twitter|shiva cartoon|funny videos|चुटकुला|mogli cartoon|comedi|committee|tui.tui|video|chhotu dada|my family|my family comedy|hansi wala|picture|cartoon video|dj|shiva|comety video|asia funny video|try to not laugh|village comedy|hasir video|natok bangla|sofik bangla natok|laugh video|funny|hasi,False,False,False,False,0,VERIFIED_CHANNEL,50.0,1496897.44,398335.0,74844872.0,536.64,541.0,0.0,0.0,0.0,0.0,0.0,2.0,0.19264346588377204,0.0,0.872808,0.013789756944444422,0.08,0.26,nan,7.296665190261531,0.29953990578476014,4.166666666666667,0.3404621161066718
UCI5lrYVm4ctqxEHG4HgvdRA,Our Family Nest,"We’re a Michigan family of 6 entering a brand-new chapter of life after over 10 years on YouTube Channel Our Family Nest!  What started as a house full of kids has now shifted into our empty-nest-in-the-making era — and we’re embracing every part of it.

Life is now mostly just the two of us, and our 4 dogs, figuring out what this next season looks like. Our four kids are grown adults and our content is evolving right along with them.

On our channel you’ll find us sharing our real life moments,",,,United States,2011-10-29,1100000,3215,505938561,daily vlogs|family channel|family vlogs|teenagers|teen|challenges|funny|comedy|daily videos|daily family vlogs|weight loss|family|daily life|day in the life|trending|popular|older kids|candi|ken|andrew|blake|chase|karli,True,True,False,True,3,VERIFIED_CHANNEL,50.0,11338.62,8338.0,566931.0,1254.38,1210.5,0.3333333333333333,1.0,0.0,0.0,0.0,0.6666666666666666,0.36594868145431825,0.6,0.03937199999999999,0.03793539496527775,0.58,0.16,nan,6.041392685158225,0.3853293100523504,4.166666666666667,0.2917180895850015
UCaCJI3b1oJbjXBKFOfVq2tw,our family,"


DO SUBSCRIBE MY CHANNEL ",,,,2013-10-27,6670,1641,1951414,,False,False,False,False,0,,7.0,145.71428571428572,108.0,1020.0,123.14285714285714,119.0,,,,,,,0.5918367346938774,0.0,0.06554285714285714,0.012872333829365071,0.0,0.0,nan,3.824125833916549,,0.5833333333333334,
UC-z5VCIFLG6tximfWzzlSSQ,Family Channel,"Welcome to Family's official YouTube channel dedicated to making screen time family time. 

Family Channel features all-time favourites, offering something for everyone! 




",,,Canada,2005-10-22,138000,1162,28049061,Family|Channel|TV|Comedy|Action|Show|Teen|Tween|'A.N.T|Farm'|'Aaron|Stone'|'Debra!'|'Good|Luck|Charlie'|'Hannah|Montana'|'I'm|in|the|Band'|Jonas|'Life|with|Derek'|'Lizzie|McGuire'|'Naturally|Sadie'|'Overruled!'|'Phineas|and|Ferb'|'Really|Me'|'Shake|it|Up'|'Sonny|Chance'|'That's|So|Raven'|'The|Suite|Life|of|Zack|Cody'|'Wizards|Waverly|'Wingin'|It'|'What's|Up|'Allstar|Weekend'|'Camp|Rock'|'Selena|Gomez'|'Miley|Cyrus'|'Demi|Lovato'|'Hilary|Duff'|Raven|'Ashley|Tisdale'|FamilyChannel,True,False,False,True,2,VERIFIED_CHANNEL,50.0,4105.44,2093.5,205272.0,1165.94,1267.0,,,,,,,0.37167095796145155,0.34,0.047968000000000004,0.08156612413194443,0.56,0.02,nan,5.139879086401237,,4.166666666666667,
UCgQ9Xsx41bWj9nWcOasCPSg,FAMILY FUN,"જય દ્વારકાધીશ
જય માતાજી મિત્રો,🙏

હું છું ખુશી, અમારી ફેમિલી ફન ચેનલ માં તમારું સ્વાગત છે, અમે અમારા વિડિઓ દ્વારા દરેક ચહેરા પર હાસ્ય😊 લાવવા માંગીયે છીએ જેના માટે અમને તમારા સાથ ની જરૂર છે. તમને અમારા વિડિઓ ગમે તો લાઈક, શેર અને સબસ્ક્રાઇબ કરજો.


For sponsorship & business enquiries
Email us ON :-
familyfunn0009@gmail.com",,,India,2022-04-21,851000,1942,796629233,,False,False,False,False,0,VERIFIED_CHANNEL,50.0,18134.7,15467.5,906735.0,936.68,939.0,,,,,,,0.0741248248404559,0.06,0.407958,0.04201176215277776,1.0,0.18,nan,5.929929560084588,,4.166666666666667,
UCt8y36oOifN7XfX6wYyYkNQ,Adventure Family Vlog,"Welcome to the Adventure Family Vlog Channel—where every day is an adventure, and every moment is a new discovery!

Join us as we explore the great outdoors, tackle thrilling challenges, and discover hidden gems worldwide!

We love bringing you along on our family adventures! From epic hikes to spending time at incredible locations, we’re all about sharing helpful tips and tricks to improve your adventures! 

Don’t miss out on any of the fun—hit that subscribe button and ring the bell so you’re ",,,United States,2023-08-17,4080,728,1601410,adventure family vlog|family travel vlog|family travel youtube channel|travel vlog family|family adventure travel|traveling with kids|family travel tips|adventure vlog|travel vlog|utah travel|utah adventures|utah family travel|national parks family travel|us national parks vlog|road trip vlog|outdoor family adventures|hiking with kids|rv travel family|rv camping vlog|camping with kids|cinematic travel vlog|travel guide vlog|things to do travel,True,True,False,True,3,,50.0,11099.04,3295.0,554952.0,1082.88,1095.5,,,,,,,0.21253232030891997,0.12,0.289194,0.017652669270833313,0.3,0.36,nan,3.61066016308988,,4.166666666666667,
UCYOrk_8bdqxClLb8pannmLA,Adventure Family,"Welcome to Adventure Family! We make new friends in unlikely places! Get family travel tips, photo tips and ADVENTURE!  We upload a new video every week!

Now some of you may be wondering 'Did they win the lottery or sell a company to travel as a family?' (WE WISH! LOL!).  Instead we decided to create our own family culture fifteen years ago and make the world our classroom.  As creative entrepreneurs, it's been feast or famine (or more like famine, famine, famine, FEAST, back to famine, famine.",,,United States,2016-11-01,3060,43,328762,Family Travel|Travel,True,False,False,True,2,,40.0,8147.725,2315.0,325909.0,726.025,619.5,,,,,,,0.2900149146115799,0.35,0.1057425,0.017817138671874986,0.1,0.2,nan,3.48572142648158,,3.3333333333333335,
UCTpW4mj-LRVV0m8jWvKIZGQ,Happy kids Vlog,,,,,2024-02-25,202000,105,65352678,,False,False,False,False,0,,50.0,450538.46,353833.5,22526923.0,837.8,728.0,,,,,,,0.060771899666725845,0.02,0.162774,0.05834973958333331,0.52,0.06,nan,5.305351369446623,,4.166666666666667,
UCyS891Ie9r_GGB431XBvSPA,Family 5 Vlogs,"Welcome to Family 5 Vlogs - a real-life family sharing the heartwarming, hilarious, and sometimes hectic moments of our lives.

Our oldest is married with kids (we love being grandparents!), our middle is off to college, and our youngest is 12 with a big love for hockey and even bigger energy! 🏒

From weekend adventures and holiday fun to everyday routines and special family memories, we’re here to bring you along for the ride.

👋 We’d love to have you join our journey — don’t forget to hit that",,,United States,2018-01-24,86100,2308,36504806,Family 5 Vlogs|Family5vlogs|Family 5 Vlogs Youtube|Family Friendly|Family Channel|new family vlogs|bryleigh anne|stay at home mom|homeschool|large family|Kayla Victoria|Ayden|tracy|home with tracy|Barry|family vlogs|it's our life|our life|follow us around|day in the life|day in our life|family vlog,True,False,False,False,1,,50.0,9211.0,8774.0,460550.0,2274.92,2142.5,,,,,,,0.7665641020616324,0.66,-0.13978400000000002,0.040546050347222196,0.32,0.04,nan,4.935003151453655,,4.166666666666667,
UCHP0T4C5D2PEzGag5fGslcw,Indonesian Mommy,"Hello beautiful people welcome to my channel, let me introduce my self my name is Andika you can call me ANDIN. I am a Working MOM of 3 beautiful children, Raziel, Zoei and Alex. A wife to a greatest men I have ever known. In this channel I am sharing what our family like to do on daily basis. I am the best chef according to my family so i like to share my recipes hoping it will be useful for those in need. 

Feel free to subscribe!!!!! 
We Love You ALL xoxo",,,United States,2011-10-01,108000,673,22691392,Indonesian Mommy|just_andin|andin|mommy indonesia|callmeandin,True,False,False,False,1,VERIFIED_CHANNEL,50.0,18800.4,15121.0,940020.0,930.5,868.0,0.25,3.0,0.020833333333333332,0.0625,0.4375,0.375,0.9623051409618575,0.0,0.020882,0.05429210069444443,0.42,0.0,nan,5.033423755486949,0.15540053224556588,4.166666666666667,0.2931467739069391
UChGJGhZ9SOOHvBB0Y4DOO_w,Ryan's World,"Welcome To Ryan's World!!! Ryan loves doing lots of fun things like pretend play, science experiments, music videos, skits, challenges, DIY arts and crafts and more!!! 
Most of the toys we used to review are being donated to local charity 

Ryan's Toys & Clothing at Walmart and Target!

Ryan's World 
Ryan's Family Review: https://www.youtube.com/channel/UCsaOzYsyshyrYL4SHCTI8xw
Combo Panda: https://www.youtube.com/channel/UCb69PhsHzsorirJDlxaIXlg
Gus The Gummy Gator: https://www.youtube.com/chan",,,United States,2015-03-16,40300000,3684,63342822422,Ryan's World pretend play challenges|educational science experiments videos for kids Ryan ToysReview,True,False,False,False,1,VERIFIED_CHANNEL,50.0,217291.42,131061.0,10864571.0,2176.66,1745.5,0.54,2.0,0.14,0.78,0.64,1.24,0.471835880610815,1.36,0.160884,0.06114576822916665,0.42,0.08,nan,7.605305046141109,0.34898101996040964,4.166666666666667,0.564132486359487
UCfaZw8XH_zmAVkBst_MPD6w,CKN ,"Hi everyone, this is Calvin and Kaison here.
Welcome to CKN .



",,,Australia,2015-03-27,19400000,492,14162383252,Toys Unboxing|Surprise Eggs|Paw Patrol|PJ Masks|Superhero|Avengers|Pretend play|kids video|calvin ckn|ride on cars|playtime fun|Ben 10|Disney cars|Thomas|Power Rangers|CKN Toys,False,False,False,False,0,VERIFIED_CHANNEL,50.0,5623877.58,3996274.0,281193879.0,368.12,322.0,0.5,1.0,1.0,0.5,0.0,0.0,0.2725520360410661,0.12,0.230378,0.04569542100694442,0.58,0.0,nan,7.2878017299302265,0.4562167639724263,4.166666666666667,0.31072144938664836
UCC-RHF_77zQdKcA75hr5oTQ,FGTeeV,"FGTeeV, the Family Gaming team, brings you the premiere YouTube channel for gamers. Meet FGTeeV Duddy aka Duddz aka FeeGee aka D.D.G and his wife FGTEEV Moomy, their sons Shawn, Chase & Mike & their daughter Lexi. The hyperactive crew of gamers invites you to dive first into their world of gaming and sketch comedy. Whether it’s PC, iPad, Android, XBOX One, Wii U, Playstation 4, 5 or Nintendo Switch... FGTeeV has a gameplay for you.  Back in 2013 Duddz could never figure out why people watch othe",,,United States,2013-05-23,25300000,1875,26029039819,gameplay videos|father son|family gaming team|fgteev,True,True,True,True,4,VERIFIED_CHANNEL,50.0,4101353.7555555557,2283829.0,184560919.0,2028.18,1895.0,,,,,,,0.25159042413752175,0.42,0.012174000000000003,0.05044850983796294,0.32,0.02,nan,7.4031205211758175,,4.166666666666667,
UCBuUuRAVanvOFTd7krncsyg,JillianTubeHD,"Hi Everyone, it's Jillian!  You may know me from EvanTubeHD and The Tube Family.  I started this channel to share some of the things I like to do.  I'll be posting vlogs, toy reviews, skits, diy, crafts, music videos and a whole bunch more.  So make sure to subscribe and come back for more fun!",,,United States,2013-03-11,1740000,277,530634423,jilliantubehd|evantubehd|toys|crafts|family|vlog|cute|creative|unboxing|skits|kids,True,True,False,False,2,VERIFIED_CHANNEL,50.0,868865.14,481982.5,43443257.0,611.4,511.0,,,,,,,0.5904969192765773,3.26,0.134616,0.061969791666666635,0.58,0.0,nan,6.2405492482825995,,4.166666666666667,
UCKdOI5MTLkGHtqtyKovs2lQ,Baby Playful,"Welcome to Baby Playful! We upload fun learning videos for kids weekly, so please subscribe! Thank you for your love and support! ❤️ Please also check out our other channel: Tabby's Hobbies.",,,,2016-01-21,387000,297,148561100,family vlog|family channel|family adventure|sisters adventure|learning for kids,False,False,False,False,0,,50.0,348015.28,15660.5,17400764.0,783.92,649.0,,,,,,,0.14884350899595034,0.14,0.5268039999999999,0.04797886284722219,0.72,0.02,nan,5.587710965018911,,4.166666666666667,
UCF2PQrk3QVky8eFexifcjDA,ItsYeBoi,,,,Canada,2015-11-26,2670000,586,396433351,itsyeboi|entertainment|comedy|unboxing|tech|review|3d printing|amazon|wish|ebay|apple|tesla,True,False,True,False,2,VERIFIED_CHANNEL,50.0,145135.52,130289.0,7256776.0,878.96,851.0,,,,,,,0.3134092504959581,1.46,0.19138,0.07234066840277775,0.7,0.16,nan,6.426511261364575,,4.166666666666667,
UCfqU64f0NafwnIs3zPO8VOg,SiS,"Здравствуйте! Мы подростки-погодки Стеф и Сем. Стеф - 14 лет. Сему - 13 лет. На нашем канале вас ждут Челленджи, забавные ролики, шутки и юмор. Мы учимся на экстернате, то есть не ходим в школу и будем иногда делиться, как проходит наш день и обучение. А еще мы любим подшучивать друг над другом.
Подписывайтесь на наш канал и оставайтесь с нами!
По всем вопросам просьба писать на E-mail: kamelek@ukr.net",,,Ukraine,2016-08-03,12500,60,328510,SiS|Stef Sem|челленджи|Брат и сестра|блогеры подростки|S&S|ютуб челлендж|канал челлендж|Стеф|Сем,True,True,False,False,2,,50.0,5552.22,1129.5,277611.0,375.66,348.0,,,,,,,0.331334655014357,0.14,0.0,0.039750868055555534,0.34,0.36,nan,4.096910013008056,,4.166666666666667,
UCRXRC8hRRMYEnumSWPpT17A,TwinsFromRussia,SUBSCRIBE FOR A COOKIE! 🍪,,,United States,2021-03-15,8170000,9149,2709867825,twinsfromrussia|twins from russia|revega|twinsfromrussia revega|twins from russia revega|twins|revega twins|russian twins|twins russian|the russian twins|revega filipp|revega kirill|kirill revega|filipp revega|кирилл ревега|филипп ревега|ревега|ревега филипп|ревега кирилл,True,True,False,True,3,VERIFIED_CHANNEL,33.0,15540.515151515152,3314.0,512837.0,171.96969696969697,139.0,0.0,0.0,0.0,0.03225806451612903,0.0,1.3870967741935485,0.15844120735699685,0.0,0.4318757575757576,0.014467888520622883,0.09090909090909091,0.0,nan,6.912222056532415,0.3739705555106805,2.75,0.2186045222804882
UC6QWhGQqf0YDYdRb0n6ojWw,Brooklyn and Bailey,"We are twin sisters who just vlog their life and share it for y'all to enjoy! From wedding/marriage content, having babies, building houses, college, friendships, periods, cooking/baking, challenges, vlogs, travel, dance, and SO MUCH MORE. We film it all! 
Stay, subscribe, and enjoy♡",,,United States,2010-11-14,7410000,1641,1963866603,twins|family|girls|lifestyle|beauty|DIY|fashion|hairstyles|cute|makeup|college|teen|fun|school|relationship|twin swap|identical twins|skincare|tiktok|instagram|boyfriend|girlfriend|husband|wife|married|engaged|challenges|BTS|music|songs|tik tok|funny videos|dogs|dog|sisters|sister|girl|travel|vlog|vlogs|hacks|house|decor|dcorations|decoration|shop|tutorial|twin|wedding|books|reading|recommendations|popular|youtube,True,True,False,True,3,VERIFIED_CHANNEL,50.0,327494.96,297777.0,16374748.0,1452.2,1021.5,0.64,2.0,0.0,0.18,0.02,1.2,0.26997276659002883,0.12,-0.08223599999999999,0.05838862847222219,0.66,0.02,nan,6.869818207979328,0.37888401822030193,4.166666666666667,0.4015553528958689
UC-_KiH_Z2yerhAD_cAjAMOA,Not Enough Nelsons,"We are the ""NOT ENOUGH NELSONS"" FAMILY! We are a big family of 18! We always get asked if they are all ours!!? 7 are biological and 9 are adopted! SO YES!! THEY ARE ALL OURS!! We sure love each one of our 16 kiddos! We hope you enjoy our videos!  Follow along with our crazy family on this great youtube adventure! ",,,United States,2018-12-12,5410000,2242,4034935279,not|enough|nelsons|nenfam|Big family|Lifestyle|Large family|DIY|Pranks|Hide and seek|Back to school|Family life|Sibling challenges|Shopping hauls|Room tours|Castle house|Not Enough Nelsons|not|enough|nelsons|nayvee|paislee|justkass|kass|kennadee kay|Big family|Adoption|Large family|Family fun|Pranks|Hide and seek|Back to school|Family activities|Sibling challenges|Family meals|Home schooling|Shopping hauls|Room tours|Castle house|Not Enough Nelsons,True,True,False,True,3,VERIFIED_CHANNEL,50.0,1728605.04,1643679.0,86430252.0,2930.02,2792.5,1.2653061224489797,3.0,0.12244897959183673,0.6530612244897959,2.0,1.489795918367347,0.7856398602427279,1.32,0.172852,0.03818637152777775,0.78,0.12,nan,6.733197265106569,0.4380276637903409,4.166666666666667,0.7590793936402799
UCeJICuSKNGMVQbAAzH6DcAw,Family Fizz,The start of a new chapter...,,,United Kingdom,2014-06-24,2780000,1453,1170835703,Family friendly|Funny|Fun|Prank|Pranks|Challenge|family fizz|familyfizz|fizzfam|challenges|24 hour,False,False,False,False,0,,50.0,271955.7,232657.5,13597785.0,1857.02,1772.0,0.48,2.0,0.18,0.6,0.68,0.94,0.7986594051922011,1.04,0.144434,0.03461419270833331,0.92,0.0,nan,6.444044795918076,0.20685600248787117,4.166666666666667,0.4974114631943846
UCuxRpCqRMfZU5glUi47bWXA,JacyandKacy,"We're sisters & best friends. Thank you to everyone who watches our videos and supports us. We are so happy to be sharing our journey with you! Love & Hugs!

Contact: jacyandkacy@thesociablesociety.com
Our Store: Shopseabeyond.com

Here's our mailing address....
Jacy & Kacy
212 E Hillsboro Blvd #317
Deerfield Beach, FL 33441


Instagram
http://instagram.com/itsjacylee
http://instagram.com/itskacylee
http://instagram.com/jacyandkacy
http://instagram.com/seabeyondco

Tiktok
https://www.tiktok.com/",,,United States,2014-05-18,4070000,1434,1272037520,jacy and kacy|challenge videos|lifestyle videos|vlogs|GRWM|eating challenges|trying food|trying products|travel|travel vlogs|get ready with me|favorites|haul|shopping|shopping and haul|try on haul|challenge|eating|makeup|make up|beauty|hacks|hairstyle hacks|beauty hacks|question and answer|Q&A|would you rather|buy or bye|holiday videos|shopping videos|challenge videos|haul videos|make up videos|answering your questions|routine videos|fun challenges,True,False,True,False,2,VERIFIED_CHANNEL,50.0,49339.22,36211.5,2466961.0,490.28,477.5,0.0,0.0,0.42105263157894735,0.0,0.15789473684210525,0.0,0.22941145546735955,0.16,0.10798,0.05630798611111109,0.84,0.02,nan,6.60959440922522,0.4079658356675662,4.166666666666667,0.19383410191459727
UCQB2RScHgu5V7-AuZMsx84A,KidsFunTV,"KidsFunTV is a channel for kindergarten, preschoolers, babies children to learn with number train, fruit train and more shawn like toy trains playlist teaching numbers, alphabets, rhymes, songs, colors, abc learning, learn shapes, days of the week month etc. Learning with fun. kids rhymes, nursery rhymes with playlist animation 2D and 3D.",,,,2012-01-28,38700,273,65547504,kids|fun|tv|for|learning|education|of|toddlers|learn|colors|suprise|eggs|toys|coloring|pages|alphabets|in|english|train|mr.|bull|episodes,False,False,False,False,0,,50.0,1201.32,656.0,60066.0,262.98,170.0,,,,,,,0.20543070925026224,0.0,0.32141400000000003,0.0005490234375,0.0,0.0,nan,4.587710965018911,,4.166666666666667,
UCvPCxEAFYD6H-AXOcjJk_Xw,TOY MONSTER ©,"Welcome to Toy Monster !  Thanks for watching and don't forget to subscribe!!! :)
",,,United States,2016-04-02,5010,8,917832,Spiderman|Spider-man|inRealLife|IRL|Superhero|Superheroes|Frozen|Elsa|Princess|Anna|Disney|Venom|Prank|Pink|Spider|girl,False,False,False,False,0,,8.0,114729.25,8937.5,917834.0,633.875,183.5,,,,,,,0.20070798860429062,0.875,0.2679625,0.007372368706597212,0.0,0.0,nan,3.699837725867246,,0.6666666666666666,
UC44eGZ76AJLHAxPaJ_MW2RA,TheEngineeringFamily,"TheEngineeringFamily is designed by a husband and wife duo...Mr. Engineer is an experienced engineer who loves exploring new things. Mrs. Engineer is an award-winning teacher with a focus on math and counseling. Finally, we have our Assistant who loves to make videos and create fun stories that make children laugh.

We focus on three things 

Educational Fun - As parents we try to infuse elements of learning into everything that we do.

The Coolest Toys - Not necessarily the most popular but the",,,United States,2012-01-29,6250000,4121,8526570784,Family Fun|Family Fun for Everyone|Outdoor Play|Family time|Games|Family Game Night|Scavenger Hunt|The Assistant|Wiggles|Playing at the park|Science Experiments|Exploring science|family video|family vlog|funny dogs|kids and parents,True,True,True,True,4,VERIFIED_CHANNEL,50.0,284682.28,28751.0,14234114.0,1531.74,1172.0,,,,,,,0.158451380441582,0.66,0.298374,0.020202712673611088,0.6,0.1,nan,6.795880017344075,,4.166666666666667,
UCj3tNa-UCt5Hhpvc4JnZGcQ,MomOf4 Vlogs,"I’m Erin - an American mom with 4 kids that recently moved to Morocco 🇲🇦 with my 2 youngest children. Hit that subscribe button to see all of our adventures living here! 😘❤️ 

3 VLOGS A WEEK [Monday, Wednesday, Friday @ 6PM]

Hit like if you enjoy chill family vlogs, and subscribe for more Morocco adventures!

This channel is intended for general audiences and families, not specifically for children.


✨If you want to support me😊✨: http://buymeacoffee.co...

My reaction channel:   ￼ / @momof4rea",,,United States,2022-07-24,90300,1454,19336182,MomOf4 Reacts|momof4vlogs|momof4 vlogs|erin|american in morocco|camryn|jack|morocco,True,False,False,False,1,,50.0,21179.92,15183.0,1058996.0,968.46,912.5,,,,,,,0.249869671728697,0.4,0.074522,0.014421549479166637,0.36,0.3,nan,4.955687750313506,,4.166666666666667,
UCUkdk5nI1If0-0it-JPrBAw,Mom of 6 Japan,"Hello! I'm Erika, Japanese mom of 6 kids. We’re living in Japan.
In this channel you can enjoy the real daily life of a mother of six children. 5 boys and 1 girl! I also introduce about Japanese culture through my daily life.
I hope you enjoy!
---------------------------------------------------------------------------------------------
Dad: Shuhachi(38)
Mom: Erika(38)
Eito(15)
Sara(11)
Sota(9)
Kyosuke(7)
Haruyuki(5)
Kohachi(2)
---------------------------------------------------------------------",,,Japan,2025-10-28,82200,29,4909232,Daily Life in Japan|Mom of 6 kids,False,False,False,False,0,,29.0,169930.9655172414,101451.0,4927998.0,1402.6896551724137,1204.0,,,,,,,0.07782528487237975,0.0,0.055299999999999995,0.002357294659961669,0.0,0.034482758620689655,nan,4.9148718175400505,,2.4166666666666665,
UCx5SjA82hQIDPdd3uLCssGQ,Big Family VLOG,"     Всем привет от БОЛЬШОЙ СЕМЬИ, в составе папы Валерия, мамы Ирины и наших деток: Марии, Дарии, Марка, Киры, Ольги, Николь и Луки.
     На нашем канале Big Family VLOG мы размешаем различные видео из жизни нашей семьи.

По вопросом сотрудничества: vismut2006@gmail.com
     
🙏 Поддержать Нас / Support Us:
--------------------------------------------------------
👍 PayPal: vismut2006@gmail.com
✔ https://yoomoney.ru/to/410016048042239
✔ https://www.donationalerts.com/r/big_family_vlog
💳 Карта При",,,United States,2011-10-11,479000,2109,99709510,Одесса|море|обзоры|кулинария|рецепты|многодетная семья|vlog|Привоз|сад|огород|юмор|тандыр|мангал|Украина|путешествия|пляжи|обзоры,True,False,False,False,1,VERIFIED_CHANNEL,50.0,6614.98,5768.5,330749.0,1219.68,1031.5,,,,,,,0.22426124734348424,1.88,-0.361072,0.04154531249999997,0.62,0.06,nan,5.680335513414564,,4.166666666666667,
UCMLqsgXvM6Vs0aiegOdrtLQ,Big Big Family in the USA,"Всем Привет! 
Влоги о жизни в США

Сотрудничество на почту 
lenaprosha4@gmail.com

INSTAGRAM Елена: https://www.instagram.com/helenakukharchuk7/
",,,United States,2019-02-04,164000,2938,134569985,многдетная семья|семья|сша|америка|все об америке|американские|магазины|американская|школа|влог|американский|шоппинг|влоговый|семейный канал|купили дом|дом|влог|рум тур|дом в сша|переезд в сша|жизнь в сша|жизнь в америке|покупки в костко|costco|костко|сша влог|реальная америка|шоппинг,True,False,False,False,1,,50.0,24598.08,21907.5,1229904.0,1948.44,1704.0,1.0555555555555556,2.0,0.16666666666666666,0.16666666666666666,1.0,1.2777777777777777,0.2945236097202719,0.26,-0.027565999999999997,0.023857508680555535,0.2,0.1,nan,5.214843848047698,0.23711136440904584,4.166666666666667,0.5350039552245623
UCYY3nXWjUXhMU24XQu4oucg,BIG FAMILY,,,,United States,2021-07-31,75600,291,48701982,,False,False,False,False,0,,50.0,55010.88,41143.5,2750544.0,725.14,656.0,0.3,2.0,0.0,0.46,0.74,0.62,0.3958601861379693,0.0,0.29617,0.04375379774305554,0.34,0.36,nan,4.878521795501206,0.20811961275214047,4.166666666666667,0.39940018308616104
UCFCKt1z8dli47-J5rI5yd3g,BIG FAMILY,"Ciao ragazzi vi aspettiamo a far parte della Big Family ,con tante storie, giochi challenge e scherzi e tanto altro ancora! ci sarà da divertirsi!..🤗Se volete potete iscrivervi al canale per far parte dei nostri Big Amici e diventare una famiglia sempre più grande!non dimenticate di attivare la campanellina 🔔 per non perdervi nessuna nostra avventura è disavventura vi aspettiamo🤗❤️

Per contatti:
giovanna198500@gmail.com",,,Italy,2023-04-17,57500,2391,38445757,,True,True,False,False,2,,50.0,2797.6,1129.5,139880.0,949.32,967.0,0.66,3.0,0.0,0.56,0.84,0.92,0.06585187830388967,0.48,0.046304,0.08877057291666665,0.64,0.04,nan,4.7596678446896306,0.21258511809981245,4.166666666666667,0.48963643991054767
UCmrtxIX1NxdsaOfdGxSl5YQ,The Young Fam,"Hey YT Fam…We are the Young Family! ❤️
Hit subscribe and come do life with us. ✨

Collabs: YoungFamStudio@gmail.com 
",,,United States,2011-06-17,892000,1299,667978970,Family|Real Talk|Marriage|Married Life|Dad Life|Inspiration|Motivation|Inspirational Videos|Wise Words|Coaching|Parenting|Parents|For You,True,True,False,True,3,,50.0,19867.76,13003.5,993388.0,685.62,660.5,0.0,0.0,0.04,0.38,0.1,0.86,0.23666382169471273,0.32,0.18493600000000002,0.027225217013888862,0.68,0.02,nan,5.950364854376123,0.34054349588359456,4.166666666666667,0.3265889033786405
UCGZA0_5LShndtki1B1WCQ3g,Beyond Our Doorstep,"We are Beyond Our Doorstep (formerly The Family Young VLOGS)!

We are a large family of 11 with adopted kiddos, biological kiddos, and quadruplets! We are embarking on a journey of our lifetime.  We are selling everything we own and going on an ADVENTURE AROUND THE WORLD! Thank you for joining us on our journey as we begin in England! www.youtube.com/beyondourdoorstep

Mommy Maxine's Instagram: @maxinelee_y 
Daddy Jake's Instagram: @thebeyonddad
",,,United States,2020-07-06,161000,231,42759710,the family young vlogs|the family young vlog|family young vlogs|family young vlog|family vlogs|family vlog|young family vlogs|young family vlog|quadruplets|quads|quadruplet|quad squad|quad|adoption|foster care|large family|big family|family man|family guy|mom|dad|mommy|daddy|vlogs|vlog|TFYV|TFYV,True,False,False,False,1,VERIFIED_CHANNEL,50.0,7933.1,6204.5,396655.0,798.54,678.0,0.28,2.0,0.02,0.64,0.58,1.18,0.7679264811210639,1.52,0.115086,0.039182812499999976,0.48,0.2,nan,5.20682587603185,0.23573743629083183,4.166666666666667,0.4618306008370547
UCqh9gGUn9Y9Soo94R2qPfcw,Noob Family Vlogs,"We’re Noob Family Vlogs, bringing you real life, unfiltered family fun! From challenges and adventures to behind-the-scenes chaos, you’ll get a front-row seat to our everyday stories and over-the-top moments.

Subscribe and be part of Noob Family Vlogs!

SUBSCRIBE to our new channel: https://www.youtube.com/@TheNoobFamilyisBack
",,,United States,2021-09-25,198000,211,56203312,noob family vlogs|vlogs|challenges|shopping|traveling,False,False,False,False,0,,50.0,77196.82,56615.0,3859841.0,1210.06,1159.5,0.4897959183673469,2.0,0.04081632653061224,0.3877551020408163,0.46938775510204084,1.6734693877551021,0.3898303840186694,1.0,0.124552,0.07287910156249996,0.8,0.18,nan,5.296665190261531,0.1760219883526195,4.166666666666667,0.48412996637608297
UCaj3LX7pAAXqVIuOTLOPc2g,The Family Vlogs,"The Family Vlogs🥰 Thank you so much for visit this channel... to yaha tk aa gaye ho to please Subscribe krdo... kyuki iss channel pe.. Face Reveal + behind the scenes + how to shoot mini kitchen video, Blooper + Lifestyle Vlogs + Traveling Vlogs and Much more entertainment hone vala he 😱 to please Jaldi Jaldi Subscribe kr do 

Thank You 🙏...!! We Love You Guy's ❤️",,,India,2020-11-21,6010,19,163067,mini kitchen vlog|mini kitchen|mini kitchen creator|mini kitchen ovner|mini real food cooking|mini kitchen vlog vlog|face reveal|mini kitchen face|mini kitchen face reveal|miniature cooking chef|mini kitchen chef|mini chef|mini kitchen blooper|mini kitchen face|best vlogs|mini kitchen vlogs|mini kitchen real face|mini kitchen india real face|face reveal mini kitchen,False,False,False,False,0,,19.0,8582.684210526315,1921.0,163071.0,656.3684210526316,641.0,0.47368421052631576,1.0,0.0,0.0,0.47368421052631576,1.6842105263157894,0.5863823048510208,0.0,-0.09304736842105263,0.02947088587353799,0.05263157894736842,0.15789473684210525,nan,3.7788744720027396,0.07812488992063804,1.5833333333333333,0.2782956401178449
UC1CVU1pV2rqs8zSIy_OPPHA,Caleb Kids Show,"Welcome to Caleb Kids Show! Caleb has been making kids videos since he was born! He loves watching kids toy videos on Youtube channels so we decided to make him his own channel for kids fun. We will do pretend play for kids, kids playing with kids toys, kids challenges, mommy and me videos and more fun just for kids! We hope you will enjoy our channel. 

Please Subscribe and Help me by sharing my videos. THANK YOU :) 

",,,United States,2018-09-14,2120000,638,3211149237,caleb|caleb kids show|fun and crazy kids|pretend play|bugs|bug hunt|mud pies|baby shark|caleb and aubrey|caleb bugs|bugs for kids|best day ever,False,False,False,False,0,VERIFIED_CHANNEL,50.0,1803393.86,987829.5,90169693.0,696.14,529.0,0.06,1.0,0.08,0.7,0.24,1.06,0.37896700136176525,1.38,0.344666,0.06213446180555553,0.58,0.3,nan,6.326335860928752,0.28281027879758136,4.166666666666667,0.41224366656258926
UC3KknIJZXRygH2pZ6MDtGbg,Kids Channel - Cartoon Videos for Kids,"Kids Channel is an online educational platform, specializing in graphic videos, nursery rhymes and songs for children. With the help of colors and graceful movement children develop their cognitive capacities, imagination, creativity and logical reasoning. Taking preschool education to the next level our videos go beyond ABC, 123, shapes and colors we teach your preschooler moral values such as friendship, love, caring , sharing and more. Our videos bring to life the toys that your baby plays wi",,,United States,2013-07-12,6900000,2836,4047987644,Kids videos|kids cartoon|cartoons for kids|animation|cartoon|baby cartoons|funny cartoons|nursery rhymes|cartoon video|monster truck|vehicles|car|cars|funny|for children|for kids|kids songs|trucks|car cartoons|kids show|cartoon show|full episodes|kids tv show|learning|education|superhero|fun|colors|abc|numbers|firetruck|shape|toddlers|cartoon for children|cartoons for babies|videos for kids|kids entertainment|baby songs|kids|tractor|bus|learn|3d|toddler,False,False,False,True,1,VERIFIED_CHANNEL,50.0,17154.58,15858.5,857729.0,1206.72,692.0,0.0,0.0,0.0,0.0,0.0,0.16,0.17617206728682025,0.02,0.37892000000000003,0.0074613281249999875,0.0,0.0,nan,6.838849090737256,0.2451129509046049,4.166666666666667,0.21765219344693687
UC5mMf2NE17_MiTL94ihRN2w,Star Light Kids,"Five years ago, having little film experience, we began making videos for kids starring our children and their friends. To our amazement, we’ve grown into a channel with 12 original shows, over 2 million YouTube subscribers, and over 1.5 billion views around the world! Our shows stand out as original, aspirational live-action fun for kids. We feel that as our audience has grown, so has the responsibility that comes with it. So we’ve committed to do everything we can to put kids first.",,,United States,2014-09-23,2410000,449,1886549216,New|Sky|Kids|little heroes|high top princess|kid ninja|little princesses|adventure kids|kids kitchen|original shows for kids|Star Light Kids|Kids Shows,False,False,False,False,0,,50.0,629856.76,126541.0,31492838.0,1142.58,608.5,0.0,0.0,0.023809523809523808,0.6904761904761905,0.0,0.07142857142857142,0.185154392756726,0.14,0.206044,0.02489874131944442,0.26,0.12,nan,6.382017042574868,0.207404399472165,4.166666666666667,0.32372643765635006
UCcULZfOaRdjQo9eQnhOvTLg,All Star Kid Children's Music Channel,"🌟🎉 All Star Kid Magic! 🎉 Join our All Star crew for exciting adventures, fun songs, and educational videos! 🌈✨

All Star Kid is an edutainment (educational & entertainment) brand dedicated to teaching tomorrows youth via music, books, movies & live events!  

The music is from the critically acclaimed All Star Kid THE ALBUM Vol. 1 & A Thankfully Spooktacular Christmas

Listen to both albums on Spotify, Apple/Itunes ,Tidal, Amazon and more! 
https://music.apple.com/us/album/all-star-kid-the-album",,,United States,2021-01-25,238000,393,5800906,#KidsLearning|#EducationalVideos|#Preschool|#LearningForToddlers|#ChildrensSongs|#LearningColors|#AlphabetSongs|#CountingForKids|#EducationalToys #FunLearning|#PreschoolLearning|#ToddlerEducation|#EarlyChildhoodEducation|#KidsLearningVideos|#EducationalCartoons|#LearningThroughPlay|#NurseryRhymes|#InteractiveLearning|#Cocomelon|#blippi|#sesamestreet|#dora|#disney|#graciescorner|#FunLearningActivities|#EducationalGamesForKids|#childrensongs|#earlychildhoodeducation|#oldmacdonaldhadafarm,True,False,False,False,1,VERIFIED_CHANNEL,50.0,1289.64,1281.0,64482.0,9.0,9.0,0.0,0.0,0.0,0.425531914893617,0.0,0.0,0.09194531653461205,0.5,0.018348,0.059299891493055534,0.48,0.1,nan,5.376576957056512,0.2039478620823504,4.166666666666667,0.23758865248226949
UCbZyw49gycS3tZy6xQya0fw,Actor boy sushil," Actorboyy     Sushil      From      ＮＥＰ A L ꔪ

"" BE A PART OF MY YOUTUBE FAMILY "" 

"" VOICE DUBBING \ VOICE OVER \ STORY TELLING \ VLOGS \ REELS  &  LIFE MOTIVATION ""
"" I CAN DO ANYTHING FOR FAMILY "" 
FACEBOOK : Actorboyyy Sushil 
INSTAGRAM : Actorboyy_21

For buiness : sunarsueail@gmail.com 
 

",,,Nepal,2021-04-06,7570,279,1231202,MR. SUSHIL07|Sushil|mr sushil07|Sushil vlog|actor boy sushil|actor boy|Actor vlog|Sushil Actor|Daily vlog actor|Actor boy sushil|Actor family|Actor|Sushil Actor|Actrorboyy 21,False,False,False,False,0,,50.0,2231.32,495.5,111566.0,350.7,334.0,0.42,2.0,0.0,0.06,0.12,0.96,0.32442321902661087,0.58,0.117912,0.04188654513888887,0.46,0.12,nan,3.8790958795000727,0.0698602244211682,4.166666666666667,0.31316080654220196
UCT-eeAawywE0UG_qvoA_HBQ,Actor Ashwanth,"Ashwanth (Ashwanth Ashokkumar) Born 15 September 2011 is an Indian film and television Child Actor.

Ashwanth's first debut film Super Deluxe. Directed by: Thiagarajan Kumararaja and then he starred as a lead child actor in the film industry.

TELEVISION:
1, Junior Super Stars | Reality show
2. Mella Thiranthathu Kadhavu | Drama
3. Senior Junior | Reality show

ADD FILMS:
1, VIVO IPL-2018 (Star Sports)
2, Britannia Milk Bikis (TVC)

FILMOGRAPHY:
1, Super Deluxe as Rasukutty
2, Airaa as Babloo
3,",,,India,2017-03-27,36500,269,7493899,Ashwanth|ashwanth comedy|ashwanth interview|ashwanth junior super star|zee tamil ashwanth comedy|mella thiranthathu kathavu ashwanth comedy|Super Deluxe Rasukutty|Rasukutty,True,False,True,True,3,,50.0,25740.24,2740.5,1287012.0,239.74,113.5,0.08,2.0,0.28,0.52,0.22,0.2,0.19266774310878929,0.04,0.17727199999999999,0.035934129050925905,0.32,0.02,nan,4.562292864456475,0.32756521507063874,4.166666666666667,0.30062919590173537
UCbZgDzTkBQMkPWYBFESJ3sQ,That YouTub3 Family - The Adventurers,"You can get The Adventurers Merch here: https://theadventuresguide.com/

Welcome to that YouTub3 Family!  We are a fun, crazy, and loving family that likes to do outrageous things together.  We encourage families to spend time together playing everyone's favorite childhood games as seen in videos throughout our channel, to go explore their world and have an adventure together, finding new ways to connect. We hope that you find our videos inspirational and that they will encourage you to GO PLAY!",,,United States,2015-05-24,3580000,1728,2275703372,the youtube family|that youtube family|that youtub3 family|the adventurers|hello neighbor|floor is lava|sardines|hide and seek|poison river|ghost in the graveyard|childhood games|tag|the bandits|the dollmaker|the nutcracker|magic spell book|24 hours|ball pit|playground wars|groundies|lava monster|four square|red rover|family|fun|games|baking,True,False,True,True,3,VERIFIED_CHANNEL,50.0,47084.9,34872.0,2354245.0,1333.84,1238.5,0.0,0.0,0.0,0.0,0.6923076923076923,0.6153846153846154,0.2267559529138775,1.14,0.105784,0.037735416666666646,0.74,0.12,nan,6.553883026643875,0.39798792165641383,4.166666666666667,0.3088466935650916
UC1Az_80tfW-1uEQBlUGXnww,Epic Family Road Trip,"Hello world, we are the van Stralen family! 

We are a family of 5 who sold everything except our Jeeps to drive around the World guided by our core values that had helped us find success in business and in life -  WORK, PLAY, CARE.

For us CARE means to “Create A Remarkable Experience” and we do this by leaving the people we meet and the places we visit a little better than we found them.

We've enjoyed amazing experiences so far like helping rescue 120 Pilot Whales that were stranded on a remo",,,Canada,2012-02-14,285000,604,40342024,EPIC|Family|Road|Trip|Work|Play|Care|Adventures|CARE Leadership|family full time travel|family road trip|epic family road trip|travel family|overland|overlanding|car camping|work play care|jeep wrangler|EFRT|OFFGRID|off grid|off grid cabin,True,False,False,True,2,,50.0,39801.52,32933.5,1990076.0,2314.56,2094.0,,,,,,,0.22675527410357904,0.18,0.096032,0.018327061631944423,0.22,0.48,nan,5.45484486000851,,4.166666666666667,
UCWdE00ZmF4BATCgGgo92Mew,@The Millitary Family ,"🙏নমস্কার বন্ধুরা, আমার চ্যানেলে আপনাদের স্বাগত❤।

Buisness contact - payelpreet2021@gmail.com (paid promotion)
",,,India,2023-06-18,466000,827,360637176,Kitchen|Cooking|Notun notun ranna|Bangali ranna,False,False,False,False,0,,34.0,8231.764705882353,5901.5,279880.0,481.1764705882353,496.0,0.2857142857142857,1.0,0.0,0.047619047619047616,0.5714285714285714,1.1904761904761905,0.00048216007714561176,0.029411764705882353,0.08921470588235295,0.0695767271752451,0.47058823529411764,0.029411764705882353,nan,5.66838591669,0.13157971733900528,2.8333333333333335,0.29017128718012797
UCniCPy-kRxYshisooylV--g,Earls Family Vlogs,"We are a growing family of SIX! We have four boys, Leo, Wyatt, Truett & Atticus. Our family loves to laugh and live by the saying Rachel started in our vlogs: ""Love God, Love People, Make a Difference & Be Thankful.""

To read more about our story buy our book: A Higher Calling: Pursuing Love, Faith & Mount Everest 

Check out our foundation to give back to those in need in our Youtube Community ""The Earls Fam"": www.earlsfam.org

Subscribe to join the most amazing community on youtube: The Earls ",,,United States,2014-09-28,541000,877,64763603,Pregnancy|I’m Pregnant|Newborn Baby|toddler|family vlogs|family vloggers|2 under 2|pregnancy journey|pregnancy week|newborn|parenting|labor and delivery|christian vloggers|pregnancy vlog|soldier|cute couple,True,False,True,True,3,VERIFIED_CHANNEL,50.0,35592.38,21901.0,1779619.0,859.98,738.5,1.16,3.0,0.06,0.36,1.56,1.28,0.1846402051836489,0.98,-0.009847999999999999,0.07961684027777775,0.64,0.06,nan,5.733197265106569,0.34841156221712766,4.166666666666667,0.5843226879528581
UC1vyr5sGa-vcl7nDVMj1s_A,The Mummy Vlogger,"Here, I share realistic clean with me videos and the ups and downs of real mom life. From tackling messy rooms to balancing chores with motherhood, I’m all about sharing honest cleaning motivation for busy moms. You’ll also find home decor tips, DIY projects, and fun hauls to inspire you to create a cosy, functional space on any budget.

My name is Chevonne and I am a mum to 3 children ages 14, 8 and 2 years old. My house is never tidy for more than 5 mins and I am constantly looking for new org",,,United Kingdom,2017-11-22,45000,341,6950560,clean with me|cleaning motivation|stay at home mom cleaning motivation|realistic cleaning videos|mom life|mum life|the mummy vlogger|adhd cleaning|adhd body doubling|body doubling|adhd clean with me|overwhelmed|cleaning motivation 2025|homemaker|homemaking|stay at home mum,True,True,False,True,3,,50.0,21153.72,14185.5,1057686.0,1275.44,1226.0,0.2,1.0,0.26,0.04,0.86,0.78,0.6829855940506103,0.36,0.318388,0.016391948784722204,0.16,0.14,nan,4.653212513775344,0.37020248442524956,4.166666666666667,0.3586788315554243
UCKmK7BiD-WGWAmCxEG9__ew,Abi Firoz -Mommy Vlogger,"Hi❤ Welcome to my youtube Family🥰

I am Abi Firoz. 
From Kozhikkod (Malabar-Kerala) living in Bahrain.

I am a Passionate Chef..Winner of Many Indian & International Cooking Competitions❤ Alhamdulillahh!(Thank God)

Through my Channel,I Like to Share Varieties of yummylicious recipes, Kitchen tips, Glimpses of my life style,Travel & The Good lessons I learn through my Experience.....❤

Here you can find lots of Easy to Prepare Recipes,
My innovations , Typical Kozhikkodan &Malabar dishes , Keral",,,Bahrain,2018-09-16,541000,702,56539368,Mommy|Vlogger|Mommyvlogger|mommyvlogger|abifiroz|abi|mommyvlogger abifiroz,True,True,False,True,3,VERIFIED_CHANNEL,50.0,1549.7,1187.0,77485.0,199.3,208.0,0.0,0.0,0.04081632653061224,0.0,0.0,0.40816326530612246,0.06069022957896625,0.0,0.28709,0.012600347222222204,0.04,0.04,nan,5.733197265106569,0.3364727867069236,4.166666666666667,0.20478646450396853
UC_8BKDmjs7jWcjtxOUq9xmg,Hustle at Home Mom,Welcome to my channel! Take a peek into my life as a mom and eBay seller! I'm excited to share my journey with you in the hopes that it helps you grow your own business. Enjoy!,,,United States,2017-01-14,244000,406,33153462,Ebay Seller|Ebay|Selling online|Make money from home|entrepreneur|small business|mompreneur|work at home mom|work from home mom|stay at home mom|selling on ebay|start a business|start a business on ebay|frugal mom|poshmark|ebay reseller|reselling|mom business|business at home|fashion reseller|goodwill outlet|goodwill|thrifting|thrifter|pallet haul|auction finds|yard sale|garage sale finds|yard sale haul|treasure hunting|trash to cash,True,False,False,True,2,VERIFIED_CHANNEL,50.0,108604.34,92590.5,5430217.0,1672.16,1692.5,0.725,1.0,0.075,0.0,0.0,2.125,0.3339692864416455,1.26,-0.069616,0.03940047743055553,0.46,0.06,nan,5.38738982633873,0.2714806374834838,4.166666666666667,0.45804180136353634
UCvC7J4fzgzv2UL6ysQzS0-g,The Dad Vlog,"Welcome folks! My name is D’Anthony. 

I make my definition of lifestyle content with 2 kids and a wife. 

I created the Dad Vlog to be a data point for what these interactions can look like. 

Facebook: The Dad Vlog
Instagram: dad_vlog",,,United States,2014-02-01,20900,699,5077426,fatherhood|black fathers|black fathers podcast|dop dads|blacklove|dad vlog|family vlog|fatherhood journey|parenting vlog|dad life|black dad vlog|relatable parenting|everyday dad moments|family adventures|real-life parenting|modern fatherhood|family lifestyle|parenting stories|father-son bonding|dad humor|family challenges|parenting tips|working dad|lifestyle content|parenting wins and fails|dad and family lifestyle.,False,False,False,False,0,,50.0,142.06,67.0,7103.0,285.72,212.0,0.3,2.0,0.0,0.18,0.38,0.54,0.2368540025974094,0.0,0.11181200000000001,0.015134895833333318,0.14,0.0,nan,4.320146286111054,0.05019143249976302,4.166666666666667,0.3056301325276249
UClrJNVolt8PHT7o9HDkV-Bw,Village Cooking Boy,"👨‍🍳 Chhota Chef
Haste Raho😂 Khush Raho✨
📩 business.villagecookingboy@gmail.com 
Account managed and supervised by Parents!

This channel features authentic village-style cooking tutorials and recipes. Videos may include knives, fire, and other kitchen tools, so adult supervision is required for children. 

Our content is intended for general audiences who love cooking and learning new recipes, not for children’s entertainment. 

Subscribe to learn step-by-step cooking and enjoy delicious, authen",,,India,2020-05-16,3060000,118,3483465100,village cooking boy|cooking channel|village cooking channel|village cooking|cooking by boy|cooking fun|indian cooking|cooking|traditional cooking|entertainment|foodies|food|village food|natural food|village|indian village|thevillagecookingboy,True,False,False,True,2,VERIFIED_CHANNEL,21.0,55714.666666666664,52426.0,1170008.0,216.1904761904762,215.0,0.0,0.0,0.0,0.0,0.047619047619047616,0.047619047619047616,0.08160488595564412,0.0,0.0,0.030796079282407372,0.5714285714285714,0.6666666666666666,nan,6.48572142648158,0.5271424013231061,1.75,0.06550651406721494
UCbprhISv-0ReKPPyhf7-Dtw,Science Max - Scholastic,"Have you ever done a science experiment and wondered “What would this be like if it were HUGE?” Welcome to Science Max, the exciting new series that turbocharges all the science experiments you’ve done at home.",,,Canada,2016-10-04,534000,687,163739965,Science|Experiments|Cool|DIY|Awesome,False,False,False,False,0,,50.0,16169.66,12514.0,808483.0,2885.24,2884.0,0.0,0.0,0.0,1.0,0.0,0.0,0.18016302939416268,0.02,-0.004940000000000001,0.018442708333333314,0.2,0.08,nan,5.727541257028556,0.15275705312192572,4.166666666666667,0.4256358910176181
UCcdwLMPsaU2ezNSJU1nFoBQ,Baby Shark - Pinkfong Kids’ Songs & Stories,"Welcome to Pinkfong's official YouTube channel. Meet Pinkfong’s fun, educational videos that captured the hearts of millions of children around the world.

Subscribe to Pinkfong Baby Shark’s channel for kids’ favorite songs & stories created by professionals in child education.

Follow Pinkfong on social media for new updates and free promotions.
★ Website: https://www.thepinkfongcompany.com/
★ Twitter: https://twitter.com/pinkfong
★ Instagram: https://www.instagram.com/pinkfong.official
★ Faceb",,,United States,2011-12-13,84500000,3851,55186062746,pinkfong|kids songs|kids stories|nursery rhymes|fairy tales|pinkfong|family|kids|children|toddlers|babies|kids education|education for children|preschool learning|videos for kids|kids videos|songs for kids|songs for children|nursery rhymes|baby shark|baby shark dance|pinkfong|family|kids|babies|videos|videos for kids|kids videos|kids animation|songs for kids|songs for children|nursery rhymes|baby shark for kids|بيبي شارك|shark song|เบบี้ชาร์ค|baby,False,False,False,False,0,AUDIO_BADGE,50.0,2056075.72,1044580.0,102803786.0,1485.36,436.0,,,,,,,0.17356405176154557,0.12,0.22503,0.015756467013888872,0.06,0.0,nan,7.926856708949693,,4.166666666666667,
UCA4plE8LqhERSNUiYDuVUFg,Nursery Rhymes TV,"Nursery Rhymes TV is YOUR destination for babies, toddlers, kindergarten & preschoolers to SING, LEARN, NURTURE & PLAY! 

We are based in the UK and offer traditional & modern nursery rhymes as well as fantastic original songs - all made to entertain and educate whilst (of course) being super fun! 

We also bring you music education and learning videos, musical instruments, colors/colours, numbers, the ABC, phonics, vocabulary, learn English, shapes, animals, counting 1 to 10, singalong, karaoke",,,United Kingdom,2012-09-19,258000,249,194596981,rhymes song|nursery rhymes|kids videos for kids|kids songs|preschool learning|kids nursery rhymes|rhymes songs|rhymes for children|nursery rhymes song|nursery song|children rhymes|rhymes nursery|english song for kids|rhymes for children english|kids rhymes|children nursery rhymes|preschool song|kindergarten song|baby songs|kindergarden|baby nursery rhymes|for toddlers|for kindergarten|preschool|esl english|music for kids|music for children,False,False,True,True,2,,50.0,570309.22,189385.5,28515461.0,1309.06,660.5,,,,,,,0.36105327725511943,0.18,0.171676,0.018904969618055545,0.04,0.0,nan,5.41161970596323,,4.166666666666667,
UCv7TYWhF5jhtuY3FDPf06Aw,Kids Channel Nursery Rhymes and Baby Songs,"Kids Channel Nursery Rhymes and baby songs is home to various popular kids rhymes both new & classic that educate & entertain toddlers. They'll enjoy singing and dancing to our wonderful collection of 3D animation videos including Baby Shark, Johny Johny Yes Papa, Twinkle Twinkle Little Star, Wheels on the Bus, ABC Song, Colors song & many more!

Our preschool videos have been created to make learning fun, impart family values & encourage healthy habits. Parents will realise that our channel is ",,,United States,2014-10-30,1170000,1119,833053316,kids channel|nursery rhymes|baby songs|childrens music|cars|cartoon|baby shark|wheels on the bus|kids tv|baby|kids|toddler|sing along|education|entertainment|kid|kids videos|videos for kids|cartoons for kids|nursery|animation|nursery|nurseryrhymes|babysongs|abc|123|colors|cartoon for kids|baby song|kids songs|animal sounds|story time|baby care|songs nursery|song kids|boo boo song|children story|rhymes baby|pre school videos|song abc|song kid,False,False,False,False,0,VERIFIED_CHANNEL,50.0,35000.7,13138.0,1750035.0,1233.14,710.5,,,,,,,0.1787024788468411,0.06,0.31484,0.04350323350694443,0.18,0.0,nan,6.068185861746161,,4.166666666666667,
UCx3RchaoRFpDpB60x7xRREw,Meekah - Educational Videos for Kids,"Explore the wondrous world with Blippi and Meekah. There are so many exciting things to see and learn. Feed your kids’ curiosity while they learn about vehicles, animals, the natural world and so much more. Blippi and Meekah help aid children‘s understanding of the world and encourage vocabulary development. Join the adventures as Blippi and Meekah visit exciting places such as children’s museums and the zoo! They love singing, dancing, playing and exploring. Their contagious curiosity engages y",,,United States,2022-03-01,6080000,1190,5227628891,blippi|blippi videos|blippi buddy|blippi and meekah|safari for kids|meekah|blippi zoo animals|blippi jungle animals|educational videos for kids|learning for kids|blipi|blippy|blippi visits|blippi explores|kids tv shows|kids|educational|education|learning|blippi|new blippi|blippi colors|learn colors|blippi museum|blippi science|science for kids|meekah|meeka|mikah|mika|blippi and meekah|blippi and friends,True,True,False,True,3,,50.0,146815.32,126504.5,7340766.0,5202.5,3864.5,0.023809523809523808,1.0,0.30952380952380953,0.5952380952380952,0.23809523809523808,0.09523809523809523,0.18797856240670846,0.76,0.223722,0.07661085069444443,0.82,0.1,nan,6.783903579272735,0.48031941306157094,4.166666666666667,0.46002880889486125
UCpnDeduW4x-ww_UOaUAH6WQ,Kids Tv - Preschool Learning Videos,"Kids TV Preschool Learning is home to various popular nursery rhymes & kids songs featuring Bob the Train, Super Supremes, Junior Squad & more that educate & entertain toddlers & preschoolers through music & story-telling! Children can sing along to rhymes for kids & baby songs like Baby Shark, Wheels on the Bus, Johny Johny Yes Papa & more!

Our animated videos for kids have been created to make learning fun, impart family values & encourage healthy habits while entertaining our babies, toddler",,,United States,2013-10-03,2200000,1481,1801224799,nursery rhymes|songs for babies|kids songs|kids tv|abc|baby|funny|cartoons|rhymes|kids|preschool|kindergarten|videos|songs|education|youtube|children|babies|nursery rhymes|baby songs|abc song|kids songs|kids tv preschool|childrens songs|animal song|for kids|baby cartoon|kids tv|baby shark|for babies|for toddlers|animal sounds|animal cartoon|kids rhymes|songs for kids|boo boo song|baby videos|kids videos|kids show|jingle bells|kids videos|song,False,False,False,True,1,VERIFIED_CHANNEL,50.0,30941.02,24424.0,1547051.0,937.54,752.0,0.0,0.0,0.041666666666666664,0.0,0.0,0.0,0.17560675292918826,0.0,0.127122,0.029851540798611097,0.08,0.0,nan,6.342422680822207,0.2294298574660013,4.166666666666667,0.19646481178396072
UCWIXaSAwhR0KvMqZMdkolaA,Family Lifestyle ,"



---

Welcome to [Family lifestyle]!
Join us as we share our everyday family adventures, from fun activities and home projects to parenting tips, family routines, and healthy living. Whether it's crafting DIY projects, cooking together, or exploring exciting places as a family, we're here to inspire you to make the most of every moment with your loved ones.

What you'll find on our channel:

Family vlogs and adventures

Simple and delicious family recipes

Parenting advice and experiences 

W",,,,2025-05-10,82000,924,2004984,,False,False,False,False,0,,8.0,41.142857142857146,24.0,288.0,279.5,246.5,0.125,1.0,0.0,0.25,0.375,0.25,0.21963548862798846,0.25,0.24252500000000002,0.0017518446180555501,0.0,0.125,nan,4.913813852383717,0.1260465312811092,0.6666666666666666,0.11009533838022385
UCrXQvORCzycJ9mwE0bsLibQ,Daral - Iranian lifestyle,"Hello dear friends, welcome to the Daral channel.
In this channel, you will witness the adventures of Amir's family in the heart of nature.
We haven't been active on YouTube for a long time, but thanks to your kindness and support, we are now a family of 100,000 subscribers. We greatly appreciate your love and thank all of you dear friends for it.
We hope to take you into the embrace of nature for a few minutes, away from the hustle and bustle of cities, and convey a good feeling to you.
We wish",,,,2023-03-26,214000,1080,158605999,,False,False,False,False,0,VERIFIED_CHANNEL,50.0,71323.52,70384.5,3566176.0,4714.38,4677.5,,,,,,,0.14961949289094767,0.32,0.15373599999999998,0.007457508680555533,0.04,0.8,nan,5.330413773349191,,4.166666666666667,
UCnxJqjEqrGGQe2OAHiHd0Eg,Sarah • Family Life | Cozy Home & Lifestyle 🤍,"Sharing cozy home life, family routines, easy meals, and simple living inspiration - warmth and charm in every day ✨ 

Family of 10 | Victorian Home Living 🤍

I’m a homemaker and mama sharing everyday life, from home routines and cooking from scratch to cleaning tips, cozy decor, and lifestyle inspiration.

Here, we celebrate warmth, intentional living, and the little moments that make a house a home—creating a space full of charm, comfort, and joy.

Subscribe for weekly inspiration on family li",,,United States,2012-05-21,14500,136,1009847,cozy fall|fall vibes|cozy autumn|autumn cozy|cozy fall day|cozy fall vibes|cozy fall day vlog|cozy early fall day|cozy fall aesthetic|cozy fall day in my life|cozy fall decor|simple living|simple life|slow living|simple living tips|living simply|living a simple life|simple slow living|the art of simple living|motherhood|slow motherhood|simple motherhood|motherhood or career|how to love motherhood|reality of motherhood|navigating motherhood,True,False,False,False,1,,50.0,11493.62,7322.5,574681.0,1092.26,1079.0,,,,,,,0.17531367424056124,0.06,0.11443400000000001,0.01871623263888887,0.16,0.04,nan,4.161368002234975,,4.166666666666667,
UC7zOxS8nYX214NlGa1ywNIw,Isaac Family Lifestyle ,"Welcome to Isaac's family lifestyle Youtube channel.  We are a simple modern family of 6, and we live in Germany. We just want to share our lifestyle with you.",,,Germany,2022-10-15,2810,226,3549831,,False,False,False,False,0,,50.0,461.02,164.5,23051.0,503.5,432.5,,,,,,,0.07940454680665661,0.18,0.351188,0.022780056423611094,0.3,0.0,nan,3.44870631990508,,4.166666666666667,
UCUg7EafRUm0RPzrrxoQJhjw,JOE BREEZY LIFESTYLE & FAMILY,"Welcome to JOE BREEZY LIFESTYLE & FAMILY channel. We’re all about celebrating the art of everyday living. This channel brings you content that inspires, motivates, and helps you live your best life.
✨                                             ✨                                             ✨
Join our growing community and discover new ways to make every day extraordinary. Don’t forget to subscribe and hit the bell for Daily / weekly inspiration!

Let’s create a life you love, together. 💫❤️
",,,Kenya,2017-10-07,44200,27,791777,DIANA BAHATI|DIANA MARUA|BAHATI KENYA|BAHATI|THE J&E FAMLY|THE ACE FAMILY|THE WAJESUS FAMILY|BAHATI THE ALBUM|RISS AND QUAN|LOVE|YOUNG COUPLE|RELATIONSHIP|COUPLE GOALS|DJ DIBUL|DOREA CHEGE,True,False,False,True,2,,20.0,38506.7,11304.0,770134.0,1399.85,1316.0,,,,,,,0.9992857142857143,0.0,0.37178999999999995,0.03484000651041665,0.4,0.0,nan,4.645422269349092,,1.6666666666666667,
UCt_KDu-DtBqvIw7X-V7mlmQ,Pari's Lifestyle,"Hello friends, I am Pari and this account is all about fun Masti and Entertainment Purposes. We have 12+ Million Subscribers on YouTube. Active in video creations on fun, Family drama, comedy, challenges, moral stories Brand Collaboration and much more.  

If you love YouTube Shorts videos, then you should check out Pari's Lifestyle Shorts on YouTube. Link in the below! Go Check it!
https://www.youtube.com/channel/UCWBf_sbrlRFb0PgSPC3mXNA

Thanks a lot for showing so much love to our channel so ",,,India,2018-11-26,13800000,928,9378221955,pari's lifestyle|paris lifestyle new video|pari new video|pari vala cartoon,True,False,False,True,2,,50.0,725525.72,640817.5,36276286.0,624.34,602.5,,,,,,,0.23137405451227316,0.8,-0.384292,0.05395954861111108,0.54,0.08,nan,7.139879086401237,,4.166666666666667,
UCi5_GXxKjgiW0oWAMYBnNIA,prabhati family lifestyle,"ଜୟ  ଜଗନ୍ନାଥ , ମୁଁ prabhati family life style, ସାରା ଓଡିଶା ବାସୀ ଙ୍କ ହୃଦୟରେ  ମୁଁ ରହିବାକୁ  ଚାହୁଁଚି, ମୁଁ ମୋର  struggle lifestyle, cooking travelliing ସବୁ  ମୋ chennal ମାନେ ଆପଣଙ୍କ  share କରିବି, vdo ଗୁଡିକ  ନିହାତି ଦେଖନ୍ତୁ, ଭଲ  ଲାଗିଲେ ସମସ୍ତଙ୍କୁ share କରିଦିଅନ୍ତୁ, like, subscribe  କରିଦେବେ ଦୟାକରି 🙏🙏🌹🙏🙏",,,,2023-01-22,9180,1786,5029246,,False,False,False,False,0,,50.0,151.0,130.5,7550.0,670.44,647.5,,,,,,,0.05261901120841781,0.0,0.24522,0.020634049479166642,0.22,0.02,nan,3.9628426812012423,,4.166666666666667,
UCTk9yzZAXir64WOpXt5DosA,Family Traveler அமெரிக்க VLOGS,"We love traveling together as a family. We (Satish, Swetha) are from Chennai, Tamil Nadu, India and currently residing in USA. SUBSCRIBE (it's free) to follow our travel!

I share travel, life style, cooking, recipe, shopping, grocery, organization, review and day in my life videos.

Shop my Favorite items in Amazon:
https://amzn.to/3X1zsCo

☼ WANT TO FOLLOW ALONG OUR JOURNEY AND SUPPORT US ? :

🔻🔻S U B S C R I B E 🔻🔻
https://bit.ly/2GVwEjq

Don't forget to turn notification bell on so you WON'T",,,United States,2018-10-08,120000,917,44672001,FamilyTravelerVLOGS|tamil|USA|tamilvlogger|tamillifeinusa|tamillifeinnewYork|tamilvlogs|vlogs|tamillife|US|lifestyle|UShome|HOMEinUSA|NewyorkHome|NRI|Indianamerican|Vlog|america|tamilhome|USAHome|newyork|kitchen|organization|nrimomlifestyle|night time routine|pantry|cooking|food|recipes,True,True,True,True,4,,50.0,14390.9,12608.0,719545.0,1408.3,1478.0,0.0,0.0,0.1,0.0,1.0,0.65,0.1835757191353385,0.24,0.24145200000000003,0.03240525173611108,0.46,0.22,nan,5.079181246047625,0.4436693406020611,4.166666666666667,0.33679497390386004
UCN2FNjALOC1OoryKcssOi5Q,The Sangwan Family,"Hi Viewer, 
Thanks for watching my channel and coming until here to find out more about myself or about my channel. 
We create funny videos, travel Vlogs, health related videos and informative videos for the wider audience. The only purpose of this channel is to spread happiness, show around various places via Vlogs and provide informative knowledge to the viewers. 

If you like my videos then please do subscribe my channel and i promise you won't regret that. 

For any queries personal/business",,,United Kingdom,2014-01-12,824000,524,101062412,Indian Vlogger|Indians in England|Youtuber|Indian Youtuber Lifestyle|vlogs|Indian Students in England|Student visa|lifestyle|career|Study in UK|Indians in UK|Jobs in UK|UK jobs|passive income,False,False,False,False,0,,50.0,49272.48,44162.0,2463624.0,922.08,929.5,0.22,2.0,0.0,0.2,1.06,1.12,0.5740619133367061,0.0,0.22062400000000001,0.05459735243055553,0.66,0.02,nan,5.915927211697116,0.14123292699652243,4.166666666666667,0.417488705427801
UCPu78bdv1WY6b9Kk7xixhQw,The Ingham Family,"We’re the Ingham Family — Chris, Sarah, Isabelle (20), Esmé (16), Isla (13), Jace (6), Mila (4), Aurora (2), and our pup Prinny. We're a UK family splitting our time between England and Dubai, sharing our lives through daily vlogs (6 days a week). We're all about homeschooling, family fun, and making memories while traveling the world — especially in our self-converted Sprinter van! #vanlife 

Subscribe to join the #IFAM and follow our adventures.





",,,United Kingdom,2011-10-29,1380000,3459,703754714,Ingham|Family,False,False,False,False,0,VERIFIED_CHANNEL,50.0,25213.4,23595.0,1260670.0,1577.06,1546.5,0.5,2.0,0.0,0.3333333333333333,1.0,1.0666666666666667,0.22961497462718441,0.66,0.10137799999999998,0.04868964843749997,0.36,0.04,nan,6.139879086401237,0.16015011783347805,4.166666666666667,0.47964279920912456
UC-hM2NaWyPAVTp5aiDZttkA,UK Family Vlog,"Who Are The UK Family Vlog?

We are the Kilgariff Family from Stoke on Trent in the UK. We have been uploading on YouTube since August 2014, since recording daily our family has grown, as well as capturing the good and the bad moments.

We are Dave (Dad), Emma (Mum), Liam (16), Ryan (11), Sophie (7), Isla (4), Darci (1), also Toby The Dog and Poppy The Cat will make the odd appearance during the vlogs.

Hope you enjoy watching the glimpse into the fun and laughter of our sometimes crazy family l",,,United Kingdom,2014-08-12,8730,0,0,UKFV|UK family vloggers|UK Family Vlog|ukfamilyvlog|surprise|family vlog|family vlogger|family life|uk family|Parenting|Parents|Parent|Dad|Mum|Mom|Family|Brother|Sister|Challenge|Challenges|Craft|Making|Cooking|Art|Hack|DIY|Fun|British|Viral|Transgender|Real Life|Traveling|Gender Dysphoria|College|School|Family UK|Family UK Vlog|British Accent|Video Dairy|Reality TV|Daily|Vlogger|Funny|Crazy|Happy|mummy|Family Friendly|Dave|Emma|Liam|Ryan|Sophie|Isla|Darci|Toby|Poppy|My Family,True,False,True,True,3,VERIFIED_CHANNEL,,,,,,,,,,,,,,,,,,,nan,3.9410142437055695,,,
UCa34wX6lIoc6tyQENlvjg6g,Being UK  Family Vlog,"ಹಾಯ್ ಫ್ರೆಂಡ್ಸ್ ಹೇಗಿದ್ದೀರಾ? ನಮ್ಮ ಚಾನೆಲ್ ಗೆ ನಿಮಗೆ ತುಂಬು ಹೃದಯದ ಸ್ವಾಗತ, ನಮ್ಮ ಚಾನೆಲ್ ನಲ್ಲಿ ನಿಮಗೆ ಕನ್ನಡ ಕಾಮಿಡಿ ಕಾರ್ಟೂನ್ ವಿಡಿಯೋ ಮತ್ತು ನಮ್ಮ ಮನೆಯಲ್ಲಿ ನಡೆಯುವಂತಹ ಅತ್ತೆ ಸೊಸೆ ಜಗಳದ ಕಾಮಿಡಿ ವಿಡಿಯೋ ಮತ್ತು ಸ್ಕೂಲ್ ನಲ್ಲಿ ಮಕ್ಕಳ ತರಲೆ ಕಾಮಿಡಿ ವಿಡಿಯೋ ಗಂಡ ಹೆಂಡತಿಯ ಪರಸ್ಪರ ಪ್ರೀತಿ ಮತ್ತು ಜಗಳದ ಕಾಮಿಡಿ ವಿಡಿಯೋ ಹಾಕುತ್ತೇವೆ ನೋಡಿ ಪ್ರೋತ್ಸಾಹಿಸಿ ಇನ್ನೂ ಹೆಚ್ಚಿನ ಕಾಮಿಡಿ ವಿಡಿಯೋ ಗಳಿಗಾಗಿ ನಮ್ಮ YouTube ಚಾನೆಲ್ಅನ್ನು subscribe ಮಾಡಿಕೊಳ್ಳಿ ಮತ್ತು ನಮ್ಮ ಸೋಶಿಯಲ್ ಮೀಡಿಯಾ ಲಿಂಕ್ ಗಳನ್ನು ಕೊಟ್ಟಿರುತ್ತೇನೆ ಫಾಲೋ ಮಾಡಿ ಇಂತಿ ನಿಮ್ಮ ಪ್ರೀತಿಯ ಶಾಂತಕ್ಕ urf (ಪ್ರಿಯಾ ಮಂಜುನಾಥ ಅಂ",,,India,2021-05-16,181000,1419,122602030,Kannada Cartoon|Kannada Comedy Cartoon|Kannada Moral Stories|Kannada Vlogs|Kannada joke's|Kannada funny video|Vagatu galu|Karnataka|Kannada reels|Cartoon Kannada|Kannada Cartoon channel|Malnad Kannada Cartoon channel|Kannada Cartoon Stories|Cartoon Story in Kannada|Stories Kannada|horror stories in Kannada|Ghost stories in Kannada|Atte sose comedy|Atte sose stories in Kannada|comedy stories in Kannada|Family|Being UK Family vlog,True,False,False,True,2,,50.0,53004.7,53736.5,2650235.0,794.82,802.0,,,,,,,0.00182417582417582,0.0,0.015158,0.009698697916666638,0.0,0.02,nan,5.2576785748691846,,4.166666666666667,
UCtg19lKuAVJpxn-Xhv-WLTA,Priti’s family in Uk vlog,"Hello dear 
To all my YouTube family.
This channel is all about on well organised lifestyle without any family and friends support, also about simplicity because I believe only one thing is that, Honestly is your good and and true friends.
Please consider to do Subscribe to my channel for new videos it is completely free and it's means a lot to me.
Thank you 🙏 
 
 Follow me on 
My Facebook page link:
https://www.facebook.com/Pritis-family-in-Uk-vlog-108573835021948/

My Instagram Link: http://ww",,,United Kingdom,2019-08-12,1840,1095,533254,Priti’s family in Uk vlog|Deep's all in one channel|Cooking|Twinsmom|Daily activities|indianfamilyinuk|Every day homemaker ladies life|Workingmominuk|Nriworkingmom|Organizeddailylifewithoutfamilysopport|Besan Laddu|Jabkoisabjinahotoyebanaye|Nishamadhulika|Masalakitchen|4kidsmothor|14wedding anniversary|Weekly grocery shopping haul|Uktoindiatravel|Raksha ki rasoi|cookwithparul,True,False,False,True,2,,50.0,266.8,248.0,13340.0,1427.46,1411.5,,,,,,,0.08707449379689874,0.0,0.248536,0.02064704861111109,0.24,0.08,nan,3.2648178230095364,,4.166666666666667,
UCYoiQfqe0J6J6BID0J6JTPg,Fil British family vlogs,"Welcome sa aming munting tahanan
Simpleng buhay namin dito sa UK

Please don’t forget to subscribe my channel and like my video 
Thank you all 

Add me on
Facebook:Jhen Percival 
Instagram:Bisdak&british _Fam



April 1, 2019——-393 Subscribers 

May 25,2019————-1000subscribers",,,United Kingdom,2018-07-03,52300,2153,16316539,,False,False,False,False,0,,50.0,2255.0,1916.5,112750.0,1097.1,1135.0,,,,,,,0.9971428571428571,0.1,-0.350126,0.029615473090277757,0.22,0.04,nan,4.718501688867274,,4.166666666666667,
UCxq523tQwXhcgDDqBuwoiMQ,Lovleen Vats,Entertainer,,,,2020-05-02,707000,1465,377212858,,False,False,False,False,0,,50.0,38587.58,34575.0,1929379.0,634.3,624.0,0.6,2.0,0.0,0.1,0.45,1.35,1.0,0.28,0.08031600000000001,0.03456547309027774,0.66,0.14,nan,5.849419413796899,0.18059340340793267,4.166666666666667,0.40172767186621106
UCmKxf6bbhkUuVu4Ps3bfC6A,My OzLife,"Selamat datang di channel kita My OzLife
Perkenalkan nama saya Dwi, Istri dari Justin dan Ibu dari Isabella dan Zachary
Saya berasal dari Semarang Indonesia 🇮🇩 tinggal di Australia 🇦🇺 
Saya mau berbagi kegiatan kita sehari-hari, masak-memasak, traveling dll. 
Semoga channel ini bermanfaat
Jangan lupa dukung channel kita dengan SUBSCRIBE & SHARE.
Trimakasih 😘",,,Australia,2019-08-30,610000,936,192212856,Ozlife|Dwimckinley,True,False,False,True,2,,50.0,76355.56,67324.5,3817778.0,1418.84,1392.5,0.0,0.0,0.0,0.0,0.0,0.40816326530612246,0.8732731509891587,0.0,0.253844,0.020187087673611083,0.24,0.2,nan,5.785329835010767,0.3236524469504835,4.166666666666667,0.24392320594358854
UCtAXjvtx_fJdc8-kTAEcv6g,Maria & Family Vlogs,"Aslam u Alaikum! I’m Maria Asif, and welcome to Maria & Family Vlogs — our little corner of happiness from Sydney, Australia 🇦🇺!
On this channel, I share my everyday life as a Pakistani living in Australia, including:
✨ Lifestyle & Home Cleaning
✨ Tips & Tricks for Home Management
✨ Kids Parenting & Family Life
✨ Cooking, Food Reviews & Easy Recipes
✨ Makeup Reviews, Beauty Hacks & DIYs
✨ Day Outs, Travel Vlogs & Life in Sydney

I post daily vlogs capturing our real-life moments, experiences, an",,,Australia,2016-10-21,5770,695,1254626,Pakistan Vlogger in Australia|Pakistani Mum Vlogs in Sydney|Pakistani Living in Australia|Pakistani Family In Australia|Raising Kids in Australia|Halal Food Places in Sydney|Halal Grocery Shopping In Australia|Masjid in Australia|Pakistani Living In Sydney|Pakistani vlogger in Australia|Pakistani In Australia|Life of Pakistani Family In Australia|Pakistani Home in Australia|Pakistani Culture in Australia|how Pakistanis Live in Australia|Australian Pakistani Family,True,True,False,True,3,,50.0,2042.5,1805.0,102125.0,775.94,756.0,0.034482758620689655,1.0,0.034482758620689655,0.0,0.6206896551724138,0.9310344827586207,0.178333762424661,0.08,0.388344,0.02004891493055553,0.26,0.22,nan,3.7611758131557314,0.2954955186662648,4.166666666666667,0.313775541090158
UCgWYulnI9jVbikYmU6bVpXA,Canada Family Vlogs,#patna #students #immigration #canadafamilyvlogs #canada #calgary #toronto #alberta #vancouver #viralvideo #viralshortvideo #viralvlogs #travel #indianrailways #india #indianfood #punjab #punjabi #amritsar #bihar #asmrvideo #food #foodie #foodies #delhi #candafamilyvlogs #canada #shorts #shortsvideo #short #thejointfamilyvlogs #punjabivlogs #canadafamilyvlogs #canadacouple #jattprabhjot #jattlife #brampton #toronto #jointfamilyvlog #jointfamilyvlogs  #jointfamilyvlog #food #foodie #foodreview #s,,,Canada,2016-02-16,14300,720,1225813,the joint family vlogs|happy joint family|joint family vlogs|the joint family|canadian joint family|the joint family vlogs|the joint family vlog|the joint family kitchen|canada couple|jatt prabhjot|punjabi vlogger|asmr|canadafamilyvlogs|canadafamilyvlog|lifeincanada|canadafamilyvlogs|canadafamily|canada family vlogs|canada family|punjabi familly|punjabifamily|jattprabhjot|ravish vlogs|ravish vlogs|gulatifamily|gulatifamilysaskatoon|fun,False,False,False,False,0,,50.0,1050.6,203.0,52530.0,1298.74,1363.5,,,,,,,0.12590476443640494,0.1,0.06302400000000001,0.025324045138888876,0.16,0.04,nan,4.155336037465061,,4.166666666666667,
UCUA-OKbvCVNChlyaG5CsqhA,Canadian Family Vlog,"Canadian Family Vlog: Welcome to the family, in this vlog we upload daily videos of our life. My wife and I have 4 kids and try our best to bring them up in a house that honors God. We aren't perfect, but it is a good thing we have a God that is and who gives us plenty of second chances. We have three main principles in our household

1) Love the Lord your God with all your heart and with all your soul and with all your mind and Love your neighbor as yourself. Mathew 22:37
2) Always strive to sh",,,,2014-02-13,4610,716,864241,Family|Vlog|Christian|Daily Videos,True,False,True,True,3,,50.0,202.06,122.5,10103.0,2082.1,1307.5,,,,,,,0.1790477351528541,0.0,0.0045119999999999995,0.04397447916666665,0.28,0.08,nan,3.663700925389648,,4.166666666666667,
UCochAaNGtKkuPsmpw1JkH1A,Gulati Family in Canada,"Hi YouTube Family! Welcome to our Channel!

We are an Indian couple, family of three (Jasmeet, Neha and our little princess Aria) now settled for more than a decade in North America (Canada, Saskatchewan – The Land of Living Skies).  On this channel, we share our daily life, personal adventures, fun outings, travel vlogs, cooking recipes and everything that makes life special — it’s all here! 

If you love keeping it real, seeing how others juggle work, life, and fun, or just enjoy a peek into a",,,Canada,2020-09-29,54900,1327,23000727,Indian|family|Saskatchewan|Saskatoon|Desi|Canadian|immigration|canadiancouple|saskdesi|newcomers in saskatoon|food|indian food recipies|yxe|canadapr|life in saskatchewan|punjabi,True,False,False,True,2,,50.0,8645.16,8076.5,432258.0,1158.88,1175.0,,,,,,,0.49375741840928233,0.1,0.032354000000000015,0.039016688368055524,0.48,0.0,nan,4.739572344450092,,4.166666666666667,
UCv9KaLMgXHG4Cafo8_qopsg,Suharsh Family in Canada,"Hello friends welcome to Suharsh Family in Canada .I live in Canada. this channel is all about daily vlogs,  healthy recipes, and cooking vlogs, entertainment vlogs. please subscribe to my channel and support me 🙏❤️😊
Thanks for watching...😊
",,,Canada,2022-02-28,331000,942,333192841,suharshkitchen|recipes in telugu|eatingchallenge|foodies|telugucooking|cookingchannel|foodlovers|spicefood|spicy food|spicy recipes|village food|village recipes|nri vlogs|nri telugu|usa vlogs|america vlogs|america lo|canada vlogs|viral videos|biryani|telugu|nri in america|usa nri|daily vlogs|america vlogs|canada lo telugu vlogs|comedy videos|funny|telugu vlogs|funny couples|rayalaseema|suharsh family in canada|comedy couples|comedy telugu videos,True,False,False,True,2,VERIFIED_CHANNEL,50.0,104732.94,51815.5,5236647.0,752.84,699.0,0.1,1.0,0.0,0.05,0.9,0.25,0.022725587321670203,0.02,0.326252,0.03939390190972219,0.78,0.08,nan,5.519827993775719,0.26683646905688857,4.166666666666667,0.2951362466064579
UCEdhDTg-o0-6FqWsmeB1MAw,The Gujju family in Canada,"Hello and welcome to our channel!

We are an Indian family from Gujarat, currently living in Ontario, Canada. This channel is all about our life in Canada — our experiences, family moments, fun adventures, and everything in between. Some days are funny, some are crazy, and some are just beautifully normal.

Our little world includes our adorable daughter Pihu, my husband Ronak Dave, and me, Rucha Dave. We are regular working professionals sharing our real, unfiltered family life with you.

If yo",,,Canada,2019-12-06,7780,556,1091576,,False,False,False,False,0,,50.0,3525.04,2468.5,176252.0,671.06,647.5,0.5,2.0,0.0,0.1875,0.9583333333333334,0.8333333333333334,0.18314410535095732,0.22,0.34284,0.044082776331018494,0.68,0.12,nan,3.890979596989689,0.07048501425797575,4.166666666666667,0.40486835067059596
UC0RIR-ic21_RJMJVMPP_0MQ,Canadian Family Life,"We are not perfect! We are a real family sharing the good, the bad and everything in between!

Welcome to our channel!

We are a family of 4 and 1 doggie from rural New Brunswick, Canada. Join us as we navigate this thing called life and have fun while doing so. Let me introduce our family:

Dad- Chris (Mr Fix It)
Mom- Tiffany (that’s me!! lol)
Daughter- Bella (14 years old)
Son- Alex (13 years old)
Goofy dog- Missy (13 years old hooman years, 91 years old dog years!)

Please send help! 3 teenag",,,Canada,2022-12-05,11600,828,371313,family|family life|canadian life|family fun|family life in canada|family vlog|daily vlogs canada|family grocery|cooking|simplemeals|recipes|homemade|homemadefood|homecooked|foodhauls|foodbank|food pantry|indoor gardening|container garden|gardening|diy projects|family togetherness|canadian family life|canadian life vlog|family life vlog|new brunswick|canada vloggers|Canada|USA|USA vlog|Canada Vlogg|vloggers|Entertainment|cooking|Homestead|Homesteading|Reviews,True,False,False,True,2,,50.0,281.42857142857144,140.0,13790.0,702.44,661.5,0.2,1.0,0.06666666666666667,0.0,0.8666666666666667,0.9,0.45455065647627657,0.56,0.12404799999999999,0.06810529513888885,0.86,0.02,nan,4.064457989226918,0.1855580711663649,4.166666666666667,0.34353050901160737
UCI86O2Dr9tU60b6CMhOZYNg,Canada Couple Vlogs,"We created our first channel to help people who are planning for Canada PR (Permanent Residency) or are already in Canada. We moved to Canada in April 2018 after getting Canada PR. In the process of getting the PR (Permanent Residency), we had so many learnings by doing lots of mistakes. We would like to share those best practices with everyone so that you can save time and effort while acquiring Canada PR. We upload engaging videos for the relevant audience on how life in Canada is, how to move",,,Canada,2019-12-15,887000,727,506572076,canada couple|canada couple vlogs|canada|canada vlog|Alexa|canada house tour|canada vlogs|canadian couple vlog|canadian couple|canada couple home tour|canada couple youtube|Canada pr|life in canada|canada lifestyle|canada vlogs indian|canada vlogs hindi|Canada travel vlogs|canada life|hindi vlogs|canadian couple vloggers|moving to canada|toronto vlogs|immigrate to canada|canada immigration|canada|canada vlogs indian|canada house tour,True,True,True,True,4,VERIFIED_CHANNEL,50.0,28034.18,14648.0,1401709.0,916.24,801.0,,,,,,,0.3102702066762804,0.0,0.073212,0.055804405381944415,0.78,0.06,nan,5.947923619831727,,4.166666666666667,
UC-0XZzV9y16bKIuWb4qWkCg,Filipino Czech family,,,,,2017-05-22,208000,1044,72227596,,False,False,False,False,0,,50.0,63702.06,49775.5,3185103.0,1010.76,996.0,0.10526315789473684,1.0,0.0,0.10526315789473684,0.47368421052631576,0.3684210526315789,0.36381168171533107,0.26,0.07573,0.032549348958333314,0.12,0.0,nan,5.318063334962762,0.10265720599566919,4.166666666666667,0.29077885476567883
UCpX0Oh5UZSmoGdapjJLvvfQ,Mami Aireh (Fil-Swiss Family vlog),Filipina Swiss living Simple life 🇵🇭🇨🇭,,,Switzerland,2016-06-12,60800,1072,14449996,filipinaSWISSFAMILY FILIPINO SWISS FAMILY FILIPINA MOM ABROAD AGE GAP COUPLE,False,False,False,False,0,,50.0,5236.38,5138.5,261819.0,850.54,813.5,0.68,3.0,0.0,0.04,0.88,1.4,0.9801470342522974,1.3,0.08886200000000001,0.012769053819444424,0.1,0.02,nan,4.783903579272735,0.08171646161582488,4.166666666666667,0.4423844123968677
UCIVDPLH_7OhX0HAb8BYDsbA,Rhea & Roy Family Vlog,We are a Filipina/Australiano couple. Thank you for joining our journey :);,,,Philippines,2024-06-02,10000,613,2067654,filipina|filipino|philippines|filipinas|australian|negros island|la castellana|love|dating|online dating|vlog|vlogs|vlogger|vloggers|vlogging|philippines vlog|philippines travel|philippines travel vlog|philippines travel vlogs latest|american filipino couple vlogger|australian filipina couple vlogger|famous filipino vloggers on youtube|day in my life vlog philippines|travel with me to the philippines|farm|rice|pilipinas|passport bro|passport bros|youtuber|youtubers,False,False,False,False,0,,50.0,2497.14,2383.0,124857.0,1056.82,1017.5,0.0,0.0,0.0,0.0,0.0,0.06,0.15434931325045465,0.28,0.089346,0.09956777343749997,0.64,0.1,nan,4.0,0.06907393590109401,4.166666666666667,0.20499855588716664
UCdBpCFv_RTOOBrImOlPT97g,RodVivKids Family Vlog Philippines 🇵🇭 ,"We're a Dutch Filipino Family who lived 2+ decades in Asia. This is our new channel, our old one got hacked 🥹. We reuploaded most of our former vlogs. So this is the NEW RodVivKids Family Vlog channel, welcome♥️. We're posting 3 times a week since a year or so.
Also check our The Hightrees family vlog channel. Presently not very active there though 



#rodvivkids #familyvlog #family #filipino #foreign #vlog #youtubers #europe #philippines #pinas #germany #holland #marriage #filipina #morefunint",,,Philippines,2021-11-15,11000,1565,1135458,family vlog|eurasian family|rodvivkids family|dutch filipino|half filipino|halfies|family vlog philippines|Dutch Filipino|American|kids|rodvivkids|bisaya|vlog|tagalog|filipino|philippines|fil-am|manila|europe|ofw|abroad|traveling|family with kids|traveling family|family vloggers|family vloggers philippines|simple|life,False,False,False,False,0,,50.0,756.64,653.0,37832.0,1258.48,1124.0,0.28,2.0,0.0,0.1,1.02,0.6,0.4488040790520757,0.36,-0.04668399999999999,0.028149023437499972,0.34,0.02,nan,4.041392685158225,0.04267873955898524,4.166666666666667,0.3737671882379725
UCOeJBQGvDaEXQZSwTr_V2ow,Fina's Vlog,"Welcome to our family lifestyle vlog, where we share what it's like living in the UK as a Filipino-British family who loves visiting new places to film and take photos. From the vibrant city streets of London to the beautiful countryside, we're excited to share our experiences and insights with viewers who want to learn more about what makes the UK such an amazing place. Follow along as we share travel vlogs, Filipino food recipes, and more.

In all of my videos I use music from Epidemic Sound. ",,,United Kingdom,2023-04-09,8690,189,1103139,life in uk|british filipina|long distance relationship|ldr couple|filipino food|foreigner reaction to filipino food|pinoy food|food reaction,True,False,False,True,2,,50.0,4394.2,3233.0,219710.0,1226.06,1217.5,0.16666666666666666,1.0,0.16666666666666666,0.03333333333333333,1.0,0.36666666666666664,0.18402825085453717,0.16,0.134704,0.026683007812499965,0.62,0.06,nan,3.9390197764486663,0.21824883563442854,4.166666666666667,0.3306789002256228
UC-M2xqLWTXptiOSAom8GjFw,Rolwes  family Vlog ,"Welcome to our life in the USA! 🇺🇸 We’re a Filipino-American family sharing real, heartfelt, and sometimes messy moments of our everyday life.
Our story includes our amazing non-verbal autistic son and our two daughters (who are a little camera-shy), plus the adventures, laughs, and challenges that come with family life. 💛

Fun fact: I met my husband online through Filipino Cupid! ❤️ Now we’re building a life full of love, laughter, and unforgettable memories.
Join us to experience our family ad",,,United States,2020-06-03,8880,902,1239762,SMALL YOUTUBER|FILIPINA IN ALABAMA|BUHAY SA AMERICA|FILIPINA SIMPLE LIFE IN AMERICA|FILIPINO SMALL YOUTUBER,False,False,False,False,0,,50.0,258.12,165.0,12906.0,540.24,495.0,,,,,,,0.6195815679327362,0.04,0.067278,0.046633897569444416,0.24,0.1,nan,3.948412965778601,,4.166666666666667,
UCKGhcY5F8Xo3O-R_eo58ISg,Simple Indian family vlog,"Two sister best friends daily life video 
 Subscribe our channel on YouTube 
",,,,2014-07-27,10900,974,1635279,,False,False,False,False,0,,50.0,83.9,78.5,4195.0,530.86,518.5,0.45,2.0,0.0,0.55,1.0,0.55,0.0345806446594434,0.0,0.146836,0.04518895399305554,0.22,0.0,nan,4.037426497940624,0.03532735899182096,4.166666666666667,0.43673733698282463
UCpo_bRRIG8SfEXRhEvG94JA,Indian Foodie Family Vlogs,"Formerly as ""Direct from Indian Kitchen"" 1 Day = 1 Video Lifestyle Daily Vlogging 

Instagram - @directfromindiankitchen
Facebook - https://www.facebook.com/directfromindiankitchen
For collaboration - directfromindiankitchen@gmail.com

Indian Foodie Family Vlogs

I am working Mother and try to manage my work, family, my life, in best possible way. I love to cook.

What is a working mother called?
Is it good to be a working mom?
What is the challenge of working mom?
Can a career woman be a mother",,,India,2022-09-18,2320,1530,1215031,Working Indian Mother|Working Indian Mom|Working Mom|Working Mother|Direct from Indian Kitchen|Indian Kitchen|Daily Vlogs|Daily Video|Mini Vlogs|Daily Mini Vlogs|Recipes|Vegetarian Recipes|Family Vlogs|Family Daily Vlogs|Family Mini Vlogs|Family Daily Mini Vlogs|The Great Indian Kitchen|What is the challenge of working mom?|Can a career woman be a mother?|Is it good to be a working mom?|Are working moms happier?|How do working moms feel?,False,False,False,False,0,,50.0,79.38,71.5,3969.0,211.0,199.0,0.48,2.0,0.0,0.0,0.72,0.76,0.03352510396046063,0.08,0.10099399999999999,0.07828504774305553,0.66,0.0,nan,3.3654879848909,0.0,4.166666666666667,0.33344043297304155
