id,title,channel_short_name,channel_category,viewCount,exploit_score_v4
I2ev5uz6j7Q,SHE’S PACKING UP | THE LEROYS,theleray,family,275045.0,-0.015628014
42c2NHFGiEA,Assistant Uses her Silly Kitchen to Make Halloween Cupcakes with Crystal,thesuperherobuddy,family,87508.0,0.041721545
vXTTbV1jH98,HERE IT IS...,acefamily,family,2968554.0,0.06341629
TvfIAaGu1KA,12 Days of Christmas + More Holiday Nursery Rhymes & Kids Songs - CoComelon,cocomelon,family,35955452.0,0.0037141182
zNi2xPgWuHI,IT'S TIME TO HAVE THE BABY!,thesacconejolys,family,723087.0,0.15240684
8SBc7Uzg8Vg,Alpha Lexa Reflexes Save the Day!,ryansworld,family,181222.0,0.037260868
6ZP3Hr_do3U,Daily therapy session,theleray,family,24625.0,-0.024052443
eNAvHDjVP-I,THIS IS ALL FAKE!!,ehbee,family,225638.0,0.03417063
Z3IbbPYuQ2c,Family *SECRETLY* Living In My House!,tannerites,family,207774.0,0.053392943
jJJcgOerBWs,SODA vs REAL FOOD!!,ehbee,family,1910952.0,-0.020207921
pFe2mDmOZ0o,DIY Homemade Maze Board Game and more Fun Science Experiments!!!,ryansworld,family,3664555.0,-0.1110291
ajC6jQHcKpk,The Assistant Looks for the Biggest Toys at Toy Fair by Size,thesuperherobuddy,family,199027.0,0.07185444
Se9yCU5lyr4,The Assistant as Owlette Saves Paw Patrol's Ryder at the Mystery House,thesuperherobuddy,family,320243.0,0.013120989
t3FIJ3fvhZw,I FLEW ACROSS THE WORLD FOR THIS🇦🇪,piersonwodzynski,family,587914.0,-0.053975284
W1jBjpkNXvA,GIANT KerPlunk Games for Kids with Angry Birds Egg Surprise,ryansworld,family,15981470.0,-0.043919597
HJkAI-Dhq50,Yes Yes Bedtime Song | @CoComelon Nursery Rhymes & Kids Songs,cocomelon,family,1837781397.0,0.072889246
z3-Tm_aS3N0,John Jacob Jingleheimer Schmidt | CoComelon Nursery Rhymes & Kids Songs,cocomelon,family,240156950.0,0.088812076
jLpEqUMRXj8,TheSacconeJolys - ERIKA'S MAKE UP COLLECTION,thesacconejolys,family,108746.0,0.0017331652
QoOPhZ5XQJU,They Snuck Into Our HOUSE!!,tannerites,family,601718.0,0.19621703
oM2K4L933yw,CHORES,theleray,family,429844.0,-0.026403014
IaCrdRmLnR8,Assistant finds  Chase and Paw Patrol at Giant Natural Water Slide,thesuperherobuddy,family,303021.0,-0.042730764
vnOA4VBX4-U,Drive Thu Ice Cream Machine In Our House!,tannerites,family,22877513.0,-0.059219964
YcZQjIaUBXM,KIDS CHOICE AWARDS CRAZINESS!!,ehbee,family,1090045.0,0.0017382279
YrwoC0dUMvc,Setting Up Annie's Room (WK 249.2) | Bratayley,bratayley,family,3542142.0,-0.039427537
pBrB5P6F1Ok,LATE AGAIN!,thesacconejolys,family,96833.0,0.023369657
CgVwIiKHtvo,I ASKED MY BEST FRIEND TO BE MY VALENTINE.. (SURPRISE),brentrivera,family,8300686.0,0.08058618
c32zxik2AUc,Gummy Food vs Real Food - Eating REAL Dried BUGS!,familyfunpack,family,5335639.0,-0.0025016218
54jsdmpE9bg,Play Outside Bubbles Song + MORE CoComelon Nursery Rhymes & Kids Songs,cocomelon,family,9176367.0,0.09638836
kZFmMYN0Xvs,TODDLER HELPS BABY ESCAPE FROM THE CRIB! (Ollie & Finn),dailybumps,family,3605020.0,0.13094895
lNnBQ3s8Oio,New useful stories for kids from Chris and Niki,vladandniki,family,6231324.0,0.035617158
Rjb9Cch16SQ,Ryan magic TV adventure with Mommy and Daddy!,ryansworld,family,51256876.0,0.056447662
w0W5XQjcFMs,GUYS USE GIRLS PRODUCTS FOR A WHOLE DAY! | Brent Rivera,brentrivera,family,14202715.0,0.051062137
7rMxLC5tEqk,Vlad and Nikita new Playhouse for children,vladandniki,family,356421048.0,0.05428215
bHHA_FLgLJU,I got a DOLL ARM from my Teacher?? -Valentines Day 2023,bonniehoellein,family,62285.0,-7.598847e-05
AIFM5NoIpuw,Humpty Dumpty Outdoor Rescue + Humpty Dumpty Grocery Store! | CoComelon Nursery Rhymes & Kids Songs,cocomelon,family,32199276.0,0.06419947
Kgc3rAIbEL0,Ryan plays Games on Gaming Table like Operation and Hungry Hungry Hippos!,ryansworld,family,8088035.0,-0.043523688
DrzyLWNuEEA,Unwanted Guest Came Home with My Kids From Camp!,familyfunpack,family,1580659.0,0.05765599
969Diw6XOVw,"First To Finish GIANT GUMMY BEAR Challenge Wins $20,000 **BAD IDEA**🐻🌈 | Piper Rockelle",piperrockelle,family,9324675.0,0.07217359
mU7wyE9vCYY,Learning to Catch and Filet his own Fish,bonniehoellein,family,7277.0,0.030637588
b-S-PkI08B4,"Character Breakfast, Snorkeling & VIP Luau - Aulani Day 2",familyfunpack,family,612490.0,0.028895397
-pPG8nfriGc,Exposing The Worst Rated Boyfriends,rebeccazamolo,family,26306744.0,0.3169219
e5XPIxcuS3A,🎩AZ HAS A CRUSH!!👰🏻,tannerites,family,36097.0,0.072118625
qdHA0HxTBX8,SHE'S LEAVING!!,tannerites,family,33070.0,0.032967042
Etqi5t-O_Pw,THE DRIVER! | EhBeeFamily Comedy,ehbee,family,393170.0,-0.0034205317
zqBkmp5nUHI,Evil Assistant Takes the Golden Pineapple from Crystal with her Friends,thesuperherobuddy,family,2912170.0,0.028781794
9BBPwQsWr20,I Became SPY HACKER in Real Life for 24 HOURS to attend Secret Meeting about Game Master Network,rebeccazamolo,family,7257632.0,0.15186623
idVRqvSnoBg,WHITE DRESS SHOPPING! A VERY SPECIAL EVENT!,kkandbabyj,family,347660.0,-0.004269436
R9RihrIgFDo,GIVING MY HUSBAND A QUARANTINE HAIR CUT AT HOME + BLUE HAIR DYE!,theweisslife,family,59582.0,0.12446665
8eIHbPl4lF0,Paw Patrol Chase and Marshall play Play Hide n seek with  the Assistant  Chase and Marshall,thesuperherobuddy,family,402403.0,0.072322205
zeR8j_EXPWs,We MOVED ABROAD into our DREAM HOUSE!! | Family Fizz,familyfizz,family,1095934.0,-0.04611819
XKT2GBPNuoc,CVXLive Mechanical Bull!!,tannerites,family,34345.0,-0.06346403
ZSjHFa6A9fc,Trying on PROM DRESSES for the first time!,theleray,family,436511.0,0.030249551
0RTkPGmoamQ,Minnie Mouse Cuckoo Loca and Minnie Toy Unboxing and Review,thesuperherobuddy,family,89754.0,0.07190163
wyf1qMXyZwI,Uncomfortable Topic | The LeRoys,theleray,family,342456.0,0.013133027
8y8w5ZOF7Wo,Dads when it’s time to punish their daughters 🤣 #shorts,theweisslife,family,61950.0,0.24841869
DsJv0xVAFtE,BABY'S FIRST DENTIST VISIT!,dailybumps,family,1045169.0,0.1296961
rhowokPUPeM,Assistant Helps Silly Mechanic Build Wiggles and Waggles a dog house,thesuperherobuddy,family,1026764.0,-0.0016130395
UrpiXtPn9kc,FINLEY'S DUE DATE!,dailybumps,family,2013816.0,0.016154198
A7K7hNRhENI,ANIMAL RESCUE | SACCONEJOLYS,thesacconejolys,family,10953.0,0.014011137
lGCkkmjVFZQ,Fillet Your Own Fish! Unexpected Surprise.,bonniehoellein,family,7133.0,0.07248597
28ylAjvOcwY,"NOOO, I'M LATE!! | ✏️ BACK TO SCHOOL MORNING ROUTINE! 📚",tannerites,family,551344.0,-0.084895924
BYaX0o4Y3ck,McDonald's Shake Maker & McDonald's Cash Register! Kids Pretend Play Food Happy Meal Surprise Toys,ryansworld,family,30263238.0,0.05577333
2fseQJvR7eQ,My Daughter's 24 HOUR TRAMPOLINE PARK Challenge,jordanmatter,family,78140599.0,-0.094743535
NOeFaUqSz8Y,Super Secret Plans Revealed!!!,kkandbabyj,family,165564.0,0.07903245
guBYPdSbU48,FUN FAMILY SCHOOL NIGHT ROUTINE!,theweisslife,family,140526.0,-0.04740767
TxwnfpPXos8,Ryan at the Farm on Easter Day Hunting for Eggs 1 hr kids video!!,ryansworld,family,2662809.0,0.008379677
1MrMQjAz-5s,Back Stage with #Flair 2 0 | Playlist Live DC 2016 (WK 296.6) | Bratayley,bratayley,family,18864804.0,0.045576278
8soBCHSO_hs,Spying on Ex GAME MASTER SPY at Abandoned Halloween Pumpkin Patch Hideout (Escape Room in Real Life),rebeccazamolo,family,5118820.0,0.17261764
qIkvyvNV6iU,David's 15th Birthday Party!!! Things Got a LITTLE Out of Hand....,familyfunpack,family,950690.0,0.0083817765
h191iGR59Xw,Exploring the Lion Guard Pride Lands with Kion Play Set,thesuperherobuddy,family,7954830.0,-0.13192847
2mUxC8bvIUc,Find the Animal Toys! 🐷🐮🐥 One Barn at a Time!,cocomelon,family,18041367.0,-0.056878157
baZG0uxxpHY,Birthday Party Theme REVEALED! Fun Shopping Trip To The Party Store,theweisslife,family,131371.0,-0.0064386427
PGAbGKrndB4,Kids Car Race Challenge,familyfunpack,family,72139435.0,0.004200914
1OaaILgjClI,DELICIOUS Gourmet S'mores Recipes!,familyfunpack,family,2738117.0,-0.05287137
rM7ToDVdvao,Emma Takes Over Bratayley (WK 195.7) | Bratayley,bratayley,family,516767.0,0.016255427
vDCjvZRidxo,We Built a GIANT Ryan's World Carnival!,ryansworld,family,280871.0,-0.080650784
NF-jnyNKLZ0,Finger Family (Sea Animals Version) | CoComelon Nursery Rhymes & Kids Songs,cocomelon,family,119176285.0,-0.010386743
G9qjed9AR7k,WATING FOR A MISSION CALL!!,tannerites,family,25878.0,0.048100032
m4o2CCB2Fcw,GROCERY SHOPPING CHALLENGE! *gender reveal edition* | Family Fizz,familyfizz,family,1336792.0,-0.017013455
ePe4boiXndY,ALMOST SKINNY AGAIN!,thesacconejolys,family,84495.0,0.05156391
0kegFfqMapU,Assistant has Silly Mechanic fix the dump truck ride on,thesuperherobuddy,family,3305089.0,0.06708284
gXRmfdLkoeY,I GOT KICKED OUT OF COLLEGE,piersonwodzynski,family,1064740.0,0.13833804
qjbXCH4UYEU,Scary Results Day :) - Day 66,thesacconejolys,family,10015.0,0.04951422
3QNSqGQFzeo,"YOU ATE THAT?!?! - April 28, 2013",dailybumps,family,34397.0,0.18060875
GHHCtxaxNNM,We're Fake Friends,familyfunpack,family,457303.0,0.15746684
jqGNUHbDCl0,Secret Road to RECOVERY,bonniehoellein,family,118520.0,0.07593191
ElfcRl8T4Uc,Paw Patrol and PJ Masks taken by Bad Dog Wiggles with the Assistant Mickey Mouse Camping Set,thesuperherobuddy,family,2205724.0,0.09857556
5gmEkZH2RLs,"I Bought Everything At The NERF Store!! ($2,500 UNBOXING)",itsyeboi,family,334645.0,0.032855205
T6YAx1hbCgs,Baby Food Challenge (WK 86.4),bratayley,family,1815572.0,-0.01768132
-y_mkfejsLI,EATING DOG FOOD CHALLENGE! (plus GIVEAWAY),rebeccazamolo,family,71232.0,0.007240547
ES-mfR4Iuxo,When your mom says she is going to the store 🤣 #shorts,theweisslife,family,58877.0,0.0731687
nd0GVB7pPyU,THEY GOT INTO A FIGHT!! 💥,dailybumps,family,73906.0,0.053676605
XW8wayoP4MY,Can you Guess Who's name We each have for Christmas?  Perri's team got a Summit Bid  | The LeRoys,theleray,family,90128.0,-0.03630579
u-ivHg6aH8Q,No Soda for a Year Challenge (WK 177) | Bratayley,bratayley,family,659586.0,-0.045190908
VewmhFNY0SU,The urge to dress like Adam Sandler anytime really 😂😂😂,theleray,family,49511.0,0.15867662
gYu7Jv4-DF0,Assistant Crashes Her Construction truck Ride On into the Silly Mechanic,thesuperherobuddy,family,120283.0,0.12624684
0RStC97YKn4,Ryan Shopping for Halloween Costumes to Trick or Treat!!!,ryansworld,family,6551951.0,0.05722369
HE9DM_X_ZCo,SURPRISE PROPOSAL on top of VOLCANO! | Family Fizz,familyfizz,family,1141438.0,0.0073049366
jXPvwt66fos,OPENING OUR ADVENT CALENDARS! DAY 10 🎁 #shorts,theweisslife,family,43975.0,-0.09476786
QHz4jHMRvRg,I Bought $1000 of Lost Luggage at an Auction and Found This.. (TOP SECRET LOCKED BRIEF CASE!!),itsyeboi,family,1819990.0,0.19099924
JDWAQW1Cifs,We Need To Talk :(,thesacconejolys,family,542050.0,0.18895084
7mnqUq8k9BI,Fisher-Price Little People Princess Ariel's Coach,thesuperherobuddy,family,144199.0,0.0042894557
MvplkikBHcs,MONKEY BUSINESS | SACCONEJOLYS,thesacconejolys,family,18493.0,0.024542537
YnjTcT3NdoQ,Watch out for the SNAKES!!,ryansworld,family,138582.0,0.0502187
KaiHdIKfSpk,Exploring the Creepiest Google Maps Locations!,brentrivera,family,62189398.0,0.15879159
DaMjKMiyeLE,I Ate SUSHI at Coachella??🍣🍱,piersonwodzynski,family,112604.0,0.040982828
UblmD4j0BVQ,Peppa Pig and George Play In Muddy Puddles a Video Parody,thesuperherobuddy,family,2965667.0,0.14292482
hba7jzX-S7s,This is the hardest part,theleray,family,27016.0,0.10273689
cXjhA8aphaY,Mommy Searches for Ryan & Friends in GIANT Guess Who Game!,ryansworld,family,3238886.0,0.079473086
UD2_T86rr8E,Surprise GOLD DiG IT Toys for kids! Valentine Goody Bags Candy for Kids Shopkins Hot Wheels Cars,ryansworld,family,13300778.0,-0.044885088
7tKfC3qPDGY,A New Happy Birthday #shorts,familyfunpack,family,282361.0,0.06643297
gwAhaS-w83g,Granny and Hello Neighbor Together in REAL LIFE!,tannerites,family,7572095.0,0.030310623
rTM-rubTsvs,Assistant's Dogs Meet The New TOYS That TALK To Each Other! 🐶 NanoMals! #FreeProduct #FamilyFun,thesuperherobuddy,family,28626.0,0.08559448
lTWMdaC9SGk,Decorating Fluffy Easter Eggs LIVE with the family! 🐣,dailybumps,family,138704.0,-0.067746
wgk5ImCHs-A,Opening Plush Sheriff Callie Toys and Action Figures,thesuperherobuddy,family,231061.0,0.09014973
1isjfOaSWYA,Boston got 17lbs of CANDY - Halloween 2025,bonniehoellein,family,29676.0,0.07682672
fJuXGsbrB7U,Postop Recovery : Hair Transplant,bonniehoellein,family,320207.0,0.059042588
UZXDS2JrFqQ,TheSacconeJolys - GIRLICIOUS VLOG!,thesacconejolys,family,10938.0,0.11520308
mQGhC3HvOw4,STUCK IN ELEVATOR FOR 24 HOURS,piersonwodzynski,family,1533279.0,0.22002813
BUwM27hES3k,Puppy's First Bath!,kkandbabyj,family,180060.0,0.0967215
wMdnCgnYWJo,Chris and the most important safety rules for children,vladandniki,family,287926728.0,0.12782012
oDVJWSU3WB0,Love all of these things. 💕,theleray,family,25770.0,-0.024003282
85hatY2iiyU,I Spent 1 BILLION in 50 Hours!!,brentrivera,family,18872101.0,0.076982
qgpOmQLO3Lo,100 Mystery Buttons Only One Will Let you Escape Biggest Fear,rebeccazamolo,family,3876835.0,0.17325553
UV71YQbZcXU,Our Zoo Is Growing! - DailyBumps HALLOWEEN SPECIAL 2023,dailybumps,family,62540.0,0.045370124
hKhv823dW4g,Ryan's Pirate Ship Adventure with Family and hunt for treasure!!,ryansworld,family,7833995.0,-0.08356664
8xMU4Fa0UKI,SEARCHING FOR A HEARTBEAT,dailybumps,family,381159.0,0.03451875
zf06xnVoApY,How To Solve The IMPOSSIBLE Key Puzzle!? (Puzzles and Brain Teaser),itsyeboi,family,120280.0,-0.029891808
KPJ6dU9QP8g,Our FAVORITE Halloween Costumes!🧡 #shorts,theweisslife,family,124864.0,0.0048357844
_Y9FuxgUy5Q,I Bought All The Products on Kickstarter! (2 Million+ RAISED),itsyeboi,family,210956.0,0.12675762
pPVL6DWTdFk,Dress SHOPPING For Her High School Promotion Dance!,theweisslife,family,442757.0,0.054645747
zH6ra1evu5I,BABY FIRST TIME WALKING!,thesacconejolys,family,279092.0,-0.045092598
ZmNOgHUOapo,Surprise NYE Party 2022,bonniehoellein,family,45251.0,0.015879188
_DmxCReO86A,Mice PTSD,bonniehoellein,family,13007.0,0.20684564
zrvAPCEyghk,The Floor is Lava In Real Life Giant Board Game with Ryan!!!!,ryansworld,family,10972599.0,0.020255147
cfcKEeCQEoI,Twins First Piano Lesson,familyfunpack,family,149284.0,-0.07659875
Uaz4YjeLuvM,i do NOT agree with his parenting,kkandbabyj,family,209720.0,0.010605341
uAVdLwS7RyU,Ollie’s Surprise LAST DAY OF SCHOOL Award! 😱🏆 Preschool Graduation Special!! (ADORABLE!!),dailybumps,family,1284188.0,-0.0010845996
lfJ8o3JuRO0,GIANT HAMMOCK SURPRISE!,dailybumps,family,632351.0,0.04636415
2oPUOlrcDSo,TheSacconeJolys - NATURE'S KISS!,thesacconejolys,family,12647.0,-0.0020756368
imOpnIO4fp4,the Assistant Uses Science to Make Glow in the Dark Slime on TheEngineeringFamily,thesuperherobuddy,family,63524.0,0.0023677386
Ov-DhrJy7ZI,Five Little Birds 3 | CoCoMelon Nursery Rhymes & Kids Songs,cocomelon,family,150306050.0,-0.07929221
COIMjwHb8F0,I GOT HER A HOUSE FOR HER BIRTHDAY!!,thesacconejolys,family,233202.0,-0.024754584
4smGXHg5Sho,Mom Messed Up My HAIRCUT,bonniehoellein,family,68198.0,0.17149591
7xFoh3vHaAc,Assistant Meet and Greet with Mickey Mouse and Goofy and Toy Story,thesuperherobuddy,family,227734.0,-0.0011781305
pgn5smJEhiQ,Last One Wearing HIGH Heels WINS!,tannerites,family,25926956.0,-0.0087073
8R9w-7K-F3g,FroZen Hot vs Cold Sisters With Lizzy & Savannah!,tannerites,family,10506454.0,0.054326415
pEIgQYJDvKw,Baby says her first word,thesacconejolys,family,392958.0,0.27212763
nkIuZc_5HRM,David's Balloon Release,bratayley,family,637992.0,-0.032964863
xwzWdB6FAl4,OUR WILD WEST HOTEL TOUR! *drunk family* | Family Fizz,familyfizz,family,125327.0,-0.10517061
ole-B9iOgGc,EATING DISGUSTING INSECTS WITH MY HUSBAND!,rebeccazamolo,family,221151.0,0.12918112
0lXxSxb4Qa0,Ryan babysits Jack Jack from Disney Pixar Incredibles 2 Pretend Play!!!,ryansworld,family,54472665.0,0.11786756
ZaycLmMEJmQ,After 3 Years It's Over #shorts,piperrockelle,family,2390060.0,0.15363201
0sMQWxXSH_4,"This $1,000 Mystery Box Is Filled With Products You Have NEVER Seen Before!",itsyeboi,family,121010.0,0.13256004
5BbUyyxXKC0,ADDING A MEMBER TO THE ACE FAMILY?,acefamily,family,5878309.0,-0.026289541
60Rf0EWPQZM,BABY BALLERINA,thesacconejolys,family,135615.0,0.16838425
u3UBgi97iyI,THINGS BABIES SAY!!,thesacconejolys,family,170867.0,0.041146528
WpBXmShQukw,Tannerites Kids Learn Importance Of Swimming Pool Safety Rules!,tannerites,family,28931125.0,-0.007788878
n1Sso_2ZLI0,Squeeze the Squishy! ✨ Toy Playtime @TheMelonPatchLearningVideos,cocomelon,family,4176849.0,0.17334455
fm6qieSnohw,Where Are You Antarctica?! (WK 265.5) | Bratayley,bratayley,family,474104.0,-0.024771556
Lcz3ekEShLc,Name the Lunch Shapes 🍎 Healthy Eating Game for Kids! #shorts,cocomelon,family,5081418.0,-0.06314245
OG7g4Y-aRbs,Lion King Simba meets the Assistant for a Play Date with Pumba and PJ Masks,thesuperherobuddy,family,162386.0,0.04277731
HEFjt6EWjVk,Kids Try Food From Israel || First Episode,familyfunpack,family,1415316.0,-0.060590908
4O24RQPecqM,BACK TO SCHOOL SHOE SHOPPING HAUL! MOM vs TEEN,theweisslife,family,154430.0,0.036672693
pyGzQsdL9z4,Ryan Plays  at Indoor Playground with Golden Mystery Egg Winners!!!,ryansworld,family,17569646.0,-0.051119205
esujYhdyvZ4,DIY HALLOWEEN COUPLE'S COSTUMES | Cheap and Easy!!,rebeccazamolo,family,508880.0,0.06771943
5bEKV88myxQ,KIDS ARE FUNNY!,thesacconejolys,family,281918.0,0.1055691
wR4kCkqZERA,OPENING the FIRST DAY of our ADVENT CALENDARS! DAY 1🎄🎁 #shorts,theweisslife,family,1386035.0,-0.13000531
nKnbGF3TX2g,Opening the Chatty Gabby's Birthday Surprise Presents and Toys,thesuperherobuddy,family,1668421.0,0.095486
NM2gWqX3Oa0,The Last Sleep Over of Summer! Ladys Coming Too!,bonniehoellein,family,145815.0,0.010480465
In_K5So7fI8,Assistant And Batboy Play Glow in Seek with Wiggles in the Holiday Fort,thesuperherobuddy,family,9032751.0,-0.0142059475
srUend01ido,The Wheels on the Bus With Cody! 🚌🕺,cocomelon,family,6786080.0,-0.0006247321
I3vFBkNYXQ0,Gabrielle’s NEW Teen YouTube Channel!,theweisslife,family,60953.0,0.08978182
51w79cMUTMQ,Normal Rubiks Compared to 15X15 Cube #shorts,familyfunpack,family,203979.0,0.045628622
pxk5zwLOqXs,She Got a LAST MINUTE Call To Fill  In At NCA Nationals! 😱 Flying to Houston for Cheer,theleray,family,120512.0,-0.04184603
E2T34OoOnP0,WE OFFICIALLY HAVE A NEW DRIVER IN THE HOUSE!!😱🚗🎉 #shorts,theweisslife,family,25345.0,0.024136487
NFuE9N14jcw,somethings wrong with our kitty Meeko,kkandbabyj,family,120552.0,0.1478835
v5PBSgb3m50,HEADS OR TAILS? The Coin Toss Challenge!!! | Family Fizz,familyfizz,family,2064844.0,-0.029008513
jUa-ZGGGQJI,Works everytime 😱🤣,brentrivera,family,8488987.0,0.057268973
zrycjhUE0Fs,BABY STARTS TALKING!,thesacconejolys,family,350282.0,0.18063791
nQ5d6FmDqQA,TheSacconeJolys - ANNA IS NOT ALLOWED TO WATCH THIS - DAY 142,thesacconejolys,family,14405.0,0.20004049
BCaw_RApXFg,EAR LICKER!!,tannerites,family,18142.0,-0.055578202
huVC-Y4t3jU,24 Hours with 6 Kids - 4 Missing!!,familyfunpack,family,7558962.0,-0.020563006
e_hyCnZVjAA,TWIN TELEPATHY CHALLENGE!! - PIZZA EDITION,ehbee,family,2824552.0,0.02273072
30SwyGiyqHw,Pregnancy Reaction Video | Bratayley,bratayley,family,3902806.0,0.1747562
dDxLHs8JlYE,TERRIBLE TWOS ARE ROUGH,dailybumps,family,318604.0,0.18130392
poI_xjtm6w0,Doctor JJ is ready to check Teddy Bear's HEART❤️! CoComelon Pretend Play #checkup #shorts,cocomelon,family,5516492.0,0.17007706
uCNLiwNFvuc,Head Shoulders Knees and Toes + More Nursery Rhymes & Kids Songs - CoComelon,cocomelon,family,34213826.0,0.052294455
plbWu4juYnk,BABY’S FIRST TIME STANDING UP!,thesacconejolys,family,170102.0,0.10719164
J24JMmT2b5c,WE CAN’T BELIEVE THIS IS OUR SON'S DUE DATE!!!,acefamily,family,6187618.0,0.08214226
tWNgoctbhWc,Found a MAJOR Fire Hazard in our New Home!,bonniehoellein,family,69937.0,0.101298675
qC9pZvr3Yn0,Wash Your Hands Song | CoComelon Nursery Rhymes & Healthy Habits for Kids,cocomelon,family,35280058.0,0.11606266
mgjkydBS0Fc,Giant WATER BLOB Backyard Splash Park! 💦 (WILL IT POP?),dailybumps,family,1484805.0,-0.005599303
xgyBNV5qaLk,Mixing Colorful Slime Creations! #shortsvideo #shorts,ryansworld,family,170511.0,0.034440957
xLVfFPcSOaA,Playground for Kids Compilation Video! Children's Play Area at the Park with Ride on Cars,ryansworld,family,42060182.0,0.097634725
nUwh13gAfpI,Last Minute Christmas Shopping FINALLY DONE!,kkandbabyj,family,228347.0,0.06110114
rcU6HMsgLto,Boston's on the NAUGHTY LIST!?,bonniehoellein,family,272401.0,0.07464866
Qmx8cqCKQ8A,All-Star Cheerleaders on competition mornings #shorts,theleray,family,109498.0,0.010008559
CoUCunEfdsY,Slam Dunk Baby,familyfunpack,family,1241669.0,0.05653739
hdwzd2-pAEY,TwiN Wednesday Adams Pranks With ThinG!,tannerites,family,5043848.0,0.06706267
4n0M2lkDSGA,MOM IS GONE Let's Buy a FOUR WHEELER / SAN DIEGO TRAVEL VLOG,bonniehoellein,family,121046.0,0.08156447
HTZPrV_WuGQ,Paw Patrol and PJ Masks Obstacle Course Showdown with the Assistant,thesuperherobuddy,family,253326.0,0.013759906
cuiljtlo0uM,WHERE DID MOM GO?!,dailybumps,family,1395551.0,0.11711389
eUU-OGRKOr8,Family Grocery Shopping with Real Money!,familyfunpack,family,3011616.0,-0.096349165
7YfYTjpHInk,Mia's 15th BIRTHDAY Morning OPENING PRESENTS! | Family Fizz,familyfizz,family,2671123.0,-0.010739353
Zuw1CNg83Lw,MAKEUP SHOPPING VLOG WITH MY MOM | WHAT TO BUY FOR YOUR FIRST TEEN MAKEUP KIT!,theweisslife,family,2467972.0,0.058960777
44n46p22wCQ,What do you do?🤔🕺 #shorts,theweisslife,family,975180.0,0.049124837
1Vy1i-VLE3o,Leaping Over a MOVING CAR Extreme Gymnastic Dares *don't try this*,jordanmatter,family,4468016.0,0.18125385
DHfjXoTeH7U,Children Found Toy Pirate Treasures Video for kids from Vlad and Nikita,vladandniki,family,224812495.0,0.1623106
dlR1sJ_RlWs,Paw Patrol Meet Jokester Marshall a Funny Toy Parody,thesuperherobuddy,family,825030.0,0.11221588
cqHYgUu3hZA,Dinosaurs Took Ryan's GAME ON Combo Panda PRiZE pretend play!,ryansworld,family,840722.0,-0.027184606
0KgJwhD25mc,MOMMY AND ME POOL TIME!,dailybumps,family,4036656.0,0.09871377
Co3xMdSJ-j4,Stick To It | CoComelon Nursery Rhymes & Kids Songs,cocomelon,family,35666837.0,0.14174433
BYBqM0wQWaU,24 Hours Facing Biggest Fear at Giant Waterpark! Rebecca Zamolo,rebeccazamolo,family,6702570.0,0.17682561
330ncdNYTsc,BREAKING IN || The Cursed Babysitter ep. 20,familyfunpack,family,42832.0,0.21805617
LhzQpI1V67k,Unboxing the MILES FROM TOMORROWLAND  Action Figures,thesuperherobuddy,family,257249.0,0.047528982
lnyRazvBxAY,Explore Pigeon Key in FLORIDA,bonniehoellein,family,7017.0,-0.07397047
fSHw_ZAHAhA,I Finally Got My DREAM PET  **EMOTIONAL,piperrockelle,family,1318002.0,0.11804551
SHkRuGd9Hw4,Ryan's Drive Thru Pretend Play Adventure with Kids Power Wheels Ride on Car!!!,ryansworld,family,5281642.0,-0.038007025
dimPuTH77Cg,I'll Not Spit On You,familyfunpack,family,108310.0,0.15022685
iJaFcBH1mbo,ASK ME QUESTIONS ABOUT MY MISSION!!,tannerites,family,52218.0,-0.029455341
W6vR-eLG6yc,YOU MADE THEM CRY!! *Reading Mean Comments* | Family Fizz,familyfizz,family,3630073.0,0.14447081
I-Ei26jdAkY,Paw Patrol Meets the Alphabet Robots a Funny Toy Parody,thesuperherobuddy,family,646920.0,0.02607316
LERBoLHMq04,Performing Plane Magic ✈️️ (WK 323) | Bratayley,bratayley,family,1747628.0,-0.016571343
ds662PJKIgI,KIDS MEET OUR NEW BABY!,thesacconejolys,family,2012372.0,0.121929795
KOCWIOnStaQ,Magic Little Driver ride on Toy Cars and Transform car for kids,vladandniki,family,728226630.0,0.11869694
siQfilrYIzI,Are we moving to AMERICA!? | Family Fizz,familyfizz,family,279348.0,-0.03564346
6NVy4xEXs8I,THIS IS MADNESS!! | Merry Christmas Eve!,kkandbabyj,family,199805.0,0.14239112
UJaiO_KuREg,WE'RE GOING TO TRAVEL THE WORLD IN 9 DAYS! | Family Fizz,familyfizz,family,376547.0,-0.016748551
GDD8jafGmsI,NEW HOUSE TOUR! OUR YOUTUBE HOME OFFICE ROOM TOUR!,theweisslife,family,43505.0,-0.030238915
eeebT0P-gcE,GETTING OUR TWO YEAR OLD TESTED!!,thesacconejolys,family,376487.0,0.15674376
09TSnnn42Aw,First Lawn Lawn Day while my Parents are out of the Country,bonniehoellein,family,65216.0,-0.09059462
tnjcYls8AaI,The Incredibles 2 Jack Jack escape from Ryan!!!,ryansworld,family,201838721.0,0.098547384
iQ367KDW5lo,Wheels on the Bus - Rocket Rescue! | CoComelon Nursery Rhymes & Kids Songs,cocomelon,family,33113273.0,0.07197387
S_Hhms9clvs,I can't believe he did that!,dailybumps,family,59294.0,0.17101502
OJdtOrcqcSc,Surprising Our 14 Year Old With A New Phone For Christmas!,theweisslife,family,368077.0,0.20565225
8xgnjmkAMwM,Mcdonald's French Fries Maker Happy Meal Magic Vintage McDonalds Food Toys Pretend Play Toy for Kids,ryansworld,family,31715032.0,0.07238001
W6T8wvqVkCQ,Twins 5th Birthday Party Eve,familyfunpack,family,5201025.0,0.06228964
ioQ-nMd71Ek,"Dr. Pepper Museum & Magnolia || Waco, Texas",familyfunpack,family,121888.0,-0.12487533
cO2pO0GaSf4,Ryan plays at Indoor Playground for kids family fun,ryansworld,family,2182772.0,-0.03335364
wt24lFevxk4,Christmas Comes Early! Huge Surprise Gift Exchange!,familyfunpack,family,2444335.0,-0.054146696
Li7xG5O5rwg,We ran a race together! | Family Fizz,familyfizz,family,239477.0,-0.034977533
wbFE1rVN_Zc,NIGHT BEFORE FIRST DAY OF SCHOOL PREP | THE LEROYS,theleray,family,734344.0,-0.10420187
NygXejdtDh8,The Soccer (Football) Song + More Nursery Rhymes & Kids Songs - CoComelon,cocomelon,family,526694658.0,0.07458016
DmeUbZucg5A,Ryan play MAD Dog Board Game with Emma and Kate!!,ryansworld,family,2823263.0,0.0065231826
q7K6Rv7T4rU,Never Have I Ever......Shocking Secrets Revealed to Parents!!,familyfunpack,family,1577142.0,0.13602729
bWhRFqbuSbk,SHOPPING FOR BABY!,kkandbabyj,family,157620.0,0.067376755
tO1tgUNZlik,TMNT It's Shredder!!,ryansworld,family,610011.0,0.13452359
ehE5AaWtV_A,Rhett Gets Braces | The LeRoys,theleray,family,108696.0,-0.078336775
5uGiFu2dAeM,Frère Jacques / Are You Sleeping | CoComelon Nursery Rhymes & Kids Songs,cocomelon,family,9746138.0,0.07533489
5KoGCxioCwY,2 MILLION ACE FAMILY MEMBERS!!!,acefamily,family,1616632.0,0.0063547445
iaMnKCvaK98,Airport Hugs! (WK 178.7) | Bratayley,bratayley,family,1355813.0,-0.056685023
K51B0nHXsZ0,PEANUTS MOVIE Snoopy School Bus Charlie Brown Video Unboxing Toy Video,thesuperherobuddy,family,621631.0,0.12501554
5c9HNsDOq1w,WE HAVE A NEW BABY!,thesacconejolys,family,404375.0,0.100893244
Rb7g64hrro0,Pirate Ryan and Friends found Buried Treasure FULL CARTOON ANIMATION,ryansworld,family,1088030.0,0.030032022
Li71uEumSpY,TODDLER’S FAVORITE SONG!!,dailybumps,family,608474.0,0.18952288
uX-cTXOew9s,Chris Cares for the Pink Car,vladandniki,family,10465590.0,0.027306948
UsN0-UAQ91c,Besties Make Crazy Ginormous Slime!!!,everleighrose,family,685750.0,0.09064283
dHezIjJuxTU,I Hid From My Dad For 24 Hours!,rebeccazamolo,family,4058779.0,0.08887676
ii3C6xMXXlY,Someone DID THIS TO MY HOUSE... (not a prank) **LIVE FOOTAGE** 💔| Piper Rockelle,piperrockelle,family,7430286.0,0.26047802
v0KUf8XK0Ag,Ryan's World Collab with Gacchannel! Fun Toy Exchange between US and Japan!,ryansworld,family,19742266.0,-0.0151244085
vQcjg56ER9A,PUPPY NAMES!,thesacconejolys,family,485227.0,0.030499164
EdhWGmROtJY,Reese And Perri Go To A Formal Dance | GRWM Vlog,theleray,family,73108.0,-0.055143084
gqAjxteQ0ic,CHRISTMAS IS RUINED! (12.13.13 - Day 322),dailybumps,family,116562.0,0.2342801
3IxLY9edhdk,Look at our Elf on the Shelf Hiding Spot!,ryansworld,family,695917.0,0.067259505
6gMFI9sQVA8,Assistants First Day Back to School playing Roblox High School,thesuperherobuddy,family,171642.0,-0.066064775
KkhkYVJClOM,Unboxing the Zoomer Marshall Robot Paw Patrol Pet,thesuperherobuddy,family,403523.0,0.03619512
NWfBkxBh4UE,Assistant Plays With her Dog Wiggles New Favorite Ball #FamilyFun #FunnyDogs,thesuperherobuddy,family,143067.0,0.0035150237
BSR02kNKzdw,Playing the Greedy Gator Game with Paw Patrol and Miles from Tomorrowland,thesuperherobuddy,family,4827586.0,0.004788803
sDk1tE1d284,Who Taught My Kid This ?!,kkandbabyj,family,278717.0,0.11940183
MJN7b2fA6io,Who’s most likely to… *Parents vs Kids* | Family Fizz,familyfizz,family,1030960.0,0.028230935
8OztLOcAx8w,WHY WE DECIDED TO MOVE | THE LEROYS,theleray,family,271378.0,-0.05326146
Pe4DJKTgxHc,Surprising Our Kids with a PUPPY!  || Mommy Monday,familyfunpack,family,7308740.0,0.06757484
sXxods1_vsY,Assistant &  Friends Winter Wonderland Fun playing Hide and Seek,thesuperherobuddy,family,662339.0,-0.13982327
FnSAjP6Oit0,Ryan Pretend Play with School Bus Tent!,ryansworld,family,22105421.0,-0.014452229
_ZIub3MXp-w,BOYS ONLY Secret Clubhouse,familyfunpack,family,1498386.0,-0.00862978
rCLstjet5bk,Disney Cars Lightning McQueen Scooter Shopping Trip with Ryan ToysReview,ryansworld,family,30537294.0,-0.004119782
fnFduoAs8BU,Assistant Has a Talent Show for Her Dogs Wiggles Waggles and Waffles,thesuperherobuddy,family,103352.0,0.05923753
AMS0sisI2yM,Live highlight from New Year's Day,familyfunpack,family,66916.0,0.045344606
9RcL3-zvFBc,Finally Fixing Up Our Backyard!,kkandbabyj,family,187663.0,-0.10142812
ytAHaNBvgiE,Michael Gets Hurt,familyfunpack,family,3824072.0,0.21028286
NySfEDppPTg,SOMETIMES WE FIGHT!,thesacconejolys,family,254905.0,0.09343705
NtgtUTnqVnU,Easy DIY Science Experiment Which Paper Towel is the Strongest!!,ryansworld,family,10062512.0,-0.06254832
As-G8zhm9-c,Taking The Kids To Get Princess MAKEOVERS At Disneyland!,theweisslife,family,208856.0,0.014889106
TZEp9DsbvIk,"HAHAHA, who's taller?",brentrivera,family,5759285.0,0.06821496
mXmPQW2GLKk,WAKING KIDS UP TO FLY TO ANOTHER COUNTRY!! | Family Fizz,familyfizz,family,2007281.0,-0.0053630043
xpmU8dCteIw,4 year olds Everleigh & Ava bake with their Baby Alive dolls I Foreverandforava,everleighrose,family,1143133.0,0.06861297
7XD5QZQSCiI,Beatrice Goes To New York,rebeccazamolo,family,69344.0,0.06434147
Fs8Rk2ZBax4,Growing up with siblings be like…🤣 #shorts,theweisslife,family,184776.0,0.091751345
_IKYEykFMKI,600 Ft Driveway - Episode 7,bonniehoellein,family,62683.0,-0.06402018
eSd3RC0bTYA,Assistant Summer Fun with Flips and Surfing with PJ Masks and Paw Patrol,thesuperherobuddy,family,587253.0,-0.0681494
9IDcjPA5pFY,Food Choices for my Family of 10 in Albania 🇦🇱,familyfunpack,family,245235.0,-0.23170042
xbtGXwqSoDA,Most obsessed ex ever no joke #shorts #piper #piperrockelle,piperrockelle,family,1315779.0,0.18267697
ych4lJkgXm8,Baby Landon Is Almost Walking!,kkandbabyj,family,244625.0,0.07917287
RGj1E_HSwEA,MY DAUGHTER AGES 1-50,jordanmatter,family,61554625.0,0.052270062
NKgrr97uyrk,Surprise Party (WK 399.2) | Bratayley,bratayley,family,596975.0,-0.002892593
lb2FafjWJLM,We LEAKED our PHONE NUMBER! | Family FIzz,familyfizz,family,399674.0,0.13754141
onjNXg39Tfc,"If You Laugh at THIS, YOU'RE MEAN!!",ehbee,family,831410.0,-0.061726097
sDOxAu5ODU0,Assistant Plays What's Inside the Box #FamilyFun #FamilyGames,thesuperherobuddy,family,116319.0,-0.047650218
ZrDPREWkonw,RATING CRINGY MUSICAL.LYS! | JoJo Siwa and Rebecca Zamolo,rebeccazamolo,family,4713881.0,0.06847964
X7Y53AFtGZQ,Best Cardboard Adventures for kids,vladandniki,family,17915378.0,-0.025750345
j3uSZqViUFA,Extreme Quarantine Measures #athome,bonniehoellein,family,130184.0,-0.08721985
aEDZE2O48gA,The First Dance of September 💕🖼️,piperrockelle,family,1900943.0,0.001298137
hfdVCZdKHV4,Assistant with Wiggles and Waggles Treat PJ Masks and Elsa,thesuperherobuddy,family,2251174.0,0.13487244
7ZdKUg_iTuY,Unboxing the Sheriff Callie Singing Figure,thesuperherobuddy,family,136555.0,0.12697312
dqSLL-3PKuE,THEY SURPRISED ME WITH THIS FOR MY BIRTHDAY!,piersonwodzynski,family,3108571.0,0.028451659
L6CeODvqjK0,TheSacconeJolys - BECAUSE I'M WORTH IT!,thesacconejolys,family,29435.0,0.050316088
VKzmnT3OQO4,INFESTED WITH BLACK WIDOW SPIDERS?!,theweisslife,family,27006.0,0.1579214
55uvehBhtTQ,Assistant and Batboy Ryan turn into Toy Story Gabby,thesuperherobuddy,family,1375090.0,0.044895276
iSOKrRse5nc,BABY IN THE KITCHEN!,thesacconejolys,family,193854.0,0.05502723
0GhLU5vAVpg,BABY vs LEMON!!! Who has the CUTEST reaction? | Family Fizz,familyfizz,family,589382.0,0.11277468
x2xvzwb9Xtg,Can You Read This? Fun Reading Challenge with Ryan!,ryansworld,family,193273.0,-0.0796161
FMF23nl6qV4,FIRST DATE WITH CASEY SIMPSON | THE LEROYS,theleray,family,461350.0,-0.08223303
u61Ai0OPi3Q,Assistant on the Farm With Tractors and Mickey Mouse and Funny Animals,thesuperherobuddy,family,352739.0,-0.07840812
fgXeiZU-Nm8,I'm A Total Failure #shorts,piperrockelle,family,1064499.0,0.11978233
otQJco9UKKE,WE BOUGHT A SWIMMING POOL!! (and its better then Zalfie),thesacconejolys,family,718616.0,-0.0981379
tw0_pGn-FNo,What I'll be going tomorrow???,ryansworld,family,543969.0,0.021345349
KjCeeOjGWfc,One Way Ticket to Europe - Family of 10!,familyfunpack,family,129034.0,-4.6007335e-06
DVs5yVuhpBc,TheSacconeJolys - Card Controversy - Day 37,thesacconejolys,family,10197.0,0.029825069
n1haZT3EO74,STAIN SNAIL STYLE | SACCONEJOLYS,thesacconejolys,family,9296.0,-0.0013878532
0GkZ30oqc98,1st Person To Guess Age Wins $100! ft/ Anna McNulty #Shorts,jordanmatter,family,155447813.0,0.09108537
6rO6BvtCq9w,EXTREME ROOM MAKEOVER IN ONE COLOR CHALLENGE,piperrockelle,family,3239874.0,0.06714399
0VGCazpmQ5c,BABY RELAXING IN THE POOL!,dailybumps,family,1591290.0,0.11769262
dmff25MBAkM,Japanese Candy for kid with Thomas and Friends Toy Trains,ryansworld,family,10488969.0,-0.08933833
Hz6xRfB4ENk,Catch the Bubble JJ! CoComelon Bubble Challenge! #cocomelon #shorts,cocomelon,family,5337544.0,0.07255712
chNfgl605Bo,Pie in the Face for 50 Subscribers! (WK 2.2),bratayley,family,562314.0,0.016340254
iGPUkSwQKwI,What’s in Our Advent Calendars? DAY 15🎄#shorts,theweisslife,family,63041.0,-0.10424858
a4P05X0_sy4,23 WEEKS PREGNANT BUMP UPDATE *huge!* | Family Fizz,familyfizz,family,164532.0,0.11759335
zvoH8ClooK8,What Happens To Your Body If You Don't SLEEP!,ryansworld,family,1036486.0,0.017476378
oHOyw4Ps9kI,Ryan Escapes the Evil Hamster Maze!,ryansworld,family,451161.0,0.052512906
F0gcBkfq2Mc,Assistant Builds A Lego Maze to Challenge her Funny Dog Waffles #Dog #FunnyDog,thesuperherobuddy,family,53610843.0,-0.0505493
CUFdcUD7hN0,I chopped my hair off + kids reactions to my new hair!,kkandbabyj,family,156954.0,0.18019783
rgMcQf_YZ5g,WE CAN'T BELIEVE WE DID THIS...,acefamily,family,6584919.0,0.15753785
5olc7vSlfs8,FUNNY BLOOPERS: September,bonniehoellein,family,287908.0,0.153126
wO88dpMRISo,4th of July 2021 Snake River - RV TRIP,bonniehoellein,family,158991.0,-0.07860667
EEU9uqhDQ8U,Challenging My Pregnant Wife!!,dailybumps,family,65952.0,0.19111203
OJHTUNfexJY,Our Summer Vacation | The LeRoys,theleray,family,130734.0,-0.047872487
5QUV3TndWo8,How to Wash your MINKY BLANKET plus 50% off,bonniehoellein,family,32028.0,0.024914932
1qNZoJvIueY,Don't Spend it All in One Place (WK 156.4) | Bratayley,bratayley,family,252156.0,-0.03504717
yfVW-r5gYDk,Totally Pink Bedroom Makeover Prank,familyfunpack,family,1955445.0,0.20716055
-B1j8eeeCkY,Opening Lion Guard Surprise and Doc McStuffins and Sofia Bling Bags,thesuperherobuddy,family,1179338.0,0.021220468
6it2vXSMMIY,I feel STUPID!! 🤔,tannerites,family,253822.0,0.022085708
3odHkDxIIy0,Level your lawns Bumps,bonniehoellein,family,39762.0,0.037489977
JkmA4uiU1Tw,MORE QUARANTINE SURPRISES!,dailybumps,family,169197.0,0.10449605
2NIC6omng7k,Christmas Day Dog Fight (WK 416.6) Bratayley,bratayley,family,674019.0,-0.0349122
rlGhopmmuas,MIA'S 14TH BIRTHDAY PRESENT OPENING! | Family Fizz,familyfizz,family,2209426.0,-0.010084737
kfX43vaSGVk,Texting Mafia On PLAYGROUND!,tannerites,family,3297901.0,0.1313694
uhZOUY3Magw,WHAT REALLY HAPPENED IN DUBAI...,acefamily,family,787279.0,0.09434057
sRU1cuMvs1s,Assistant Hunts for the Paw Patrol treasure at Aulani in Hawaii,thesuperherobuddy,family,5708000.0,-0.06331229
PQsJbLulSsQ,She's Back | sharing highlights from friend trip  | The LeRoys,theleray,family,233094.0,-0.0041815694
nL2OkC_VIN0,Our SPRING BREAK Destination REVEALED! Family Vacation w/ 6 KIDS ☀️🌴,theweisslife,family,33283.0,-0.055811618
eu8gyGhA-t8,365 DAYS OF VLOGGING!,thesacconejolys,family,22742.0,0.07282278
zfh8SVl_org,Alyssa Babysits 5 Brothers Alone for the First Time!,familyfunpack,family,1892106.0,0.05806092
BfGolY3YSHk,Little Charmers Learn to Fly Brooms and Toys,thesuperherobuddy,family,499619.0,-0.063618116
kjIgLs0ToFs,Charmazing Charm Bracelets Unboxing and Tutorial,familyfunpack,family,782136.0,0.06212513
-5K-LRTzRFI,Amazing Pumpkin Carvings With My Chickens (RESULTS ARE SHOCKING!),dailybumps,family,43032.0,-0.049877897
hYqDXm5R2m0,ALLERGIC REACTION SENT ME TO THE EMERGENCY ROOM?! ❤️‍🩹🚑 | Piper Rockelle,piperrockelle,family,5367168.0,0.17734611
c3hAn26dN3s,OUR PARENTS REACTION TO OUR PREGNANCY NEWS!!!,acefamily,family,9044262.0,0.259462
w14La7_phUI,Baby Boy Loves His Birthday Present!,kkandbabyj,family,442435.0,0.0076321214
wbl9anP2SeQ,"Mia is pregnant, we're going to be grandparents!",familyfizz,family,4948.0,0.16900556
HE_nD5sGVYY,I’ve Been Hiding The BIGGEST Secret From My Boyfriend **SHOCKING**😳 | Piper Rockelle,piperrockelle,family,4507971.0,0.23596519
_mpWk0g-obM,Ryan’s World Presents: Sunnyside Up! We SURVIVED First Semester! FULL Episodes 1-4,ryansworld,family,226160.0,-0.12897952
V-gBpxhVMFg,Assistants Toy Story 4 Surprise Pretend Play Carnival with Lion King with Aladdin,thesuperherobuddy,family,148590.0,0.038268965
fbqTXSFkKW8,My DAUGHTER made a BIG MISTAKE 😊 #shorts,theweisslife,family,638714.0,0.22598693
_j37R5g0ck0,DIGITOUR & MUSIC VIDEO SNEAK PEAK | Brent Rivera,brentrivera,family,161767.0,0.1007666
frKe1hLLFsM,TWINS!,kkandbabyj,family,50145.0,0.015220737
A5ykpiPFRes,Transforming My Daughter Into Barbie,jordanmatter,family,31639949.0,0.123722106
Hy5RGFdhGbM,Guess it or Gift it!,familyfunpack,family,372955.0,-0.15843688
7WYeNrHpySY,SOS (WK 205.3) | Bratayley,bratayley,family,170006.0,-0.020615326
H01h9EGhAPA,🎵 Our FIRST music VIDEO!! 🎥,tannerites,family,3048624.0,0.0594528
qv6wInvv9fg,WHAT'S IN MY BACKPACK? END OF SCHOOL YEAR 2018,theweisslife,family,887925.0,0.015014257
PE4Z5O5Rxg4,Rhett's Dramatic Overtime Win,theleray,family,57823.0,0.12073969
CkQ2I8zsVyY,Skidamarink 2 | CoComelon Nursery Rhymes & Kids Songs,cocomelon,family,177266434.0,0.082715705
t4cKcOpVR7o,THIS CROWD IS SO LOUD I LOVE IT,piersonwodzynski,family,252545.0,-0.012514092
qaOkTVeSQ_w,I’ll never fully understand 💔,theleray,family,100302.0,0.019926263
vu0tIcfm77Q,SAYING GOODBYE!,thesacconejolys,family,238950.0,0.063718714
B5delB-FVbI,The Assistant House Surprise Looking for Paw Patrol and PJ Masks Toys,thesuperherobuddy,family,231075.0,0.07922586
vXmH_f6u9Zk,Hurricane Irma Hits Home (Orlando Florida Live Footage),kkandbabyj,family,1387104.0,0.12969348
_QuucL5RYR0,Dancing Corn Easy DIY Science Experiments for kids to do at home!!,ryansworld,family,3867102.0,-0.09134106
4nT8637t8_w,My Favorite EMPTIES,bonniehoellein,family,38988.0,0.051725633
C-R-pCSDaIc,Incredibles 2 Baby Jack Jack is babysit by the Assistant with Paw Patrol,thesuperherobuddy,family,987106.0,0.1278936
eQ2AMJgbH8c,OPENING OUR ADVENT CALENDARS! DAY 16 🎄 #shorts,theweisslife,family,75486.0,-0.047848545
9iX8Wc17pBo,I CAN'T BELIEVE this is REAL #shorts,piperrockelle,family,926266.0,0.15065244
4P8PLHUqVq4,Assistant Shrinks Tiny and Plays Hide & Seek with Poppy from Trolls,thesuperherobuddy,family,222067.0,0.11637537
QZpT4aG3qGw,Breakfast in Switzerland 🇨🇭,familyfunpack,family,68844.0,-0.104855716
gLGXJxIWaqY,Back Stage with #Flair | Playlist Live Orlando 2016 (WK 277.7) | Bratayley,bratayley,family,8828097.0,0.045105312
ntAFxxnfCbg,Do the Train Song 🚂 Dance! Choo Choo! #cocomelon #shorts,cocomelon,family,3600467.0,0.07722522
UKJPX64914k,Vlad and Niki and stories about how important is it to be kind and honest,vladandniki,family,314984392.0,0.0959214
Y3kCAUd2W60,24 Hours with 5 Kids on Halloween in Washington DC,familyfunpack,family,5449055.0,-0.06647826
z8gEbnULzFU,BABY'S FIRST SWIMMING LESSON!,thesacconejolys,family,159638.0,0.009238113
jg2GiGKrbDI,Brave - Sara Bareilles Cover (Fighting Cancer) ft. Madilyn Paige & The Tannerites | #GoMakeItBetter,tannerites,family,1325155.0,0.07787682
YR3S4T22zg0,HE CRIED WHEN HE SAW THIS! 😢,dailybumps,family,417971.0,0.1706253
DpjGXIkuHoI,Rhett's Birthday,theleray,family,243358.0,0.046323746
ucj5V-nKiPw,BABY DRIVES SPORTS CAR!,thesacconejolys,family,156707.0,0.092089206
P0OHHvp5pBo,Magic Cake: Family Fun Pack Cooking,familyfunpack,family,1820464.0,-0.12281182
vEfD3AbR4cA,A Book About a Hayley (WK 195.3) | Bratayley,bratayley,family,517919.0,-0.08619994
bpQXzpXMkxk,"Music Video - New York, New York Song",familyfunpack,family,232565.0,0.1310117
_vU3OJq_3BI,Unboxing the Paw Patrol Jumbo Rubble with Jack Hammer Toy,thesuperherobuddy,family,404213.0,0.095061824
CiiXLe6FKRU,ASSISTANT Silly Races Paw Patrol + Mickey Mouse TheEngineeringFamily Live Action Funny Video,thesuperherobuddy,family,550997.0,0.010308424
3mnoZ2f3nI8,SCARING THE KIDS WITH FOOD!,thesacconejolys,family,385031.0,0.17626143
FA13CUu2xUM,FIRE UPDATE *we are ok*,theweisslife,family,21578.0,0.034844615
SMt3CJiLl9I,Don't Find The Wrong Mystery Apple iDEVICE!,tannerites,family,3144007.0,0.020287234
DSmrmHUGq0I,I Am Offended..,kkandbabyj,family,334775.0,0.22753677
t8bo5aygbO8,TOP 100 EH BEE FAMILY VINES OF ALL TIME!!,ehbee,family,899370.0,-0.10400993
x1MabXuH__M,TERRIFIC TODDLER TRAVELER!,dailybumps,family,342157.0,0.10359843
oypy7bm_Tu4,TROLLY DOLLY!,thesacconejolys,family,218038.0,0.0616182
6LUUfDiUvYQ,HALLOWEEN HOUSE TOUR!,theweisslife,family,296770.0,0.010686756
VDRbUNIFey8,ELLE'S FIRST LEMONADE STAND!!! (SHE EARNS REAL MONEY),acefamily,family,12794550.0,0.031899933
O9vf8fHb1Bg,Outdoor Summer Concert,bonniehoellein,family,168650.0,-0.053568758
L-9Km9wkU_I,MOVING DAY - Saying Goodbye to ELLIE,bonniehoellein,family,463338.0,0.010715552
Ixg5MIBh9sc,Alvin and the Chipmunks Has Alvin go Goes Away a Funny Toy Parody,thesuperherobuddy,family,3073997.0,0.14299047
R9A4FoiadPc,Baby name reveal game ep3,thesacconejolys,family,210482.0,0.12669091
yQLFo-ZHOh4,Minty Lemons (WK 204.6) | Bratayley,bratayley,family,3047830.0,-0.0397375
nIc_7QyNo9I,We kept a secret from you… | Family Fizz,familyfizz,family,267355.0,0.085920304
ED1l3vjpnhg,We FOUND the GAME MASTER'S House! New Evidence Exploring SECRET Hidden Underground Tunnel!,rebeccazamolo,family,10234830.0,0.08742981
9F7Zr0LhAhE,Our New FULL TIME Living & Home School RV,bonniehoellein,family,110505.0,-0.2164087
59VHXkQ0ep4,JJ's Birthday Party Songs 🎂 Wheels on the Birthday Bus + MORE CoComelon Nursery Rhymes & Songs,cocomelon,family,5301572.0,0.025707899
8EG4DqJe_4w,EMOTIONAL CHRISTMAS PET SURPRISE! - Daily Bumps 2019 Christmas SPECIAL!,dailybumps,family,1162173.0,0.15670122
Ggs1UbJyDD4,HUGE AUTUMN CLOTHES SHOPPING HAUL | Family Fizz,familyfizz,family,449667.0,-0.083637
7t_Lm4TqERk,Egg Roulette | Egg Head Smash (WK 142) | Bratayley,bratayley,family,3549198.0,-0.013708665
WtRjnWDf1LI,Talent Show 🎤 (WK 326.3) | Bratayley,bratayley,family,1286548.0,0.009036416
vBFZ4-dblds,MOM OF FIVE DAY IN THE LIFE: SHOPPING FOR CHRISTMAS & DECORATING!,kkandbabyj,family,162761.0,-0.022240134
ynjwDyjfTMw,Assistant’s Snow Maze Race for dogs: Can Waffles beat Wiggles and Waggles? FamilyFun #FunnyDogs,thesuperherobuddy,family,63614.0,-0.01049953
XUtCMs2nr4c,Five Little Ducks! + More Nursery Rhymes & Kids Songs - Lellobee by CoComelon,cocomelon,family,3792771.0,-0.007894995
ZA3i4oAGBXw,ROBLOX NINJA TURTLES FAMILY CHALLENGE,ehbee,family,50395.0,-0.0011445507
PPQ-Bvdfo3A,Vlad and Nikita show cars toys in new home,vladandniki,family,157709547.0,0.060086757
OWg76f8LOio,"I'll pay you, to tell me Boston!",bonniehoellein,family,130694.0,-0.010347439
aDPZoNjFSHs,SUMMER FUN AT THE BEACH!,theweisslife,family,48854.0,-0.0074749254
cxG4vqX52Is,Quizzing My Husband On Female Products!,kkandbabyj,family,158645.0,0.107691176
OFMM72Cfb1I,More Cancerous Cells Found,bonniehoellein,family,127693.0,0.13716117
zGriAwBCDUs,DAD'S HAVING A BABY!,thesacconejolys,family,201254.0,0.17544536
OhCDRHMtQpQ,SPEAKING ONLY SPANISH TO MY HUSBAND FOR 24 HOURS!!! **HE DIDN'T UNDERSTAND ANYTHING LOL**,acefamily,family,20955293.0,-0.025860542
m6yVCAfO2_c,FORTNITE DANCE CHALLENGE with COSTUMES!! - (In Real Life),ehbee,family,44978575.0,-0.04069055
Aqq4eJoXSJk,BABY'S FIRST COFFEE!,thesacconejolys,family,52917.0,0.028550968
QoqHGmytg5A,AMERICAN M&M FLAVORS TASTE TEST!!,itsyeboi,family,295000.0,-0.00058365986
CWdWtN00R0g,Assistant and Waffles must Find the  Paw Patrol and Not break the Ice!,thesuperherobuddy,family,201377.0,0.06822434
qJxDfkR2-Ig,Fixing the YouTube Logo #shorts #familyfunpack,familyfunpack,family,276867.0,0.06307162
t0AzwRLzeNA,Cutting My Own Curly Hair!,bonniehoellein,family,42560.0,0.1434406
3Mh3Y9Y_jpM,The Holidays are Here Song | CoComelon Nursery Rhymes & Holiday Kids Songs,cocomelon,family,10754479.0,-0.060994714
px8yAC630dQ,Dream Vacation Spot Roll Call #shorts,familyfunpack,family,217486.0,-0.03277409
elxAJS56Z9A,Guess the Cartoon Character from Shadow Challenge!,ryansworld,family,1639037.0,0.010523122
4b71hhDr_mE,Vlad and Nikita play with toy surprise machine,vladandniki,family,47814787.0,0.13165751
uiBsAm5gBas,Built Our Deck in the Rain! Episode 29 - Custom Home Build,bonniehoellein,family,39177.0,-0.10525987
dXuMMMtMgLI,"sunday morning: new home improvements, sunday reset! 4-16-23",kkandbabyj,family,87989.0,-0.060351156
YS4lb1W4hBE,Tannerites Build A Couch Fort - The Movie!,tannerites,family,2484883.0,0.03282568
jrBDFrlG1hQ,Cody's Bedtime Routine! Let's Get Ready for Bed! #shorts #cocomelon,cocomelon,family,4924166.0,0.021659657
OeFL68Oxjbw,4 YEAR OLD MODELS AT PHOTOSHOOT (BESTIE GOALS) Everleigh and Ava!,everleighrose,family,112957.0,0.003884919
mhszVpqPF-k,CUTTING MY HAIR To See How My Boyfriend Will React **HE GOT MAD**✂️💇‍♀️ | Piper Rockelle,piperrockelle,family,2968583.0,0.20364174
0D1DbM73IAQ,"first day of summer break, mini restaurant update + universal surprise!",kkandbabyj,family,125651.0,0.064917356
yD6wgoB8Noo,EVERYTHING CHANGED AFTER WE DID THIS...,ehbee,family,485908.0,-0.01896274
JxAXYirwvlw,BULLIED TEENAGER BECOMES SUPERMODEL *Emotional*,jordanmatter,family,3478733.0,0.3258749
d5k-FDpSjCo,It's so annoying😂😂,brentrivera,family,13527370.0,0.09520596
0X2Bno5ehig,BOYS vs GIRLS Trapped in a TINY ROOM,jordanmatter,family,61424298.0,0.065399416
FKWc2AKwB-M,Escape The School Bus Home School With Miss Cranky!,tannerites,family,21038954.0,-0.048789233
48pJR3Kdx2A,First Day Practicing With Their  New Cheer Teams | Private Tumbling Lessons | The LeRoys,theleray,family,144705.0,-0.0024306523
j4LBhR6beI8,WHAT DO WE DO?!,thesacconejolys,family,116980.0,0.057880428
9ZjkN7iHTa0,ASSISTANT and BATBOY Outdoor Fun with Water Guns a Funny Kids Video,thesuperherobuddy,family,2963924.0,0.12975943
lzDMDHaXTSs,What Is This Terrible Sickness..,kkandbabyj,family,280520.0,0.118349835
7IGeaASr6xM,TODDLER PLAYS UNDER THE BED!,dailybumps,family,1508723.0,0.14242986
M5Byww-rz-Y,Yes Yes Fruits Song + More Nursery Rhymes & Kids Songs - CoComelon,cocomelon,family,57683045.0,0.029452927
YEuGLdEh3x0,Making RAINBOW PASTA for lunch! | Family Fizz,familyfizz,family,196104.0,-0.088206306
d6eoSBXpiIM,Kids GLOW-IN-THE-DARK Costume Runway Show,familyfunpack,family,7991107.0,0.07863234
pobiZulkfyo,Sutton’s Reaction To Toddler Bed!,kkandbabyj,family,168282.0,0.17014438
E1JH0ruV7FY,I’m clearly romantic 😂😭,brentrivera,family,3637026.0,0.019098386
IDsqis7qH0I,Wednesday Addams Back to School Guide!,ryansworld,family,70751.0,-0.103161894
1hhoPJoHDtQ,Assistant Goes Camping with Paw Patrol and PJ Masks in Box fort City,thesuperherobuddy,family,7770474.0,0.0031280275
tSFr1psC328,WE'RE OFF TO ORLANDO! (Disney World Trip),thesacconejolys,family,227623.0,-0.046830624
eGrahwE_koU,ON A PLANE AGAIN!,thesacconejolys,family,338417.0,0.08859196
JkDSpO0QTs0,Disney on Ice Let's Celebrate!,familyfunpack,family,748541.0,-0.0036898032
HL5GUuK49Ag,My Mommy Song | CoComelon Nursery Rhymes & Kids Songs,cocomelon,family,144757851.0,0.136596
jUpLqBBQ9g8,Playing Zelda Echoes of Wisdom on the Nintendo Switch Part 1 LIVE,thesuperherobuddy,family,3362.0,-0.0058275163
orOuvvMMiZU,"Summer Morning Routine | Dance, Cheer & Soccer | Pre birthday Shopping for Perri",theleray,family,315090.0,-0.130744
fQz57_TN30A,Assistant Plays PJ Masks With Owlette and Catboy Nintendo Switch,thesuperherobuddy,family,2054052.0,0.0233849
YaXc0wWI2aQ,Surviving the WORLD'S TINIEST HOUSE for Daughter,rebeccazamolo,family,7573242.0,0.0775992
PX2PlQJz61o,Nothing Better #shorts,theleray,family,82996.0,0.068158075
40NFcRmTuh4,Michael and His Future Wife?,familyfunpack,family,1389537.0,0.004497314
bso9V4pwnAI,Break In While We Were Home | Caught On Camera | Dog Saved Us | The LeRoys,theleray,family,176316.0,0.0495634
bWsDr7b8w9I,OPENING DAY 6 OF OUR ADVENT CALENDARS!🎁 #shorts #holidayswithshorts,theweisslife,family,70415.0,-0.12295188
4dVDWgmJAZA,Giant Game of Clue IRL,rebeccazamolo,family,4620127.0,0.19061126
xNNCPeoLAuk,SOFIA THE FIRST Play Doh Amulet and Jewels Vanity Playset,thesuperherobuddy,family,215257.0,0.05306033
niyC37Zh-ak,MOMMY HORROR STORY!,dailybumps,family,736819.0,0.10007319
1Z8DENodqOU,DIY Colorful Cookies 🍪🔴🟢 for Christmas! #shorts #diy #easycrafts,cocomelon,family,3068848.0,-0.04072036
NiYhfOUX2OY,Assistants 30 Second Challenge Pony Cycle Race #familyfun #30SecondChallenge,thesuperherobuddy,family,146917.0,-0.0752417
bahFzN2ilp8,What's your Harry Potter house?,familyfunpack,family,91104.0,0.008357707
TlSF8f-kGGo,Be My Valentine (WK 424) Bratayley,bratayley,family,3254600.0,-0.08380951
T8hMsanXlyk,Crazy Cat (WK 72.2),bratayley,family,1289517.0,-0.03939271
OoF_dOlHHXI,ASSISTANT + Bat BOY Play Big Bang Bounce Family Game TheEngineeringFamily Funny Kids Toys Video,thesuperherobuddy,family,336657.0,0.012009205
neBMwc9q6Vc,JOJO SIWA SURPRISED GRETCHEN AT HER 5TH BIRTHDAY PARTY!,theweisslife,family,2262304.0,0.090140805
CBEnzgIXovw,Why your muscles grow big and strong when you exercise,ryansworld,family,1333264.0,-0.0093773585
HvNdJ2RCReg,Swimming Song | @CoComelon Nursery Rhymes & Kids Songs,cocomelon,family,1582098533.0,0.003116468
zIBVC-yDPJc,SAD Wednesday Addams Was NOT Invited!,tannerites,family,631103.0,0.05176153
qnNVIkgweis,"HEXBUG Aquabot Jellyfish, Sea Horse & Remote Control Angelfish",familyfunpack,family,16825784.0,-0.0013471171
IluNPvEPhR0,I WANT MILK!,theweisslife,family,26764.0,0.06908688
JStnNunJog0,SATISFYING HER PREGNANCY CRAVINGS!,kkandbabyj,family,89222.0,0.17115468
TZKEa1Ydhs8,Tiny Assistant Shrinks in Giant Burrito with PJ Masks and Scooby Doo,thesuperherobuddy,family,470515.0,0.13107072
DMkulZ9gpkE,Assistant Plays the Santa Factory Game with Dog Wiggles and Waggles,thesuperherobuddy,family,1828683.0,0.022552855
l-KSDWteVo8,Master Bedroom Makeover!,kkandbabyj,family,284139.0,0.0042867265
DyOO1V8i7oQ,Wheels on the Camper Van | CoComelon Nursery Rhymes & Kids Songs,cocomelon,family,215566864.0,-0.07838749
063F4j78bcg,Big Plans CANCELLED... + Homeschool How We Do It!,familyfunpack,family,326620.0,-0.010245604
ayBCU1jC8Jc,Vlad and Niki Music Band,vladandniki,family,28801681.0,-0.025013097
9DhO9zIo6Fk,Birthday Cake Surprise For Bryan! 🥳,dailybumps,family,831966.0,0.042937625
I13eqSrX7MI,Griffiths Family Christmas Party 2019,bonniehoellein,family,242925.0,-0.036782928
cRj0YLX6eQY,Guess the Candy Challenge,rebeccazamolo,family,255482.0,0.022556163
FBWenMTqiWI,Saying Goodbye Is Never Fun.. (Todd & Corinna),kkandbabyj,family,350991.0,0.109956786
l5k9SkWPFnk,SPANISH CLASS WITH GLOZELL,ehbee,family,921938.0,-0.0023161434
Ga6mS6WN2RM,Do Not Try This at Home...Kids (WK 204.5) | Bratayley,bratayley,family,2108151.0,-0.006667385
Xr9jss8KesM,Assistant Hunts For Minions Released by PJ Masks Romeo,thesuperherobuddy,family,572760.0,0.16773784
9MmO0GU42hE,Wearing Abayas for the first time | Family Fizz,familyfizz,family,162243.0,-0.033969603
HpApd8HF-h0,Giant Board Game Challenge! Winner get huge Treasure Chest!!!,ryansworld,family,131821949.0,-0.01713586
N3TOmEHhx88,What I got for Christmas! HAUL 2021,bonniehoellein,family,198483.0,-0.018218901
NJv1KNQRFnU,Paw Patrol Play Doh Birthday Clown a  Toy Parody,thesuperherobuddy,family,545942.0,0.10626377
C4GisABj0V8,The Secret Life Of Pets Saved by the Assistant from PJ Masks Romeo,thesuperherobuddy,family,844772.0,0.13400328
72fFMxXq2TM,That Boy is Mine 💋🎀,piperrockelle,family,1143975.0,0.09919427
b5g8Guimfvo,PREGNANT IN HAWAII REACTIONS!,dailybumps,family,626662.0,0.2222617
MGOHvJByHsU,Eating dinner off toilet seat to get family’s reaction…,familyfizz,family,238035.0,0.15262292
8j1IJnYr8Rk,Where There’s Smoke… 💨 | Elemon: An Animated Adventure Series – Episode 18,ryansworld,family,59724.0,-0.051907197
2SJALNolKpk,DIY GIANT RAINBOW PANCAKES!! & NEVER HAVE I EVER CHALLENGE W/MY HUSBAND!,rebeccazamolo,family,1326044.0,0.038224995
nQJkIBygUtQ,SAYING YES to EVERYTHING MIA SAYS in SPANISH! *24 Hour Challenge* | Family Fizz,familyfizz,family,3161086.0,0.007869927
F6yPSuIay1U,SWEDISH MEATBALLS,thesacconejolys,family,12003.0,-0.018554464
e4vslsRNZEg,FAMILY FUN PACK BABY GENDER REVEAL!!,familyfunpack,family,1802771.0,0.11740413
a_kAcYr8Q-8,Missing the children so…,familyfizz,family,90974.0,0.15986496
YuKl90taJaU,Dance Moms Kaeli Ware - How Many Jumps To Get The Perfect Photo?,jordanmatter,family,142566.0,0.07706435
jRQuRiiBSmc,What Santa Told Our Kids! *NAUGHTY OR NICE LIST?!*,dailybumps,family,194026.0,0.03998963
tBlNcLVAePE,Baby Owen's Morning Routine,familyfunpack,family,2884044.0,0.051550496
FULdBrMlq1c,I CAN’T BELIEVE WE DID THIS | THE LEROYS,theleray,family,172813.0,0.031332735
ZItJ0UlN_4E,Ryan vs Jack Jack from The Incredibles 2 using Thanos Infinity Gauntlet!,ryansworld,family,7064821.0,0.09202482
Xc0EL5P_lD4,Things Got Out of HAND,bonniehoellein,family,165949.0,0.08483506
KRxFjQJQdRE,LAST MINUTE BIRTHDAY PLANNING  | THE LEROYS,theleray,family,247265.0,-0.06081646
d2gJm4bP17E,Vlad and Niki's Family opening Christmas presents!,vladandniki,family,17108656.0,-0.002492074
cRc1JvlIXQc,WE TRIED THE HOTTEST CHIP IN THE WORLD!!! (AUSTIN HAD AN ALLERGIC REACTION),acefamily,family,19633151.0,0.09810295
7_rUYT_ZKPs,Learn Big Ben for Kids | Famous Landmarks around the world with Ryan's World,ryansworld,family,1807759.0,-0.056690045
TIU7Ez0fMoQ,I RUINED MY BEST FRIEND'S VACATION,piersonwodzynski,family,2163170.0,0.22049065
IOWLon4LhY0,Daughter Controls My Life For 24 Hours,rebeccazamolo,family,16468374.0,0.2576791
EGkmknNfa10,FINDING  REAL SURPRISE DINOSAUR EGGS! - Cave Exploration and Dino Dig!,dailybumps,family,2852036.0,-0.031909727
DHWhDEVYVlM,Super Spy Kids with Ryan and Combo Panda for the Golden Egg! |Cartoon animation for Kids!,ryansworld,family,6593129.0,-0.051808916
4yUH2LS3MIw,Getting TACOS on our ONE WHEELS! + House Updates,bonniehoellein,family,43765.0,0.08001373
3vrsWgekJ34,YOUTUBE SILVER PLAY BUTTON - UNBOXING,ehbee,family,588035.0,0.19015181
9T-iMt-F0wo,PAW PATROL Plays PJ MASKS IN Stacking Burger Game with Shimmer and Shine Game Video,thesuperherobuddy,family,944618.0,0.10810755
nyyjMEr6rpE,Ryan plays SmartLab Toys Demolition Lab Triple Blast Warehouse,ryansworld,family,5980729.0,0.042680636
T_FaEDdsmHM,Walking The Kids' Choice Awards Orange Carpet 😜 (WK 377.4) | Bratayley,bratayley,family,752015.0,0.0069294134
7s7TpScoAf8,Stranger Things Game in Real Life to Save Connor! Battle Royale at Arcade | Rebecca Zamolo,rebeccazamolo,family,23684262.0,0.14877424
lQeL-8OwVBg,Paw Patrol Rubble’s Digger Repair Mission with Assistant,thesuperherobuddy,family,24325551.0,0.09359692
-NXeyYarSx0,House Tour!!! 🏡,tannerites,family,504171.0,-0.092281885
kNPO3dllrec,Ryan plays Would you Rather Kids Edition Part 2,ryansworld,family,16117166.0,0.027008723
mFlXdBzUAqg,Who does BABY Karma LOVE MORE??? *Shocking Result* | Family Fizz,familyfizz,family,857957.0,0.20290335
3_9JGo0jlG4,Paw Patrol's Rocky Plays Leap TV with Rubble and Ryder,thesuperherobuddy,family,670472.0,0.038046107
TaxiVpqc_gY,Game Master Rescues Me in Battle Royale at Mall! (Does Daniel have a Twin?),rebeccazamolo,family,7167308.0,0.17847343
ww0yhUpjLH0,FROZEN Elsa and Anna's Parents RESCUED! The RETURN Of Parents Video Parody!,thesuperherobuddy,family,331329.0,0.18239911
lH4Pv8pDXos,Ryan plays with Crash & Repair Thomas the train  motorized Trackmaster train,ryansworld,family,17252799.0,-0.003635075
ukbVYORudjc,GIANT INFLATABLE BALL! (FAIL),ehbee,family,1305597.0,-0.06933327
QxUU9GWxl2w,Baby in Watermelon Waves Bye-Bye,familyfunpack,family,7890644.0,0.111911416
yT_Y5wcjtt8,Assistant's Jelly & Slime Pool Challenge for Kids! Fun with Paw Patrol,thesuperherobuddy,family,9507.0,-0.009278471
KPG_LPnUDhE,PRINCESS PROBLEMS!,thesacconejolys,family,257713.0,0.14426467
Oj7fEUPdJ_4,Niki like a dentist - kids story about caring of the teeth,vladandniki,family,33617108.0,0.058150463
8Z1HptgBjXE,Assistant has a Trolls Surprise Pod with Poppy and Paw Patrol,thesuperherobuddy,family,535607.0,0.047060966
3aceM821rTs,CHRISTMAS BOW CHALLENGE!,ryansworld,family,164393.0,-0.019231368
-iu0hLc9GAY,Surprising Daughter with Room Makeover!,rebeccazamolo,family,11303752.0,0.22286332
gfnIdm1GlIY,Learn about Sharks for Kids with Ryan and learn sea animals names,ryansworld,family,16336754.0,-0.049897987
MrGnpehQ-jE,The FLOOR is LAVA *in public!* | Family Fizz,familyfizz,family,229600.0,0.03378866
l_DUgXu9WTM,Assistant Pretend Play with PJ Masks Wolfy Kids Take Candy from Vampirina's Party,thesuperherobuddy,family,2226161.0,0.10010208
2HzX1S-6L7s,"Hiking, Rafting, and Camping The Grand Tetons",bonniehoellein,family,18887.0,-0.15476169
aTrtKikAW6E,Mary Had a Little Lamb | CoComelon Nursery Rhymes & Kids Songs,cocomelon,family,320144645.0,0.08614477
MaptZAl0xUI,📵 DON'T READ MY TEXT!! 📱,tannerites,family,313953.0,0.0016354732
aWct-hdynpo,Assistant asks Can Waffles the Dog Solve the Halloween Maze? 🎃🐶#FamilyFun #FunnyDogs,thesuperherobuddy,family,88840.0,0.050316814
LJY3v8lRfTc,CHRiSTMAS CANDY SALAD!🎄🍬 #shorts,theweisslife,family,27676.0,-0.06721276
0maW8Apf3s0,WILD ANIMALS IN OUR CAR IN REAL LIFE!!,familyfunpack,family,2690078.0,0.04192183
0zQETM1wglA,Rainbow Tacos 6 Million Subscribers Celebration!,familyfunpack,family,3378990.0,-0.011464959
5WSPSX17ynY,RECREATING CRINGY WEDDING PHOTOS!,rebeccazamolo,family,15829475.0,0.21346477
UR0mruVVz7U,BATTLE BALLOONS FOR FAMILY ANNIVERSARY!!,tannerites,family,128532.0,-0.12625237
bNpeVqqwDRQ,IT'S ALL SQUISHY AND WEIRD! (9.12.13 - Day 230),dailybumps,family,2893903.0,0.1724091
j4XZ8Oojt-w,Five Senses Song | CoComelon Nursery Rhymes & Kids Songs,cocomelon,family,269907606.0,-0.0037772413
n9VMbdZxIkg,Im Sorry Joel,bonniehoellein,family,266197.0,0.10130094
iIm_r-1rDQs,"I Make the Face, You Make the Sound!",ryansworld,family,188555.0,0.13720965
1Zjx4ITQUE0,Letting UBER EATS Orders Decide What I Eat For 24 HOURS!! (IMPOSSIBLE FOOD CHALLENGE),itsyeboi,family,403521.0,0.040307734
JSDZXWRxubs,Vlad saves Toys from the Rain,vladandniki,family,27196926.0,0.080032945
sDpk2ABspDk,Cody's MrBEAST Trampoline Challenge,bonniehoellein,family,34635.0,0.015484966
v2wyQPn7H8U,Doctor Visit To Learn Importance Of Washing Hands Story!,tannerites,family,12928012.0,0.06099823
UFjmF7Vqf-M,KIDS FIRST GO KART RIDE!,dailybumps,family,501758.0,0.003323784
x0r5qk_zr7M,A REASON TO CELEBRATE | THE LEROYS,theleray,family,139032.0,-0.070873894
j4m4-sCKcRc,It's Raining Popcorn! (WK 54.2),bratayley,family,228461.0,-0.035267852
ER7VuHra6LM,MY DAUGHTER OVERCOMES HER GREATEST FEAR!,jordanmatter,family,19776371.0,0.2567674
xm7dRoe29y0,Ryan growing Bacteria in the New House Science Experiments for kids!,ryansworld,family,2567635.0,0.009910503
HaoigIKZnks,Assistant's Amazing Drawing Robot! 🤖✨ Watch It Come to Life! #FamilyFun #StemGame #DrawingRobot,thesuperherobuddy,family,81234.0,0.001821354
302gDoVGDpo,Packing for a Family of 9!,familyfunpack,family,319745.0,-0.11282924
2fuJmxEAR90,Do the Best Friend Boogie! 🕺💃 Let’s Dance with JJ! #cocomelon  #shorts,cocomelon,family,21986783.0,0.055614304
Hh5Ik3lm0WI,WORLDS HARDEST CHALLENGE #shorts,piperrockelle,family,1222253.0,0.0751411
IOSTsiVSTnU,Thomas and Friends Toy Trains Rail Rollers Spiral Station,ryansworld,family,6741623.0,-0.101674706
-s8airdbjQY,Beginning VS End of the School Year | Brent Rivera,brentrivera,family,5229505.0,-0.07756864
IuvezTLGnUQ,Ryan Makes His Own Comic Book!,ryansworld,family,825443.0,0.0010512564
lMaVX8SkWwM,Kids learn to choose healthy food in the supermarket,vladandniki,family,7094497.0,-0.0043469593
Xi9CFFn-l9M,She almost fell for that! #shorts #shortsvideo #twins,ryansworld,family,3160235.0,0.23167002
uteoj0BhG-s,I Built a SECRET Room in a 7-11 (with Fede Vigevani),brentrivera,family,24021429.0,0.0577073
bTjuppnRvvw,I have WAY too much to do!!,tannerites,family,127178.0,0.039138127
T6Ix5z_wAGs,Huge Corn Pit & Water Ball Accident,familyfunpack,family,444476.0,0.13413838
9Q6o4KNVO88,Bubble Gum Race || Giant & Tiny Dubble Bubble Gumball Machines,familyfunpack,family,16273825.0,-0.022384766
M4ZtZTZPkBU,Assistant Unboxes PJ Masks Gecko and Owlette and Catboy Toys,thesuperherobuddy,family,386183.0,0.06381074
8MkmN0wervg,Baby Millie And Our Dog Lady! #shorts,bonniehoellein,family,12888.0,0.06235775
yP0TUF_SP8g,The Perfect Snow Cone! Shark Punch and Unicorn Dust Recipe!,tannerites,family,657115.0,-0.062415652
m2-I1XK_tnk,Kicked Out Of The Store!,kkandbabyj,family,420157.0,0.28025827
1SlslrMCbWA,New Years Eve Celebration (WK 313.4) | Bratayley,bratayley,family,812527.0,-0.073010966
oq2izqbM48Y,Our New Baby Chooses What We Do All Day,rebeccazamolo,family,12768714.0,0.12586205
5ahV13jwA4s,THE UNIVERSE IS AGAINST US! (6.21.14 - Day 512),dailybumps,family,80386.0,-0.06337203
_T3K8-ET7Qo,MOM WAS RIGHT…😳💥 #shorts #mom #family #funny #daughter,theweisslife,family,27388.0,0.09640588
xA6z0R2SJp8,PEPPA PIG Friends Jump in Chocolate Mud Puddles Funny Toys Parody,thesuperherobuddy,family,684362.0,0.10790135
ahLTsSNr1Ro,THE BABY HAS A NAME!,thesacconejolys,family,1522746.0,0.19337776
jwjjXaNAGqI,TRYING THE $100 GOLD BURGER!! (24K),ehbee,family,2029258.0,-0.08712811
zefTxuIaYvo,Play Doh Sesame Steet Elmo Shape and Spin Playset Sesame Street Play-Doh Play Set Toy,thesuperherobuddy,family,139810.0,0.01272448
Hy2ob7Vcj6U,WHAT'S IN MY CUTE BACKPACK? | BACK TO SCHOOL SUPPLIES HAUL!!,tannerites,family,216697.0,-0.10763106
yRwI3dKocH4,Assistant Escapes the Sensory Tunnel #FamilyFun #FamilyChallenge #funnyDog,thesuperherobuddy,family,521529.0,0.104443006
sQ-1uGJbWGU,Weiss Family Grade Roll Call!🥳 #shorts,theweisslife,family,421711.0,-0.00537353
8TqkiJQipys,Painting Stars! 🖌️⭐ DIY Crafts For Kids,cocomelon,family,8453066.0,-0.06543997
7AhZ7gaHP8s,FUN GONE WRONG!,thesacconejolys,family,378098.0,0.12609215
qpECb-SC9c4,Pick Our Outfit For the Red Carpet! (WK 231) | Bratayley,bratayley,family,1071607.0,0.016796658
rGkPE4OvKd8,Elsa plays with Olaf in the Snow an Outdoor Fun Toy Parody,thesuperherobuddy,family,93330.0,0.09206055
lcuz-shwnDM,FROZEN  Elsa and Jack Frost Slime Kristoff Toys Video Parody,thesuperherobuddy,family,2587175.0,0.14708273
4V-JFTz1Rj0,I Bought The WORST Rated Items On Wish!!,itsyeboi,family,1403430.0,0.1275431
QO419Gv-7EQ,She's Been Begging For This Forever  | Reese Gets Her Bottom Braces | The LeRoys,theleray,family,210714.0,0.090339415
PagTUEYfqCI,GOING TO THE STORE FULLY DRESSED THEN COMING HOME LIKE THIS **Halloween Prank**🎃| Piper Rockelle,piperrockelle,family,5581088.0,0.19649065
HGuuNeWCrzc,"CRAB ON THE HEAD!! Panama City Beach, Florida",familyfunpack,family,342243.0,-0.015705623
P0w00wuX8Vc,SETTING BRENT UP WITH NEW GIRL,piersonwodzynski,family,3751140.0,0.15775335
_KipAd3iXOI,GOING HOME EARLY!,thesacconejolys,family,279468.0,0.04672413
gyiiD0iCIkA,He Teleported Me! Life Size Clue!,tannerites,family,212473.0,0.1578418
X5Y_Sqh4iy8,Ryan saves Daddy from Alien Pretend Play!,ryansworld,family,371497.0,0.07096558
tzeaILpHSAQ,KISSING MY BEST FRIEND’S EX GIRLFRIEND...,brentrivera,family,10685958.0,0.10363804
ozHAmNTZL_s,THE HUMAN CRANE MACHINE CHALLENGE!,dailybumps,family,22235.0,-0.05654043
XrwQ0TAwyOw,Check Check ✔✔ (WK 334.3) | Bratayley,bratayley,family,1873934.0,-0.034321263
-xHJO5IAb5M,EVERYTHiNG we got our TWEEN DAUGHTER for CHRiSTMAS!🎄🎁 #shorts,theweisslife,family,252911.0,0.07740789
N44kvpwjEFA,THE BIG SURGERY!,dailybumps,family,1382137.0,0.17657878
u6ssyfMQ8WY,"Ep 16: Toy Hackers, Spoon Catapult (ASSISTANT & GoldieBlox)",thesuperherobuddy,family,105351.0,0.11148165
tFPpLCgCkI8,The SCARIEST Ride of My Life!,dailybumps,family,2409668.0,0.07745083
pCq8p38icZI,Advertising Works! (WK 106.7) | Bratayley,bratayley,family,55552.0,0.012406858
luICZ2cnV2w,THIS is NOT A JOKE!! 😱,tannerites,family,622602.0,0.106426895
cbHLepFC9M0,Last To Stop Bouncing On The Trampoline Wins $1000 - Challenge,itsyeboi,family,1128414.0,-0.009710627
E5w-ZZLCdIY,BABY MIMICS LAUGH!,dailybumps,family,209380.0,0.21386558
MvceA4HosQY,MYSTERY WHEEL of OLD WIVE’S TALES to START LABOUR! | Family Fizz,familyfizz,family,512518.0,-0.017089337
IwMaayWDVzQ,SAYING YES TO MY ROOMMATES FOR A DAY...,piersonwodzynski,family,3640503.0,0.029849999
tHH7q_NI_xA,HUMAN CALCULATOR vs CALCULATOR #shorts,jordanmatter,family,76384498.0,0.08409923
YQHe4qU8RcM,Throwing a Dart at a Map & GOING WHEREVER It Lands CHALLENGE 🎯 | Piper Rockelle,piperrockelle,family,765821.0,0.012324218
1yvfYYGw_SQ,Escaping GMI Prison in GAME MASTER Escape Room in Real Life! | Rebecca Zamolo,rebeccazamolo,family,6550376.0,0.18246824
DIgYSezLbC8,Put the Rainbow Balls into Cups! 🔵🟢🟡🟠🔴,cocomelon,family,89636538.0,-0.12526114
B9ksIFZvarE,Haring fun at  TTPM Showcase and exploring New Toys for 2015,thesuperherobuddy,family,142780.0,-0.03818063
6n2vMi4aCBY,THE WORLD'S BIGGEST SQUISHY TOY!,ehbee,family,808045.0,0.010958776
1wAolJM5UX4,The Assistant Paw Patrol Scavenger Hunt in Halloween Town,thesuperherobuddy,family,1831067.0,0.10758773
1mk-Mt5jBug,Christmas at Disneyland!,familyfunpack,family,944853.0,-0.08861394
0GAhfV_5Ic0,Halloween Costume Party 🎃 | CoComelon Nursery Rhymes & Kids Songs,cocomelon,family,5647602.0,0.08568776
vyt0kjqv5rk,This happens way too much 😳🤣,brentrivera,family,881216.0,0.2110731
0WssjGxHwIw,BABIES IN THE BED!,thesacconejolys,family,289912.0,0.12477659
_-Xre1w5IF0,"If You Guess The Price, I'll BUY YOUR DREAM CAR Challenge | Rebecca Zamolo",rebeccazamolo,family,10992840.0,0.110748336
yxQ4Vu02HEs,The Proposal,thesacconejolys,family,1886948.0,0.05293794
Txw-fYASwUo,dailyBUMPS Year One Montage,dailybumps,family,1033206.0,0.10762982
b1IMSpJaNjU,Family Obstacle Course Challenge,familyfunpack,family,9448263.0,-0.112899825
dxbJHigsdtE,DAY TRIP TO APPLE HILL!,theweisslife,family,12002.0,0.0012626443
SeiLSKWMhlc,BABY DOES SIGN LANGUAGE! (10.7.14 - Day 620),dailybumps,family,365897.0,0.048869744
NcDCsVbfjhU,BEING MEAN To My BEST FRIEND On Her BIRTHDAY To See How She Reacts *Emotional PRANK*🎂|Piper Rockelle,piperrockelle,family,8550402.0,0.2307933
V9FZPRUNMUw,Sponge Squarepants Bob Talking Figures a Toy Unboxing,thesuperherobuddy,family,259486.0,0.0716561
PeBL20i3buo,OPENING DAY 5 of our ADVENT CALENDARS!🎁 #shorts,theweisslife,family,324811.0,-0.12454805
2agb60o6Qhk,Annie's Biggest Fan 😱 (WK 363.7) | Bratayley,bratayley,family,770750.0,0.0017291345
aXS0itp34Bs,"Win this Beyblade Match, and the Gold Trophy is Yours to Keep!",brentrivera,family,3297865.0,0.086786725
DeHlGCkCfCI,"Catching Bubbles with Our Hands, Backyard BBQ, Pool Party, Fireworks - 4th of July 2017",familyfunpack,family,1382216.0,0.00034901686
xYBZPV9LgZk,The FUNNEST Ride of His Life!,dailybumps,family,1452897.0,0.025810577
clEbtSkUOSc,The wedding is off… | Family Fizz,familyfizz,family,509938.0,-0.016281076
1ywYfuHSH9c,Poolside Fashion Show 📸 (WK 342.2) | Bratayley,bratayley,family,5312536.0,-0.026884492
uEaSVYXzbyo,Blink on beat challenge Mum VS Daughter… #shorts,familyfizz,family,2345151.0,0.14395756
w4iqwIO4YHc,Jake and the Never Land Pirates Skull Island Playset Review and Unboxing,thesuperherobuddy,family,411324.0,0.024616951
1yyckp0Vp_M,Ryan's Comic Book Comes To Life! Superhero Adventure for Kids!,ryansworld,family,1267833.0,0.05248262
966mWFNXBNw,ATTACKING MY KIDS!,thesacconejolys,family,262144.0,0.2791068
oRFBXRHeL-c,Owen Escapes at the Beach! || Mommy Monday,familyfunpack,family,1948113.0,0.15962747
i0KfTFnKsHk,I'LL BUY WHATEVER YOU SPELL CHALLENGE!!,ehbee,family,912568.0,-0.050397664
anGWOqh4Glo,MY PSYCHIC READING ( live reaction ),thesacconejolys,family,149667.0,0.14166614
YdbPaYiR_PM,When your wife is OBSESSED with holidays!🎃🎄🤣 #shorts,theweisslife,family,71999.0,0.031103775
2-I7hGg_WcQ,Don’t listen to them. 🔥💪,theleray,family,29143.0,0.10755871
C9z-Nnujs_E,Mean Girls Sabotage Dress To Impress,rebeccazamolo,family,7881253.0,0.18073428
ckXWjFeBKmI,Magical Christmas Surprise!,bonniehoellein,family,366922.0,0.058188334
8o5Uo-PcFsc,Opening Presents On Christmas Morning!!!,kkandbabyj,family,131883.0,-0.035026036
mVdyb0y9B-A,MY SNOWBOARD BROKE,piersonwodzynski,family,1351499.0,0.014442712
8BPYkSKDKC8,Meet my big baby…,familyfizz,family,479852.0,0.16463622
WS9ZqMPTs5I,When Brothers Attack! (WK 85.3),bratayley,family,701642.0,-0.01266676
KzKlF30R3Oc,Buying A $1000 Outfit Blindfolded!! (100% RANDOM CLOTHING HAUL AND UNBOXING!!),itsyeboi,family,385476.0,0.2074866
pyMXWsdoKGg,MY GRANNY IS 67?!,ryansworld,family,481638.0,0.08138473
SD8Udiv4JfM,Babies and Puppies,bonniehoellein,family,113161.0,0.0564045
9TvQTXkV7ZA,SHE LEFT ME?!,thesacconejolys,family,486948.0,0.22371352
4IP6FXKmZ_U,GABRIELLE GETS BRACES | EPISODE 17,theweisslife,family,115417.0,0.12958325
nGZPAjgqJdU,Chris and his friends decorate playhouses for kids,vladandniki,family,16088246.0,-0.019971654
j3aNKUvOzLM,"YER A WIZARD, OLLIE! (3.24.14 - Day 423)",dailybumps,family,216206.0,-0.026019493
wgC9wVWNa3o,I can REACH it now!,tannerites,family,36290.0,-0.04690236
djmVagcwFO0,HAUNTED AMONG US in REAL LIFE Crush vs Crush Challenge ft/ Piper Rockelle & The Squad,jordanmatter,family,5341332.0,0.12226295
mhgzm0a5ui0,Assistant answers Questions in the Dunk Tank Slime Challenge #FamilyFun #MathChallenge #DunkTank,thesuperherobuddy,family,454527.0,-0.0402368
c92YTukMWd8,Monster Waves Hit our Boat in the Bahamas!,familyfunpack,family,135722.0,-0.016644878
1MXBVEpRIgU,Exploring Abandoned Underwater Safe Trapped In A Waterpark! (TREASURE FOUND!),dailybumps,family,3926263.0,-0.010539373
dNSC1KaI8Pc,TETRIS TUMBLE XL IS SO HARD!,ryansworld,family,129480.0,0.052327923
lR70GX_zQjU,SURVIVING 24 HOURS AT SUMMER CAMP,piperrockelle,family,468285.0,0.021894857
5y-T_6Dwfsw,HAHA,brentrivera,family,7042853.0,0.17415354
gUOoRXuyhnY,YOU WON'T BELIEVE WHAT ELLE AND ALAÏA DID TO THE NEW HOUSE!!! **CATHERINE FREAKS OUT**,acefamily,family,10494686.0,0.13678828
O8wK4j4Fx04,Our Nanny's Birthday!,bonniehoellein,family,121461.0,0.08373085
0eyNuLDEBmQ,ONE Color of Food for 24 Hours!!,ehbee,family,2055980.0,-0.100256585
T0NMWahMdaE,Peanut Buter & Jelly Mustaches! (WK 130.3),bratayley,family,308300.0,0.0012537725
Q5DcLS9_8Gs,Kesley’s Last High School Morning Routine Before Quarantine  | The LeRoys,theleray,family,360094.0,-0.057422053
o1lANHaD2ao,CONFRONTING MY EX'S NEW BOYFRIEND!! (FIRST TIME MEETING),brentrivera,family,9698419.0,0.25942472
BfFYo1TkeQI,LOOKING for my MOM be like…👀 #shorts,theweisslife,family,25140.0,0.10735126
n90GTege30Y,Accident At The Swimming Pool | The LeRoys,theleray,family,323086.0,-0.09327762
FVxFtt4-xwo,Best friends❤️ @virbro_,brentrivera,family,7715896.0,0.033347033
b63ONJoQGiI,Rating Our Halloween Costumes! Halloween Costume Try On Haul!,theweisslife,family,52631.0,0.14145489
ObBlw62318Q,WE DYED HER HAIR PINK!,theweisslife,family,183879.0,0.10728151
8RO8HEMnRHc,Runaway Stroller on the Loose! #cocomelon #shorts,cocomelon,family,4298833.0,0.15612459
OVMyrkS257M,Ryan Pretend Play Building Little Tikes PlayHouse!!!,ryansworld,family,32736463.0,-0.06706268
A528tRf_jZc,Little Surfer Girl 🎵 by the Family Fun Pack Singers,familyfunpack,family,183411.0,-0.059529014
BAOZ-qv1WPc,Daddy Hides Ryan's Toys all around Smyths Toys Store!!!!,ryansworld,family,44644768.0,0.14636531
IdgKZnZeL_A,My Daughters Epic Morning Routine,rebeccazamolo,family,18202674.0,0.12472417
zheDZfocOpE,Box Fort Trouble With Kids!,tannerites,family,4730763.0,0.019503884
-pKy39KmNCk,How to make a DIY Coin Bank out of cardboard and more!,ryansworld,family,2997308.0,-0.1070434
huwaVn2hZEY,Guess Who Just SHOWED UP at my Door?!,bonniehoellein,family,35900.0,0.008664222
KNTKjiEWN1I,Twin Telepathy Challenge Ryan and Daddy edition! Reading each other's mind!!!,ryansworld,family,13371924.0,0.038581878
H6AINmDDOe0,HOW TO WAKE SLEEPING KIDS!,thesacconejolys,family,439617.0,0.059607305
oc_O_wNGXOM,Gym Time!💪🏼 (read the caption),familyfunpack,family,123417.0,-0.15434563
cdAMIg7ZoLk,Playing the Boom Boom Balloon Game with Paw Patrol vs Blaze Toys,thesuperherobuddy,family,3558539.0,0.007215906
rY8ECxS56Ww,Assistant crafts realistic looking Slime Life Hamburgers and Fries,thesuperherobuddy,family,76121.0,-0.042710245
qjZKFEsP1jw,Toy Story Sheriff Woody and the Assistant are Tricked by Gabby Gabby,thesuperherobuddy,family,34321666.0,0.16469835
L2q3R7NWJkk,Bad Dad in Best Buy (WK 192.5) | Bratayley,bratayley,family,947046.0,0.08530386
6UEptunTbek,"Last To Fall Off The Mechanical Bull Wins $2,000 - Challenge",itsyeboi,family,142953.0,-0.004834218
YAyRRQK2SZQ,WE FOUND A SNAKE!,theweisslife,family,243810.0,0.09659
fKJi4DYorzc,Wheels On The Bus (School Edition)  + More Nursery Rhymes & Kids Songs - CoComelon,cocomelon,family,397646897.0,-0.0028432077
e-iFETElovw,WHAT’S INSIDE THE ABANDONED SAFE? 👀 (World’s Smallest Camera!),dailybumps,family,1291704.0,0.1236393
lw_Xu26QW2w,WHAT HAPPENS IN VEGAS... (6.15.14 - Day 506),dailybumps,family,122286.0,0.20288767
Eox3uYqhcHU,Would I be found by the police if I got lost??,familyfunpack,family,33879.0,0.1709457
nYTK61YSY6E,OUR BABY IS 3 MONTHS OLD !!,thesacconejolys,family,354607.0,0.039685786
_tZbZZFBIcg,DUNK HAT CHALLENGE EXTREME! Gross and Messy Family Game Night!,ryansworld,family,18970717.0,-0.001661446
N6yIFisTyLo,WE ARE BUMPERS! FAN MONTAGE - Southern California Daily Vlogging Couple,dailybumps,family,20147.0,0.12178646
zH2_UiIuKkw,The Assistant has a Police Station Surprise with Paw Patrol,thesuperherobuddy,family,4134848.0,0.04147096
k8eSw9iJwIA,The City Shut Off Our Water,bonniehoellein,family,58236.0,0.0012551863
ADmLf0NWJUk,THE BEST BIRTHDAY GIFT EVER,piersonwodzynski,family,1144504.0,-0.042937525
gmV4Wd90e_s,Packrat Slime Monster EXPLODES!,ryansworld,family,320069.0,0.10608019
yNJznpuyNV4,We all have that one friend 😂,brentrivera,family,4043970.0,0.010705216
x7yCqkL5ock,HUGE BALLOONS!!!!,tannerites,family,32349.0,-0.043087058
FVWFOEQ6Qfw,14 People Say SANTA Was HERE! Tannerites Christmas Special 2025!,tannerites,family,965324.0,-0.03547157
QzBFX_et2AE,IT'S NOT A PUPPY!!!🐶,tannerites,family,94966.0,0.15482882
4I7mLwLtCJw,JAKE AND THE NEVER LAND PIRATE Captain Hook the Sleigh Thief Parody,thesuperherobuddy,family,137476.0,0.12529424
BxvrVG1jetk,THEY WON'T STOP GROWING!,dailybumps,family,2302997.0,0.030989163
LYSN46ENzKU,Songs In Real Life w/ Beatrice Mumblesteen,rebeccazamolo,family,1092437.0,0.05990826
xem_MRPX0Po,HELP…… BroTheR StuCk In Video Game In Our BaCkYaRd!!,tannerites,family,8136904.0,0.112833716
w9_3P9C3YkQ,Picked Up In A Limousine For Her 13th Birthday Party | The LeRoys,theleray,family,334834.0,0.0599176
LfQfqUskE7Q,Questions for Kesley and her friend on their missions | The LeRoys,theleray,family,66989.0,-0.0041606966
_ZPGdjyDk9Q,BIG HERO 6  Flying Baymax Big Hero 6 Video Toy Review,thesuperherobuddy,family,122292.0,0.061566584
1FkFR3Yp42I,Best Ever Holiday Sleepover Routine!!,familyfunpack,family,490373.0,-0.016722359
7FHvCiIf0s4,Exploring Hidden SECRET UNDERGROUND TUNNEL in my HOUSE! (We found a MYSTERY note with clues),rebeccazamolo,family,6869203.0,0.060737405
rGLGe0FZoMg,Pancake Pile-Up Game || Family Game Night,familyfunpack,family,3899359.0,-0.08785381
WaM40iFQ1-s,Listen with your EARS and Guess The Animal Sounds! 🐮🐷🐔 #shorts #animals,cocomelon,family,3621836.0,0.07606332
Utpi2NxnfT4,Boston First Walks,bonniehoellein,family,657823.0,-0.03217791
u_r2lDzNbcY,"Attitude Change FIRST, PLEASE.",bonniehoellein,family,87956.0,0.10374029
McQTrSQNHgE,Cute New Baby Kitten Surprise!,dailybumps,family,1424994.0,0.14277554
0gPjjf0DZNM,Kesley and All Star Cheer | Cory Hangs Out With Kesley's Friends | The LeRoys,theleray,family,149241.0,-0.049773823
LRTtApdglv0,Catch the GAME MASTER Challenge!,ryansworld,family,284718.0,0.03236664
8Qi8mjIqCWg,First Time babysitting Triplets  | The LeRoys,theleray,family,85482.0,0.035135806
7Boaa80WwU8,FLYING ALONE Without Parents For First Time *Hidden Camera*,jordanmatter,family,43454570.0,0.15395758
9zeovuUBt2Y,VAMPIRINA  Assistant Plays with PJ Masks Transforming Towers,thesuperherobuddy,family,1361320.0,0.08259899
5J6WHCQ_w9k,Flying Huge Dragon Kite and Superman Glider Toys For Kids,ryansworld,family,2763256.0,-0.06775021
vMqC9cJuzjI,12 Week ULTRASOUND/ Pregnancy Update,bonniehoellein,family,175724.0,0.19050461
NU3QlPznPbc,CORDLESS BABY!,thesacconejolys,family,550384.0,0.064390816
E9nrGSGiC1s,Im Mad and Offended!,bonniehoellein,family,96045.0,0.18648696
xyblaOxey50,Ryan's Squid Game SCHOOL: Guard Edition!!,ryansworld,family,52504.0,0.008076675
OK4UN_PfNCQ,Who Is the BETTER TWIN? | BEST Twin VS Twin Challenge!,tannerites,family,5890267.0,0.002023045
DbJnOW0jfpc,EASTER EGG MASSACRE! (4.20.14 - Day 450),dailybumps,family,283908.0,-0.0054158606
W_3tiDuoC_Q,Where and How to Find MEGALODON Teeth! HUGE HAUL,bonniehoellein,family,18431.0,-0.10411097
cw7-FUIG6FE,Funny Story (WK 278.6) | Bratayley,bratayley,family,1873247.0,0.045868643
XsODQm_ZHLo,Take me back😭,theleray,family,44761.0,0.0077248984
2EIeX3c5bzU,SCHOOL DANCE SHOW DRAMA,thesacconejolys,family,188363.0,0.10258871
fkgTVsGLdws,Piper Rockelle - Tea Party (Official Music Video) ♥️🫖♠️,piperrockelle,family,6568346.0,0.0754417
6IFfSC8buwE,Toy Vending Machine KiDS Story Learning With Fidget Toys!,tannerites,family,37177107.0,-0.04285486
WmJLYsssyTQ,GIRLS ONLY!!,familyfunpack,family,99877.0,0.08146359
brJNiULT7qI,FROZEN  Queen Elsa Visits  Princess Rapunzel,thesuperherobuddy,family,501368.0,0.082298465
gD3KKgwvAgg,Watching Hayley's First Meet (WK 259.5) | Bratayley,bratayley,family,1155334.0,-0.037094288
_-0NHQPUM64,Assistant Hunts for Woody and Jessie at Toy Storyland with Buzz Lightyear,thesuperherobuddy,family,39881928.0,-0.04497526
La_7wjVd9MM,How I Stopped Getting CAVITIES,bonniehoellein,family,52427.0,0.05940845
82wvVBlnLHc,NEVER USING A TENT AGAIN,piersonwodzynski,family,299221.0,-0.041133363
9aybXGNN_Xs,Christmas Present Wrapping Practice! 🎁,dailybumps,family,290925.0,0.018318
OE3fum8fjBQ,WE GOT A NEW BABY?!,thesacconejolys,family,119183.0,0.0098783
zg2e9aGQRcY,WE’RE SO EXCITED! | Family Fizz,familyfizz,family,88771.0,-0.0018894672
LUH0noP96aY,24 Hours of BFF Summer Camp Road Trip!!!!,familyfunpack,family,85515.0,-0.026968282
vMiJimHyQVI,GAME MASTER Transforms My Living Room into a Giant CODE HOUSE! (Hidden Clues inside Bounce Ball Pit),rebeccazamolo,family,8017480.0,0.07724151
3KX91oVzkqI,"Face Painting, Massive Party & SOCCER MATCH!",familyfunpack,family,420206.0,0.084716626
JSueEgIvXtw,Make An EASTER Basket With ME For My TEEN Daughter!🐰💕😊 #shorts,theweisslife,family,456041.0,-0.075352296
ua_JfL7dE7o,NEW HOUSE RENOVATION UPDATE TOUR!,thesacconejolys,family,310508.0,-0.16186917
6cSi8_V2HgQ,MESSY MUD FIGHT! - Mom vs. Toddler,dailybumps,family,4157937.0,0.20354046
lOzIOJc9LpQ,Vlad and Nikita hide and seek fruit on the farm,vladandniki,family,372786331.0,0.0033649094
eBPklyE592w,Friday the 13th Horror (WK 280.4) | Bratayley,bratayley,family,1500962.0,0.0012854077
ACoiyxGCFcw,Hardwood Floor Delivery!,bonniehoellein,family,49484.0,-0.03474742
7xuGI7xO_cQ,WIFE SURPRISES ME WITH VALENTINES DAY OUTFITS!!! **UNBELIEVABLE**,acefamily,family,3623612.0,0.14451265
qaOqrMxsURU,FAMILY OF SIX CHOCOLATE EGG CHALLENGE!,thesacconejolys,family,204685.0,-0.036513068
RMpfmqR1tiA,I can't be the only one 😫,brentrivera,family,2573431.0,0.07653704
FEzCohXFPBY,EMERGENCY ROOM - Day 97,thesacconejolys,family,12433.0,0.06728225
cPFQS-umd3k,WE GOT INTO A CAR ACCIDENT!!!,acefamily,family,1122091.0,0.013407427
3A1N3cTN5QM,Stuck with 7 Kids in Another Country - Trying to Get Back Home!,familyfunpack,family,445211.0,-0.032930646
fq7t1KyTf5M,EXTREME WOULD YOU RATHER CHALLENGE!,brentrivera,family,9021117.0,0.15743512
myP2dhjHBsY,17 Ants in my Hair,bonniehoellein,family,17156.0,0.12943663
2n3m9CnzYIE,"Recovery, Making Soup + MOM LIFE!",bonniehoellein,family,52429.0,-0.0021743774
zHAsF9ahm-4,FIRST DAY OF SCHOOL | THE LEROYS,theleray,family,280270.0,-0.20549688
VhpPetSIbKY,Ryan try the world's tallest obstacle course!,ryansworld,family,951785.0,-0.09340857
pIX1N5FxFao,Ryan's World Unboxing Elemon Mystery Box!!,ryansworld,family,516507.0,0.010810796
3VbtxomZpkE,Daddy Finger Kids Counting Song! ✋🎶,cocomelon,family,11406811.0,0.01480354
DEnDRxvfJu4,No more silent treatment 🤣 he seems to enjoy it,theleray,family,25763.0,0.19562379
8ops-rdP20I,Reese Won First Place | Bedroom Makeover | Basement Update,theleray,family,261122.0,0.00984978
x_yRVyLZlXA,Dancing in Silence Challenge!,ryansworld,family,102178.0,0.087138735
X_b7jI0LnCo,Testing a $20 Haircut -- who got cooked??,familyfunpack,family,195709.0,0.17426175
fT7jJft8YBs,TEEN Skin Tips and Tricks!!,tannerites,family,20351.0,0.017811302
cZSCB77Rxuc,ASSISTANT Plays Monkey Beach Game with Nemo + Paw Patrol  + Captain Hook New Toys Video,thesuperherobuddy,family,311084.0,-0.01452974
ddwwk4h6eI0,JJ's Art's & Craft Masks | CoComelon Nursery Rhymes & Kids Songs,cocomelon,family,28646592.0,0.045878343
KMN0lmW7a_M,BEST IDEA EVER!,thesacconejolys,family,864557.0,0.028936755
mIZeo2pN3H0,What They DON'T Tell You about Entering a Mosque!,familyfunpack,family,103301.0,-0.008085635
A27K6yq7Uuo,CATHERINE GOT HER WISDOM TEETH PULLED OUT!!!,acefamily,family,8354874.0,0.13697349
mzBsJNRtr20,Assistant Makes Kinetic Sand Ice Cream & Cookies! 🍦🍪 #FamilyFun,thesuperherobuddy,family,38747.0,-0.087598875
ua2gyAIPcng,Living in a TINY HOME,bonniehoellein,family,144113.0,-0.21049443
ymoijovtEa4,I Look Like a Bumble Bee (WK 318) | Bratayley,bratayley,family,1018079.0,-0.024077866
2_lBrtORFd0,Wheels On The Bus | CoComelon Nursery Rhymes & Kids Songs,cocomelon,family,341032689.0,-0.03368914
Bs22R5UIpWk,THE WORST CHALLENGE ON YOUTUBE!! Reddit 50/50,itsyeboi,family,512782.0,0.124345444
Fjtm_2-q1yw,Ryan Truck Car Wash with learning colors and number counting,ryansworld,family,39769328.0,-0.05383172
WPhc56zX4tI,WORLD’S LARGEST INDOOR THEME PARK🎢🤯,piersonwodzynski,family,641300.0,-0.04539488
EZbSk59xXsg,NEW HOUSE TOUR!!,thesacconejolys,family,200705.0,-0.03841234
0mIcQdYK_cA,HAPPY NEW YEAR!!,ehbee,family,518597.0,-0.08802502
GbDuCdP80Yc,WHAT’S IN OUR ADVENT CALENDARS? DAY 8 🎄 #shorts,theweisslife,family,70304.0,-0.111912325
M7IzT1yu1jc,Rainbow Puppy Chow || Family Fun Pack Cooking,familyfunpack,family,308986.0,-0.07296574
h4DN1GZwg-o,"IF IT FITS IN YOUR BASKET, I'LL BUY IT! (BOOTS DRUGSTORE) | Family Fizz",familyfizz,family,377131.0,-0.025213005
DCyF8GrsG_U,"We Miss You, Lynx! (WK 128.7)",bratayley,family,947834.0,-0.031313438
pX6IMQDqnRQ,7 Piece Makeup Look / Basic Tutorial,bonniehoellein,family,18769.0,-0.0074024834
qZRzy2B_rio,What’s in Our Advent Calendars? DAY 14 🎁 #shorts,theweisslife,family,101864.0,-0.119247064
Rqo6IgCF4_c,Our 6 Kids Names & Ages ROLL CALL! #shorts,theweisslife,family,201200.0,-0.03358097
R7G-SlG-FE4,Assistant Tries the Ninja Training Ropes Course and Zip Lines,thesuperherobuddy,family,5658504.0,-0.040572178
gSp7ODNoJMY,LIZZY'S BAPTISM!!!,tannerites,family,165897.0,-0.07173515
mxXBhK3Hg30,The Kids Cut Each Other's Hair!,kkandbabyj,family,165719.0,0.09156106
TLjteozpswc,Found A Real MerMaiD In OuR PooL!,tannerites,family,64713388.0,0.050877597
vJw3jgWyAi4,Olivia Made Me a Bracelet with the WORST Acronym,bonniehoellein,family,14762.0,0.13333946
bzRG598geus,Ryan plays COLOR CHANGERS CARS Hot Wheels Color Shifters Toys,ryansworld,family,15845995.0,0.01173931
RFkcoqFYgDU,MOMMY GOES TO THE DOCTOR!,dailybumps,family,977306.0,0.07579665
4FVApoDzPIc,Assistant Races the Paw Patrol Fire Rescue Pups to the Fire Station and Lookout,thesuperherobuddy,family,548096.0,-0.03251486
-LuLcHHgc8c,"I Gave An Apple Store Employee $10,000 To Make Me A Mystery Box!",itsyeboi,family,3856444.0,0.12450902
Y-75ryyQer4,"PICTIONARY (w/ Marcus Johns, Alx James & WeeklyChris) | Brent Rivera",brentrivera,family,428912.0,-0.019591385
z6UuutJCM3k,Obstacle Course Challenge!,familyfunpack,family,1663659.0,-0.09789325
ksTJbPHTJpY,HUGE WATER SLIDE RACE!,tannerites,family,187963.0,-0.05489626
sUu-o_gwmwg,PANCAKE MORNING ROUTINE WITH 3 KIDS!!,thesacconejolys,family,294769.0,-0.10220333
mFBynI7_zZY,Ryan Learns How to Make Spooky Stories and Crafts! Funny Halloween Stories and Education!,ryansworld,family,300260.0,0.01697537
Lhywyt8DB_w,GOOD DINOSAUR TOY SURPRISE!,dailybumps,family,1061061.0,0.06708627
aG-eY8dwti8,Annie & Hayley's Floor Routine 🙌 (WK 368.5) | Bratayley,bratayley,family,900067.0,-0.042525552
vKlnbg3j7Wc,HUGE SURPRISE TRIP to USA *reveal to kids* | Family Fizz,familyfizz,family,305473.0,0.05679149
oAFh348uBQY,Assistant Plays Paw Patrol World Game on Nintendo Helping Princess of Barkingsburg,thesuperherobuddy,family,199729.0,-0.0002440901
K6AZMsaEwsw,House Hunting! (Something Locked Us Out!),kkandbabyj,family,364935.0,0.058165416
0MVfT4G8lOc,Who we BANNED at our WEDDING! | Family Fizz,familyfizz,family,280640.0,0.18200263
YdUaIZe7TWk,What will she buy with €50?! | Family Fizz,familyfizz,family,412811.0,0.015691945
E0__jh9eqMc,I Hate Getting in TROUBLE,bonniehoellein,family,2261956.0,0.26451278
6A7e1y0e_w0,We're Selling Our House 😮 (WK 375.7) | Bratayley,bratayley,family,1522772.0,-0.03318975
eD0ocx8qV5E,Learn Colors & Animals with Ms Appleberry! | CoComelon  Nursery Rhymes & Kids Songs,cocomelon,family,4257091.0,-0.09029906
pNtJWSEuajk,Assistant Plays Scare and Seek at the Paw Patrol Lookout Tower,thesuperherobuddy,family,440373.0,0.10274224
lJ2EQxAlqsc,HE'S MISSING!! | WHERE IS JOHNNY?,tannerites,family,48555.0,-0.0117727
uOT39vATtuk,Frozen Lakes and Gingerbread Houses with BRI!,bonniehoellein,family,53101.0,-0.07626615
Dj2JRdDWSFw,Chaotic After School Routine  | The LeRoys,theleray,family,143031.0,-0.063154906
FlAtQEzX1EI,Baby Nighttime Routine,thesacconejolys,family,212268.0,0.05001513
ehCfI6pdftk,NUMBERS! Family Fun Pack Sings Nursery Tracks,familyfunpack,family,323615.0,-0.03078752
q2BE1bDGPso,ARE WE HAVING ANOTHER BABY? | Family Fizz,familyfizz,family,709998.0,0.0691392
Al3YOAHWnkc,Shocking LIE DETECTOR TEST Prank On My BEST FRIEND Goes Wrong **HE GOT MAD** 📈💔| Piper Rockelle,piperrockelle,family,1678752.0,0.28463042
jbpMlRf-iWo,TWAS THE NIGHT BEFORE CHRISTMAS (12.24.13 - Day 333),dailybumps,family,258280.0,0.12420718
-_lhtxRlG0g,WE TRAPPED HER IN A BOX OF SNAKES,brentrivera,family,4068865.0,0.16105708
-_sXAiDml2U,Reacting to our FIRST EVER CHRISTMAS VLOG *2016* | Family Fizz,familyfizz,family,193462.0,0.059279542
GhLzXaYqefc,Best BFF Sleepover EVER!,familyfunpack,family,4671740.0,-0.007784552
SihIWI4CPVg,Extreme Acrobats Attempt 10 Insane Viral Challenges,jordanmatter,family,4650836.0,0.13507532
OxIR3qaA2_I,TOYS R US IS CLOSING FOREVER!,theweisslife,family,163013.0,0.04068449
dHFQnHOTyz8,"Watching the baby I had at 18, holding the baby I had at 35 🥺❤️ #shorts",theweisslife,family,7259951.0,0.110857695
-iNG4eMxpFY,NAILED IT!🤣 #shorts,theweisslife,family,90590.0,0.026416332
PylZVkmCWvI,Road Tripping Home Through A Crazy Storm!,dailybumps,family,96972.0,0.030382812
GhqxSiH4hTc,Snoopy Snow Cone Maker Machine Toy from The Peanuts Movie,ryansworld,family,12609889.0,0.00401143
-ICFb2iU_ck,FATHER'S DAY SURPRISE!,kkandbabyj,family,139139.0,0.06974391
DadEudEcsoQ,DOC MCSTUFFINS Deluxe Clinic Pet Vet Video Toy Unboxing,thesuperherobuddy,family,617939.0,0.1378881
U-uPkr6y9oE,Having my Girlfriend HIT ON ME To See How My BOYFRIEND REACTS **Awkward Prank**🌈🔥| Piper Rockelle,piperrockelle,family,2599661.0,0.23490894
0bVS8nzV5Mo,Fun in Philly (WK 164.4) | Bratayley,bratayley,family,453759.0,-0.060904473
VpihRWnzhyo,Lets do Makeovers,bonniehoellein,family,182045.0,-0.019280653
KbAEEQFrSRs,Stuck in a Sink Hole! Matt's Birthday Special!,familyfunpack,family,1884123.0,0.12312813
rdfYilOq874,DAYDREAMING MAKES IT HARD TO FOCUS | THE LEROYS,theleray,family,134855.0,0.024456814
w_IINnpSjY8,Beach Song + More Nursery Rhymes & Kids Songs - CoComelon,cocomelon,family,1818134092.0,0.05469857
oeBC9r65O7w,Magical Fairy Garden,bonniehoellein,family,83564.0,-0.03341395
RroxlpKMe-Y,TAKING THE DRIVING TEST!,thesacconejolys,family,192107.0,0.03057232
oZ3w2cvPyzw,What!? What else are you hiding from me? | The LeRoys,theleray,family,106172.0,0.0910798
jGEp9RWcvyc,DIY EASTER EGGS WITH THE KIDS AT HOME VLOG!,theweisslife,family,38802.0,0.009890472
ZwcXINPh5DA,Police Pulled Us Over! (on the way home),kkandbabyj,family,148082.0,0.13487524
EfJ3HW8c76w,Kids pretend to be Adults - Funny toy stories,vladandniki,family,56821380.0,0.11099625
EMUGm5-2VAc,DIY OMBRE HAIR,thesacconejolys,family,28752.0,-0.004589457
pJG5-eEla28,ORGANIZING THE NURSERY,kkandbabyj,family,352634.0,-0.02405456
0N3tlpHBmkU,Elf on the Shelf Day 9,bonniehoellein,family,1779380.0,0.028223468
0kBJUiIhZ2U,Park Playtime in Texas,familyfunpack,family,1151132.0,-0.2049255
UwIn8JVvOOs,YOU'RE DOING WHAT?! (9.6.13 - Day 224),dailybumps,family,312126.0,0.16028208
26bpMYeBSr4,OUR BABY WON'T STOP CRYING!!,thesacconejolys,family,142157.0,0.36476797
c-ADwyLx0Lk,A Sneak Peek 🎶 (WK 356) | Bratayley,bratayley,family,695470.0,0.009610422
mrJqHInD_Mw,THE BEST FEELING IN THE WORLD!!!,acefamily,family,2748835.0,0.007589748
DxRXEioBEZg,KIDS TOY SHOPPING SPREE WITH RYAN!!!!,ryansworld,family,4044170.0,0.021764647
Lyp1OgA0K_I,OPENING OUR NEW MUSIC STUDIO!,dailybumps,family,152836.0,-0.04913764
eUE-umgcRbw,HUGE WATER PARK!!!  Family Fun Pack at Soak City Knott's Berry Farm,familyfunpack,family,1980341.0,-0.20222852
-twdbLit0Jg,Surviving off ONLY LIQUIDS for 3 Days,piersonwodzynski,family,1144171.0,0.042112157
VfvKJQZ6-U0,PREPARING FOR THE BLIZZARD!,dailybumps,family,62768.0,0.08803289
qx8iNYD_jps,TOO PREGNANT TO SHOP!,thesacconejolys,family,239051.0,0.15492103
UgP9Ln_vYH8,Did We Come Home To MICE? AGAIN?,bonniehoellein,family,33823.0,0.029179363
OvCMBglpPHI,Assistant Gets Stuck in Jurassic Park Game with Paw Patrol Dino Rescue,thesuperherobuddy,family,1377615.0,0.03937219
Dg3aaZaiTkU,BLM Takes Over My Channel - 1 View = 1 Donation - Play on Repeat ft Keedron Bryant,jordanmatter,family,594371.0,0.13990974
mNGAnlJ7250,Life with ✨them✨,ryansworld,family,369160.0,0.058200307
8wZBb7NIfog,CUTE TODDLER TAG!,dailybumps,family,745799.0,0.12989148
OmDhjTy2KA8,Making Food out of CANDY! Gummy Vs Real,rebeccazamolo,family,4622656.0,0.11229848
hF95r9hyalw,Assistant Challenges Mrs Engineer To Spot the AI Fake Funny Animal Videos,thesuperherobuddy,family,74289.0,0.0878507
uJ5bKZ4nB9I,Assistant Making  Midnight Slime! 👻 Halloween Scavenger Hunt Challenge!,thesuperherobuddy,family,99284.0,0.053195387
OPFIxOQrvog,ASSISTANT Popsicle Challenge With Mickey Mouse Funny Video,thesuperherobuddy,family,1061738.0,0.097522676
zDj5_OQIKtY,BRINGING BABY HOME!,kkandbabyj,family,1542770.0,0.1338941
mh0pKNwwr5M,Picking Up the Kids from the AIRPORT!,bonniehoellein,family,42647.0,-0.12368584
wuPIqYFBfUk,"Maddie’s Giant SECRET REVEAL! (We Tested Viral TikTok Life Hacks vs TRUTH) $10,000 Genius Challenge",rebeccazamolo,family,8417621.0,0.15822645
TX9iC0q4GCg,Ryan Pretend Play Being Good on the First Day Back To School!!!,ryansworld,family,42902953.0,-0.05859395
WjGV82I5NbY,Alyssa's Room Tour - Family Fun Pack,familyfunpack,family,22736780.0,-0.08349031
pDVU-2X2IQE,The best fountain of youth.,theleray,family,49338.0,-0.058927763
pc1LCOCZmo4,Oh Snap! (WK 178) | Bratayley,bratayley,family,276707.0,-0.0055361614
3w9MygTxUsE,POTTY TRAINING,bonniehoellein,family,435674.0,0.014062114
GKpn0_M9SJM,10 NEW PETS!!!,tannerites,family,167482.0,-0.08488026
5pGeMTE4nn8,SURPRISE! We Bought A NEW Family CAR!,theweisslife,family,35492.0,0.0999437
ntDYW8eva7Q,Fast Little Fishy Bath Time! 🐟 | CoComelon Nursery Rhymes & Kids Songs,cocomelon,family,15230789.0,0.078535296
Dfh0NvDo4Dg,Assistant Searches for the Perfect Christmas Gift for Moana,thesuperherobuddy,family,68972.0,0.08752462
KdvWs3zWJVE,Amazing Oversplit Leap,jordanmatter,family,72312.0,0.08843739
sMSM42vkrhI,TheSacconeJolys - BABY TALKS TO DADDY!,thesacconejolys,family,35222.0,0.15493633
5rxnsmpPAok,Assistant Plays Mummy Touch with Batboy Ryan in a Corn Maze,thesuperherobuddy,family,8124484.0,0.08930937
_d98tf41bb8,TheSacconeJolys - MAN CHASED BY DOGS,thesacconejolys,family,8350.0,0.06541112
234snf77R-U,YOU FORGOT TO VLOG IT?!,ehbee,family,247620.0,0.08877404
uoJUaWEi_ho,BABY GEMMA'S BIRTH VLOG!,theweisslife,family,246361.0,0.20822945
VH_wBE6I4qU,I Turned My House Into The WORST RATED SPA **Ends Bad**🧖🏼‍♀️⭐️| Piper Rockelle,piperrockelle,family,2732090.0,0.15969756
ml2plxK_znY,Struggling with teamwork in GIANT TETRIS TUMBLE XL!,ryansworld,family,177650.0,0.0053558834
RlhG_i3HPfk,Hayley Learns How to Make a Peanut Butter and Jelly Sandwich-Cooking with a Two Year Old (Wk 3),bratayley,family,1427491.0,-0.037467692
qAa5emSVyz4,CRAZY STICKY NOTE PRANK!!! (ON HIS NEW CAR),acefamily,family,4159474.0,0.2644178
KHzJSc_mhs4,Can Emma and Kate Find the Pie Bazooka!,ryansworld,family,104194.0,0.050016414
pyTaQeOeqps,TRY NOT TO LAUGH CHALLENGE!! - BEST DAD JOKES,ehbee,family,9477234.0,0.063200064
yjMcmSrMEzI,What superhero are you? | Family Fizz,familyfizz,family,62684.0,0.09237349
p872ooTuQDo,Hickory Dickory Dock | Classic Nursery Rhymes | CoComelon Nursery Rhymes & Kids Songs,cocomelon,family,2924443.0,-0.03980092
ncI3IC5jWD0,GRWM FOR THE SCHOOL DANCE! FAMILY VLOG,theweisslife,family,714742.0,0.05061792
MbSR6-SPMzk,HAPPY BIRTHDAY SAVANNAH!!,tannerites,family,64602.0,-0.029041348
QG6YW1eMrpg,Having a Paw Patrol Surprise Eggs M&M Video,thesuperherobuddy,family,3868138.0,-0.047921874
RljDh7Tx6w0,Assistant Crafts a DIY Moana Night Light #FamilyFun #Moana2Craft,thesuperherobuddy,family,198399.0,0.016687103
6HMUGP-0mbk,1 KILL = $100 FORTNITE CHALLENGE W/ TEAM ALBOE AND WOLFIE!! Fortnite: Battle Royale! *HILARIOUS*,itsyeboi,family,766001.0,0.08037871
bikBVzP-aAs,Staying up all night,theleray,family,257114.0,0.03376161
TnWcL7hRGpc,UNEXPECTED REACTION TO MEETING SANTA! 🎅🏻,dailybumps,family,64038.0,0.0869097
arYXU9yPPmo,HAPPY NEW YEAR!!!,familyfunpack,family,67366.0,0.06483417
UAWW4HQvb6Y,Rescue Squad Saves Kitty from Fire!,ryansworld,family,282489.0,0.010766417
iB_0NLIH7ag,A GLIMPSE OF THE FUTURE! (9.4.14 - Day 587),dailybumps,family,2106899.0,0.083617315
Ba21iHn70CQ,Day In Our Life! #SkyKids @officialskykids,familyfizz,family,200523.0,-0.0027647875
qyJvzBbA4Ok,Chris and mom explore children's museum and learning center for kids,vladandniki,family,28956549.0,-0.067198485
qq3_8ssSuuo,Brock says YES!!!! | High School Sweethearts Dance | The LeRoys,theleray,family,407516.0,-0.0038278457
1n1Q91DIdV8,THE ANNOYING PARENTS...,ehbee,family,4887482.0,0.115427405
QKH7oFNxHLc,How to Annoy Your Sister While Taking a Test (WK 216.7) | Bratayley,bratayley,family,977946.0,0.066649035
E2rGGw29_RM,Cody Counts to 10 with Dinosaurs! CoComelon #Shorts #nurseryrhymes #cocomelon,cocomelon,family,14781266.0,-0.07335916
v5my3syubaI,WE BECAME KIDS FOR THE DAY!!👧🏼 👦🏼| Piper Rockelle,piperrockelle,family,10899210.0,0.09108594
_VbVaoIKM3A,"Holi Festival of Colors -- COOLEST, MESSIEST, MOST COLORFUL DAY EVER",familyfunpack,family,31901556.0,-0.011110511
RZ_SonxFQw0,SURPRISING MY KIDS WITH A CHRISTMAS HOT COCOA BAR!🎄🥰 #shorts,theweisslife,family,569524.0,0.08095582
2b6KKxqiXJE,Opening Our Christmas Advent Calendars 2018!,theweisslife,family,98197.0,-0.025487501
fFB3G0U3t6M,"This Was Unexpected - St. George, Utah",familyfunpack,family,563145.0,0.1762576
mmPRArFpOTc,OVERNIGHT IN AN ICE HOTEL🥶🧊,piersonwodzynski,family,1510255.0,0.00064433366
XMSXrARYDT4,Assistant Treasure Hunts  at Disney World and Hawaii,thesuperherobuddy,family,6207720.0,-0.115249984
JktwRXYTDYc,50 Mystery Pools.. DONT Trust Fall into the Wrong One!,brentrivera,family,21476750.0,-0.034603376
7hQ4iLJ_mNc,Kids Drive Real Tractors at Diggerland USA!,familyfunpack,family,2174059.0,-0.08507058
IXVLpWYBrcY,3 MARKER HALLOWEEN CHALLENGE!!,ehbee,family,3088595.0,-0.07943702
aQDC_1bXHf0,Careful…..Don’t Eat Her! I Shrunk My Tiny Big SiSteR!,tannerites,family,1801494.0,0.09752083
j9T09aDF8RU,Exploring the Paw Patrol Marshall and Skye Pup to Hero Changers,thesuperherobuddy,family,18094881.0,0.015231507
v7hyehRBNvs,GABRIELLE GETS BRACES | EPISODE 7,theweisslife,family,525628.0,0.114084244
5dit47jGjW4,Halloween Clothes Swap Challenge (w/ Rachel Ballinger and Rebecca Zamolo),rebeccazamolo,family,1612838.0,0.11413275
NDX1RRQvkkU,DISNEY PRINCESS MAKEOVER AT DISNEYLAND! BIBBIDI BOBBIDI BOUTIQUE!,theweisslife,family,447448.0,-0.028257258
c94W-4Wxk2A,Why are the younger the scariest!? 🤣,theleray,family,129597.0,0.23940587
jLzEg1uXsCk,TOBY MADE OUR BABY CRY! | Family Fizz,familyfizz,family,623456.0,0.14768282
26o-XWPtSNY,SNOOPED and Found Your Christmas Presents!!,bonniehoellein,family,31035.0,0.04469312
Eu0rMZ53Fy0,Asking a Boy To My First High School Dance | The LeRoys,theleray,family,269454.0,-0.027025566
ZswKF_AoqDs,It’s Just a Bunch of HOCUS POCUS!✨ #shorts,theweisslife,family,22336.0,0.04545498
qEckM3VuIXo,Reese Gets Friend Pictures | Kesley & Brock Do Christmas Gift Exchange | The LeRoys,theleray,family,172615.0,0.044507876
j1HQI0WddcQ,Horses Frolick and Play Together,familyfunpack,family,40339.0,0.025385087
9fjXt213wls,Would You Rather (Part 2) - Brent Rivera,brentrivera,family,512423.0,0.02947738
CbYcMegs7w0,The Ultimate Messy Birthday Party,familyfunpack,family,16673932.0,-0.022966128
PxviQB6EmAI,Peppa Pig and  Blaze Toys at TTPm Spring Showcase,thesuperherobuddy,family,134180.0,-0.0024914835
cuaHzyCtqoI,SHOCK COLLAR IN PUBLIC!,piersonwodzynski,family,3317914.0,0.22721288
xv3ImvBFf8U,Rebecca Zamolo Official Giant Music Video Song Challenge! (24 Hours with New Experiment),rebeccazamolo,family,9835596.0,0.09707453
b0OlC6Gj-s0,Girls Night (WK 411.4) | Bratayley,bratayley,family,338307.0,-0.01325257
dO1vi3b7Iu4,I Spent the Night in my Crush's House and She Had No Idea!,brentrivera,family,10038164.0,0.14680383
dUjAItQgdy4,We Try FITNESS CAMP for FIRST TIME challenge!,familyfizz,family,228167.0,-0.11819168
LGvFiAu9yE0,Don't Fall Out!! Wild ATV Ride at Kualoa Ranch Hawaii || Mommy Monday,familyfunpack,family,1180669.0,-0.004969705
n4xyz3Fc4jI,DANCE MOMS BRYNN RUMFALLO ROCKS THE 10 MINUTE PHOTO CHALLENGE (plus an awesome giveaway),jordanmatter,family,5089283.0,0.15234587
Zs5Tq3o8I1k,THE AIRLINE LOST MY LUGGAGE!!,ehbee,family,913859.0,0.052150674
IMiqJgHX6pw,New Years Eve Song 2021 | CoComelon Nursery Rhymes & Kids Songs,cocomelon,family,39094012.0,-0.030654158
1PlxpzRQ2lw,FINALLY DECORATING THE PLAY ROOM!,kkandbabyj,family,317340.0,0.10274429
Mn9IEZ6t2T0,Disney Cars 3 Lightning McQueen Battery Powered Power Wheels for kids,ryansworld,family,40707114.0,0.019852936
mV40eqywb_I,Learn to Build Rainbow Block Towers! #cocomelon #games #shorts,cocomelon,family,3717596.0,-0.088896796
NTfOaGD04xM,THAT'S A LOT OF BLOOD!,kkandbabyj,family,262008.0,0.20546204
sTZVJH6II1E,Officially 18 | Happy Birthday Kesley | Welcome To Adult Life | The LeRoys,theleray,family,166921.0,0.022191655
ThQ3CfvpnZ8,Why Kids Have It Better Than Teens In Summer | Brent Rivera,brentrivera,family,14453679.0,-0.0048280153
eEG4ZbZFUME,Toddler Kisses Pregnant Belly,kkandbabyj,family,752623.0,0.2124851
GZ_7M2rWWcI,Three Little Pigs (Pirate Version) | CoComelon Nursery Rhymes & Kids Songs,cocomelon,family,299400078.0,-0.010128804
cxGJKP88hE8,Mommy Left For A Surprise!,kkandbabyj,family,149032.0,-0.0039436445
0GBZCiVYEQQ,Assistant Spends 24 Hours in Her Clubhouse Playhouse with Wiggles,thesuperherobuddy,family,2755355.0,0.093566306
T0GogoO_y0Y,FIRST CHRISTMAS TREE IN THE NEW HOUSE!,thesacconejolys,family,349123.0,0.05031126
LSxkhiQWNnk,Hey! We’re Officially Farmers!,dailybumps,family,52779.0,-0.11275232
fz9hY5_trQQ,Ryan plays on Little Tikes Bounce House with Ball Pits Balls!,ryansworld,family,3008803.0,0.017037684
GeGsji7rBx4,LUNCHABLES vs REAL FOOD,ehbee,family,14561705.0,-0.09866713
mPCC1jvN3Ns,Evil Assistant Teams up with the Grinch To take the Holiday Sack,thesuperherobuddy,family,3656680.0,0.16365957
iWkpM_EnAvk,Teachers are my Problem! | Brent Rivera,brentrivera,family,469821.0,-0.03493829
a81KUkqBMiM,Surprising my wife with a new Tesla,thesacconejolys,family,274234.0,0.032894857
OPF9TgsqlkE,Stop Saying She's Ugly | The LeRoys,theleray,family,196536.0,0.08129472
moCQyCEBQWc,Alexia's FIRST DATE!! 👫,tannerites,family,225053.0,-0.033603396
wmexlUcIGB8,Assistant Builds a Giant Lego Race track for the Paw Patrol Vehicles,thesuperherobuddy,family,104819.0,-0.06028765
_odLq10icDk,Matt's Parents Sent a Box,familyfunpack,family,282565.0,0.056228578
N7wGIQTvBBc,Halloween Gummy Food vs Real Food challenge!,ryansworld,family,63490919.0,0.02721454
0W714gEBoVM,Owen Life Update 2026 *school*new house*friends*sports,familyfunpack,family,36383.0,0.054218344
Hj4tNSzHymY,FAMILY HOT TUB PARTY!,dailybumps,family,754354.0,-0.012525788
Aot4eKtOBGE,NOT your typical Elf on the SHELF!,tannerites,family,2074661.0,0.07774661
ls21HyQKi1c,The Rarest Shark Tooth Find in the last 20 Years,bonniehoellein,family,14785.0,-0.0073563885
JtKEWoA9QWg,Chris is playing with an invisibility cloak,vladandniki,family,6085693.0,0.09122792
sZu470AlnsA,WHY WE’RE BEING FORCED TO MOVE!,dailybumps,family,243311.0,0.16333118
HGqqOfcYA_Y,Bratayley Goes 3D (WK 137.4) | Bratayley,bratayley,family,121697.0,-0.008641536
Ctamuq7oLJ8,Finding Dory See Hide and Seek Search Game for kids,ryansworld,family,29539534.0,0.04741648
Dw_F_1IICJE,When you reach a 67 flow state 🧘,ryansworld,family,179971.0,-0.08993101
O2coj2HS5sM,TheSacconeJolys - IN THE RAIN FOR CRACK COCAINE - Day 135,thesacconejolys,family,9376.0,0.113955006
F4V1SV8Phc8,SPLASH IN THE FOUNTAIN... (again?!),dailybumps,family,11556279.0,0.0750132
9pXoBHn0p8w,THE POP ROCKS + COKE EXPLOSION!,bratayley,family,152644.0,0.07380943
00zNoBx2PTQ,DIY Holiday Soap! 🧼 Santa & Snowman Soap Making with The Assistant #FamilyFun #holidaycraft,thesuperherobuddy,family,79367.0,-0.027773911
synO4YI_NOI,DIVING IN THE WORLD'S DEEPEST POOL!!,piersonwodzynski,family,4007201.0,0.120110825
7NyzUCiIJqk,Ryan learns Swimming Rules at the Pool with Gus!,ryansworld,family,14486262.0,-0.00025718287
4MCEFJVYS_I,Pancake Art Challenge Ryan vs Mommy! Learn to Make Ryan's World DIY Pancake Art 1 hr kids video!!,ryansworld,family,10134586.0,0.07379033
3s4-jQr1XWI,GENDER REVEAL PARTY!💙💗,kkandbabyj,family,622316.0,0.13007443
98_xoxVjwOQ,WE GOT MARRIED... (THE TRUTH),acefamily,family,7858405.0,0.10607731
t53btsnSmcU,ASSISATANT Cookie Decorating Contest with Mickey Mouse + Doc McStuffins Funny Challenge Video,thesuperherobuddy,family,1115380.0,0.0052382676
SNs9-U-WoVg,Assistant Helps Blippi Find his Lost Glasses in Romeo's Headquarters,thesuperherobuddy,family,124326.0,0.05740232
SSh3Kvd7hiE,New Drivers License!,bonniehoellein,family,169196.0,0.045217186
snMGWVgncxQ,Annie Fell Hard on the Beam (WK 309) | Bratayley,bratayley,family,1740947.0,0.053319223
fRGk0zHTUuM,Our Asian Kids Have Colored Eyes!,kkandbabyj,family,423922.0,0.03539435
333kWJ-e2tA,A HUGE STORM IS COMING!!,dailybumps,family,30902.0,0.026252829
XADT43mz13Y,Imagining TWIN Houses In Our COLORS!,tannerites,family,50771198.0,-0.15479553
dqqV78Mn0OA,Vlad and Niki Ice Cream & Watermelon Challenge for Mom,vladandniki,family,116088725.0,0.05136598
414p6smhL_4,First Fan Movie Premiere for Ryan's World the Movie: Titan Universe Adventure!,ryansworld,family,212505.0,-0.0059043905
wBNBaLqdTko,Another New Puppy In The Family Cousins,kkandbabyj,family,195350.0,0.11419022
DGq9FS-MVNA,Reading More Mean Comments!,dailybumps,family,629418.0,0.1640185
8Zu8QHz1CdI,My Worst Nightmare | Brent Rivera,brentrivera,family,12727671.0,0.14355433
x2IYcp9ofgA,Looking as the Shopkins Season 3 Sneak Peak Surprise Toys,thesuperherobuddy,family,1907874.0,0.059632547
8XHxR8FWlVs,Assistant Opens PJ Masks Surprise Eggs with Pete and Paw Patrol,thesuperherobuddy,family,790310.0,0.14476663
PEnzvwxTh6s,Lincoln's Birth Vlog,bonniehoellein,family,4496743.0,0.14087072
bQQHQvFjMS8,Assistant Goes to School with Mei from Turning Red and Paw Patrol,thesuperherobuddy,family,534913.0,-0.006570071
7VGMds3vOg4,When your mom had kids 17 years apart 😅 #shorts,theweisslife,family,483733.0,0.09097487
ztKYcknSTJs,Baby's First Doctor Visit,kkandbabyj,family,500778.0,0.020924421
dFrODXXSAK4,Kids Take Care of Animals at the Shelter,vladandniki,family,6174129.0,-0.051565543
85uEEQ41u10,Eating Pralines at Aunt Sally's in New Orleans,familyfunpack,family,182997.0,-0.14146753
aM4HO_2Yxm0,Super Spy Ryan and the case of Unicorn Daddy!!!,ryansworld,family,10494632.0,0.0977705
36acHuRHEQw,Watch the full video to see even more INSANELY talented kids!!,brentrivera,family,2294025.0,0.14367461
tHMnWyqgJbw,"Morpheus8 Laser - Treatment, Recovery & Review",bonniehoellein,family,58078.0,0.009035045
piqblGap92s,LOOK WHAT THEY DID TO ME... (TERRIBLE IDEA),acefamily,family,784381.0,0.2818079
akzmwZuWDOM,Vlad and Niki - Best funny stories about Toys for children,vladandniki,family,78323854.0,0.1582247
8emNe2tDQh4,How many balloons does it take to make a puppy fly?🥺🎈,brentrivera,family,151626103.0,-0.04114528
uRixhY_skLs,*NEW* Our SUMMER ROUTINE on 4th of JULY!💙,theweisslife,family,34372.0,-0.043337375
apetyGSD_RQ,Meeting Our Baby Girl For the First Time (Live Birth),rebeccazamolo,family,21086088.0,0.109952375
dy6osgeJI-I,Assistant’s Magic Pumpkin Experiment 🎃✨ Fun Halloween DIY for Families,thesuperherobuddy,family,39320.0,-0.086458646
R5aP1GSY0gE,Her Story Touched My Heart | I Had To Meet This Sweet Viewer | The LeRoys,theleray,family,172441.0,0.07118544
pn3dU0JXePQ,WHO ATE THE MOST CANDY #shorts,piperrockelle,family,2892593.0,0.016106179
JNP8TJgcLQE,Tinkerbell / Fairy Makeup Tutorial,bonniehoellein,family,1004583.0,-0.104700044
4kl1A42jq_g,NEW BABY COUNTDOWN!!,thesacconejolys,family,183146.0,0.058223814
7Dkzh-wJ6KY,Ollie's Teeth are BREAKING through! 😬 🦷 (Is this Okay?),dailybumps,family,234764.0,0.1451782
2k7_b_H4rCs,Eyebrow Trimming,bonniehoellein,family,165871.0,0.07746445
YXtcTUmiya8,POKEMON CARDS OPENING Booster Box Moonlight Rare cards with Ryan ToysReview,ryansworld,family,6974368.0,-0.048636667
STxWiPZmEU0,The Big Move Part 2 (WK 7),bratayley,family,404076.0,-0.036815546
4bKOXFttAH8,Ryan plays at Indoor Playground in Hawaii!,ryansworld,family,2633350.0,-0.071712166
ukY1Y5KKUrY,"Head, Shoulders, Knees and Toes! Big Sister vs Baby Sister Playground Games! #cocomelon #shorts",cocomelon,family,4317871.0,-0.029506756
CvVivLkLrxk,"Reese Comes Home, Rhett FLIPS OUT, & Finishing Up  Kesley's Bedroom Before Her Return",theleray,family,115241.0,0.031580128
SrGP3mlc2dc,Dog Mannequin Challenge Stuck on Invisible Leash!,familyfunpack,family,1246429.0,0.08051425
kzoZJTP6vso,REACTING TO HIS BIRTH VIDEO!,dailybumps,family,845395.0,0.13388807
hTly38W9bm0,NEW HOUSE TOUR!,thesacconejolys,family,119517.0,-0.08528088
M_ayclulEMo,Never Have I Ever WAR HEAD CHALLENGE w/ Chicken Girls Mads and Riley Lewis | Piper Rockelle,piperrockelle,family,744918.0,0.059453886
__Og-GQAhSU,Bratinea Pigs (WK 71.2),bratayley,family,2174190.0,-0.052915365
X44mhS8K1mA,Ryan Joins Hawaii Firefighters at Fire Station 7 Waikīkī!,ryansworld,family,249033.0,-0.083518036
tlXu-Tv0eRE,What 12 year relationship is really like…,familyfizz,family,202939.0,-0.012390148
GyI7rifxukc,ASSISTANT Surprise Tent Challenge with Paw Patrol + Funny Pig In Real Life Funny Video,thesuperherobuddy,family,377756.0,0.074997604
bR1Udb2WlsE,Sofia the First Princess Toy Parody,thesuperherobuddy,family,596465.0,0.17047751
TnFqs7nlHsc,BABY'S FIRST CONCERT! (5.30.14 - Day 490),dailybumps,family,128866.0,0.10350314
XyLcBJkKPHE,Operated on the WRONG BODY PART - AGAIN,bonniehoellein,family,354033.0,0.26258478
_fXemrttxfM,Wheels on the Bus 🚌 + More Wheels On The Bus Songs | CoComelon Nursery Rhymes & Kids Songs,cocomelon,family,8838880.0,-0.055013318
uJDF5A0jYqY,Hayley's New Wardrobe (WK 407.5) | Bratayley,bratayley,family,686989.0,-0.01976012
oCxuKic6iVU,NOH8,thesacconejolys,family,11838.0,0.07845633
aAEcDSewbdA,PEEKABOO Birthday Game! Where Did JJ Go?! #cocomelon #shorts,cocomelon,family,5062820.0,0.11497341
cZccmP03uNU,Learn how to Draw Boss Mode Combo Panda for kids!,ryansworld,family,1056576.0,-0.05315285
D7A8Be-KDw4,$120 FAKE iPhone 12 Pro Vs. $999 iPhone 12 Pro!! (WISH iPhone),itsyeboi,family,1102460.0,0.13472402
bjMpANvq-4w,SURPRISE BIRTHDAY PACKAGE!,dailybumps,family,646612.0,0.15633988
myak_Q1fXWI,My Morning Routine! | NO HOME SCHOOL!,tannerites,family,1934596.0,-0.16267167
RFtXaQz1Wcc,Sofia the First Bedtime Unboxing and Review,thesuperherobuddy,family,444851.0,0.15587784
BJX6KTf3sps,Magical Giant Candy Adventure at the San Diego Fair,familyfunpack,family,1280239.0,0.02595568
eWUH_-uP8TU,It's Very Scary 👻 (WK 356.2) | Bratayley,bratayley,family,3559007.0,0.07871685
YdoV0EYn25E,Fisher Price Song & Story Learning Chair Has Baby Michael Dancing! Playtime Review,familyfunpack,family,7473930.0,0.061029755
sO4loJOJUqM,Dog Attacks Super Hero (WK 177.3) | Bratayley,bratayley,family,392758.0,0.039470363
escF0aapjH8,EPIC SKYDIVING STUNTS!,dailybumps,family,279500.0,0.11341207
wB2z1RJc0-Q,Haha😂,brentrivera,family,4398288.0,0.046609443
Kze9CxybGVE,Paw Patrol Chase Lives with the Penguins a Funny Toy Parody,thesuperherobuddy,family,4200407.0,0.10151908
PoO_OFcKEKM,SICK ON CHRISTMAS! 🤒,dailybumps,family,275154.0,0.08370882
x1hU1O4wp38,Back To School Shopping For Kesley | The LeRoys,theleray,family,374133.0,-0.08240908
x2_sO1_p4oI,Mother's Day 2016,bonniehoellein,family,298067.0,0.1686028
wP7NN6nV2EQ,We Started A New Tradition!,kkandbabyj,family,254111.0,-0.12265238
JfJrpOZzOKk,Revenge Valentines Day Present for Joel - Episode 1,bonniehoellein,family,158494.0,0.2248359
a2MPwmKPzjI,Starting An Argument Then Passing Out Into My Boyfriends Arms Prank *cute reaction*| Piper Rockelle,piperrockelle,family,13074645.0,0.24991213
T1ALQKsc96g,The House Is Infested,dailybumps,family,269050.0,-0.01218049
vPHYLH0ZnBc,Chris and Amazing Adventure with Miko | World's Smartest AI Robots,vladandniki,family,2079661.0,-0.049644776
XSOmAuGrGKE,Kayak Tour in Hawaii (island),bonniehoellein,family,217364.0,-0.21514808
xyJfNrVr_6M,Why We Had To Take Down Our Christmas Tree Early! 😩,dailybumps,family,58986.0,0.098668486
Fui7GCwwrjE,SUNDAY FUN!,tannerites,family,14678.0,-0.17492163
XKzs_tQauYs,Disney Cars Lightning McQueen Power Wheels Playtime at the park,ryansworld,family,22750507.0,0.023113592
aS3qiuznvx8,Water Park Play Day!! Family Fun Pack,familyfunpack,family,3148599.0,-0.23724133
GHYYMZkHx5A,REUNITED!,kkandbabyj,family,67216.0,0.0073135123
RKLvMLopXt0,Stranded in the Moab Desert,bonniehoellein,family,122963.0,0.015107494
TNykw23SJUY,EATING THE SAME MEAL FOR 5 DAYS STRAIGHT,piersonwodzynski,family,3400941.0,-0.0070559755
u43iSAyTELk,When one song turns into a whole concert 🥹,familyfunpack,family,74987.0,0.051104467
CJEjcRg2amI,BABY GOAT TRAPPED ON HUGE ROCK! Amazing Rescue!,dailybumps,family,276565.0,0.059743986
ZN2NqWWAmfM,Ryan's World Presents: Sunnyside Up! Ep 3 - SECRETS of the Cosmic Sphere!,ryansworld,family,156645.0,-0.09402177
nQozCVh3VAU,THE MOST INSANE TOTS PACK OPENING EVER!!! FIFA 16 TEAM OF THE SEASON,itsyeboi,family,56242.0,0.03743781
Gfisbw-WdDk,Perri's First Time Competing At NCA | The LeRoys,theleray,family,119218.0,-0.017366365
SJVDy6IDS44,First Horse Ride,bonniehoellein,family,287996.0,0.08673824
jcpYsHwTk7g,She Got A HUGE Tattoo For Our Kids!,kkandbabyj,family,352757.0,0.034833163
zDPKq23EE0Y,How to Make Lightning In a Bottle DIY Science Experiments for kids!,ryansworld,family,5391539.0,-0.00026497245
bPlZM96gXkE,My First TEE-BALL Game,bonniehoellein,family,413678.0,0.025836322
2RQmhfNi1hE,Assistant Delivers meals to Mickey and friends through the Drive Thru,thesuperherobuddy,family,6875281.0,-0.006438366
rbOmMF5iFuo,Ryan's Ultimate Art Egg Activities for Kids!,ryansworld,family,4679376.0,-0.033917025
7flUazft9E0,100 Buttons Challenge but only 1 let you escape...and more 1hr kids video!,ryansworld,family,29130714.0,0.16895893
hpu6M8ICeEY,Ryan Pretend Play Dress up with Emma and Kate EK Doodles | Kids animation,ryansworld,family,5787876.0,0.13668172
hf-JlJtmyf0,SECRET PROJECT REVEALED!!!,familyfunpack,family,211386.0,0.0677222
tiA-GFXGLLA,I hope these words motivate you. ☺️,theleray,family,45327.0,0.0102687515
7kbZ4kfk7Sw,8 People Caught On Security Camera Hiding In My House,tannerites,family,3053840.0,0.19011095
2ve_3jfIGdE,FUN WITH ZALFIE!,thesacconejolys,family,742675.0,-0.076825686
DYZ4dndSzFk,DREAM COME TRUE! (11.5.13 - Day 284),dailybumps,family,118727.0,0.11218561
uA0jE78e-zo,Holiday,bonniehoellein,family,716292.0,0.019593932
dNPQ2C-bKZQ,Real Tooth Fairy Mystery Note Found! ‍🧚‍♀️ (BIG MONEY SURPRISE? 💵 ),dailybumps,family,610450.0,0.029272417
afKoGGQ44QQ,Week 35 Bumpdate - Feeling Baby Move!!,familyfunpack,family,692530.0,0.1468281
C2jJIIz0RiE,BABY SPLASH PAD!,kkandbabyj,family,81630.0,0.10338642
89j0WnYjYIE,Giant Alice In Wonderland Hacker Party in Real Life | Rebecca Zamolo,rebeccazamolo,family,9908815.0,0.09269571
MNv2d0a7nBg,Assistant Play Windy Knicker Game with Wiggles and Waggles,thesuperherobuddy,family,1799224.0,-0.04127099
X8mlN7uhCNA,Every Hour I Get More Pregnant,rebeccazamolo,family,13704439.0,0.1588003
XVR__A-S8r8,Air Hogs Smash Bots Remote Control Battling Robots for kids,ryansworld,family,4667965.0,0.10517382
gm-vWk4ml64,Potty Training,bonniehoellein,family,359871.0,0.100713976
dbeRDzPLAzY,Three Billy Goats Gruff || Kindergarten Tales,familyfunpack,family,636593.0,0.02974258
LDxwsu5c9iI,We Lost It..,kkandbabyj,family,306747.0,0.017786311
kr7gy2Of3Jc,My House Is Haunted - Ghost Stories!,tannerites,family,7916543.0,-0.09965349
NiCygTqTQ0g,We've Been Keeping A Secret | The LeRoys,theleray,family,281828.0,0.038343698
xYEZ6VWnEQc,Nikita and Mama play pet salon and dress up,vladandniki,family,107880681.0,0.10108633
nqNAKY4mCsU,Colorful Balls in Cups! 🔴🔵🟡 #kidsvideo,cocomelon,family,25884185.0,-0.03328541
sxFICf-DObg,"HELICOPTER FUN! - 5K BUMPERS! - May 2, 2013",dailybumps,family,33741.0,-0.0074493047
yn1iYUoEkU4,MYSTERY WHEEL of PREGNANCY CRAVINGS CHALLENGE! | Family Fizz,familyfizz,family,663368.0,0.08613143
Sy4eGxgdpS8,PAW PATROL  Beach Tower Is lost  By PJ Masks Romeo  Toys,thesuperherobuddy,family,59250.0,0.085868895
5H6HHW7QTzw,Ever Feel Like You're Being Watched? #shorts,bonniehoellein,family,28415.0,0.24487181
N5wgQ_7vDjs,Sharks vs Dinos Toy Monster Truck Competition,vladandniki,family,2049733.0,0.04285937
fEY40QTMu0o,💋The KISS Goodbye!💞,tannerites,family,192314.0,-0.03171496
ZnhWdA0WK8E,YOU LEFT ME ALONE AT A COSTCO 🤣😂 #shorts,theweisslife,family,85731.0,0.092959836
3PUvlGL9RHw,REMOVING A TICK FROM HIS HEAD!,dailybumps,family,244948.0,0.1847491
Coo9YvCeVSw,Toddler's First Ride At Fall Festival!,kkandbabyj,family,232857.0,0.01979506
f4uyRcn_uK4,One Year Old Thinks He's Potty Trained!,kkandbabyj,family,202435.0,0.13822863
Wfg-ucn4AbY,"Behind the Scenes with ""Dancers Among Us""",jordanmatter,family,236578.0,0.046210263
QwiFwKI_S-s,really needed this @KiehlsNYC  #kiehlspartner #skincare,piersonwodzynski,family,95229.0,0.056862995
xf4aX9q7b3w,EPIC PENTHOUSE ON THE BEACH!!,ehbee,family,726507.0,-0.090020314
jm1VreW0K8I,I Hate Mondays! (WK 143.6) | Bratayley,bratayley,family,430956.0,-0.042173825
_C_TaNx25B8,Assistant Hosts the Peppa Pig Play Doh Playoff In her Box Fort,thesuperherobuddy,family,514238.0,-0.005964402
sOPef82frv4,Bohemian Rhapsody performed where Freddie sang his last song,familyfunpack,family,65462.0,0.04720616
cBHhTnqVBJM,HAPPY DOCTORS APPOINTMENT!,dailybumps,family,135296.0,0.012433295
dFTqtzgvWn8,BABY SINGING TO A BABY ON A TRAIN! (cutest girl ever),thesacconejolys,family,190276.0,0.10581339
ZKhWd2DuqaM,BAKE IT OR BREAK IT? AD,thesacconejolys,family,349598.0,0.09205334
AEDuUEquQKo,SHE SELLS DRUGS?!,kkandbabyj,family,53094.0,0.1457821
v2T-A-mOOjE,Is My Son The New Beethoven On The Piano! #shorts,bonniehoellein,family,8365.0,-0.017434502
RI_uiMhKM5Q,DIY FLAMING NERF DARTS!! (MOST DANGEROUS TOY OF ALL TIME),itsyeboi,family,814577.0,0.20524281
gCyBrWiSvnI,Painful Belly Flop! (WK 235.6) | Bratayley,bratayley,family,4322305.0,0.08751005
r-HX93v0y3A,Lincoln Gets His Stitches Out,bonniehoellein,family,109165.0,0.19846153
-V3ObbaxkU0,GET TO WORK!,thesacconejolys,family,115198.0,-0.023490556
7zGF_3yd-1w,Paw Patrol Helps the Puppies With the Play Doh Kibble Krank,thesuperherobuddy,family,2989754.0,0.023817692
GeQq2LIOYLY,Saying goodbye… | Family Fizz,familyfizz,family,140133.0,0.00994632
MGkyudNqcKQ,Pat A Cake 2 | CoComelon Nursery Rhymes & Kids Songs,cocomelon,family,139121560.0,0.028669126
dtdu_vps5rA,The End of Another Corn Season,bonniehoellein,family,8202.0,-0.024828099
Fp2Jhj7IwqU,DRUNK DANCING BABY!,thesacconejolys,family,160933.0,0.025585143
5wGRZBnuAzE,Doc McStuffins Christmas with Santa Claus and Friends Toy Parody,thesuperherobuddy,family,505028.0,0.13273726
BJFQ31DPD28,Saying Goodbye To The Kids,kkandbabyj,family,270307.0,0.1527345
h0oSw5aHWEs,Dad Wakes Up On Swimming Pool Mystery Prank SOLVED! (CAUGHT ON CAMERA!),dailybumps,family,6732313.0,0.23271076
HkBrzt-5x8M,Assistant and Batboy Ryan hunt for PJ Masks  and Officer Smalls,thesuperherobuddy,family,18959574.0,0.038536742
90gr0W6LMr0,Where Has My Little Dog Gone? + More Nursery Rhymes & Kids Songs - CoComelon,cocomelon,family,148978740.0,0.15475711
29KJw20XWT4,LIFE HACKS THAT WILL CHANGE YOUR LIFE...,ehbee,family,447186.0,0.13417184
6HmJHQ2Y9Gc,ELLE FOUND THE DIAMOND PLAY BUTTON!!! **OMG IT'S REAL**,acefamily,family,5256868.0,0.1071679
qYX7GY8c2nA,MOVING INTO THE ALBOE HOUSE EP. 2,itsyeboi,family,216759.0,0.12292448
XBVBAZI-X6E,IMAGINEXT Batman Batbot Robot Video Toy Review,thesuperherobuddy,family,168064.0,0.08008514
i5bSv1jdzXc,Among Us Halloween Costumes!,kkandbabyj,family,127427.0,0.15439579
wxp6peJKOkY,Top 3 FATHER DAUGHTER FUNNY MOMENTS PT.1 #shorts,ehbee,family,73640.0,0.16293696
NG7SDlNcBCg,LIKE MOTHER LIKE SON! (8.13.14 - Day 565),dailybumps,family,154601.0,0.16988614
1ZSeU-NFteA,Birthday Present Is TOO BIG To Bring Home,kkandbabyj,family,254942.0,-0.029041108
ZILqj7pBh7U,Heading Home! (WK 134.3) | Bratayley,bratayley,family,234693.0,-0.06315118
i2MS0H6kpgo,Who's Taller? Jenga Blocks or Ryan?,ryansworld,family,605586.0,-0.0023696402
0TsxogGwy20,NEW CAR SMELL (6.2.13 - Day 128),dailybumps,family,46019.0,0.18199943
Pmk60dzrzUQ,We Wish You Were Merry Christmas - throwback to baby boston,bonniehoellein,family,16547.0,0.06607359
aMYgO5VSbXs,POV: When your daughters are just as mouthy as you are,familyfizz,family,157448.0,0.25328782
nOt0QisTzfM,We Played Among Us The Ohana Adventure's House In Our Color In Real Life!,tannerites,family,17117128.0,-0.08320449
4LVG4HMnaCo,How Well Do We Know Each Other!? (w/ Lexi) | Brent Rivera,brentrivera,family,4135835.0,-0.055080324
LIyprdaNUTE,I Built a SECRET ROOM in a TRAMPOLINE PARK!,jordanmatter,family,62772401.0,0.105263226
DOqmXPhJiNE,BABY GEMMA IS BORN! EMOTIONAL BIRTH VLOG,theweisslife,family,1609375.0,0.2667088
HORi9ZsYxac,Shoppin' Til We're Droppin' (WK 157) | Bratayley,bratayley,family,319815.0,-0.006532821
zo8RbuDhQOU,BEING NAUGHTY!,thesacconejolys,family,557101.0,0.120756984
XyIQI5IbsoQ,How many layers of tape will hold a human!?😱,brentrivera,family,8514505.0,0.0073806345
PnHeuAgcIDw,Tired & Grouchy 😫 (WK 366) | Bratayley,bratayley,family,1078357.0,0.017801201
-01w6Um5qiQ,My Crush REACTS to BAD NEWS. I'm VERY Sick! **Emotional QUARANTINE** 💔😷| Piper Rockelle,piperrockelle,family,3106623.0,0.27339476
Mb19d8l5mlk,She Couldn’t Believe He Did It!,dailybumps,family,983122.0,0.11557953
crg2L44BCw8,WHAT'S INSIDE MY SUITCASE: Mum & Baby World Travel | Family Fizz,familyfizz,family,259326.0,0.035112165
WW_BBfNGZUI,Fun Hawaii Facts for Kids with Ryan's World!,ryansworld,family,1444444.0,-0.08295067
UQ94bhtMA0k,Paw Patrol Ruble Tells Knock Knock Jokes To His Friends a Toy Parody,thesuperherobuddy,family,1743171.0,0.18309239
zNxUvotL34Q,The Liver King Would Love This! Christmas Shenanigans,bonniehoellein,family,22032.0,0.01247477
au7-RQaKc7U,KEEPS GETTING BETTER!,thesacconejolys,family,48272.0,0.17192963
fjuAiJeoLcY,How I Wish My Husband Would Respond #shorts,theleray,family,66720.0,0.0901656
s9FkveEXuQk,Lifetime Apple iPhone User Switches To Samsung Galaxy For A Week!,itsyeboi,family,510279.0,0.04050879
jAJYti2pAHg,WHAT NOT TO DO!,thesacconejolys,family,225757.0,0.15573469
84q1vsCZnSk,a night with my newborn! sleep with us 😴,kkandbabyj,family,132227.0,0.06449504
OfAms3DbeD8,DINNERTIME SWORD PLAY!,dailybumps,family,184961.0,0.07330894
gdpFwSpq1Ac,My Daughter Transforms Me Into A Gymnast in 24 Hours,jordanmatter,family,36671341.0,0.11150001
KyawtfWVeb4,"Family Fun Pack at Dollywood, Tennessee!",familyfunpack,family,1041032.0,-0.2667214
9hF7aInU3aE,SAYING GOODBYE!,thesacconejolys,family,516922.0,0.08989297
ZUsSyJUxXfk,OUR BABY MEETS OUR NEW BABY! | Family Fizz,familyfizz,family,954879.0,0.044576056
3Nkl9Wt02No,AMONG US PANCAKE ART CHALLENGE!!,ehbee,family,702859.0,-0.023273526
EkePNgz46fQ,"Took on the Scariest Ride at Busch Gardens, Virginia!",familyfunpack,family,1285973.0,-0.06525878
l_rFU9fwL9o,EXPECTATION vs REALITY - Halloween,ehbee,family,322476.0,0.07572739
VDVEYXQSHRA,What’s inside our fridge? | Family Fizz,familyfizz,family,109812.0,0.008627366
UwV5Nv2ZDfU,Piper Rockelle - Butterflies (Official Music Video) **TRUE LOVE**🦋🦋🦋,piperrockelle,family,48470312.0,0.10085441
3aqN8L5_JaI,INDUCTION DAY BOOKED!,thesacconejolys,family,60160.0,-0.030282753
Ph1F19kTU60,It actually happened…💙,ehbee,family,441749.0,0.20639443
g7VMMQYne4U,TheSacconeJolys - IS THERE SOMETHING UP THERE?,thesacconejolys,family,11856.0,0.0036388412
7QExZTJEAvI,Yummy Fruit Ice Cream Game 🍦! DIY Healthy Snacks with JJ! #cocomelon #shorts,cocomelon,family,6142644.0,-0.011787564
yrKF6yciNSg,Design the ENTRY of My House With Me - Episode 13,bonniehoellein,family,41005.0,-0.058031328
WgLYPhhdCzc,LITTLE CHARMERS + TOY STORY Farm Adventures Hazel Video Toy Parody,thesuperherobuddy,family,141565.0,0.07314911
xNJvSHu1zuY,NEW HOUSE SNEAK PEEK | MOVING VLOG | THE LEROYS,theleray,family,571093.0,-0.019944988
blTKSxJ-9nc,Niki pretend play selling ice cream and want new ice cream carts,vladandniki,family,184515604.0,0.16483063
WChHF6bpuUs,Five Little Mikes play hide and seek with Uncle,vladandniki,family,13836540.0,0.050571714
4IvFMmWxv3U,SWIMMING WITH REAL MERMAIDS AND SHARKS IN NEW SWIMMING POOL!,dailybumps,family,4628038.0,0.11922646
9Ihuy9Jeiu8,ASSISTANT Doc McStuffins Pet Carrier BJ's Wholesale Club Top 10 Holiday Toys Video,thesuperherobuddy,family,213591.0,0.04249222
qr5amH2ERZ0,Christmas Q&A - 2020,bonniehoellein,family,90571.0,-0.015518511
0HsAzOBWklY,Why Won't You Buy Me a NINTENDO,bonniehoellein,family,728159.0,0.04422022
YsKyLiOXgWY,Ended our 4th of July with a FIRE!  Scary.  Fourth of July 2024,bonniehoellein,family,40306.0,0.05174552
WXm_nNJhCzQ,Assistant Rescues Paw Patrol and Lion Guard in the Bounce House,thesuperherobuddy,family,4569537.0,-0.005260487
lD4-XGNbMog,STRANGERS KNOCKED ON MY DOOR?!,piersonwodzynski,family,2456508.0,0.22905916
HdPqTM2iWvk,Like Runway Ready (WK 185.2) | Bratayley,bratayley,family,423656.0,-0.024166297
IXqBm15EZYA,DIY Rainbow Science Experiments with 1hr activities for kids to do at home!!,ryansworld,family,42515758.0,-0.14073756
s9sG8BP-kIo,We Caught Elf on the Shelf Pranking Us on CAMERA!,ryansworld,family,212206.0,0.18368855
sOUkL5MiSzY,Mom Steals Daddy's Electronics! Hardest Challenge Ever!,ryansworld,family,144984.0,0.10836339
Iz4u4yjdfjY,I was NOT prepared for this,piersonwodzynski,family,845607.0,0.12317778
UiEAD5RxQqQ,Assistant Declares a Cake Thief Alert  Wiggles takes Waggles' Birthday Treat! #FamilyFun #FunnyDogs,thesuperherobuddy,family,10879.0,0.14273706
ZmO87MAIEXs,i can’t believe i did this🤯,piersonwodzynski,family,735963.0,0.12006481
Ln9k6vsf0sU,Ryan opens Giant Superman Surprise Egg,ryansworld,family,159338890.0,-0.0021891017
u5UBJRPTUWo,Meet Bri's New Baby,bonniehoellein,family,125657.0,0.017717246
9jgm2O0dSxo,Follow the Leader Game + More Nursery Rhymes & Kids Songs - CoComelon,cocomelon,family,135632948.0,0.089953646
ftY2-qrL1NE,VIDCON PANDA DANCE PARTY!,dailybumps,family,1008647.0,-0.010145165
RPAyMnxElEE,TEEN DANCE PARTY!!,tannerites,family,61252.0,0.03159847
akWbdv-aBsk,IT FINALLY HAPPENED WITH KESLEY AND DAVID | THE LEROYS,theleray,family,684626.0,0.15420267
OHNe2-JEe6k,SECRET CAMERA CAPTURES FINN DURING NAP TIME!,dailybumps,family,3918533.0,0.17114806
_Hxe36vxfY8,All 3 Kids Needed To Go To The Doctor | The LeRoys,theleray,family,173868.0,0.053506926
Ks5B6wp8BOU,No Wi Fi Challenge for kids with Chris,vladandniki,family,33534699.0,0.05414487
ggZdBCNLNtc,Ryan Pretend Play Opening Christmas Presents Early!!!!,ryansworld,family,28082910.0,0.051353358
eTFVlQsI9OU,Fun In The Snow + More Nursery Rhymes & Kids Songs - CoComelon,cocomelon,family,33060285.0,-0.029265307
gg757ikdQ40,Kids Adorable Reaction First Time Seeing Mom In 10 Days,kkandbabyj,family,658090.0,0.1344932
bA4fO2hnev8,THAT WAS A MISHAP! (11.4.13 - Day 283),dailybumps,family,289101.0,0.06494735
dL2mq_jAJac,Forced to Evacuate - Home Gas Leak!,familyfunpack,family,9372146.0,0.11407302
OCJ2hRmBfL0,EVERYTHING I Got My TEEN DAUGHTER For CHRISTMAS!🎄🎀✨ #shorts #christmas,theweisslife,family,97065.0,0.025141872
7KG_tDasalo,We have HUGE news… | Family Fizz,familyfizz,family,259121.0,0.013248153
CCkp0_fpk7s,This is Getting Complicated 📷 (WK 355.6) | Bratayley,bratayley,family,618148.0,-0.012299227
C3Z9XCfb_qc,SPICIEST TASTE TEST EVER!,ehbee,family,635716.0,-0.024205904
KXqfV4BLl2Y,Paw Patrol  Helps the Assistant Find food for her Pony Cycles,thesuperherobuddy,family,13575691.0,-0.017254712
wItw6Vgp62s,Learn ABC's with Tasty Soup! #cocomelon #shorts,cocomelon,family,3909590.0,-0.04399126
tE4W8C7y7mE,Can Cody and Nina Fly a Plane?! CoComelon #Shorts #nurseryrhymes,cocomelon,family,12032618.0,0.046621338
IZ4oyFe0b_Q,When everyone in public thinks she’s my big sister… #shorts,familyfizz,family,1991813.0,0.16303506
HJ1VbPn3_fI,Ryan's HILARIOUS April Fools Pranks on Dad!,ryansworld,family,219363.0,0.15961629
fsL_p-A5qKU,PAW PATROL DIY PUMPKIN FUN! 🎃 Kids Halloween Mix Up !,dailybumps,family,1439736.0,-0.026216924
ZGUbUZho6xA,WHAT'S THE BEST PUMPKIN SPICE SNACK?? 🎃,piperrockelle,family,1113828.0,-0.049594127
hpVUd7XmWZI,Assistant Plays Blaze and the Axle City Racers on the Nintendo Switch,thesuperherobuddy,family,107622.0,-0.07805035
ODf8croQZF8,The Day I Dread Every Year and Brock Made me Cry | 14 Years Ago We said goodbye | The LeRoys,theleray,family,685136.0,0.042586587
7CaGCNI4lIE,the boys meet their baby sister 🤍,kkandbabyj,family,367022.0,0.022103457
5UeeDILg_T0,The Struggle is Real (WK 275.6) | Bratayley,bratayley,family,1830261.0,0.017326793
_TJN47AzJnk,PLAY-DOH Tutorial Three Little Pigs Playset Three Little Pigs Toy Playset,thesuperherobuddy,family,110310.0,-0.03549594
KuP27f9Qt94,Parents: Then vs Today,ehbee,family,2717322.0,0.036222048
eolHauWmGHo,Trying Things We've NEVER Done Before w/ Brent Rivera,piersonwodzynski,family,3151333.0,0.032878384
5SNjWTLh2MU,Elsa Gets Tricked by Princess Anna and Jack Frost,thesuperherobuddy,family,8115024.0,0.18237585
y1PfKduWlcs,TheSacconeJolys - SPIDER IN MY SHOE! - Day 104,thesacconejolys,family,11189.0,0.07975894
b4zvJg3tUmU,OUR FIRST Q&A | THE WEISS LIFE,theweisslife,family,27734.0,0.041661322
X26wE5NMPCI,Khoa Fangirls Over Elle Mills,kkandbabyj,family,278390.0,0.13962826
h0BptutG3oc,Disabled Comment Section,bonniehoellein,family,95747.0,0.15159023
ynFz02w0cRs,MY FIRST DATE Shopping Challenge (KID vs TEEN) ft. Annie Rose | Piper Rockelle,piperrockelle,family,1798969.0,0.04428996
MhVoNE2V-Z8,Breaking Up The Unit - Day 70,thesacconejolys,family,8773.0,0.030609619
Sos41GmtbiU,New handshake alert 🚨,brentrivera,family,2162038.0,0.027848372
Y0Y1FEGFHkM,Easy DIY Science Experiment for Kids with Acid Base Indicator!!!,ryansworld,family,3688183.0,-0.065712065
taoGHbm6bIE,PJ MASKS IRL SUPERHEROES Catboy and Spiderman Surprise Eggs stolen by Romeo and Night Ninja,ryansworld,family,7724103.0,0.15498166
1h2mIFuGV5w,What's In My BACKPACK! Back To School Supplies Haul,theweisslife,family,71281.0,-0.031238487
1yGu-PuKCBI,PRESTON and BRIANNA CONTROLS Our FIRST DATE in Hawaii,rebeccazamolo,family,9559811.0,0.04499137
96aIxZhuOTM,NEW BABY GATES!,dailybumps,family,1707236.0,0.08912603
9U3N885A9o4,"Chris saves toy cars from a box - fire truck, an ambulance and police",vladandniki,family,42798047.0,0.12060268
rp5sy5hEKjQ,Ryan Pretend Play and Learn Colors with Giant Crayons,ryansworld,family,13032806.0,-0.016658965
7pKHpBOn0Ok,🎂HAPPY BIRTHDAY LIZZY!!🎉 SQS - WHAT IS YOUR FAVORITE SEA ANIMAL?🐳,tannerites,family,29255.0,-0.07139832
DjGzAw2evW8,LAST DAY OF SUMMER! ☀️,dailybumps,family,459490.0,0.0808764
n-TTOQWL_IY,Question and Answer (With Brent),brentrivera,family,332822.0,0.023858115
OzPs1JuRGy0,Assistant Uses her Super Powers to Help Spidey Save the Holiday,thesuperherobuddy,family,135930.0,0.110807896
AjHZJYq_W4M,Who Would Ask That? | The LeRoys,theleray,family,232221.0,0.03767647
I4KLaFQZNPA,THE MOST ANNOYING FAMILY IN THE WORLD!!,ehbee,family,9650978.0,0.12551637
xkHEY3DALDo,TIKTOK STARS SURPRISE CANCER PATIENT ft/ Charli D'Amelio *Emotional*,jordanmatter,family,3246145.0,0.12439132
eoutP2_TUCc,I’m in Group 67?!?!?! #group7,ryansworld,family,385437.0,-0.082268566
YG3XRNuNqAg,MY FAV COACHELLA FIT,piersonwodzynski,family,551632.0,-0.024999257
GgKOJfuiNvc,Paying Strangers To Guess How Many TikTok Followers I Have,piperrockelle,family,3418279.0,0.041807197
oX3IAEPXDQ4,Pizza Song + More Nursery Rhymes & Kids Songs - CoComelon,cocomelon,family,49990824.0,0.016670236
sFiRHrdV_30,DATE NIGHT,thesacconejolys,family,14170.0,0.037038535
oOeec_CAHao,Ryan with  Dinosaur in our house adventure Pretend play!!!,ryansworld,family,32951987.0,-0.01593078
Swg7_DpMk4g,Happy Birthday JJ + MORE CoComelon Nursery Rhymes & Kids Songs,cocomelon,family,12609360.0,0.031940915
9O85uzh4uUA,Two New Dogs For Christmas!,dailybumps,family,596022.0,-0.03625185
aylv5RFKYao,SICK & STUCK AT HOME FOR ST. PATRICK’S DAY! VLOG,theweisslife,family,57184.0,0.09350987
G8-xz31BQdc,HER UNEXPECTED BIRTHDAY SURPRISE | Family Fizz,familyfizz,family,1020933.0,0.04712417
dLik69sf3xk,Kid plays Hide N Seek with twins baby sisters,ryansworld,family,26876493.0,0.09223603
vEgQJA8VCO8,HURRICANE HITS our NEW HOUSE!!! | Family Fizz,familyfizz,family,534039.0,-0.023353547
mW3Df3p5a1I,Our Puppy's First Grooming! (He Didn't Like It),kkandbabyj,family,132164.0,-0.010313823
MgUl8xxWQwE,Twins Missed Each Other During Road Trip -- Family Fun Pack Cute Old Video!,familyfunpack,family,3664490.0,0.018740406
v4NSJ4rbzSc,2 Day Left For Ryan's World the Movie!,ryansworld,family,159411.0,0.015880736
LWFEAF9aKvA,HE'S NOT A HAPPY BABY!,kkandbabyj,family,61879.0,0.1842657
Hru41IIgVGw,ASSISTANT Favorite Activities with Paw Patrol + Mickey Mouse In Real Life Live Action Funny Video,thesuperherobuddy,family,472898.0,0.082047164
7qoTRkwUgHM,Assistant Spidey Loop Challenge Paw Patrol vs Spidey and Friends,thesuperherobuddy,family,79729.0,-0.039717775
ayzHrmSO0dk,Spring Has Come 🪷 Magic Flower Song! | @CoComelonSanrioPlaydates | CoComelon - Nursery Rhymes,cocomelon,family,1562671.0,-0.08460409
eZTOf_Lk3c8,Sneaking Out Of My House At 12AM!,tannerites,family,9447112.0,0.049473003
rCkXZh_6HEQ,THEY LEFT US!,kkandbabyj,family,422117.0,0.13424888
7HgN6RanSAM,You Speak the Truth! (WK 88),bratayley,family,248886.0,0.00124152
-obep7imr-E,IM SO FRUSTRATED!! (11.15.13 - Day 294),dailybumps,family,55638.0,0.21947567
u8sTjrBrZjk,Worst Flight of My Life!,brentrivera,family,389480.0,0.16298527
KMelOkQZjLE,California Sunshine (WK 280.6) | Bratayley,bratayley,family,950316.0,-0.05837848
OxMSRINRTvw,FREE TEETH!,thesacconejolys,family,12376.0,0.14761217
EWgzM_WAAg4,DOC MCSTUFFINS Comparing Doc Against Stuffy's Check Up Sets,thesuperherobuddy,family,517344.0,-0.016212795
9SAi_DX3ZVY,MY DAUGHTER RUINED HER SCHOOL DANCE! #shorts,jordanmatter,family,7415511.0,0.2717173
snMBB6dg7zA,Secret Hidden Treasure Found Underground in Our Own Backyard!!,familyfunpack,family,4822855.0,0.12826832
6II8oDdIblQ,"Learn the ABCs: ""R"" is for Rabbit",cocomelon,family,33176639.0,-0.09262378
02XW-jjVL9o,KIDS COSTUME RUNWAY SHOW!,theweisslife,family,3596202.0,0.15562797
KN3mEHMpcyo,POO CRAZY!,thesacconejolys,family,10610.0,0.09448537
PasM_lZSDEc,My Opinion on a CONFLICTING Topic,bonniehoellein,family,146713.0,-0.08190328
aabsM_CbCzQ,BIRTHDAYS WITH BABIES ARE BEST!,thesacconejolys,family,356830.0,0.08648799
eVdvwoQHSP4,Dad Reacts To Daughters Dress For Winter Ball Dance | The LeRoys,theleray,family,186221.0,-0.0048919804
9jPm5PyV9y0,New Baby In The Family! (Hospital Visit!),kkandbabyj,family,189923.0,0.003469132
97s0XwDHb2M,Hay Hay is Cray Cray! (WK 139.6) | Bratayley,bratayley,family,85206.0,-0.053176556
ZZRYveDXIZU,the truth comes out...,kkandbabyj,family,305460.0,0.044143207
Mz6Eb85BbtI,The Age of Steel 🛡️| Elemon: An Animated Adventure Series – Episode 22,ryansworld,family,117339.0,-0.074078664
18X_XOUMZQw,ROOM TOUR // OUR NEW BABY'S NURSERY REVEAL!,theweisslife,family,57155.0,0.017822245
wUKhuAUCoi4,TheSacconeJolys - DODGY DINNER DATE!,thesacconejolys,family,16065.0,0.01833788
A2kVSY9uoJA,SHOULD I GET A TATTOO?,thesacconejolys,family,18857.0,0.14210303
p7Ff7dFS97g,D23 Disney Fan Event!,familyfunpack,family,47992.0,0.04363653
LWM7SJzp29s,David's Room Flooded #shorts,familyfunpack,family,10370103.0,0.118930474
XWG00yszjSM,1st day with NEW PUPPY,bonniehoellein,family,386763.0,0.04579149
cpk0yaxNlxU,GETTING THE TRUTH WITH My EX BOYFRIEND 😱 #SHORTS,piperrockelle,family,5043890.0,0.20304202
auJBzhycvDM,I SLICED MY FINGER!,dailybumps,family,3175022.0,0.19984266
FgMncyesZYk,SPANISH FOR 24 HOURS - Brother vs Sister,ehbee,family,835065.0,-0.09894705
alu0HFXu-NY,Assistant visits the Special Cracker Barrel Island on Animal Crossings,thesuperherobuddy,family,326601.0,-0.10976404
K53QQpsfxJU,Finn's New Face Tattoo! 💘,dailybumps,family,566798.0,0.00877351
pAHpu7jB9zw,Easy CoComelon Crafts! DIY Happy Cody 1-2-3! #shorts #cocomelon,cocomelon,family,46130326.0,-0.077356316
hi-uBNLxyPA,Vlad and Niki have fun in museums and playgrounds,vladandniki,family,271173527.0,0.04018514
IeKDOeFakEY,BIG SURPRISE!,thesacconejolys,family,489142.0,-0.0782393
EJhfV1PMLXs,Baby Owen 2 Weeks Old Update,familyfunpack,family,1026863.0,0.16115597
thMErG61CBg,25 WEEK PREGNANCY UPDATE + BELLY SHOT,theweisslife,family,16190.0,0.19501609
mDgcoGp8h2o,Elf On The Shelf - Back for ONE DAY!,bonniehoellein,family,62261.0,-0.019481452
ClSNNS77uzk,FAMILY FUN | AWESOME CANDY STORE TOUR!,theweisslife,family,88554.0,-0.015789224
JykuFKKQ7Cc,I OPENED My Own McDONALD’s At HOME with My BOYFRIEND **24 Hour Challenge**🍔🍟| Piper Rockelle,piperrockelle,family,3541662.0,0.05551377
oufd_SRUTeM,MILES FROM TOMORROWLAND Space Jetter  Unboxing Toy Review,thesuperherobuddy,family,313557.0,0.046024956
tXhGmbtCDcg,CUTEST BROTHER MOMENT EVER!!!,kkandbabyj,family,344191.0,0.16877002
ihV0IgQME1A,CHOCOLATE FONDUE CHALLENGE with gummy vs real food taste test and giant chupa chups lollipops,ryansworld,family,24106910.0,0.0664164
0D5KxQ4PmUM,Back To School Supplies Shopping Trip 2019!,theweisslife,family,435613.0,-0.1216138
JXoCoIbk8Ko,Clothes shopping for her FIRST PHOTO SHOOT! | Family Fizz,familyfizz,family,577479.0,0.06461409
IF-HCfZyct0,Plants vs Zombies Plush : Zombies Return Pretend Play  with Ryan ToysReview!!!,ryansworld,family,28097192.0,0.0855214
yEf57BM0eqw,PEPPA PIG and Pedro Pony BBQ Surprise Grill Parody,thesuperherobuddy,family,125582.0,0.062806025
4y8Da6Ptlnc,Caught My Kids Being Up To No Good!,kkandbabyj,family,323426.0,0.05857661
6IfL2KiaTLM,Say The Word on BEAT Challenge | Easy to IMPOSSIBLE Levels,ryansworld,family,179979.0,0.02096507
E-8NIwqvQxE,LET'S GET CRAZY FOR NEW YEARS!! (Epic Compilation),ehbee,family,1529782.0,-0.011509373
iTMCY4DNpYI,Our lives could be so different,thesacconejolys,family,176428.0,0.012246024
3MYDnS7XGKo,I WAS CAR ROBBED! | STORY TIME,kkandbabyj,family,22898.0,0.3526969
kloRFXJp1fk,Shaking Challenge #shorts,piperrockelle,family,3658717.0,0.07761831
DV8IrXJLkUQ,I'm Here for the Party,bonniehoellein,family,178421.0,0.19405912
DPAOTo0DpPg,Sick Song + More Nursery Rhymes & Kids Songs - CoComelon,cocomelon,family,23350451.0,0.12390892
iLsLaazxcM8,Hilarious Sister Edition Answering Juicy Questions  | The LeRoys,theleray,family,194605.0,0.017384207
VYh4Uj9ECjY,DON'T WORRY! BE HAPPY!,thesacconejolys,family,17988.0,0.16544214
9UBXRBjuyY0,The KIDS Finally Earned LAGOON,bonniehoellein,family,523695.0,-0.031071994
Z6SIMqckjHo,This Never Happens (WK 397) | Bratayley,bratayley,family,628369.0,0.030207003
Vp_SW_RkCEs,I'LL BE THERE FOR YOU!,dailybumps,family,301733.0,-0.05538204
_f3Glbryruc,Testing AS SEEN ON TV Products,rebeccazamolo,family,277953.0,0.027754918
0TJ79hzGEew,Collecting her NEW CAR!,thesacconejolys,family,210785.0,0.08470297
MrgxcXDbApw,Day in the life of Kesley.,theleray,family,669123.0,-0.037265226
YTNpOtiH94o,our favorite song💛,piersonwodzynski,family,916710.0,-0.036185034
pzo3xasqmLU,COCKROACH PRANK ON BOYFRIEND!!!,acefamily,family,3141399.0,0.23248595
WoZiS2yRKCg,20 Annoying Things People DO!!,ehbee,family,3744049.0,0.1350809
M8exusnfOzU,HUGE SURPRISE PRESENT FOR THE KIDS!!!,kkandbabyj,family,358507.0,0.030053956
7e0FW3r24v4,Back to School Roll Call!! #shorts,familyfunpack,family,1418092.0,0.027155735
pss2f1kvkM8,KIDS on YouTube are WORKING FOR FREE?!?,ehbee,family,216673.0,0.33705616
DKHpktbPbZs,Daily Bumps 2020 Halloween Special! 🐯 Carol Baskin Traps Someone!,dailybumps,family,246008.0,0.18696424
jQMoG8MoCtQ,It’s the end… | Family Fizz,familyfizz,family,372851.0,0.043346174
uyzRNg29iE0,Yummy 🍌 BANANA 🍌 Song! Dance with Baby JJ! #cocomelon #shorts,cocomelon,family,6235694.0,0.039276205
37nfXzcXLlY,Hexbug Nano V2 Black Hole Unboxing and Playtime Toys Review - Family Fun Pack,familyfunpack,family,254342.0,0.028172808
G9cbDvanbCU,Learn about the Star Constellation for kids with Ryan's World!,ryansworld,family,371380.0,-0.045545597
wv7qK0GVizk,Assistant's travels on  Speedy Cars Fast Boats and Amazes!,thesuperherobuddy,family,2838764.0,-0.06333256
GjMnIV5Rtq8,Bunny Meets Frenchie 😳 (WK 324.6) | Bratayley,bratayley,family,706628.0,-0.05427931
PX5i817OqSs,TOY CLOWN SURPRISE!,dailybumps,family,841399.0,0.15744826
PfkecSRzECs,Skiing on Top of the World!,bonniehoellein,family,33353.0,0.017792579
X8o0R9y6QeE,A Cow Ate My Finger (WK 452) Bratayley,bratayley,family,1799126.0,-0.010658249
ziKGnbszJ7E,WE SET THE HOUSE ON FIRE!!!,thesacconejolys,family,168311.0,0.005832278
wp42BQE_VQM,Surprising My Daughter With Her Own Movie *Emotional*,jordanmatter,family,32518703.0,0.2551713
rm3TfUEyc3s,Sort the BEES into the Colorful Holes! 🐝🐝🐝,cocomelon,family,21296343.0,-0.042635694
tm1kdxttVGs,Baldi's Basics LIGHTS OUT in the DARK | Baldi's Basics in Learning and Education AT NIGHT!,tannerites,family,3184636.0,-0.09153718
ZA-NeZrk0Cc,Exploring Abandoned HAUNTED BOATHOUSE for Hidden Clues!! (DAD IS MISSING!),dailybumps,family,6559474.0,0.0286473
IeWzT5i67wM,BESTIES want to buy a PONY together!,everleighrose,family,599364.0,-0.008992736
n9oOWV6TLAU,FIRST DATE PRANK Revenge On My Intern 😂 *Will They Kiss?*,jordanmatter,family,1962753.0,0.30798545
duRa0jKDUoM,Jabra PLAY Bluetooth Stereo Headset and Hands Free Calling,thesuperherobuddy,family,44643.0,-0.03885353
WdrszwSuLcs,Little Kids Nowadays.. (The Master Plan) | Brent Rivera,brentrivera,family,48528298.0,0.02802281
mOY1wMm0gbk,Ryan plays with Monster Truck Car that walks on Water!!!,ryansworld,family,4649642.0,-0.027058344
CUdONzxaTu8,HUGE TEDDY BEAR PRANK ON STEEL BOY!!!,acefamily,family,2561285.0,0.2323384
4DKUVxQZnnI,My Hair is SO UGLY! #shorts,bonniehoellein,family,29840.0,0.16359276
aH1YOOV_CRc,Car Wash: How  Not To,bonniehoellein,family,305969.0,0.057467334
ufQMaOoiB_g,"Paying McDonald's Employees $1,000 If They Get My Order Right!! (Drive Thru)",itsyeboi,family,240115.0,0.09207231
1GlAJKZIg3w,THE THINGS KIDS SAY!?,thesacconejolys,family,432993.0,0.15917884
EG5xs5tJ3F8,I Feel So Sick 🤮,piperrockelle,family,900668.0,0.10174984
u-6GGAyM82k,He Was Hiding Under A Shopping Cart!,kkandbabyj,family,286654.0,0.13632953
yUTBcGpFwzY,"THIRD WHEELING MY SISTER AND HER ""BOYFRIEND"" FOR 24 HOURS | Brent Rivera",brentrivera,family,15437139.0,-0.0092177205
0r0fMpANx1A,Vlad and Niki learn how to work in a kids hotel,vladandniki,family,55119700.0,-0.039131686
ISOGtWCb-WU,Reacting To My Crush's NEW iPhone CHALLENGE **The TRUTH REVEALED** | Piper Rockelle,piperrockelle,family,3916035.0,0.18552962
_lEp5gaaFUU,THINGS KIDS NEVER SAY!!,ehbee,family,7389549.0,-0.00016041752
oojkoTPt99U,DOG DEVOURS FAMILY CAKE!,dailybumps,family,3607531.0,0.0057662316
1zuegpIflms,GIANT DIY PUMPKIN SPICE LATTE (Starbucks) FALL HAUL | Piper Rockelle,piperrockelle,family,139272.0,-0.00992872
k5NwSLXIEsM,I'm So Sorry! | The Weiss Life,theweisslife,family,92206.0,0.08808047
_n7SzSlEgcU,Alone Together,familyfunpack,family,105804.0,0.04582002
WBx2zuJpZrk,Annie is Officially a Level 9! (WK 310.4) | Bratayley,bratayley,family,1222243.0,-0.043782163
ZW_OezSmXnY,REBECCA ZAMOLO OFFICIAL Best Friend Music Video! Rewind Musical Song Challenge for NAME REVEAL!,rebeccazamolo,family,21191279.0,0.11036728
IPZCWj4hc7Y,4 YEAR OLD LOSING FIRST TOOTH!,thesacconejolys,family,216977.0,0.26838508
UWgYDnGLz_4,EASTER SUNDAY,thesacconejolys,family,11813.0,-0.102560885
sZ_eRA32cjI,How did we do😂,brentrivera,family,2878739.0,0.0007071197
-rbC2zPyv5o,Landon Learns Something New!!!,kkandbabyj,family,197075.0,0.026517443
eqpo4ackhgo,WHO'S OLDER? ft/ Will Smith #shorts,jordanmatter,family,6812511.0,0.038127597
nQu2BMaDhH8,Family Fun Pack Twins Drive Autopia Cars at Disneyland,familyfunpack,family,152216.0,-0.03842434
mgmuutHEvUI,We Turned Our House into Candyland for 24 Hours | Rebecca Zamolo,rebeccazamolo,family,10355589.0,0.1272299
KLfXETqLCiM,The Muffin Man! Super Hero Rescue 🦸 | CoComelon Nursery Rhymes & Kids Songs,cocomelon,family,82841813.0,0.0729097
bLxFtDNTQQY,Vlad and Niki have fun with Magic Masks,vladandniki,family,129035157.0,0.080015145
4u5KRAPuQjc,BEST VINES OF APRIL - Eh Bee Family,ehbee,family,1332735.0,-0.038528793
sXoNVp1dRKI,Chris and Michael play with balloons - Funny stories for kids,vladandniki,family,16413630.0,0.06749576
onh4hUQNAAc,Learn about Bugs Facts for Kids with Ryan's World!,ryansworld,family,1687881.0,0.04152968
c0p7vjo57as,WHAT HAVE I DONE?!,thesacconejolys,family,321457.0,0.24355774
Wv2qjFf5DOM,Best of CoComelon Meal Time! Pizza + Yes Yes Fruits Song | CoComelon Nursery Rhymes,cocomelon,family,3239335.0,0.04540855
Otcb8tzQdJY,Octonauts Octopod Play Set Barnacles and Kwazaii Toys Video,thesuperherobuddy,family,3847441.0,-0.0075411126
-FhnOFTNmzE,Walking Pony at First Horseback Riding Lesson,familyfunpack,family,42949.0,-0.045385044
Bls1D06w-co,The Amazing SpiderCaleb (WK 169.2) | Bratayley,bratayley,family,153232.0,0.0053728973
y2eKHjov8Hc,What Happens in Las Vegas... || Mommy Monday,familyfunpack,family,862318.0,-0.017291952
ZupHTfAwAHQ,This Is A Long Video 😂 So much Happened | The LeRoys,theleray,family,211021.0,0.10499047
GACH9MjoNpY,Disaster In the Daily Bumps Backyard!,dailybumps,family,998001.0,0.19189903
2IfGh5eNLbg,Assistant And Mayor Humdinger Explore Paw Patrol World on the Nintendo Switch,thesuperherobuddy,family,435760.0,-0.04705395
0ugCyEyN0Gg,First to Find KEY Wins GAME MASTER TESLA! (Secret meeting reveals Daniel is next target),rebeccazamolo,family,4264734.0,0.040116414
fv6cnfzS3Zw,Assistant Opens Dora the Explorer Surprise Eggs,thesuperherobuddy,family,5376686.0,-0.033576906
uPahHMxv6-o,MY WORST NIGHTMARE HAPPENED.,piersonwodzynski,family,414217.0,0.18781354
K5R_WprufdQ,Hide N Seek Inside Disappearing Family Closet!,tannerites,family,31609734.0,0.08304316
G4_Z2Qec3ak,Opening Minnie's Bow Tique Surprise Eggs with the Assistant,thesuperherobuddy,family,755257.0,0.041402936
m2VPWjbS8tA,CARPOOL KARAOKE: CHRISTMAS SONGS EDITION | Family Fizz,familyfizz,family,127490.0,-0.04417359
IwoCPg-Nrko,"Doctor Visit, The Results Are In!",kkandbabyj,family,373112.0,0.0726958
oDeA4A6gTys,Nina Drives Safely! CoComelon #Shorts,cocomelon,family,75814336.0,0.10637976
14KeowD1Xr4,Middle School Registration | Rhett’s New School | The LeRoys,theleray,family,177662.0,-0.09233101
rVZ7Qea-bRA,Finding SECRET HIDDEN HOUSE On Abandoned Beach! (WHAT’S INSIDE?),dailybumps,family,3792343.0,-0.008340259
lXn3VhwwCsA,ABC Soup Song | CoComelon Nursery Rhymes & Kids Songs,cocomelon,family,29573228.0,0.026847817
yFKFHjeBKu0,Chris and his friends at the hospital,vladandniki,family,7849641.0,0.02242278
ZzlSkyII3uM,MIXING EVERY CANDY INTO ONE GIANT LEGO!!,ehbee,family,11715924.0,-0.03583528
6fLTVrWUtNU,Five Little Birds + More Nursery Rhymes & Kids Songs - CoComelon,cocomelon,family,37848508.0,0.019848352
AqMHBH1l4-U,Who is Jesus?,bonniehoellein,family,115081.0,0.052623913
ahcZlrxia0U,"Learn the ABCs in Lower-Case: ""o"" is for orange and owl",cocomelon,family,29558225.0,-0.13392234
7I4kyIpICD0,Such a Dog Hog 🐕 (WK 339.5) | Bratayley,bratayley,family,755409.0,-0.0067751305
bBBWzXr2-a4,Road Trip Seating Arrangement,familyfunpack,family,124971.0,-0.21746457
vJbdGelaYBw,The Assistant and Royal Detective Mira Solve a Case with Frozen's Anna,thesuperherobuddy,family,290678.0,0.121146016
GCT8GhrYREw,Kids learn Countries with Orboot Earth,vladandniki,family,3572578.0,-0.0748784
V8UsMBFtc0k,TRYING DUNKIN DONUTS ICED COFFEE DRINKS,rebeccazamolo,family,226417.0,0.115152545
Rd0vGqNMJzU,Assistant's Final Rides Down her Indoor Roller Coaster #FamilyFun #nostalgia,thesuperherobuddy,family,126422.0,0.058813352
AX3j_MNHqns,The Cutest CoComelon Kittens😻! #shorts #cocomelon #cats,cocomelon,family,6711251.0,-0.017200721
M3eCTPeQBLo,TOY HUNT at Toys R Us for Paw Patrol and more!,ryansworld,family,48773125.0,-0.024463471
JSeDGEGL4uo,Recreating old baby pictures | Now & Then | The LeRoys,theleray,family,268137.0,0.052297268
sA9UvKBl2To,Red Light Green Light Challenge with Ryan!,ryansworld,family,8763071.0,-0.06341292
JfDcfqQBIxk,St Anthony Sand Dunes = Best Week of the Year!,bonniehoellein,family,44938.0,-0.11099538
zZCxeIFVVi4,Paw Patrol and the Assistant at the Toy Fair with Marshall's Ultimate Fire Truck,thesuperherobuddy,family,248176.0,-0.01438928
-z8LgaxZEdM,My Daughter Survives WORLD'S WORST KIDS,jordanmatter,family,24734442.0,0.24426496
Niq4YWklQj0,Halloween Costumes Fashion Show for Kids (WK 93.4),bratayley,family,1856762.0,-0.009537008
qmIRb4c5c0A,Water Slide for Kids Compilation! Inflatable water toys Kids playtime in the Pool Disney Cars,ryansworld,family,5357158.0,0.03340528
jIoCaoWpcnQ,My 5 BIGGEST Fears! | Brent Rivera,brentrivera,family,592063.0,0.11448294
QLhg5JCY_bE,Our Family Dubai Glow Up…,familyfizz,family,81570.0,0.011354754
U4tXT9EkSU8,THEY CAUGHT US DOING THIS!!,brentrivera,family,10586377.0,0.1422069
qlrWsifjJ9o,Vlad and Niki are learning to play with magnet balls,vladandniki,family,66475912.0,0.0012819804
EtMo9GUB_cs,"Fun March Day at Ko'Olina Beach, Hawaii",familyfunpack,family,330267.0,-0.052847043
PFdE4453EoQ,Going to Tiffany and Co.,bonniehoellein,family,143201.0,0.0391817
q0Ae36fUDWQ,KID WANTS A BABY!,thesacconejolys,family,376420.0,0.109308146
lzT4qD-dWBo,Assistant Silly Rescue Mission to Save PJ Masks in Trolls Mystery Mansion,thesuperherobuddy,family,57315.0,0.13857701
cneUKmG-hVQ,He sent an ILLEGAL Package!! 📦,tannerites,family,581846.0,0.21868944
Zr_1uWQaPSc,RUDE BABY!,thesacconejolys,family,61996.0,0.12490019
_uThksozEtg,Living with Famous SERIAL KILLERS!,piersonwodzynski,family,122738570.0,0.17254576
VNBWx9l6GKw,Assistant Compares the Best Ice Cream Makers,thesuperherobuddy,family,82371.0,0.010443123
DQpEaVNR1YE,YOU RUINED THEIR NEW HOUSE WITH GRAFFITI | THE LEROYS,theleray,family,1109937.0,0.1026701
sUz4dZAqKt4,IS THIS EVEN LEGAL TO MAIL?!?! (DISTURBING P.O. BOX OPENING),acefamily,family,4472461.0,0.17721713
vNn8Oh9e8Wo,I Only Ate Like Donald Trump For 24 Hours!! (IMPOSSIBLE FOOD CHALLENGE),itsyeboi,family,287545.0,0.17502064
W83xEdqTNBQ,"Learn the ABCs: ""X"" is for Xylophone",cocomelon,family,31729999.0,-0.07800226
ypPDzyRgrVc,Unicorn Jousting Challenge,familyfunpack,family,1624726.0,-0.06549208
wAEv1-GvPso,GIANT Easter Egg Hunt! Mommy vs Ryan!,ryansworld,family,476891.0,0.09788329
P10p7ALXkcU,Dinosaur Song | CoComelon Nursery Rhymes & Kids Songs,cocomelon,family,411640696.0,7.942319e-06
UEfeJRKF4hc,We EXPLODED our Minecraft Hotel!,ryansworld,family,539366.0,0.07869837
hBF9RNyWKNo,TRY NOT TO LAUGH CHALLENGE!! Christmas Dad Jokes Part 2,ehbee,family,2039547.0,0.011995647
7adUE4WZ1QM,Kids show that knowledge at school is the most important thing,vladandniki,family,156321877.0,-0.0138830915
JJz7w3wtSxQ,LAST TO SURVIVE GYM CLASS,piperrockelle,family,691930.0,0.025230138
nkruWsAFaHo,Skittles Science Experiments for Kids to do at home!!!,ryansworld,family,5430083.0,-0.04631661
xALxeXJedsM,Incredibles Assistant and PJ Masks have Trolls Tower Takeover,thesuperherobuddy,family,193209.0,0.18609238
I24LIYLtxBQ,What's Inside Our Squishy Collection?,familyfunpack,family,3719646.0,-0.024192937
eDa7eyKdaaM,DON’T EAT ME!,dailybumps,family,1606082.0,0.033903882
zZf7_cCF1Og,Star Wars Fun at Walt Disney World!,familyfunpack,family,3261181.0,-0.041855738
WFavtggJBZ8,TOYS HUNT at Toys R Us Ryan ToysReview! Giant Life Size Dinosaur kids toy store! Family Fun Trip,ryansworld,family,28288455.0,-0.05925297
2RRqt8-Tayg,FAMILY CONCERT IN LA! (at the Hotel Cafe!) - Vlogmas Day 7,dailybumps,family,72237.0,0.00695779
_khS__Tf39M,MAKING A VALENTINE FOR HER TEEN CRUSH!,theweisslife,family,120098.0,0.09448236
TNlhFO_PlaE,Ryan Unboxes  Giant Pikmi Pops Surprise Lollipop toys for kids,ryansworld,family,11474849.0,0.051266488
Ik47W-tJaQE,Yes Yes Bedtime Camping Song | Camp Youtube! | CoComelon Nursery Rhymes & Kids Songs,cocomelon,family,194611359.0,-0.025172992
9lPk_xLR_KY,Hip Hop Dance Class 🔊 (WK 370.5) | Bratayley,bratayley,family,669700.0,-0.06385211
2vOITBD6pq4,The Alvin and the Chipmunks Road Show Case with Simon and Theodore,thesuperherobuddy,family,1530654.0,-0.042648137
K--E3OL_n9E,MEAN GIRL SHAMES GOTH GIRL in Real Life to Stop Event,rebeccazamolo,family,23568868.0,0.25809303
XXXSSS8x9RY,HOT GIRLS ON TV!,thesacconejolys,family,17628.0,0.10790117
x6crjeNR7M8,Assistant Uses Fast math and Business Skills to Play Roblox Supermarket Simulator,thesuperherobuddy,family,135128.0,-0.015345644
v6sGSW5509s,She's Falling Apart 😢 (WK 356.4) | Bratayley,bratayley,family,3191383.0,0.043281958
pajBxMnVHAE,I Hope It's Not Broken (WK 302.4) | Bratayley,bratayley,family,808244.0,0.025575817
NjmzyZX4164,So Pretty! #shorts,familyfunpack,family,103981.0,0.0989922
3nGovM0iZCs,Shopping Makes Everyone Feel Better,bonniehoellein,family,3913918.0,0.18160278
TYQuymCjnIE,We Are Literally Living In The Future..,kkandbabyj,family,100577.0,0.1385667
ecqsSBPMl-o,BRANSON'S BIG DAY!!,tannerites,family,416203.0,-0.043086886
58IJ2tPTqXU,IS THE BABY EVER COMING?!,thesacconejolys,family,269162.0,0.18906575
kN9KaOSxO88,Rainforest Cafe Restaurant with Kids Amusement Rides,ryansworld,family,8408468.0,-0.17347315
X6ScBjXr5FY,My heart is full on Christmas ❤️💚,familyfunpack,family,100069.0,0.010837236
fWh0eJEqZj8,Sweethearts High School Dance With Brock | The LeRoys,theleray,family,399182.0,0.0050947983
_rTLL0BMBPM,Meet the NEW Daily Bumps! 🎉 - Channel Trailer,dailybumps,family,2221762.0,0.12170397
25XgBl9CDCA,Don't Get Burned! (WK 400) | Bratayley,bratayley,family,310265.0,0.028946407
BgJ1xQkIo2Q,OUR SON IS A WOLF!!!!! HAPPY HALLOWEEN,kkandbabyj,family,189428.0,0.080202565
nKj_ZruZWfE,Unboxing the Toy Story Junkyard Escape Playset with Woody,thesuperherobuddy,family,8688077.0,0.03460672
dZNZE00beLQ,What It's Like Living With Keren,kkandbabyj,family,126669.0,0.14564773
uX4ZTIL39jE,Can We Go Peek? (WK 30),bratayley,family,844041.0,-0.01602705
r_I5qPq70vY,Cookie Challenge with Our Toddler,dailybumps,family,142946.0,0.08126399
0pZ_uDvBQrk,DON'T ROCK THE Boat Game Paw Patrol Zuma + Captain Jake Video Toy Unboxing,thesuperherobuddy,family,575639.0,0.09170996
4__C91E9pJw,DINOSAURS The Switch & Go Dinosaur by Vtech TheEngineeringFamily Switch & Go Video,thesuperherobuddy,family,301523.0,-0.03018412
OnlCX1ZKFK4,Vlad and Niki play with Heroes of Goo Jit Zu Toys,vladandniki,family,21324901.0,0.05083549
vCWjK_z5tuM,Birthday Musical Chairs + More Nursery Rhymes & Kids Songs - CoComelon,cocomelon,family,46201814.0,0.04205402
WOLpK6KPaeQ,Play Doh Vacuum Cleaning: Assistant and Wiggles Tackle a Big Mess,thesuperherobuddy,family,1619849.0,0.14358798
SU4kcFskTF0,I Bought A Shipping Container Home From China.. (Alibaba),itsyeboi,family,1067775.0,0.029407542
MIoTizCTpDQ,TWO MONTH BABY CHECK UP!,dailybumps,family,8019760.0,-0.004657574
yp5sXqgDpe4,We Found Baby Ducks Trapped in a Sewer! (Amazing Rescue!),dailybumps,family,3849738.0,0.13729085
qzAZSsSKNdg,Revealing My Secret 8 Year Stuggle with Ulcerative Coliitis,rebeccazamolo,family,910008.0,0.24267286
BqbaDMNjCtY,10 Minute Photo Challenge Crashes Exclusive Miami Resort,jordanmatter,family,3232342.0,0.1223179
UEKh24Mu4D0,ASSISTANT and BATBOY Nerf War at the Park TheEngineeringFamily Funny Toys Video,thesuperherobuddy,family,431626.0,0.10848358
yNQmpyvC4VM,EPIC MAKEOVER Room PRANK on my BOYFRIEND **SURPRISE REACTION**😡 | Piper Rockelle,piperrockelle,family,5421878.0,0.22516856
0inCaNgagsk,Boston Gets Baptized,bonniehoellein,family,175433.0,-0.07713772
PQFF89CPlcE,CUTE COPYCAT TODDLER!,dailybumps,family,290819.0,0.15204294
rNJ0BsL_v-s,DAILY BUMPS MEETS STAR WARS!,dailybumps,family,1615952.0,-0.020809416
0IAnDtZTvjI,Assistant Silly Scare and Seek with Scooby Doo and PJ Masks,thesuperherobuddy,family,96489.0,0.13822648
3yUQgEMMnes,I SECRETLY Lived in Ben Azelart's House,rebeccazamolo,family,2626716.0,0.09489927
q_SbX0cT2DA,"Spidey Helps Assistant Find the Leprechaun Treasure of Wiggles, Waggles and Waffles",thesuperherobuddy,family,367582.0,-0.029735498
LknPuJhDLAI,New York State of Mind,bonniehoellein,family,137328.0,0.043675512
mUszdnOFbA4,I Can See His Booger! (WK 133.2) | Bratayley,bratayley,family,105811.0,0.050336137
eHP70DB0Uhs,I CANT BELIEVE IT!,thesacconejolys,family,370238.0,-0.04194298
ObPnHZc5boM,Pizza Song | CoComelon Nursery Rhymes & Kids Songs,cocomelon,family,172024845.0,0.114387095
pUnAhZmIE2w,Assistant Searches for Paw Patrol and the Cat Pack,thesuperherobuddy,family,7829.0,0.04225713
GHTp6lPDW0M,Vlad and Niki celebrate Christmas in the Maldives,vladandniki,family,194258641.0,-0.054296114
7FxqIFAyd1Y,BACK TO SCHOOL SHOPPING FOR 7th GRADE | THE LEROYS,theleray,family,175598.0,-0.016936963
hPE5GZuzNMI,He cracks us up 🤣 #shorts,theweisslife,family,65547.0,0.25576085
JdkSbWSV5ig,Reacting to WEIRDLY SEXUAL TikToks,piersonwodzynski,family,345845.0,0.23816514
jxRB3VORGxQ,MEET OUR BABY!,theweisslife,family,224988.0,0.12019208
6EL0Di_4wEM,A Short Message From Khoa,kkandbabyj,family,205383.0,0.013876608
NmlnTSwl1Yw,I SWEAR I'M NOT!,dailybumps,family,1416036.0,0.060479447
kXQeazCpsFY,THIS CHANGED HER LIFE! (SECRETS EXPOSED),ehbee,family,322221.0,0.1422331
KlGuRMfs88w,This hits different,piperrockelle,family,1194643.0,0.08269197
zMh5ypMF-4E,Whats In My HOSPITAL Bag!,bonniehoellein,family,182905.0,0.09645449
jxcY3ifJ1bo,Funny kids stories with Magic Fish,vladandniki,family,127422579.0,-0.025913365
o_Mn6wGLXmY,Professor Assistant Teaches Us How to be a Hero like Spidey and Paw Patrol,thesuperherobuddy,family,54719.0,-0.07501456
cYtNfbdoz9k,Help...Sad And Sick Brother!,tannerites,family,13365553.0,-0.0048552155
7ZQ0VUdIQ7E,Butternut Squash Salad - Hearty & Healthy,bonniehoellein,family,33271.0,-0.07842885
UMjVlFdtNe0,Bratayley Knows Miracle Fruit | Vat19.com | BKB,bratayley,family,2023413.0,-0.049683012
rdKDd36Kj7c,Ryan Learns about Carnivorous Plants |  Educational Video for Kids with Ryan ToysReview,ryansworld,family,21678414.0,-0.066242985
FsjGeeunFDI,What our Schedule is REALLY like with 8 Kids: everblog calendar,familyfunpack,family,22707.0,-0.097018525
SpgInO5x2tw,The Assistant Goes on a Color Changing Surprise Treasure Hunt For Jewelry,thesuperherobuddy,family,5618089.0,-0.051553562
d5k-iTu74x8,Christmas Tree Rice Krispies Treats Challenge at NORTH POLE! ☃️,dailybumps,family,181759.0,-0.078093976
DnJBdwTKcXc,Did they eat a POISONOUS plant? | Family Fizz,familyfizz,family,110151.0,0.04276628
W9Xue0WPfSs,It's Been a LONG Month: March BLOOPERS,bonniehoellein,family,129500.0,0.08259777
K_BGgRqF49k,67 Roblox Grow a Garden!,ryansworld,family,259603.0,-0.04144007
ljbkHybsW9k,Opening the Sofia the First Surprise Backpack and Toys with the Assistant,thesuperherobuddy,family,2495207.0,0.02985569
AGAGt8UcVmc,Vlad and Niki are building a toy house,vladandniki,family,8987828.0,-0.04060711
BkuBLjBNG1o,Reese's First Offical Cheer Competition | The LeRoys,theleray,family,143451.0,0.056893893
RUkK354PZ6U,IT WASN'T MEANT TO BE | THE LEROYS,theleray,family,712490.0,0.10536718
KJZWzpi8xrc,My Mommy Song + More Nursery Rhymes & Kids Songs - CoComelon,cocomelon,family,83585895.0,0.15124765
IFVu0hoE3-M,BACK FAT - DAY 158,thesacconejolys,family,11408.0,0.024973605
ki_xD1SPvy8,Why Did We Let EVERYONE Throw Axes!??,familyfunpack,family,79334.0,0.1403672
670SDHGg4RU,24 Hours with 8 Kids || Christmas Special 2024,familyfunpack,family,1191443.0,0.05887711
JyYgU7UJ2xs,Assistant Helps Santa Find Rudolph and Paw Patrol on Disney Castaway Cay,thesuperherobuddy,family,436922.0,0.03268613
jWGI2BfZVDQ,Surviving With No Running Water! 💧,dailybumps,family,59133.0,-0.05632765
IikTdJ6Ade0,We Found A New Puppy! & HOW MANY CAVITIES?! 🦷,dailybumps,family,158454.0,0.21606764
NuIq0YIqdvM,"LATE-NIGHT SWIM - May 3, 2013",dailybumps,family,76370.0,0.12249086
fmjjisW8N04,Swimming Pool Ball Pit,familyfunpack,family,19221845.0,0.0054623913
LF2ZFtA9_Og,Paw Patrol Play Doh Coco Nutty Monkey Monkey Funny Toy Parody,thesuperherobuddy,family,506166.0,0.10801314
VmwKdinwc68,I DON'T UNDERSTAND THOSE GAMES,ehbee,family,63310.0,-0.012147487
JzCbqIXvIzg,Ryan's bug catching with animals pretend play and learn animals facts!!!,ryansworld,family,40704996.0,-0.035954937
IX1WNmZMoJg,Assistant treasure Hunt in Backyard Fort with Paw Patrol Surprise Toys,thesuperherobuddy,family,5436119.0,0.033911213
0TJfl4IayTw,Vlad and Niki - funny toys stories with costumes for kids,vladandniki,family,587143074.0,0.17817856
CaFak_tpJQo,"Alyssa's Dress Dilemma, Cute DIY Barn & Voice Recital || Mommy Monday",familyfunpack,family,1678954.0,0.018756306
dSinFI68ifA,We Left Someone Behind on Our Cruise!,familyfunpack,family,889760.0,0.112948544
y47OgEM-nd8,Its Like Mountain Don't (WK 105.3) | Bratayley,bratayley,family,78128.0,-0.035767976
o22PPq3P0no,Ryan and Fire vs Ice Queen Frozen House Part 2!!!,ryansworld,family,48667945.0,0.08450052
jvZFObcjLSQ,It's Moving Day!!,kkandbabyj,family,157722.0,0.018917073
-TzNAkSI_yA,Do the Dino Dance With Baby Izzy! + More Nursery Rhymes & Kids Songs - Lellobee by CoComelon,cocomelon,family,4260364.0,-0.0031659175
OCbLTI27hV8,First Vlog of 2023!,familyfunpack,family,126319.0,0.16224265
OLnITEk2YRg,Assistant and Crystal Helps the Chickens escape the Big Bad Wolf,thesuperherobuddy,family,590527.0,0.03282783
9gi1u6sxOAM,The Best Christmas Present Song 🎁 Jingle Bells | CoComelon Nursery Rhymes & Kids Songs,cocomelon,family,6451352.0,0.04608453
hOoKQ-NIFKY,CONTRACTIONS HAVE STARTED!,dailybumps,family,442596.0,0.14578861
R3RhZ3iwFR0,Keeping A Secret From The Kids! (Surprise Coming Soon!),kkandbabyj,family,181246.0,0.1328988
4vN2UIDiCk0,DOING IT AGAIN!,thesacconejolys,family,314346.0,0.05636131
JnCToEV0Ico,Baby at the Waterpark,familyfunpack,family,3576647.0,0.06335781
iy6DScgZav4,The New Baby Has a Name!,thesacconejolys,family,319153.0,0.20792991
seuxg3bLtac,Who Marries Dogs These Days? (WK 161.3) | Bratayley,bratayley,family,118436.0,0.0055031274
AQ2U4JkEwh8,This is the Way to Tea Party + MORE CoComelon Nursery Rhymes & Kids Songs,cocomelon,family,5108676.0,0.06877227
Aqgc-Br94TM,Last To Eat Food WINS!,tannerites,family,4316363.0,-0.034233972
BZRBjEdKwBk,GETTING A NEW CAR!,dailybumps,family,347249.0,0.047729045
avYbbh7WbsA,Fast Lane Multi Level Airport Playset with Disney Cars Toys,ryansworld,family,36204549.0,-0.089734316
y8qc3t2GpLQ,Siri Decides EVERYTHING I Buy For 24 Hours!! *SIRI CONTROLS MY LIFE*,itsyeboi,family,194385.0,0.033659324
60PYjFZjMb4,Making Makeup Slime 🤗 (WK 366.7) | Bratayley,bratayley,family,985092.0,0.0077285506
9jeCAmV1FyA,My Identical Twins Aren't Identical!!??,familyfunpack,family,531854.0,0.061981693
nR-z01FUSOc,DAILY BUMPS YEAR 4 MONTAGE!,dailybumps,family,1529640.0,0.06806613
mHCDM0b6Yt8,KESLEY'S BIG PAYDAY | PAID FOR GRADES | THE LEROYS,theleray,family,289012.0,-0.09885134
wbDy5qkHW5I,Asking mum who’s your favourite daughter?,familyfizz,family,136204.0,0.105359524
NLi_DlGzMsM,THE MANLY WAY!,thesacconejolys,family,9206.0,0.15078221
hUBM-4NMG7I,Secrets Revealed ❓ (WK 333.2) | Bratayley,bratayley,family,3146940.0,0.052967258
G_jhrpm_Y60,FAMILY BABY CHRISTENING!,thesacconejolys,family,25705.0,0.031246012
FH4419ykgtw,"They Charged Us $2,000 for the BEARISTA Cup?!",ryansworld,family,155486.0,0.10002688
Af_X-QMX0oo,When your Mom CATCHES YOU playing Roblox… #shorts,theweisslife,family,69269.0,0.18910381
i2xnOxSUDv0,"Cartoons for Children with Pirate Adventure, Dinosaurs and Fire Fighters Animation",ryansworld,family,2075073.0,0.04358097
LqoCqBd_9h8,How to Make Your Own Slime Goo  Frozen Elsa and Jack Frost Toys Video,thesuperherobuddy,family,11822225.0,0.11040074
PMeIdj3u1nY,Cute Cheerleading Stunts! (WK 183.4) | Bratayley,bratayley,family,1949161.0,0.061143216
dbL-FO6oxto,THE BEST SEAT ON THE SHIP!!,ehbee,family,634312.0,-0.03731998
DN06kuWrRUA,Assistant Opens Surprise Eggs at the Mickey Mouse Clubhouse,thesuperherobuddy,family,4054888.0,-0.01006797
iK-UoIBL9p0,OUR PLANS FOR A BABY THIS YEAR!! (OUR SECRET ANNOUNCEMENT),rebeccazamolo,family,3883478.0,0.09911288
4kzLs3o-bfg,Pluto Will Always Be a Planet in My Heart (WK 308.6) | Bratayley,bratayley,family,264865.0,-0.042504895
Koh6J3DDEG0,Best guacamole dip you’ve ever had  #shorts,theleray,family,82131.0,0.018813705
raVLPqhnAEQ,LIVE at the WEEKEND ep1,thesacconejolys,family,322383.0,-0.026632637
ltft64A8Qng,Caught Red Handed,bonniehoellein,family,913655.0,-0.04732201
aqjuHGdzUxU,NOT MY LEGS CHALLENGE (w/ Rebecca Zamolo and MattSlays),rebeccazamolo,family,2379069.0,0.0684071
W8ElGVYH92s,MOVING BACK HOME?,thesacconejolys,family,452493.0,-0.0643433
NuoQr1hSDXI,ANT ESCAPE!!,familyfunpack,family,3088612.0,-0.10295525
XSZjiEi9wIw,VidCon Day 1 (WK 182.2) | Bratayley,bratayley,family,622286.0,-0.0477084
Ecv2h0tnj0s,Young Alyssa as a Big Sister of Brothers - 18 Days of Alyssa,familyfunpack,family,51176.0,0.040650733
dYaKSjDZlA4,Puppy Stuck In Lava! Floor Is Lava Grizz The DoG Gets HeLP!,tannerites,family,4406048.0,0.03895533
QuHcLXNdSsM,GIANT EGG SURPRISE OPENING Thomas and Friends Toy Trains,ryansworld,family,63213473.0,-0.05239104
Mbbyl1LaMsk,"Huge Bedroom Fort, Owen's First Tooth, Alyssa's New Retainer  || Mommy Monday",familyfunpack,family,544765.0,0.048896547
9IdXa-BWssg,MY NEW DOG ❤️,jordanmatter,family,35353042.0,-0.022907667
eUzyERUtKuE,Getting Bean Boozled with Shawn and Andrew (WK 275) | Bratayley,bratayley,family,1525615.0,-0.0506094
jf8f-t9Yu5s,Surprise Package from TAYLOR SWIFT Herself!,dailybumps,family,303807.0,-0.008917711
tlWns6j7ZM4,Little Tikes Tumble Train Unboxing & Playtime Review,familyfunpack,family,3594883.0,0.022672772
iG6Hhro_MOY,TAKING A BREAK!,thesacconejolys,family,84324.0,0.020394608
zm8ayG8sMo4,11 YR OLD GYMNAST vs FAMILY Gymnastics Challenge! | Family Fizz,familyfizz,family,1521457.0,0.064439505
pTEX1X3zL7A,Kid Swap,bonniehoellein,family,832476.0,0.1392664
Sj8JLFprPtA,NO CARS ALLOWED--Taking my 8 Kids to a Remote Mountain Town in the Swiss Alps🇨🇭,familyfunpack,family,63507.0,-0.003706553
amO5J3cQDqE,Fall School Morning Routine | The LeRoys,theleray,family,334640.0,-0.060605332
wrn6VSzmOvU,IT FINALLY HAPPENED TO US!! (Strangers Decide),ehbee,family,963171.0,0.07988571
IU0zGH1rD6o,"Daughter Survives $1 vs $100,000 Hotel",rebeccazamolo,family,4120808.0,0.06906776
AKmswXs_PJg,Massive Sea Turtle and Sting Ray,bonniehoellein,family,9993.0,0.044412166
A8TG-vxWXd4,"I Bought $1,042 Worth of Wish Mystery Tech!!",itsyeboi,family,77464.0,0.12181455
K2Y1JbtDO6w,HOT CUP OF COCOA!,tannerites,family,10034.0,-0.033524908
dUcyLDve55Y,Kesley shares a secret about chicken girls season 6 | The LeRoys,theleray,family,210965.0,0.01701814
60AFYb3Rhyg,Louis the Christmas Tree (WK 50.2),bratayley,family,99029.0,-0.09749734
-okgz5iq0rc,Lunch Choices in Italy!,familyfunpack,family,289584.0,-0.16966352
S5cCGpv1h64,I Had The BEST DATE…🩷,piperrockelle,family,470891.0,0.029481197
T2MO8yqCGvw,Parties & More Parties || Mommy Monday,familyfunpack,family,1867686.0,-0.002516169
ZFY7tHzpuhg,Very demure and cutesy of me while getting ready to watch Ryan’s World The Movie,ryansworld,family,248646.0,0.060514905
1gIowbZK3Fg,SURPRISING BOYFRIEND WITH OUR DREAM HOUSE PRANK!!! (HE CRIES),acefamily,family,7855672.0,0.2578475
zKF8dFsJMmM,Cardboard Challenge for kids with Chris and Mike,vladandniki,family,7445901.0,-0.04216582
3kqtoGlLR-A,so they say...,brentrivera,family,5903603.0,0.055032115
qV9WnRL4Sw0,I Built a SECRET Gymnastics Room in My House for Daughter,rebeccazamolo,family,15301836.0,0.16054331
CmCLkXt7H3A,Paw Patrol Rubble Drives a Remote Control Boat in a Funny Toy Parody,thesuperherobuddy,family,4171940.0,0.09272006
ZC9SHB8IeX4,THE GIRLS DO THE NO BUDGET SHOPPING CHALLENGE!!!,acefamily,family,13296952.0,-0.062177066
XH33Aavf4mY,Finger Family Halloween! Shadow Puppet Game! #cocomelon #shorts,cocomelon,family,7139504.0,0.13504308
1eTA2bPtdgg,"Painting Cars at Cadillac Ranch, Texas",familyfunpack,family,632611.0,-0.11056933
IAxZtGCdOpc,LEARNING TO CRAWL WITH A CRAWDAD!! 🦞,dailybumps,family,74498.0,0.01933048
GregES_OiYs,WE MOVED OUR BEDROOMS OUTSIDE *in the JUNGLE!* | Family Fizz,familyfizz,family,1043340.0,-0.017236903
Iq9cjvMspjk,The day before I PROPOSED! | Family Fizz,familyfizz,family,369645.0,0.01042996
kJ6hP8RiJvM,"PREGNANT ON EASTER - March 31, 2013",dailybumps,family,78713.0,0.21550387
f2qeLXfrrMM,Is Alyssa Going to College??,familyfunpack,family,122634.0,0.013902167
KpLadOAhfqg,NEW HOUSE KITCHEN SHOPPING!,thesacconejolys,family,323400.0,-0.16107339
59CjlP60PuA,Can You Hear Me? (WK 166.5) | Bratayley,bratayley,family,122286.0,-0.0050255517
aAbhq47yCdA,kids meet the new kitten + name reveal!,kkandbabyj,family,116006.0,0.10046527
Dp58-QvaLL4,"School FIGHT,  Loose Tooth",bonniehoellein,family,8154619.0,0.21210241
vZNbIkW0c64,It’s Moving Day!,kkandbabyj,family,363920.0,-0.0066237347
jjiGloZWP-I,Glow Wubble Bubble Ball Family Fun Playtime with GIANT BALL,ryansworld,family,9508073.0,0.054827526
bg1BFOdE3wQ,Pop Pop World - Family Fun Pack Music Video,familyfunpack,family,3764894.0,0.035066668
LKe1x7m-Ogo,"Fan Mail from Czech Republic, Canada, US",familyfunpack,family,792044.0,-0.015279477
p3FWzh6tlTg,UNICORN BUILD A BEAR SURPRISE AND SHOPPING AT THE MALL FOR PRESENTS!,theweisslife,family,86621.0,-0.008034459
hdUaYEAMttY,Styling My Curly Hair Step by Step,bonniehoellein,family,41335.0,0.085427366
eQ6ManXP80o,PLAYING IN THE SNOW WITH ZOELLA!,thesacconejolys,family,1064056.0,0.05778888
Tkfi0Cei1zU,EXTREME Acrobat Tries Out NEW MERCH!!,jordanmatter,family,118503.0,0.071878046
F4Hw-142yjM,WE FILMED A COMMERCIAL TOGETHER!! 🎥 🤩,dailybumps,family,19429.0,0.12238912
_NEfIABrQ-s,Albion Fit Black Friday Sale + Discount Code,bonniehoellein,family,201931.0,-0.044151045
sEZ_Fk0xpr4,Class Pet Sleepover + More Nursery Rhymes & Kids Songs - CoComelon,cocomelon,family,140578799.0,0.022864167
ivLCDykwJg4,Owen's First Video! Christmas Haul 2020,familyfunpack,family,356621.0,0.14191201
fIbTiEIp_Z0,All Christmas Presents went Missing! | Cartoon Animation for Children with Ryan ToysReview,ryansworld,family,28085793.0,0.02396803
L_IrJgm5Q9k,They Destroyed the Floor!,familyfunpack,family,181967.0,-0.043336265
CNQpUL38ON0,"Mommy, Stop the Camera!  (WK 1.3)",bratayley,family,622633.0,0.07896961
SzzrXBetoO8,they didn’t expect this!,kkandbabyj,family,135436.0,0.14489691
qog4M6nyRpE,The Duck Hide and Seek Song + More Nursery Rhymes & Kids Songs - CoComelon,cocomelon,family,172498282.0,0.085733086
01YQOD6ufZM,Big announcement!,dailybumps,family,72361.0,0.026177065
Q5ibL42yjsE,The Lunchbox Switch Up Challenge!!!,ryansworld,family,9129757.0,-0.065833464
fnmRz73Slro,I Let My Sons Dye Their Hair!,familyfunpack,family,78701.0,0.090850025
Pib_6EwB_u8,Giant Halloween Roll Challenge! Opening Halloween Toys with Ryan!,ryansworld,family,478709.0,0.013738156
fpiMdy5R24w,TikToker Gets CANCELED by Best Friend,rebeccazamolo,family,4894315.0,0.1598795
3hrcPQQO2HM,5 CRAZY MIND TRICKS GUARANTEED TO FOOL YOUR FRIENDS!!! (Impossible),itsyeboi,family,525078.0,0.18128985
fIPSQLcaHg0,something doesn't feel right..,kkandbabyj,family,405582.0,0.20825009
S17BLCjDkL8,Unboxing the Minnie Mouse and Mickey Mouse Clubhouse Laptop Toys,thesuperherobuddy,family,1880020.0,0.053357724
h1YemUDmhtw,How to Play HIDE and SEEK,bonniehoellein,family,842400.0,0.17609684
9R5xYOXFH3g,We obsess 😍😂,brentrivera,family,13613361.0,0.1314456
p1niIIAxfsM,the most perfect morning,kkandbabyj,family,89648.0,-0.047718946
NWBI6RTKVjM,Best 9th Birthday Party EVER!!,familyfunpack,family,321063.0,0.040162157
TQrLEMMkVH0,Updated Home Office Tour!,kkandbabyj,family,131481.0,0.02627581
KdPjKD7F1-Y,FUNNY YOUTUBE FAMILY!,thesacconejolys,family,235818.0,0.054280892
2AkhiWXJBZY,Unboxing the Paw Patrol Rubble Adventure Bay Train Play Set with Blaze,thesuperherobuddy,family,1308101.0,-0.015665203
gCZveYHxnhs,IT FINALLY ARRIVED!,thesacconejolys,family,247614.0,0.034351904
rc7-MQJeEuU,THE ULTIMATE YOGA CHALLENGE.,acefamily,family,4011817.0,0.0536973
mnxeYh_ZhmQ,No Hands! (WK 99),bratayley,family,150588.0,-0.03752304
pKl-5Mag6Ec,EMOTIONAL GOODBYE to Rebecca at Birth to Death School In Real Life,rebeccazamolo,family,13367277.0,0.09119225
HRpb37YJ-6E,WINTER BUCKET LIST IN ONE DAY,piersonwodzynski,family,129018.0,-0.068125546
zoe6x1hkG5g,IS THIS A CRAMP?!!!,thesacconejolys,family,36276.0,0.1406767
vYF2xODpsus,TOO MUCH DESPACITO!!,ehbee,family,6414175.0,0.12124793
BEaPOlFXTJc,The Best Part Of Our Trip | Cozumel Island |Sancho's Beach | The LeRoys,theleray,family,270569.0,-0.09169462
4PXC3WqJPGY,Balloons Cube Adventure for kids,vladandniki,family,55086571.0,-0.04906816
RHoDwa4BPi4,Ryan plays with Disney Cars Toys Lightning McQueen and Tow Mater,ryansworld,family,2716529.0,0.03414129
Y0dxHEpOcEo,BEFORE & AFTER HOUSE REMODEL,bonniehoellein,family,295175.0,0.063581645
3-ut74lS1pE,4th of July Celebration! Fireworks FAIL - 2023,bonniehoellein,family,52193.0,0.019037573
auw1QdDOuQs,Kids learn to eat healthy food and drink water,vladandniki,family,9330509.0,-0.09594063
oGD7uFvsU3Q,Assistant Uses This Secret Ingredient makes Skull Ice GLOW! 💀#FamilyFun #HalloweenScience,thesuperherobuddy,family,97787.0,0.1040975
7tpnuiIV3K0,Dramatic Morning Routine *Chloe*,familyfunpack,family,79284.0,0.117309645
4VWr-kmdI9Y,An Extraordinary Birthday Party 🎉 (WK 362.4) | Bratayley,bratayley,family,10516463.0,-0.0061290716
MPrp6UEN7Cs,Here Is A Video Before We Ever Vlogged | Look How Little They Were | A Tradition We Love,theleray,family,81934.0,0.060084857
sZZPuuBmeEo,What I Got my KIDS for EASTER!🐰🌸 EASTER BASKET for my DAUGHTER! #shorts #easter,theweisslife,family,20040.0,-0.06718707
qrbSL3dBzIk,How to Make Flipbook Animation Machine at Home from Cardboard,ryansworld,family,1254107.0,-0.086078316
m-DcEdG0crg,COOKING WITH A BELLY (5.28.13 - Day 123),dailybumps,family,89059.0,0.21484222
mZPxFnxG8kA,Comment your favorite video from this year! #2022inShort #ad,brentrivera,family,3727769.0,0.15308025
ZdCsDbazaqI,Last Day of School Party!!,familyfunpack,family,4739550.0,-0.01830773
SpoGXPj-MSQ,INSANE Longest Zip Line!! Twins in Norway Part 2,familyfunpack,family,201609.0,-0.046235397
7NngejwdZxM,Toddler Can Almost Swim!,kkandbabyj,family,184609.0,0.102222696
KP_HRhbl4fg,our baby’s name is..,kkandbabyj,family,499540.0,0.09593577
gNb_j_Z05FM,Assistant Ues math playing Roblox Supermarket Simulator Addition Skills put to the test,thesuperherobuddy,family,86123.0,-0.02697726
Dc7wlptRNok,Apple Addiction,bonniehoellein,family,115140.0,0.02034397
cGuMMMYo9oM,"2 TRUTHS, 1 LIE CHALLENGE!",theweisslife,family,39559.0,0.15515244
eOIEU3hXY-s,Assistant and Vampirina have a Magical Treasure Hunt with Puppy Dog Pals,thesuperherobuddy,family,933471.0,0.010191818
IRBvyABP1ho,talking about my ex🥰,piersonwodzynski,family,2194227.0,0.10997823
-Cfofly3yWY,Emergency Gallbladder Removal?,bonniehoellein,family,117124.0,0.10397955
LhUb153_2vM,FINN’S FURRY FRIEND!!,dailybumps,family,478494.0,-0.048707627
evSZijwahq0,Ryan's 12th Birthday Surprise Balloons Pop Challenge!,ryansworld,family,2695923.0,-0.025582273
0ln4xdXJUDg,Ages 1~18 Pick My DaTe!,tannerites,family,257669.0,-0.12615581
_HgWBjE10TI,Crazy8 Back to School Clothing Haul WIN $1000 SHOPPING SPREE,familyfunpack,family,3182917.0,0.10825803
isIj2GGY09s,HELLO BABY,bonniehoellein,family,491735.0,0.21300238
5vnTYq00ZsY,mom’s brand new car!! Ready for baby #4!,kkandbabyj,family,211297.0,-0.0156008545
IvAOiEZ4gnQ,WE NEED TO TALK?!,thesacconejolys,family,181192.0,0.11579929
p-MlJ_v87C4,Christmas BAKE OFF Challenge! *Mum vs Daughters* | Family Fizz,familyfizz,family,505618.0,0.03857567
XEALUlMdolk,Emma and Kate surprise  Ryan with funny toys for EK Doodles!!!,ryansworld,family,4625821.0,0.052523013
kOGmaR1zuoQ,Back To School…,ehbee,family,275160.0,-0.00060610846
Wvoq3z8rmyE,Can you DIY a CoComelon Stuffy🩷💚? Let's Crochet the Melon Together! #shorts #crafts,cocomelon,family,10187525.0,0.026818464
edWMHrlHeCA,AUSTIN TRIES TO BE PREGNANT FOR A DAY!!! (TOO FUNNY),acefamily,family,8820668.0,0.18059748
mC49BUqDJO8,Clothes shopping with mum *fail* | Family Fizz,familyfizz,family,330299.0,0.027319407
0S-6Smp42r0,Ryan's Easy Slime Making Tutorial!,ryansworld,family,365036.0,-0.08680786
Gc0fWjv3ixw,Is that Gatorade or Pee?  (WK 59),bratayley,family,572071.0,-0.025788013
XZLgfFsNcHE,BEST Compliment Today #shorts,theleray,family,39480.0,0.043444812
dcc-eBw__NQ,A PUMPKIN FOR THE BABY!,thesacconejolys,family,466361.0,-0.050197333
F7cd3WkwVoY,Shopping For Sutton's Birthday Two Years Old,kkandbabyj,family,227226.0,0.09891389
ZRWr-Ux--cE,Her Last Day (WK 415.5) Bratayley,bratayley,family,339903.0,0.05430949
tRAyL8Vn_gY,Hiding Christmas Presents!!  DON'T TELL!!  || Mommy Monday,familyfunpack,family,88879.0,0.164733
BH5XD1ucco8,WHAT I GOT FOR CHRISTMAS  l THE LEROYS,theleray,family,318913.0,-0.00904277
Wwye_hGRulA,I is for ITCHY 🤪! Learn ABC! #cocomelon #shorts,cocomelon,family,10638580.0,0.13086358
PWE2saaRZs0,Ryan's Halloween Challenge in the Hunted Backyard!!,ryansworld,family,3037761.0,-0.029551458
rZ-kqeKfGnk,SUPER HERO COSTUME Q&A!!,tannerites,family,19148.0,0.120541826
Sd5qk9aQNF0,24 Hours with 7 Kids - Owen Had a Bad Day,familyfunpack,family,258425.0,0.182402
A0P6tco3GXk,Vlad and Nikita play with Toy Cars | Hot Wheels City,vladandniki,family,236261660.0,0.06581825
rQQEKcYs6WE,Makeup Haul for GRANDMA!,bonniehoellein,family,113919.0,-0.022441557
iwBRwtqXpdE,PRESCHOOL CLASSROOM TOUR! - Back to School Night!,dailybumps,family,962664.0,-0.0460343
TXT45w7oqqA,Michael Meets Elsa!!,familyfunpack,family,6269993.0,-0.039184324
BjUi4SvLnzc,BIGGEST SQUISHY SURPRISE PACKAGE EVER!!,ehbee,family,3399621.0,0.0461264
gX_SbqyTPfU,TODAY I TRIED TO KISS MY BEST FRIEND,brentrivera,family,7789758.0,0.07701195
Buz_rZg8KMs,Alligator Alley Up Close Gator Experience,familyfunpack,family,4963004.0,-0.10095248
N60C7b30Aw4,Fast Happy Healthy Recovery 🤕,bonniehoellein,family,222035.0,0.033601493
9Rb5Wr0tOvI,The Color Song! Rainbow Popsicles 🌈 | CoComelon Nursery Rhymes & Kids Songs,cocomelon,family,30237108.0,0.058603983
Yt2Z-Boyy9Q,Can You Find Pokémon in Real Life??,ryansworld,family,226364.0,-0.025089214
GvqzvAdh0bQ,FREE SHOPPING TRIP!,thesacconejolys,family,56469.0,-0.07031142
_iWrCLROaJQ,HIGHLIGHTS | REESE GOES PINK AND PERRI GOES PURPLE | THE LEROYS,theleray,family,587237.0,-0.022448152
ptmNnBw8Fyg,Come House Hunting In Nashville With Us!!,dailybumps,family,100159.0,-0.08030552
H90xKTlgLeM,Teeth in Your Face (WK 234.6) | Bratayley,bratayley,family,392726.0,0.05223877
9JnMFeV7qHQ,Gingerbread Man Clay Art! 🎄 EASY Air Dry Clay DIY with The Assistant #FamilyFun #ChristmasCraft,thesuperherobuddy,family,101892.0,-0.013517905
Hv2QIZRxsbI,9 Month Baby Check Up (4.15.14 - Day 445),dailybumps,family,638690.0,0.14754263
bq412bXq8-c,Nerf War: The Homework Disturbance,familyfunpack,family,805863.0,0.028658882
lQqvtbvTbR8,Family School Updates! || Mommy Monday Couple's Talk,familyfunpack,family,263502.0,0.10799047
U5Jvm9JnAs8,2 peas in a Pod! Our Weekend with a baby!,bonniehoellein,family,78300.0,-0.08317368
chECN0xslFY,Family of 10 Spanish Food Choices 🇪🇸,familyfunpack,family,73797.0,-0.23023176
X-ZDov1hBYs,WE CAN'T TRUST YOU ANYMORE | THE LEROYS,theleray,family,720056.0,0.07606375
iwTRK6rueYA,They were just MOOing!,bonniehoellein,family,19005.0,0.08230943
b40gwXpLoqA,MOST ANNOYING CHALLENGE EVER!! W/ TEAM ALBOE,itsyeboi,family,589114.0,0.08788347
PhHngi6apic,HE IS A BAD DRIVER!!!,kkandbabyj,family,126473.0,0.11709641
TeTR3K3GW24,EVENING AT THE OPERA,thesacconejolys,family,12412.0,0.07115948
41sAAjwxlAI,Michael's Restaurant: Surprise Inspection - Family Fun Pack Skit,familyfunpack,family,22345631.0,0.08599642
VZxRSKiOUbI,Paw Patrol goes Ball Pit FIshing with the Assistant,thesuperherobuddy,family,7524327.0,0.029379811
BNEjenQ8Jcg,Day Date,bonniehoellein,family,100467.0,0.06457345
dCc75VQZ_DI,Lion Guard Bungas New Car with Judy Hopps from Zootopia Toy Parody,thesuperherobuddy,family,176260.0,0.029692471
YFKB0d-hj5s,MINNIE MOUSE Pet Tour Van Playset Unboxing and Review,thesuperherobuddy,family,338236.0,0.066248976
mVKXkp9kkdU,Waking Up In Mexico | Fraternal Twins | The LeRoys,theleray,family,176067.0,-0.054190043
Ex4LsKwiiBI,Come With Me to the OB Office,bonniehoellein,family,42437.0,0.093627974
AZhgUBqKVpo,Water Balloons Fight Captain America Civil War vs Iron Man Marvel,ryansworld,family,8936344.0,-0.020343263
GLDjfKpYIEU,TheSacconeJolys - The Greatest LIVE show in the World!,thesacconejolys,family,9156.0,0.071653835
DbHAQFow1Co,You're Ruining My Spotlight 🎥 (WK 321.5) | Bratayley,bratayley,family,511702.0,0.078866184
9oXLBgY5fp0,PLAYGROUND SPINNING FUN!,dailybumps,family,925154.0,0.043850727
7cvbn7ha6-Y,CoComelon 🍉🐞 Squishy DIY with Nano Tape! #cocomelon #shorts,cocomelon,family,8707110.0,-0.011911819
NTQiuuqyFjc,School Morning Routine Expectation vs Reality,ryansworld,family,183151780.0,0.036237873
rw9FC6uYNRQ,Target Shenanigans (WK 111) | Bratayley,bratayley,family,130642.0,0.01240814
E6EzYh9zwbo,THE BABY IS DUE TODAY! | Family Fizz,familyfizz,family,880527.0,0.018241584
uFOydPlWGok,I CAN'T BELIEVE CATHERINE DID THIS TO ME...,acefamily,family,8137636.0,0.24748687
Fv7a2vzPORs,we stayed at the animal kingdom lodge! (Jackson's 6th birthday),kkandbabyj,family,139494.0,-0.14918125
YwKxxZktA9M,Why My 12 Year Olds Still Ride in a Car Seat - Full CAR TOUR!!,familyfunpack,family,1412402.0,0.12739542
_Eq8Wcnnvcg,Best Shoes in the Family??,familyfunpack,family,149048.0,-0.10565336
cwJdDu2GE3Q,i heard something scary..,kkandbabyj,family,304033.0,0.129989
UA_TlCWMC1s,Vlad and Nikita play with Hot Wheels Monster Trucks,vladandniki,family,130306602.0,0.048844967
eqL0I1ZW_c0,OUR FIRST NIGHT AT THE NEW ACE FAMILY HOUSE!!! **FINALLY**,acefamily,family,10358292.0,-0.03512805
v6rXKhKDkUg,MOST STRESSFUL DRIVE EVER!,thesacconejolys,family,30399.0,0.10457102
u0o8mHp506A,JOJO Siwa Rollercoaster Challenge The Assistant Wins Jojo Toys Video,thesuperherobuddy,family,624025.0,0.09493253
8vG2S80jt18,BACK TO SCHOOL ROLL CALL! #shorts,theweisslife,family,725530.0,0.006108286
MXeAzqk6zmw,VALENTINES CARD MISHAP!,dailybumps,family,549823.0,0.040728156
eHKSp11vCR0,DAD'S DAY OUT!,dailybumps,family,1017022.0,0.17669705
T_F7imugkPM,Best Homemade Cinnamon Rolls Hack || Family Fun Pack Cooking,familyfunpack,family,809882.0,-0.032000247
jSilNW9Whgk,How Proper Sisters Fight (WK 316) | Bratayley,bratayley,family,1450020.0,0.01398479
S5ZTKyMPlUQ,Exploring An Abandoned House At Night!,dailybumps,family,29833.0,-0.07273142
RdSr9izC-qw,IT'S FINALLY HERE!,kkandbabyj,family,79120.0,0.02255097
dbDD2rSiTuo,Wild Sand Creations,bonniehoellein,family,77935.0,-0.046112068
Fs1gzfE2vks,PREPPING FOR HURRICANE MILTON🌀#hurricanemilton,kkandbabyj,family,77175.0,-0.13040839
K-7DVh7rNq4,Cotton Ball Challenge (WK 127),bratayley,family,471754.0,-0.08478604
SlHHks9udf0,He Left Me...I Can't Do This... || Mommy Monday,familyfunpack,family,2264346.0,0.1914315
xQAwH7KAZbU,Strange Boy in Chick-fil-A! (WK 112.5),bratayley,family,173668.0,0.025472693
T2iUKt8LdZs,Correcting Behavior,bonniehoellein,family,753938.0,0.18079059
sKEhv-6gY4Y,STAYING HOME AGAIN OR SCHOOL?  | THE LEROYS,theleray,family,542173.0,-0.105668455
ipsYhh8cH1M,THE MARRIAGE DANCE (Original Song),rebeccazamolo,family,2849965.0,-0.024767857
MGUWJrwvkoA,HOW WE PUT OUR BABY TO BED,thesacconejolys,family,215689.0,0.09332629
8UqliRfOaLY,Mom of 7 movie premiere mini vlog 🍿,familyfunpack,family,178017.0,0.2322259
Oky3vXAsgzE,THE WEISS FAMILY HALLOWEEN SPECIAL 2023!,theweisslife,family,29348.0,0.044412762
jkmYmRsKorg,CoComelon Toys SLIDE into a BALL PIT! 🥳,cocomelon,family,8201163.0,0.08256302
tHrfB2yH9dU,COZMO | Assistant plays with Cutest Robot ever!  Anki New Toys Video,thesuperherobuddy,family,494885.0,0.06361684
gUKBMwumqHg,Assistant Makes Slime Pasta for Funny Dog Waffles and her first customer,thesuperherobuddy,family,167384.0,0.07474369
2uSvYTS612s,24 Hours With 5 Kids on a Hot Day,familyfunpack,family,44537820.0,0.028345687
TD5CA_5IIZo,The Real Cotton Candy Maker with Lite Up wand toy for kids Ryan ToysReview,ryansworld,family,7018437.0,0.02847681
lGVLKnjj6Pw,CALIFORNIA HOUSE TOUR!,dailybumps,family,67310.0,-0.20096245
Vhz4dTMDS2s,Baby Food (Challenge With Brent),brentrivera,family,544963.0,0.05903805
7G2hXFQhY10,FIRST DAY in a NEW COUNTRY! | Family Fizz,familyfizz,family,246366.0,-0.089749634
FcknnmU7bxo,PLAYING IN THE FLORIDA SAND! - #DBEJCKSummerVacay,dailybumps,family,20374486.0,-0.0073521435
A5iFSju1WFk,Call Me! (WK 98.3),bratayley,family,90144.0,-0.027042542
TwxKon9ToUM,Paw Patrol Saves Peppa Pig From a Pile OF Cotton Candy Toys Parody,thesuperherobuddy,family,1331217.0,0.11390656
rPhQINDzwYE,I Trapped Him in a Girls Only School,rebeccazamolo,family,12740624.0,0.2995737
5UUNqu9ENcc,How to make your own Flipbook animation machine from Cardboard at home!,ryansworld,family,431355.0,-0.046666004
cuNg1iS7Izc,MYSTERY GUEST SURPRISE!,dailybumps,family,2146869.0,0.12527649
qXCuNws12b4,OUR BABY GIRL'S NAME REVEAL! FAMILY VLOG,theweisslife,family,146358.0,0.19288644
pHerL6JGpuE,Deaf Disneyland Cast Member Bonds with Kids - Emotional,familyfunpack,family,114741.0,0.13807032
I-TVKhlNlJA,Cheese War (WK 294.7) | Bratayley,bratayley,family,568681.0,0.011409242
qwdkzQhMZJE,Letting YouTubers Decide What I Eat For 24 HOURS CHALLENGE **bad idea** 🔥🍩 | Piper Rockelle,piperrockelle,family,2703022.0,0.09496846
P7M-SokPzyQ,Nobody told me having a boy would be like this…,familyfizz,family,389585.0,0.2140929
bfRuLLzCJJU,Ryan plays Draw Story Game on iPad!,ryansworld,family,5724452.0,-0.012525259
ebdgAt81aqA,Kids learn not to litter and respect each other,vladandniki,family,416278098.0,0.10692172
hqr46XZhtRg,Finger Family + More Nursery Rhymes & Kids Songs - CoComelon,cocomelon,family,595131892.0,0.022586733
9fjWwy4aNXE,Bubble Lawn Mower and Gazillion Bubble Hurricane Machine,ryansworld,family,18698606.0,-0.10243428
niSJOt4mNUQ,Cheaters Never Win (WK 37.2),bratayley,family,217457.0,0.041326538
hxMFfudeG8w,CRAZY CAR FIGHT! (5.29.13 - Day 124),dailybumps,family,342207.0,0.25742018
nK0obokHo9w,Assistant the Teacher as Silly Mechanic Goes to First Grade,thesuperherobuddy,family,352407.0,-0.045560233
SEUNMqF1mpk,You're Gonna Mess Her Mess Up! (WK 82.7),bratayley,family,126263.0,0.06132789
5JVIiev7Afs,The Gang's All Back (WK 230.3) | Bratayley,bratayley,family,936261.0,-0.0039502736
SPqbgHHCtS0,WIGGLES on  Power Wheels becomes  The Fast and the Furriest,thesuperherobuddy,family,1575087.0,0.07469931
MnR3cIy-IjY,Accident Resolved - We have Suspended Garage Floors!,bonniehoellein,family,62461.0,0.13942981
yNK6L8jT-aY,1st try! 😅😆! Price tag trend with mother and twin daughters.,ryansworld,family,701892.0,0.06622369
K0uEy4QgjVU,Spinning a Fidget Spinner!,ryansworld,family,17104840.0,0.02242395
AX2V2jy2fyU,My Best Mom and Dad! (WK 162.4) | Bratayley,bratayley,family,121188.0,-0.019620635
GkTWxjQLtlY,UGLY CHRISTMAS SWEATER DANCE PARTY!,dailybumps,family,661979.0,0.10355401
S1xeoMT6BRU,FIRST TIME FAMILY CAMPING IN NEW RV!,dailybumps,family,5945664.0,-0.08754423
oIsdjT8TNgA,YOU'RE LATE FOR SCHOOL!,thesacconejolys,family,549480.0,0.01182726
s5t4XGCrArU,We Caught Him Doing This On Camera!! (Jamie 6mo Update),dailybumps,family,58871.0,0.3096391
wBMoVY4jEhE,Gelato Flavors!,familyfunpack,family,118240.0,-0.010135245
FKPqdQA-eR4,EVIL BOSS Shames BROKE Assistant | Rebecca Zamolo,rebeccazamolo,family,6946075.0,0.20392953
76Xy4CX5NpY,Lincolns Blessing Day,bonniehoellein,family,827884.0,0.09386556
lN6aDGdMUl0,FEELING OVERWHELMED (7.20.14 - Day 541),dailybumps,family,72599.0,0.103816204
hKxlWFpZDHk,KIDNAPPING OUR DOG!,thesacconejolys,family,22826.0,0.12330374
qjkEyXCQ_aE,Decorating the Christmas Tree 🔔 (WK 360.5) | Bratayley,bratayley,family,422918.0,-0.061625645
rWfP6FXKWdA,Lunch is Served! (WK 150.2) | Bratayley,bratayley,family,68066.0,-0.08460449
SYMH5xEDUe8,Yummy Fruits and Veggies! DIY Storybook Crafts! #cocomelon #shorts,cocomelon,family,6146641.0,-0.03578669
C1qTAtS-zr8,Never Seen Before Funny Fun Pack Moments THROWBACK Vlog,familyfunpack,family,93408.0,0.12889358
tBXg_GNACSc,5 Reasons My Husband Drives Me Crazy!!!,rebeccazamolo,family,8351497.0,0.24234435
Dk6WvtTwSC4,Meet Hair: Before and After (WK 270.5) | Bratayley,bratayley,family,871233.0,-0.03590756
2zvNHRMBzXs,KIDS GAME REVIEW | DINO MEAL!,theweisslife,family,85046.0,0.04230621
1aQAM94Y16k,GUMMY FOOD VS REAL FOOD CHALLENGE McDonald's Fries Burgers taste test,ryansworld,family,13768348.0,0.005811192
AdSxvd6SpwM,Valco Twin Tri Mode Quad Stroller Review & Demo,familyfunpack,family,3468659.0,-0.07957899
u4E6lZAOkbs,KPop Demon Hunters Are Pregnant,rebeccazamolo,family,3546968.0,0.15883031
dEtNegewq7M,DAUGHTER ROASTS DAD CHALLENGE,ehbee,family,3687596.0,0.11241683
WJ_DxsQ_Vus,Will You Dance With Me?  End Of School Year Dance | The LeRoys,theleray,family,118551.0,-0.011527078
CeHWzi94XxY,Secret Toy Story 4 CLUB,bonniehoellein,family,79983.0,0.14276552
Z6wa1MAF0Cs,Spoiling Reese On Her 16th Birthday | Birthday Tradition,theleray,family,197178.0,-0.028853204
RLYBvHdx__w,Assistant Makes Satisfying Kinetic Sand Dubai Chocolate! #FamilyFun #dubaichocolate #kineticsand,thesuperherobuddy,family,10188.0,0.04153403
97Am-e1CrJk,BABY BEST FRIENDS!,thesacconejolys,family,189557.0,0.13372402
FLzKH-tzumA,Floor Plans REVEAL / Working with our Architect - Episode 4,bonniehoellein,family,155694.0,-0.053936955
IcGRLR_Wx8o,House Full Of Teens | I'm Not Kidding | The LeRoys,theleray,family,178958.0,0.046068933
aolS5frsyHA,Vlad and Nikita play a restaurant and delivering toy dishes,vladandniki,family,227729082.0,0.0513871
L2kiJu3D_go,KIDS & CHOCOLATE!,thesacconejolys,family,333508.0,0.06895389
eru_07Ed3GU,I'm A Utah Mom  #shorts,theleray,family,350669.0,0.063896865
VPAr3DEhhT8,CoComelon Christmas Caroling🎄🎵! Sing the ULTIMATE Holiday Medley! #cocomelon #shorts,cocomelon,family,3707425.0,-0.021180522
dveXcjyVU2Q,INTRODUCING POTTY TRAINING!!!,acefamily,family,6583079.0,0.2554086
TRtjqZvfdqg,I Transformed My Empty House Into My DREAM HOME,piersonwodzynski,family,730549.0,0.107633
k565_Y8r-80,Assistant Hunts for PJ Masks and Paw Patrol Hidden by Toy Story Gabby,thesuperherobuddy,family,44084.0,0.13468835
Qha5EnO28ok,A Very Long Road Trip! (WK 185.4) | Bratayley,bratayley,family,261060.0,-0.060805313
rjldV3QWrlo,HOW TO SNEAK CANDY INTO THE WORLD'S STRICTEST SCHOOL!,ryansworld,family,32047.0,0.11424311
FuxA4Cxn7hU,My BOYFRIEND Dropped Me #shorts,piperrockelle,family,4417194.0,0.16445933
ozWvrVu-Aqs,BABY GENIUS!,kkandbabyj,family,59219.0,0.20553395
m54LyHtn46M,Bratayley Turns 4! (WK 209.4),bratayley,family,430331.0,-0.021373155
H2b24DOj7sQ,CRAZY LIGHTNING STORM NEAR US!,dailybumps,family,1452443.0,0.0639815
BqESYiEQLaU,What I Got For Christmas | Christmas Haul | The LeRoys,theleray,family,239652.0,-0.018348578
gcdZPprXMWQ,Vlad and Niki bake Christmas cookies,vladandniki,family,4681371.0,-0.040914763
TjMCs6RoT10,24 hours Giant lego box fort house with Ryan!!!,ryansworld,family,3871547.0,0.030872896
0yUTu2j4wY8,Skiing With 4 Kids,bonniehoellein,family,74983.0,0.035480328
3uAh-tpR2rU,Legoland Castle Hotel Room Tour!,familyfunpack,family,184965.0,0.07816148
ZdEvhxAH8A8,FIRST TIME AT THE NEW HOUSE WITH EVERYONE!,thesacconejolys,family,286224.0,0.00011902116
d_QVhl1XjbE,"Floor Is Lava The MOVIE! Lava Monster On The Playground, Hello Neighbor, Lego Fort, And Robot Lava!",tannerites,family,7964716.0,0.05650564
arpQ19Y9mCw,PLAYGROUND FUN TIMES!,dailybumps,family,1038357.0,0.019513905
0M-GSInviK8,Do The Animal Dance | Dance Party | CoComelon Nursery Rhymes & Kids Songs,cocomelon,family,126825297.0,0.035085514
MQOyJAJiXVw,BABY HAS HIS TWO FRONT TEETH!,kkandbabyj,family,59529.0,0.2851221
rSb4bttwzhg,He Almost Fell Through The Bed!,kkandbabyj,family,208484.0,0.15278597
9uaBxpEXmoE,SHE GOT A NEW OUTFIT (5.26.13 - Day 121),dailybumps,family,56025.0,0.29543945
_R5aeYoDnm8,Flying Home (WK 288.6) | Bratayley,bratayley,family,929554.0,-0.067039005
ZuxQxgOm0IY,Staying 48 hours in the world’s most Luxurious airport😍,brentrivera,family,28792082.0,-0.0051059946
1TlCrzob6-s,New Years Eve Party - 2020,bonniehoellein,family,101358.0,-0.05203155
TY2Kj_BN7X0,"NEW SONG!! ""By Heart - Bryan Lanning (Official Lyric Video)""",dailybumps,family,62099.0,0.20265013
As7zwri7gzo,Best Friend Visit!  || Mommy Monday,familyfunpack,family,545546.0,-0.017854832
QxIyI6W5Lq4,The Star of Bratayley (WK 245) | Bratayley,bratayley,family,1133139.0,-0.008184494
0FFEFySWbg8,TheSacconeJolys - HAMMER BEATING - Day 115,thesacconejolys,family,7983.0,0.04593305
hsABjgA_h9E,20 WEEKS PREGNANT! Halfway to Baby!,dailybumps,family,91680.0,0.13980484
WG5M6Ex6KXY,Minecraft Became Real at Home - Fun challenges for kids,vladandniki,family,1348540.0,0.12476865
I6L65dOKvZo,Crocodile Alligator Song | CoComelon Nursery Rhymes & Kids Songs,cocomelon,family,14201481.0,0.115799434
j11ALCScLN4,CRAZY ROLLER COASTER ON THE SHIP!,ehbee,family,3454068.0,0.014933685
UUohZy53dKU,HOME ALONE WITH THE BABIES!,thesacconejolys,family,195818.0,0.077571414
VU5tq-_POhI,PLAY-DOH Sweet Shoppe Double Desert How to Make Play Doh Deserts Playsets,thesuperherobuddy,family,81876.0,-0.046298236
JfWSRVE7fr4,Too Much Call Of Duty,thesacconejolys,family,46700.0,0.19915353
8nvEZ3UJOpI,BABY SHOPPING!,thesacconejolys,family,437964.0,-0.03263872
hTsyjxCFlWY,Giant Wizard of Oz Game in Real Life! Saving Rebecca From RHS!,rebeccazamolo,family,21821514.0,0.12599677
ZXYyRT199Lk,I SURVIVED MY FIRST MARATHON🏃‍♀️💨,piersonwodzynski,family,477098.0,0.09256609
qBlVAuhFNtQ,Paper Towel Magic Trick Easy DIY Experiments for kids!,ryansworld,family,2074942.0,0.013647448
C7tXPAbPCLQ,BABY MEETS NEW DOG!,dailybumps,family,1090269.0,0.07411228
fqxVwVL7Hu4,3 Year old boy picks his own hair cut,thesacconejolys,family,203318.0,0.0927318
0hYMLrfQqjE,Kpop Demon Hunters LIVE PERFORMANCE!,ryansworld,family,306462.0,0.042609595
cRzHhv26YWI,Finally Breaking Ground On Our Home - Episode 11,bonniehoellein,family,330638.0,-0.0671598
JTbbO25rEWw,Cranky Toddlers!,bonniehoellein,family,161360.0,0.115502805
omKvG15BNmg,Couch Fort Is Lava!!,tannerites,family,1845324.0,0.071233995
sWv3j35jxXo,Rewarding Rhett For doing well in School | The LeRoys,theleray,family,94945.0,-0.005698736
lyjUoHFd6fQ,Learn how to draw Superhero Red Titan vs Dark Titan Cartoon for kids!,ryansworld,family,755962.0,0.033259332
7yBrC_A6M7E,HILARIOUS EVERLEIGH AND AVA BLOOPERS!,everleighrose,family,777836.0,0.12673654
f1oNI_ldY_0,24 HOUR CHALLENGE OVERNIGHT IN A CAR (MANI CAST)🚙🌙| Piper Rockelle,piperrockelle,family,4777938.0,0.053330515
tSO2M3ukK7M,Assistant Dissolves the Shell of an Egg with Vinegar #FamilyFun #FamilyScience #easyscienceforkids,thesuperherobuddy,family,7943677.0,-0.052009813
kiiApTYuez4,Shimmer and Shine Meet the Chubby Puppies a Funny Toy Parody,thesuperherobuddy,family,847608.0,0.13212605
E5OSb6w4ZVo,We Opened the GROSSEST McDonalds! Will it Pass or Fail the Health Inspection?,ryansworld,family,154647.0,0.08504909
fbePUlAtEcg,Surprising Kesley | She Had No Idea | The LeRoys,theleray,family,157809.0,0.055393152
xmv38kTnM_s,Sleep over at Aunt Julies!,bonniehoellein,family,54180.0,0.01207063
O-FzjvNvnw0,THE TOUGHEST CALL WE'VE EVER MADE (4.3.14 - Day 433),dailybumps,family,288740.0,0.15595043
Wf-TERbySTo,DON'T SAY THAT! (3.14.14 - Day 413),dailybumps,family,97185.0,-0.0130897695
OCmN_wmjcr4,PRE-BEDTIME FLIGHT!!,dailybumps,family,1574921.0,0.012488315
9dnF5mzyHZE,Collector Check Rubiks Cube Edition #shorts,familyfunpack,family,461551.0,0.07345661
UizB-OlK95U,WHAT?  #shorts,theleray,family,553534.0,0.051272154
CViERO7eoMk,WE FINALLY DID IT! HUGE SURPRISE ANNOUNCEMENT!,theweisslife,family,25049.0,0.09556529
xCffuuxhlK0,Surprise birthday shopping for Mum! | Family Fizz,familyfizz,family,147448.0,-0.01169779
ln8yDStZEPw,A Surprise Halloween Package!!,familyfunpack,family,478831.0,-0.05056445
Nhg8-MJME48,SHE RUINED HALLOWEEN!!,ehbee,family,6040726.0,0.11374006
pqKUXBEMdgE,HUGE BABY GIRL’S CLOTHES HAUL | Family Fizz,familyfizz,family,670986.0,0.06863431
83_YgW2y23Q,I Tested TikTok Life Hacks With My Daughter,rebeccazamolo,family,14534130.0,0.19245297
Br6EWA8Gik8,Taste Testers (WK 191.5) | Bratayley,bratayley,family,456122.0,-0.026177976
9cl6zopxk1U,Taste of Knott's Berry Farm at Christmas with Family Fun Pack!,familyfunpack,family,400158.0,0.100923456
kMXbF2UFdao,Reese's Birthday Party | Tweenager | The LeRoys,theleray,family,239229.0,-0.078409836
Qcf4RyBchjc,THE POOL IS LAVA CHALLENGE!  -  Family Fun Pack,familyfunpack,family,566962.0,-0.03676007
4SC7LyTYtuE,TheSacconeJolys - LARGE AND IN CHARGE!!,thesacconejolys,family,11194.0,0.04491657
oIPowLFEb8A,TODDLER RIDES HOVERBOARD!,dailybumps,family,1402120.0,0.13481739
mqazUBH8gsU,BABY TASTES LEMON FOR THE FIRST TIME,kkandbabyj,family,165289.0,0.12731019
sfvS4CfP1dQ,joining the NFL so my boyfriend will pay attention to me #nfldraft #ad,piersonwodzynski,family,12177618.0,0.048869774
mNaxzF8cBsc,Cheer Results Are In | The LeRoys,theleray,family,339332.0,-0.0027720071
QsK9dkW4BQ0,Kid's GREEN VS PINK Wicked Color Challenge!,ryansworld,family,239598.0,0.051247105
ZUYRjlxC6-8,Everglades Alligator Airboat Tour,bonniehoellein,family,44620.0,-0.14380233
kRXKeLS7-eI,Vlogmas Day 19 BOTCHED,bonniehoellein,family,43463.0,0.06476711
P77vjRhpuFE,Q & A WITH GABRIELLE | THE WEISS LIFE,theweisslife,family,58290.0,0.05705398
mzeMFjRrcL4,GETTING BLOOD DRAWN (10.13.14 - Day 626),dailybumps,family,151875.0,0.10558317
p9ZDKriuFME,10-Year-Old Has Only 10 Minutes to NAME HER PUPPY... or her brother will!,jordanmatter,family,15030441.0,0.085457146
4x1iq4Htdp0,Don't Get Caught by Office Security Guard!,ryansworld,family,255942.0,0.09488142
Gn8aOc21oWg,LAST TO LEAVE THE POOL WINS A NINTENDO SWITCH LITE!,dailybumps,family,1649140.0,0.046217963
qRd9mKwnftU,Vlad and Niki Lost Baby Chris,vladandniki,family,89248110.0,0.2627401
e8uDjt6TDwA,Live Nativity,bonniehoellein,family,51225.0,-0.010676617
JGqK5j3a2l8,THINGS WE ALL DO IN THE CAR! | Brent Rivera,brentrivera,family,4354847.0,0.010796152
HQTa-2O3iQk,Assistant turns into Gabby Gabby with Crystal at the Corn Maze,thesuperherobuddy,family,9257943.0,0.04542498
hfAeztSxVwI,What happens if you stop Showering?? Educational Video for kids!,ryansworld,family,1274148.0,0.14243208
y112h411I0M,FAMILY FUN DAY!,thesacconejolys,family,24513.0,-0.026521092
2GSnIX8X0qY,COLORING MY TEEN DAUGHTER'S HAIR AT HOME VLOG! DIY PURPLE HAIR DYE,theweisslife,family,153907.0,0.13491629
8Srgbg9YEvM,24 Hours with 5 Kids on a Spring Day,familyfunpack,family,8399690.0,-0.13203342
gaZHk4YB2e4,Don't Wake Joshy! Pie Prank!,ryansworld,family,210979.0,0.14105105
YsrWBaHZu-Y,When Your Parents Bring Home A New Baby...#shorts,theweisslife,family,908372.0,0.10014704
ulSYuuLsxo0,FAMILY HALLOWEEN COSTUME REVEAL!🎃👻 #shorts #halloween,theweisslife,family,109349.0,0.09403755
-SzxD8OZHyE,POST PREGNANT MORNING ROUTINE (4 BABIES) TIPS & TRICKS!,thesacconejolys,family,175160.0,0.12941806
ZoMVgDRc5fU,Opening Surprise with  Paw Patrol and Other Fun Toys Compilation Video,thesuperherobuddy,family,42120.0,0.14528956
5JL4a1hNe5s,Elf Marks the Spot! ❌ (What Buried Underground?),dailybumps,family,150076.0,0.09952848
tHZ39SQltbA,TOXIC WASTE SOUR CANDY CHALLENGE!,theweisslife,family,73863.0,0.14450206
V4NKHmOKrWs,Please Mom? | It’s My Dream | The LeRoys,theleray,family,296119.0,-0.019611035
1ASakHGSwH8,Our Dogs Are Back (WK 410.2) | Bratayley,bratayley,family,720197.0,-0.047475383
Ey8aR2pyEH4,Wash Your Hands! #Shorts | CoComelon Healthy Habits,cocomelon,family,14105220.0,0.07193072
BggbQ0wYFic,Ryan's Playdates at Nickelodeon Animation Studio!!!!,ryansworld,family,10799827.0,-0.04164008
lYJNBUMHyRI,What’s in Our Advent Calendars? DAY 8🎄#shorts,theweisslife,family,166674.0,-0.12052278
BX8xFcJCOFk,Best Big Brother Ever #dailybumps,dailybumps,family,172147.0,0.044485647
-7Jx4fK1Lac,where have we been?,kkandbabyj,family,92875.0,0.015073657
niYpHXoZibw,Buying Every Toy In Target To Donate!,kkandbabyj,family,217946.0,0.025217282
CJQvwDUdSwo,Valentine’s Day SURPRISE! | Family Fizz,familyfizz,family,133899.0,-0.0394098
CrOTZ4XSFPQ,6 Year Old Prank Calls (WK 209.7) | Bratayley,bratayley,family,859842.0,0.1332323
KkhvTGR9GJ4,NO DON'T EAT THAT!,kkandbabyj,family,187676.0,0.14943494
YpacD3gbWzE,Learn about the Statue Of Liberty for Kids Famous Landmark Facts with Ryan's World!!!,ryansworld,family,1601838.0,0.004838163
m8fzGSw1UQI,CRAZY PAWS GIRL!,thesacconejolys,family,9518.0,0.037741374
fysYpvvq46M,Snowball to the Face! WK (153.7) | Bratayley,bratayley,family,293531.0,0.020877495
ukZ6rZx3pgI,The Itsy Bitsy Baby Spider! CoComelon #Shorts #nurseryrhymes #animals,cocomelon,family,16789907.0,0.15315753
DWvlEvuTjgw,Assistant and Batboy Ryan Escape from Sam in the Corn Maze,thesuperherobuddy,family,205017.0,0.02742707
WNZxmq-iySk,Hurricane Ian LIVE orlando fl,kkandbabyj,family,96299.0,-0.025298148
W65we_9KoUw,What’s in our Advent calendars? Day 13🎁 #shorts,theweisslife,family,278927.0,-0.10815049
Ov-KDfyUR0A,Vlad and Niki build a construction kit,vladandniki,family,7428369.0,-0.0905814
gx617CznfEg,Ryan opens Kinder Surprise Eggs with Toys Inside,ryansworld,family,22613830.0,-0.052044727
dt3i38qZ5y8,OUR FIRST FIGHT!!! (COULD HAVE CHANGED EVERYTHING),acefamily,family,2823962.0,0.18737775
28eL2GiCuRo,Surviving 1-Star Ice Hotel,brentrivera,family,10417339.0,0.0040873215
jCdHRHkOoOo,i think we found the new house!,thesacconejolys,family,261010.0,0.14209299
QMFFEQiP9P8,My Daughter Transforms Me Into a PAINTED DOLL #shorts,jordanmatter,family,16823997.0,0.19486168
TjYTwVpg5jQ,THE ACE FAMILY CHRISTMAS SPECIAL 2018!!!,acefamily,family,10111645.0,-0.03828765
W8YoiZ_uOUE,Mum with baby meets a crocodile in real life,familyfizz,family,89050.0,0.15696801
YmBWTcDLKfc,McDonald's Drive Thru Pretend Play Food Toys for Kids w/ Happy Meal Surprise,ryansworld,family,40061250.0,0.051331036
AywzNmueO0c,GENDER CONFIRMATION ULTRASOUND,dailybumps,family,2046523.0,0.14464194
62nYRumUub8,MOST DANGEROUS TOY OF ALL TIME!! *BLOOD ALERT* (EXTREME NERF GUN / ZING BOW / SLING SHOT EDITION!!),itsyeboi,family,2539451.0,0.275597
-bnyJpg0_DQ,Assistant makes a Erupting Volcano in fun Science Experiment,thesuperherobuddy,family,763960.0,0.0092225745
NRgXnUh9bGw,ALMOST LOST A DOG!,thesacconejolys,family,366766.0,0.08959785
pCt2yCCTiYI,TWEEN EASTER BASKET!🐣💕 #shorts,theweisslife,family,54855.0,-0.046953537
bVniXdpJbUU,Assistant Opens Frozen Elsa and Anna Funny Surprise Lunch Boxes,thesuperherobuddy,family,24448419.0,-0.0070260763
-nQXBgzFI_4,I Get a Kick Out of You - Roberto Burgos (Frank Sinatra Cover),ehbee,family,229693.0,0.030721966
Dxw1iHxQlOw,Oh No! The Wheel Fell Off! 🚗😲 Can YOU Fix It?,cocomelon,family,67947281.0,0.02782152
_QNmUADKTMg,CHRISTMAS MORNING OPENING PRESENTS ENDS IN TEARS,theweisslife,family,2496609.0,0.08762711
bhEXg9d1Vsw,NON-STRESS TEST! (7.15.13 - Day 171),dailybumps,family,215848.0,0.13110155
4Sqsn95GJiw,Assistant Must Use Science to Create UV Detectors to Catch Cruella,thesuperherobuddy,family,43571.0,0.04209492
iNaWnEJZVp8,CATHERINE GOT SURGERY!?!? **THE TRUTH**,acefamily,family,8190054.0,0.16423847
-pO7rsq98FM,Jack Frost Face Challenge! Hoellein Christmas Party 2022,bonniehoellein,family,42200.0,0.009867558
eAj9ZaZKrLA,Green Screen Building - Day 91,thesacconejolys,family,11002.0,-0.053624734
QnlXxW2Sn5A,Most Adorable Golden Retriever Puppies - Kona Family Fun Pack,familyfunpack,family,88610.0,-0.010252297
47tNGo34k_4,Ryan Pretend Play Bugs Catching and learning about insects for kids!!!,ryansworld,family,15068334.0,-0.03332839
pUPNDa-q64w,Morocco Cheese Aisle Choices! 🇲🇦,familyfunpack,family,43907.0,-0.092846684
CDhYSB2cXcg,DISASTER trip to LONDON | Family Fizz,familyfizz,family,151246.0,-0.034273036
wH5dVWjcXO4,What is POG? #shorts,familyfunpack,family,210223.0,0.03745729
ZTGiTXPT8Y4,4th of July Fireworks Family Fun Celebration with Ryan!!!!,ryansworld,family,11635883.0,-0.020467445
DIcd0uWRg5c,Hollywood Studios - Walt Disney World with Family Fun Pack,familyfunpack,family,352455.0,-0.14386088
6Vckpquh8IE,Reese’s Turns 15  |  The LeRoys,theleray,family,149916.0,0.04333371
8jcsSPfgTW0,BROKEN PHONE! 📱,tannerites,family,149836.0,0.16408679
IgO0Gzp30qw,1 YEAR OLD BABY NURSES HER RECOVERING MOTHER!!!,acefamily,family,4526712.0,0.16803621
T_A5LNKSYrM,NO BUDGET TARGET BABY SHOPPING CHALLENGE | Family Fizz,familyfizz,family,522601.0,0.020119313
ncEYHiiYvk4,WHY 2019 WAS THE BEST YEAR OF OUR LIVES,everleighrose,family,519934.0,0.0007885592
HaT3N3QTFt8,Do The Gru Voice!!,ehbee,family,1969582.0,0.0092477845
_BGlt8bY7Ak,Behind the CAMERA 📷,bonniehoellein,family,77329.0,-0.053872667
zfHxwdNJKYs,STARTING OVER AGAIN!,thesacconejolys,family,332716.0,-0.10333356
OTuSK0h9G1Q,He CHEATED #shorts,piperrockelle,family,3496894.0,0.24858811
7bX0ioLGnOQ,ROLLER COASTER FACE CHALLENGE!! - Ultimate Disney Christmas Moments,ehbee,family,2746284.0,0.03504206
1OxFh6NM5KI,WE NEED TO SAY THIS!,ehbee,family,287504.0,-0.032817855
aa6_aFzK-VM,BALLET BATTLE!,thesacconejolys,family,953802.0,0.036395755
A7u1jzz2aYI,SOMEONE’S PREGNANT! 💙 Am I next??,dailybumps,family,1582178.0,0.2844894
Y84MjrsWUwo,Vlad and Niki funny and useful stories for kids,vladandniki,family,412710469.0,0.069510326
y-RE_syBr0c,Tomica Chevron Gas Station PlaySet with Disney Cars Toys,ryansworld,family,27795444.0,-0.017087908
qC23AfcAdME,Cute Laughing Twins - Family Fun Pack,familyfunpack,family,16537674.0,0.08840445
HwKyVKA9Geo,Baby Play,bonniehoellein,family,819336.0,0.2336923
5KKJfjL76-s,BEST FRIENDS FOREVER!,thesacconejolys,family,414015.0,-0.015036181
J6BW4-Zt2IM,Doc McStuffins Doctor's Bag Unboxing and Review,thesuperherobuddy,family,2953656.0,0.1392929
B_iP3vClXLA,WHY GROWING UP SUCKS! | Brent Rivera,brentrivera,family,6228674.0,0.14865476
SaReeQmhd3k,WHAT DID YOU DO?,thesacconejolys,family,49880.0,0.20711674
jAfGpL2P3uY,My REAL Night Routine 2019 (Skin Care) **VERY EXTRA** 🌙 | Piper Rockelle,piperrockelle,family,573629.0,0.07717033
tJEMVjPpQik,Learn how to draw Shark for kids with Ryan and Big Gil!,ryansworld,family,930328.0,-0.006877091
uivpLytCqf8,David's Rockin Jump Birthday Party,familyfunpack,family,28683549.0,-0.02927469
q4G0HiebqZg,Southern Comfort Food Tour / MISSISSIPPI TRAVEL VLOG,bonniehoellein,family,96381.0,-0.047131307
cLEIPZCvasw,We Caught A MerMaiD in Our HouSe Making PopCorn!! Popcorn Machine By The Pool!,tannerites,family,3321042.0,0.12883398
tXT0eoAsi4o,"Wheels on the Bus go FAST, FASTER, FASTEST! #cocomelon #shorts",cocomelon,family,3510012.0,-0.014155377
c5-8Ym1hnY0,Epic Underwater Photo Challenge ft/ Piper Rockelle Squad vs Carter Sharer Team RAR,jordanmatter,family,11046767.0,0.106497094
7K4ormjYSVE,Baby Alice learns what is big and what is small,vladandniki,family,7151827.0,-0.008023945
1gv9-xmWUcQ,KIDS NEVER LISTEN!,thesacconejolys,family,249413.0,0.1266631
3KQoUruAM8Y,CRYING With the Door LOCKED to See How My Friends React,rebeccazamolo,family,9506251.0,0.30467662
0_W5nSEmbKw,Ryan plays with Thomas and friends toy trains at the Playground,ryansworld,family,34585640.0,-0.034838762
xJiTBP7e1mE,HUGE AWESOME PARK WITH SPLASH PAD WATER AREA,familyfunpack,family,1460930.0,-0.16701224
M_FDbnibtXI,SNAKE IN THE POOL! 🐍,dailybumps,family,925509.0,0.071583524
6_8IhPjdal8,I Bought The Most Expensive Face Mask!! ($400 BioVYZR),itsyeboi,family,195097.0,0.07493178
728xq1bYhOo,If Guys Posted Like Girls Online | Brent Rivera,brentrivera,family,1581494.0,0.053595968
5CtmtIqvkZ0,INDEPENDENT LADIES,thesacconejolys,family,14490.0,0.00024713203
BEu1vHzP11I,SOMETHING SPECIAL FOR DAD | THE LEROYS,theleray,family,145005.0,-0.045675244
rGegfkcqQKM,Shop Til You Drop (WK 408.2) | Bratayley,bratayley,family,472782.0,0.01376598
CHXvYIWzEXY,Bonnie Makes a Big Decision on the House,bonniehoellein,family,216983.0,-0.05989646
I-KJOnO0WSU,I YELLED AT HIM FOR THIS #shorts,piperrockelle,family,14118438.0,0.2203669
eA9nMuziipc,Where Are You Famous People? (WK 223.4) | Bratayley,bratayley,family,348560.0,-0.034230873
yELATFKGSXM,We did a DNA Test!,dailybumps,family,79680.0,-0.074221864
cbUCEZpd2BU,Wiggles and Waggles Pet Care Challenge with the Assistant,thesuperherobuddy,family,2071671.0,0.032560647
DvXhGkHiHao,DON'T TOUCH THE LASER #shorts,piperrockelle,family,5205041.0,0.038822882
v5JbmbcltZM,Huge Easter Egg Hunt Surprise Toys for kids outdoor fun with Ryan ToysReview,ryansworld,family,27253400.0,-0.019376261
PtDPvif7H9I,Popstar Princess (WK 190.6) | Bratayley,bratayley,family,2128264.0,0.0059464853
8VjM26gyjAI,PEPPA PIG Candy Surprise Toy Video Parody,thesuperherobuddy,family,1205187.0,0.18326893
uBcrS8VrSZc,TheSacconeJolys - SPOTTY AND SICK!,thesacconejolys,family,22425.0,0.1461503
1d-sq0ZZtxc,A Whole Bunch of Ryans!!!,ryansworld,family,6902607.0,-0.03385213
1M6ZaSD-9lQ,TRUTH OR DARE INSIDE A GIANT BALLOON CHALLENGE!!,rebeccazamolo,family,3088409.0,0.09126803
Nr18PLyI_8g,Almost Made it Home without an Accident,bonniehoellein,family,61201.0,0.038843706
j3lFg6TItQs,AMERICAN NINJA WARRIOR CHALLENGE!! - ALBOE Trip Ep. 2,itsyeboi,family,1612803.0,0.011453826
8JeSJzY3-Ic,When You Have So Many Boys it Takes up the Entire Barber Shop #shorts,familyfunpack,family,299911.0,0.17407863
fO4zSTaHqbk,Japanese Snacks and Candy taste test with Ryan!!!,ryansworld,family,18920182.0,-0.040842704
Czkei-PD_A0,GIANT Piñata Full of Pikmi Pop Season 2 Candy & Surprise Toys!,familyfunpack,family,444240.0,0.06299226
Cya2YaDxqak,FILMING MY FIRST TV COMMERCIAL!,piersonwodzynski,family,544888.0,0.20441821
ZzDeIYZl5Ks,Quick Change Challenge! (WK 145) | Bratayley,bratayley,family,547164.0,0.0038461648
oorNTC04n2o,Pregnancy Bumpdate - I'm about to Have My Baby!,familyfunpack,family,3880593.0,0.18077287
xESsYrYxVDA,One Day Vlog with Vlad and Nikita,vladandniki,family,63877635.0,0.025094327
rVKSQeqseuc,REALITY TV SHOW???,acefamily,family,2323169.0,0.057866484
5GEdN5mJ1zM,Silly Silly Halloween Song 🎃 Halloween Countdown! | CoComelon Nursery Rhymes & Kids Songs,cocomelon,family,6149800.0,0.1274544
K6YV1zZM0cU,I Bought All The TIGER KING Products Online!!,itsyeboi,family,68825.0,0.074499376
AOwwp601QZw,Greenwork 40 Volt Lithium Ion Rechargeable 19 inch Lawnmower,thesuperherobuddy,family,194102.0,-0.079012595
kEdFsDOMfY0,Elena of Avalor Signed Michael's Guitar!!!!,familyfunpack,family,3390146.0,-0.0112231225
_JfNaWryVh0,Candy vs Hiking || Mommy Monday,familyfunpack,family,390006.0,-0.16222554
oP50Ge1AVu4,HOT MODEL MOMS!,thesacconejolys,family,75635.0,0.20438202
b3dZCaNchUg,Crazy Chinese Delicacy's / CHINA TRAVEL VLOG  ⛩,bonniehoellein,family,117242.0,0.068428725
WV5b4a9yoak,WHICH BROTHER KNOWS US BETTER?!?!,acefamily,family,1363660.0,0.013469326
hGBx41q5NNU,Guys VS Girls Getting Ready in the Morning (w/ MyLifeAsEva) | Brent Rivera,brentrivera,family,16112190.0,-0.013728868
mdxYJGhr_Sc,Full of Secrets & Surprises 😉  (WK 354.2) | Bratayley,bratayley,family,918893.0,0.018800437
8aRqG2jRMHo,Happy 20th Birthday Shari,bonniehoellein,family,273338.0,-0.00023538992
It4afUfKHPg,My Sister Caught Her Boyfriend Doing This! (*CRAZY DARES),brentrivera,family,18741179.0,0.3288184
n_OmHHDGjz4,Friends VS Best Friends | Brent Rivera,brentrivera,family,3108530.0,-0.0051347176
9I1Q_VurwF4,Easy CoComelon Crafts! DIY Baby Cody 1-2-3! #shorts #cocomelon,cocomelon,family,462884069.0,-0.023462545
j3ZjFFOxOmw,The Worst Homemade Gift EVER! DIY FAIL,bonniehoellein,family,19340.0,0.076085314
eC_YqBYt5fQ,first ultrasound at 6 weeks (they gave us scary news),kkandbabyj,family,261226.0,0.15268311
WyPKoPNqRzA,Boston Turns 3,bonniehoellein,family,1123118.0,-0.004921414
ACGP-deQBz8,Cute Halloween Nails,bonniehoellein,family,277973.0,0.17131759
sxP9XyK3zbo,Count the Beach Toys! 1🔴2🟡3🔵4🟢 Learn Colors,cocomelon,family,5434353.0,-0.04921303
tKfdxdDPVYo,FROZEN  Princess Jelly Bean Surprises a  Surprise Egg Video,thesuperherobuddy,family,233896.0,0.13895965
7NZ0vbP_Nsg,Train Park Song (Toy Edition) | CoComelon Nursery Rhymes & Kids Songs,cocomelon,family,61838793.0,0.047963023
8MjVm66meug,Princess Twins catch their ELF,bonniehoellein,family,275057.0,0.014207652
wT7dI6iv6HM,Giant Inflatable indoor bounce House with Slides in our living room!!!,ryansworld,family,6783185.0,-0.0334251
kh6SU4POo0E,SUMMER GAME CHALLENGE,thesacconejolys,family,140595.0,0.015002105
uTMTUT2Rhh4,Paw Patrol Plays the Play Doh Hungry Hungry Hippos Game,thesuperherobuddy,family,1355498.0,0.021221194
8H3KZpF_JcQ,Super Fun Visit to the San Juan Capistrano Mission,familyfunpack,family,3719031.0,-0.16827834
2CuVcZ_c5rc,This was a terrible idea 😄,ehbee,family,145787.0,0.14897613
n7_gT_hHdDQ,Vlad and Niki dress up costumes and play - kids toys stories,vladandniki,family,396257472.0,0.073248535
7odB2k8QlsA,Preparing For A New Baby,dailybumps,family,52761.0,-0.046124842
5hPQ3boJ3Sg,Forgetful Elf Ruins Christmas!! {skit},familyfunpack,family,1519093.0,0.119162336
ZpbZhfxmSTI,SHE REALLY ATE AN EDIBLE! (HER FIRST TIME),acefamily,family,3991944.0,0.05199603
pcdMXVu8Wz0,SECRET SANTA SHOPPING FOR OUR CHRISTMAS GIFT SWAP 2021,theweisslife,family,157224.0,0.021753453
Bngc37AzciI,BFF DANCE BREAK 🎶! Best Friends Sharing Song! #cocomelon #shorts,cocomelon,family,23525786.0,0.06455331
71AJ1GHTNiw,SHOPPING FOR THE NEW BABY!,thesacconejolys,family,251149.0,0.115004115
iOoytQWvrsk,Taking the Kids BACK TO SCHOOL! 4 months of being gone.,bonniehoellein,family,86616.0,0.12663431
t0m5sve9l5E,heyyyyyy Thomas Jefferson (YR 1776.10) | Bratayley Makes History (Virginia),bratayley,family,149564.0,-0.05124685
FFnsGNBP4GA,"How I Sold $500,000 Worth of Pokemon Cards",itsyeboi,family,46160.0,0.06478365
lmW3XBs219M,HILARIOUS MUM & DAUGHTERS YOGA CHALLENGE! | Family Fizz,familyfizz,family,248774.0,0.05326455
EpxYe3PAl8E,MOMMY & DAUGHTER BABY BEDTIME ROUTINE!,thesacconejolys,family,178271.0,-0.043620896
il5WOQEe6Sg,PJ Masks Romeo Asks the Assistant to Recover His Inventions,thesuperherobuddy,family,103123.0,0.17047289
mDt79AzsF-Q,Back to SCHOOL shopping DRAMA! | Family Fizz,familyfizz,family,321321.0,0.027040236
uM-CMVMCAWQ,NEVER DO THIS!!!,itsyeboi,family,79746.0,0.12112077
kQumhDPO_l4,He Snuck the Baby Monster On Our Surprise Road Trip!! 💥 (WHY ARE WE LEAVING??),dailybumps,family,2647259.0,0.13864219
ee39lJ5ACdU,Emotional Goodbye to Kesley | The LeRoys,theleray,family,327597.0,0.043322995
hGk3_lBpmZg,If You Could Do Anything Right Now... #shorts,familyfunpack,family,143693.0,0.058836006
U-rqnB3arTk,Paw Patrol Looks for the Color Changer Color Thief,thesuperherobuddy,family,6330227.0,0.09162628
4vXCV-I7PEk,Cute Twins Funniest Conversation Argument Ever!,familyfunpack,family,1224155.0,0.24196151
wbr3Cr5Tg8w,TRAPPED with a NEW PERSON Every Hour,jordanmatter,family,21914003.0,0.019722747
AeiLhEu4w6M,A Very Bratayley Christmas 2016 (WK 312.5) | Bratayley,bratayley,family,1730600.0,-0.010474095
LvFGmJQKt0U,My Sweeet Boys Love to Pick Me Flowers (or weeds),familyfunpack,family,45615.0,-0.04496586
EFir_nLTrGc,BEAN BOOZLED CHALLENGE!,theweisslife,family,830284.0,0.051438022
kcSSgaUfIyk,I CAN'T MOOOOOOOVE (6.7.13 - Day 133),dailybumps,family,77867.0,0.1781204
ONszUQSIRBw,EVERYTHING IS CHANGING!! (1.9.14 - Day 349),dailybumps,family,79405.0,0.1397896
lb-70Yugp48,Ryan meets an Alien Friend In Space Pretend play!,ryansworld,family,1247311.0,0.02535563
Z8aA8W7mDEU,HILARIOUS TODDLER HAIRCUT!,dailybumps,family,5823094.0,0.14678141
zIg3SZTid8A,SURPRISE PACKAGE FROM YOUTUBE!,dailybumps,family,743171.0,0.011214543
7uGMK265Il0,YOU THINK THAT'S FUNNY?! (10.4.13 - Day 252),dailybumps,family,109550.0,0.032099728
Isnq-xM6d5w,I'm Having Pregnancy Symptoms!,theweisslife,family,73078.0,0.18658748
Pvov9hgdfkM,Behind the Scenes: How to Make Cotton Candy Burrito - Creamberry Las Vegas,familyfunpack,family,621593.0,-0.07637237
wLRjGbe-8nY,SLEEPING PAYBACK JOKE! (9.19.13 - Day 237),dailybumps,family,1211300.0,0.17876562
CxtYEaZqZVY,Not Feeling Well... (WK 402.5) | Bratayley,bratayley,family,489606.0,0.015879761
MEzzXujgF4Q,Easy CoComelon Animal 🐶 Crafts! DIY Puppy Bingo 1-2-3! #shorts,cocomelon,family,5016620.0,-0.05569856
qSiTQBXN4_E,Thomas and Friends Surprise Toys Challenge with Claw Arcade Crane Machine,ryansworld,family,38843653.0,-0.063321225
SZEWTpLqILs,"Water Park Fun at Salamander Springs, Tennessee - Family Fun Pack",familyfunpack,family,3416494.0,-0.1940128
pygePE1vBtM,Best Rainbow Cookies Recipe || Family Fun Pack Cooking,familyfunpack,family,1149946.0,-0.12560003
cXQxRjvW-60,Summer Sprinkler Dance | CoComelon Nursery Rhymes & Kids Songs,cocomelon,family,8403277.0,-0.029731182
45QA7572je4,THE ACE FAMILY'S NEW INTRO VIDEO!!!,acefamily,family,4936763.0,-0.02855068
Kw0KBnPvuvg,"THIS GIRL IS SO STRONG, NO ONE CAN BEAT HER!!",brentrivera,family,40728038.0,0.19274086
RTjvyK-QhYw,BREAKING THE RULES!,thesacconejolys,family,99777.0,0.10029831
jTE0bewtNyc,Leaving Our Worries BEHIND - See You In 3 MONTHS,bonniehoellein,family,96457.0,0.01603885
tWLFkBU9AqM,Black Friday Shopping for Christmas on Thanksgiving (WK 308.2) | Bratayley,bratayley,family,920811.0,-0.056729734
vl5nd8Cq5c4,CANDY STORE HAUL!,dailybumps,family,1278858.0,0.09705712
KhxGjzFBDCg,FIGHTING AND LOVING!,thesacconejolys,family,320363.0,-0.037959147
NODTSvzxO4c,Making a BOO BASKET for our TEEN DAUGHTER!🎃 #shorts,theweisslife,family,45720.0,0.049297426
LiqSoe0Tsn0,GROWING UP!,thesacconejolys,family,438499.0,0.020545404
rZMIdMjzLL4,The Lego Batman Movie Surprise Happy Birthday Party! Unboxing Assembling Kids Power Wheels Car,ryansworld,family,4229240.0,0.022757117
cXH8PEDKb00,DONUT EATING CHALLENGE with Eh Bee Family,ehbee,family,305356.0,0.03105587
ZT5gq5TaDm8,Last SUMMER Hoorah,bonniehoellein,family,145684.0,0.022892512
Qwv5V0JBE7I,This song is almost 10 years old! #ThisIsHome,dailybumps,family,87036.0,0.07028279
VP49ulSx0mU,Classic Vine vs Creepy A.I.,ehbee,family,357782.0,0.17459822
n5WfSgxjlYQ,THIS WAS SCARY!!,thesacconejolys,family,381793.0,0.2132239
4BdtklzJHN8,Winning the MOST Tickets at the Carnival!,ryansworld,family,285900.0,0.0062108207
Ti5Urz6SoSA,MOVING COUNTRY!,thesacconejolys,family,499814.0,0.063998
cKZ68IYS3Dc,ASSISTANT  has a Water Balloon Toss with Mickey Mouse and Paw Patrol,thesuperherobuddy,family,1949121.0,0.042748224
oKQeZqegE84,Assistant Helps Wiggles & Waggles Become Superheros with Surprise Animals,thesuperherobuddy,family,833357.0,0.014614841
8ZjBqAaLYws,ROOM MAKEOVER! | HOMESCHOOL ROOM REVEAL AND ROOM TOUR!,theweisslife,family,130583.0,-0.028958222
d7H1tZABbCs,SURPRISING HER WITH 24 GIFTS FOR HER 24TH BIRTHDAY!!,piersonwodzynski,family,4778223.0,-0.0025589392
gmREQp4Dinc,MY BABY'S MEMORY BOX! HAPPY BIRTHDAY LOGAN,theleray,family,474320.0,0.05288172
v4nQiC8LgXc,LITTLE SISTER GOES ON 100 DATES IN 24 HOURS!!,brentrivera,family,56003328.0,-0.0017448105
WL4Nc2jAgrY,Black Friday Shopping | The LeRoys,theleray,family,405590.0,-0.07836994
t54x9v3YFHs,ASSISTANT FINDING DORY  Pixar Surprise Dory House a Paw Patrol and Nemo Funny Surprise,thesuperherobuddy,family,242944.0,0.15080017
Admc3bcHvfg,Painting Orphanage in MEXICO🇲🇽/ Travel Vlog,bonniehoellein,family,223118.0,-0.08614178
EdWzq7FCcDs,FURNITURE SHOPPING!,thesacconejolys,family,18717.0,-0.022369096
icN_LYs82OQ,Mom ALWAYS Says NO,bonniehoellein,family,158904.0,0.013836558
mX1hYFHBgpE,Michael's First Roller Coaster (He's Not A Fan!),familyfunpack,family,4346129.0,0.04636831
PVTmcri1kqU,I DIDN'T STOP MOVING FOR 24 HOURS!,piersonwodzynski,family,1376482.0,-0.01915
Hfl2DxrZ38g,BABY STARTS TALKING!,thesacconejolys,family,118042.0,0.05571676
tKRHV8QCJ-s,Rhett couldn't believe it  | Reese's Clothing haul | Tying viral food Recipe,theleray,family,95972.0,0.087487
wD-17L-yO24,I promise I’ll sing more than one song,ehbee,family,168633.0,0.06655016
f-SSpyYFeOM,BABIES ON SET!,dailybumps,family,583156.0,0.13566798
sr3diehnKk4,Yeti in My Spaghetti Challenge!!,familyfunpack,family,406315.0,0.05866945
1unrVnVCM5c,Unboxing the Octonauts Gup I Vehicle with Paw Patrol Robodog Toys,thesuperherobuddy,family,242554.0,0.071242005
YixPrvNEU98,Recording Ollie's First Original Song! (5 YEARS OLD),dailybumps,family,1857799.0,0.06302034
Nl_LrIFMkXg,CHEESEBURGERS!!  It's National Cheeseburger Day!!,familyfunpack,family,12677528.0,-0.09070729
rdlx8FdBeYI,SPOTIFY SENT ME A PACKAGE📦,piersonwodzynski,family,1079768.0,0.06223217
O30ltOMpoKo,Niki and the Collection of new Stories for kids,vladandniki,family,235685715.0,0.09791704
cb7pnuzTZO8,THE FLOOR IS LAVA CHALLENGE!,ryansworld,family,895265.0,0.0513006
YAYKbEsM39o,Assistant Searches for a way out of the Ice Maze #FamilyFun #Maze,thesuperherobuddy,family,136042305.0,0.03417308
YzHCpPBKAj4,Taking 15 kids Sledding! CHRISTMAS BREAK,bonniehoellein,family,47989.0,0.046791956
6sRwnQElEus,EASTER EGG HUNT!,thesacconejolys,family,469521.0,0.016255103
b3rdvQmXPoY,Assistant Learns about  Emotions playing Floor is Lava with  Inside Out,thesuperherobuddy,family,366158.0,0.1657179
9Id1eRGV1hg,Pretty Please With Sugar On Top.,bonniehoellein,family,1644961.0,-0.06155157
PMioPyL9sF0,Problems In The Snow!!!!,bonniehoellein,family,85676.0,0.02748061
D25gO1RFuI4,PEPPA PIG Playground Slide a  Peppa Pig Toy,thesuperherobuddy,family,125499.0,0.08138076
uHwDnY9EKHc,DIY GALLIUM METAL PAINTBALLS VS. iPhone X EXPERIMENT!! (1000+ MPH),itsyeboi,family,1080672.0,0.034989618
LjxvOoaMLtI,PJ Masks Assistant and Ryan Batboy Play Scare n Seek Halloween Game,thesuperherobuddy,family,58198300.0,0.073738515
8ikDjPrUWKk,He Came A Long Way (Then vs. Now),kkandbabyj,family,223574.0,0.086122856
vXENofrbCMQ,COLLEGE STUDENT TAKES OVER FOR MOM  | THE LEROYS,theleray,family,116190.0,-0.04884363
qRWr-lWg9Tk,he doesn't feel well,kkandbabyj,family,169718.0,0.0805058
I62ULwJ8aOw,BEING MEAN to MY KIDS then SURPRISING THEM with THIS!! | Family Fizz,familyfizz,family,479264.0,0.1544483
FRx3I1gZX1s,He Fell in Love With Me at the Airport ✈️❤️,piperrockelle,family,1911486.0,0.050451793
QV_9gS9ISoE,Spoiling Perri For Her 13th Birthday | The LeRoys,theleray,family,317956.0,0.05330144
WIqHlrqTsxA,Waking up in England! | Family Fizz,familyfizz,family,386193.0,-0.039555617
lulX1SLQ4SI,MUM CAN'T STOP CRYING *MOVING HOUSE!* | Family Fizz,familyfizz,family,294931.0,0.07461621
p-AmOiSalLg,Vlad and Niki are playing with a doll,vladandniki,family,2161854.0,0.069418624
xTUOMspu0Uc,Ryan Pretend Play Cooking Food with Peppa Pig Kitchen Playset!!!,ryansworld,family,1340178.0,0.014248649
ytXes_t9aIk,it's not that serious..,kkandbabyj,family,72776.0,0.16663624
VUXXaAOcoC4,Home School in HAWAII 🍎🌴,bonniehoellein,family,324753.0,-0.19150189
_iQ2hXonRsY,DRAWING ON THE WALLS!,thesacconejolys,family,364777.0,0.022162654
1WK0eFM5JcQ,2-Year-Old Twin Insists on Saying Prayer Over Dinner,familyfunpack,family,417383.0,0.14325942
ezGSIF3eGKA,GABRIELLE GETS BRACES | EPISODE 21 | THE WEISS LIFE,theweisslife,family,107776.0,0.11064735
UyJfkWlhdUA,ASSISTANT CHRISTMAS Surprise with Paw Patrol and  Mickey Mouse Toys,thesuperherobuddy,family,226765.0,0.06594773
VKC0aI_Ilio,BABY'S FIRST STEPS AT A BIRTHDAY PARTY!,theweisslife,family,83662.0,0.049167614
bbJauW5be20,REACTING To ASSUMPTIONS About Us (GIRLS vs BOYS) *FUNNY Q&A* | Piper Rockelle,piperrockelle,family,2316058.0,0.2050454
tW-T886T0vM,my first time alone with all four kids!,kkandbabyj,family,183897.0,0.08167582
8ahkNt7z1EE,Assistant and Wiggles Play Christmas Hide and Seek with PJ Masks and Santa,thesuperherobuddy,family,43985.0,0.13045397
IxGhPuOvEMM,Bonus 10 Minute Photo Challenge Thrills Crowd for National Dance Day (Tate McRae),jordanmatter,family,360057.0,-0.054698892
B9-BZ5h3Uoo,I KNOW WHAT THE PROBLEM IS!!,ehbee,family,4967792.0,0.11169246
Oh0h6-J_2U0,Party Hard!,bonniehoellein,family,328269.0,-0.10887681
ufWKWAT-iWw,MIA'S FIRST KISS... CONFESSING to PARENTS ON CAMERA! | Family Fizz,familyfizz,family,766629.0,0.16449037
00J29jJkx2w,Ryan's First Time Feeding Stingray at the aquarium for kids!!!,ryansworld,family,5058972.0,0.006814366
NO7Tz9WeYjU,The World May Never Know (WK 84.3),bratayley,family,23863204.0,-0.016960999
Lk3oZ2W_300,Backrooms Level 188,ehbee,family,1471891.0,0.0006050989
CqfQS_ixgRo,KID vs ADULT All Star Gymnastics Challenge ft Shawn Johnson,jordanmatter,family,14115405.0,0.09826276
fIaFtGjVFIY,Ball Pit PRANK in the BRATAYLEY Car on the set of Chicken Girls! (Pranking the Leblanc Family),rebeccazamolo,family,2280788.0,0.20314929
nOPhUnCYBRo,Assistant Makes DIY Slime Noodles Eggs and Shrimp #familyfun #DIYNoodles #diyslimes,thesuperherobuddy,family,62688.0,-0.06663786
yD1JZDhiS9w,BABY VS. TURKEY LEG! - Daily Bumps Thanksgiving Special 2016,dailybumps,family,749751.0,0.051606514
1YIC2ZWKzBo,"20,000 Subscribers Party (WK 95.4)",bratayley,family,75436.0,0.031005457
nHknWq7wrWo,PAW PATROL  Ruble Action Pack Pup & Badge Toy Unboxing,thesuperherobuddy,family,113394.0,0.07361032
lA4BkEvCeCU,Cody Turns 14!! Happy Birthday Cody!,bonniehoellein,family,70425.0,-0.046061523
DB8dEna9UxA,I DIDNT MEAN TO!,thesacconejolys,family,44616.0,0.12066324
2GhrcUKFzqc,What REALLY HAPPENED on Mia’s trip... | Family Fizz,familyfizz,family,462260.0,0.043568447
WFIQGphUPKg,TheSacconeJolys - 15 Minutes of YouTube Fame - Day 47,thesacconejolys,family,12368.0,0.052182753
euACo4wcZFs,Assistant and Dogs Find Bowser’s Castle in Real Life Floor Is Lava Challenge,thesuperherobuddy,family,2515.0,0.01776043
yNWVmFYmAQE,VALENTINE’S CANDY SALAD ROLL CALL!💕🍬📣 #shorts #sisters #siblings,theweisslife,family,20104.0,-0.06044624
aBFXGiucf-o,Why I owe my kids Money,bonniehoellein,family,152324.0,0.16501825
V0BQnCo_LV4,"Learn the ABCs: ""W"" is for ""Whale""",cocomelon,family,27603671.0,-0.06861192
PfLkNaVPwwc,Why I'm Still In The Hospital..,kkandbabyj,family,254088.0,0.0830775
5W8zkd9xt4A,Everybody Ready for a Christmas Party? (WK 311) | Bratayley,bratayley,family,1810374.0,-0.03785574
HnPVMZXH8iY,Where does each shape go 🟥🔵?! Easy Learn Shapes! #shorts #cocomelon,cocomelon,family,4402780.0,-0.05190385
Dtd17214iFw,HAIRCUTS AND COLOR MAKEOVER | THE LEROYS,theleray,family,1435234.0,0.0021443013
Sm1feyURVSw,DINO PENALTY SHOOTOUT CHALLENGE!!,itsyeboi,family,251511.0,0.08369173
e7O0DxtJI3k,SMELLY SOCK ATTACK,thesacconejolys,family,21081.0,0.15875003
ZnPbhN98MWQ,"Great Wolf Lodge with Family Fun Pack - Mason, Ohio",familyfunpack,family,382379.0,-0.20196714
pIQe3iix5Xc,This is Embarrassing! (WK 272.2) | Bratayley,bratayley,family,630084.0,0.030305231
0BskzEjWdLs,Dog Does Mannequin Challenge | Worlds Smartest Dog | #Shorts,theleray,family,45206.0,0.042335697
bvfIY88pyKE,if shrek was only 30 seconds,piersonwodzynski,family,738538.0,0.09499869
y1YNtjqClg4,Buying Everything Wish Recommended Me! (TESTING KNOCK OFF TECH AND DESIGNER FROM WISH $1000 Unboxing,itsyeboi,family,3146311.0,-0.011349754
3SSjYC1cUjw,when your nails aren’t done…,piersonwodzynski,family,19656882.0,0.118207
T27OnEhL2T4,Mickey Mouse Clubhouse Doctor Kit Playset Toys Unboxing,thesuperherobuddy,family,14278281.0,0.030411309
ZKh2jbDWorU,Assistant Measures and Explores Paw Patrol Movie Ultimate City Lookout,thesuperherobuddy,family,4796750.0,0.03452839
uSBhZBIZ-sU,10 Minute Photo Challenge Distracts Holiday Shoppers at Macy's,jordanmatter,family,2567326.0,0.13291898
2gPyqrgcYPo,I CAN'T BELIEVE YOU FORGOT!!,ehbee,family,851230.0,-0.03931433
MGBEcdmmcEs,HOW ARE YOU FEELING ABOUT EVERYTHING KESLEY? | DYSON SUPERSONIC,theleray,family,294402.0,0.070717916
3UI17lhQcpA,Dinner Disaster,bonniehoellein,family,158939.0,0.09805921
bMnLf5KFSos,Exploring the Scariest Google Maps Locations!,brentrivera,family,109939553.0,0.041093916
s-wCHN39gqs,LOVE IS BIGGER THAN THE INTERNET! (2.14.14 - Day 385),dailybumps,family,73490.0,0.10833283
wS5B5okTimU,We Finally Made Butter Slime 👍 (WK 320.7) | Bratayley,bratayley,family,2083042.0,-0.025112651
zzFs4kXB_bo,Live at CVX!,familyfunpack,family,372648.0,0.0682674
ahurvTA1TkQ,Vlad pretend play Fireman toys stories for children,vladandniki,family,23050066.0,0.14881982
uiwOgoi3E_w,CoComelon's 13th Birthday,cocomelon,family,1170692072.0,0.057564102
w_1w9k30OmA,SUMMER BEACH PARTY HUMAN PYRAMID CHALLENGE! 🏖 (DBEJCK Summer Vacay!),dailybumps,family,512551.0,-0.07223052
LL6E_TiDItg,HUGE VLOG MISHAP!,dailybumps,family,764431.0,0.2851385
BD9LoGgwIGE,Humpty Dumpty Song | CoComelon Nursery Rhymes & Kids Songs,cocomelon,family,102158384.0,0.11386946
cHLsSmsRtyY,ELLE DOESN'T WANT TO DO YOUTUBE ANYMORE...,acefamily,family,6138837.0,0.14627436
kOOVRN0Xm00,POV you woke up in the daily Bumps house in 2017,dailybumps,family,60398.0,0.13075843
RXAysLQpjJQ,😄CLEAN TEETH ROUTINE!!,tannerites,family,123483.0,-0.09984305
14dgdCOA_kM,Framing Our House from Start to Finish!! Episode 18 / Custom Home Build,bonniehoellein,family,135628.0,-0.012882141
zqYWtDGAZNw,Las Vegas - Tips for Packing & Entertaining the Family,familyfunpack,family,257447.0,0.05371912
QvXzhh-rqFA,Gabrielle's 15th BIRTHDAY Morning Opening Presents!,theweisslife,family,473016.0,0.09067867
87NREnNgqaU,What’s in our Advent calendars? Day 24 🎁 #shorts,theweisslife,family,2287839.0,-0.10996786
QfP6B-3GYyA,It's No Longer Christmas Here 🎄 (WK 369.5) | Bratayley,bratayley,family,438692.0,-0.018340511
fr395MYhSQs,I Built a SECRET Starbucks You'd Never Find!,brentrivera,family,6777356.0,0.16370136
xtJC2h4zBzU,OUR FIRST TIME!,thesacconejolys,family,283416.0,-0.089120366
BuNuycu9XwI,Saying Goodbye 😢 | Life on the Homestead,dailybumps,family,38739.0,-0.10862902
3-_b18hiExI,Viral Video Challenge + Giveaway | Bratayley,bratayley,family,1442144.0,0.036326706
mZOTqgHX4ro,Memphis Belle (WK 155.6) | Bratayley,bratayley,family,97435.0,-0.0483177
aOZeJCNEV6M,Five Little Pandas Jumping on the Bed | CoComelon Nursery Rhymes & Kids Songs,cocomelon,family,192449982.0,0.08133782
9CJENT77Ly8,Surviving Using World's LARGEST Suitcase in the Desert,piersonwodzynski,family,8033165.0,0.027334355
3ep31RFLmJo,IS THIS A GOOD IDEA?!,thesacconejolys,family,298452.0,-0.013130213
n2S8ffRHDfA,DRIVING WITH YOUR HUSBAND BE LIKE 🤣 #shorts,theweisslife,family,51775.0,0.07060835
dYT6wve8P4A,Like a French Kiss! (WK 82.6),bratayley,family,438912.0,-0.041301165
eML-1uxY8iI,EXTREME ELECTRIC SHOCK FIFA 17 CHALLENGE!!,itsyeboi,family,239736.0,0.19003439
mJFP5AkxkWY,WHAT IT'S REALLY LIKE LIVING W/ YOUR BEST FRIEND,piersonwodzynski,family,1378561.0,0.039787296
-BXDcK7KU7U,Twins Heart-breaking Bottle Snatch #shorts,familyfunpack,family,133402933.0,0.25041193
TEVRNpc_r2A,Surprising The Kids | Rhett's Soccer Tournament | The LeRoys,theleray,family,258815.0,0.023584511
SMwECPzEVG4,Ryan and the story about Dinosaurs in our house!!!,ryansworld,family,39149103.0,-0.005484052
kQ0ubnDGG8I,Macro Friendly Easy Go To Breakfast | #shorts,theleray,family,19739.0,-0.0031154566
pc77d3M-Ywc,BACK TO SCHOOL SHOPPING FOR OUR SCHOOL SUPPLIES GIVEAWAY!,theweisslife,family,201808.0,-0.07553816
MVEHlkaF9kI,It's a Self Portrait 📸 (WK 326) | Bratayley,bratayley,family,498464.0,0.02461504
6RgyDimFbd0,CARDBOARD SCHOOL Challenge with Emma & Kate!,ryansworld,family,251419.0,-0.04562871
jRp1eRVmMMg,Wrestling Boys & Thanksgiving Roll Call,familyfunpack,family,219925.0,0.054245364
KgXZB3p4T1M,WE LOST AN ACE FAMILY MEMBER... **THIS WAS HARD TO FILM**,acefamily,family,2811025.0,0.09554888
WRIO7E9eTl8,5 CRAZY COKE SCIENCE EXPERIMENTS!! (MASSIVE EXPLOSION),itsyeboi,family,435764.0,0.012980469
tMJY9qps7Ks,She Hates doing this :(,thesacconejolys,family,229573.0,0.22071132
x8kp6X20DAg,"Coke and Mentos Science experiments for kids with Ryan, Emma, and Kate!!!",ryansworld,family,36331373.0,0.015031103
KSrYXKqrR24,REMODELING OUR NEW HOUSE!,theweisslife,family,28614.0,0.017096218
v8Hk-7jYJg0,WORLD'S LARGEST PIZZA,familyfunpack,family,17937322.0,0.14561453
1xJ2RSwC9gU,THE HOUSE MOVING BEGINS!,thesacconejolys,family,332865.0,0.00045634806
LQd4Aty3ieg,"Happy Birthday Christian! Second Birthday kids party with Vlad & Niki, Diana & Roma",vladandniki,family,70850784.0,-0.015738804
ThUo5yQf5qw,TODDLER CAUGHT ON BABY MONITOR!,dailybumps,family,941338.0,0.20430465
pR9gq9xE7sA,why I haven't been wearing my wedding ring,kkandbabyj,family,182926.0,0.017553855
r_ECn89M8pY,"YOUTUBE DADS ARE THE BEST! (1.18.15, Day 723)",dailybumps,family,1441771.0,0.104709774
t8G45UBP6bs,Ryan Halloween Trick or Treat Pretend Play Costume Dress Up for Candy Haul!,ryansworld,family,10411912.0,0.095493615
lILb-1PbFJA,Medication I Need: September Bloopers,bonniehoellein,family,105166.0,0.04103473
ikLAoIDiARA,TheSacconeJolys - Closet High School Musical Fan - DAY 145,thesacconejolys,family,16536.0,-0.017127523
4nJF0-XCHeg,HUGE Maze & Alligator Hike || Mommy Monday,familyfunpack,family,3605473.0,-0.07641089
DMsSd7AUNFs,"THE REAL LIFE OF THE ACE FAMILY - ""WELCOME TO OUR LIFE""",acefamily,family,12791941.0,-0.051808205
3vL6k9i9mPc,Zac & Chris turn 15!!,familyfunpack,family,782924.0,0.11025415
HzQTNSQKX1A,Caught Them on a DATE?!?!,familyfunpack,family,620059.0,0.14641333
6XELfu-khyI,The Yoga Challenge Pt. 2,rebeccazamolo,family,853567.0,-0.014483478
PJZLWh66llA,Assistant and Batboy Silly Ghost Hunt with PJ Masks and Vampirina Toys,thesuperherobuddy,family,2237715.0,0.013722245
8PgB0sAbkfk,THE DAY WE PACKED AND LEFT!!!,kkandbabyj,family,225695.0,-0.09699747
ULWjXK0XAYc,GUMMY FOOD VS REAL FOOD CHALLENGE taste test! Kid Fun giant candy review Ryan ToysReview,ryansworld,family,39997224.0,0.078505196
m-Xi_lsgPiI,I'm Engaged!!!,rebeccazamolo,family,280255.0,0.12673078
qXYM9UGUVzw,WTF IS HE DOING!!,itsyeboi,family,130206.0,0.08804595
oq20oyawF4M,Annie's Awesome! (WK 91.5),bratayley,family,49969.0,-0.07442859
zhn63mFLGRA,POV: You’re on a family hike and discover this…,familyfizz,family,239722.0,-0.11699089
lz1RoxphNUE,I Love the Fall! (WK 151.5) | Bratayley,bratayley,family,74293.0,-0.06579845
qkrLJ4DMMRk,Jackson's New Bedroom Reveal! (WARNING: EXTREME CUTENESS),kkandbabyj,family,710639.0,0.18053289
I2KrzhPsKoA,Someone Pulled A Christmas Prank!!,dailybumps,family,58747.0,0.27240908
KJkZ6vDedzE,WE DON'T TRUST GABI TO DRIVE! #shorts,ehbee,family,89143.0,0.07162892
cSU6WdmSBBE,HOW TO SLAY w/ Beatrice Mumblesteen,rebeccazamolo,family,170486.0,0.13965635
loZmp3QgDz8,GWYN IS AN OLD LADY!!!,theweisslife,family,10766.0,0.098518096
RzcUEjXAXLs,This puzzle is IMPOSSIBLE!,brentrivera,family,1202335.0,-0.045062277
_u7DgfmaOiU,DIY WATER BOTTLE FLIP SCIENCE EXPERIMENT!!,itsyeboi,family,1145068.0,-0.02691533
dbc3UmxqGg4,BABY WALKS ON WATER!,dailybumps,family,2625856.0,0.06312089
x2FZUwyddnc,ONLY EATING MUM’S PREGNANCY CRAVINGS for a day challenge! | Family Fizz,familyfizz,family,787552.0,0.10774153
XHN77qIJCaA,…,brentrivera,family,17286221.0,0.13829134
hkYTeh-1lhg,Home School and BAD ATTITUDE!!🤔,tannerites,family,1996398.0,-0.07620537
L2TJacp2Irs,Exploring the Sofia the First Sister' Sleep time  with Amber Toys,thesuperherobuddy,family,5465870.0,-0.058766756
vF9dkgeA35g,Vlad and Niki's family buys and renovates a new house,vladandniki,family,4451917.0,-0.038226917
gQEarUmho_s,Mia had a car accident… | Family Fizz,familyfizz,family,499313.0,0.10194125
IMS3zAXZJLE,ORBEEZ FOOD!!  Orbeez Super Fine Crush Magic Chef Set Food Playtime,familyfunpack,family,3438922.0,-0.022945212
fq39ePOQuoY,WEIRD SODA vs REAL FOOD!!,ehbee,family,691061.0,-0.008266896
-hCCGjVt5Yo,I MARRIED AN IDIOT!,thesacconejolys,family,137380.0,0.066133715
0FbvQODgRE4,She Messed with the Wrong Person! (WK 114.6),bratayley,family,31101603.0,0.09498422
iyIpQ-waUZ0,MICKEY MOUSE CLUBHOUSE  Stunt Wheelie Video Toy Review,thesuperherobuddy,family,675815.0,0.06370188
q1wYulNmCMw,Trouble at the Kid Golf Course,familyfunpack,family,4470041.0,0.0934471
bdeni_lC4Vc,"Last To Leave Nursery Wins $10,000",rebeccazamolo,family,13884308.0,0.12905008
C8YkFzaM-Wo,That was SMOOTH,brentrivera,family,42927891.0,0.08924774
46xsMErDoDo,GIANT RAINBOW PANCAKE STACK!,dailybumps,family,3620116.0,-0.100840345
IPu5xGPkNJA,Find Body Parts Games for Kids with 1 hour Fun Board Games to Play!!!!,ryansworld,family,72336947.0,-0.118008375
t5f2WFKP3L8,Chris buys cocktails on the way to school,vladandniki,family,4419662.0,-0.08571587
uBu6nQHYBjY,Baby Kisses Pregnant Mom's Belly!,kkandbabyj,family,466648.0,0.0249643
AAReFhiZzJw,THE BABY BUMP SHRUNK!?!?,acefamily,family,4172797.0,0.2547897
5VC66xTUOtY,PUMPKIN PATCH BULLY! (10.4.14 - Day 617),dailybumps,family,574258.0,0.14370126
MC088WknIAo,Assistant Asks Batboy Ryan and Smalls to get the Smoke Monster Ghost,thesuperherobuddy,family,305417.0,0.08441806
fONDhnbG3XM,McDonalds and Pizza  Delivery Assistant Fast Food Serving Mickey Mouse and Donald Duck,thesuperherobuddy,family,675501.0,0.011163235
49S_ILE1pLU,When There Were Only 4 Family Fun Pack Kids || 18 Days of Alyssa,familyfunpack,family,63551.0,0.04334508
lAJCzIJfYBE,Ryan's World Presents: Sunnyside Up! Ep 4 - ABC School Spelling Bee!,ryansworld,family,166207.0,-0.021934975
ZWykmsAf5p8,Assistant Uses The Magic Mirror To Find Old Lady Crystal and Her Squishies,thesuperherobuddy,family,1478372.0,0.01617074
Bgo-2hbMZQ0,Who Will Win the Super Bowl? #shorts,familyfunpack,family,232654.0,0.0063130795
-NuIAp3iJa4,"I Knew It, I Knew It, I Kept a Secret (WK 281.5) | Bratayley",bratayley,family,641007.0,0.021785192
2LuVwzE5io0,My First Pregnant Scooter Chase for 24 Hours! (Worst Pregnancy Challenge) | Rebecca Zamolo,rebeccazamolo,family,7217938.0,0.18451607
FvRyUrVpn4E,Hahaha😂😂,brentrivera,family,2265849.0,0.046609443
SG2PqOWryAY,CHOCOLATE TEASER (6.13.13 - Day 139),dailybumps,family,39851.0,0.020144653
JqhOPUVE9Os,Ryan jumping through impossible Shape Challenge and more 1 hour kids activities!,ryansworld,family,37950912.0,0.0023080185
X7i0WZ8RgcY,The Grand Prize winner of the Gold Mystery Egg is.....,ryansworld,family,1233250.0,-0.005212724
hJlHTkEcErM,Kesley and Brock Have an Addiction  | The LeRoys,theleray,family,136194.0,0.04476937
JdqCi0MLwSE,I’m literally crying over this 😭,kkandbabyj,family,1199202.0,0.17656773
9jd-_vmcVZY,The Deer from 99 Nights is Scary 😱,ryansworld,family,298916.0,0.066494554
i1ic2KbeOqo,"Fake Friend Sabotages Real Friend, She Lives To Regret It",piperrockelle,family,10715320.0,0.22042146
2GZY8jgttGs,The Chocolate Surprise Egg Maker with Hidden Paw Patrol and PJ Masks Toys,thesuperherobuddy,family,294009.0,0.115243435
JrUdUUDfBxQ,FUN AT GYMNASTICS AND BIRTHDAY SHOPPING!,theweisslife,family,105507.0,0.025656145
uspqMFRboYs,Daddy's Here to Help 🥰 When You're Sick! 🤒💓 #toys,cocomelon,family,26378201.0,0.16969073
xUbu2SBTkyo,Recreating VIRAL Couples TikToks With My BOYFRIEND Challenge **BEST COUPLE WINS**💕 | Piper Rockelle,piperrockelle,family,4483462.0,0.08649684
PnWlnxEy9Y8,Did you get it?,theleray,family,108272.0,0.067321375
lgWc9n8LJ78,She Fell On Her Pretty Face (WK 307.7) | Bratayley,bratayley,family,317962.0,0.08933207
v-uhb3JKSFc,Mukbang Bakery Edition - In the Car,bonniehoellein,family,9953.0,-0.050368555
kKyXeo75ZrM,Matching Game Song! - Learn Colors & Numbers with JJ | CoComelon Nursery Rhymes & Kids Songs,cocomelon,family,4418185.0,-0.05146592
gDGZT12CeyM,FaceTime With Friends! (WK 164.2) | Bratayley,bratayley,family,377695.0,0.030865207
95I0Bo6fsi8,I BOUGHT My DAUGHTERs DREAM VIRAL BEAUTY & FASHION PRODUCTS! | Family Fizz,familyfizz,family,497721.0,0.16926765
UEil5OM2uPE,"OLLIE'S CHARACTER REVEAL from ""ONCE UPON A CHOCOLATE CHIP COOKIE!!"" 🍪📖",dailybumps,family,20083.0,-0.008807754
75ko5kNYTB0,Ryan's family visits The Wizarding World of Harry Potter in USJ,ryansworld,family,1439989.0,-0.13403814
OHxuDZe0bV4,Surviving Using World's LARGEST Backpack,piersonwodzynski,family,3233384.0,0.024145655
V8_zMF4yvtE,O is for OWL 🦉! Learn ABC! #cocomelon #shorts,cocomelon,family,7619664.0,-0.12848485
dNZP6HXHABs,Impressive Skateboarding Down the Ramp! 🛹,ryansworld,family,343945.0,0.015563834
zhOkmL60s34,SONGS IN REAL LIFE (MY LITTLE SISTER'S FIRST BOYFRIEND) | Brent Rivera,brentrivera,family,29563270.0,0.15533024
Qh-YAh83M04,SLEEPY TRANSFER!!,dailybumps,family,224327.0,0.019493632
dzdcQZkllPw,What Does a DOG Say?,bonniehoellein,family,191830.0,0.013467122
taZ3Dtfoflc,His Birthday is always a hard time of year | Remembering my baby!!!,theleray,family,423649.0,-0.014092997
Hy09xX4U-2c,Meet Reese's New Mom | Reese Has A New Family | The LeRoys,theleray,family,107430.0,0.020967215
LHwO2a8tNTg,Math Time Fun with Alyssa,familyfunpack,family,2523695.0,-0.010936344
isWBc4EQG8w,Assistant is a Bus Driver on the Paw Patrol Field Trip Adventure,thesuperherobuddy,family,277709.0,0.017619034
qmUKHNhU1gg,IT'S A DREAM COME TRUE | THE LEROYS,theleray,family,234462.0,-0.11139374
PdvwJNW_w8E,Baby Reunited With His MOMMY / Hawaii Day 6,bonniehoellein,family,731779.0,-0.05663392
iD2-UoCWp6Q,Her poor hand..,kkandbabyj,family,327167.0,0.23108748
kZOwoy4a8Bg,ADOPTING OUR BABY!,dailybumps,family,1983599.0,0.25791278
-Rh0Eos0GeA,Splash Dunk Tank Challenge Family Fun Activities with Ryan ToysReview!!!,ryansworld,family,69347037.0,0.002910532
yc_GOlMWgv0,"Alyssa Sings Baby Troll Solo in ""Fixer Upper"" from Frozen",familyfunpack,family,6834782.0,0.18941127
1DRtZJ-Gnnc,How to Make DIY Lego Maze Christmas Edition!!!!,ryansworld,family,42844655.0,-0.070668586
A0Bff7A5tYM,EVERYTHING I got my TWEEN DAUGHTER for her BIRTHDAY!🥳 #shorts,theweisslife,family,40059.0,0.11343609
dVJjAQKOCzI,We're back,acefamily,family,1020268.0,-0.0018922198
0qk8Ku3YhEk,So Far So Fun! (WK 230.7) | Bratayley,bratayley,family,302817.0,-0.048989996
nfd-VM4yG-k,I Built a Survival Shelter in the middle of nowhere,brentrivera,family,19354304.0,0.034165792
XSCQ8RCce00,"Hanging at Six Flags with JoJo Siwa, Rebecca Zamolo, & Matt Slays (WK 318.5) | Bratayley",bratayley,family,9607913.0,-0.030432772
Y8ICY-4A-gQ,Toddler Excited For New Bedroom Decor!,kkandbabyj,family,293537.0,0.12336819
n74i8Wk-DzU,I REGRET MY NEW TATTOO,piperrockelle,family,1402393.0,0.089766435
F2DT328ck7s,REBELS WITHOUT A CAUSE | SACCONEJOLYS,thesacconejolys,family,11046.0,0.12587039
Jdu5XeLvwiw,HE'S CRAZY! (9.1.13 - Day 219),dailybumps,family,98133.0,0.17962708
EqmgEH8VDTk,10 YEARS OF VLOGGING ON YOUTUBE! (new intro),dailybumps,family,71658.0,0.028551519
glF7pNXlBYo,Learning to Do a Back Flip,bonniehoellein,family,22036.0,0.012274522
90RNRu8a5W8,"STUCK IN THE PIT! - April 18, 2013",dailybumps,family,132439.0,0.12985376
ZH2LP3Hjzaw,The Assistant Shrinks by Baby Jack Jack of the Incredibles,thesuperherobuddy,family,8566233.0,0.17998326
HgQbx0bsJcs,Assistant Has fun with the Green and Pink Slip n Slime #FamilyFun #SlipnSlime #BounceHouse,thesuperherobuddy,family,1284718.0,-0.15187737
HUqEHQ5xOWY,MAKING & GIVING HOMELESS CARE PACKS! | Family Fizz,familyfizz,family,2507605.0,-0.034478202
uH4PpXdBUTA,Ryan Pretend Play with Playhouses for Children!,ryansworld,family,35493701.0,0.011395579
OHVq_XxdLjI,Assistant Creates a Neon Pet with Mr Engineer in Roblox Adopt Me,thesuperherobuddy,family,468599.0,0.09951636
YXw1RV6xFn8,DIY Build A Snowman Science Experiment for kids with Ryan!,ryansworld,family,1400668.0,-0.09634099
nIYAUcquHa0,this part is so hard 😥,kkandbabyj,family,85199.0,0.013736732
LPvzLpzhBgk,Seeing if we dance the same,familyfizz,family,210964.0,0.030840611
WASKtkChF6o,finding out the TRUTH about my best friend!,piersonwodzynski,family,5242801.0,0.23631696
MHMC1dXV5l0,38 WEEKS PREGNANT AND BELLY SHOT!!! WEEK BY WEEK!!! Mucus Plug,kkandbabyj,family,15524.0,0.14707802
5UBORwDkiQE,Children play in an invisibility cloak with their uncle,vladandniki,family,3545712.0,0.10004713
6ZZisXTCLNE,SUCK IT OUT!,thesacconejolys,family,114142.0,0.07800837
LSIewF0kQeQ,SURPRISING 13 YEAR OLD WITH £250! *omg* | Family Fizz,familyfizz,family,529175.0,0.05800888
nRUMh_-Rs_M,CAME HOME to a HUGE SURPRISE MYSTERY BOX! | Family Fizz,familyfizz,family,313801.0,0.03633976
T00Clvbgduk,A Night of Total Chaos! (WK 82.3),bratayley,family,581203.0,-0.029723957
BCxuqNo8oyc,Christmas Train,bonniehoellein,family,5484.0,0.025049193
vBtwCMDcle4,Unboxing the Paw Patrol Kinetic Sand with Rubble and Chase Toys,thesuperherobuddy,family,1057183.0,0.07127545
md4VgeZpHBw,Paper Magic Art Fun and Easy DIY Science Experiments for kids 1hr Video,ryansworld,family,3711043.0,-0.059086364
hGb3Ohxam7I,20 Facts About Me!  20 Things You Didn't Know About Michael from Family Fun Pack,familyfunpack,family,3139100.0,0.13696435
GBghWGBQdRk,Surprising My BEST FRIEND With a DREAM ROOM MAKEOVER **emotional**🧸🎀| Piper Rockelle,piperrockelle,family,7026184.0,0.12269226
gl19ZYhJAcg,TRAVELING WITH KIDS!,thesacconejolys,family,380544.0,0.0060108006
0YcOjwB7UlA,How is my Stove this Gross?,bonniehoellein,family,7119.0,0.08769284
dFjV6WAaoGA,HOW TO PULL OUT A TOOTH WITH A DOOR!,theweisslife,family,3516909.0,0.14613435
o0ZE1gnvcSQ,She Blacked Out Shopping In Target! (not literally),kkandbabyj,family,361539.0,0.14806868
anlXXXRUEYQ,Bratayley Claytayley! (WK 115.6),bratayley,family,422492.0,-0.052892506
oVXqCUpwNpI,Preparing for an Emergency || Mommy Monday,familyfunpack,family,6733314.0,-0.04213178
sCXazq1eiWk,Ryan and the babysitting Story with Mommy and 1 hr Pretend Play for Kids!,ryansworld,family,17957730.0,0.037818503
iiR0oFZn7WU,Girlie pamper night in! | Family Fizz,familyfizz,family,257305.0,0.008725017
Y-Qji-NeR5o,NEW GiRL iN TOWN DANCE TREND WITH MY DAD!🤣 #shorts,theweisslife,family,71336.0,0.06198524
EP_JqdJX3kw,"Assistant Hunts Escaped T-Rex, Triceratops, and Pterodactyl Dinosaurs",thesuperherobuddy,family,334730.0,0.05442686
TacA3HOZubU,Vlad and Niki play Giant Eggs Surprise with Toys,vladandniki,family,262757864.0,0.1490421
7Xgzfhj5NZA,GENIUS MOMMY HACK!,dailybumps,family,414513.0,0.1945983
Iv1ogKxboD0,SUPERHEROES Surprise Eggs Spiderman + Superman + Paw Patrol Surprise Eggs Video,thesuperherobuddy,family,795014.0,0.09352155
GAcjZvAswb0,Assistant Helps Paw Patrol and Spidey friends in the Box Fort Tunnels,thesuperherobuddy,family,102730.0,-0.0075886697
RJjuCaxJ-rw,Leaving My Husband With ALL The Kids For A Day,kkandbabyj,family,139492.0,0.0773097
eFiEDDIrCuE,Mall Makeovers! (WK 130.7),bratayley,family,1951446.0,-0.065353446
4EmU2wl3d10,Gego is too SHORT! 😥,tannerites,family,364005.0,-0.01931149
XX1BbqBovkI,Ryan's Toys Comes to Life in Ryan's Dream Pretend Play fun!!!,ryansworld,family,13142198.0,0.034761526
eI4BIHGkIQk,I Wanna Go Home 😞 (WK 354.4) | Bratayley,bratayley,family,1227527.0,-0.074323535
UynI3dqv7d4,JJ's Happy Birthday Train Song! 🎂 Happy Birthday JJ! | CoComelon Nursery Rhymes & Kids Songs,cocomelon,family,24338283.0,0.045565628
8YIF9IEd9dE,THE WORST DAY :(,thesacconejolys,family,319048.0,0.16717911
-13iLf-uHRc,Tag with Ryan Game Challenge with New Police Car and Characters! Ryan vs Daddy and Mommy!,ryansworld,family,12331357.0,0.12359444
oHYEkGtRgF0,WE HAD TO CANCEL :(,thesacconejolys,family,282126.0,0.09631479
M2XBsveNWRU,Family Fun Pack Bunk Cabin Room Tour at Great Wolf Lodge,familyfunpack,family,4574484.0,-0.19885588
MJTIgwZ5FqA,Winstons 1st HAIRCUT,bonniehoellein,family,66406.0,-0.0037681013
vjNfdvuAs9Q,TRY NOT TO LAUGH CHALLENGE!,kkandbabyj,family,220153.0,0.083593674
YhO_gKCVcUE,Our 6 kids names and ages ROLL CALL! #shorts,theweisslife,family,250342.0,-0.06807655
BSZz0G2sl8o,A VALENTINE’S DAY SURPRISE FOR MY TEEN DAUGHTER!♥️ #shorts,theweisslife,family,131213.0,0.027444419
bTAkP09Qfk0,Napping Update Vlog,bonniehoellein,family,235669.0,0.059383437
0eQTCZbhtYU,Why You should Wash your Hands for kids!! | Educational video with Ryan's World,ryansworld,family,14879153.0,0.080135435
kMkpNToFphk,Living as WEDNESDAY ADDAMS for 24 HOURS CHALLENGE *WINS*! | Family Fizz,familyfizz,family,150672.0,-0.053799238
bPNhcclaeTU,Caught RED Handed Lincoln is a Thief,bonniehoellein,family,181579.0,0.09807391
3ylfDBK3wJk,EMPTY HOUSE TOUR | THE LEROYS,theleray,family,460624.0,0.059731144
nSuakoQleVo,Surprise Eggs Growing Reptile Experiment,familyfunpack,family,1454839.0,0.04704629
BG7oqAQsv-k,"Sorry, Excuse Me | CoComelon Nursery Rhymes & Kids Songs",cocomelon,family,882585748.0,0.23750943
QgfKwOpsXPw,Hayley Cam (WK 123.7),bratayley,family,74601.0,-0.034738917
FcuHn_yRAYk,"""I TOLD YOU I WASN'T FEELING WELL""...",acefamily,family,648151.0,0.15363456
GFI6ABKgyCI,BUYING A GIFT FOR A CUTE BOY  | THE LEROYS,theleray,family,289658.0,-0.04723224
dOG_6hLd4Ms,She Got TWO Tattoos!,kkandbabyj,family,395247.0,0.15549581
Z5DJpeXr2ks,Elf on the Shelf Returns with Mini Mystery Gifts!,dailybumps,family,217212.0,-0.038855944
rc4yJdnXoMA,Exploring A Secret Room In Our Attic! (WHAT'S INSIDE??),dailybumps,family,4326768.0,0.0944172
qH1_8z3smhM,BrOther Can't WaKe Up! SleeP WalKing BrOtheR And GumBall MaChinE!,tannerites,family,7998635.0,-0.011209443
02qpjZTcV8g,New Windows!,bonniehoellein,family,9090.0,0.028666047
jrHSTw2jLSk,Family Alaska Cruise with 4 KIDS on Princess Cruises,bonniehoellein,family,103872.0,-0.0019203518
9FCSuQMweVo,29 Weeks Pregnant and Belly Shot!!! Week by Week!,kkandbabyj,family,14373.0,0.122664
_yrhDND-DJE,You're Gonna Hear Me Roar - Eh Bee Official,ehbee,family,1205926.0,0.07421967
SEfTaKCIovY,Paw Patrol and Assistant works for Big Truck Builders Construction,thesuperherobuddy,family,5326208.0,-0.08102433
PjqnwvzBBbA,SHE GOT A TATTOO FOR HIS BIRTHDAY!,kkandbabyj,family,447084.0,0.088425905
nbiuefr_EgI,BABY'S 2 WEEK DOCTOR CHECK UP | FAMILY VLOG,theweisslife,family,117761.0,0.15098742
E0rvg5a6qAY,WE HAD A DEAL!,thesacconejolys,family,395135.0,0.010227837
BWjEEfNHR50,Sister Does Brother's MAKEUP!!! | Mini PENNYWISE!!! 😂,tannerites,family,643078.0,-0.04588466
3eh1Su-L4rE,ANNOYING THINGS PARENTS DO!,ehbee,family,335868.0,0.18001664
fYKvXt2gHrU,DRAMATIC WATER RESCUE CAUGHT ON TAPE!!,ehbee,family,2828054.0,0.119537696
5slzpQHO1hU,SURPRISING HER WITH A HORSE!,dailybumps,family,108174.0,0.1061243
eZ9hJbg43pY,Skip to My Lou | CoComelon Nursery Rhymes & Kids Songs,cocomelon,family,16850290.0,0.115834415
f9quZiMyEyk,Not In Front Of The Kids,bonniehoellein,family,233601.0,0.23557419
FbzRlFoYe1g,Boo Boo Song + More Nursery Rhymes & Kids Songs - CoComelon,cocomelon,family,386571450.0,0.1404796
8sDcvbBI5Is,Crazy Dog in a Crazy Cart (WK 265) | Bratayley,bratayley,family,2198865.0,0.030914892
912-R9SppzU,My Daughter's Secret Sleepover in a Mall,jordanmatter,family,23065811.0,0.119405925
NU7onaPdi-Y,NEW CAR SURPRISE!,thesacconejolys,family,286170.0,0.07923245
Lq634LLy1Pc,FROZEN Flip n' Switch Castle  Princess Anna Playset Toys Video Unboxing,thesuperherobuddy,family,2037426.0,0.15074687
OGOaPTJglGE,CHANGE OF PLANS!,dailybumps,family,622975.0,0.047852945
R5kh8tMq3jw,Traffic Safety Song | CoComelon Nursery Rhymes & Kids Songs,cocomelon,family,64094153.0,0.08219046
FSXw-Ed6pUA,THIS WILL SOLVE MY BIGGEST PROBLEM,caseyneistat,adult,1115280.0,0.067927
sEj5uHjP_NI,"I Caught You, Alex Hormozi!",gregdoucette,adult,360702.0,-0.05358448
_yxs4IS9HXU,Gaming on the CLEAR TV Prototype!,linustechtips,adult,3685658.0,0.05944267
P4DKCWdTyPk,Realistic Kissing Simulator,pewdiepie,adult,15988785.0,0.13868876
bLappnMOI3U,12 Ways to SNEAK Into a Candy Store!,unspeakable,adult,4343158.0,0.15765491
2UsBZ9Hmtk0,My NEW WIFE ((not clickbait)) -- Together VR,pewdiepie,adult,5572204.0,0.21004084
eFLTXiT5Rso,USB-C ALL the Things!,mkbhd,adult,2348590.0,-0.040545836
xQ2KdcQCf3M,Strangers On Omegle Pick My Makeup!,jamescharles,adult,10904706.0,0.20792155
NoAy5Fd3cX8,GUNS GUNS GUNS GUNS GUNS GUNS | Enter The Gungeon,jacksepticeye,adult,1428670.0,0.008223943
su7G8pu9Des,A GUN? F*CK THAT! GIMME TOILET LID!!! Condemned 2: Blood Shot - Lets Play - Part 3,pewdiepie,adult,670106.0,0.1911624
jcynlSSd1lc,"Huge Platter of Sri Lankan Food - ONCE IN A LIFETIME Family Meal in Colombo, Sri Lanka!",markwiens,adult,883174.0,-0.031530168
Iuv6hY6zsd0,The Original Double Slit Experiment,veritasium,adult,9908844.0,-0.009062108
w2RnDrzg4uU,"Why Google Doesn't Want You to Say You ""Googled Something""",halfasinteresting,adult,2305927.0,0.1323224
JMh44cq60UE,7 Surprising Habits to Be a Millionaire by 30,aliabdaal,adult,547588.0,-0.023835955
RH7wMFrWYoA,ITS ALL OVER!,pewdiepie,adult,8206420.0,-0.0877204
OsJYaLJ3JgI,HE DIDN'T STAND A CHANCE... | Resident Evil 7 - Part 2,markiplier,adult,11510040.0,0.22648017
CYr9U12GrZE,DJI RS2 | RSC2 - Cinematic BEASTS! First Look & Incredible Test Footage!,peterMcKinnon,adult,918299.0,0.06838147
z0K6r1hoD7I,YouTube Just Gave Me a Strike...,markiplier,adult,10812135.0,0.10802035
-298FTOLP6M,I HAVE TO PEE! - The Crooked Man (10),pewdiepie,adult,2003566.0,0.17583036
b6ogMySncbY,Makeup Tutorial; My first official Look for YT.,nikkietutorials,adult,4596973.0,-0.058902387
BxZgt-9VQa0,October Hits and Oh God NO's!,nikkietutorials,adult,94251.0,0.08273184
7HNmbnp-HSU,Singers' Most Popular vs Most Critically Acclaimed Songs #1,roomieofficial,adult,1719310.0,0.10774609
jAPPP7SE824,Level Up as If You Were in a Video Game 🎮,aliabdaal,adult,26984.0,0.004106948
N_VbrKuEzh4,Eating with the TALIBAN!!,sonnysidevlog,adult,434258.0,0.04296956
xHBKOprs2Pg,The Better Way To Use Creatine For Muscle Growth (4 Steps),gregdoucette,adult,324090.0,-0.04358149
SqB0lUcqFbA,Hating Apple is Getting REALLY Hard - WWDC 2023,linustechtips,adult,3091186.0,0.04947402
TOhduYdRZ0E,Sony Xperia Z2 Tablet vs iPad Air Gaming Test!,mrwhosetheboss,adult,12200.0,-0.015448952
4EYbdnlWDDQ,"Fernanda Ramirez || Tips For Becoming ""That Girl""",gregdoucette,adult,72403.0,0.017309403
VcGoSSgJ9k4,Samsung Galaxy Tab 10.1 Android Honeycomb Tablet PC Unboxing & First Look Linus Tech Tips,linustechtips,adult,94715.0,-0.028043013
JGwcTn7xcUU,The Machine | Part 6 | ZE END,markiplier,adult,42688.0,0.05218731
ewGNAP20paE,MEME MEME MEME | REPLAYING :the game:,markiplier,adult,8802290.0,0.12003092
TENknDLOO3Q,WOOLY MONKEYS & GIANT BOAS | Amazon Luxury Cruise Day 2,kara_and_nate,adult,199872.0,-0.0709622
v2KWB-6F_RM,THIS WOMAN HURT HIM!! (PAINFUL SURPRISE),daviddobrik,adult,18547363.0,0.25388774
tDQAaV8jPX8,SAVAGE RAFT WAKE UP PRANK IN THE MIDDLE OF A  LAKE **SORRY CHAD**,jakepaul,adult,4047024.0,0.11871354
Mij7pTfuex4,you win...,markiplier,adult,5026846.0,0.193841
HX00QmeA7PY,Baby Washing Machine,colinfurze,adult,1392495.0,-0.0018280093
_vqAdgn8EJ4,Sauced To The Gills...For THAT?,gregdoucette,adult,273818.0,-0.1093391
Ctt0z9Db7-s,Filipino Street Food in Bacolod!! CHICKEN INASAL + Ultimate BBQ Tour in Philippines!,markwiens,adult,4376362.0,-0.13762549
NE40-xC107E,Exploring an Abandoned Soviet Town in the Arctic (Barentsburg),drewbinsky,adult,2342599.0,-0.051989045
yGYh_6WdAjA,How I ONLY Work 4 Hours a Day - How to Stay Focused,aliabdaal,adult,687760.0,-0.06973383
tPKXgrvdnaQ,Where Does YouTube Send NEW VIEWERS??,markiplier,adult,6373375.0,0.19663188
D6mgVOF2Ov8,GERMAN TRAVEL INSANITY,caseyneistat,adult,6034508.0,0.10096343
tOgPYdKLXp8,The Terrible Design of the US Mail Truck,halfasinteresting,adult,432642.0,0.13458186
nny55G-JRvk,Guessing Singers From Their VOICE ONLY #5,roomieofficial,adult,321802.0,0.039718393
15Mcob5_tyU,They figured out atoms existed thousands of years ago but we are still depressed lmao🙌 BOOK REVIEW 🙌,pewdiepie,adult,2330436.0,0.0061239665
RFvpRLGPGhM,I'm on my own again.,mattdavella,adult,1277426.0,-0.042589128
kuG4yBLUuOU,More Shredded Than LAST TIME || Bodyfat % of Subscribers,gregdoucette,adult,313610.0,0.058373764
tnfLH8gC0Ik,Ultra Realistic Minecraft House Build Battle!,prestonplayz,adult,15851151.0,-0.05584234
D_Thv1Bu1nY,Infamous First Light - Part 4 | UNLEASH THE BEAST,jacksepticeye,adult,572415.0,0.13768572
ZMKGcdNopmc,What's That Voice? Natty or Not,gregdoucette,adult,66752.0,0.0071743727
a5xPPdafcoA,getting called out,peterMcKinnon,adult,621225.0,0.11989653
UFytB3bb1P8,You SHOULD buy Used GPUs - Testing Used Mining Cards,linustechtips,adult,2227416.0,-0.100429624
9mPsts1S07g,RELIVING THE NIGHTMARE | Cuphead (Livestream),jacksepticeye,adult,2077970.0,0.07395794
NW-ODkymoic,What Can $1 Buy Around the World?!,drewbinsky,adult,160896.0,0.01616885
K67oXh4b9vc,THREE'S COMPANY | Youtubers Life #8,jacksepticeye,adult,1554725.0,0.14910951
GdFIjsMfSc8,Are We Out of Touch? - $1000 Gaming PC Challenge,linustechtips,adult,3358874.0,0.041006606
925tzlM6sZM,MY FRIENDS LAUGH AT MY SUFFERING... | Scrap Mechanic: Survival,markiplier,adult,3549941.0,0.04696753
vbegVEgIkNg,The Decades-Long Battle Over Low-Flow Toilets,halfasinteresting,adult,358168.0,0.091088004
1ygxLrik6bU,NORTH KOREA'S METRO IS INSANE,drewbinsky,adult,1702655.0,0.09005229
MbtesOrC5t4,"Getting Rid Of $1,000,000 of Makeup w. Shane Dawson",jeffreestar,adult,27274877.0,0.19525665
O2iorLuSjOg,iPad OS Impressions: They Listened!,mkbhd,adult,5322741.0,-0.013070218
_hl_-oDNIZk,How Many Flips!? #shorts,unspeakable,adult,9865802.0,0.1424903
RM_eXHx_65w,SCARE ME for CHARITY,markiplier,adult,9569505.0,0.062965676
EHz31kpIplk,"Markiplier Highlights #9: CLASSICS, SCREAMING, AND BUTT-BEATS",markiplier,adult,2574002.0,0.18054205
NqzSq2Nhn1Q,I Got A Deep Teeth Cleaning for $18 USD,drewbinsky,adult,148901.0,0.08350039
dQUrP3eMQ7c,A supercomputer that can fit in your hand!,linustechtips,adult,575700.0,-0.029527415
aqb4TDgtApk,Most STREAMED Albums of ALL TIME,roomieofficial,adult,338331.0,0.031679712
wvU9wHfv-Gs,How Can His Voice SOUND LIKE THIS?,roomieofficial,adult,1297055.0,0.17146759
h7n-wXauzPU,The UNTHINKABLE happened in Minecraft - Part 28,pewdiepie,adult,23538339.0,0.12416241
2zQiXu5p30I,24 Hours Overnight In My Waterpark!,unspeakable,adult,7157923.0,0.14395677
fYqiUmTUoxM,I PUT MY EX GIRLFRIENDS HOUSE UP FOR SALE (PRANK),jakepaul,adult,7259205.0,0.25455248
x8xHlz1ZjPI,30 Hours to Run 100 Miles (Leadville 100),kara_and_nate,adult,2378975.0,-0.04851311
ra_Q2ZMTaQc,WELCOME TO MARTA'S HOUSE... | Outlast 2 - Part 4,markiplier,adult,3580163.0,0.089549854
BN9lxA-MBpc,"""naan"" eventful day",kara_and_nate,adult,237328.0,-0.056114025
xh-JFYgTaVQ,SANIC GAMES.,pewdiepie,adult,6065726.0,-0.011396177
OKK5Aov06lM,3 Types of Pork Adobo (Manila Day 2),markwiens,adult,620681.0,-0.20990393
65205PGnNIg,Death Of A Bachelor - Panic! At The Disco (Cover) - Roomie & Rolluphills,roomieofficial,adult,1906362.0,0.052112952
12l326jQML8,I predicted the future! - GRAID Graphics Accelerated Storage,linustechtips,adult,2238802.0,0.0129949935
-Mgnwn4twZE,We made the perfect couples PC!,linustechtips,adult,2109490.0,-0.05881819
HMLEeBsmR_I,Was It All Worth It Mike Israetel?,gregdoucette,adult,160483.0,-0.0656603
vjosbjdi4GI,Eddy's Sibelius Drop at 2 Mil??!!,twosetviolin,adult,390258.0,0.012213275
RJb-rYPc6eg,Minions Movie Focus Testing,markiplier,adult,1439530.0,0.13107023
e7BA-0C20V4,5 Books I'm Currently Reading,aliabdaal,adult,46694.0,-0.13724376
tKWC7a1umeY,Kid Crying in Public Because Mum Said His Playing is Terrible!?,twosetviolin,adult,328424.0,0.19277757
YqBzAeZDrxk,$1M at 26 My 3 financial freedom tips,aliabdaal,adult,38087.0,-0.09537959
atF8IrIlAU0,"The WAN Show - LTT ""Reacts"" to.. Illegal Cosplay! - Jan 29, 2016",linustechtips,adult,268196.0,0.2653078
vvwkCFVc-D0,Grilled Chicken Blood (Betamax) - Philippines [Best Ever Food Review Show],sonnysidevlog,adult,808100.0,0.014862385
ROGKmWFfvjc,PLAYING ANGRY BIRDS IN REAL LIFE CHALLENGE!,unspeakable,adult,2204467.0,0.15505564
ZSch_NgZpQs,Trees Are So Weird,kurzgesagt,adult,6142951.0,-0.059691027
5tozZt7PqDw,MY HOUSE IS HAUNTED! - Paranormal - Part 5 - Beta 8,pewdiepie,adult,1782419.0,0.07611115
3aaq5918XI8,Pro Photographer VS 13yr Old Kid - Edit Challenge,peterMcKinnon,adult,277924.0,0.08761475
yWBzsBaU-Os,It CAN be done - The Potato PC,linustechtips,adult,1897668.0,0.015047252
_qAtL-E-LrU,Minecraft But There's RAINBOW FRIENDS Hearts,prestonplayz,adult,7407917.0,-0.030888464
Mr-XGeeRFhI,WORST Day in Egypt!! Camel Cooking Disaster!!,besteverfoods,adult,4877662.0,0.011612697
_YmxicsHHj0,HOW I PACK FOR FASHION WEEK *CHAOS*,emmachamberlain,adult,5678156.0,0.04683865
sLXDstKJg0I,SAMURAI CHEF | Counter Fight  (HTC Vive Virtual Reality),jacksepticeye,adult,1552451.0,0.075521514
2bSWqkJvb8A,I'm in trouble,peterMcKinnon,adult,244470.0,0.16413611
P4muAq7J8K0,FIRST 48 HOURS OF FULL-TIME VAN LIFE,kara_and_nate,adult,1319272.0,-0.0095656775
DQcx8A5treY,Func HS-260 Gaming Headset,linustechtips,adult,91759.0,-0.036534533
mzUCOdoskSg,Japan's $30 Crab vs $400 Crab!! (Rare Seafood Species),sonnysidevlog,adult,3077334.0,-0.11285302
hHOCso0nbu4,Eric Janicki Is Done.,gregdoucette,adult,403167.0,-0.13848585
9ODYbpotwis,Which business would Alex Hormozi start today? #shorts,aliabdaal,adult,40901.0,0.035725527
vJ-m7-jx46c,I Built a TINY House Under Noob1234's Minecraft House!,prestonplayz,adult,8236684.0,-0.031165553
mtwXrdaof9o,Liver King || Ab Implant Natural Physique || The King Of Lies,gregdoucette,adult,318313.0,-0.08204863
lV70CxFlx7w,Samsung Galaxy Note 7 Review!,mkbhd,adult,2600882.0,0.05751992
f8iXkoUJ78k,Is Bigger WORSE? - Alienware 15 Gaming Review,linustechtips,adult,1082799.0,-0.03471929
fKR8lNmOfNw,JACK ILLUMINATI CONFIRMED | Happy Wheels - Part 68,jacksepticeye,adult,7773141.0,0.124133505
kebonpz4bD0,The Top 5 BEST Investing Apps,grahamstephan,adult,1301907.0,-0.032772116
3fglc544SgU,Eating in Africa’s Biggest Floating Slum!! Seafood Factories!!,sonnysidevlog,adult,23590828.0,-0.040031023
roshauczocU,Iran Nomad Feast!!! Feeding 3000 People in EPIC Nomad Tradition!!,sonnysidevlog,adult,3084705.0,-0.11407842
cUUuRK3Rm4k,First Stream In Forever! / Haunted House Reaction / Alone in The Dark / Chatting /,pewdiepie,adult,842918.0,0.16407394
ju2QO2pHVTw,Testing Steroids On Twins,gregdoucette,adult,173403.0,0.056569953
y1qBqC-Txpk,Please Stop WASTING Money on CRAPPY Dashcams,linustechtips,adult,1583252.0,0.18428054
w2A8q3XIhu0,Hold music used to sound better. Here's why.,tomscott,adult,2921800.0,-0.010581993
Cf16mp6Nbh8,GOPRO DRONE!!! Karma flying in NYC,caseyneistat,adult,9521136.0,0.032580215
vF4p5Y8SX7k,Thai Roasted JUMBO Shrimp (กุ้งเผา),markwiens,adult,297407.0,-0.19974425
lEmDz0g13cg,"Peace, Death!",markiplier,adult,1907765.0,0.20253532
r25IWquxe9s,THE BUCKET SHOT,peterMcKinnon,adult,3849646.0,-0.01260132
-6CHXk2785Y,NZXT Phantom Premium Gaming Case Unboxing & First Look Linus Tech Tips,linustechtips,adult,156328.0,0.07382635
uYTL-iM5XFo,Is Switzerland a real place?,pewdiepie,adult,3226673.0,0.08516522
sZeftw22q_s,DRUGS HEAL ALL APPARENTLY | Hard Time - Part 2,jacksepticeye,adult,3181645.0,0.10924816
qfCH0_nt3Ac,This is CONTRAST - Reviewing YOUR Photo Assignments!!,peterMcKinnon,adult,352542.0,-0.0490434
YJiqYG-Mylk,FaZe Members Reaction's To Joining Faze,mrbeast,adult,640291.0,0.11082297
xX0ozxrZlEQ,How Rwanda is Becoming the Singapore of Africa,wendover,adult,6858341.0,0.08648316
hI0lNptix4w,15 Smartphone Gadgets you didn't see Coming.,mrwhosetheboss,adult,4775398.0,0.03343119
qcvvZElS088,One of The Best Productivity Books Ever ⏳,aliabdaal,adult,147855.0,-0.12338227
kw-BKQ2IX3g,Topre Type Heaven - Computex 2013,linustechtips,adult,33604.0,-0.06688598
fcGwkPg3Odo,SONOS Wireless HiFi Speaker System Part 1,linustechtips,adult,369649.0,-0.041625798
XOtTUu3KEds,"Apple Admits DEFEAT - WAN Show Mar 29, 2019",linustechtips,adult,375088.0,0.12204443
uLNrstf-oR4,Get Ready With Us ft. Antonio Garza,jamescharles,adult,10437139.0,-0.00875327
vI29_kEY_Pg,OCZ Vertex Turbo Indilinx SSD Solid State Drive Unboxing & First Look Linus Tech Tips,linustechtips,adult,10110.0,0.0066657327
ywiSy49yhyU,How I Learnt To Play Piano and Sing,aliabdaal,adult,176752.0,-0.035547145
gYJfA_O1I64,HD Tutorial: Diskeeper Pro Premier,mkbhd,adult,10477.0,0.09869065
Rhq5dG06cd8,THE GOOGLE ROULETTE | Googling Myself Challenge,jacksepticeye,adult,1933880.0,0.03145156
HeovYNoZDRg,A Better Way To Do Lateral Raises,jeffnippard,adult,16931892.0,-0.027851187
MqudmZQVWyo,HD Tutorial: Installing Firefox Themes,mkbhd,adult,3975.0,-0.044464815
VTYJ0NJfUMQ,My ultimate productivity secret 🤐,aliabdaal,adult,39462.0,0.008116528
f328RScu238,50000 Subscriber Special,markiplier,adult,324995.0,0.22732951
16IZ4LI7LzU,THAT'S NOT HOW LEGS WORK!,jacksepticeye,adult,1902087.0,0.016177949
end9tCucV_Y,"How to Craft a $100,000 SLIME SWORD! Minecraft 1.14 Crafting Recipe",prestonplayz,adult,5808036.0,-0.06359239
dFhSHlNvZlQ,Opening Up About Our Mental Health,twosetviolin,adult,964247.0,0.1923129
2SgDKM5bJIU,Candles,markiplier,adult,496658.0,0.09775683
RoWbPi1EEDI,Meeting this Syrian toymaker was nothing like I expected it to be || We Were Here,simoneGiertz,adult,566501.0,-0.0045797173
95RcgViUhdI,IT'S THE GOAT-POCALYPSE | GoatZ #1,jacksepticeye,adult,6274472.0,0.09706417
B2qcJ8zSCSk,IMPOSSIBLE FOOTBALL THROW WITH TOM BRADY 🏈,dude_perfect,adult,9845410.0,0.1002997
5S2dOnpZ5fA,The Stanley Parable - Part 3 | BEST ENDINGS SO FAR! | THE ADVENTURE LINE,jacksepticeye,adult,1461997.0,0.051476303
sEcTUJpQBlg,Dead Space 3: Awakened DLC | PART 1 | THE DEVIL'S HORNS,markiplier,adult,816284.0,0.08124156
-tKmStQj1K8,Intel Booth Pt2 Featuring Maingear Pulse 14 - PAX Prime 2013,linustechtips,adult,21188.0,-0.08661648
Miq9i38PfhY,We Try Learning Pipa in 1 Hour,twosetviolin,adult,863452.0,-0.17287609
2NRHRWwrm0M,GTX 580: Updated Methodology For Removing the Cooler & Replacing Thermal Compound Linus Tech Tips,linustechtips,adult,72064.0,0.05033745
5bHWrE6zL2E,Noctua NH-L12 Tiny CPU Cooler,linustechtips,adult,549665.0,-0.02524458
fftGsCpJBKw,here's what happened with our dog,caseyneistat,adult,2122295.0,0.16665915
YznFvx5DFUw,I Make Questionable Choices Sometimes... - Linus Personal Rig Update Early 2023,linustechtips,adult,2464357.0,-0.00024989992
2MdQWo9fHZs,OnePlus 15 Review: This is Not Normal!,mkbhd,adult,5816726.0,0.08602699
dYrazcryMf0,SURPRISE!! | Amnesia: The Four Horsemen #4 (ENDING),markiplier,adult,645506.0,0.11566585
BoeM9Jsle84,OFFLINE: Streaming for: CharityWater,pewdiepie,adult,1063868.0,0.0787847
zx325Emp5kM,How Much $$ You Need To Buy A $1M House!,grahamstephan,adult,1001704.0,-0.027902653
1iO8afbn9qU,She's Trolling Us! - Fahrenheit / Indigo Prophecy - Part 11,pewdiepie,adult,1159041.0,0.23204222
SX3wEmJqVMg,11 FASTEST Ways to Mine Diamonds in Minecraft!,prestonplayz,adult,5990765.0,-0.07230465
SJUOE8oaNZM,I Cheated with OP BOSSES in Roulette Mob Battle!,prestonplayz,adult,22394705.0,0.08118351
Mih422gyUiU,Samsung Galaxy Note 4 - CTIA 2014,linustechtips,adult,156261.0,0.05894284
eJjaTERetlM,Casey Neistat Daily Vlog Announcement (sort of),caseyneistat,adult,395824.0,0.23176776
1txwLBwrtT0,EMPTY HOUSE TOUR 2018!,jamescharles,adult,6333030.0,-0.010497177
rT-0B9Jcvus,MY SWEET BABY EYES! | Reddit 50/50,jacksepticeye,adult,3007215.0,0.26567703
MBOh3BSQ7Zs,Youtubers Vs. Comments,jacksepticeye,adult,430059.0,0.22809936
u3FB2SuKFfI,Five Firsts for Mars InSight,veritasium,adult,672056.0,-0.09989962
b3FQxPq8-1Q,WE FOUND LOGAN PAUL'S TWIN **WTF**,jakepaul,adult,2993074.0,0.10511137
_2jkon0w2zE,Testing Scary Ocean Myths That Are Unsolved…,prestonplayz,adult,1158967.0,0.041764576
4cNDI__FRL4,Metro Last Light - STORM'S COMING - Part 7 PC Max Settings 1080p Walkthrough - GTX 670 i5 3570k,jacksepticeye,adult,21675.0,0.064711876
BRv6QDcIJCc,YOU WON'T BELIEVE WHAT TATTOO I GOT,jakepaul,adult,4158568.0,0.15885451
sVWABwhPHlU,Finding The Funniest Video On The Internet,roomieofficial,adult,1122479.0,0.24260299
kYf005k1XIM,Vine video | TIME TO CUT THE HAIR,jacksepticeye,adult,5434275.0,0.1630122
oD_3wMh5kLg,Top 5 Smartphone Cameras: The Blind Test! [2018],mkbhd,adult,2171452.0,0.106397614
bJJXxIqoeEE,BUTTERFLIES IN MY SOUL | To The Moon - Part 3,markiplier,adult,806885.0,-0.025571717
IksEAbc1i9g,Happy Wheels Highlights #89,markiplier,adult,5448304.0,0.049493425
LX2jHExL358,CRASH CRUSHES | Crash Bandicoot 2 (N. Sane Trilogy) - Part 2,jacksepticeye,adult,820399.0,0.03886047
7Pep2_4nhgE,Brutal Leg Day with The Mountain Dog... (Painful),jeffnippard,adult,960154.0,-0.10023801
ZMNaJfzUqS8,SNAAAAAAAAAAIL!!! | Half Dead 3,markiplier,adult,8487209.0,0.11438644
wdYwViWn3U0,How to edit BASIC photos into BANGERS!,peterMcKinnon,adult,533225.0,0.029885175
KQLQF0pylHY,BREAKING: Trump JUST Signed The LARGEST Tax Cut In American History - What’s Inside!,grahamstephan,adult,699359.0,0.09252672
UmphUi9vr_g,Resident Evil: Requiem - Part 10,markiplier,adult,1269677.0,0.047685817
ObDDh7kDOuA,I Just Scammed A Scammer,grahamstephan,adult,460735.0,0.11215054
Vo0nrLZ5Ew4,SURFACE PRO KILLER FOR CHEAP - EVE V (NO LONGER AVAILABLE),linustechtips,adult,1158550.0,-0.018046211
9yz-Shv0yxI,I gave my insanely talented friend a music studio - this is what happened,roomieofficial,adult,508159.0,0.15738499
0gvJKX0BrPA,Eubank And Sulek Do Not Love Bodybuilding,gregdoucette,adult,93803.0,-0.07871738
VNZEhrrLzpg,This Filipino Tribe Can Survive Underwater (Superhuman),drewbinsky,adult,1083193.0,-0.035397682
dUUzxmzS38I,STEPHEN HAWKING SPACE SIMULATOR | Moonbase Alpha,jacksepticeye,adult,3470455.0,0.004050046
HZpmoSku3h4,#RVlife + Best Beach Game Ever!,kara_and_nate,adult,118964.0,-0.14239198
Y5j7riUNLN8,Minecraft but YouTubers are Arrows...,prestonplayz,adult,2919249.0,0.024770772
-8iVeaw7KCs,Can This Tale Make You Rethink Good and Bad?,aliabdaal,adult,46557.0,0.11363279
jeq2JaJqbqM,I FOUND THE 5 BEST BANK ACCOUNTS OF 2023,grahamstephan,adult,373791.0,-0.0850974
d1K_1hcD558,Microsoft Lifecam HD-5000 720p HD Webcam Unboxing & First Look Linus Tech Tips,linustechtips,adult,47172.0,0.17614648
Bm9cgRX7Z1U,Cooler Master Haf-X XL-ATX Gaming Computer Case Unboxing & First Look Linus Tech Tips,linustechtips,adult,494094.0,0.18526849
0KXEJBf4qAM,Violin meme review,twosetviolin,adult,352199.0,0.018907122
C5OnV8lIc2s,Chinese “CHEESE”!?,besteverfoods,adult,101057.0,0.037298065
labgghqhFA4,RAIN DOWN DESTRUCTION | Maximum Override,jacksepticeye,adult,1583466.0,0.050611027
oIomm5J5cm4,DAM DAM DAAAAAM | Sumotori Dreams - Part 4,jacksepticeye,adult,11882575.0,0.16157001
aFXLDIJof7E,WORLD'S BIGGEST RC CAR TOWING ME!!,unspeakable,adult,5232752.0,0.19392948
Ug2FNh1kQtY,"I DONATED $5,000 TO A STREAMER AND MADE HIM CRY!",unspeakable,adult,5167855.0,0.22269398
oauI6_ueFUs,Jews invented the Bagel!?,besteverfoods,adult,40257.0,-0.08241227
IkydD8WUZTs,Epic Cambodian Food Tour in Siem Reap (Angkor Street Eats),besteverfoods,adult,711974.0,-0.09953187
qZLt2R2IgFE,i got rid of (almost) everything,emmachamberlain,adult,4693747.0,0.0028790012
LDKED5Nt4PM,W T F A M I W A T C H I N G,pewdiepie,adult,5599577.0,0.17924777
GVpa_tVeRAg,I Told You So!! Jeff Nippard,gregdoucette,adult,223530.0,-0.07833165
-4KlNLnE3b4,3 SCARY GAMES #22,markiplier,adult,4077448.0,0.21547607
Fvrbcr0rX7w,I AM BREAD! #1,pewdiepie,adult,5017517.0,-0.0082841925
OXHyNJHKfJY,"Minecraft Bedwars, But I Added Custom Beds...",prestonplayz,adult,4461515.0,-0.05519581
wSGaqSLmmIU,Joy of Creation: Halloween Edition,markiplier,adult,8663590.0,0.116062224
Tz2Ipad-isY,CRAZIEST SECRET IN THE GAME | Goat Simulator 3 - Part 2,jacksepticeye,adult,1882994.0,0.18129522
2ircZoqveuA,Dot View 2 Case for HTC One M9!,mkbhd,adult,1054774.0,0.13838312
AFEIpV624ys,Please Forgive Me?,caseyneistat,adult,840606.0,0.096750855
Du1RIrf8tlo,"Greg Doucette ""IFBB PRO video log 2 weeks post surgery report",gregdoucette,adult,5760.0,0.16004384
G3O8A3hNX7E,SNEAKING INTO My ISLAND HOUSE OVERNIGHT!,unspeakable,adult,5466044.0,0.104329325
-MUN67sKbBg,Trombone Champ,markiplier,adult,2457813.0,0.016393363
5Xd38M9zTjM,Let’s Tie All Planets Together,kurzgesagt,adult,2098845.0,0.017392015
9aR4san-Gpc,Doubt,mattdavella,adult,4607.0,0.049810186
K7BIPr6MBLo,Taking IMPOSSIBLE James Charles Quizzes,jamescharles,adult,2221288.0,0.041164733
Ja0SNDAphHA,I Went Retro Bowling in Eritrea (1950s Vibe),drewbinsky,adult,502310.0,-0.08775692
dpt69FC8SVI,Disney's Maleficent Inspired Makeup Tutorial,nikkietutorials,adult,249372.0,0.14900231
um-1fAVU1OQ,WE GOT INTEL'S PROTOTYPE GRAPHICS CARD!!,linustechtips,adult,5835633.0,-0.037198972
gPZnKfTzv5s,Google Pixel 7 & 7 Pro Review,mrwhosetheboss,adult,6981878.0,0.061009336
6TWj2wg1qMk,"Review of 15"" Macbook Pro Retina Display 2012",mrwhosetheboss,adult,33359.0,0.021961026
Y_TTsEfFrHA,LET THE HUNT BEGIN! - The Witcher 3: Wild Hunt - Walkthrough / Playthrough / Gameplay- Part 1,pewdiepie,adult,6218700.0,0.0056865457
abfPrqveLGs,Markiplier Highlight | NINJA CROSSED WITH A CAT,markiplier,adult,331639.0,0.116314486
pKFd5rAUM2s,BLANK CANVAS... 2017 YEAR IN REVIEW,jamescharles,adult,6391695.0,-0.009440008
E3sg8OMojeo,Bizarre Powerful Gaming Laptop - Acer Predator Triton 700,linustechtips,adult,1004014.0,0.026985176
SB6MzsN8Q0U,My Bengal KIttens Trying to Sabotage My Computer Linus Tech Tips,linustechtips,adult,57809.0,0.18513577
1jMnpHtK1Zg,Samsung S9/ S9+ vs iPhone X vs Galaxy Note 8 Battery Life DRAIN TEST,mrwhosetheboss,adult,3422936.0,0.008647714
Sf1h1w42m2o,GREATEST SUCCESS!!,markiplier,adult,236775.0,0.009184936
LTT2xRaDXxI,I Tried the World’s Best KFC!! (You Won’t Believe Where It Is),markwiens,adult,1878980.0,-0.046223916
gS1hyzkVk5w,The WAN Show - NVIDIA GTX 970 Buyers All Get $30!! - July 29nd 2016,linustechtips,adult,278249.0,0.053845786
pN-QzM_pflM,"If I Started Youtube In 2023, I'd Do This",aliabdaal,adult,178340.0,0.05039153
aqEqALa8wO0,Craziest violin imposter yet…,twosetviolin,adult,560424.0,0.23795015
lMRtZml1S-c,Malay FOOD CHALLENGE in Singapore!! 51 Dishes with Singapore’s Top Competitive Eater!!,markwiens,adult,2092734.0,-0.045664117
Bu8I8fNK9pE,I Can’t Review GPUs that Don’t Exist... RTX 5060 and 5060 Ti,linustechtips,adult,2216702.0,-0.058650017
4L0HkK34B8c,Corsair Flash Voyager GTX - Near SSD Performance in your Pocket?,linustechtips,adult,168131.0,0.046367493
Xzk3u39-qZY,THE SEPTIC VIRUS | Plague Inc. Evolved #11,jacksepticeye,adult,3411827.0,0.09738688
To7SpuxoJxE,"The WAN Show: Nexus 5, Project Ara, R9 290, and GUEST Jon Rettinger - Nov 1, 2013",linustechtips,adult,67112.0,0.05503825
ar3gEAT2h28,Mystery Detective Battle,dude_perfect,adult,12767852.0,0.133435
JOiGEI9pQBs,Ancient Life as Old as the Universe,kurzgesagt,adult,8143564.0,-0.22978988
JH6zzDzc2uk,I'm FAT! HAM on....,gregdoucette,adult,173131.0,0.15853655
X8KBBmaEbJs,it is my birthday,markiplier,adult,3447567.0,0.047360502
jwDc1yZgpOg,"In Tajikistan, I Asked For a Selfie... and Got This!",drewbinsky,adult,108626.0,-0.0034793876
FY81DRYLoac,MY DREAM PRESENT IS HERE!!!!!,caseyneistat,adult,2225455.0,0.09164794
lB2vD8pLVTI,"DaNang, Vietnam | Sun Wheel",kara_and_nate,adult,228728.0,-0.16219096
DsYq2624J8E,Will He Ever Learn? Paddy The Fatty To Lose 50 lbs,gregdoucette,adult,121821.0,-0.08896947
nc7csXLQHLU,"MrBeast Spent $200,000 on an ELEVATOR",grahamstephan,adult,114500.0,0.09298251
jpbeUBAJ3lo,72,markiplier,adult,975694.0,0.10893709
gg4gBsHZnlU,Five Nights at Victoria's Secret & The Dilnado,markiplier,adult,2857888.0,0.10968935
cUD8Nt0JDlw,YOU Own the Moon. And Mars. And Venus.,kurzgesagt,adult,6057356.0,-0.038813375
uYNMi33XLMc,EVERYBODY CHILL | Happy Room #3,jacksepticeye,adult,3688877.0,0.2097669
NjR9lz-R1xk,Six Books That Changed My Life,mattdavella,adult,1570885.0,-0.049214486
jTfInAIOEHM,Let's Play Skyrim | Part 10 | GREYBEARDS,markiplier,adult,171536.0,0.14343086
ubIOFMIDKxI,August Hits and Oh God NO’s 2015,nikkietutorials,adult,510925.0,0.10862837
cLFJjMokld8,I took my car off road ... (Oops),pewdiepie,adult,2240767.0,0.1620963
_qKF7rZqn74,Exploring an ABANDONED DRUG LORDS MANSION!!,peterMcKinnon,adult,170805.0,0.011318003
kkq3lAW875o,Building a Huge Tie Fighter,colinfurze,adult,1741305.0,-0.008958146
TXzLvYN-HSc,Step up your Filmmaking : The Importance Of B-Roll,peterMcKinnon,adult,2327503.0,0.08646658
HBDNbpWSUx8,"Okay, This Is Epic ( Bonus Meme ft. Ben Shapiro) [MEME REVIEW] 👏 👏#40",pewdiepie,adult,9461584.0,0.045840908
Adb5u6f75BY,Liver King Made Me Eat My Words,gregdoucette,adult,142437.0,-0.06880495
euyGa_VSXuU,How Expensive is New York City?,drewbinsky,adult,367758.0,-0.046806574
k1QswCy_xqM,From Dust | Part 20 | MARKIPLIER MONOLOGUE,markiplier,adult,191744.0,0.1412116
P_T8Bml-WSo,"This new hit song is a COPY (Selena Gomez, Maroon 5, Kanye West Song Reviews)",roomieofficial,adult,759608.0,0.041353192
-GKA1jw__qI,The Truth behind Classical Music Recordings,twosetviolin,adult,331905.0,0.09294706
T8stUe9Vo74,What's in my Tech Bag! [2018],mkbhd,adult,3888829.0,-0.09184406
h8Be3AA11mE,3 Ways I'm Preparing for Central/West AFRICA,drewbinsky,adult,62259.0,-0.19729829
x_JFDbM5Uyg,Goodbye Buddi,markiplier,adult,2449100.0,0.042417638
eUcjiPI0TbE,Amanda the Adventurer 2 (FULL GAME),jacksepticeye,adult,3535972.0,0.029900089
o3QfwU3Nn6Y,MARKIPLIER GOT GOOD?! | Golf It MEGA Episode,markiplier,adult,8239023.0,0.01510414
sULa9Lc4pck,Triangle of Power,3blue1brown,adult,806305.0,0.0033469624
0vtpWYlwW1s,Our van almost caught on fire.,kara_and_nate,adult,1055936.0,-0.05298693
pOQ6iT7Jf6k,Public Speaking Expert Reacts To Jacksepticeye,jacksepticeye,adult,3085184.0,0.2102744
opu9wq7uQiQ,My First ACTUAL Break From Youtube,jacksepticeye,adult,1349966.0,0.17706728
gv8dymcOEAo,Hide and Seek - Imogen Heap [2Set violin cover],twosetviolin,adult,124489.0,0.029152554
v0HcvMoMjy8,AMD wants HOW MUCH for 1080p Gaming?? - Radeon RX 6600 XT Review,linustechtips,adult,1134460.0,-0.00034287758
SOq05_6w0ig,20 Questions with MrBeast!,mkbhd,adult,4805026.0,0.019255769
bq6i-aU0nCQ,THE TALLEST BRIDGE | Poly Bridge #9,jacksepticeye,adult,6070897.0,-0.003026694
qs9sWKuWLAk,This Is The BEST Dog Food In The World!,grahamstephan,adult,28584.0,-0.057841647
ouAccsTzlGU,Is Meat Bad for You? Is Meat Unhealthy?,kurzgesagt,adult,14576217.0,0.024577461
ZgYJXAVl7Rg,"Village Food in Pakistan - BIG PAKISTANI BREAKFAST in Rural Punjab, Pakistan!",markwiens,adult,8259572.0,-0.09153201
gnZn3nyXPD4,THIS IS A BUNCH OF SHIP | Stupid Raft Battle Simulator,jacksepticeye,adult,1281607.0,0.08590787
neOQSX-pBXE,I TRY A BREAST ENLARGER (5 Weird Stuff Online - Part 05),pewdiepie,adult,8093634.0,0.15120597
pt0iG95Fsmc,Let’s Cause a Country-Wide Blackout!,kurzgesagt,adult,922785.0,0.1056324
urUKCITRVLI,Street Meat in Chiang Mai (& Don't Do What I Did),markwiens,adult,435957.0,-0.056646854
BuppYl7QhLo,Natural vs Enhanced Training - What Are The Differences?! My Response To John Meadows,gregdoucette,adult,746865.0,-0.18551305
WgwQDQD6dII,"Elon Musk Admitted I Was Right - WAN Show July 5, 2024",linustechtips,adult,707010.0,0.11614712
Z8t8rIpFzIk,Settling The Debate ON FATS,gregdoucette,adult,65586.0,-0.057775058
ChnMYv6P6jU,SURVIVE TOGETHER! | The Forest (Co-op/Multiplayer) - Part 10,jacksepticeye,adult,2456882.0,0.02606981
HZVK-45Izww,I Challenged a JUGGERNAUT to Camo HIDE AND SEEK!,unspeakable,adult,9226461.0,0.26603103
Ld96yOCvoJs,His New Shoes Were RUINED! #shorts,unspeakable,adult,817579.0,0.24116777
g5L7pH62bXs,These 10 Companies Are 40% of the S&P 500,grahamstephan,adult,104485.0,0.02614146
DjqLaUhtPR4,Justin Bieber Simulator 2015,pewdiepie,adult,16654690.0,0.06985524
QqIG0R-KpGk,World's Worst Thieves,mrbeast,adult,105882.0,0.23201218
Vl3swga-Xrk,"Would You Rather Have A Giant Diamond or $100,000?",mrbeast,adult,207732381.0,0.01327202
fYpVa53yiPo,Why the US Gov Pays $10 Million a Year for This Yacht,halfasinteresting,adult,1035438.0,0.08006269
n4KWKcEFTwg,New Camera! (Update Vlog),pewdiepie,adult,6159540.0,0.18138552
fWPvx9LrfLA,WE HAD TO CALL THE PARAMEDICS!! (BAD IDEA),daviddobrik,adult,17823772.0,0.1354671
pyoU-NP_t7Q,MIGHTY ANGER,markiplier,adult,2227171.0,0.28696492
mer2PKN2Zdg,"Thai Street Food!! 🇹🇭 Biryani + MASSAMAN CURRY - Must Eat in Krabi, Thailand!!",markwiens,adult,1441276.0,-0.07556759
opVgMDtBecA,Sharp Aquos Crystal - Bezelless Smartphone!,mkbhd,adult,2192857.0,0.045419063
NsevBxOWFXs,How to: RESPECT WOMEN!,pewdiepie,adult,10348589.0,0.11641022
8imsZ-ADhMM,Youtube Mega-Widescreen Camtasia Studio 6 Settings,mkbhd,adult,9873.0,0.15051363
K_R2Q9sYSfY,Thoughts on IRAN After 6 Months...,drewbinsky,adult,329693.0,0.04484349
BaM7OCEm3G0,"Cross products in the light of linear transformations | Chapter 11, Essence of linear algebra",3blue1brown,adult,1537241.0,-0.0033021066
AoiOtvQ58CY,Why America Is Going Bankrupt,grahamstephan,adult,207791.0,0.053108998
9rERkc2BrHs,Easiest Weight Loss Hack,gregdoucette,adult,175754.0,-0.014680499
w8xh0Xu9U_g,Billionaire’s private island estate 🤯🤩 the end will blow your mind 😜🦩💃🏻 @moskitobvi,kara_and_nate,adult,6227031.0,0.09655415
CodtdeXZhJA,Street Food in Peshawar - AMAZING PAYA + CHARSI TIKKA | Pakistani Food Tour!,markwiens,adult,13330998.0,-0.04742675
Ykreq4u_Egw,Exercise Scientists Critique Fitness Influencer Workouts,jeffnippard,adult,2884514.0,0.10903113
0gWxHFMog9w,Pickup Basketball Stereotypes,dude_perfect,adult,134517268.0,0.03385576
ZazwqwjDY6M,My $2.4m London Apartment Tour,aliabdaal,adult,1866537.0,-0.010910008
HLi2xYxZX10,"$20K vs $2,000,000 Hybrid Car!",mkbhd,adult,3460143.0,-0.054796226
9mlloZT5ZyY,$300 CPU Beats $4000 CPU?? - Cores vs clockspeed for video encoding,linustechtips,adult,1619126.0,0.08173644
Cjdmc3JKgq4,The iPhone 11 Pro Max is great,linustechtips,adult,3346216.0,-0.0040900316
BiYkAlTT1MU,"Behind the Scenes, what goes into to making a video and blowing up drones in the bunker.",colinfurze,adult,638495.0,0.1680784
T_05hS7cRDE,ARGENTINA vs. BRAZIL (Similarities & Differences),drewbinsky,adult,313502.0,0.032018222
hb-IeZAov3o,"Energy Drinks!!! || Top 5 || Which One is BEST???  Monster, Rockstar, ThermoXD, Bang...",gregdoucette,adult,196875.0,-0.09102205
V8rpFKWjm1w,There is NOT a Livestream Right Now!,markiplier,adult,36435.0,0.10718103
5MdNlra-jZg,"INSANE FLOWER HOLI in Vrindavan, India (VERY SCARY Phoolon Wali Holi)",kara_and_nate,adult,369668.0,-0.027677327
w2wlDJyyrPE,3AM At The Krusty Krab!,jacksepticeye,adult,3970787.0,0.00052054925
fJbcLAEf-Gw,Weird & Forgotten Music Collaborations,roomieofficial,adult,264174.0,0.034742504
LbZi_81TtUk,Balloon Roulette Challenge w/ EGORAPTOR,markiplier,adult,5824281.0,-0.0092150085
FSogD7bAHF8,$1 VS $152 Filipino Lechon!! Manila’s Meat Masterpiece!!,sonnysidevlog,adult,4030292.0,-0.05792026
eKlIpXzmxTo,Jacksepticeye announces an Uncharted Let’s Play?,jacksepticeye,adult,830243.0,0.06744076
xbU6mVkokZE,How The Dogecoin Millionaire LOST $3 MILLION,grahamstephan,adult,41318875.0,0.047362734
S68pzDeJwsk,My CURRENT Training Routine: Full WEEK of Workouts!,natacha_oceane,adult,838789.0,-0.13035971
S3JMwz3LCvc,HOW TO FILM THE MOST EPIC COFFEE B ROLL,peterMcKinnon,adult,2042183.0,0.094944686
elXk87IKgCo,Google Glass Explorer Edition: Explained!,mkbhd,adult,6352876.0,0.044903416
BH45hWntkq4,Is this my Fault? - Flooded PC Repair Part 1,linustechtips,adult,2673986.0,0.019041726
qigna0yT12Y,The McDonald’s McPizza: A Huge Failure,halfasinteresting,adult,1343308.0,-0.0314966
MI7crSCITts,"Everything Just Got More Expensive - WAN Show May 2, 2025",linustechtips,adult,560915.0,0.047037624
NZXF3cMqXzg,Flossin 2.0,roomieofficial,adult,546484.0,-0.019197118
GELIMM9SYUI,Michael Jackson vs Freddie Mercury (Who was the best?),roomieofficial,adult,1805352.0,0.065966494
gKrDXMpnk-E,CM Storm Pulse-R Gaming Headset,linustechtips,adult,78193.0,-0.014065806
k-BEcxFLQOs,The Unfair Platformer | Part 2 | THIS IS F**KING IMPOSSIBLE!!,markiplier,adult,376635.0,0.23229846
JirCwapScUs,Apple Macbook Pro 2016 - A PC Hardware Guy’s Perspective,linustechtips,adult,2737584.0,0.03908878
p_8yK2kmxoo,The Most Dangerous Stuff in the Universe - Strange Stars Explained,kurzgesagt,adult,23756079.0,0.10558434
-NFfoxUYq90,"""Sean Nalewanyj...That's Just Dumb"" - Jeff Cavaliere",gregdoucette,adult,286040.0,-0.042107575
lzx4i-9xljk,STRING QUARTET LING LING WORKOUT,twosetviolin,adult,432189.0,-0.0877081
IkmK2b_QxkE,Ethan Suplee || CHEAT MEALS - Best Way To Wreck Success,gregdoucette,adult,194280.0,0.018135522
ZvgZWqaranw,Gaming on the BACK of the phone?,mkbhd,adult,2879203.0,0.11554308
7PMhdndeXhA,What Steroids Did To Her,gregdoucette,adult,247236.0,0.16726595
cPRzDZA3yi4,I Found SECRET Minecraft Armor Enchantments!,prestonplayz,adult,5232704.0,0.070314884
ENaOiz_o_XM,Only HRT?,gregdoucette,adult,111495.0,0.0072373142
QNZQJ2Nxblg,Here We Go Again...,jacksepticeye,adult,3563554.0,0.10298031
V3-YNcEee84,Colorful Fall Look - Makeup Tutorial,nikkietutorials,adult,101420.0,-0.030557174
6OXTZxl0Hk8,Musical Instrument Tier List,twosetviolin,adult,1473765.0,-0.12512013
sVXbKqzKZFw,SURPRISING MY GIRLFRIEND WITH A NEW TESLA!!,daviddobrik,adult,14703731.0,0.22941452
dAik8EeDyEI,I buried myself in concrete to explain how it works,veritasium,adult,6744937.0,-0.13850342
_hIZNaBH0lw,The Witch's House | Part 1 | JUMPSCARES I NEVER KNEW,markiplier,adult,3449483.0,0.032855336
VEVWRGC0OJA,iPhone 8 With No Ports? Ask MKBHD V16!,mkbhd,adult,1233396.0,-0.0016728491
x-i4WYfutX0,He Barely Survived This Steroid Cycle,gregdoucette,adult,140219.0,0.08183013
0WLkF-YBi7E,JACKSEPTICEYE PUPPET PALS | Jacksepticeye Animated Cuphead (By Cranbersher & FoolishKia),jacksepticeye,adult,6810645.0,9.7278506e-05
z9nyvWE60Tk,92% WONT GET THIS JOKE. ARE YOU THE 9%?  /r/facepalm #11 [REDDIT REVIEW],pewdiepie,adult,11187501.0,0.18631932
8APGBpzVs_k,5 Thai Foods for Under $1.50,drewbinsky,adult,296704.0,-0.0746827
NshXgisNly4,Final Deployment of My New PC! - Personal Rig Update 2015 Part 5 (FINALE),linustechtips,adult,1567898.0,0.016325269
g8rfBYVbLqM,6 Game Changing LED Gadgets!,mrwhosetheboss,adult,38507520.0,0.06796546
8w2dp39NSsM,Escaping to Japan's Secret Paradise   *Okinawa*,pewdiepie,adult,6546026.0,0.03505598
zUd8JfGiCr4,Someone Is Watching Me Through The Window,jacksepticeye,adult,9518045.0,0.21038271
puMQRP-OIM4,TWIST THEM NIPPLES! - Condemned 2: Blood Shot - Let's Play - Part 6,pewdiepie,adult,435215.0,0.22768667
2Fq3lL8295A,A LOT OF ZOMBIES,markiplier,adult,3858851.0,0.031088099
SnllJseIgL4,Buying a $150 Phone - Alcatel 3V Review,linustechtips,adult,935984.0,0.057421096
phREYOUSp38,WHAT ARE THOSE!? | Jacksepticeye's Funniest Home Videos,jacksepticeye,adult,11577543.0,0.1095882
s-Us4JlPdF8,Minecraft Hunger Games w/ James Charles,pewdiepie,adult,14576438.0,0.04279456
WNjq6ODi4IU,Badass peripherals for an affordable price!!,linustechtips,adult,474247.0,0.055432245
8RfVE0m6gGQ,MAC & KIKO Haul! ♡,nikkietutorials,adult,326477.0,-0.0040094554
HoqjLxRBIMQ,Studying Medicine in Eastern Europe - A comprehensive guide,aliabdaal,adult,119532.0,-0.10723774
NXSYpI3jXVs,I'M A GOOD SLAVE! | THOR.N,jacksepticeye,adult,2298051.0,0.045538563
4ZX9T0kWb4Y,I rode the world's fastest train.,tomscott,adult,7486535.0,-0.005366762
nT96XpW6A7U,MY BROTHER KIDNAPPED MY WIFE (standoff),jakepaul,adult,34121368.0,0.22069353
h74mZp0SvyE,AMD just proved they're not your friend - Threadripper Pro 5000 Announcement,linustechtips,adult,1920025.0,0.038035348
aH50aXIz9gM,"THE $1,000 POWER SUPPLY",linustechtips,adult,631070.0,-0.00508641
po3IZMDqLg0,The $500 Flagship Killer - OnePlus 5T HANDS ON,linustechtips,adult,746774.0,0.061968952
NS51fnVsfa4,My Mom & I React To My First Time Being Drunk!,jamescharles,adult,15646397.0,0.20844626
xuH7Bq1XvkE,PIGMENTED OR NAH? SEPHORA PRO EYESHADOW PALETTES | feat. Laura Lee,jeffreestar,adult,2483265.0,0.05307988
_wjt4283IhA,Drunk Minecraft #7 | BLOCKSKETBALL,markiplier,adult,1284028.0,0.10155968
kasTT5xqGAk,7 Ways to Steal UNSPEAKABLE's Diamonds! - Minecraft,prestonplayz,adult,31902763.0,0.16045757
G2MoCXQ5l_E,"Dear 1,000,000",natacha_oceane,adult,271333.0,-0.14813137
QKWJV1W4WWc,Thinking About Going Back On Cycle...,gregdoucette,adult,229654.0,-0.1466218
Imt2DpDeJIs,Hwang Chul-Soon Retrospective Fake Natty?,gregdoucette,adult,208641.0,-0.03668467
vqT5NZzoLDk,HOW WELL DO I KNOW MY MOM?,markiplier,adult,2173354.0,0.15462385
5kHBc8LxxWY,The Best Middle Eastern Food is in this Country!!,sonnysidevlog,adult,385808.0,-0.112027824
MNM270hOKLI,FIVE NIGHTS AT FREDDY'S ON DRUGS. -- Deep Dream,pewdiepie,adult,3180878.0,0.043422736
ZjIh86bi-Jc,Getting Personal With Sam Sulek,gregdoucette,adult,172078.0,-0.026903767
YxXhuY1FkDg,This Talented Singer Didn’t Own A Microphone (So I Bought Her One) - SIOR #3,roomieofficial,adult,454846.0,0.13281985
Xj0Jtjg3lHQ,"$1 vs $500,000 Experiences!",mrbeast,adult,274283494.0,0.083386004
uxPdPpi5W4o,"Why Are 96,000,000 Black Balls on This Reservoir?",veritasium,adult,110427903.0,-0.043563142
j0nmETC8ISM,Ive Seriously NEVER Been THIS Lucky!,pewdiepie,adult,3878487.0,0.16733836
BZRgYLlvF2Y,COMPETITION FOR MY SUBSCRIBERS! -  (Fridays With PewDiePie - Part 2),pewdiepie,adult,960206.0,0.13455717
TQ8skPptd64,Metal Gear Solid V Ground Zeroes - Part 2 | I'M A SNEAKY SNEAKY SNAKE,jacksepticeye,adult,309232.0,0.10933663
-jAEhpIn6vM,Borderlands 4 - What I want to see!,mrwhosetheboss,adult,5519.0,0.00024820492
xpc07Lbgrow,GoPro Hero 4 Session Review!,mkbhd,adult,2201442.0,0.057252526
SxST4lySx8c,"Great, Now I have to Buy TWO Nintendo Switch 2s (plus EXPENSIVE Games)",linustechtips,adult,1840833.0,0.017160555
nC59oQcyzmk,Do this if you don't have enough time,aliabdaal,adult,44301.0,-0.09539974
yzBYxtyHFM8,SANTA KILLER CLOWN ATTACKS US WHILE SLEEPING (extremely creepy),jakepaul,adult,4776098.0,0.2370612
2gIEDN2cCFk,Ultimate Ears UE Mini Boom Portable Speaker Unboxing & Review,linustechtips,adult,132563.0,-0.0051659197
uNA7cTX2VIE,I Am STRUGGLING With Markiplier,jacksepticeye,adult,2345790.0,-0.00604428
UP3nuSiBuJ4,27 Years Old: Should I buy a House or a Lamborghini?,grahamstephan,adult,39542.0,-0.013672791
7jHvQgi5Rwc,GETTING DEPORTED FROM THE UNITED STATES!!?,daviddobrik,adult,9163577.0,0.19378747
7GwHVbyJGcY,Life Update + SMOKEY COPPER GLITTER Makeup Tutorial | Jeffree Star,jeffreestar,adult,1084071.0,0.022391027
lOLHylXzu4o,THE LONG NECK TRIBE OF THE THAILAND,drewbinsky,adult,159279.0,-0.09207504
DOxHlNg4SnU,Diet Like a UFC Champ,gregdoucette,adult,99059.0,-0.07981154
rVUw-ZnYe18,"THAI FOOD HEAVEN in Chiang Mai, Thailand! What you SHOULD be eating in Thailand.",besteverfoods,adult,4136623.0,-0.15939492
lS3oKXgH4z8,Vesta G1 Special Edition Gaming System - The Case is Here! Linus Tech Tips,linustechtips,adult,32233.0,-0.034119464
nLvOkxNEtHk,$2 Best Malaysian Food!!,markwiens,adult,402842.0,-0.06465711
8ZYsakGqbng,ENTER THE GUNGEON!,jacksepticeye,adult,1092287.0,0.035048638
1dQKk58smgo,The Paul Brothers Ruined Christmas,jakepaul,adult,1545442.0,-0.044735346
V16GdzRvhRU,Saudi Arabia's Oil Problem,wendover,adult,4126337.0,0.0828172
tUiCZMeY5LM,No one cares about qualifications #shorts,aliabdaal,adult,227741.0,0.004794754
ZX5X3KWlBI0,White Day: A Labyrinth Named School - Gameplay Walkthrough Part 9 - ROOFTOP ENCOUNTER,jacksepticeye,adult,37553.0,-0.04642239
K2FpjcDaroU,The Drowned Man - Chapter 1,markiplier,adult,2609322.0,0.051540457
3QngdVlhtTI,THE TRICK SHOT KING ⛳🇳🇴,drewbinsky,adult,40817.0,-0.0045053866
6J-XyO6JhvI,NIGHTMARE FREDDY | Happy Wheels - Part 79,jacksepticeye,adult,10341289.0,0.0922541
rjXZzB5bUAo,"This Is the Oldest, Weirdest Instrument On Earth",veritasium,adult,1990502.0,-0.013728559
p6yticGDEXM,EVERY GOOD PLAN FAILS | The Escapists - Part 4,markiplier,adult,1887972.0,-0.0049919244
YVyfuiNlDN0,Exploring the Luang Prabang Night Market,kara_and_nate,adult,195925.0,-0.06277444
dpQb-hrFC-8,Infamous Second Son - Part 9 | PORTA POTTY HIDE AND SEEK,jacksepticeye,adult,667883.0,0.23429507
vn4MscQ1Dwg,WHO IS IT? | Until Dawn - Part 3,jacksepticeye,adult,1655335.0,0.04449486
TVivXhYDqM4,We Found Mexico’s Hidden Beach Town,drewbinsky,adult,50394.0,-0.038155377
vJLIsgByHQE,Ranking Piano Pieces from Easiest to Hardest (Ft. Sophie Oui Oui),twosetviolin,adult,1095550.0,-0.09818938
c74snwU5Pmc,Apple’s 2022 products are even CRAZIER than you think.,mrwhosetheboss,adult,3082188.0,0.13179775
agpwjPkGulY,What Bulking Did To My Body (Not Good),jeffnippard,adult,6357706.0,0.037762508
3ebqfemfxsA,TAKING RANDOM CALLS (Fridays With PewDiePie - Part 112),pewdiepie,adult,6324387.0,-0.0011071004
fvy_e6OZM-w,I Spent A Day With Zimbabwe's Two-Toed Tribe,drewbinsky,adult,1482220.0,-0.16617082
ldDpqii6vEs,Christmas Tamales!,markwiens,adult,53426.0,-0.1694732
bG2SNaSgtvQ,WELCOME TO JACK'S SALON | The Barber Shop,jacksepticeye,adult,7097103.0,0.047272194
vkXm-evtfNE,The worst thing Ive ever smelled...,pewdiepie,adult,3442163.0,0.18776155
NqJ1QKvzXYY,I COULDN'T STOP CRYING!!,daviddobrik,adult,9111390.0,0.034731027
-7tFT05nuVI,LIzzo Is A Hypocrite,gregdoucette,adult,58547.0,0.07893111
w9osIOqkzdQ,THE PEWDIEPIE MOVIE - Teaser Trailer #1,pewdiepie,adult,6082820.0,0.06041801
9oJgHAXmk5g,"Burmese Cuisine: Authentic Restaurant in Bangkok, Thailand",markwiens,adult,135674.0,-0.10292712
4EEiRtxU3aw,i didnt want to like it. GoPro 7; GREATEST EVER.,caseyneistat,adult,3704818.0,0.10809389
s9lwGCvT1gc,PLAYING ALL 24 PAGANINI CAPRICES IN 1 MINUTE?,twosetviolin,adult,736721.0,-0.09920393
t82Ay-dNKSo,I was a HORRIBLE PHOTOGRAPHER,peterMcKinnon,adult,2968844.0,0.12299427
_WDtIVjtVQQ,Connor Murphy - Clinically Insane?,gregdoucette,adult,209567.0,0.14346755
-7RjnLklQYU,RTX 5090 4K Gaming Test,linustechtips,adult,1868740.0,0.02438938
4Mtinslukq8,This is getting out of hand...,twosetviolin,adult,875348.0,0.08021945
JrLzhQA_yWQ,"Meeting the World's Tallest Man (8.2 ft, 251 cm)",drewbinsky,adult,5805811.0,0.0033618622
lrWdxPfFm58,When she wants to breakup because you practiced on Valentines,twosetviolin,adult,115420.0,0.03463371
bmNe7aBEer8,Entering Algeria - World's Nicest People?,drewbinsky,adult,479040.0,0.03867645
ZQBEEyrQS18,BIKE IS A TRAITOR!! - Happy Wheels - Part 46,pewdiepie,adult,8167997.0,0.13084546
cRV4_xmiPVg,THANKMAS 2023,jacksepticeye,adult,1374959.0,-0.023774631
W6InschAMBM,BOBAHOLIC 🧋,twosetviolin,adult,154248.0,0.028545182
_nCrGZjquzk,"Helicopters, Travel and Film Making - A Conversation with Becki and Chris",aliabdaal,adult,23613.0,-0.017804457
yZIXMFZvK-U,Tornado video sneak peak 🍿,unspeakable,adult,752930.0,0.20133935
247xgf9TfDA,The good old days 😅🤣,jakepaul,adult,121328.0,0.057698853
lcWSrIiR1tY,160TB Server with Linus! (From Linus Tech Tips) - Smarter Every Day 222,smartereveryday,adult,2859869.0,0.078166455
AY2XY1XK9yc,Aperture Tag - Part 2 | ORANGE GOO SPEED IS KEY,jacksepticeye,adult,1005115.0,0.18225549
f7HfmJrdPb4,Greg Doucette IFBB PRO 420 for 8 Bench Press paused Raw jan 28 2013,gregdoucette,adult,3914.0,-0.03617116
UFyBxwqJ3JE,Entering The World’s Most Diverse Place (Queens),drewbinsky,adult,1464994.0,-0.023609225
lzm2zJZpANc,This was a mistake.. - LWIAY #00138,pewdiepie,adult,6509672.0,0.17220518
03_beQL5GhQ,Titanium Jake will sleep Iron Mike. The fun has begun.,jakepaul,adult,828111.0,0.02282855
HI54dfZondc,WHAT GOES THROUGH A 17 YEAR OLDS HEAD (WHILE IN BED?),emmachamberlain,adult,4889425.0,0.18135786
PxhbXkJ6OHY,CHRISTMAS EDITION! - ScribbleNauts: Unlimited - Part 9,pewdiepie,adult,2616615.0,0.0032161037
-z349CGAOXs,Horse racing map for new update! (minecraft),mrbeast,adult,238640.0,-0.09852728
aE5M8kfYCVI,"Darjeeling, India - Travel Guide and Attractions",markwiens,adult,839909.0,-0.19484046
PXYq4d1pctw,Ground Up 043 - Reprogram Your Mind w/ Dan Harris,mattdavella,adult,45408.0,-0.08283308
j1wFsMBArR0,19 Smartphone Gadgets that Blew me Away.,mrwhosetheboss,adult,4939766.0,0.052040696
uuNzPewyefo,Flipbook Fest 2022 WINNERS – TOP 10 FLIPBOOKS,andymation,adult,991864.0,-0.023129445
uac2TP73ges,The Best Gaming Phones of 2016!,mrwhosetheboss,adult,710175.0,0.022421487
VrCPrVI5dCA,The Pay-To-Win Gaming PC,linustechtips,adult,2519688.0,0.006085921
oaJoZDJMQyU,Korean Food Tour -  SHORT RIBS BBQ and Juicy FRIED CHICKEN on 14-Hour Incheon Airport Layover!,markwiens,adult,5483611.0,-0.099117726
JG6HSpC_MBM,Australia’s GIANT Rock Lobsters!! Hand Caught Tasmanian Seafood!!,sonnysidevlog,adult,4169046.0,-0.06865807
kiLVdFUExvg,MSI GeForce GTX 760 Hawk Unboxing & Review,linustechtips,adult,223697.0,-0.054988187
3Q3pQmzWyZM,I Got Really Really Really Bored....,mrbeast,adult,65100.0,0.1255478
-gRSgk5Wwbs,Walking Across an Entire Country w/ No Money,drewbinsky,adult,252426.0,0.07255389
Hv1HYa4ZT78,"COME ONE, COME ALL | Project Highrise #3",jacksepticeye,adult,1052003.0,-0.079942316
I4gclkrDTq0,PNY nVidia GeForce GTX 480 Video Card Length Comparsion Linus Tech Tips,linustechtips,adult,48815.0,-0.027898872
NraeeeHifRE,Thank You,markiplier,adult,116237.0,0.17574733
IDrS_TrjuK4,What Is Youtube Terms Of Service?????,mrbeast,adult,64918.0,0.30663738
4A8Fjgg8FXc,"RECORD BREAKING Thali in Pune, India!!! (Matt Stonie Has NO Chance)",besteverfoods,adult,12974292.0,-0.04118211
EbJVX-CLlCA,Kingston Datatraveler Locker+ 16GB USB Key Thumb Drive Unboxing & First Look Linus Tech Tips,linustechtips,adult,65620.0,0.05213439
QazNSVfBQqA,NIGHTMARE ON SESAME STREET | Alphabet Lane,markiplier,adult,4953831.0,0.10165691
xM-YIv0KXr4,OPENING YOUR GIFTS! #4,jacksepticeye,adult,2298710.0,-0.14215818
YwOePNLC0vc,Why Ferrari Is Better Than Lamborghini!,grahamstephan,adult,62745.0,0.010473624
NGUcRnNU6i8,Day 38474748 of our morning routine,twosetviolin,adult,276803.0,-0.070382655
Z3PNvK4uDmo,BLASTING THROUGH THE NIGHTS | Boogeyman #2,markiplier,adult,3860240.0,0.22105658
vZLZtH5hnKo,MKBHD Update 12.0: Moving Out!,mkbhd,adult,845940.0,0.117385745
eG3DN9ORkgY,The Friendliest People on Earth (FILIPINOS!),drewbinsky,adult,105696.0,-0.09861165
fqGquu5k3dw,Answering YOUR Questions With Nick Walker,gregdoucette,adult,95340.0,-0.08749913
PWcK8MxJcys,Cry of Fear | Part 17 | SCHOOL OF TERROR,markiplier,adult,249273.0,0.20573053
21bczWQNwgo,Wade's Confession,markiplier,adult,2551679.0,0.20427199
t1-EFHT7RCo,Taylor Swift AMA 2012 Inspired Makeup Tutorial,nikkietutorials,adult,222540.0,0.04158903
XwBZx1cXEdM,Why Do Spinning Things Do This? - Smarter Every Day 312,smartereveryday,adult,1260536.0,-0.014789851
BCya6m24Dxo,MIDDLE FINGER DEFENSE!!  |The Night That Speaks,markiplier,adult,2116888.0,0.045097027
nt9J_PynaOM,Top 5 WWDC 2018 Announcements!,mkbhd,adult,1261882.0,0.05251909
Tp6a2UoAeNQ,"Linus Tech Tips Live Show Archive - March 15, 2013",linustechtips,adult,94192.0,0.011276486
lHZmymEMzvM,We stole the New JAMES BOND 007 AD and made it better,peterMcKinnon,adult,677907.0,0.21778552
B_Eb2z2ASDk,SOMEHOW WE SURVIVED,kara_and_nate,adult,274447.0,0.022290591
NteoTonrnP8,Young People Try Windows 98,linustechtips,adult,5753199.0,0.020451674
KxcgpZ7iclA,I challenged KSI,mrwhosetheboss,adult,5142194.0,0.011823274
B96h4SJpH7Q,Reading Brutal Hate Comments In ASMR | Jeffree Star,jeffreestar,adult,15911125.0,0.29474467
fyg9obnHnLM,Ground Up 010 - Working Your Way Up w/ Danielle Eden,mattdavella,adult,9168.0,0.08648591
KsdtuH8HcoA,BRAIN SURGERY SUCCESS! (Surgeon Simulator - Part 3),pewdiepie,adult,11959558.0,0.12773557
zObuJ-owc8M,Guess the piece with EMOJIS!,twosetviolin,adult,929453.0,0.0679716
KxY5C9t1Ox4,35 HOUR OVERNIGHT TRAIN (Amtrak's largest private room),kara_and_nate,adult,3333526.0,-0.059347607
PkSyIkYiOTU,B²TSM - Behind the Scenes VLOG,twosetviolin,adult,98821.0,0.072791204
4reJu-XaVwo,PUNCH YA IN THE GABBA!! | H1Z1 Gameplay - Part 1,markiplier,adult,1792209.0,0.09940988
ryCHeji74pY,Eating Japan's Most DANGEROUS Fish!! (Armageddon-Level Diarrhea),sonnysidevlog,adult,3509226.0,0.025107987
YGhfy3om9Ok,China doesn't want me to have this GPU - Moore Threads MTT S80,linustechtips,adult,4107345.0,0.05392343
Tof5GMD0akc,Top 7 Renovation Mistakes - AVOID THESE!,grahamstephan,adult,131058.0,-0.052369654
j_Ppxpmz7gk,100 Different Ways to Play a Phrase,twosetviolin,adult,665054.0,0.144306
A7LmoRvqLAA,THIS ONE MAN CAN SAVE THE WORLD AND WIN THE WAR | Totally Accurate Battle Simulator  #3,jacksepticeye,adult,2689697.0,0.031668976
GbyOPPXbxQI,The Smallest Microscope in the World!,mrwhosetheboss,adult,25027578.0,0.047228172
101xCVogy8o,Alice: Madness Returns (15) - MY NEW DRESS IS SO PRETTY!,pewdiepie,adult,1856964.0,0.1914495
Tn0JMIbjobg,DON'T LOOK AWAY... | Horns of Fear,markiplier,adult,4716442.0,0.13291666
8f2VX88a9d4,$500 DIY Water Cooled PC Challenge - Scrapyard Wars Episode 2d,linustechtips,adult,1617183.0,-0.08577791
CSKU_NUuhVk,Connected Car - CTIA 2014,linustechtips,adult,48127.0,-0.055392455
Ef-5VQjfz1I,SURPRISINGLY SCARY | Burger & Frights,markiplier,adult,5010734.0,0.17080411
c_RVjyFpqrI,Tornado Tree Mind Twister,smartereveryday,adult,41096.0,0.02804998
A73IslL4erY,January Hits and Oh God No's!,nikkietutorials,adult,97711.0,0.07044257
VM7aBc83y-Y,I'M DRUNK AND THEY BEAT ME UP | This Is The Police 2,jacksepticeye,adult,1869616.0,0.2000129
H4KMQuyxH_Y,Tattoo Removal Is Insane,kurzgesagt,adult,3424524.0,0.11104058
gnxRcV583Ns,working out?,caseyneistat,adult,1614236.0,-0.012795859
SlJ7eSJuFWU,Our FAVORITE Day in Italy?! + Nate's New Obsession,kara_and_nate,adult,212299.0,-0.074533425
foQyUBh-lpA,POV: You Invested In Microsoft In 1998,grahamstephan,adult,23797.0,-0.007364494
Ra-EchOhsZc,My sister was possessed,jacksepticeye,adult,3305112.0,0.21666628
e_nLOwS1DZ0,WAIT FOR THE ENDING! | Sally Face - Chapter 4 - Part 1(Full Game),jacksepticeye,adult,4879197.0,0.094944715
kwOCJUF8CBc,Thai stink beans with shrimp recipe (วิธีทำ กุ้งผัดสะตอ) - my favorite!,markwiens,adult,160421.0,-0.061083615
FGBj1J5tu44,REALLY POOPY WATER... | Oxygen Not Included -  Part 4,markiplier,adult,1900761.0,0.09222986
fglv0JzTgU4,Eating Tarantula in Cambodia on Pub Street (Feat. Bugs Cafe),sonnysidevlog,adult,957540.0,0.0458154
o4qiwWFdZ_U,The 4 Hobbies that Improved my Life,aliabdaal,adult,378061.0,-0.11462352
n07c0JEe6nw,I'm A Pathetic Loser || What Did I Do Wrong?,gregdoucette,adult,62005.0,0.10640602
ltMT608rSJw,Decarritos Vs. Nandrologna Sandwiches || Shelby Houlihan Fails Drug Test,gregdoucette,adult,89259.0,0.06368667
Stp39PlP1DE,KAZAKHSTAN to KYRGYZSTAN (What have we gotten ourselves into?),kara_and_nate,adult,356076.0,-0.10176934
Y5PulPlCHXw,AFP Interview Preparation - The personal interview | Academic Foundation Programme,aliabdaal,adult,15773.0,-0.04264628
ShkNQ71zv4c,Goofin’ round the new office!,markiplier,adult,1006796.0,0.07021975
9Rr9u6QGgVc,STRANGERS DO MY MAKEUP IN AUSTRALIA,jamescharles,adult,3985924.0,0.056259923
L3oqktdx2a8,World's Biggest OLED Gaming Monitor - Alienware AW5520QF,linustechtips,adult,2856452.0,0.017917993
oCuILVSfPcA,$30 OLED Bluetooth 3.0 Bracelet SmartWatch For Android Unboxing!,mrwhosetheboss,adult,9063.0,0.045036696
4mVewuvM25s,Lost the Lights | Part 10 | EXTREME DARKNESS,markiplier,adult,72462.0,0.1363833
EhKSV2azQ9Y,Silent Hill f - Part 10,markiplier,adult,1243947.0,0.08996687
t0nGuV8XEMc,"If It's Not Spicy, I'm Not Eating! (ไม่เผ็ดไม่กิน) - Get Your T-Shirt Now!",markwiens,adult,59966.0,0.067901075
9VrTKXoCmtk,"2,800 calories WHAT I EAT IN A DAY || EASY OPTIONS FOR BUSY DAYS!",natacha_oceane,adult,178153.0,-0.07816498
dk8HoXSjpII,SAVE US MCPIXEL | McPixel #1,jacksepticeye,adult,2132617.0,0.13121784
Pqx7VTuflDk,Ashton Hall Natty Or Not,gregdoucette,adult,260679.0,-0.113172755
CYg1UngZBUw,5ive6ix Is Back UNCENSORED || Coach Greg Getting Lucky Tonight!!!,gregdoucette,adult,109527.0,-0.034456164
h-WZAKH1ru0,Clavicular Permanently Terminated From Youtube,gregdoucette,adult,104653.0,0.14656565
kQye2uNafk0,TOP 10 PEWDIEPIE VIDEOS,pewdiepie,adult,7722706.0,0.18016236
YhFQgdCxOTE,Yes It Is. Anthony Mantello Outsmarts Mike Israetel,gregdoucette,adult,198300.0,-0.1102067
1JEXDBWehvI,How Google Now is Taking Over!,mkbhd,adult,567526.0,0.068919495
At3xcj-pTjg,HUMAN FLYING DRONE,caseyneistat,adult,11190776.0,0.08455152
ZER92rB5HM4,I'm Going On Tour!,jacksepticeye,adult,567964.0,-0.18513292
CAF2ryrZgzQ,"SONGWRITER Reacts to ""Left and Right"" - Charlie Puth ft. Jung Kook of BTS",roomieofficial,adult,460949.0,0.07384917
6_x6XxN9QIQ,Thermalright Venomous X Heatpipe CPU Cooler Unboxing & First Look Linus Tech Tips,linustechtips,adult,32715.0,0.076273724
L9a-yhJO0Mw,The History of Not Forgotten - Smarter Every Day 269,smartereveryday,adult,458192.0,-0.016686799
dnEp0othmv0,"7 Ways To Invest $10,000 In 2026",grahamstephan,adult,899606.0,-0.020185333
BBZu1ZSQG60,STINKY TOFU | Taipei Street Food,kara_and_nate,adult,233674.0,0.018037826
tNZC7Ln2WMM,MAKEUP BINGO! OMG!!,nikkietutorials,adult,5510455.0,0.080909185
a46eYoUpVBM,3.5 Years And It’s Finally Ready…,aliabdaal,adult,352355.0,-0.09033449
WKTxFVaBDEo,Penumbra: Overture | Part 3 | FOUR SCORE,markiplier,adult,135959.0,0.06754953
AeJ9q45PfD0,World's Lightest Solid!,veritasium,adult,62037248.0,-0.028169092
ToTWaZtGOj8,"NVIDIA, this is NOT ok! - EKWB Active Backplates",linustechtips,adult,1612004.0,0.037367355
qpph9lvoEVU,How using a SPEED RAMP can IMPROVE your videos!!,peterMcKinnon,adult,1563447.0,0.0935999
6JUR-yU4Wdw,DRAWING FANFICTION!?,pewdiepie,adult,5125555.0,0.042415954
SUy31JOJBdE,PLAYING WITH FIRE | Planet Coaster #5,jacksepticeye,adult,2287101.0,0.0787735
OC5kWKRA_0Y,Hard things produce dopamine 🧬,aliabdaal,adult,21953.0,0.06682261
3QonMcUdcnQ,Anthony Mantello || WINS Classic Physique & Physique OVERALL || BONUS Contest Footage,gregdoucette,adult,175753.0,-0.07401201
sl2vJE79zek,Snow White and the Huntsman: Evil Queen/Charlize Theron - Makeup Tutorial,nikkietutorials,adult,122665.0,0.04021938
Gc1jmeTotTg,ALREADY HILARIOUS | South Park: The Fractured But Whole - Part 1,jacksepticeye,adult,12623148.0,0.12685707
XoPX0G8GnwI,The 7 BEST Side Hustles That Make $100+ Per day,grahamstephan,adult,1914971.0,-0.0642782
FXwVv_Ct_yg,Crab and Dumplings!! 🦀 NATIONAL FOOD in Tobago Island + Breadfruit Roast & Dirt Oven!!,markwiens,adult,2715467.0,-0.102938384
lv3KAvP--ZM,Why 2016 Had an Extra One Second,halfasinteresting,adult,470507.0,0.036844816
z45obkskRmw,The SPF Rating On Sunscreen Is Questionable At Best,tomscott,adult,601981.0,0.041215096
ThNeIT7aceI,How the Layouts of Grocery Stores are Secretly Designed to Make You Spend More Money,wendover,adult,1004153.0,-0.06785835
Ewo8tt6bgZU,I THOUGHT I Wanted This - AW2524H 500Hz Review,linustechtips,adult,3135476.0,-0.066348255
UqjDDIyrKiM,Greg Doucette IFBB PRO trains chest,gregdoucette,adult,100949.0,-0.08559233
cZGZYn2qq1Q,Speech Expert Analyses My Voice *10 Years ago to Now*,pewdiepie,adult,4572805.0,0.14400211
RvgPvukGp8w,Will Tennyson || 48 hour fast || Hungry or Not???,gregdoucette,adult,182808.0,-0.11131297
n57WgseG1b0,CALM AFTER THE STORM | Mario Maker #14,markiplier,adult,2356619.0,0.038219415
kj6Qs2WQQbU,Eddy's Perfect Pitch vs 100 Fans,twosetviolin,adult,200214.0,-0.065087005
1YP17SNIn0E,boom,markiplier,adult,1787515.0,-0.1680579
Ab34ibbvaEk,PROXIMITY CHAT is HILARIOUS in Among Us,jacksepticeye,adult,4363142.0,0.04918556
se2dPdzxQ5E,Christmas in the Cotswolds - Ali's Vlog #23,aliabdaal,adult,11815.0,-0.03431294
kNLr-cduzuo,Wait... Was He Famous?,mrbeast,adult,147027800.0,0.043751583
I7-S76enPeA,Paganini is that you?,twosetviolin,adult,497663.0,-0.014104334
dkpEVIv76lU,CLOP,markiplier,adult,486934.0,0.083801545
xqEw53Iiav0,RAINBOW HALF CUT CREASE FESTIVAL MAKEUP TUTORIAL,jamescharles,adult,517699.0,0.032230943
juzeLmUMjv0,The Rugged Galaxy S7 Active!,mkbhd,adult,1576929.0,0.14394376
1qoM6S1-aQo,Rampage Jackson Had An Emotional Meltdown on Instagram,gregdoucette,adult,91040.0,0.24069136
7a20s9HjKw4,it's just really really sad,caseyneistat,adult,2442697.0,0.09837105
VBt3jXuqBsU,CATHAY PACIFIC BUSINESS CLASS VIETNAM to NYC (wing business class lounge review),kara_and_nate,adult,902412.0,-0.15123352
5TbUxGZtwGI,Time: The History & Future of Everything – Remastered,kurzgesagt,adult,10453518.0,-0.027426513
OhoCRbdUgKE,FARM BOIS! | A Way Out - Part 3 w/ Robin,jacksepticeye,adult,1558134.0,-0.029788326
xjm2ZIL4pZ8,EATING GRUBS AND CATCHING ALLIGATORS | Amazon Jungle,kara_and_nate,adult,139165.0,-0.042928886
X86or5xhzNo,I did not think we would make it out! #MetaHorizon,unspeakable,adult,192265.0,0.047514863
nV8zOhYBHP4,"Italian Street Food in Naples!! SEAFOOD SPAGHETTI + Pizza in Naples, Italy!!",markwiens,adult,2714042.0,-0.059125427
E4Gq405Knho,KITCHEN OF DEATH | Prop Hunt #44,markiplier,adult,4777754.0,0.10298466
nkqSJFTNCJY,[Funny] FACADE - YOU CANT THROW ME IN TO THROW ME OUT !!!! - Part 2,pewdiepie,adult,3700774.0,0.13092361
xGMqmmn5Z7Q,I Found The Best Incline For The Upper Chest,jeffnippard,adult,4305046.0,-0.005358897
lU1qpBwQFmc,YouTube Is Deleting My Channel,grahamstephan,adult,1006094.0,0.1550231
spCsUOLiuIY,"I WON $10,000 FROM MY BEST FRIEND!! (FREAKOUT)",daviddobrik,adult,23184722.0,0.14029065
kGSie0nPgrg,This Lace Makeup Hack is CRAZY! 😍,nikkietutorials,adult,9392650.0,0.15497819
lPDBUyecfN4,Will Pro Bodybuilders Listen To Science?,jeffnippard,adult,17390193.0,-0.020655714
RF6ndZr75yw,16 On Steroids,gregdoucette,adult,720631.0,0.14878342
BD5ccQ8GqY8,Suing Robinhood,grahamstephan,adult,492165.0,0.15805873
oaTOHmuN2M0,Air Conditioner make PC go Brrr,linustechtips,adult,5311324.0,0.036718715
1hzFzcDlqUc,BIGGEST GAME OF THE YEAR | Tears of the Kingdom - Part 1,jacksepticeye,adult,3160868.0,-0.014949147
02Xm6kriroE,Canada’s Las Vegas Sphere is here - and I game on it,linustechtips,adult,1311800.0,-0.10301413
SrsVh48pmBg,Markiplier Contemplates a Banana for 5 Minutes,markiplier,adult,3228188.0,0.12543719
QLa4fziHqD4,Make Your Own Dr. Dre Beats Headphones,caseyneistat,adult,8279340.0,0.05264501
N6BTTQbw42g,"RIPLEY, SIGNING OFF... | Alien Isolation - Part 14 (ENDING)",markiplier,adult,4091728.0,0.057589293
-bif4sQfAe0,ET PHONE HOME! - Deadpool - Part 9,pewdiepie,adult,5759058.0,0.09153289
KgsxapE27NU,The World's Shortcut: How the Panama Canal Works,wendover,adult,4638238.0,-0.041521188
gyJga_kAt_U,How to drive an Exotic Car for Free (Top 10 Best Cars),grahamstephan,adult,358549.0,0.049446687
9kxTOxDGLqs,Galaxy S23 / Ultra Impressions: Cruise Control!,mkbhd,adult,4560728.0,0.1443612
6ltK8OaFyy4,A year on YouTube - Channel / life update,aliabdaal,adult,25395.0,-0.034787826
S_3qcQHuikw,Bring on the APOCALYPSE!! | Amnesia: The Four Horsemen #1,markiplier,adult,1213463.0,0.08750648
LXmNeVLM4e4,PSA: You look like this,mkbhd,adult,4019179.0,0.034045793
mjOLGq7LNCk,King of the Squirrels,markiplier,adult,2318468.0,0.020772263
dGvhO8WSMPc,100 SONGS THAT 90s KIDS GREW UP WITH,roomieofficial,adult,1838921.0,0.11872228
JG4SCnmCwis,GOODBYE Daft Punk : Their TOP 10 Songs,roomieofficial,adult,2424797.0,0.05896642
EIBED5owJhc,"Gaming PC Build-Off, $10,000 Prize!! - LG Ultrawide Festival 2017",linustechtips,adult,1874553.0,0.050087795
3spNcP9hFQg,7 Ways to Prank a GIRL Minecraft HOUSE! - Challenge,prestonplayz,adult,17830524.0,0.18403015
tJt9feqtS0Y,MY ROOMMATE CRASHED MY CAR!!,daviddobrik,adult,12627586.0,0.16927455
ijteCRV53eQ,LADY GAGA Haus Laboratories Makeup Review.. The Truth! | NikkieTutorials,nikkietutorials,adult,2396104.0,0.07329878
QRXMVXF7J2A,"Markiplier Highlights #14: Disney Songs, Spore, Big Laughs and MORE!!",markiplier,adult,2284209.0,0.10918623
xKmJNvSvmKw,The Best Investing Advice of 2022,grahamstephan,adult,220342.0,-0.035489306
cLI_eK2rdto,Top 10 UPCOMING Mobile Phones in 2018 🔥,mrwhosetheboss,adult,169699.0,0.040418934
R9u41aeItss,Unexploded Bombs off the British Coast: the SS Richard Montgomery,tomscott,adult,1570882.0,0.107894294
4ej_9G3-djA,The Rock Skips Leg Day,gregdoucette,adult,203894.0,-0.18316314
LBPaAGmd_fI,YOU SPIN! YOU WIN! | Spinz.io w/ Felix,jacksepticeye,adult,3430993.0,0.082029134
qahZf8qF0Xo,Typical productivity hacks are not enough 🤔,aliabdaal,adult,27240.0,0.06542726
rz-_7z_HhWE,Nasi Uduk (Coconut Rice) and Fried Chicken in Jakarta,markwiens,adult,749755.0,-0.22354756
HiO12Ut2zm4,A CHILDHOOD ROMANCE - Finding Paradise #2,pewdiepie,adult,1608376.0,0.012223367
9LjvaIifKjU,Cambodia’s Street Food Dollar Menu!! Cheapest in Asia!!,besteverfoods,adult,4232221.0,-0.10768522
4eu1j2cisLI,Henry Lau Reveals Fake Violin Secret,twosetviolin,adult,4345883.0,0.10694916
zxgj2-PAAtE,How to Find Cheap Accommodation (BEST TIPS),drewbinsky,adult,119544.0,-0.11685777
GNZkAe9tOVw,100mph Bumper Car Tech Tour/Testing Footage,colinfurze,adult,2690697.0,0.015321825
WlrXpmHQI-g,Kylie Cosmetics THE ROYAL PEACH PALETTE: Review & Tutorial,jeffreestar,adult,2889242.0,-0.018090514
qdYcBMl9SoE,Hunting Asia’s Alien Fish Predator!!! CATCH AND COOK AND CRY!!,sonnysidevlog,adult,8720364.0,0.0068336967
BkqGJutmMSk,EASY SMOKEY EYE feat. BEAUTY KILLER palette | Jeffree Star,jeffreestar,adult,1087773.0,0.08082317
_-Bnx1f42zU,How To Make Money On YouTube While You Sleep,aliabdaal,adult,24802.0,0.09118037
pOeoIZt4x6w,"Boy vs Girl $1,000,000 ULTIMATE Minecraft Pickaxe! - Challenge",prestonplayz,adult,2596120.0,0.03163816
Q82tQJyJwgk,The RTX 5090 - Our Biggest Review Ever,linustechtips,adult,3469539.0,-0.023685114
Hurz0ZQbbMU,HARDCORE PARKOUR!,pewdiepie,adult,3311145.0,-0.12272673
4oDB_vZwwO4,Game of Thrones - Ramin Djawadi [2Set violin cover],twosetviolin,adult,245987.0,-0.061952278
3Q7-USvO7lY,We Found EPIC Treasure In Minecraft w/ Pewdiepie,jacksepticeye,adult,1917041.0,0.0032975227
7Qi4Uh96pfQ,Trying A Full Face of #SHEGLAM Makeup! | NikkieTutorials,nikkietutorials,adult,2383511.0,0.08826672
bLrUbzaw4V4,THE HARDEST CHOICES | The Walking Dead Season 3 - Episode 2,jacksepticeye,adult,3604503.0,0.032079346
Vk7StnSNEJI,Share the Love - A Stop Motion Story.,smartereveryday,adult,50389.0,-0.033616357
ThkMi9fkdEc,Let's Talk About Smartphone Chins!,mkbhd,adult,1965936.0,0.13041759
08W8RH0ntvU,Dark Deception,markiplier,adult,6015064.0,0.11237031
evUfG3lrk5U,What if a star explodes near Earth?,veritasium,adult,13148577.0,0.15247576
8FYrTzR_fNY,"Breakfast in LYARI, KARACHI - Street Food in Former Danger Zone in Pakistan",markwiens,adult,3337891.0,-0.09578933
SQRduwgFMGo,Nerf Sports Trick Shots | Dude Perfect,dude_perfect,adult,24889091.0,0.1362744
ceihRAKmqcg,Corsair Vengeance K70 Unboxing & Overview,linustechtips,adult,366947.0,0.08069035
SLgtZ23gyeI,Everyone Looks Like Markiplier...,markiplier,adult,12818655.0,0.09758893
aTXiPjV8CbM,Remington James - Has He Continued The Anabolic Kitchen/Coach Greg Lifestyle???,gregdoucette,adult,263170.0,-0.10342814
-qjGfi-FQro,"BROWS, EYESHADOW, WINGED LINER, & LASHES FOR BEGINNERS",jamescharles,adult,6810799.0,-0.020988483
i766Wh3vKQQ,Life After Steroids,gregdoucette,adult,370990.0,0.040023744
0xvyvrFj5ds,ULTIMATE RAGE GAME! - Heart of Darkness (1),pewdiepie,adult,1774322.0,0.081287034
BfNEOfEGe3I,The Economics That Made Boeing Build the 737 Max,wendover,adult,2500602.0,0.04237063
rctaLgK5stA,PCIe Lanes - PCIe 8x vs 16x in SLI,linustechtips,adult,1279792.0,-0.015580863
mLc7247XQgY,When Will I Have Kids?🤔,jakepaul,adult,182515.0,-0.012497639
k4bs5rdZy6k,OnePlus 7T vs iPhone 11 vs Samsung S10 Camera Test Comparison!,mrwhosetheboss,adult,1506483.0,0.04409182
K9_b9X2EA3E,Inside a Kangaroo Pouch - Smarter Every Day 139,smartereveryday,adult,9106452.0,-0.0496001
YUnWsz6XVrU,iSwitched to Windows Phone 8 - Day 1 - Linus Tech Tips,linustechtips,adult,85675.0,0.035657533
dwXL3ZV2Bc4,Mike Israetel Is Flubbing The Internet,gregdoucette,adult,175546.0,0.028191106
8dwYWNKc2sQ,Still Into You - Paramore (Voice Sampling Cover) - Roomie,roomieofficial,adult,546058.0,0.12565772
bTOKK2Jy9Ok,Biggest RAGE GAME Of 2020 | Jump King,jacksepticeye,adult,1266915.0,0.16982996
uWRfAVKWCBo,Clavicular Is Out Of Control,gregdoucette,adult,545975.0,0.016394999
nrzW9yQo5sM,Gres & The Editor Crashing Out,gregdoucette,adult,94840.0,-0.06034457
e2WpCRQrobM,"Unbelievable Buffet, Goodbye Langkawi (Day 7)",markwiens,adult,1389466.0,-0.11109722
XBIZn1zUUwU,HOW TO EAT COCONUT WORMS! (Inspirational),sonnysidevlog,adult,1686610.0,0.0041448697
0eTPKfsh9pE,"""I Would Trade It All Back Right Now"" - Seth Feroce",gregdoucette,adult,33711.0,-0.038361125
MIvbAByiXpI,HERES How We ESCAPED From Jail!! (emotional),jakepaul,adult,11113832.0,0.2583809
ZlCLtyYL09c,5 Must Have Smartphones coming in 2015!,mrwhosetheboss,adult,331791.0,-0.02472067
JwAfHEHQKto,iPhone 15 Pro Review - Better than you think.,mrwhosetheboss,adult,7969046.0,0.10182862
GlOPV-Uolmo,MARIO & LUIGI: A LOVE STORY,pewdiepie,adult,4900575.0,0.00849249
npQCpz5UWwE,What Is My Pull-Up Max?,jeffnippard,adult,2272425.0,0.0044122795
K3tzW1iNtSg,Live Violin Charades in Germany: Berlin Wall,twosetviolin,adult,167474.0,-0.0017100051
vZCGe_SPYF4,Are CINEMA CAMERA'S Pointless in 2021?,peterMcKinnon,adult,487676.0,0.10202479
2FQmdBGomCo,Vanish,pewdiepie,adult,2679747.0,0.15960443
TDyMbX45qjg,Cosmo Quizzes are BULLSH*T!!,markiplier,adult,2387699.0,0.01601216
O4Fut4eoItg,"Greg ""MUTANT"" Doucette King of the Bench for reps 225 for 52 reps",gregdoucette,adult,5899.0,-0.07064949
Vie8QwUJfgY,A hack to improve your skill level 📈,aliabdaal,adult,26460.0,0.0022164807
ltg1YxBPaRc,Monster Marble Goby!! SPICY ASIAN FOOD in Thailand!! 🇹🇭 ปลาบู่นึ่งซีอิ๊ว,markwiens,adult,1208418.0,-0.096457556
l0LbykWptrw,STOP CHASING ME!! | Alien Isolation - Part 4,markiplier,adult,4496275.0,0.17803986
U954-u04MBQ,How To Complete A Full Body Circuit Workout,gregdoucette,adult,62313.0,-0.08858563
YKoMp3Y3K28,I Made My Own Meat For YOU To Try 🌭,jakepaul,adult,254012.0,0.027366217
LUot1p7afR8,The Crappiest SLI Setup of ALL TIME,linustechtips,adult,3165919.0,0.05480354
zwIbE-seRcc,Brian Shaw || Lost 26 POUNDS OF MUSCLE on His Diet?,gregdoucette,adult,236071.0,-0.07382959
sUWai9p098c,Bulb Boy: MUST SEE! MUST PLAY!,markiplier,adult,1484921.0,0.033868313
J5xA6NxGZLw,Hidden Folks,markiplier,adult,1225508.0,0.12821488
wteM_Jy9CrQ,FUTURE?,pewdiepie,adult,2474273.0,-0.031542648
vD-uIirvI88,Are You Ready For Whats About TO COME?!  - LWIAY #00111,pewdiepie,adult,5775777.0,0.16617864
TZHbIWXCalw,Building a $1000 Gaming PC in 2024,linustechtips,adult,2576080.0,-0.00032767933
IiCfEzRvUIQ,"Philippines Street Food - The ULTIMATE Filipino Food Tour of Quezon City, Metro Manila!",markwiens,adult,5803593.0,-0.118353024
pgmHkfvGYnY,The MKBHD Setup Tour 2020!,mkbhd,adult,4357377.0,-0.008694774
otQtQEeC-lA,Buckshot Roulette but I have the worst luck,jacksepticeye,adult,1574583.0,0.033472553
xukgniwV9XU,CANT STOP LAUGHING! - 🍑 💨 South Park The Fractured But Whole | Walkthrough Gameplay Part 2,pewdiepie,adult,6141691.0,0.10134561
dSKALhlsuE8,35 Hidden Android Features.,mrwhosetheboss,adult,6646954.0,0.08328627
67OSG0lDgsw,Cardio Tier List || Best Forms Of Cardio,gregdoucette,adult,362363.0,-0.12825441
vQlMX06odis,SPRAYING GOO EVERYWHERE | Portal Stories: Mel #3,jacksepticeye,adult,1517187.0,0.12885897
-qATVnpaHTo,World's Strongest Laser | OT 5,dude_perfect,adult,79813105.0,-0.0075961743
JmZkBXZ4ovw,"100,000 SOLDIER BATTLE | Ultimate Epic Battle Simulator #1",jacksepticeye,adult,5533263.0,0.01838516
dVmDtB16Y50,The Dream of Juilliard is Finally Within Reach,twosetviolin,adult,87235.0,-0.16285005
LDpdalpmeIQ,Dell XPS 15 – Best All Around Laptop?,linustechtips,adult,1786767.0,-0.054300644
-scV7LLvdh8,I Made my Own Keyboard Keycaps!!,linustechtips,adult,1482442.0,-0.025752919
nF2rzGZbBgw,how i got RICH in ROBLOX!!,markiplier,adult,4077601.0,0.06790505
gvqvqeHqh_Y,Scary Games for HALLOWEEN!!,markiplier,adult,6798490.0,0.08226383
FlzjT-VkgTc,How He Lost 1/3rd of His Skull (Inspiring Story),drewbinsky,adult,258947.0,0.16545555
_f0GXNp38ko,How Blink 182 violated the Geneva Conventions,halfasinteresting,adult,3248611.0,0.30865455
5xfVur2e9qw,EATING ONLY FREEZE DRIED FOOD FOR A DAY! ❄️🍕,jamescharles,adult,905949.0,0.07823023
-SmpqOjNW1s,He Rage Quit! 😡,unspeakable,adult,1883858.0,0.31690446
oI_X2cMHNe0,How Electricity Actually Works,veritasium,adult,12278499.0,-0.024270311
0JZl1Wz88ac,Project your Phone Screen Anywhere - Smartphone Projector 2.0 Impressions!,mrwhosetheboss,adult,1280429.0,0.05677724
zAq74xXeLJg,A Normal Day In Sweden...,pewdiepie,adult,6502869.0,-0.07766198
xDL5ZCqu1OU,Sara Is Missing,jacksepticeye,adult,10078129.0,0.116475254
JQsFEqfhGW0,Oneplus One Camera Test Review!,mrwhosetheboss,adult,7107.0,0.047690667
rLaZHnA3x58,KERBAL SPACE PROGRAM 17 | SPITFIRE + BOMBER,jacksepticeye,adult,2275145.0,-0.031125698
AgbIhC576-k,Jeff Nippard || How DARE YOU Vilify Pop Tarts!!!  Is He Against Clean Eating???,gregdoucette,adult,273204.0,0.06893117
-5qzMWlsajY,Eating $2 VS. $200 Chinese Food in Shanghai!! 🇨🇳,markwiens,adult,699326.0,0.0637694
tfgQ3TdSTi0,CHOICES | The Stanley Parable #7 (Final Episode),markiplier,adult,2173535.0,0.00035378803
fDYFfAY8d1E,Lil Tay-WE LIVE IN A SOCIETY WHERE 9 YEAR OLDS ARE FLEXING,pewdiepie,adult,11329500.0,0.17161018
aircAruvnKk,But what is a neural network? | Deep learning chapter 1,3blue1brown,adult,22987950.0,-0.080819905
1NhZt5UnhVs,LET'S TRY THIS AGAIN | Dont Starve Together #2 w/Robin,jacksepticeye,adult,2818809.0,0.09073557
yj7Zu1A67wc,A TINY CLUE OF LADY DIMITRESCU'S ORIGIN | Resident Evil: Village - Part 10,markiplier,adult,4238345.0,0.09400773
M-RlSVU4Llo,YouTube Partner Blog Video Using Insight to Optimize Your Channel Linus Tech Tips,linustechtips,adult,21617.0,0.10983935
QOo1tzz15qU,"Probably Archery | NEW AND ""IMPROVED""",markiplier,adult,1398671.0,0.06389372
riwc3UgPaHw,Transit of Venus! US Space & Rocket Center - Smarter Every Day 54,smartereveryday,adult,184630.0,-0.15215123
pJPuQMwtmLo,Jeff Nippard Throat Smashed Into Hospital,gregdoucette,adult,1348690.0,-0.009132823
YPwTeJEDlUY,ENDLESS RAGE | Surgeon Simulator 2013 Space Update,markiplier,adult,1916281.0,0.3164942
9TmQPrWCJV8,LAUGHING MYSELF SILLY | LA Noire VR - Part 2 (HTC Vive Virtual Reality Wireless),jacksepticeye,adult,1273627.0,0.2292605
cG-cguCMb2k,Most UNIQUE Middle Eastern Street Food in IRAN!!! EXTREME Iranian Street Food Tour!!!,besteverfoods,adult,3012323.0,-0.1056956
XWxz81IFNeA,Day 1 in Buenos Aires | EMPANADAS!,kara_and_nate,adult,176000.0,-0.12214667
02mmOshP254,The Sharpest Camera on the Planet,peterMcKinnon,adult,807922.0,0.035405815
AcQifPHcMLE,This 1970s tank simulator drives through a tiny world,tomscott,adult,11795429.0,0.06363074
u_dLt3-ycwo,"Flight Sim 2020 will CRUSH Your Gaming Rig- WAN Show August 21, 2020",linustechtips,adult,581572.0,0.085627966
piU96XfZMPY,I Put 10 MILLION GUSHERS in TYDUS Room!!,jakepaul,adult,8073558.0,0.021475945
psZ-uidsoWQ,"Fall Makeup Look: Sexy, Smokey & Smoldering",nikkietutorials,adult,234525.0,0.0790309
CIdDSbKA_dk,I SHOULDN'T BE HERE!!,markiplier,adult,4403758.0,0.16630052
vdsGDAQSUrc,Entering Haiti’s Most Dangerous Hood,drewbinsky,adult,214077.0,0.128878
TA5OMtKTbzc,Five Nights at Freddy's: Ultimate Custom Night - Part 1,markiplier,adult,38336022.0,0.03352208
JWFnh0zlCV0,August Hits and Oh God NO's!,nikkietutorials,adult,79188.0,0.22115064
nQ8ZrW-2-dI,IMSCARED: A Pixelated Nightmare - EXTREMELY CLEVER HORROR GAME - Complete Gameplay/Commentary,jacksepticeye,adult,1119854.0,0.17480397
mvmKC3mx3yQ,Why I dont want to take your selfie . ||||||||||||||||||||SOMETIMES|||||||||||||||||||||,pewdiepie,adult,4440768.0,0.10968697
EP5QjREkNVg,BEST OF BEAUTY AWARDS 2023 | NikkieTutorials,nikkietutorials,adult,494263.0,0.09328933
42QuXLucH3Q,Is Most Published Research Wrong?,veritasium,adult,6170924.0,0.026422638
4ZbhFA-wpUw,Top 20 BEST Smartphones of 2017!,mrwhosetheboss,adult,551169.0,0.08671756
LAG64imtoWM,Why your straight A's are keeping you broke,aliabdaal,adult,25119.0,0.015787661
7IZJBfHabp8,Zanzibar Prison Island Day Trip,markwiens,adult,17293.0,-0.122249186
hRMSfgpkgKw,Samsung 840 TLC SSD Unboxing & First Look Linus Tech Tips,linustechtips,adult,36966.0,0.08935988
5r3yXnA3ME4,Musicians at the end of a concert be like…,twosetviolin,adult,994245.0,0.036120925
cWPbGSZpSdE,Faster than a Tesla.. Formula E Racing,caseyneistat,adult,1567041.0,-0.03233973
AuORG4zFcXw,"Applying to Medicine at Oxford or Cambridge - Questions to ask yourself, open days, stereotypes",aliabdaal,adult,74458.0,-0.06481078
DXhHjco80uU,Myths That Will DESTROY Your TRUST in Minecraft,prestonplayz,adult,3979160.0,0.15255138
9n49tiH5eCs,Sony Xperia Z4 - The Best Smartphone of 2015 - What Needs to be done!,mrwhosetheboss,adult,43760.0,0.08196167
YcFxgPySfys,M-M-MONSTER! - Among The Sleep - Part 3,pewdiepie,adult,4003262.0,0.05829335
B84lsLkTHV0,Asia's Most Expensive Ingredient!! More than GOLD!! | Surviving Vietnam Part 6,besteverfoods,adult,2861949.0,-0.017504623
_Aq_BEn9BP0,Cry of Fear: HER | HOMICIDALLY IN LOVE,markiplier,adult,188897.0,0.29582494
sKJ4i7p-o-4,Pixel 4 Impressions: Google and Gaps!,mkbhd,adult,4357087.0,0.21603589
j3es4kTVq-o,Jo Lindner & Noel Dyel OFF Steroids,gregdoucette,adult,344489.0,-0.06902345
QH7x6Tv_5VM,Violin Prodigy Chloe Chua Teaches Us the HARDEST Paganini Cadenza!,twosetviolin,adult,1040911.0,-0.014329487
bCOyH7Wlu4s,Should YOU Compete? || Are You Ready For Fitness/Physique Competitions?,gregdoucette,adult,116497.0,-0.13225535
wa_aQXJYklI,Sadik Attending TikTok University || More Lies Than Last Time,gregdoucette,adult,136079.0,-0.04857053
iZkWGEdx8ZE,MAKING SHARK FRIENDS | Amazing Frog #3,jacksepticeye,adult,2662254.0,-0.03270285
bATUW8G2ONE,iPhone 12: What to Expect!,mkbhd,adult,5058873.0,0.099315494
hRBpDdWbUpI,Can My Fiancée Lift Me?,mrbeast,adult,4637645.0,0.13123846
CTBrfBGmrIs,THE ULTIMATE CHAPSTICK,emmachamberlain,adult,3697670.0,0.042867918
gml82GkrFp4,Sam Sulek Arnold Classic Showtime!,gregdoucette,adult,240408.0,-0.13214242
xM6rVBZlMzM,The 5 personality traits of Self-Made Millionaires,grahamstephan,adult,40794.0,0.047506113
Rv3EWrlPLvc,The Chinese MacBook Killer - TEN HOUR BATTERY – Xiaomi Mi Notebook Pro,linustechtips,adult,1605731.0,-0.017737038
iODdNMA0ZCU,Happy Halloween!,jacksepticeye,adult,2805239.0,0.18068066
XWDn7li2Lyw,Taylor Swift Inspired - Bad Blood Makeup Tutorial,nikkietutorials,adult,711115.0,0.17329028
XQb43N00kTg,I Sent My Juice To Space!,unspeakable,adult,12828533.0,0.12776265
W6adjNF_uBI,Anna | Part 4 | SCARING MYSELF,markiplier,adult,192841.0,0.2067712
c3wKkZULCHg,YOU ARE WHAT YOU EAT! - The Visitor & The Visitor Returns,jacksepticeye,adult,25785223.0,0.09523992
iZCRFRgSgas,Mars 2020: Nasa's Next Mission To Mars,veritasium,adult,1744920.0,-0.051516
KZXba7JHmKE,Is 3500 Calories Enough? || Derek Lunsford,gregdoucette,adult,93195.0,-0.029500939
J9yCS_muf50,Thai Desserts - Nam Kang Sai Shaved Ice (น้ำแข็งใส),markwiens,adult,100737.0,-0.06256321
Nz9b0oJw69I,I'm taking this into my own hands... - YouTube Dislike Button,linustechtips,adult,2175554.0,0.14759105
IMilbgw3k8o,I Found The Strangest Videos Online..,pewdiepie,adult,9798175.0,0.29408056
7v5i--4zUbE,Try Not to Laugh... (IMPOSSIBLE) 😂,twosetviolin,adult,221163.0,0.017578935
w4a_6mepSxs,"Khlong San Market, Yaowarat, & the Pyromaniac Chef | Food Travel Vlog #3",markwiens,adult,227727.0,-0.027823888
sTvY9Llqtms,I Built a FULL SIZE Tie Fighter/Silencer,colinfurze,adult,8765088.0,0.0029807733
9B2gCV743dQ,Nvidia Shield Tablet vs Shield Portable Gaming Graphics and Performance Test,mrwhosetheboss,adult,82999.0,-0.042574182
Lj_Yqr9WbCw,ATTACK ON TITAN SIMULATOR...... KINDA! | Windlands (Oculus Rift DK2),jacksepticeye,adult,1255193.0,0.06057227
XrFn8f6HEvg,7 Worst NIGHTMARES all Violinists FEAR,twosetviolin,adult,947140.0,0.17262009
y2g1pB62zN8,"Ultimate Anabolic Cookbook 2.0 || Recipes, Customer Service, Newsletter & Updates || Review",gregdoucette,adult,81689.0,0.020659056
HLlCKuMKLLo,Relapsed...Again || Larry Wheels,gregdoucette,adult,150773.0,-0.07479796
xD7KUpJ_eK0,Sri Lankan Food Adventure (Pol Sambol Recipe),markwiens,adult,416703.0,-0.22426355
p4gxBtYJt-Q,REACH FOR THE SKY | Red Dead Redemption 2 - Part 1,markiplier,adult,14424582.0,-0.08208201
shNYC-YsNsc,ONLY 1% CAN MAKE THIS / YLYL #0016,pewdiepie,adult,10222214.0,0.06739549
0APwKHtdMCY,World's 2nd Quietest Let's Play,markiplier,adult,11741646.0,0.15506072
wYnC_5x4Dfg,The Things in the Night | Part 5 | INTO THE CASTLE,markiplier,adult,138236.0,0.03617471
ZomaVo2YY7Y,Titanfall | CAPTURE THE FLAG | PC Gameplay/Commentary,jacksepticeye,adult,302905.0,0.134729
i5Z97zashxQ,Making My Own Makeup,jamescharles,adult,17794404.0,0.044740304
_-hsYsc8dCg,This is my new gaming PC! - 1U PCs for My New House Part 1,linustechtips,adult,3617210.0,0.00022944994
82Ylt3SrvWI,Alex Eubank I am Tired of This,gregdoucette,adult,1101336.0,-0.023856206
naD0vPpTrv4,EVGA SC17 Laptop Review - Great first attempt or giant flop?,linustechtips,adult,680135.0,0.02152518
NuRa_sbJpxE,The 30 Second Bacon Sandwich,tomscott,adult,109430.0,0.07242973
YSAFr7by81U,"FAITH IN HUMANITY LOST! - Beyond: Two Souls - Gameplay, Walkthrough - Part 5",pewdiepie,adult,4126713.0,0.01600276
PXV6Utw59_Y,This Shot from ParaNorman is Hiding Something,andymation,adult,83552.0,0.15565173
GlxsqqUqmz0,I Opened Worlds Biggest Ice Cream Truck!,unspeakable,adult,14317260.0,0.00560534
DwASsQM2moc,Missing the Distant Island | BEST JUMPSCARE EVER | Indie Horror Game - Commentary/Face cam reaction,jacksepticeye,adult,21295.0,0.0025990736
pZtZufJuoa8,Will Tennyson || The Student Becomes The Teacher,gregdoucette,adult,501585.0,-0.13051432
b6PKmBZrt0s,The Best Cheap Smartwatch of 2015? Atongm W008 Watch Full Review!,mrwhosetheboss,adult,378150.0,0.004271332
Wyw0GhtZAYc,YOUTUBE MADE A MISTAKE,pewdiepie,adult,4610574.0,0.13462144
NgDb0fRCblo,Trying The Cheapest Makeup From AMAZON!,jamescharles,adult,5524696.0,0.093588874
NVhjA66Qx2E,Charles Glass || Exercises To Get A Small Waist,gregdoucette,adult,126966.0,-0.0584215
2gL4ST9pEKc,PIRATES OR NINJAS OR HITLER? | 10 Second Ninja,markiplier,adult,2210879.0,0.08012387
LdcDLErhuH0,The NIGHT VISION Phone!,linustechtips,adult,1241540.0,-0.023924913
sK37SolFV8I,i am now supreme leader,pewdiepie,adult,1836133.0,0.13235103
JYy6L1UNRSw,Eating Every Shrimp in Asia!,sonnysidevlog,adult,3461605.0,-0.047492355
LjVuOhTS0BM,"The Ultimate HAWAII FOOD TOUR in Honolulu - Loco Moco, Poke, Hawaiian Food and Shave Ice!",markwiens,adult,4381165.0,-0.146213
BqfSjYJKB7A,FINALLY a Wireless MECHANICAL Gaming Keyboard! – Logitech G613,linustechtips,adult,1675600.0,-0.094020426
n9zzfyO_CyM,Daylight,markiplier,adult,1252881.0,0.057605572
uMPHDAas6lA,$5 PS Vita Silicone Trigger Grip HD,mrwhosetheboss,adult,14498.0,0.0065022223
--URVsPcj80,I Hate It When He's Right... - Epson LS12000 Demo,linustechtips,adult,2521801.0,0.052109554
x6Ce7M4Q0GY,SPANKED BY TEACHER | Baldi's Basics,jacksepticeye,adult,4101020.0,0.0970397
PQz8Lrta2-I,"Bikini, Bodybuilder, And Physique Competitors || Rating My Newsletter Subscribers",gregdoucette,adult,73344.0,0.025259677
asuGWvSu5KE,What Is Greg Doucette Really Like? Question and Answer with Allyson Smith & Coach Greg,gregdoucette,adult,431912.0,-0.13909575
6fjF2JzDiSw,Little Thai Kid Does the Songkran Dance on Top of a Car,markwiens,adult,7841.0,0.01235541
xPxbrHMHgNE,Editor Edition | Dude Perfect,dude_perfect,adult,29973811.0,0.12702876
4d0B0Dli-1g,ULTIMATE Sub-zero Phase Change Cooling PC Build Guide,linustechtips,adult,3531997.0,-0.022234153
OYuVkSq2v24,I’m Sweetening the Deal,linustechtips,adult,355206.0,-0.0069349445
4KrpmRvK6e0,OLD AGE HITS HARD | The Sims 4 - Part 17,jacksepticeye,adult,3074247.0,0.19277112
uC0Q-sBqZyQ,Let's Play Skyrim | Part 20 | SHOWDOWN WITH ALDUIN,markiplier,adult,128885.0,0.12657228
syLnS7tuUyk,What happens at Coachella stays at Coachella.. (EPISODE 4),jakepaul,adult,2184385.0,0.049739085
F-9RVPb7KNQ,SHE'S PREGNANT.,jakepaul,adult,5243031.0,0.23331748
GsQ_jSJ6Muk,How Istanbul Moved Its Airport in Just 45 Hours,halfasinteresting,adult,1264299.0,-0.0042786635
yiyjcXWZ3Qo,Huawei P30 Pro Review: Optical Excellence!,mkbhd,adult,3951668.0,0.050383627
4NBI6nrGI1w,it's time to say NO!,caseyneistat,adult,1526919.0,-0.009379931
1s4gbIi2ECs,[Funny/Horror] I KILLED RUBEN! - Afraid Of Monsters - Part 8,pewdiepie,adult,358296.0,0.209008
WNO-ByTNSww,$1 Coffee VS $100 Weasel Poop Coffee in Vietnam!!,sonnysidevlog,adult,777176.0,-0.14628251
9NRsOOCjjeA,WE GOT A BADASS OVER HERE | Reading Your Comments #34,jacksepticeye,adult,3256771.0,0.20342776
0H-wgsF6nFc,Cyborg R.A.T. 7 Unboxing [HD],mkbhd,adult,39210.0,0.056150846
vhTkJCloSIs,There's Someone In My House...,jacksepticeye,adult,1559774.0,0.15719481
1YAW5QKkkgo,GF vs BF COUPLES TELEPATHY CHALLENGE!,unspeakable,adult,12276878.0,0.15952854
1vvZKOO1vOk,"Ryan Garcia Lies, Big Lies",gregdoucette,adult,81176.0,-0.056523703
E-MTkeK4eN8,MY BOARD WENT IN THE RIVER,caseyneistat,adult,2544337.0,-0.058031075
RjBNv-QFsqw,I Got A Bow With INFINITE Ammo In Minecraft - Part 17,jacksepticeye,adult,4936141.0,0.06461603
evcMQ7Lk8NU,The MOST Dangerous Place In Minecraft!  - Part 42,pewdiepie,adult,8351557.0,0.20707119
9utuLKGOghM,PLEASE DON'T... | The Council of Hanwell,markiplier,adult,12320829.0,0.079541355
eNARurpeKgc,Markiplier Tries: TOBii EYE TRACKER,markiplier,adult,5707163.0,0.13006075
4og8wG8VQWM,Thomas Midgley Jr and a Pope Infestation: Citation Needed 5x02,tomscott,adult,911825.0,-0.016783968
HZdRe-gXTUs,I FOUND GREEN STEVE IN MINECRAFT POCKET EDITION!,prestonplayz,adult,3515401.0,-0.13426338
QFJx4SkHYzQ,Mrwhosetheboss Reviewing competition 2.0 WINNERS!,mrwhosetheboss,adult,13848.0,-0.073966876
5SvOeoGDUng,UNDERTALE - Part 7 (Pacifist Ending),pewdiepie,adult,3155850.0,0.04170909
AsaMQhDHx2A,Dead Space 3 | Part 18 (Final) | AN END TO ALL THINGS,markiplier,adult,515347.0,0.08507909
vOW0i8wopaE,LG’s OLED Wallpaper TV – Can we use it as a WINDOW?? Pt.1,linustechtips,adult,4315921.0,0.085449524
tB0QZoE0QLQ,I Turned My Trampoline Into A HOUSE!,unspeakable,adult,7187989.0,0.1842582
G6AVgx9xmN4,Amnesia - STEPHANO IS HERE TO SAVE THE DAY! - The Machine - Part 5,pewdiepie,adult,283714.0,0.047539696
8rlBC8iiRIo,Lizzo || Fat & Beautiful || Body Positivity VS. Eating Disorder,gregdoucette,adult,267424.0,0.01927497
9taib845CsQ,EATING OUR FIRST BUNNY!!,daviddobrik,adult,7881871.0,0.15664795
h5dsmj8LPNk,"iPhones Are Undeleting Nudes?? - WAN Show May 17, 2024",linustechtips,adult,436371.0,0.24088661
Ux-YVt9iJLE,The Frickening (HD),pewdiepie,adult,6871191.0,0.11592278
eUIw9TZBIV8,How to Make Money Online - 6 Tips in 60 Seconds #shorts,aliabdaal,adult,308160.0,0.005427134
DKXCl1zUNt0,HOT GIRLFRIEND WAKES UP IN SWIMMING POOL PRANK!,jakepaul,adult,13290069.0,0.22017685
Yr-VGSvi8AI,The Most CUSTOMISABLE Phone Case!,mrwhosetheboss,adult,5056525.0,0.07498748
0BoTb-82DMY,Is Cal Ai Accurate? Sam Sulek Has Some Homework To Do.,gregdoucette,adult,123253.0,-0.12733775
4d0TUHfpUoc,THEY ARE ALL DANCING FOR US :D - Cry Of Fear - Co-op - Let's Play - Part 33,pewdiepie,adult,919404.0,0.12577516
DnBQqv3b1jc,DECEMBER 15TH 🤫,jakepaul,adult,147768.0,0.022169081
2MMsioX_8-Y,I Faked The Jay Cutler Podcast,gregdoucette,adult,197697.0,-0.015630133
HHKZTFGUZS0,"Want Denuvo in Your Game Mods? - WAN Show September 8, 2023",linustechtips,adult,1677077.0,-0.0005389564
HY73lmAUV0M,All I Feel Is Rage.,gregdoucette,adult,109281.0,0.009932321
___vJFxU9iI,Best Budget Tech - November 2016!,mrwhosetheboss,adult,91390.0,-0.009153478
cQ5rNFRiMzM,MASTER MONSTER SLAYER | The Witcher 3 Wild Hunt,jacksepticeye,adult,1266290.0,0.057016566
3Q5lUyBJRjQ,"Day Trip to Galle, Sri Lanka",markwiens,adult,58439.0,-0.23900327
5gr7jwZjKiY,THE SWEETEST GAME | OMNO (Demo),jacksepticeye,adult,1074237.0,0.016306415
8XUDSIxQRU4,Build A Raft Battle,dude_perfect,adult,25228629.0,0.014982589
_bB35mCqNyU,MEAN GIRLS MAKEUP BRUSHES… Are They Jeffree Star Approved?,jeffreestar,adult,2768731.0,0.12554204
4V7gz_HU3Ys,Mix-Style Headphones Review,mrwhosetheboss,adult,12373.0,-0.021927614
as_NEJAP8ew,Every Samsung Phone. SAME Photo!,mkbhd,adult,1211767.0,0.10835465
6A-PpwfM1wo,HTC Droid DNA: Revisited!,mkbhd,adult,256803.0,0.12700307
Kvg9kJ35jEY,"Greek Food - STREET FOOD TOUR and Amazing Souvlaki in Athens, Greece!",markwiens,adult,6781832.0,-0.18089536
DT2THjHnB9s,Last to Leave Gingerbread HOUSE!,unspeakable,adult,3207560.0,0.0066959644
pQm18Ke3SJw,Almost Died From Testosterone,gregdoucette,adult,140480.0,-0.015551856
X9X9QynDR5c,HOT Pink Street Food Puris in Nepal!,markwiens,adult,125282.0,-0.07313458
B5FDeNog_2A,Android 12 is here and I like it,linustechtips,adult,2402129.0,-0.046182502
aP4WnZBGmhs,change of plans by Casey Neistat,caseyneistat,adult,1380863.0,0.11311589
HNwVWL1RDOs,Oculus Rift FAIL,markiplier,adult,1423124.0,0.19345622
Lao4s6i3GwE,The Stock Market Is About To Snap,grahamstephan,adult,435282.0,-0.014110655
nx8wnXdEYG8,Sunset over Phnom Penh (Cambodia) - Cambridge Medical Elective #06,aliabdaal,adult,3864.0,-0.10010363
mcI8CMC3P3M,Mesut Ozil Natty Or Not Before GTA6,gregdoucette,adult,379741.0,-0.13151303
BCnYOpcd_hs,My Expectations Were Low but… OMG D: - Bad Sports Team Tech,linustechtips,adult,1661691.0,-0.061473817
6meXiudFZcE,How to Not SMASH Your PC - Gaming Rig Packing & Moving Guide,linustechtips,adult,1243187.0,0.046685435
njIWLSMbHxw,Gisele Bündchen Inspired Makeup Tutorial,nikkietutorials,adult,141798.0,0.0297888
FQwwCDMpGTs,Subnautica: Below Zero | Part 2 | EVERYTHING IS TERRIFYING,markiplier,adult,3202839.0,0.16374776
_-vRAyh0p8w,"COLOSSEUM & FORUM TOUR! | Rome, Italy",kara_and_nate,adult,315001.0,-0.16160339
WsroJ5amddk,Dark Souls PC - Enter the Depths (Gameplay Walkthrough Part 10),jacksepticeye,adult,47016.0,0.06338124
9Jd1bHVYV2M,In my defense..,pewdiepie,adult,5190810.0,0.085623994
3KPY-gjmHWA,Do NOT buy the Freedom Phone!! 🤬,mrwhosetheboss,adult,7770613.0,0.024755375
cK2YzUONFVw,My Sister Got Malaria ....(And I Didn't) - Smarter Every Day 167,smartereveryday,adult,892278.0,0.006373748
eIC5YOR8gtY,Fans Pick My Makeup On Zoom!,jamescharles,adult,3170723.0,0.12766281
2SlqWaSg4yk,So I Hacked My Wife's Minecraft Account...,prestonplayz,adult,7046743.0,0.1750775
_yWbcqmdl8Y,Never Break Into My Wife's Impossible Minecraft Slime House,prestonplayz,adult,4193050.0,0.03254653
KnuWkjtg1bg,We Learn to Play Pipe Organ in 1 Hour,twosetviolin,adult,764113.0,-0.15497369
VCCxGxeWrB8,REGRETTABLE PORN (Animated),pewdiepie,adult,3275670.0,0.13770811
8L0-vUCnVmY,WELCOME TO THE FUNHOUSE | Bully - Part 11,jacksepticeye,adult,3380542.0,0.15850241
ljuE1vzLU24,DJI SPARK! Why did I buy this..?,peterMcKinnon,adult,802494.0,0.034948826
swOj0wvuCO8,Mine Crypto Before It's Too Late! - NiceHash QuickMiner Showcase,linustechtips,adult,2050467.0,0.0042890944
51HMytrxVvc,$14 TEXAS BBQ VS $320 TEXAS BBQ!! Vegan's Worst Nightmare!!,sonnysidevlog,adult,9584005.0,-0.04245373
ReUFtVpmE88,FISH ARE FRIENDS!! | Stranded Deep - Part 2,markiplier,adult,4683178.0,0.024744004
QDU4S4sfb_g,A Productive Day in the Life vlog,aliabdaal,adult,462713.0,-0.03425082
frpg8WewVCI,MAKING LOVE FOR SENPAI | Yandere Simulator #12,markiplier,adult,6340982.0,0.037372667
4MGAWx1nm48,Goat Simulator - IT'S HERE & IT'S AWESOME!,pewdiepie,adult,14611933.0,0.033570483
NUl8m5yczgY,Weird Ribs are Swell! (Older SD version),andymation,adult,40163.0,0.06477381
8gAZnIsZKuw,How to Curl Your Lashes The BEST Way!,nikkietutorials,adult,1556449.0,0.022416215
ZDNJxodKrZY,World's Longest Basketball Shot | Dude Perfect,dude_perfect,adult,4008917.0,0.005849392
1Qrc-YpwKcw,I Was Randomly Drug Tested For Steroids (What Real NATURAL Bodybuilding Looks Like!),jeffnippard,adult,1133673.0,0.1363672
TTa_KJi9Vws,KNIFE TO MEET YOU! | Hitman Absolution #1,jacksepticeye,adult,4008071.0,0.018190559
idQ8vc-sPa4,Gift Your Craft,peterMcKinnon,adult,233120.0,-0.09784748
31f2E1aJG2Y,"OMG Sri Lankan Seafood at MINISTRY OF CRAB! | Food Tour in Colombo, Sri Lanka!",markwiens,adult,2802781.0,-0.11909339
uV-18qYJ5n0,Why You’ll Regret Buying Stocks In 2022,grahamstephan,adult,342648.0,0.031190822
qHP8nghldc0,THE BEST CREATURE IN SUBNAUTICA | Subnautica - Part 19 (Full Release),jacksepticeye,adult,3916762.0,0.00741998
1tFMm2g3YrI,Happy Wheels - Part 37 | HOSTAGE SITUATION,jacksepticeye,adult,4662131.0,0.23227987
OV8ODVgaQWw,"Surviving Nepal!! Street Food, Tribes & Mad Honey!!",besteverfoods,adult,5949482.0,0.02712641
BickMFHAZR0,How Trees Bend the Laws of Physics,veritasium,adult,4954504.0,-0.011551142
y1zKj4X8qwk,LOST IN ASIAN ISTANBUL | Turkish Street Food & Local Market,kara_and_nate,adult,463534.0,-0.06882036
C6zKPsTXSss,"Ultimate $20,000 Dual System Build – Corsair Slate Part 2",linustechtips,adult,1810284.0,-0.08285511
2VwCfitW3hs,Kachikawawa 40 Caprices,twosetviolin,adult,489227.0,-0.029688988
zpWYQ1YtgnI,Will Smith hosts Meme Review w/ Elon Musk  [MEME REVIEW] 👏 👏#50,pewdiepie,adult,28764370.0,0.10192705
CCw-TQeKLNw,"Eating at The Smart Village Eritrean / Ethiopian Restaurant in Nairobi, Kenya",markwiens,adult,144572.0,-0.19096452
OQs0fYHPzho,Temples of Siem Reap (Cambodia) - Cambridge Medical Elective #09,aliabdaal,adult,3275.0,-0.1354884
LaObO9bMaeQ,Probability 0: ROGUE-LIKE RAGE-FEST,markiplier,adult,775495.0,0.12562275
B0JbX6jQx7A,Titanfall | KICKING SOME ASS | PC Gameplay/Commentary,jacksepticeye,adult,916654.0,0.15699404
X8ldROoIb40,Gigabyte Components Suite - 4K Running on Onboard Video & Thin Mini ITX Linus Tech Tips CES 2013,linustechtips,adult,97744.0,-0.01122326
ZbnyFq026KE,WD My Book Velociraptor Duo Thunderbolt External Drive Unboxing & First Look Linus Tech Tips,linustechtips,adult,35394.0,0.04043298
LvaXNUhWH-w,Why I Took Fake Natty Video Down On Paul Saladino,gregdoucette,adult,66509.0,0.09291613
m85qDk849_o,The Launch of Perseverance to Mars,veritasium,adult,807095.0,-0.03724823
-IcKfoI9b_Y,"$100,000 Hamster Maze Race! Can They EXIT?",unspeakable,adult,2119462.0,0.11059141
deiZnnrDD0Y,"Andrew Tate: ""Bodybuilders Are Gay""",gregdoucette,adult,182243.0,-0.055196173
IxhXSY24W2k,I hate Lilys Garden and her teeth,pewdiepie,adult,8004049.0,0.20916763
HgYVuXaihNs,my brother Van,caseyneistat,adult,3073170.0,-0.004569214
6awQtUmVB7w,YOU MADE THE WRONG CHOICE... | Slay the Princess - Part 2,markiplier,adult,2827960.0,0.19297487
SwSmhf4uS54,The Most Relaxing Ice Bath EVER,markiplier,adult,1006407.0,0.0073032286
pPlb8jPKKBI,SO CLOSE I CAN TASTE IT | The Escapists #3,jacksepticeye,adult,5471400.0,0.006531805
rqUvnLPvbrM,Reacting To The Reaction Of The Reaction To The Reaction Of The Reaction Of The Reaction To The Reac,mrbeast,adult,7737996.0,0.02822858
QvxUCqoe4RQ,Guessing Phrases In YOUR Language,jacksepticeye,adult,1278540.0,0.12083969
px317izkJ6w,"How I Built 7 Income Sources That Make $163,800 Per Month",grahamstephan,adult,1962799.0,-0.004971644
PT7KPztnIXw,The Front Falls Off: Glaciers Don't Go Backwards,tomscott,adult,564278.0,0.0502993
qmQ6QwG1b0Q,The BRIGHTEST TORCH in the World!,mrwhosetheboss,adult,111810546.0,0.13290912
WYxeeZYox8o,"Comparing Singers With & Without Autotune (Lil Nas X, John Legend & MORE)",roomieofficial,adult,1978019.0,-0.044677444
_HDB_vZqxCM,I walked 10k steps for 30 days,mattdavella,adult,51163.0,-0.0049074357
LlBQP5CfYtY,I Adopted A CAT?? #ad,prestonplayz,adult,461812.0,0.11027318
HwYC-QfH9rE,LEGS HAT! - Happy Wheels - Part 67,pewdiepie,adult,8098076.0,0.03056226
q5j97XEOViM,Why Every Baseball Stadium Has Different Rules,halfasinteresting,adult,948431.0,-0.008599289
6IIZJ4VOJZ8,COFFEE CRITIC FOR THE DAY,emmachamberlain,adult,2449398.0,0.0062168725
1Ks5xe1BIbQ,YouTube Featured Me on Their Partner Blog!! Linus Tech Tips,linustechtips,adult,14281.0,0.06546008
K6gtEGnbR6I,A Hidden Google Assistant Feature!,mkbhd,adult,4420604.0,0.085398056
YwKZM7ZhNoU,"I'M A DENTIST NOW!? | Dental, Eyeball and Eardrum Surgery (FINAL)",jacksepticeye,adult,12375479.0,0.06532243
lS0qP7jIZF4,REALLY GOOD HORROR GAME | The Possession Experiment,markiplier,adult,6299822.0,0.22939095
VnUrPE9nYZE,[Horror] Which - CREEPIEST GAME EVER - Part 1,pewdiepie,adult,1395223.0,0.22136039
4agsK7STVAw,Beast Games S2 Will Have Multiple Versions! @PrimeVideo,grahamstephan,adult,26714.0,-0.005964879
_dDKC3RCBS4,CENSORSHIP || What are the RULES??? || My Response to Comments About my 6ix9ine Video!!!,gregdoucette,adult,138579.0,0.26390335
K1qOwPqfxE0,"Are You Smarter Than Me? - WAN Show April 21, 2023",linustechtips,adult,1514884.0,0.018708374
vp5sSqyZ5Go,I Filled My Brother’s House With Slime & Bought Him A New One,mrbeast,adult,261271704.0,0.12840019
9nnjfGDQQVo,Through the Portal | Part 1 | BREATHTAKING,markiplier,adult,129265.0,0.095027745
Q1hnsxZFIG8,Inscryption - Part 11,markiplier,adult,2947630.0,0.2068467
vePRSxiIeHg,"EPIC RAP BATTLE | Prop Hunt w/ Markiplier, Bob, Ohmwrecker",jacksepticeye,adult,4238772.0,0.12691593
l2z6AsMv-fc,WAIT FOR IT | Moirai,jacksepticeye,adult,1308689.0,0.14912678
1kZrvWt0DC8,Musicians React to the FAKE AI Band,twosetviolin,adult,84548.0,0.08495757
l8ato4vmbww,My Final Video... | NikkieTutorials,nikkietutorials,adult,1323929.0,0.13722828
YnmDz7NaQkU,Showing ANOTHER Side of Iraq!! (Street Food in Baghdad) 🇮🇶,markwiens,adult,1470656.0,-0.003357228
N4Fils-kJcY,Disponentia | Part 1 | HAUNTED MANSION,markiplier,adult,133764.0,0.10037306
IwHIKlK-4Dg,How to Aerial Silk Dance,markiplier,adult,5802398.0,-0.0013621878
2UJko5Hi50Y,THEY WEREN'T READY FOR THIS SURPRISE (FUNNY),jakepaul,adult,4152632.0,0.06648125
UYpEQKCWfM4,I Finally got Sponsored by Red Bull,linustechtips,adult,681913.0,-0.056209527
UKegL2QY51k,"RARE Noodles of Saigon, Vietnam! All the Best Hidden Noodles You've Never Seen!",sonnysidevlog,adult,1928822.0,-0.105621904
24mOzibIcAg,Buying The Conjuring House For $1 MILLION,grahamstephan,adult,83026.0,-0.09542609
SvGlDmfoF9o,The New iPad 3! [Teaser],mkbhd,adult,45280.0,0.029717516
KZzmHt3dj7w,the Nike Fuel Band launch by Casey Neistat,caseyneistat,adult,1122258.0,-0.034709245
CTMzM7tIdS4,My Challenge To Brian Shaw,gregdoucette,adult,90939.0,-0.04534068
a4t6sr6i_rA,Physical: 100 Reacting to NONSENSE On The Internet,gregdoucette,adult,149885.0,0.014468644
e-WO-c9xHms,How Geography Gave the US Power,wendover,adult,3650610.0,-0.013324425
r_6aSaJMPTE,PREGNANCY SIMULATOR MAKEUP CHALLENGE! 🤰🏻,jamescharles,adult,760742.0,0.21413183
aFPJf-wKTd0,How Hidden Technology Transformed Bowling,veritasium,adult,18865223.0,0.052789457
h_LLOZcPk1A,Shawn Rhoden Cause Of Death || Solutions To The Never Ending Problem,gregdoucette,adult,285055.0,0.062482387
unityETmypk,How to Learn Anything FASTER,aliabdaal,adult,2416456.0,-0.14313376
7md7sdyCKos,Stop Buying Stocks,grahamstephan,adult,421986.0,0.11378733
s2JiRUcIkxA,THIS IS THE CRAZIEST THING EVER...,unspeakable,adult,1369785.0,0.2821366
TNUf2LI-K8o,The Hunt for the BEST Controller (Hall Effect),linustechtips,adult,3440613.0,-0.06976134
nDCx7bQMJ5k,ishowspeed Natty Or Not,gregdoucette,adult,697057.0,-0.14260057
qWMK16uYQbU,9 Business Lessons - How I Made $1.6m in 30 Days,aliabdaal,adult,430183.0,0.06406325
aRJFGlOoeek,The Four Players (Go see it RIGHT NOW!!),markiplier,adult,259386.0,0.04146967
F6Gi2LcXhxM,Mac Gaming Sucks...but that's CHANGING! - Apple Game Porting Toolkit,linustechtips,adult,1480111.0,0.028913744
uk4MIgp94xU,Control your whole house through your TV?! - Sony Booth - CES 2016,linustechtips,adult,184999.0,0.17942703
R7yzKJHSrRE,How to light a match inside a balloon - Smarter Every Day 36 LASER MONTH,smartereveryday,adult,1079364.0,-0.020592244
4qe1Ueifekg,Fire Syringe,veritasium,adult,1988997.0,0.086667255
0hUxIO09hPA,Dope Tech: CES 2016!,mkbhd,adult,1416885.0,0.060658973
y-2vcDmg3Lk,TWO ARMS! - Surgeon Simulator Co-op,pewdiepie,adult,6034625.0,0.08529238
EAy8FRgz7Po,TRT AT 23 || It Ruined His Life,gregdoucette,adult,4530307.0,0.094725974
_Fv5R6x6C2I,Quick Street Food Dinner at Krabi's Chao Fa Market (ตลาดเจ้าฟ้า),markwiens,adult,85051.0,-0.21230748
dBm_Fh27I4o,EXTREME WIN or FAIL PRIZE DROP!,unspeakable,adult,32734772.0,0.1493907
_xzAC50MANs,HAVING FUN BY MYSELF,emmachamberlain,adult,6929970.0,0.026493922
sLgfzdIVLLc,Tegra K1 Full Gaming Peformance Test,mrwhosetheboss,adult,10856.0,0.04233362
Jir9sX2BvWk,"""Steroid Like Effects"" - The Real Science Of Turkesterone",gregdoucette,adult,107774.0,0.0064331014
jwkqvvu83Q0,Caleb Hammer's Student Loan Debt!,grahamstephan,adult,2960504.0,-0.0005031545
XfWGM5jwIy0,VOTE FOR NEXT LET'S PLAY! - Gravity Bone: Playthrough: Part 1/1,pewdiepie,adult,1070158.0,0.06878118
ut4ZS7DE02s,3 SCARY GAMES #84,markiplier,adult,8411744.0,0.12576905
P-eMx9VsmC4,5 AIRPORT LOUNGES | FIRST & BUSINESS CLASS! 40 Hours Korea to Italy,kara_and_nate,adult,241492.0,-0.15299025
rN2R8vGqy1I,EVIE'S A MONKEY NOW?? | Chimbot #1,jacksepticeye,adult,2587189.0,0.02346491
WSKi8HfcxEk,The Rise of the Machines – Why Automation is Different this Time,kurzgesagt,adult,14971433.0,-0.015743438
je8nVP-TLsY,A Drone As Small As My...,linustechtips,adult,780591.0,0.028205458
dCOtcL31-SU,ISOLATION - Reviewing YOUR Photo Assignments!,peterMcKinnon,adult,443137.0,0.042516485
6J75R4U_LCg,WORLD'S WEIRDEST MAKEUP SPONGE?? IT'S FUZZY!!,nikkietutorials,adult,3402112.0,0.12312822
IDwCGjUOZsw,DOUCHIEST Jumpscares EVER | Crystal Cove - Oculus Rift Horror (DK2),markiplier,adult,1519547.0,0.087418884
JzZ948CklLA,"No Jeff,  Your Rule Doesn't Work || Athlean-X Drop 5 Pounds FAST",gregdoucette,adult,149846.0,-0.003391807
v8-nT2eH4h0,STRAIGHT UP DEATH | Five Nights at Candy's 2 - Part 2,markiplier,adult,4446823.0,0.079632476
V7J9aMy_CFk,What I REALLY Think of the iPhone!,mkbhd,adult,11028488.0,0.023388315
uNQUJ6ezOJ0,Study Tips for First Year Medical Students,aliabdaal,adult,642119.0,-0.088478945
EREn1n48ALY,NEW SHOW: Modern Art Tonight.,pewdiepie,adult,2221608.0,0.042309392
I5Xb-DtuZAk,ghost dog,markiplier,adult,6511121.0,0.0694655
CCs-ZD7n-DA,GO TEAM BRO-JOB! | Rocket League #2 w/ Markiplier,jacksepticeye,adult,3301370.0,0.046597295
wboNgW6BuZE,"How To Make $2,000 PER DAY!",grahamstephan,adult,57982.0,0.013918202
F7cpY49rzTY,"Let's Find Out If I Was Wrong - WAN Show February 2, 2024",linustechtips,adult,590508.0,0.08644913
6K6Rw3oa_HY,Ex-Wife Makes $200K And REFUSES To Pay Child Support,grahamstephan,adult,74854.0,0.121308744
DdzwSM3HAuA,How BAD is a BestBuy Gaming PC?,linustechtips,adult,2867385.0,0.0005698111
KO25JYAaJC0,Backyard UNDERGROUND Apocalyptic BUNKER,colinfurze,adult,24076446.0,-0.14827885
wiWXQEkO5ws,4G and LTE: Explained!,mkbhd,adult,945222.0,-0.0014381781
UZXA9ftwfUg,Using only ONE COLOR in MINECRAFT! - Build Battle Challenge,prestonplayz,adult,4142520.0,-0.055122558
uqEi1P0omuo,Markiplier: The Trailer,markiplier,adult,785485.0,0.20187233
GBiv5AYQrmA,Why you give up so quickly #shorts,mattdavella,adult,367264.0,-0.040470093
7SdUB6Va7AY,EXPERIENCING BOTHERATIONS? | Trollface Quest 2,markiplier,adult,4535940.0,0.18632987
144gtLhBwCA,Five Nights at Freddy's: Into The Pit - Part 6,markiplier,adult,3163349.0,0.0641007
pHUzQaOKKl8,THE NEW TEAM 10 HOUSE?!,jakepaul,adult,10984581.0,-0.034453645
GVtfy55PGDE,Why Saving Accounts LOSE You Money…..,grahamstephan,adult,97343.0,0.04343764
JAr19X4Pxx4,Amazing Thai Food - UNSEEN Coconut Milk BBQ Chicken in Thailand! ไก่กอและที่อร่อยที่สุดในโลก,markwiens,adult,1019557.0,0.017550588
Gz3yak1cl-8,"Last To Leave Circle Wins $10,000 - Challenge",mrbeast,adult,99033581.0,0.014014793
uyrQszZckkw,And She's Gone,caseyneistat,adult,2248844.0,0.13890272
xf9R2SeG20A,Greg Doucette IFBB PRO How long should you diet for a show?,gregdoucette,adult,31055.0,-0.051760178
C-fpX0ufYWQ,Markiplier Animated | BUBBLE BUTT,markiplier,adult,2681149.0,0.15006292
FrOam6ERyt4,"How to Cut/Make Weight Naturally UFC, MMA, powerlifting, Boxing Bodybuilding without Diuretics.",gregdoucette,adult,97184.0,-0.033555742
7vPUx_6Z9MQ,The Last 3 Years Were An Experiment,gregdoucette,adult,161785.0,-0.104152635
8ZgsTp7ezwQ,The Side Hustle Trilemma,aliabdaal,adult,19944.0,-0.0935555
uRdAnTNxpx8,Tik Toks That Will Make You Practice,twosetviolin,adult,402968.0,-0.13706844
4cIDeyHBpZM,If you’ve ever failed to make a habit stick...,mattdavella,adult,334582.0,-0.092240974
3ODA2VO00y4,Which one was the worst? 🤣,dude_perfect,adult,7032502.0,0.1710968
DJO_9auJhJQ,"We Might Find Alien Life In 1,796 Days",veritasium,adult,14743191.0,0.025480911
Yiu-lkehGdk,The Different Levels of Financial Freedom,aliabdaal,adult,26602.0,-0.027801696
37Hmd-VkMIM,Too Many People are Going Outside,wendover,adult,1949820.0,0.026501343
geK1ZWHG0Pg,Glow In The Dark Edition | Dude Perfect,dude_perfect,adult,26137650.0,0.042744532
gsSoBLyzQLA,it was worth it,caseyneistat,adult,1487829.0,0.05507595
yca_n_7GNsU,How Health Insurance WASTES Your Money,grahamstephan,adult,74413.0,0.048210353
X4HpxvL2dno,"Teaching Filipinos Beer Pong with Bahalina (Tuba) in Argao, Cebu",besteverfoods,adult,759026.0,-0.16614373
VJcno_XL4RU,SPACE CATS !!! - Smarter Every Day 85,smartereveryday,adult,526131.0,-0.047527503
2fL3VbC2izo,The Fastest Xbox of All Time,linustechtips,adult,6051590.0,-0.061736576
Eg84ARTYhCo,This SNES clone is BETTER than the ORIGINAL!,linustechtips,adult,638176.0,0.06284631
p19cjKg8dIc,goodbye california. a new chapter.,jakepaul,adult,6526569.0,0.07995393
nzJOHYYclPc,King of AMERICAN BARBECUE!! 🔥 #1 Pitmaster Rodney Scott Shares His Secrets to Perfect BBQ!,markwiens,adult,2197891.0,-0.10043664
VXaw8sWqs0Y,"Apology OR NOT || The Chef Rush ""Apology""",gregdoucette,adult,373176.0,0.015697265
74ARbmfpcuo,I F*CKED RUBENS MOM! - Afraid Of Monsters - Part 13,pewdiepie,adult,247593.0,0.15862578
j5K4z_ilq_Y,Full Day of Eating While BULKING (Off-Season),jeffnippard,adult,690996.0,-0.038173996
52awie9G00A,My New Channel Trailer ;),mrbeast,adult,70259.0,0.09842698
e_55DIoF6NA,CALLING BROS TO VOTE,pewdiepie,adult,1488214.0,0.1653409
IQ3kQPWlU-o,How To Make Snow,tomscott,adult,631433.0,0.0172339
I2rvAysA-_8,Are you being present today?,aliabdaal,adult,31680.0,0.0023196666
qlG7K4xHrVw,What it feels like doing Ricochet for the first time,twosetviolin,adult,319414.0,-0.032697994
SLO5YuI0xZI,"[Horror, Funny] Ao Oni - SOUTH PARK VERSION",pewdiepie,adult,4167797.0,0.123347975
MTjPTs3DGBk,GUESS WHO'S BACK?! (Full Original Sketch Included!!),markiplier,adult,1195573.0,0.026386084
5rwYjRzLHHI,I Sold Her this $5000 Gaming PC for $20!,linustechtips,adult,7076909.0,0.06219557
-tuHrt42WnI,iPhone 6s Battery Case: Explained!,mkbhd,adult,1849208.0,0.08727813
wiCrlVkkstE,"I'm Calling YOU Out, Jeremy Buendia",gregdoucette,adult,83965.0,-0.060896326
sZjMqaO9tP4,Mike Isn't The Stronger Tren twin,gregdoucette,adult,102578.0,0.017296296
fZS43XnJMLI,KUSH INFUSED MASCARA... Is It Jeffree Star Approved?,jeffreestar,adult,2715858.0,0.13919148
xYFYKAcw5fU,12 Epic Game Violin Melodies,twosetviolin,adult,390604.0,-0.091205284
yzbBAkbgfW4,Make your PHOTOS & VIDEOS more PROFESSIONAL!,peterMcKinnon,adult,2077500.0,0.10370274
0jSxvjT6Ec0,Super Ultra-Wide Monitor – Dank or Dumb?,linustechtips,adult,5501694.0,0.054340992
IocftOFjR3M,IT'S ON MY BUTT!!!!!!! (5 Weird Stuff Online - Part 27),pewdiepie,adult,5805030.0,0.11838212
hAME0wBvPQE,I CAME IN LIKE A WRECKING BALL | Turbo Dismount - Part 22 (Miley Cyrus Edition),jacksepticeye,adult,4520025.0,0.13833511
-3xaV70khSE,Eating Nepal!! From Momo to Mad Honey!!,sonnysidevlog,adult,1842148.0,0.05312662
sRk4hEh9jV0,Error #54,jacksepticeye,adult,1605835.0,-0.016922249
mvIue5q1Mg0,Taking “Through the house” to the next level #shorts,colinfurze,adult,1603013.0,0.049253352
TTX31s_exsA,BEARS vs ZOMBIES | Mist Survival,markiplier,adult,3340508.0,0.01313417
L_C3S-k5sLU,PS Vita Pixeljunk Shooter Ultimate First Impressions Gameplay Review,mrwhosetheboss,adult,8995.0,0.13032705
rZjtMV83KVM,MY DOG IS IN THIS GAME?! - The Last Guardian - Part 3,pewdiepie,adult,2881015.0,0.018993001
pqCWxf7OlOg,THIS IS WORTH $1 MILLION DOLLARS,caseyneistat,adult,3283316.0,0.06447792
OX3Owo7CEX8,McTiVia Wireless HDMI & USB Device for Apple Unboxing & First Look Linus Tech Tips,linustechtips,adult,26931.0,0.06940868
sUjw3fddmww,Supermarket Simulator - Part 6,markiplier,adult,3250188.0,0.07109745
-rdYtmUejSE,Yup I is the best at the game.,mrbeast,adult,309998.0,0.06353421
3uoJNAM5SLY,Jesse From Athlean-X Is Ready For Steroids,gregdoucette,adult,98102.0,-0.06626361
GzlZQI4Jhxw,Why You Shouldn’t Buy A Home In 2024,grahamstephan,adult,407709.0,0.057375416
OdW7vhYYSdM,Circular Saw Kickback Killer (We used science to make tools safer) - Smarter Every Day 209,smartereveryday,adult,2614311.0,0.007879915
mz9eg7fR_qA,CMF Phone 2 Pro Review - Next-Gen Modular Phone!,mrwhosetheboss,adult,2856432.0,0.05299093
Ba9AX0wPniI,I HAVE NEWS,jakepaul,adult,7280566.0,0.100445285
GFeycxg9iBY,wait... they're DATING??,jacksepticeye,adult,2365653.0,0.010299604
uycD83eChY8,LADY GAGA MODE...ACTIVATED! - Cry Of Fear - Part 12,pewdiepie,adult,1064021.0,0.17452435
YXgorFUMX5s,FINISHING THE DREAM | Blank Dream ENDING,markiplier,adult,1618529.0,-0.021198332
VBsOVU8PSYk,MARKY LIKEY NO NO | Spooky's House of Jumpscares (UPDATE) - Part 9,markiplier,adult,2102988.0,0.119244754
4T9M6FNhXu4,I Found a BILLIONAIRE Only Minecraft Server!,prestonplayz,adult,12902493.0,0.0018900856
3CHnJNXqcmw,"""HOT"" SNEEZES",pewdiepie,adult,8111844.0,0.15540193
OFnX4beKdfQ,My Guide to Digital Minimalism,mattdavella,adult,1356881.0,0.0023032865
TWNMv8xf6u4,MILES MORALES | Spider-Man - Part 7,jacksepticeye,adult,4256210.0,0.051128227
p2E9xSVTMyI,Nasi Padang - AMAZING Indonesian Food - Beef Rendang and Gulai Otak!,markwiens,adult,2199996.0,-0.107153624
vfAs17PAV1U,SAVORY Condiments/Sauces/Toppings to Help YOU Lose Weight || Satisfy Your SALTY & SAVORY CRAVINGS!!!,gregdoucette,adult,194891.0,-0.00011350494
eFtoQfyiu1w,I LOVE YAMIMASH | Prop Hunt #8,markiplier,adult,3082727.0,0.13569468
M-ZcMxHxHrk,When Your Teacher Changes Ideas.,twosetviolin,adult,268525.0,-0.0978397
wld6lP-Kw80,sea cucumbers and chicken livers,kara_and_nate,adult,212379.0,0.05789814
IrZm1CUydzo,10 BILLION MONTAGE!,pewdiepie,adult,20886363.0,0.11719261
9mnyKy0AS4U,Nightmare House 2: Playthrough - Part 6 - DERP,pewdiepie,adult,321137.0,0.08789032
Hde0SOOO-Yg,1 HOUR CALORIE BLAST CHALLENGE | CARDIO VS WEIGHTS,natacha_oceane,adult,1071837.0,-0.06998517
7u7XZlEZ7rc,How to get Perfect Glowy Skin (My Foundation Routine),nikkietutorials,adult,1798206.0,0.01080358
69eeh5iXtWA,SHE SAID YES!!,daviddobrik,adult,15707776.0,0.20861669
xtffPAPnPTs,Resident Evil 3 DEMO,markiplier,adult,1612748.0,-0.018891638
48M8lR8q-u0,Turtles taste like Chicken!?,besteverfoods,adult,77775.0,0.0040479098
l1jl3Z5WgCU,"22 Things You Didn't Know, But SHOULD KNOW About SARMS",gregdoucette,adult,513208.0,-0.040196482
zzQY7hjiKtU,I bought the cheapest smartphones EVER.,mrwhosetheboss,adult,10053639.0,0.07423786
qaxQGctZTio,EYELASH CURLER HALLOWEEN HACK! 😈,jamescharles,adult,2230952.0,0.1985768
88gl8zD1iao,BEGINNING OF THE END | The Forest,markiplier,adult,7171518.0,-0.06640735
1cUUfMeOijg,The Lava Lamps That Help Keep The Internet Secure,tomscott,adult,4238501.0,0.09137474
wwnpVhULrhs,Be The Bad Guy || Greg Doucette,gregdoucette,adult,132902.0,-0.010940467
rhrTx59CK3U,Read the description - Tekken 7 #01,pewdiepie,adult,4421930.0,0.029697679
2ILah6Sm-Qw,BEST MAURITIAN MEAL,kara_and_nate,adult,253749.0,-0.16565898
Bf4BBCJZZ_E,EXTREME Quarantine Glow Up Makeover!,jamescharles,adult,6315927.0,0.15172514
Zc4IJpD4Z6k,WELCOME TO MY HOUSE (please stay away) | The Open house,jacksepticeye,adult,2652711.0,0.058828495
unfJAxNHVd0,LAYERS OF FEAR (Full Game) (ENDING) (4),pewdiepie,adult,1723051.0,0.0999765
rEMj4cke2S4,NETFLIX AND KILL (BroKen Podcast w/Cry - Part 14),pewdiepie,adult,3130715.0,0.15327033
8MzJpbNrL1Y,"No Boners, Crashed Test, Claims Natty",gregdoucette,adult,115581.0,-0.05989096
fyuxWDkLdcI,Recycling Your Electronics – What you Need to Know,linustechtips,adult,907155.0,-0.01886575
T6yA7C___lQ,Amnesia: Abduction [Custom Story] Part 9,pewdiepie,adult,171221.0,0.14784844
wu4tKs3mLSk,Jacksepticeye Speaks FLUENT Korean and SHOCKS OTHER STREAMERS,jacksepticeye,adult,7033082.0,-0.005259946
KnZEH3-9pnM,Who is the Strongest Dude?,dude_perfect,adult,10631205.0,-0.032970298
QYGlKwObOCk,NSPL Powerlifting Provincials 2015 - 451 Squat | 353 Bench | 457 Deadlift,jeffnippard,adult,13676.0,0.024994344
S8O9emujzsY,Take A Shot At Greg Dr Mike Tier List,gregdoucette,adult,102945.0,-0.16062805
rpzJaKvZFZg,Seagulls.mov,pewdiepie,adult,5107451.0,-0.049179837
C8RWt0o_2TE,Why You’re Overwhelmed - 5 Ways to Beat Stress,aliabdaal,adult,222913.0,0.10080205
RBkHRE4Q8H0,Agent Janice SPEAKS - The WAN Show Jan 11 2019,linustechtips,adult,603145.0,0.18386188
bBRql-LF2vM,Sour Patch Kids ICE CREAM?!,markiplier,adult,7110871.0,0.122810006
sSnGmAqQaFs,Parts from the Oil-cooled PC - Do they still work???,linustechtips,adult,1818220.0,0.050018087
mdMLhFUlOaE,8 Levels of How Musicians Count (Noob to Pro),twosetviolin,adult,3140983.0,-0.10508
FjsQkOt553Q,What's On My Phone: 2018!,mkbhd,adult,2732434.0,0.09975868
1TaJMsuDbT0,I'M IN THE GAME | Bendy And The Ink Machine - Chapter 3 - Part 1,jacksepticeye,adult,6400190.0,-0.018193187
_H0ugvqIeYE,Ryan Ankrom || CYCLE Advice,gregdoucette,adult,73782.0,-0.13898921
6zqhvgob-K0,Investing in Real Estate just got a LOT more difficult…,grahamstephan,adult,207075.0,-0.02808115
QonFAjANnxU,Can you GAME on a Cheap Wireless Keyboard?,linustechtips,adult,1181797.0,-0.035928532
MmrKp8C85LU,We RUINED His Gaming Rig - ROG Rig Reboot 2019,linustechtips,adult,2861386.0,0.09581382
v8muh6uYCpk,Thai Chinese Street Food - HEAD SIZED MEAT BALLS at 100-Year Sam Chuk Market! | ลูกชิ้นยักษ์,markwiens,adult,1694568.0,-0.09087109
QPZ0pIK_wsc,FizzBuzz: One Simple Interview Question,tomscott,adult,3686937.0,0.011814589
fYaMVgbHGfM,Men Are Better At Losing Weight,gregdoucette,adult,59929.0,-0.09520178
K_CbgLpvH9E,I Spent 7 Days In Solitary Confinement,mrbeast,adult,287455709.0,0.048316892
nRqc70gVNuI,NO ONE SHOULD EVER PLAY THIS GAME EVER - Doki Doki Literature Club - Part 6 FINAL,pewdiepie,adult,5472376.0,0.014783001
XtmrLomILn8,We Survived OVERNIGHT In A CASTLE!,unspeakable,adult,9469358.0,0.1135523
LrIRuqr_Ozg,What Happens AFTER Nuclear War?,kurzgesagt,adult,12915882.0,0.017342798
gV1y4av1GAo,Budget Gaming Setup CHALLENGE - Scrapyard Wars 8 Part 3,linustechtips,adult,2012406.0,-0.065307386
jR4F2C-n62c,I Am Calling Mike O'Hearn Out NOW.,gregdoucette,adult,216486.0,-0.09412158
FuFv4iF8wgg,100th COUNTRY DOCUMENTARY,kara_and_nate,adult,6724848.0,-0.005177766
TLu1bScP4Fk,THE TERROR OF THE TREES | The Forest,markiplier,adult,19610828.0,-0.019810388
MEUeobEClXg,Asking People If They Do Steroids,gregdoucette,adult,130254.0,-0.022132365
NKn2jQXYYr0,HOW DIRTY IS YOUR MIND?,pewdiepie,adult,13514979.0,0.1011818
HB1mXzGSNwQ,Can't Fool Me. Accidentally Exposed Fake Natty,gregdoucette,adult,491269.0,0.055630215
2K4_dNwyc5o,Nah. - RL Minecraft - 2,pewdiepie,adult,6859023.0,0.02888795
B6jpF_RneG4,SUDDEN DEATH! | Ultimate Chicken Horse #2,jacksepticeye,adult,4292616.0,0.12193009
58XutHisGx8,Ticked OFF || More Lies,gregdoucette,adult,118553.0,-0.0010364149
WQtkI23Nr9o,Paranormal Activity / SUMMONING SATAN IN VR!! (HTC Vive - Part 8),pewdiepie,adult,7709671.0,0.16149095
rnWBwnnvvOg,THIS PLOTWIST BLEW MY MIND!!!! - Secret end,pewdiepie,adult,3568855.0,0.1506036
AJkrpKsSRBM,"The WAN Show - OMG our New Set is Done!! - September 25, 2015",linustechtips,adult,233626.0,-0.02708805
WA20nrjjxDg,"Vantec NexStar 3 SuperSpeed USB 3.0 3.5"" Drive Enclosure Unboxing & First Look Linus Tech Tips",linustechtips,adult,32107.0,0.0648478
qFscP0AjbW4,Linksys SE2800 8 Port Gigabit Network Switch Unboxing & First Look Linus Tech Tips,linustechtips,adult,48037.0,-0.029444043
HzEA_Qozc7g,HD Tutorial: Edit Web Pages with Javascript,mkbhd,adult,7393.0,0.18665877
RmbOD4ljYZA,We did WHAT to Linus’ car?? - Viewsonic PX747 4K Projector Showcase,linustechtips,adult,782836.0,0.11226266
IZY9bSez_TE,PLEASE DON'T KILL ME | Hello Neighbor #2,jacksepticeye,adult,5022302.0,0.1339098
rrz1wiSSe_8,"Swiss Food Tour - CHEESE FONDUE and Jumbo Cordon Bleu in Zurich, Switzerland!",markwiens,adult,5168971.0,-0.16564319
TVIbmjekmyE,send this to your crush with no context,emmachamberlain,adult,3576585.0,0.18323702
9FppammO1zk,The Most Dangerous Weapon Is Not Nuclear,kurzgesagt,adult,6405434.0,0.13889425
zrrTvYO1174,I GUESS I'M AN ALIEN NOW | Prey - Part 10,markiplier,adult,1759642.0,0.1353931
Zf0XOBhOWSY,CALLING the MARAUDER a CHUMP RIGHT to his BIG DUMB FACE | DOOM Eternal - Part 5,markiplier,adult,3095491.0,0.11784533
6Smu8YbwZ9Q,Samsung Galaxy Note 3 Impressions!,mkbhd,adult,365134.0,0.096795976
hLLkZsyjn-M,Bizarre Japanese Bar Food and the Secret Nightlife of Tokyo’s Salarymen!,sonnysidevlog,adult,3163789.0,0.030945363
P8O18WkPOjE,MY FAVORITE MAKEUP BRUSHES,jamescharles,adult,1048253.0,0.0065561663
ssYxE_hLoV4,No Secret Tricks | 12 Weeks Out Update | Road to the Pro Stage Vlog 12,jeffnippard,adult,10474.0,0.06572177
Z_cdv1FTDzI,ES ANDONI NATURAL O NO?,gregdoucette,adult,110581.0,-0.13138789
LjXTgRoS4ps,Hotline Miami: BLOODY GOOD FUN,markiplier,adult,1964572.0,0.08899042
H7IMrYA5Tas,Exploring The Lost City of PETRA | A Rollercoaster of Emotions,kara_and_nate,adult,505743.0,-0.057942994
5BiLeROrodE,RockJAW Arcana + Hydra + Alfa Genus V2 Earphones TRIPLE Unboxing!  | 4K,mrwhosetheboss,adult,4810.0,-0.08582569
MTejZ3_PM_A,NO MORE CHICKEN.,twosetviolin,adult,161508.0,0.0601457
BObF5PfaNuY,BREAKING: Trump Wants To CANCEL Income Taxes!,grahamstephan,adult,258226.0,0.07370997
gw8p5Jnb9fA,Create a Professional Video Lighting Setup on a Budget!,mrwhosetheboss,adult,111967.0,0.06391296
lUciL2-uUco,"If You Can Roast Slowly, You Can Roast Quickly...",twosetviolin,adult,1123750.0,-0.03798259
N5cmE9OtJMM,FOLLOWING THE FIRST TUTORIAL I'VE EVER WATCHED! | NikkieTutorials,nikkietutorials,adult,2361705.0,0.041203022
4-206PuCtuY,FACE SHAPE CHANGING LACE MASK??,nikkietutorials,adult,1840242.0,0.19862026
iuX7htUCtjE,Get W at every Walmart nationwide 🏆🌍,jakepaul,adult,39624.0,-0.0056860084
rX5z0tamnKI,Should you buy Walmart Gamer Gear? #SHORTS #walmart,linustechtips,adult,676074.0,0.022184465
do7d5erCRSU,KILLER CRAB EXTREME DARES  (GONE WRONG),jakepaul,adult,7636744.0,0.19399156
pwXWEApOjTg,Corsair Vengeance 1500 USB Gaming Headset Unboxing & First Look Linus Tech Tips,linustechtips,adult,109897.0,0.0056065917
-n0lKyrSJB4,"New Orleans - HUGE FOOD TOUR!! Green Oysters, Mufuletta, Jambalaya, + Po’boys!!",markwiens,adult,3288524.0,-0.1650022
DJdeWFGJCew,Drunk Minecraft #23 | ARENA MASTERS,markiplier,adult,778051.0,0.06343019
VpdrSHg6BjA,"The WAN Show - 4K Smartphones & AMD Lost $180M - April 17, 2015",linustechtips,adult,178038.0,0.05769503
4vIVPbyhrP8,November Hits and Oh God No’s 2014! | NikkieTutorials,nikkietutorials,adult,163789.0,0.0985764
rEnRhzB-rcc,Asus Transformer Prime First Impressions!,mkbhd,adult,44857.0,0.0013346635
vP7V4K73MLY,I Slept in a Strangers Home in Iraq,drewbinsky,adult,303780.0,0.089434415
p7w7Vb28Pl8,HADI CHOOPAN UNBEATABLE - Vancouver Pro 2019 Review,gregdoucette,adult,33677.0,-0.113304995
l9nTejkslMY,We Made the World’s Biggest Blaster!,dude_perfect,adult,21592518.0,0.063187554
q91ObMQFqiE,Christmas Makeup: Double Eyeliner and Dark Glossy Red Lips,nikkietutorials,adult,445415.0,0.047848277
5hj2CA3dJiA,10 BEST Life Hacks You MUST Know!,unspeakable,adult,15361990.0,0.220629
UhP9nlirRA4,"I GOT MY MOM A $20,000 CHRISTMAS PRESENT {PLEASE DON’T WATCH THIS MOM}",jakepaul,adult,2805808.0,0.21193916
hPrOyeOjrV0,THE BEST MAKE UP? (Thanaka in Myanmar),drewbinsky,adult,89511.0,-0.022353236
vlk3jAOCmWE,Using -100 IQ In Among Us,jacksepticeye,adult,5751820.0,0.081159495
5puD07zpX1A,"The WAN Show: Steam OS, Console & Controller, AMD R9 290X & GUEST Austin Evans - Sept 27, 2013",linustechtips,adult,195798.0,0.05177184
Rrnrsno9YKE,Snowboarding Flipbook by Adam Taylor,andymation,adult,158045.0,-0.021196
v7fVLT0XVjE,"No, But it Got in My Mouth Though",unspeakable,adult,1550052.0,0.1632652
9EcvjFJFSwk,The Steam Deck is Here. #SHORTS,linustechtips,adult,1452344.0,-0.0007393807
MCWmQbbIFjc,“Gaming Web Browser”… R U kidding me?,linustechtips,adult,5049585.0,-0.03681127
WER_dxRn5Bk,$1 vs $50 Phone Case,mrwhosetheboss,adult,5960682.0,0.07125658
72RIlg4xevI,You Have 5 Years Until AI Takes Your Job.....,grahamstephan,adult,47616.0,-0.008540297
BAFGcTA6OCM,I DON'T LIKE YOU... | Cuphead - Part 2,markiplier,adult,8186919.0,0.10070263
rAfMmIYja_I,"$1 vs $5,000,000 Car!",unspeakable,adult,15625803.0,0.2137953
YmuOwOb35qs,Samsung Galaxy Note 3 Hype!,mkbhd,adult,709620.0,0.08514647
DFHhudWafUU,Zalman R1 Computer Case - A Value Buyer's Dream?,linustechtips,adult,511017.0,0.073074855
QazsDS8TQ0w,A geyser that shoots sparkling mineral water,tomscott,adult,1790865.0,-0.054810002
NiMBk0NSLiw,[Funny/Horror] Amnesia: LOTS OF MR CHAIRS - WHITE NIGHT - Part 1,pewdiepie,adult,502779.0,0.10798457
KF9PcUoFoTI,Why Rich People Are Buying Dinosaurs! 🦕,grahamstephan,adult,278674.0,-0.010914246
aAmHdUcGofE,LOOK INTO MY EYES | Ninjala #2,markiplier,adult,812495.0,0.07582155
A2t5oZCXEKs,BAD FOR JACK | The Forest - Part 14,jacksepticeye,adult,1679767.0,-0.042814773
5U2fmvh9_Is,"Battle Pirates, Hellstrike vs Epic Base!",mrbeast,adult,82839.0,0.10848887
nRgyggAsta4,I'm Making A Bloodborne Movie (Not Clickbait),jacksepticeye,adult,1558344.0,0.2221232
0ZYGZP0ZBbY,2000mg Test + MEGA Cycle || Larry Wheels,gregdoucette,adult,253164.0,-0.116756186
5YtZz-Y2WLw,Van Life with My 88 Year Old Grandpa (getting his life advice),kara_and_nate,adult,867292.0,-0.06809543
nMaMjLT_DdQ,Customize Your Vlogging Camera with a Circular Saw,caseyneistat,adult,3799716.0,0.0874257
4KbrxIpQgkM,Nothing Phone 3 Review: They Lied!,mkbhd,adult,4006967.0,0.06468553
qR4l1haDjvM,RUST! TURBO DISMOUNT! RAAAAAGE!! | Dream.exe Markiplier Fan Game - Part 2,markiplier,adult,2074194.0,0.047576476
iyrLAVbPdZw,I GOT SCAMMED | Deltarune Chapter 2 (Part 3),jacksepticeye,adult,2666955.0,0.05803504
VDStRJ9X8BA,Guessing Christmas Songs from Lyrics ONLY,roomieofficial,adult,270871.0,0.015337063
YN0KSH0ZC8E,WHAT IS MY MENTAL AGE? (Shocking Result),jacksepticeye,adult,1631097.0,0.16100986
lzfUPslRRHw,A Minimalist Approach to Business,mattdavella,adult,332985.0,0.017564733
Hzfb3zb_z2o,Is The Rock Sick? || Lost Even More Muscle,gregdoucette,adult,782915.0,0.05506404
XV_WP85r4MY,"Reviewed: Solo 17"" Laptop Messenger Bag [HD]",mkbhd,adult,3536.0,0.04192388
E_HxCnP4zls,"Setting The Trends, Not Following Them. Ep. 3",peterMcKinnon,adult,57654.0,0.033618137
n2W9ZdqHVws,6 TERABYTES of DDR4!?,linustechtips,adult,579051.0,0.06745604
WfVF-Ec4naQ,iOS 16 Hands-On: Top 5 New Features!,mkbhd,adult,10372011.0,0.043445818
kQjuZCAG2bM,Guessing Instruments from Hand Pictures,twosetviolin,adult,1705957.0,-0.02780784
lBMAdwBLYgs,BECOME THE ULTIMATE DOUCHE | Douchebag Workout 2,jacksepticeye,adult,17517125.0,0.21504864
s8Y9vDTr1N0,EQUATOR EXPERIMENT,kara_and_nate,adult,118329.0,-0.17193246
SIXsUks5ob4,Best Italian Food in NYC!! 🍕,besteverfoods,adult,43540.0,-0.091375306
abuNq1io0LA,ATHENS FOOD TOUR!,kara_and_nate,adult,215764.0,-0.1946482
mdsbB1Vp0Xw,Check out Esther's YouTube Channel,linustechtips,adult,35393.0,0.06563372
1coImN5OmQ4,MY ASS IS GOING VIRAL | Plague Inc. Evolved #1,jacksepticeye,adult,9348988.0,0.19638374
VML8r0B9OyY,"Erik the Electrik || 10,000 Calorie Anabolic Cookbook Challenge || The RESULTS!!!",gregdoucette,adult,218084.0,-0.10509452
qJE_0I10nnQ,REAL LIFE HIPPOPOTAMUS PEOPLE,caseyneistat,adult,1443309.0,0.052182917
IMBWdjBtMrE,Mad Father | Part 9 (Final) | THE EPIC CONCLUSION,markiplier,adult,1660683.0,0.24856654
5DyXaECXk98,Classical Musicians Rate Pop Songs on Billboard Hot 100,twosetviolin,adult,834803.0,-0.048535757
IDvsQ2duKRA,OPPO Find X2 Pro Unboxing - The Spec Monster.,mrwhosetheboss,adult,2125852.0,0.11893755
d6iQrh2TK98,Why is this number everywhere?,veritasium,adult,11753153.0,0.05247337
yR0ZGltMUTM,What's on my Android Phone 2013!,mkbhd,adult,632740.0,0.13660172
zZhFuKFQKyE,This Won't End Well For Kali Muscle,gregdoucette,adult,122160.0,-0.08594904
pfkl2iQooGE,"BUCKSHOT ROULETTE w/ ""PILLS"" | Side Effects",markiplier,adult,2065254.0,0.1493888
n44I4F490TQ,"Greg ""Mutant"" Doucette Posing Off season 210 lbs May 16 2010",gregdoucette,adult,13073.0,0.043574195
39ADYSVLyLk,MASTER TRICKSTER | Volume,jacksepticeye,adult,1054323.0,0.1538778
ArW1Uzh58_A,PUTIN PLAYS BEETHOVEN?!,twosetviolin,adult,473192.0,0.12814009
IBGVx-gn8yY,12 Levels of Paganini,twosetviolin,adult,2484846.0,-0.13832688
1lrRYyTdcmc,Screw Mainstream Bodybuilding,gregdoucette,adult,94255.0,-0.0532433
eUnrI7RvRX4,Should you buy the Playstation TV in 2015?  -  Full review !,mrwhosetheboss,adult,98217.0,0.059104107
DNXVSPL1hvc,Unboxed: Epson NX415 [HD],mkbhd,adult,15730.0,0.103480294
j3OqAN4ISOw,Boarding planes could have been very different,tomscott,adult,3713504.0,-0.057132173
44jMjJN0HcE,Deloads Are For Wimps,gregdoucette,adult,45760.0,-0.1011114
lmIO18kLcZU,35 Hidden Smartphone Tricks.,mrwhosetheboss,adult,8752985.0,0.21547158
wnLSQ_Sm_cc,(5 Weird Stuff Online - Part 28),pewdiepie,adult,13398745.0,0.06325611
MlPAmRN-uwg,Well that escalated QUICKLY 😳🎱,dude_perfect,adult,60622849.0,0.26155728
tB-bFCxBu6g,3 Fake Fake Natties In A Million Back Workout,gregdoucette,adult,112790.0,0.06404131
LATePJagx74,The Spotify Top 5 is WILD (w/ HTHAZE),roomieofficial,adult,400478.0,-0.022468418
OFHgGeV6684,Steroids Warped my mind,gregdoucette,adult,93108.0,-0.0033984482
t1JGxNARW0E,I BOUGHT A Submarine! (real) - Subnautica - Part 5,pewdiepie,adult,5247638.0,0.11900996
Xkf2-tvmZf0,Cat Simulator.,pewdiepie,adult,4490541.0,0.06661445
WPiCSsW-2as,IRON LUNG,markiplier,adult,16680935.0,0.17659621
hycqNOPY8mk,Nang Loeng Market (ตลาดนางเลิ้ง) - A Tour of Food and History in Bangkok,markwiens,adult,168726.0,-0.09314126
pdoiZYmD7uM,Classical Musicians React to Violin in Cartoons,twosetviolin,adult,4197779.0,0.016140323
Efa-dQjnEbg,Metro Last Light - CITY OF PHANTOMS - Part 26 PC Max Settings 1080p Walkthrough - GTX 670 i5 3570k,jacksepticeye,adult,13961.0,0.07417946
dU7Eo9S-6Mk,Is this Steam Deck TOO powerful? #SHORTS #steamdeck,linustechtips,adult,3694547.0,0.0011582412
q-MZuEt0UCA,HOW TO LEARN THE HARD WAY | Five Nights at Candy's 3 - Part 4,markiplier,adult,3353466.0,0.046987757
bdKOsBOKuE8,Cry of Fear Standalone - FRIENDZONED! - Gameplay Walkthrough Part 11,jacksepticeye,adult,31433.0,0.14465046
HGPOQ4UiQ4w,3 SCARY GAMES #108,markiplier,adult,3962451.0,0.15367271
HGejoByDSX4,PERFECTLY HIDDEN | Gmod: Prop Hunt (Funny Moments),jacksepticeye,adult,6168366.0,0.21449882
sbdNCx4CsAE,These Are The World's Smallest Economies,drewbinsky,adult,757552.0,0.03656472
MZqCZ_KT-70,How to Grow a YouTube Channel From Nothing in 2026,aliabdaal,adult,412187.0,0.13066238
UI2fzaXO78E,BMAT Section 2 Maths - 3 tips to boost your score | BMAT Tips Series,aliabdaal,adult,31936.0,-0.05450451
GQq4edqvPa8,Noctua NF-P12-1300 silent fan 120MM Linus Tech Tips,linustechtips,adult,136691.0,-0.008776022
VodrfKkjSO4,We’ll see November 15th 👀,jakepaul,adult,78586.0,0.027253458
ez11GCx1pC8,This Painting is Worth $250 MILLION,grahamstephan,adult,734542.0,-0.009438811
VYCnnRUDhBQ,Brandon Harding's New Coach!!!,gregdoucette,adult,105408.0,-0.07228413
RjMqv2iwHco,How Korean is the Philippines? (feat. Ryan Bang),drewbinsky,adult,787864.0,-0.00015019625
1BYCVhIH-VM,"MINING GOLD FOR $3,000 A DAY",drewbinsky,adult,182203.0,-0.08712986
v0khgPev_b8,WE CAPTURED THE TEXAS CHAINSAW KIDNAPPER!! **scary**,jakepaul,adult,5217539.0,0.19543086
R3NNUQtox2U,I Am The Worst Coke Zero Delivery Driver in BEAMNG.DRIVE,jacksepticeye,adult,3698360.0,0.169725
pTvz6K3qxmo,Razer Blade Thin & Light Gaming Notebook Featuring Switchblade Unboxing & First Look Linus Tech Tips,linustechtips,adult,1614533.0,0.0522699
4ir-A7E5fYA,Walking Through Yemen’s Ancient Vertical City (Shibam),drewbinsky,adult,345454.0,-0.1703534
2qanMpnYsjk,How Amazon's Super-Complex Shipping System Works,wendover,adult,3863784.0,0.03316088
DxL2HoqLbyA,The Most Misunderstood Concept in Physics,veritasium,adult,28522542.0,-0.011427935
I-VP4FRbvy8,Becoming the BEAST! || Weight Loss,gregdoucette,adult,91022.0,0.026072979
o1dFc2oVkPQ,The Power of Batching 📝,aliabdaal,adult,196131.0,0.0046027973
_0Q7xF07_eg,Corsair Obsidian 900D Ultimate Enthusiast Case Feat. George Makris - Linus Tech Tips CES 2013,linustechtips,adult,464579.0,-0.0031920355
_9prH7NFmLI,My FBI Declassified Story,mkbhd,adult,7828795.0,0.20098242
h-vWRLGnTGg,the importance of picking a fight you'll never win,caseyneistat,adult,2075382.0,0.080597274
Mf2up8PFLJQ,Zanzibar Island - Africa's Best Beaches and Street Food (Video Guide)!,markwiens,adult,521894.0,-0.0599221
lX9NdNvq78Y,HD Tutorial: Zoom in Camstudio,mkbhd,adult,14031.0,0.10893163
khZYkAUdoko,Lord of the Rings - Uruk Hai [2set Violin Cover],twosetviolin,adult,100784.0,-0.05827433
AU6W_YkqILY,Extreme Cooler Showdown Corsair H70 vs Noctua NH-D14 Linus Tech Tips,linustechtips,adult,232875.0,-0.009074154
vyr1YxhxlDU,Amazing Frog #2,pewdiepie,adult,5095340.0,0.024105124
N1nREo5eIy0,TORTURING FOR SENPAI!! - Yandere Simulator - Part 7,pewdiepie,adult,6070469.0,0.09496965
dD6RKgYqmO8,"Thai Street Food - 🛵 MOTORBIKE DELIVERY at Home in Bangkok, Thailand 🙏",markwiens,adult,2547060.0,-0.033952672
oKTmhPEWsMo,"Google's ""Trust Me Bro"" Guarantee - Linus Reacts to Made By Google 23",linustechtips,adult,1400984.0,0.03224001
OnKcosb76Z8,Professional vs Beginner French Horn,twosetviolin,adult,665082.0,-0.13514744
a8XqBEMA_Lk,I keep making the same mistake.,mattdavella,adult,222296.0,0.09846003
THV156MB0Vw,$1 vs $300 Bubble Machine,mrwhosetheboss,adult,48785561.0,0.09557982
V-53yPRAYWY,A FUN FAMILY DRIVE | Guts And Glory #6,jacksepticeye,adult,4207124.0,0.054526232
6qhvCENpUlU,Cleaning this boy up and getting the W. June 29th PFL vs UFC,jakepaul,adult,158675.0,0.1507156
VA6SK6gcGn8,I DESTROY people at MY OWN Game,pewdiepie,adult,3662180.0,0.31301823
Hc0aqOEU2w8,Bluey Phone Review,mkbhd,adult,3886720.0,0.00039127655
VSlBP8YO_sM,They Come at Night...,jacksepticeye,adult,3441491.0,-0.008559532
Bf4Hs5E9eNg,This Book Made Me a Happier Person,aliabdaal,adult,716306.0,-0.19905493
N8M8OOe3SV4,Apple Watch Ultra Impressions: Polished Overkill!,mkbhd,adult,5187706.0,0.10418581
r_1dwua3B1g,YOU’LL NEVER GUESS WHAT THIS PRODUCT IS…,jamescharles,adult,4395407.0,0.09125751
9LjvaIifKjU,Cambodia’s Street Food Dollar Menu!! Cheapest in Asia!!,sonnysidevlog,adult,4232221.0,-0.10768522
tRuoAVPL0Uc,"The Land, Air and Sea Remote Controlled Quadcopter!",mrwhosetheboss,adult,52779.0,-0.120041095
EPHbUzsMN90,Ground Up 061 - Simple Advice w/ Matt D'Avella,mattdavella,adult,84033.0,-0.023984632
Skry6cKyz50,Does Intel WANT people to hate them??,linustechtips,adult,1798049.0,0.091654554
KM18UACOxBA,So obvious,twosetviolin,adult,506769.0,0.12091383
3f26-27zap4,PUBG MOBILE on Android - Disastrous or Revolutionary?,mrwhosetheboss,adult,266852.0,0.021460675
nCj10Zg8L0k,OCZ IBIS & HSDL Extreme Performance SSD Unboxing & First Look Linus Tech Tips,linustechtips,adult,18330.0,0.10305302
xwWw9g0EgHA,Flamethrowing Guitar & Smokin Bass,colinfurze,adult,2806004.0,-0.029001933
HqHQFm5L6Zc,BMW Hot Tub First Tests and Issues,colinfurze,adult,4255121.0,0.004344471
ZQe4_wTKO_4,The UGLIEST Gaming PC,linustechtips,adult,2341227.0,0.08589528
LlfsGeq18F4,How Fast can these YouTubers write a HIT SONG?,roomieofficial,adult,413827.0,0.13013652
FRcGD-TCFrs,IT'S REALLY HAPPENING!,caseyneistat,adult,2094824.0,0.19483146
xshc8DLVq48,Battlefield 4 - New BF4 Site - Dynamic Weather and what does it mean for Gameplay?,jacksepticeye,adult,18232.0,-0.039548684
tuf0OEErw_M,This Lamborghini Costs $1 MILLION,grahamstephan,adult,284767.0,0.06356087
BfQ5GSyIc5o,HOW ANGRY CAN ONE MAN GET? | Cuphead - Part 1,markiplier,adult,14951646.0,0.17414746
D16JqJyjaq4,BOB THE BUILDER | Factorio Gameplay #1,markiplier,adult,1911750.0,-0.016844094
xT-1QP5qSUY,2 Types of Violists,twosetviolin,adult,440206.0,-0.05828194
AQnPujLx2Os,MY BOYFRIEND’S DAD DOES MY MAKEUP | Jeffree Star,jeffreestar,adult,4825544.0,0.13059418
25gvAYuVBKs,Finding Minimalism,mattdavella,adult,99903.0,-0.021976182
ozQdxlYNnH8,"Chicken Curry Jacuzzi!! South Indian STREET FOOD Tour | Thiruvananthapuram, India!",markwiens,adult,3136447.0,-0.116235934
h1SvAVZVl68,Best Ever House & Fridge Tour + Travel Update!!,besteverfoods,adult,1999581.0,-0.11546573
uzx7c-w5Psw,Songs That Shouldn't Work Together But Do #4,roomieofficial,adult,2273487.0,0.005540367
e-WDnDPNK70,DIOR 'ROUGE' LIPSTICKS: Review & Swatches | Jeffree Star,jeffreestar,adult,1625641.0,0.053923666
XV9LWMsMt6U,Amnesia: A Machine For Pigs | Part 3 | SQUEAL LIKE A PIG,markiplier,adult,687978.0,0.035697896
rGW885UkflU,Busting Scary Minecraft Legends to Prove Them Fake,prestonplayz,adult,5953470.0,0.24114046
1Jwo5qc78QU,YouTube's copyright system isn't broken. The world's is.,tomscott,adult,8917993.0,0.13493302
_arb8Fu3LXo,Are Your Friends More Popular than You?,kurzgesagt,adult,2945230.0,0.0053588115
YQAcw0rervw,$69 Extreme Value Phanteks Eclipse P400 - CES 2016,linustechtips,adult,367439.0,-0.034799278
NESWvnVj0B0,ClickPLAY Quickfire,markiplier,adult,1256621.0,0.073391825
dTFDkEUeF7s,Wikipedia Recognised My Perfect Pitch,twosetviolin,adult,607815.0,-0.060751
iw4JfKcVWzc,THE GREAT MIGHTY POO - Conker's Bad Fur Day (4),pewdiepie,adult,4149478.0,0.12543261
KYTRqA_-m94,Thailand Vegetarian Food Festival (Part 1) - Bangkok 2012 เทศกาลกินเจ,markwiens,adult,59569.0,-0.12529784
F0zhwl8454Y,Google Nexus 5: What to Expect!,mkbhd,adult,320672.0,0.08123662
-7dTzc8kTOY,FEEELINGS ABOUT THE IPHONE X,caseyneistat,adult,4815477.0,0.19918212
Za0IBV7cIXk,Chuwi Vi7 - How Cheap can a Tablet be? - Full Review | 4K,mrwhosetheboss,adult,26561.0,0.02334556
NZIWBzyRdgg,Shaun Clarida || Let's Get Rid Of The 212 Class,gregdoucette,adult,73812.0,-0.059651878
Al3D4x0Bfvw,Horrors of the Deep,markiplier,adult,2691587.0,0.14492854
hn1pjPHQlcQ,Revealing My ENTIRE $13 Million Investment Portfolio | 30 Years Old,grahamstephan,adult,1137934.0,0.015758034
fI947wgrVsk,WALL TWERK - (Fridays With PewDiePie - Part 65),pewdiepie,adult,6007675.0,0.13556017
6353jekW_kk,START CRUSHING YOUR INSTAGRAM STORIES! Why THIS matters,peterMcKinnon,adult,1293472.0,0.22973078
jcSB1B99Clg,PEE MY PANTS - Night of the Sacrifice (Ikenie No Yoru) - Part 3 w/ Heartbeat Monitor,pewdiepie,adult,942017.0,0.1304013
eV-Siv0osPQ,14 Year Old On Tren,gregdoucette,adult,864281.0,-0.054232754
Qy_HzvVbfWQ,$1 Banh Mi Vs $100 Banh Mi - The Complete Guide to Banh Mi in Saigon (Featuring Kyle Le),besteverfoods,adult,3122996.0,-0.011210764
WcleAjhp7AA,Greg Doucette Natural,gregdoucette,adult,161131.0,-0.16666664
Fs8vouT0ZBc,I'M NOT READY FOR THIS | Emily Wants To Play VR (HTC Vive Virtual Reality),jacksepticeye,adult,2130903.0,0.11576868
75Jfls-xK5k,SHOULD WE LET LOGAN MOVE IN?! (Big decision),jakepaul,adult,9653654.0,0.12803826
k7eg7dp7Ttk,Metro Last Light - SHADOW ATTACK - Part 25 PC Max Settings 1080p Walkthrough - GTX 670 i5 3570k,jacksepticeye,adult,13421.0,0.15441352
Z1saPUw-PL4,Top 100 MOST STREAMED Songs of All Time (Updated 2024),roomieofficial,adult,718986.0,0.13883695
8piA_MQ5gQQ,YOUTUBE'S SECRET UNCOVERED!,pewdiepie,adult,3046548.0,0.10504451
iZ7rYKDTbss,This Is Depressing. Eddie Abbew,gregdoucette,adult,94116.0,-0.032677293
dPOX5SxcWUo,How to Earn Money Doing What You Love,aliabdaal,adult,163747.0,0.0664119
zeJD6dqJ5lo,But what is the Central Limit Theorem?,3blue1brown,adult,4378893.0,-0.030392768
gV1MwHg_aDI,"The WAN Show - Valve, You Suck Right Now & Google a Carrier?? - April 24, 2015",linustechtips,adult,201256.0,0.1135203
OWM9sW2DYdM,burning a fat one with my wife's parents,caseyneistat,adult,1397884.0,0.15515244
T5K5sJ6wQQA,MAKING BABIES | The Sims 4 - Part 6,jacksepticeye,adult,5407012.0,0.14187169
JXjjQPVOFXc,Resident Enis 2: Monster Gulch BLOOPERS!!,markiplier,adult,1402784.0,0.006854185
3ZOn-maP5cs,Zen and the Art of Transhumanism,markiplier,adult,1725280.0,0.086911015
asbAlDd6wrM,Running Back to NEW YORK CITY,caseyneistat,adult,2107577.0,-0.008675426
6UqukuGASmE,CAMPING GONE WRONG | Happy Wheels - Part 98,jacksepticeye,adult,4580929.0,0.0074096015
NeNfrTx9UD8,Which $0 Phone Case Wins?,mrwhosetheboss,adult,2134098.0,0.08585806
D8v95PMSTKI,CaseOh Is A Fake Natty,gregdoucette,adult,159332.0,-0.059449848
t_mFYGKzoNg,BUILDING WORLDS BIGGEST LEGO HOUSE! (LIFE SIZE),unspeakable,adult,2590408.0,0.054200504
L89v2tRyO7g,Markiplier Animated | MARKIBEAST,markiplier,adult,4987648.0,0.1603902
Mqr2Wibe7Cs,Editors Keys SL600 Condenser Microphone - A Streamer's Dream?,linustechtips,adult,318040.0,0.022599803
xzzFOX_iDew,The Strangest Movie You'll Ever Watch... (Japan World Cup - Part 1),pewdiepie,adult,4429823.0,0.102033615
WE6tDn75mV4,HOTTEST GIRL ON YOUTUBE,pewdiepie,adult,6116558.0,0.14913729
UJ9Lbao6j-c,Exploring Drones with Deadmau5!,mkbhd,adult,858279.0,-0.019368483
AmF6xoVAVI8,WE'RE SO GOOD... | Chained Together - Part 5,markiplier,adult,2466514.0,0.066599324
Ghqmh9y3AYU,Gigabyte P67A-UD7 P67 LGA1155 Sandy Bridge SLI Motherboard Unboxing & First Look Linus Tech Tips,linustechtips,adult,53258.0,-0.017349869
CqjUN2XlCao,I am the Godfather 😤,jakepaul,adult,1135843.0,0.030705044
H1l7eVepxqo,The Princess TAG ∙ Favorite Luxury Beauty Products,nikkietutorials,adult,220186.0,0.023051646
-QhE3pxZMC0,This is THE ONE. Mavic Air 2 (With actual footage),peterMcKinnon,adult,995471.0,0.04041607
CYxtOfvkXeo,HARRY POTTER FANFICTION,pewdiepie,adult,3994227.0,0.09947405
HeerhuEbzjc,Classic James,unspeakable,adult,3511601.0,0.091341585
vicqeNtROCc,UNICORN HORN STAB | Whack Your Boss 2 Fantasy Edition,jacksepticeye,adult,8446466.0,0.19279703
n4K5eZbyzEc,Things I Wish I Knew...  - (Fridays With PewDiePie - Part 99),pewdiepie,adult,4188648.0,0.08761223
-kbisF1wk-o,THE BEST TECH UNBOXING EVER?  NEW P.O. BOX!!,mrwhosetheboss,adult,99483.0,0.07456344
0II-qU0ADr4,"Japanese Street Food - ORIGINAL FRIED RAMEN + 5 Must Eat Foods in Fukuoka, Japan!!",markwiens,adult,3377391.0,-0.052982353
-qn_cTHvfOY,"Ariana Grande, don't hate me... R.E.M Beauty Review! | NikkieTutorials",nikkietutorials,adult,4968667.0,0.17164898
mJY-HhPcFhQ,Casey Neistat Studio Tour!,mkbhd,adult,6573676.0,0.019178532
H6TMJIMnIn0,FORTNITE FUNNY MOMENTS,markiplier,adult,2234753.0,0.1087596
jHzdyjrhNEw,GIANT HUMAN HAMSTER BOWLING CHALLENGE!,unspeakable,adult,328688.0,0.121657036
7VzDrqjhcXs,RC Edition 2 | Dude Perfect,dude_perfect,adult,23777978.0,0.08172176
kpW1XXTsM3E,THIS WORLD IS MINE | Reigns - Part 2,markiplier,adult,1322725.0,0.16001055
ubVGKqW7pBM,Villagers SPLIT The Village in HALF Against Iron Golems!,prestonplayz,adult,5340711.0,-0.03543798
y-ZfIxa6dhY,One CPU To Rule Them All - Ryzen 7 9800X3D Review,linustechtips,adult,1900797.0,-0.050670944
7emz4zZ226E,The Biggest Problem with AI!,mkbhd,adult,2607377.0,0.19924578
5VMckmQneCk,Samsung S25 Ultra Review - Things just got Messy.,mrwhosetheboss,adult,5364860.0,0.077879384
7CYc76oerfY,ALL MY ACCOUNTS WERE HACKED  *How this happened*,grahamstephan,adult,31597.0,0.1644463
bxCmy0ZORQg,I've got some news...,jakepaul,adult,69480.0,0.09353927
5qjSGEOEaXo,"How Much Latency Makes You a WORSE Gamer? - FT. TypicalGamer, BBNO$, Khanada",linustechtips,adult,1185414.0,0.057238042
IJaJ0pwdqUU,The Dumbest Laptop DELL Ever Made - Dell XPS m2010,linustechtips,adult,4485792.0,-0.025531713
iyKU1UwUAqQ,Above Earth HTC Phone Footage and Fireworks part 2 Freezer test (2 of 3),colinfurze,adult,710186.0,0.1078062
HIhWmF_NC24,"CRINGEMAS! w/ PewDiePie, Jacksepticeye, Emma Blackery, Markiplier, KickThePj",pewdiepie,adult,11457669.0,0.19181597
rEIx8C2UhX4,iPhone SE vs iPhone 11 vs iPhone XR  Camera Comparison!,mrwhosetheboss,adult,5830261.0,0.111333996
YCS1_9Uwne0,Why the US' Land is Blocky,halfasinteresting,adult,1835821.0,0.13142765
4cClBt548Nw,I'm Sorry Remington James,gregdoucette,adult,156683.0,-0.048863254
zjC48c3ptt0,Scheduled Uploaded 6 Months Ago (REACTION),mrbeast,adult,151363.0,0.21696171
uVfTAMl45nI,A CHRISTMAS MIRACLE!! | Prop Hunt #40,markiplier,adult,5118492.0,0.08046438
ahdh1E1FvJk,"NVIDIA is Worth More Than Canada - WAN Show February 23, 2024",linustechtips,adult,725555.0,-0.00038731843
mW7Ydbg13zQ,When you look up in orchestra.....,twosetviolin,adult,369707.0,-0.07539482
bga1FUcsk3s,NOOB vs PRO HOT WHEELS RACE TRACK CHALLENGE!,unspeakable,adult,10002858.0,0.032839797
nQggHK36gK8,"Reviewing Kindles - Standard, Paperwhite, Signature, Oasis",aliabdaal,adult,968477.0,-0.060763028
a-El3Ych3hI,Google Hits Back at iMessage!,mkbhd,adult,22295243.0,0.12251047
JMkapF4mmoo,SO MUCH TREASURE | Sea Of Thieves #2 w/Robin & Ethan,jacksepticeye,adult,2148733.0,0.038197745
JwhsPdN2RNg,How to Film YouTube Videos on Your Phone,aliabdaal,adult,679475.0,0.24227911
x0wf8FHF1KQ,Why did James get so Mad?,unspeakable,adult,32357911.0,0.33328307
0hb3c4sRpcM,AN ARROW IN THE ASS! | The Hunter - Part 5,jacksepticeye,adult,2892003.0,0.095836736
M8IgbfFJ0tI,Intel vs AMD - The Ultimate Stock Cooler Showdown,linustechtips,adult,491139.0,-0.018294841
EZMNaT2NjXk,"21st Century Utility, 19th Century Swagger - DIY USB Typewriter",linustechtips,adult,1247328.0,-0.1326446
uFJDQH0AuHI,THE LANDS BEYOND | Baby Steps - Part 9,markiplier,adult,47955.0,0.07450855
_mpK6W54MPU,Surgeon Simulator on the IPAD?!,markiplier,adult,1562986.0,0.15044172
3kbdGHavGKg,How to Wake up Before 6am Every Day,mattdavella,adult,6264761.0,-0.11514875
rZYEEKOkTdw,CUTEST COUPLE ON YOUTUBE! - The Sims,pewdiepie,adult,5483298.0,0.120966196
AJrWvhtAW9I,Is Future Proofing Your PC Build Stupid?,linustechtips,adult,376131.0,0.0828726
x8-WTEy8plo,Wrestlers are NO Different Than Gymshark Models,gregdoucette,adult,48508.0,0.02423349
d_ftEjwfCus,The Walking Dead: 400 Days | PART 1 - VINCE | Gameplay Walkthrough PC (Commentary/Face Cam),jacksepticeye,adult,2237597.0,0.0817776
ae9IxwoEpQ8,How To Get Under 8% Bodyfat Naturally,jeffnippard,adult,1558387.0,-0.014485837
CSmn_x4x9tU,GOOD ENDING - Infamous: Second Son - Gameplay - Part 11,pewdiepie,adult,4809033.0,0.15290141
gbcieiPTESY,Handy Tech Under $100 - Cheap Gaming Gear for Enthusiasts!,linustechtips,adult,947266.0,-0.074865915
BbDXdoM_Lkg,My Favorite Tools,simoneGiertz,adult,479794.0,0.064655356
BnR13ebPorE,BIRDS SPEAK AXENESE! - Cry Of Fear - Playthrough - Part 25,pewdiepie,adult,805884.0,0.035232253
pTyCn5oZBf8,Home Prices Falling - Avoid These Cities!,grahamstephan,adult,914111.0,0.03033514
e0HbhMehcNA,Ranking Girls by Appearance - Jubilee React #15,pewdiepie,adult,8697382.0,0.20487691
K9Qtf7P4WNA,Why He Has a TERRORIST BEARD (Iraq),drewbinsky,adult,352948.0,0.12175298
_T2SKLbpgB8,"The WAN Show : Thumbs up EA, Geek Squad Leaks Nudes?, and GUEST Ryan Shrout  - August 16, 2013",linustechtips,adult,52294.0,0.2582033
suFxAP-xnEI,WHAT IF DISNEY WENT BAD...? | Bendy and the Ink Machine,markiplier,adult,7500802.0,0.081796795
pgIyPxLm7f4,Best STREET FOOD in Mexico!! 33 Meals - Ultimate Mexican Food Tour [Full Documentary],markwiens,adult,1264057.0,-0.09667582
Y_QX7wHdpqw,How To Get Ebola? - (Fridays With PewDiePie - Part 84),pewdiepie,adult,8927124.0,0.11163059
zlj1_qwiekM,I Made A SHRINE To Ireland In Minecraft - Part 26,jacksepticeye,adult,4720348.0,-0.11350876
Q4Qo6we8yu8,Five Nights at Freddy's: Into The Pit - Part 1,markiplier,adult,11135358.0,0.04117965
TGJLlEXMSmM,72 Hours on a Celebrity’s Private Island,kara_and_nate,adult,1806882.0,0.111750506
VWp_KeCcOKA,WELCOME TO THE BONE ZONE!! | Mobs Inc.,markiplier,adult,1672665.0,0.09613151
3zvJziucK9k,VINE VIDEO | BORED IN CLASS!!,jacksepticeye,adult,15980931.0,0.11114393
YFCzMgP9GPE,I'M GOING TO PRISON! (Hard Time),pewdiepie,adult,5401238.0,0.11480476
UzDfyOwW0VM,Turning a Childhood Flipbook into REAL LIFE,andymation,adult,4369114.0,0.06920439
ehv3zQAa9zM,Apple AirTags Unboxing & Demo!,mkbhd,adult,9594193.0,0.0005811108
JCfI9Xlj7Io,"Australian Fast Food!! 🇦🇺 TOP 5 CHEAP EATS in Sydney, Australia!",markwiens,adult,4155146.0,-0.13915503
vXRx4rNgQBs,POKEMON TRAINER OR HOGWARTS? | Would You Rather? #8,jacksepticeye,adult,1772406.0,-0.10924379
6TALoEUNdOU,THE WORLD IS COLLAPSING! | Lemma #2,jacksepticeye,adult,2045221.0,0.0786023
FnwhYEUHw7k,The 6.9GHz CPU - LN2 Cooling,linustechtips,adult,3539557.0,-0.03322364
2yHE4Zm0aMs,RECREATING MY FOLLOWERS HALLOWEEN MAKEUP!,jamescharles,adult,1594670.0,0.09962529
sgRFp5-hmd8,KANIN OR POLISBIL?! - Cry Of Fear - Part 8,pewdiepie,adult,901422.0,0.1323984
ZtYrfPXFjho,"I’ve Been Silenced - WAN Show September 6, 2024",linustechtips,adult,807744.0,0.15839836
bol-_4NZjWE,Risky Thai Street Food!! Even Locals Don’t Eat This!!,besteverfoods,adult,2583985.0,-0.07641001
MLIUnpFKV08,Can I Survive 100 Days In a Waterpark?,unspeakable,adult,3990586.0,0.08305192
ve3yVTOfT0A,Creed 4… 👀,jakepaul,adult,244073.0,0.041571815
K1eskPuAxBA,THE MAKE OUT NO ONE EXPECTED!! (FREAKOUT),daviddobrik,adult,23443265.0,0.1346179
Ki7lqI6XE2s,The Toothbrush Machine,simoneGiertz,adult,756018.0,-0.07170245
qs8lH3PYna8,PERRIE EDWARDS Inspired Fresh/Nude Glam - Glowy Skin Makeup!,nikkietutorials,adult,2446784.0,0.034894556
03oX9OPZlw8,MAKING MY CHILDHOOD DREAMS COME TRUE!!,daviddobrik,adult,37205245.0,0.19843444
pLA1UelcDrE,Texting While Walking by Casey Neistat,caseyneistat,adult,1918082.0,0.08541408
ZJ7EZjKd9l8,MAJOR POOP EXPLOSION | There's Poop In My Soup,jacksepticeye,adult,2133349.0,0.15347102
4B9NpjDDReY,10 Most Disgusting Foods Around the World!!,sonnysidevlog,adult,1634851.0,0.17103158
tEJGUI76uXw,Classical vs Mainstream TV Competitions,twosetviolin,adult,1936999.0,-0.03844236
lgz9xW6Zj0A,Chica's First Camping Trip,markiplier,adult,745842.0,-0.124114975
hfo004_4xwU,Nothing else comes close to this - Sinden Light Gun,linustechtips,adult,1805133.0,0.07349925
mV0mLQfj6lk,What the Heck is an Xbox Certified Display??,linustechtips,adult,1187753.0,0.04018084
mgEfa9LinhI,We Are Better Than This!,jacksepticeye,adult,3116085.0,0.15626216
X8uBY5Arclw,Don't Starve - MAJOR MISTAKES - Part 15 Gameplay/Commentary/Surviving like a Boss,jacksepticeye,adult,87000.0,0.106332235
JPxjOflSTTo,The Best Science-Based Morning Routine,jeffnippard,adult,7864048.0,-0.19677158
t5w5mk1_K3A,Why Banks Are Collapsing (DO THIS ASAP),grahamstephan,adult,1222714.0,0.015931245
sW_1fB9AwE0,BEST FRIENDS BUY EACH OTHER OUTFITS ft. Dolan Twins & Emma Chamberlain,jamescharles,adult,41699583.0,-0.00033629593
k5Be2w9hVzI,ADORABLE MURDER | Slayaway Camp,markiplier,adult,5922493.0,0.15476142
vg2SXG10nFI,GETTING A LITTLE SPICY... | Huniepop 2 - PART 3,markiplier,adult,3607413.0,0.063227445
4FWSNqhBbII,Michelle Phan MakeUp Tutorial,twosetviolin,adult,183806.0,-0.017801544
iGSUsJ9UqaE,Subnautica | Part 39 | THIS WAS UNFORTUNATE...,markiplier,adult,2733792.0,0.040175866
bNVOBNPGVCo,"Look At Me I'm The Sponsor Now - WAN Show November 29, 2024",linustechtips,adult,601673.0,0.019768173
674m3U8zRsQ,We're breaking up,peterMcKinnon,adult,261513.0,0.037257332
UCAOkP2BatM,Global Pitch Warming - A Serious Threat!,twosetviolin,adult,347334.0,0.07687238
a70wuHut0rY,WORLD'S BIGGEST BALLOON CHALLENGE! (40+ FT),unspeakable,adult,14183902.0,0.0834117
z5Y9n9TBGek,If Apple Made a Camera 👀,mkbhd,adult,8873795.0,0.122089036
KeeeLsAa30M,"$39,000,000 Minecraft House..",pewdiepie,adult,3384111.0,0.015567539
Uu1GU8Suc3Y,The CRAZIEST modified Lotus Evora driving through Beverly Hills,grahamstephan,adult,97766.0,0.18445247
jjdovbu7lAg,SINGING BETTER THAN DAVIE504 (HE COPIED ME),roomieofficial,adult,589930.0,0.16040401
xwhJY2CMU1Y,Logitech Cordless Mediaboard Pro Bluetooth PS3 & PC Keyboard Unboxing & First Look Linus Tech Tips,linustechtips,adult,91114.0,-0.023903381
YiSN21jKp4s,The Single Australian Farm That’s Bigger Than 49 Countries,halfasinteresting,adult,1980717.0,-0.22286357
nxca6hH72U8,Happy Wheels - Part 18 | FLAPPY BIRD SWORD THROW | IDIOT TEST,jacksepticeye,adult,5399091.0,0.043333493
JWnSfe1U_GA,LG G4 Full Review - Best Superphone of 2015?,mrwhosetheboss,adult,67731.0,0.0027243625
Hwv7KYzjX78,Jamaican Street Food in Kingston!! 🦀SPICY CRAB POT + Jerk Pan Chicken in Jamaica 🇯🇲,markwiens,adult,6530110.0,-0.14181417
wcJ1l_L6DtM,POLISBIL KILLED ME D: - Cry Of Fear - Part 5,pewdiepie,adult,1216352.0,0.17764504
ZDtaanCENbc,I Tried to Break a Million Dollar Computer - IBM Z16 Facility Tour!,linustechtips,adult,2413863.0,-0.07027413
PKHALrgy6RI,Patriot Javelin S4 4-Bay NAS Enclosure Unboxing & First Look Linus Tech Tips,linustechtips,adult,23556.0,0.03740331
voVCbi48p9E,MAKE 1 MILLION DOLLARS with BitConnect Sonata,twosetviolin,adult,105720.0,-0.030312732
87C1diMgnJc,"THIS PISSES ME OFF - Reacting to One Guy, 43 Voices Reactions",roomieofficial,adult,10350357.0,0.20965356
TbDPphiShd0,The Market Is About To Drop - Again,grahamstephan,adult,319534.0,0.08352341
m-euJkoOrvg,Im 14 and This is Deep...😢😢😢 #72[REDDIT REVIEW],pewdiepie,adult,8719494.0,0.1720621
atCPtw4dg7g,Emerald tool mod! (minecraft),mrbeast,adult,601580.0,-0.029990185
fcvzEIq17X4,Taylor Swift - Blank Space Makeup Tutorial,nikkietutorials,adult,640267.0,0.1333789
308WK8r67og,Amnesia - The Machine - Part 1,pewdiepie,adult,842904.0,0.059493102
VofJvbjhi5E,TikTok Singers better than REAL ARTISTS? (PART 2),roomieofficial,adult,1346894.0,0.025291797
mMZKHnoBrGM,SHE Was The Real Gym Creep.,gregdoucette,adult,42480.0,0.059127744
gysCaTcdy3I,What We Saw Made Him Cry..,jakepaul,adult,9592149.0,0.1986238
lPSlLPDec9o,Amnesia: Obscurity | Part 2 | JUMP SCARE CLOSETS!,markiplier,adult,197252.0,0.16463146
0rkRC728rIU,I WAS WRONG - How I Set Goals,aliabdaal,adult,682221.0,-0.044672556
D_nEInkYl5c,The BEST Budget Earphones (2016) #3,mrwhosetheboss,adult,125313.0,-0.06601362
LlEj3T77ovQ,$300 Budget Gaming PC Challenge - Scrapyard Wars Episode 1c,linustechtips,adult,3493302.0,0.068715915
DFBDMYFqi-M,17 Year Old Girl On Tren,gregdoucette,adult,256280.0,-0.08171742
kt8kLMRXdxU,Zalman CNPS11X Extreme CPU Heatsink Unboxing & First Look Linus Tech Tips,linustechtips,adult,98612.0,0.07549846
5-YXQ9LcEjQ,The Paradox of Choice #shorts,aliabdaal,adult,377630.0,0.010158259
my0bYEisheo,This Book Just Disrespected All Pianists,twosetviolin,adult,613716.0,-0.11180975
eRohOlGchY0,Vegetarian Thai Food (& A Little Fake Meat) at Chamlong's Asoke (จำลอง สันติอโศก),markwiens,adult,76076.0,-0.12396748
6Ckezka5_sY,PEEKABOO! I KILL YOU! | Five Nights At Freddy's 4 #2 (Night 2 & 3),jacksepticeye,adult,5124616.0,0.1357513
wFnQszNp4Dw,Turn For The Worse || Brently G,gregdoucette,adult,96378.0,0.16743402
xt_NNcc5oaY,The Most Dramatic Flipbook Ever Made (april fools flipbook),andymation,adult,195299.0,0.108172014
WIfskmLcWWk,Is this the BEST BLUSH of 2022? 👀,nikkietutorials,adult,15696410.0,-0.015266732
2FHjBnyuUN4,Don't Do This!,gregdoucette,adult,122220.0,0.11182022
bVFITNNM66Q,How to Pole Dance,markiplier,adult,4384060.0,-0.0038649961
HPTelJBWLrE,Wearing The World's TALLEST Heels For 24 Hours!,jamescharles,adult,6219357.0,0.18097442
2SkaD7Q53mA,Console Wars!,mkbhd,adult,485333.0,-0.046207834
8lravnosA1s,FIRST SOUTH ASIAN TO EVERY COUNTRY,drewbinsky,adult,196461.0,-0.04229778
ayyp2pszVD0,Togi Doesn't Do Anything Right.,gregdoucette,adult,532845.0,-0.0962858
Tqe1rYF-dkA,HOW TO (NOT) SURVIVE THE APOCALYPSE! (Nether),pewdiepie,adult,8469759.0,0.062212143
7VcsfhsybCk,SURPRISING FRIENDS WITH A REAL PONY!!,daviddobrik,adult,6807334.0,0.052351803
O7Kh-R-5vmM,WEIRDEST PICTURES OF THE INTERNET #2,pewdiepie,adult,8096643.0,0.21115237
K9dskjuANAk,I'm on Observation Duty 2,markiplier,adult,4556980.0,0.14950605
msPCQgRPPjI,How Green Screen Worked Before Computers,tomscott,adult,3300816.0,0.09457368
RIBIxBweKUo,Markiplier Highlight | INSIDE: THE JUMPSCARES,markiplier,adult,19801.0,0.12607265
GtA4ywN_I1M,The Biggest Misconception About Energy ⚡️,aliabdaal,adult,46578.0,-0.021034658
886d1n_odoM,Famous Songs but from a Different Perspective,roomieofficial,adult,1707974.0,0.054547966
bJ_seXo-Enc,The artificial gravity lab,tomscott,adult,7097767.0,-0.12282577
F6UgAD636aE,I'm Back With A Huge Announcement! LWIAY #00148,pewdiepie,adult,6701856.0,0.18634202
v5z-F7BpBrw,"DJI's ""fun-sized"" drone.. isn't that fun...",linustechtips,adult,734974.0,-0.016696535
Bfq3OAGJvTQ,GTX 1080 in an Ultrawide All-in-one!?,linustechtips,adult,2639316.0,0.006905986
O2O3eCzqvY0,Exploring Saddam Hussein’s Abandoned Palace in Iraq,drewbinsky,adult,1050183.0,-0.025575168
QDkcaQeuzV8,Mystery Unboxing from OPPO,mrwhosetheboss,adult,1274392.0,0.13762617
7CgsGo9PRUg,MOST HORRIFYING ENDING IN VIDEO GAME HISTORY! - Kraven Manor (2),pewdiepie,adult,2654092.0,0.1926875
uUkEbcVU9eM,I Upgraded His Car While He Was On Vacation,linustechtips,adult,1615551.0,-0.041992012
Xu5l2UDT-xQ,"Samsung C27A750X Wireless 27"" LED LCD Monitor Hub Unboxing & First Look Linus Tech Tips",linustechtips,adult,84911.0,0.07626778
knAzdJgj8Mw,i started a fight i'll never win,caseyneistat,adult,1413327.0,0.10583403
oB8kFFvJdhE,How To Tweet When You're Dead! DEADSOCIAL Facebook And Instagram Also!,mrbeast,adult,63867.0,0.14174438
BfKLTn-ROpc,Google Makes YouTube MORE Confusing!! - WAN Show May.18 2018,linustechtips,adult,370047.0,0.086311005
a4N4yQB_B4c,"Where two oceans meet, debunked",tomscott,adult,6797857.0,-0.09608859
w1ZpcjxdKuA,Jeff Nippard Just Messed Up Big Time,gregdoucette,adult,152415.0,-0.0027572252
5nKLu2CSxx8,Galaxy S25 Edge and the Thin Phone Problem,mkbhd,adult,2985306.0,0.032394305
tJOOJSaIm1g,Most Unique Breakfast Eggs in Mexico!! #MexicanFood,markwiens,adult,719697.0,-0.10403312
Vxp8IgLBknY,I tested Dream Tech with my Biggest Fans!,mrwhosetheboss,adult,1111169.0,0.14501426
TG8HAnky56I,CLUCK CLUCK MOTHERCLUCKERS! (Sekiro Mods),jacksepticeye,adult,614034.0,0.1391676
v7MJb4IVyus,Amazon Jungle Catch and Cook!! Exotic Rainforest Meats!!,besteverfoods,adult,3835957.0,-0.03802446
wIaIcrJu0vo,February Hits and Oh God NO’s 2015,nikkietutorials,adult,264149.0,0.24219833
n8R5hPMqlEw,it ATE A NYC RAT,caseyneistat,adult,1728688.0,0.07055246
jhvjTMABBQ0,AMD's 32 Core FU to Intel - Threadripper 2990WX First Look,linustechtips,adult,676740.0,-0.0035119094
L6nh0rUbYwE,What to do when you hate your job,aliabdaal,adult,37156.0,0.08031866
t-Xmj6KIZww,He Did What No One Else Dared ||  Ronnie Coleman,gregdoucette,adult,176256.0,0.03324548
X4dAPKYPhDQ,OLD VS. NEW PEWDIEPIE! (Fridays With PewDiePie - Part 111),pewdiepie,adult,11855383.0,-0.04181004
dqiOX-4fjdw,Far Cry 4 Video Card Showdown,linustechtips,adult,235024.0,0.1232882
5sKPaDmcJH0,"A ""Productive"" Day in my Life (Lockdown)",aliabdaal,adult,386185.0,-0.038124327
35yussxyr2w,"The Ultimate ETHIOPIAN FOOD TOUR - Street Food and Restaurants in Addis Ababa, Ethiopia!",markwiens,adult,5489860.0,-0.14324954
ljViMm9RVDY,Boodle Fight!! VILLAGE FOOD in Philippines - Unforgettable Filipino Food!!,markwiens,adult,2593958.0,-0.007161513
Eqz4tDM6Wl8,ASUS Strix GeForce GTX 970 Video Card,linustechtips,adult,1231613.0,0.0019613504
EB89JYZlc9s,Which Anime Song Is The BEST? (w/ The Anime Man),roomieofficial,adult,1253694.0,0.034695525
SY-Cb1JsUdY,Try Not To Get Anxious Challenge #4,jacksepticeye,adult,5052550.0,0.060434368
udeYXofZG0Q,Followed by Death | Part 5 | DAT GOOP,markiplier,adult,42385.0,0.14615065
ukzyTDBERXw,Hardest violin charades pt 3/3,twosetviolin,adult,95879.0,0.009615479
aRk1i4Jz1Ns,Questions and Answers Live!,jacksepticeye,adult,1033224.0,0.030317761
hjCsOmDmjEU,My Response S02E01 📰 PEW NEWS📰,pewdiepie,adult,8122344.0,0.18126982
B8h_aaOuLSE,Razer Lycosa Mirror Gaming Keyboard Unboxing & First Look Linus Tech Tips,linustechtips,adult,187294.0,-0.017512675
htRZBMroPJc,Abduction | Part 9 | THAT WAS COMPLETELY WRONG,markiplier,adult,73634.0,0.19483009
HO4YZYxnXoM,"Greg ""Mutant"" Doucette 310 for 20 bench raw 2nd set may 24/09",gregdoucette,adult,28454.0,-0.052592818
nU6VrVDMZVg,Markiplier Adventures: Fan Game EXTRAORDINAIRE!,markiplier,adult,3333434.0,0.050462402
PRefoqmdkGM,"Exotic CHINESE FOOD Feast in Guangzhou! $250 Snake, Geoduck Sashimi and Sea Cucumber!",besteverfoods,adult,10177269.0,-0.09630968
mHNaFzh8VkI,Xiaomi Piston 2.0 Full Review - The Best Cheap Earphones Ever?,mrwhosetheboss,adult,80556.0,-0.011749044
f_djb_VZUrM,A Country Without Birthdays?!,drewbinsky,adult,399694.0,-0.033271857
ENuGK-Uzhdo,We Tried a 7 Day Christmas Market Cruise (worth it?),kara_and_nate,adult,1877833.0,-0.124240406
id2Ax-6ynGs,Tears of Blood,markiplier,adult,1549911.0,0.08921981
Yq_baRQhtgo,Arctic Cooling MX-4 Thermal Paste Compound Unboxing & First Look Linus Tech Tips,linustechtips,adult,172237.0,0.07018329
hb0EGNVtFLc,How to find MUSIC for YOUR VIDEOS!!,peterMcKinnon,adult,736781.0,0.23083737
XnW4fG4M2O4,$200 FOUNDATION REVIEW + NATURAL MAKEUP,jeffreestar,adult,3341494.0,0.08635877
tflFFacoMa8,Polymorph Review - Make Anything You Want To!,mrwhosetheboss,adult,114139.0,-0.014247126
MoBlaWDkjEA,CASTLE JACK | Medieval Engineers #2,jacksepticeye,adult,2340110.0,-0.1499432
Swt-V6Y2_1Q,Is AI Taking Over Music Composers!?,twosetviolin,adult,166723.0,-0.059627347
b75NIGTMrUM,Lana Del Rey - Young and Beautiful - Makeup Tutorial,nikkietutorials,adult,185018.0,0.015637783
a4AnLUhO5QA,"Vertical BBQ - 13 Goat Legs Kebabs!!🔥MOST UNIQUE Iranian Food! | Baluchestan, Iran!🇮🇷",markwiens,adult,7441308.0,-0.1322825
8YydogFXCPM,Flip Edition | Dude Perfect,dude_perfect,adult,173301705.0,0.15241478
0EtJpk6tlh8,I SPENT $600 ON BEAUTY ADVENT CALENDARS… was it worth it?!,jamescharles,adult,2467366.0,-0.080712825
CE7ruk8K2xI,Extreme NYC Street Food! Sidewalk Lechon!!,sonnysidevlog,adult,1360320.0,-0.017392285
5YnC9gAHqqY,COLD CALL,markiplier,adult,3553325.0,0.05317819
7dIFHQkrASM,This is a detailed break down of my favorite UU team... ENJOY!,mrbeast,adult,229674.0,-0.08816808
peguZWS8Bb0,JACK'S WORST NIGHTMARE | Fear of Heights Simulator - 100 Floors,jacksepticeye,adult,2748562.0,0.16966231
sMwyFBo8mOE,MOSTAR'S ABANDONED SNIPER TOWER,kara_and_nate,adult,171566.0,-0.1032711
e5it6lciBB4,Alex Eubank Finally Responds,gregdoucette,adult,253317.0,-0.048362732
YN_F9bNuF0I,Chess Clock Jenga,tomscott,adult,4004843.0,-0.10426453
z-MzCYl0jeY,I Am Fish,markiplier,adult,4916702.0,0.15259805
4a5aKrggcSU,Wet Head Challenge w/ Rosanna Pansino,markiplier,adult,7441657.0,-0.027173754
BiS9rDFYbV8,WAIT FOR IT... | Silent Still 2,markiplier,adult,1729012.0,0.14914049
EkMn9X_xAEU,3 SIMULATOR GAMES,markiplier,adult,4268689.0,-0.027538057
mNYK664_5wQ,BACK TO THE PAST | Far Cry Primal #1,jacksepticeye,adult,5936080.0,0.05395942
yGjKL2yZtho,Jesse From AthleanX - Natty Or Not,gregdoucette,adult,323162.0,-0.04484824
fU_pilTk624,When you call the US Coast Guard - Smarter Every Day 265,smartereveryday,adult,2000296.0,-0.10509893
9AtZ8TieiY4,Amazing STREET ACROBATS of Angola,drewbinsky,adult,27609.0,-0.06250783
ISyQSjWNry0,Larry Meals Will Never Learn,gregdoucette,adult,123072.0,-0.104125425
3KMQV_fBvI4,SCARES FOR DAYS | The Cursed Forest #3,markiplier,adult,536112.0,0.08844332
aGL9iJang38,Towel Required: 2 NAKED 2 FURIOUS,markiplier,adult,1914325.0,0.12305436
RcUPnEgHQYo,The mistake people make with setting goals,aliabdaal,adult,19145.0,0.019684862
SUqXApSXh9c,Zotac NVIDIA GeForce GTX 560 Ti 448 vs 570 Benchmarks Review Linus Tech Tips,linustechtips,adult,133286.0,-0.065178856
4hI22E9LcY0,Weaponised Homemade Screwtank,colinfurze,adult,2808111.0,0.097981125
bMLwlhi4rCY,Hopping On Gear || Alex Eubank's Last Straw,gregdoucette,adult,136339.0,-0.08747423
hctH4zZwDp8,Toss Boy Caught An OARFISH In Animal Crossing New Horizons!,jacksepticeye,adult,3436916.0,0.01114203
6NV0GFZx3A8,Happy Wheels Highlights #55,markiplier,adult,2710175.0,0.068651766
sdiJVkshMIg,"NVIDIA gets Destroyed - WAN Show March 19, 2021",linustechtips,adult,505869.0,0.10685836
PigOroY6wWQ,Jake Paul vs Anderson Silva OFFICIAL PRESS CONFERENCE [LIVE],jakepaul,adult,622711.0,0.20317301
k6Xd7LsAmgs,GRANDMA'S HAUNTED HOUSE | Contemp,markiplier,adult,2592222.0,0.0920163
WzDUKBtXMWE,Logitech G9x Laser Gaming Mouse Unboxing & First Look Linus Tech Tips,linustechtips,adult,98731.0,0.050724737
vF3YRCVvaFw,BEST Value PC Challenge - Scrapyard Wars Season 3 - Episode 6,linustechtips,adult,1501099.0,-0.021037651
TRWzdAh6fJc,Would You Buy This Underwater Scooter?,linustechtips,adult,10857099.0,0.017399166
YNpi7vV8qYM,Custom Liquid Cooling for LESS $ than an AIO Cooler!?,linustechtips,adult,1800426.0,0.024144646
uGSfliYZO-Q,"""12K"" Triple Projector Gaming Setup!",linustechtips,adult,1296668.0,-0.054056354
l3hOrfLuxU0,15 Lessons that Improved My Life,aliabdaal,adult,886934.0,-0.14028063
mGojonPKBkY,Top 5 Google I/O 2016 Recap!,mkbhd,adult,1220059.0,0.02177962
EhZ9gHZOZT8,Beast Goes Camping (Didn't Go Wrong) (Didn't Go Sexual),mrbeast,adult,231406.0,0.12022908
WthLgkNTpxs,Bridge Constructor but with Zombies,markiplier,adult,4410160.0,-0.026501723
fuH-FZa2D-s,My NEW HOME OFFICE TOUR!,peterMcKinnon,adult,665374.0,-0.09135086
TcfsuOd03Rg,Conker's Bad Fur Day (1) w/ Pewds,pewdiepie,adult,5597428.0,0.12274504
upce6AJgZjw,YOU CHOOSE OUR 100th COUNTRY!,kara_and_nate,adult,535238.0,-0.07595517
xIFkrVU5Krk,This or the iPhone?,mkbhd,adult,12937980.0,0.066388294
BTVMLRSsb3o,Submarine Minefield Battle,dude_perfect,adult,13872698.0,0.00625363
K_XN0PQTAtw,THIS CHALLENGE BROKE ME: 100000 Steps in a Single Day,markiplier,adult,6851653.0,0.00595208
vK-s87BPGW4,I Got To Voice A Character In Vacation Simulator VR!,jacksepticeye,adult,5365601.0,0.06494136
bU1YBmg1KTc,Carne Asada and Camping in Arizona,markwiens,adult,891450.0,0.0060585067
C2NNujJKJL4,The US president has a bulletproof railcar,tomscott,adult,5524953.0,0.019625798
MfxieNTAvkQ,THE HOLY TRINITY OF LENSES,peterMcKinnon,adult,1855014.0,-0.04453148
Q9tRunbdKqU,AirPods Pro Unboxing!,aliabdaal,adult,146382.0,0.029427702
y_88fmjh-Qk,PLAY THE PART | Layers of Fear 2 - Part 1,jacksepticeye,adult,2427643.0,0.13016194
TP2MOhLSE5U,I made my car glow in the dark,linustechtips,adult,1287235.0,0.065774925
6jRtIUmbfag,UNSPEAKABLE'S BRAND NEW HOUSE TOUR!,unspeakable,adult,2002533.0,0.096541956
QDSEpjjavhY,TURNING A CAR INTO A COMPUTER MOUSE,simoneGiertz,adult,768909.0,0.091748945
wBeYh9V8Iw4,STUPID HORSE,colinfurze,adult,275143.0,0.13349125
I9DsUBtVm_U,"First Impressions of Osaka & Kyoto, Japan",kara_and_nate,adult,971671.0,-0.09586662
BjauC9ad8Wo,"INDIAN FOOD Touched by GOD! How to Cook for 10,000 People in Delhi's Biggest Sikh Temple!",besteverfoods,adult,5122783.0,-0.13604441
ljf8yxDQ1d0,Traditional Korean Street Food Tour at Gwangjang Market in Seoul!,besteverfoods,adult,8988521.0,-0.14801301
CeCgsmTjHjk,SHANE DAWSON AND RYLAND DO MY MAKEUP,jamescharles,adult,13796008.0,0.06844315
X1N41AQL5M0,Jawbone Jambox Portable Battery Powered Bluetooth Speaker Unboxing & First Look Linus Tech Tips,linustechtips,adult,47522.0,0.030753873
8mlKvFSrfsc,MERRY CHRISTMAS!!,jacksepticeye,adult,765031.0,0.020174207
gMu9qvqDJz0,Drunk Minecraft #19 | BEST MOB FARM EVER!,markiplier,adult,1108614.0,0.070514195
I3LUIS9Z6lA,Kingston HyperX Blue LED Aluminum Dual 60mm RAM Fan Unboxing & First Look Linus Tech Tips,linustechtips,adult,432399.0,0.018346624
7XvXUrIsBuk,Push Workout Science Explained | How I Feel About the Break Up,jeffnippard,adult,511143.0,0.11601867
Ri_4dDvcZeM,You Can Hear The Difference Between Hot and Cold Water,tomscott,adult,1690122.0,-0.031980053
C26VWH7zlTo,Is This The Same Person Though?,gregdoucette,adult,81525.0,-0.07632176
tzfItd1mhns,I NEED YOUR CLOTHES | Reading Your Comments #53,jacksepticeye,adult,1916104.0,0.048336204
gBV-03UoTA4,You quit your 9-5…NOW WHAT?!,grahamstephan,adult,34362.0,0.06977603
1xd3IdYXdow,How the World's Newest Language Developed,halfasinteresting,adult,1107597.0,0.0285284
RiwUDstMvLg,"Love, Sam (FULL GAME)",jacksepticeye,adult,6485845.0,0.06783639
JHJN1t3uIng,The PERFECT Desk Setup!,mrwhosetheboss,adult,6628430.0,-0.09446635
-3xaV70khSE,Eating Nepal!! From Momo to Mad Honey!!,besteverfoods,adult,1842148.0,0.05312662
bGCJm9GH7oo,"Most Awkward Moment, Best CoHost, Scariest Food and more | 2021 BESTY AWARDS!!!",besteverfoods,adult,864889.0,0.14259759
_1YjaUdvoQ0,THE SADDEST ENDING EVER | A Way Out - Part 5 w/ Robin,jacksepticeye,adult,1954399.0,0.111526765
n9ljxei43fs,Octodad Funny Moments,markiplier,adult,8317437.0,0.20756648
uakp2SrXOwQ,"Kid wants $1500 Allowance, to Buy Gucci Shoes....",pewdiepie,adult,4930239.0,0.18080346
wrQgTXfWXE4,VSHRED Breaking Research from Harvard THE FAT LOSS LOOPHOLE!!! BURN FAT The Easy Way!!!,gregdoucette,adult,403730.0,-0.052651443
Ah_uuTwGOYU,World's Strongest Man Vs Robot,mrbeast,adult,122830992.0,-0.048346654
8pdPAMKDGNE,Hit Songs Written In 30 Minutes or Less (LAZY?),roomieofficial,adult,302866.0,0.09479663
Br3CUAd0kIw,OCTOCHEF | Octodad Shorts #1 (Dad Romance),jacksepticeye,adult,2359978.0,0.016553491
KVZGYLcrDZU,Jake Paul vs Anderson Silva - FINAL PRESS CONFERENCE [LIVE],jakepaul,adult,126398.0,0.19940683
4MVYLU7UD94,"DEATH LEVEL RAMEN in Tokyo!! 🌶️ 💀 w/ Ramen Beast (He's Eaten 4,000 Bowls of Ramen!!)",markwiens,adult,2658027.0,-0.041579537
Hn8H7fd2kOs,MSI OC Genie II Automatic Overclocking Featuring P67A-GD65 & Core i7 2600K Linus Tech Tips,linustechtips,adult,102464.0,-0.04217291
yQ5l_woxFuY,I'VE NEVER SCREWED UP THIS BAD IN MY ENTIRE LIFE | Farming Simulator 2019,markiplier,adult,5062391.0,0.15177014
676lH-qa-tU,Bach Violin G minor Fuga but every time the '4 note theme' returns it increases speed by 10%,twosetviolin,adult,106415.0,0.017306127
epvBwvRHgtI,Building a Minecraft House But You HAVE to CHEAT,prestonplayz,adult,9263172.0,-0.07266608
v08UIU5xXrw,How This Man Got Kidnapped In Haiti,drewbinsky,adult,1549068.0,0.17362598
uP5AoggWe9w,Beautiful scenery in Peru,smartereveryday,adult,6670.0,-0.13748604
hV46Bev2nWQ,END OF THE ROAD | Endoparasitic 2 - ENDING,markiplier,adult,1856586.0,0.032240763
jJWgRghIihQ,The Underground Roundabouts of Tromsø,tomscott,adult,311652.0,-0.06940955
Q6U4i9HPmKE,Whatcha Playin Jack? - Arma III Alpha Infantry - Gameplay and First Impressions - Max Settings,jacksepticeye,adult,51294.0,0.011324469
5he5DqvOZb8,EVERYONE'S Favorite Gaming Mouse is BACK! - Logitech MX 518 Review,linustechtips,adult,1086865.0,-0.029748213
2w47MJbaJRk,Unfair Mario | I HATE THIS GAME!! | Gameplay Commentary/Face cam reaction,jacksepticeye,adult,3374863.0,0.23256418
rDgQBrpu-p4,She's The QUEEN OF AFRICA (Wiyaala from Ghana),drewbinsky,adult,445404.0,0.044023015
CUPe_TZECQQ,7 Life Lessons School Didn’t Teach You,aliabdaal,adult,324456.0,-0.08269401
qxrHmoCvoTE,My House Tour!,jamescharles,adult,15514701.0,-0.06975421
KgqGt5zLUsY,Minecraft But Mining Diamonds Multiplies Health!,prestonplayz,adult,32650264.0,-0.0861866
mtmha7cCRfM,"Linus Tech Tips Live Show Archive - September 28th, 2012",linustechtips,adult,22215.0,0.098144755
IQSjH9_Zg5Q,TOWING YOUR CAR,colinfurze,adult,503425.0,0.14572592
BSWmecEayzA,This was completely spontaneous,pewdiepie,adult,7515714.0,0.18893819
QeU2Df7BnVY,TOP FUNNIEST PRANKS OF ALL TIME!,unspeakable,adult,32455450.0,0.2893537
EXsV87YEhfg,Wearing The World's Longest Eyelashes For A Day!,jamescharles,adult,2782515.0,0.12403401
Wv2TKXkd0t0,They Lied To Sam Sulek Again,gregdoucette,adult,126908.0,0.024206975
CgsF-f3w_H0,A Return to Glory? - Canon 5D Mark IV Review,linustechtips,adult,431180.0,0.067546874
Ti8scviDiYc,Dream has Too Much Money - Dream Server Build,linustechtips,adult,4337483.0,-0.03746604
SvsEu0utv1A,Cideko Air Keyboard Wireless Handheld Keyboard & Mouse Unboxing & First Look Linus Tech Tips,linustechtips,adult,44775.0,-0.021181747
MvoO2aup1eA,Paris Hilton - Come Alive Makeup Tutorial,nikkietutorials,adult,137586.0,0.09201677
MnvWE8R87Os,Forget Me Not Annie | Part 2 | DEMON CHILD,markiplier,adult,155828.0,0.1753345
I6wIMaYjklE,BenQ XL2420TE 144Hz Gaming LCD Unboxing & Review,linustechtips,adult,866831.0,0.06749835
SjJ4Etiw8SY,"400,000 SUBSCRIBERS! | Omegle Meetup Soon",jacksepticeye,adult,177300.0,-0.075058654
b4tMmvYOsp4,KIDS ROOM OF CREEPERS - Condemned: Criminal Origins - Lets Play - Part 18,pewdiepie,adult,571739.0,0.26682335
rmwI2VFMw4U,Dropping Out Of College Made Me a Millionaire,grahamstephan,adult,143962.0,0.008420579
xABlffPjtf4,You Will Never Make It,mattdavella,adult,9623.0,0.08496666
wmP3MBjsx20,How A Nuclear War Will Start - Minute by Minute,kurzgesagt,adult,10252361.0,0.029807717
MpF2rmnX2tI,Why Used Cars Cost MORE Than New,grahamstephan,adult,499866.0,-0.022094728
lV_Mgkeg2us,Faster Than A Lambo,caseyneistat,adult,1759661.0,0.0019649398
B3SzomHi6cU,The different types of burnout - which one are you?,aliabdaal,adult,19292.0,0.03616895
D0imrHdv88k,Have I been doing this the expensive way for no reason? - Replacing my Icron Raven,linustechtips,adult,1599416.0,0.037638195
19CZQPQMNU4,Yet Another Exhausted Day!,jacksepticeye,adult,945679.0,0.009396816
iy1z3ZVASCg,Samsung Galaxy S10E Impressions!,mkbhd,adult,3479597.0,0.18191618
p7SWgstujAg,Know the Law - Smarter Every Day 8,smartereveryday,adult,146486.0,0.17362234
qFOGv5zuTdw,How Much Money Does FaZe Make?????,mrbeast,adult,63884.0,0.074576266
UG8zkVLUBh0,THE GRUNDLE FONDLER | Plague Inc: Evolved - Part 3,markiplier,adult,1755297.0,0.035738513
LS9ssC8hoTg,Who Killed Markiplier? - Chapter 2,markiplier,adult,4312626.0,0.18540084
fWWT9s69j3o,Rating The Dumbest Deaths in History #3,pewdiepie,adult,3651366.0,0.23367624
5XF2YFYkv8M,WARNING: PAINFUL AND HORRIFYING | Shockingly Sour Challenge,markiplier,adult,6499233.0,0.28342754
alBMblGJp80,Stinky Footboard Unboxing & Overview,linustechtips,adult,709566.0,0.035034202
DZ4FfkDF758,Most DANGEROUS Food in America!! (State Fair of Texas),besteverfoods,adult,4003417.0,0.06786687
w1jvlIRbyY0,BUTT TOUCHING SIMULATOR,pewdiepie,adult,9920466.0,0.05896635
eN0bY-G4Pho,THE NEWEST HACK FOR PERFECT EYELINER?! 🤨,jamescharles,adult,1167575.0,0.12341004
wNL7wGSMWQQ,I DID IT!! | Fly In The House #2,jacksepticeye,adult,2245875.0,-0.0010376498
ZR1RwIUuYPk,MAKE CHOICES FOR ME IN CHOICE CHAMBER,pewdiepie,adult,2266853.0,-0.021032954
uvmlbkOzdcU,"Greg ""Mutant"" Doucette chest training 11 weeks out",gregdoucette,adult,14474.0,0.04015053
vS8EzQBvj-U,HE GOT MARRIED! *Riley Reid is MAD!*,jakepaul,adult,2338885.0,0.14463842
wNuxirsrwBk,Why Are Things Unbalanced In Video Games?????,mrbeast,adult,105463.0,0.14576182
8hWo8nZw17c,SCARRED FOR LIFE!! | Dead By Daylight #1,markiplier,adult,4005826.0,0.16371445
4Fz9Cl4YcGY,David Goggins Just Pissed Off Youtube,gregdoucette,adult,193562.0,0.07875286
ZWKl-FeUApA,Motorola X-Phone Rumor Rant!,mkbhd,adult,116056.0,0.17173713
-_jHGI6HuI0,Ancient Inca BBQ in Peru’s Andes Mountains! 🇵🇪,markwiens,adult,4627275.0,-0.12629955
jVztQEdPAQo,15 Year Old On Steroids || This Has To Stop,gregdoucette,adult,461645.0,0.0851358
X3wgPwZYmHQ,Best Malaysian Food - DREAM COME TRUE Tempoyak (Fermented Durian Curry) with Padu Beb!,markwiens,adult,1397167.0,-0.07565183
M2qFB2zeFLU,Outlast - Part 10 | A CROSS TO BEAR | Gameplay Walkthrough - Commentary/Face cam reaction,jacksepticeye,adult,508305.0,0.19548903
ysyzR3DmwjM,I WOKE UP AT 5AM FOR THIS...,emmachamberlain,adult,4432606.0,-0.020109102
AOOC9nYYFnM,A little secret I’ve been working on I wanted to share… More info on my Instagram @Unspeakable,unspeakable,adult,961224.0,0.21311271
y0tuQCl57Rc,YEP STILL TERRIFYING | Dreadhalls Oculus Rift Horror DK2,markiplier,adult,4664046.0,0.24333976
Hx9TwM4Pmhc,The Science of Jetpacks and Rockets!,veritasium,adult,2027288.0,0.0064758025
Hj8bHnv_gts,Nvidia Shield - the Only Gadget You'll Ever Need!  Hands-On with HDMI 2 Console Mode,mrwhosetheboss,adult,6524.0,0.062875904
AFhk5jZ4hbc,Personal Rig Update 2012 Part 14 Radiator Cleaning Linus Tech Tips,linustechtips,adult,107032.0,0.033466008
e7p3KRE-MCc,Bloopers & Outtakes #2,jacksepticeye,adult,2965688.0,0.15394406
JHtwqBzkdMs,I'm in Poppy Playtime Chapter 2,jacksepticeye,adult,13905419.0,-0.020379119
Mf2cIhPQSbE,Guess the symphony in ONE note!,twosetviolin,adult,295215.0,-0.03455255
C41hNKD0gtk,MARKIPLIER GETS PUNISHED | The Escapists 2 - Part 1,markiplier,adult,2501062.0,0.17451346
qFrJ97U8GE4,Reviewing Sacrilegious Violins,twosetviolin,adult,3541309.0,-0.0031934157
jbYl5pp77uw,CLEAN COMES AT SUCH A HEAVY PRICE... | PowerWash Simulator - Part 6,markiplier,adult,4303760.0,0.14910616
RwxEzX98hBI,Popular Songs in 2004 vs 2024 - Which Year Wins?,roomieofficial,adult,590496.0,0.034009628
6yjR-g3M9t4,Bahamas BAREHAND Pig Hunting!! Carribean’s Most DANGEROUS Food!!,sonnysidevlog,adult,1766972.0,-0.0142965345
hRj5qNfkdO0,WORST BANNERS ON YOUTUBE #1,mrbeast,adult,687149.0,0.26945436
gMopYZgPzEg,Aboriginal Catch and Cook in West Australia!! Raw Sting Ray Liver!!,sonnysidevlog,adult,2119396.0,0.032373548
QMXd_H_sLEU,MVP Face 2 Face: Paul vs Tyson | Taylor vs Serrano,jakepaul,adult,3146923.0,0.10516096
Iqau7tL780A,Am I against FAT??? || Fatphobia - NOT what you think,gregdoucette,adult,104614.0,0.12616101
yGnoL2FfzmE,AMERICA'S MOST UNWANTED | Crime Simulator - Part 3,markiplier,adult,1465924.0,0.36714318
NTNSCmw4A4c,24 HOURS WITHOUT A PHONE,emmachamberlain,adult,11235047.0,0.080961615
lWpCFhcMstc,"The $250,000 Unlimited Flight Pass: A Terrible Mistake",halfasinteresting,adult,6354154.0,0.034234274
VxoB4vM1pUM,Apple’s Co-Founder Left to Make THIS?? - CORE Master Universal Remote,linustechtips,adult,1160541.0,-0.007976542
wPH3ih3MDCQ,THIS GAME WILL BE THE END OF US... | Monopoly,markiplier,adult,6198727.0,0.12896445
oGNrrZl-8Q4,"THE BIG REVEAL - WAN Show April 29, 2022",linustechtips,adult,1353121.0,0.11098731
HYWpOh4wckc,Traditional Nigerian Food!! Cheap Vs Expensive!!,besteverfoods,adult,3994955.0,-0.12585865
4PwQgQafGjE,Korean Food in Los Angeles - 2 GIANT FLAMING CHEESE Ribs Cauldrons in Koreatown LA!,markwiens,adult,2352470.0,-0.053656764
0E9ZcyCpMIs,"Starting A Business is Easy, Actually",aliabdaal,adult,318080.0,0.010479184
XrCJJP_KOlY,The Newgate Novel and Condiments on Toast: Citation Needed 1x02,tomscott,adult,635166.0,-0.033148028
41BSrVeb-h0,Mystery Samsung Smartphone Unboxing.,mrwhosetheboss,adult,3747421.0,0.12199099
dwooA8KltTU,Detailed 3D Prints! Ultimaker 2 Extended Plus,linustechtips,adult,223923.0,-0.037365727
X9fA0QyobvI,"Greg ""Mutant"" Doucette Bench Press 444 for 6 paused 3xl slingshot dec 2011",gregdoucette,adult,814.0,-0.014025338
7hlJv0jB4dg,TEACHING THE DOLAN TWINS & EMMA CHAMBERLAIN HOW TO DO MAKEUP,jamescharles,adult,31859418.0,0.015116509
29_omo0QGXw,HE RUINED MY BRAND NEW CAR !!,daviddobrik,adult,4118173.0,0.2935863
1aBvGJHetUM,Building the Lowest Rated PC,linustechtips,adult,5215983.0,-0.022097182
t7vvjAr8bKE,"The WAN Show - Windows 10 FREE to Insiders, R9 Fury X SOLD OUT - June 26, 2015",linustechtips,adult,225357.0,0.080566645
CHs_NbuLRcw,4 ALPHA MALES Beat the 2nd Hardest Level | GTFO Part 6,markiplier,adult,4133065.0,0.07750052
8e3kegsBvQ4,John Cena Talks Drug Use On Logan Paul Podcast,gregdoucette,adult,184232.0,0.034658544
vVJ-Y0gHGXY,Amnesia: The Great Work - Part 3 | DAMN JAM | Amnesia Custom Story,jacksepticeye,adult,21065.0,0.052351978
e3URwH8vXwQ,EVERYONE GETS FISTED | One Finger Death Punch #3,jacksepticeye,adult,978319.0,0.13618734
WHRHbF1HRAQ,ARE YOU NOT ENTERTAINED?? | Paint The Town Red #6,jacksepticeye,adult,4060061.0,0.043989755
eNE9fSFKIjo,"If It Fits, I'll Pay For It!",unspeakable,adult,9009253.0,0.10154033
Ph8ucdnAzJM,Happy Wheels | Part 1 | MASTER OF BALLS,markiplier,adult,3724486.0,0.037027705
6HQ7wc7G7BA,AAAAAAAAHHHHHHHHHHH!!!!!,jacksepticeye,adult,1992623.0,0.093318775
iOjxpow6jow,How Many Youtubers Are Millionaries?????,mrbeast,adult,548272.0,0.10633379
M9CCE5bx0so,Your Brain Knows...,aliabdaal,adult,22336.0,0.1550041
gBCpP-HSxkI,PS5 vs. Xbox Storage Upgrade,linustechtips,adult,3106453.0,-0.01873358
WMoLNcG9hh0,ROOFTOP TRAMPOLINE PARK (HOMEMADE),jakepaul,adult,3524491.0,0.034574635
4TVKriIxMtQ,My Wife KILLED Me Because...,prestonplayz,adult,4069230.0,0.15899065
wYl6XwS_82c,Top 9 Best Games for iPhone 7,mrwhosetheboss,adult,175933.0,-0.0027199546
G665JSzM9ic,Volleyball Trick Shots,dude_perfect,adult,14967462.0,0.063676745
3H-CDpSbUkE,Shea Butter Changed My Life,mattdavella,adult,6197.0,0.14517342
tRSfVlNR8JM,"Africa's CHEAPEST Street Food!! Lagos, Nigeria Food Tour!!",besteverfoods,adult,7884539.0,-0.1163233
6dO2iKz9XgA,I WANT MY LIFE BACK! - Dark Souls II - Part 2,pewdiepie,adult,5469472.0,0.091717556
Z7YL3-fLyNE,You CAN Out Exercise Your $hitty Choices || Peter Attia vs. Joe Rogan,gregdoucette,adult,106258.0,-0.051023375
my9fsBix630,Why the East Ends of (Most) Cities are Poorer,halfasinteresting,adult,2236617.0,-0.059465133
S2q_RdiNg1E,LOOK AT THOSE REFLECTIONS | Portal RTX (Full Game),jacksepticeye,adult,1907233.0,0.009147929
mImCXjRCtHw,THE MOUTH CHALLENGE!!,pewdiepie,adult,8364093.0,0.013318218
fjRaA-8CV4A,The Best Smartphones for 2023!,mrwhosetheboss,adult,5874254.0,0.06857497
D9lVNzyhYnc,Surviving 24 Hours Straight In The Bermuda Triangle,mrbeast,adult,268898112.0,-0.035728183
mn5wFy_aTUY,"Linus Tech Tips Live Show Archive - November 16, 2012",linustechtips,adult,45632.0,0.17799106
Yl_19rCQQB8,iPhone 16 Ultimate Battery Test!,mrwhosetheboss,adult,6919789.0,0.0806703
lebfXNOOiUs,Songs About Booty (Which is best?),roomieofficial,adult,474443.0,0.015509
RGdzrjYBP4c,I DONT CARE! - Amnesia: Custom Story - Gary Dark Secrets - Part 6,pewdiepie,adult,911146.0,0.11893709
9w5OX4lbrYE,CAMP MURDER | Slayaway Camp,jacksepticeye,adult,1824320.0,0.13197502
DU1S3-GczWk,Mr. Beast || Doing ANYTHING For Money,gregdoucette,adult,145560.0,-0.08319376
2WuCnENiiv8,From Dust | Part 9 | BRIDGE TO NOWHERE,markiplier,adult,106470.0,0.06684023
O8stmOTI9uc,Who Makes the Best Wireless Headphones? Bose QC35 vs Sennheiser PXC550,linustechtips,adult,1121933.0,-0.018248597
Toz_JsHCMSQ,GHOST CAUGHT ON VIDEO!! | David Dobrik,daviddobrik,adult,7575772.0,0.28694022
k4aDSgRXyEk,5 SUPER Mario Gadgets!,mrwhosetheboss,adult,14506038.0,0.041528232
Z40UO-6WDj4,The $95 iPhone 7 Plus Smartphone!,mrwhosetheboss,adult,149780.0,0.11350307
0TtabcfXY98,"BIG RED DADDY!! | Gang Beasts w/ Jack, Ken, Felix",markiplier,adult,5811339.0,0.05469465
W3qZIPiWKc4,"The News You Missed in 2021, From Every Country in the World (Part 1)",wendover,adult,1639310.0,0.10218515
dNzicGeWvjE,BROFORCE #2,pewdiepie,adult,3851850.0,0.0633335
M4CAEEijp9c,Markiplier Mail Monday #9,markiplier,adult,453684.0,-0.0029777512
sDYFkHvjTGk,PowerUp 3.0 Bluetooth Controlled Paper Airplane from TailorToys & a Surprise,linustechtips,adult,330090.0,-0.08844426
po2K2XNTYyg,The Cybertruck comes with WHAT!?,mrwhosetheboss,adult,11113461.0,0.09704653
vMAf6oTidXk,Grand Theft Auto V Missions | HOSPITAL SHOOTOUT | PS3 HD Gameplay,jacksepticeye,adult,3912534.0,0.1217498
L3A9mvaicoU,Correcting The Lies About My Past,gregdoucette,adult,593489.0,-0.092296794
EASBmbnvT8I,Claire P. Thomas || Natty or Not? || Bulky or Not?,gregdoucette,adult,213445.0,-0.073016524
YM-B0r2Lb38,Asleep at the Wheel,caseyneistat,adult,922074.0,-0.011012999
D-OijIv4ClM,"10,000 watt-equivalent light you can use in your home!? - Hive Lighting Booth",linustechtips,adult,217558.0,-0.031264342
XvHcZciihJw,The Bielefeld Conspiracy,tomscott,adult,2100186.0,0.06328534
h8gW38rFg18,How Much Money Real Estate Agents Make!,grahamstephan,adult,999035.0,-0.0048041567
2KDai2DuRd0,"Best Breakfast in Delhi, India! STUPID Good Indian Street Food Tour in Old Delhi (and New Delhi)",besteverfoods,adult,10257405.0,-0.1763483
59x-UsjbDuo,She Was Outside My House...,jacksepticeye,adult,5837370.0,0.1315509
MZJcYETgsyY,These Are The Hardest Travel Visas to Get on Earth,drewbinsky,adult,3662896.0,0.044811793
pSi5IzMs13o,Addressing the Reddit Controversy - LWIAY #00104,pewdiepie,adult,6707301.0,0.24576646
y-3oRa4NT8I,THE SKY SPEAR | Shadow of the Colossus #7,jacksepticeye,adult,1382943.0,-0.06661278
3NaZOHJcnAI,15 Hours in World's Best Business Class,kara_and_nate,adult,2129601.0,-0.09942434
av8686eTYzQ,Incredible STICKY RICE made by Red Yao Mountain People of Ta Phin Village!,sonnysidevlog,adult,900224.0,-0.03787063
1iQTh5Q65RQ,The Worst Workout of Your Life (Markiplier Fan Game),markiplier,adult,1835376.0,0.13705155
pAban4288ok,Intel and Nvidia copied AMD - PCI-E Resizable BAR,linustechtips,adult,1262464.0,0.025615033
jqBQsadDzNU,Markiplier Highlight | WORST SCARE EVER,markiplier,adult,264600.0,0.2282989
yHYKEsWlzRU,BenQ XL2730Z - The Best AMD FreeSync Gaming Monitor?,linustechtips,adult,440461.0,-0.0161894
xLWUGumz1dI,How My School Teachers Influenced Me - Smarter Every Day 284,smartereveryday,adult,705571.0,-0.012559053
XNmYr2_uvGU,The Secret Codes that Printers Put on Every Paper,halfasinteresting,adult,1488608.0,0.0636974
d42nrgh8T44,JUSTICE RAINS FROM ABOVE | Out Of Ammo (HTC Vive Virtual Reality),jacksepticeye,adult,4318697.0,0.22302705
Pz18hxcaR34,8 Problems People with Perfect Pitch Deal With,twosetviolin,adult,1976424.0,0.05273339
Lsiq_3-cSHs,The Not-Quite-Robots That Help Fix Fusion Reactors,tomscott,adult,427206.0,0.002190847
vuSHrVHKmdI,MY BIG SECRET,pewdiepie,adult,4782399.0,0.20600362
b38wnCBfbbU,Korean BBQ! (Day 3),markwiens,adult,2491275.0,-0.2100369
eOA7fbLcShY,Barbie Doll GLAM & GLOWY Skin Holiday Makeup,nikkietutorials,adult,1372696.0,0.003317561
TGjVMqTRLmQ,7 Days - HORROR MINECRAFT?!,pewdiepie,adult,5932492.0,0.060333464
8eqWXQzs3HM,It’s Over: Trump Just Broke The Stock Market,grahamstephan,adult,1096447.0,0.09700056
mkFMgpCPCbg,I Took The World's Shortest Man Shopping,drewbinsky,adult,102198.0,0.055541016
xHgAJ86lOjA,DON'T CHEW ME BOY! *NOMNOMNOM* - Happy Wheels - Part 14,pewdiepie,adult,6081694.0,0.1205772
tnTuflapkBw,SHOOT FOR THE STARS | Ira - Act 1,markiplier,adult,1248310.0,0.14198282
BSP241qamXQ,Mushkin Silverline Dual Channel DDR3 RAM Unboxing & First Look Linus Tech Tips,linustechtips,adult,15002.0,-0.0007440178
_HcznRJDocE,"Filipino Street Food Tour in Quiapo Market, Manila (Turon, Kwek Kwek, Fried isaw)",sonnysidevlog,adult,5512779.0,-0.07569765
35q-SpZtHNc,The Future of VR is Here,markiplier,adult,4319913.0,0.06291588
HTDRA_96Pqw,How to not die alone,aliabdaal,adult,43064.0,-0.054095805
rtarxm5EJRk,The MOST INSANE Street Food in Thailand!,markwiens,adult,8380057.0,0.06182677
5JdkYJa-E6E,Triple H Retires || Cardiac Issues Nearly Took His Life,gregdoucette,adult,139786.0,-0.021855682
XDzyq2eNehI,Amnesia: Justine | Part 3 | SKINNY NAKED MONSTERS,markiplier,adult,151229.0,0.16367863
luiYmGJX204,Deaf Musical Genius: The Life Story of Beethoven,twosetviolin,adult,681141.0,0.0062926896
al9Oz-RibN4,The Whisper Challenge #4,markiplier,adult,5611362.0,0.03939406
mgk3JrBMcJ4,They Lied To Shizzy... 3rd Place Cover Up,gregdoucette,adult,130659.0,0.057704575
o3tSAKerrnU,How tall am I really? *big reveal* LWIAY - #0074,pewdiepie,adult,5763207.0,0.15336534
LHhJuAOK3CI,Extremities: A New Channel by Wendover Productions,wendover,adult,228935.0,0.08340122
wlS9ist2qrk,"I’m Buying A Tech House - WAN Show October 3, 2025",linustechtips,adult,519259.0,-0.0810111
nnyqww4-76A,What Was Valve Hiding? - Steam Deck Teardown Reaction,linustechtips,adult,3592329.0,0.113673635
njWUMf6e9yw,THE BABY WITHIN... | Amnesia: Rebirth - Part 4,markiplier,adult,1713228.0,0.14559229
bTUd48HdqxM,My LITTLE Brother Tydus SURPRISED Me WITH THIS!!,jakepaul,adult,1885297.0,0.06832362
G2CWr-Q5Uv4,I WON in a MASSIVE Minecraft Tournament,jacksepticeye,adult,1574979.0,-0.07106891
90KSuqp2Ssk,Stolen Bike in NYC,caseyneistat,adult,5279424.0,0.15805207
i65Nilyjv6E,NO VLOG,caseyneistat,adult,1208358.0,0.054854926
UcS-6p8OCfI,How do you budget a new PC Build?,linustechtips,adult,730713.0,0.07620255
YuCRDlEFaw4,How to Invest as a Teenager,aliabdaal,adult,864395.0,-0.017512653
qabacdJ0eDA,Must Try Before You Die!! Fair Food From NY to Washington!!,sonnysidevlog,adult,9147615.0,-0.08091806
ACIqi5WCLBg,I’m Fighting Mike Tyson. #PaulTyson,jakepaul,adult,359448.0,0.06540841
P144M_pNHJg,EDGES SNATCHED.. COLOURPOP NO FILTER FOUNDATION & FACE POWDER REVIEW,jeffreestar,adult,5696055.0,0.09821085
VYQVlVoWoPY,How to lie using visual proofs,3blue1brown,adult,4148412.0,0.02920745
LW2Wr3GB4XI,Prison Simulator,markiplier,adult,5953361.0,0.17500898
ashOd3ovM90,The Productivity App I Use To Get Clarity & Stay Organised,aliabdaal,adult,22439.0,-0.021415472
5P5hYvlKz7w,What happened to Beats by Dre?,mrwhosetheboss,adult,5132253.0,0.09637001
unlBgnghfTQ,"I Made ”Creeper Aw Man 2.0""",roomieofficial,adult,1191917.0,0.082096264
OI3NnZAvXLw,"She Spent $60,000+ On Disney’s Timeshare",grahamstephan,adult,16022.0,0.026368195
qJhpVQLGp9g,"Middle Eastern Food - FAST COOKING SKILLS + Food Tour in Ancient Baalbek, Lebanon!",markwiens,adult,2433625.0,-0.1991496
g5L46mK5yM4,Open World Driving Horror Game | Pacific Drive - Part 1,jacksepticeye,adult,4468333.0,0.026109379
3OCcBHaSFc0,Fit? No...You're Fat!,gregdoucette,adult,651059.0,-0.040524893
8u0RK3L0D64,All the Apps I Use in a Day,aliabdaal,adult,719836.0,-0.08778538
Cpol5kwBEDc,We added so many mods to Among Us that it BROKE,jacksepticeye,adult,3681621.0,0.102285
hkP6wt-0wS4,"Grand Theft Auto V Challenges | BUGATTI VEYRON,MILITARY JET AND MILITARY CHOPPER | PS3 HD Gameplay",jacksepticeye,adult,4165594.0,0.09374364
kKnxcvNqrCo,How To Make a #1 Song - WITHOUT TALENT,roomieofficial,adult,5998381.0,0.035370655
SvKTJnNWHRc,Fix Fat Fitness.,gregdoucette,adult,327809.0,-0.064748764
WPwATDVjNqo,ARCADE JACKPOT HIDE & SEEK CHALLENGE!,unspeakable,adult,32235482.0,0.18039894
zijUjJdegI8,"Samsung Z Flip/Fold 6, Watch Ultra, Buds Pro and Ring Impressions!",mkbhd,adult,4514702.0,-0.0035946695
wRDazDN7TQc,Dead Space 2 | Part 21 | ON THE TRAM,markiplier,adult,249585.0,0.11290152
ZthlXM5Y8jg,SHE CAN’T ESCAPE YEMEN,drewbinsky,adult,154161.0,0.0827723
dw-kwjzXSsA,Prison Escape Battle,dude_perfect,adult,14090333.0,0.06768538
_64q-mDtmRQ,MANNY MUA X MAKEUP GEEK Palette Tutorial | Jeffree Star,jeffreestar,adult,1003053.0,-0.014198944
06Uu0YagzUA,What steroid cycles are females taking?,gregdoucette,adult,43725.0,-0.060406707
Gs-CA5HEiY0,How I Got Started Traveling & Making a Living Abroad,drewbinsky,adult,122858.0,-0.080227524
g6yYWce2eX4,R.I.P. Bologna Flipbook... 😭,andymation,adult,115216.0,0.08043942
TEUsjwGx_vI,"Using a $100,000.00 Microscope CAMERA!",peterMcKinnon,adult,440826.0,-0.0015518963
zZ8NuPIymlk,My YouTube REWIND 2018!,mkbhd,adult,1473127.0,0.060372755
xLikAVQTKqc,The Science of Calf Training Fully Explained (8 Studies),jeffnippard,adult,572154.0,-0.0910344
8gEfHD_y7Pc,"NVIDIA Surrenders! Founder's Edition RTX Cards De-listed - WAN Show October 16 , 2020",linustechtips,adult,717016.0,0.012300245
tpJ6cL9dKA0,Testing Satisfying Minecraft Experiments to See If They're Clickbait,prestonplayz,adult,2003744.0,0.26014128
9nMkCOqNUf4,Brandon Harding || My response More Contradictions,gregdoucette,adult,133805.0,-0.0029831864
IGRepuTCJ-A,BenQ W1070 3D Gaming & Movie Projector Unboxing & First Look Linus Tech Tips,linustechtips,adult,197943.0,0.071651965
fiG2-1GiAso,This is the “Dell Pro Max 16 Premium”. I Will Try to Explain…,linustechtips,adult,1310731.0,0.07448588
D_xftS6ydXQ,Building a BEAST Gaming Rig with my 3 Year Old....,linustechtips,adult,5664756.0,0.025742125
XpdVstUyygA,Huawei P Smart - Huawei's new Killer Budget Smartphone!,mrwhosetheboss,adult,1185339.0,0.15301213
kBkw8L-godo,DOOM IN VIRTUAL REALITY | DOOM VFR (HTC Vive Virtual Reality Wireless),jacksepticeye,adult,1710118.0,0.12509018
C67hc7Otshw,HRT Hormone Replacement Therapy - What I’m Currently Taking and Why? Explained!!!,gregdoucette,adult,76609.0,-0.0007651225
EHrACZ_xMzY,Shoei RF-1100 Monolith Motorcycle Helmet Unboxing & First Look Linus Tech Tips,linustechtips,adult,28922.0,-0.015700798
psTXM7XSOg8,MOVING IS HARD | Subnautica #41,jacksepticeye,adult,1481080.0,0.041280597
CkZyZFa5qO0,there’dn’t’ve,tomscott,adult,4736670.0,-0.027390193
Pknnwpamz2A,"Meat Bathtub!! ULTIMATE CARNITAS TACOS 🌮🔥 Mexican Food in Phoenix, Arizona!",markwiens,adult,1114471.0,-0.12989819
P8V_bx0L4RY,Water Bottle Flip Edition | Dude Perfect,dude_perfect,adult,124592167.0,0.02276298
DjVr4v87JH0,Unedited Makeup Tutorial (Kinda),jamescharles,adult,2965289.0,0.061083823
FXL-01p4c1E,Unboxed: iSkin Cerulean F1 + TX [HD],mkbhd,adult,11080.0,0.03816792
gfWjsKsEry0,Riding in a Driverless Taxi at CES 2019!,mkbhd,adult,4604693.0,0.04490517
MYN6MxP68a8,THE BEST SPIDER-MAN GAME EVER | Spider Man 2 - Part 2,jacksepticeye,adult,3631120.0,0.039665133
wE4O2W0CSNw,DRUNK TRUTH OR SHOT ft. Imari & Mario!,jamescharles,adult,1797641.0,0.18063422
pybkkCqhvwU,BUYING A HOUSE IS NO LONGER THE AMERICAN DREAM,grahamstephan,adult,173671.0,-0.06301748
ydurUc7BsFI,BING BONG BRING IT ON | SCP Containment Breach v0.9 #37,markiplier,adult,1160762.0,0.2052244
a1nb3HQUQk8,Busting 50 MOB Myths In Minecraft 1.21,prestonplayz,adult,2406171.0,0.10561074
D6nixjzGM2M,Thai Seafood at Bangpoo - DELICIOUS Crispy Fish and Sour Soup | สุดยอดอาหารทะเลที่บางปู สมุทรปราการ,markwiens,adult,1047289.0,-0.111301124
EaQjgKixKsk,Volo Airsport | OCULUS RIFT WINGSUIT GAME,jacksepticeye,adult,1083506.0,0.0914342
XRiUNPf-_-4,"OnePlus 7T Review: High Refresh, Low Price!",mkbhd,adult,3681257.0,0.094219364
UN3oNSOxtkQ,ALMOST DISASTROUS HIKE IN THE DOLOMITES (can’t believe this is Italy),kara_and_nate,adult,1194741.0,-0.09946189
2qFyHgaVFvE,ㄇㄇㄇㄇㄇㄇ  ALL DOWN BOWS ㄇㄇㄇㄇㄇㄇ,twosetviolin,adult,145834.0,0.14564228
cwSAEnumr4c,Why YOU Don't Look Like You Lift,gregdoucette,adult,431621.0,0.017510679
hLdkuidAwqY,JUSTICE IS A JOKE! | Batman: The Enemy Within - Season 2 - Episode 4,jacksepticeye,adult,1782650.0,0.22977532
rgbTIXqFo8o,Use that Search Box!,mkbhd,adult,5426.0,0.11619154
Viz58lSQ2Z4,John Meadows Has A Heart Attack,gregdoucette,adult,331027.0,-0.11138633
kYQjNh7h4XU,Old vs New Storage Drives - SSD & HDD All-out Slugfest!,linustechtips,adult,384809.0,0.034646474
8CCtqtva6ok,POCO X4 Pro Review - $250 iPhone Destroyer?,mrwhosetheboss,adult,6364415.0,0.101810396
hWFDvZ29MCA,Building the All Brazil Gaming PC,linustechtips,adult,1063651.0,-0.05690608
hTq8D-mQsog,BAD SANTA! | Bully - Part 8,jacksepticeye,adult,3367016.0,0.24735034
HPotas-kvzk,FASTEST AMBULANCE ON YOUTUBE | Flashing Lights,markiplier,adult,3450846.0,0.1818206
M05V1zhVH-8,THIS NEEDS TO STOP!,pewdiepie,adult,6371617.0,0.19173639
E0etwXYllfs,CRAZIEST DUNK CONTEST 😱,dude_perfect,adult,2711343.0,0.044937517
DY7qDZhEygE,Turkey is not Arab,twosetviolin,adult,571006.0,-0.06775589
LFRnbacAjq4,MOST HORRIFYING GAME YOU'LL EVER SEE | A Dump in the Dark,markiplier,adult,3044294.0,0.2215873
6_Ivz803i7U,Instagram Tricks that EVERYONE Should be using!,mrwhosetheboss,adult,120119.0,0.22027668
ZtwfvSq24ko,THE INCREDIBLE SHRINKING JACKSEPTICEYE | Inch By Inch,jacksepticeye,adult,1576224.0,0.1205581
sW8Ukoysuyw,Testing Clickbait Minecraft Traps That Actually Work…,prestonplayz,adult,1142824.0,0.13830774
H5dVZRwuGpA,Software Modes Corsair SP2500 2.1 Gaming Speakers Linus Tech Tips,linustechtips,adult,90398.0,-0.0030044075
8E_lRmj7fRY,I THOUGHT WE WERE FRIENDS!! | UNO,markiplier,adult,9631471.0,0.07716517
M16CGK1T9MM,Why Photos of the Eiffel Tower at Night are Illegal,halfasinteresting,adult,12112754.0,0.20856003
sfQ3ZjxiiYc,Caikepro Carlos OR Ramon Dino?,gregdoucette,adult,103086.0,-0.10775089
GG0Xyc_wo-o,Some bad news,markiplier,adult,8001720.0,0.10916728
Vw_ceGPMSas,Insane Sichuan Chinese Food!! BEST SPICY HOT POT + Dino Mala Ribs in Los Angeles!!,markwiens,adult,2502361.0,-0.0756649
0WoTG2IFrpc,SCOTTEVEST Travel Vest & Performance T-Shirt Unboxing & Review,linustechtips,adult,112013.0,0.009509374
8tTwXq0MaNY,NZXT Switch 810 Full Tower Gaming Case Unboxing & First Look Linus Tech Tips,linustechtips,adult,167710.0,0.030279651
F6oPoSKax9A,Best Of The Best || Ranking Fitness Youtubers,gregdoucette,adult,229863.0,-0.035127748
VMieG_JyIGI,Arrested Again || Calum Von Moger,gregdoucette,adult,562555.0,0.13070369
khQomXNzhkE,How To Get Work Done AND Enjoy It! #shorts,aliabdaal,adult,303822.0,-0.05357582
6h161WwX91k,Minecraft But Punching Unlocks Secret Items...,prestonplayz,adult,3291179.0,0.0652567
m4Th-auMMSE,Philly Cheesesteak Tour - 5 FAMOUS STEAKS TO EAT!! | American Fast Food in Philadelphia!,markwiens,adult,4051148.0,-0.09768212
40Z4a2rMYEA,"Incognito Mode is Fake - WAN Show December 29, 2023",linustechtips,adult,718255.0,0.21642408
k7wnNt65lcE,Can a Gaming PC Survive the North Pole? - Environmental Chamber Update,linustechtips,adult,2547506.0,-0.033292588
tfk3dgpAals,Why Nobody Knows What 彁 Means,halfasinteresting,adult,851883.0,0.0010526571
ZpKBcokql_k,MINECRAFT *NEVER* TRICK OR TREAT AT HIS HOUSE! (MCPE Halloween),prestonplayz,adult,259496.0,0.07661374
H9SmRMdleAg,MALE EVIE? | Boibot,jacksepticeye,adult,3667442.0,0.060103185
HiNly5_4V7o,WHAT WOULD YOU DO?? - The Walking Dead - Season 2 - Episode 2 - Part 4,pewdiepie,adult,5765733.0,0.14318354
R6rz45nMa6k,OCULUS RIFT ROLLERCOASTER | SCARIER THAN ANY HORROR GAME,jacksepticeye,adult,1649546.0,0.21119723
BdFkNpydKK4,Why won't my Xbox turn on ? #shorts,unspeakable,adult,1094526.0,0.13315308
vYWDsJGVYWY,The First OLED Monitor! - ASUS PQ22U,linustechtips,adult,1745602.0,0.0050416132
XhkQelZX2c8,"Street Food in Iran!! UNSEEN IRANIAN FOOD + Market Tour in Rasht, Iran!",markwiens,adult,2676698.0,-0.086903475
_AuXvnCLERA,The Ultimate Indonesian Food Day Trip - HUGE Nasi Liwet Feast!,markwiens,adult,10449591.0,-0.18428406
9yqj5-Uhgm4,This is The Scariest VR Game Ever Made…,jacksepticeye,adult,2419924.0,0.12167832
2Bc4wtKdkEU,THE POWER OF TELEVISION! - Infamous: Second Son - Part 9 - Gameplay,pewdiepie,adult,5170185.0,0.22021444
JH1UASzNelI,Jake Paul & Ben Askren OFFICIAL PRESS CONFERENCE & FACE-OFF,jakepaul,adult,1609555.0,0.06367296
d2Qna_DPxgQ,What Killed 3D TV? #SHORTS,linustechtips,adult,4590762.0,0.19085963
FWsnSDftt50,No way bro 😂,jakepaul,adult,101465.0,0.067024976
9buzfp0_iAA,ONLY ~99 iQ INDIVIDUALS MAY WATCH,markiplier,adult,9672261.0,0.12926556
Db3s1pKs0ag,5 vs 1 - COMPLETELY UNFAIR!! | Arrow Dodge Challenge #2,markiplier,adult,5486202.0,0.066245645
wamcyTyePYY,Best Tech - Ultimate Luxury Edition,mrwhosetheboss,adult,74440.0,-0.016234575
yh4ZtcLbLeg,IT'S SO BEAUTIFUL! - Journey - Part 2,pewdiepie,adult,2524278.0,-0.004131712
8WVcBPnGsPU,THE GIRLFRIEND FORTNITE DISTRACTION CHALLENGE!!,jakepaul,adult,17769180.0,0.14348948
cc8KHNrM82I,I Dyed My Hair... | NikkieTutorials,nikkietutorials,adult,1274967.0,0.10018991
gPtd6gVgKo8,If Philip Glass was a Film,twosetviolin,adult,210800.0,0.007760586
EHa8eW2CYbY,Can Classical and Pop Musicians See Eye to Eye? (Ft. Roomie and Jonas),twosetviolin,adult,813551.0,0.077176094
y4HD94W7on4,Ultimate NERF Shooting Range,colinfurze,adult,2313483.0,0.034435444
IjLbzNt_iik,Curse Of The Aztecs - INDIANA JONES OF HORROR!,pewdiepie,adult,2061281.0,0.07052301
ozK0p3TL7Cc,I Accidentally Destroyed The World | Air Marty,jacksepticeye,adult,1200687.0,0.18962725
EKku1XLgjq8,EXPOSING THE KILLER CLOWNS WHO BROKE INTO THE TEAM 10 MANSION!!,jakepaul,adult,11097827.0,0.18685153
k14kP2MNgCA,Lizzo Be Fat Shaming,gregdoucette,adult,108058.0,0.007903196
u6iqaXac1PA,The Rent Control Problem in LA,grahamstephan,adult,231900.0,0.045324676
xN5XlqT0iwo,WHAT THE ACTUAL F*!K IS THAT??? // Stray Cat Crossing // Part 3,pewdiepie,adult,885158.0,0.100646555
-0UZToYr-IA,Can Classical Musicians Answer EASY Pop Music Questions? (w/ Twosetviolin),roomieofficial,adult,2254263.0,-0.046464875
0hVZOJCYBBM,Important Youtube Announcement (please watch),mrbeast,adult,39585844.0,0.12448636
YTkYGpBOvu8,USA: Don’t Travel to Iraq!!,sonnysidevlog,adult,69602.0,0.015725497
r6TR5qukGXc,"Fish Head Curry Heaven!! 🐠 MALAYSIAN FOOD + Durian Season in Penang, Malaysia!!",markwiens,adult,1645780.0,-0.09404805
3CJZli1VFQg,"I Was At Trumps Arraignment, It Was Insane",caseyneistat,adult,1580581.0,0.28215045
nNfWqnCfwl8,Let's Un-Crate this PC!,linustechtips,adult,629596.0,0.0099107735
OyPkysV1Pv0,Why the United Nations Runs Its Own Airline,halfasinteresting,adult,940937.0,-0.09113978
88yQTzlmsiA,The Truth about Drone Deliveries!,mkbhd,adult,2954375.0,0.07491482
oNu2nTAduDA,I Trapped Someone in Minecraft for 100 Days.. and this Happened  - Part 46,pewdiepie,adult,8798000.0,0.2895635
TFcqdnz_6_k,We (Force) Teach Davie504 to Play the Violin,twosetviolin,adult,2284750.0,-0.034714345
A_1lGkbIx7M,"12K Cameras are COMING... Are you ready?? - WAN Show July 17, 2020",linustechtips,adult,349560.0,0.06155088
u4_6tUqKPCQ,WHY I QUIT BUZZFEED,pewdiepie,adult,9509020.0,0.16999447
3-AoPS-Z44A,"IT'S TOO QUIET... | PUBG Zombies w/ Wade, Jack, Bob",markiplier,adult,3989588.0,0.0355519
3goUDxCCZbc,1.3GB/s Read Speed 8X OCZ Vertex 2 60GB SSD RAID 0 on LSI 9260-8i RAID Card Linus Tech Tips,linustechtips,adult,70053.0,-0.019825745
W93XyXHI8Nw,Is Civilization on the Brink of Collapse?,kurzgesagt,adult,10992975.0,0.04034646
MtqnWEux34I,SELLING ALL MY CAMERAS!!!,peterMcKinnon,adult,612069.0,0.13549533
qENpZBzgaUM,VANOSSGAMING IS IN TROUBLE,mrbeast,adult,265778.0,0.13645786
cRvFEmv48C4,Slender Flashlight | HENTAI TENTACLE SLENDER | Indie Horror Game - Commentary/Face cam reaction,jacksepticeye,adult,44292.0,0.22958808
9V0lXIK9DZQ,How Tech Companies Manipulate the Media ft. MKBHD,mrwhosetheboss,adult,7477480.0,0.28402877
qRkgqrACdnc,Summer Job Selling Berries - Laptop or Bust ep2,linustechtips,adult,802310.0,-0.031610385
14QO4XcL0ZM,MASTERS OF NONE | CRYO w/ Bob & Wade - Part 2,markiplier,adult,1295605.0,-0.03294212
xdhRGoioXa4,Classic Unboxing - Swiftech Apogee XL CPU and Komodo NV LE GPU Water Blocks,linustechtips,adult,168873.0,-0.05317328
01NJ_QwwwWQ,Taking My Jewish Parents to a Muslim Country,drewbinsky,adult,1808866.0,0.07546927
O2CdRDshmw0,3 Genius LEGO Products!,mrwhosetheboss,adult,68333219.0,0.07274635
9z4RQ56bKqA,THE END | SCP Containment Breach v0.9 #41,markiplier,adult,1711158.0,0.10251809
uRvoccX05rM,Overkill Office Upgrade - Big Screen TV & Dolby Atmos Speakerbar Showcase,linustechtips,adult,887864.0,0.03770957
9qf3OmxwmhM,CES 2013 Highlights!,mkbhd,adult,78780.0,0.095986485
IQw5UOVvDj4,"Malaysian Food in Melaka 🇲🇾 SPECIAL SATAY + Asam Pedas and Chicken Rice Balls | Malacca, Malaysia!",markwiens,adult,3325067.0,-0.09266298
nat6F3kcfpY,"How I made $73,000 by waiting 90 minutes in Real Estate",grahamstephan,adult,18805.0,-0.046066426
V7wlYQ2_Q8o,This Is the Deadliest Virus on Earth,kurzgesagt,adult,2235240.0,0.04452958
9qMXOyiRymY,Making a Huge 360 Swing #2 Swing Arm,colinfurze,adult,2667357.0,-0.070278436
T-v4b3WtPAg,BO3,mrbeast,adult,1553705.0,0.15438549
5NEce-Sroa8,1 MILLION FRUIT LOOPS IN POOL!,jakepaul,adult,13944426.0,-0.09118287
PUrB5MvEPqQ,Can Lakefield Save Intel? - Samsung Galaxy Book S,linustechtips,adult,858896.0,-0.021788813
5zN0PNqPwVs,Eating the Philippines WORST Rated Foods!! (It's bad...),besteverfoods,adult,2819476.0,0.1008086
iDRW-lY6sQA,Who Killed Markiplier? - The Final Chapter,markiplier,adult,4372844.0,0.16727549
4ZSgMg2G0-0,"AH YES, ANOTHER FINE SPITOON | West of Loathing - Part 8",markiplier,adult,3638389.0,0.17468414
bgCLmr1wemI,Gigabyte G1 Gaming GTX 980 Ti - First impressions,linustechtips,adult,291601.0,0.05989985
dLkWB-Iw3-s,This Chinese Motherboard Shows Intel LIED...,linustechtips,adult,3385817.0,0.045748048
gf5HqxVsLJM,DID THAT THING JUST TELEPORT?? | Subnautica #27,jacksepticeye,adult,2566732.0,0.106580496
xScZsGoTUT4,Paranormal - Night#1 Part 3,andymation,adult,12814.0,0.061154276
Xqk68jzzNuA,"3 FRIENDS, 3 RELIGIONS (Jew + Muslim + Christian)",drewbinsky,adult,165638.0,0.0037562698
WdLp52tDj-Y,The IMPOSSIBLE Shot - Attempting to shoot FORMULA 1 🤯,peterMcKinnon,adult,441798.0,0.041585874
n9PMD8fcvAk,Fart@France-Building/Testing the BIGGEST valveless pulsejet ever made,colinfurze,adult,1232157.0,0.038853582
rHVKSK9zy8M,WHAT HAVE I CREATED?!? | Spore - Part 12,jacksepticeye,adult,4265112.0,0.13962457
wVNSpkdMq1I,GUCCI Satin Matte FOUNDATION.... Is It Jeffree Star Approved???,jeffreestar,adult,3423613.0,0.018836055
cH3pjSMNaXg,How it Feels Unlearning Bad Habits,twosetviolin,adult,207769.0,0.050246898
RJ2XlUga7Mc,I built a GIANT MEATBALL in Minecraft (emotional) - Part 16,pewdiepie,adult,19685260.0,-0.0027401913
rFwVz9535kU,"Microsoft ""Fixed"" Windows Recall… I DISAGREE!",linustechtips,adult,920912.0,0.076043904
Tj7hRjl3sAY,HYPE BEAST,caseyneistat,adult,3905574.0,0.1266124
cWkwBgDHtW0,Corsair Carbide Air 540 Case Unboxing & Overview,linustechtips,adult,560473.0,0.018988207
OHteAxGjTsE,5'5 Bodybuilder vs 6'5 Basketball Star | My Opinion on BULKING & Gaining FAT,jeffnippard,adult,205301.0,-0.008356249
wLP_E7xFE2U,THE CHRISTMAS POOP - South Park: The Stick of Truth - Part 15,pewdiepie,adult,7168262.0,0.07835901
nyD7FMwhwxc,We Made a Banhammer (feat. NerdCubed),tomscott,adult,441128.0,0.3052083
638KoZpTpmc,Cry of Fear | Part 4 | WHAT AM I DO?,markiplier,adult,532116.0,0.25008765
CsMxXbJSUpQ,PHYSIQUE UPDATE! Has less weightlifting changed my body?,natacha_oceane,adult,274375.0,-0.039302304
Ssp_0j4pr6w,My Concealer Line Was Stolen & Leaked ($2.5 Million of Makeup Hijacked),jeffreestar,adult,15905215.0,0.17707282
HsCdy5220xk,tana & i got matching tattoos.. (bad idea),jakepaul,adult,3750299.0,0.022319023
ULbJoCnARXc,Google Pixel 9a vs iPhone 16e!,mrwhosetheboss,adult,2787229.0,0.058566082
RtQ8vpvdVwA,$5.99 FOUNDATION VS. $125 FOUNDATION,jeffreestar,adult,4153801.0,0.0485736
bGU48fGiDg4,I HID A CAMERA IN HIS ROOM!! | David Dobrik,daviddobrik,adult,13156583.0,0.3224777
jr53WAp9gjU,Five Nights at Freddy's: Sister Location - Custom Night - Part 4,markiplier,adult,13510996.0,0.06298069
X9eXa-Uzuj0,My Favorite FaZe Clan Members?????,mrbeast,adult,65795.0,0.028893344
lvgmTaWF5L0,KYLIE JENNER LIP CHALLENGE!,nikkietutorials,adult,5564822.0,0.08817654
hMXLcawNcqc,Kingston SSDnow V Series 128GB SSD Laptop Upgrade Kit Unboxing & First Look Linus Tech Tips,linustechtips,adult,65479.0,0.012957338
4yx9ZJDfyKk,Baseball Tic Tac Toe vs MLB Pro,mrbeast,adult,71095449.0,0.03778596
NEqAHq8pXio,NEW Fastest World Record Flight of the Bumblebee! 🐝,twosetviolin,adult,478557.0,-0.0039634136
TpiqVj03gmk,I’M SO HOT | Half Dead 2 #2,markiplier,adult,4055143.0,0.1104044
fknGY6Y-rps,How To Get 1 Million Subscribers,caseyneistat,adult,1302407.0,0.057622474
YTmFej8zV4A,World's Most Comfortable Gaming Setup (Finale),linustechtips,adult,5171304.0,0.06861673
-m7DLiFH-CE,University Freshers - 5 Top Tips,aliabdaal,adult,56180.0,-0.13580121
6Tw3ixdccaQ,NLE Choppa || Diet Advice That Go Stupid,gregdoucette,adult,97041.0,-0.07116989
F4ltZByxz7Y,Philippines EXTREME Food Tour!! From Manila to Buscalan!!,sonnysidevlog,adult,1316434.0,-0.15283003
luR70V5gdS0,All Sports Golf Battle 4,dude_perfect,adult,45923674.0,0.0449934
Pk1U2jcRfns,Changing EVERYTHING,peterMcKinnon,adult,424215.0,-0.0014930461
VfquLUHck-Y,Music tattoos that will make you REGRET,twosetviolin,adult,293243.0,-0.00670154
vcNzkOY71Fc,HOW TO FIX YOUR MESSED UP WINGED LINER HACK,jamescharles,adult,19246685.0,0.02316471
St0hpmD6DV8,Chris Hemsworth TRICKED ME!,gregdoucette,adult,285440.0,0.0691125
yzxYCRDcGDs,Reaction Channels Are Stupid??????? #JCTG,mrbeast,adult,81558.0,0.19147563
RcwQ5k-exsc,Taking a Break from YouTube,twosetviolin,adult,762572.0,-0.038192086
xFJEZo7zDTs,"PHONES, DRONES & AUTOMOBILES!!!",peterMcKinnon,adult,433833.0,0.0035482831
VBVJTMw6l4E,This Is Average. What Are You?,gregdoucette,adult,534258.0,-0.10317567
b_VPkTYmI_g,My honest advice to someone who feels behind in life,aliabdaal,adult,958743.0,0.061285987
Z7iSbrkeAhE,This KEYBOARD has a BUILT IN MOUSE!,linustechtips,adult,1458512.0,-0.08537441
kYMhiYk95eU,BTS(방탄소년단) - 'DNA' VIOLIN/DANCE COVER,twosetviolin,adult,795681.0,0.07182136
CjYPLWcgAOE,Best Tech under $50!,mkbhd,adult,2834832.0,-0.063666895
hy59YkCH3k4,Clarence0 || Against Anti Doping?,gregdoucette,adult,160488.0,-0.026101425
45vmm2Y71HA,he doesn't care,peterMcKinnon,adult,1211048.0,0.071108416
iZmeGpPSJIc,MY GIRLFRIEND DESTROYED ME | Portal 2 Co-op w/ Gab,jacksepticeye,adult,720833.0,0.25077263
uQyRDqnr0FM,The New Cyanogenmod!,mkbhd,adult,1009139.0,-0.021601157
mEGrV_1Pe_w,I Went To Africa's Unrecognized Country (Somaliland),drewbinsky,adult,845454.0,-0.03574907
Veeeq-Yf63c,ONE MUST BE SACRIFICED - Misao (4),pewdiepie,adult,2231226.0,0.10969081
tdrv1YMOvRQ,I Ate the Best KOREAN FOOD in Jeju Island for 24 Hours!!,markwiens,adult,1092258.0,-0.1498934
mIV75Vl2yK4,WE CAUGHT PUPPY APOLLO SMASHING ANOTHER DOG..?! {CHEATING},jakepaul,adult,4209550.0,0.2101446
jifuEsc5uQs,"I Remade ""CONGRATULATIONS"" in Minecraft (& discovered something SHOCKING)",roomieofficial,adult,488152.0,0.21189141
WYi2PHEXgCI,Gigabyte BRIX Projector Mini PC,linustechtips,adult,298787.0,-0.025336279
ODl5FOMu8kI,My Favourite Productivity App for Students - Notion,aliabdaal,adult,1404538.0,-0.06416087
DxB2k3F2PBM,DISCO DODGEBALL,markiplier,adult,1856063.0,0.03481088
sdhmijg7oRY,How to Stay Focused While Studying - Evidence-based Tips,aliabdaal,adult,774472.0,-0.052769527
xiYJW9pViaM,Why We Get Slow Metabolisms & Should You Reverse Diet? Science Discussion ft. Dr. Eric Trexler,jeffnippard,adult,1802565.0,-0.006547898
3UArbCd3bKA,Mike O'Hearn || THE TRUTH About Cardio Adaptation,gregdoucette,adult,164936.0,-0.106023505
b0LwGu3qIFE,NZXT Havik 140 Extreme Performance 140mm Heatpipe CPU Cooler Unboxing & First Look Linus Tech Tips,linustechtips,adult,53612.0,0.06424956
EVbdbVhzcM4,Two Vortex Rings Colliding in SLOW MOTION - Smarter Every Day 195,smartereveryday,adult,15796050.0,-0.031719588
aJFXo1kSXPs,NIGHTMARE AT HIGH NOON | Devour,markiplier,adult,4493972.0,0.04674808
aO7yzmc3ykw,"How We Make Slow Motion Sounds (Exploding Tomato at 60,000fps) - Smarter Every Day 184",smartereveryday,adult,2186048.0,0.019990485
6R1mAGooWkE,Testing Scary Minecraft Theory to Prove It’s Fake,prestonplayz,adult,4767698.0,0.19445519
WOg6z1d4IZo,Google Pixel 2 XL vs Samsung Galaxy Note 8,mrwhosetheboss,adult,453526.0,0.028218983
Key3vq-3Acw,BUILDING A GIANT LEGO BOAT ON WATER!,unspeakable,adult,6586026.0,0.063877255
6L9y7rtZcYw,Hellmart,jacksepticeye,adult,1805351.0,0.05918826
sG2onfyh18s,Ultimate Christmas Special & Build Guide,linustechtips,adult,802561.0,-0.06744523
m_1jZz6Gc28,I CAN PIN YOUR COMMENT!!!,prestonplayz,adult,978983.0,0.038465347
nopyv852Kok,I'LL TAKE THAT HEAD | GORN #3 (HTC Vive Virtual Reality),jacksepticeye,adult,3335366.0,0.022288267
6NMvQU9xNbo,WORST PUNISHMENT YET | OT 18,dude_perfect,adult,52616927.0,0.17139333
-GlJFVTzEsI,"How Lawn Mower Blades Cut Grass (at 50,000 FRAMES PER SECOND) - Smarter Every Day 196",smartereveryday,adult,5298730.0,-0.084049426
gD8yv3Oa-FA,UGLY TRUTH Luang Prabang Alms Ceremony,kara_and_nate,adult,178269.0,0.01473638
AH50gRxIA9o,"I FOUND A $500,000 LAMBORGHINI",unspeakable,adult,4971252.0,0.17827949
8POn7Pdu4nQ,New Axgio Neon N2Q Android Smartphone Unboxing!,mrwhosetheboss,adult,22281.0,0.07637873
ne4hLV9nIrA,The End of Chris Bumstead,gregdoucette,adult,311777.0,-0.07535145
RaBdEp1Wec8,I Built the Slowest Brand New PC and it Sucks.,linustechtips,adult,2898321.0,0.02916295
Q_RiqGUv2r4,THE CHASE IS ON | The Hunter Call Of The Wild #2,jacksepticeye,adult,2039276.0,0.044159774
4l9nmLfFQpM,Unboxing The $10 Million Dollar Invite-Only Credit Card: The JP Morgan Reserve,grahamstephan,adult,3762357.0,-0.023353554
6aF1mek0M0M,VIRAL Chef Cooks Sheep Head!! Extreme Arab Food in Lebanon!!,sonnysidevlog,adult,4421677.0,-0.08413949
rSdr-ApKurU,Goodbye Cincinnati!,markiplier,adult,659181.0,0.059945755
9UTbDwMDSQU,Olympic Unboxing Samsung ST550 12.2MP Digital Camera Linus Tech Tips,linustechtips,adult,26259.0,0.08242629
SDxpYK49Bqo,"I'm not mad, just disappointed... - Galaxy S10/S10+ Review",linustechtips,adult,3238467.0,0.09935953
unIIn_1JOAE,Jungle Pilots are Superheroes - Smarter Every Day 152,smartereveryday,adult,830402.0,-0.032079622
VaV0Uk8eRbk,The Cybertruck Scooter,mkbhd,adult,13526386.0,-0.031956177
gOoFeX_JsXw,"Sorry, Razer... I’m not switching - Blade Stealth 2018 Review",linustechtips,adult,1864477.0,0.08695219
bRZ1EDf2ybU,We Try Learning Harp in 1 Hour,twosetviolin,adult,811457.0,-0.10939255
FrOXY8MlyZ0,How Portuguese is Mozambique?,drewbinsky,adult,224453.0,-0.0272648
qCWi-38ONVk,GIVING BIRTH BOSS (Dark Souls 3 / Part 2),pewdiepie,adult,6470895.0,-0.016051099
JtOdqApbcgQ,Ed Sheeran Can't Sing LMAO,roomieofficial,adult,656967.0,0.16360596
98l2Me_JybU,Amanda the Adventurer: ALL ENDINGS,markiplier,adult,4119381.0,0.021097837
P2eDFw-PMBg,Happy Valentines Day,jacksepticeye,adult,941736.0,0.027253095
LVhAFky1J8U,Is She Afghan or German? (THIRD CULTURE KID),drewbinsky,adult,607200.0,0.086121574
tK1-Y0d3kBQ,21 Illegal Base Defenses in Minecraft!,prestonplayz,adult,2052372.0,0.1005814
LlVfqcYzFcM,Markiplier Animated | MARK'S NIGHT OUT,markiplier,adult,7402753.0,0.15084666
mpZWt5pGKZ8,The Real Way Dinosaurs Went Extinct,mrbeast,adult,29718536.0,-0.028912414
X1b3C2081-Q,iPhone 12 Review: Just Got Real!,mkbhd,adult,13783251.0,0.03650462
qZJQXuylTvA,Jeremy Ethier || Can You Build Muscle in a Calorie Deficit??? ||  Settling the Ongoing Debate!!!,gregdoucette,adult,417983.0,-0.048527308
lDoLLhswOwY,"25 Things To Do in Tokyo, Japan (Watch This Before You Go)",markwiens,adult,5558535.0,-0.15679385
ZZl-xpsBM50,Senada Greca || Natty or Not,gregdoucette,adult,216782.0,-0.08829424
Gnur_KlXbT0,Be the Slenderman | I KILL VILLAGERS | Indie Horror Game - Commentary/Face cam,jacksepticeye,adult,1641028.0,0.20250282
HE1ueYjPCOQ,Intel Will Never Recover From This... - Threadripper 9980X,linustechtips,adult,2438021.0,0.18190834
TCY4neWJ-J4,DOING MY OWN GEL NAILS AT 2AM,emmachamberlain,adult,3573964.0,-0.038409498
OMpBmoKNJs4,Nexus 6 by Motorola - The Google Phablet,linustechtips,adult,390981.0,-0.04060611
o-UoLW0XkfA,Zune HD: Revisited,mkbhd,adult,244101.0,0.040756512
NXHzoec0Fsg,$3 Delivery Food vs $186 Delivery Food in Vietnam!! America Can't Compete!!,besteverfoods,adult,1739813.0,-0.024255954
LCata-vA86E,ESCAPE ATTEMPT | The Escapists #6,jacksepticeye,adult,5307618.0,0.084451586
l9KjwPTYXso,DRIVING MY TESLA WHILE BLINDFOLDED!!,daviddobrik,adult,15237012.0,0.112861924
BvMyn-IvufE,PUSH ME | Will You Press The Button #3,markiplier,adult,2462436.0,0.17723061
6R1_ag4_QmA,99 Nights In A Trampoline Park!,unspeakable,adult,4947994.0,0.13174587
oUyHn9RDsUk,Meet me at the CAFE,twosetviolin,adult,328243.0,-0.075539134
WaOySImzXEQ,Perfect Pitch: The World's Greatest Ears!! (clickbait),twosetviolin,adult,2601639.0,0.052717023
zpn3mA8K9d4,MOST BIZZARRE GAME EVER! (Day 3),pewdiepie,adult,2156654.0,-0.008291068
7Xa5PnDdIsc,I got TRAPPED in the GIRLS ONLY Server in MINECRAFT!,prestonplayz,adult,13506542.0,0.09336036
CnRZT3NFFDc,The worst Road Rage! #shorts,unspeakable,adult,841483.0,0.24654967
VoHX7Hnf40o,Shish Kebabs Meat Platter in Jordan!,markwiens,adult,3257603.0,-0.14654183
KCJGoJo3U3w,Why you aren't taking better photos,peterMcKinnon,adult,699709.0,0.09836739
ehlDaAcwvTY,Octodad - SECRET OCTOPUS?! - Part 3,pewdiepie,adult,4720733.0,0.121061355
X8jMOe3wvWc,WE FOUND MINI JAKE PAUL A GIRLFRIEND?!,jakepaul,adult,31784756.0,0.08137124
YhXKz-KKmAw,DEAL WITH THE DEVIL |  Sort The Court #3,jacksepticeye,adult,1586942.0,0.18652295
wpJgFC_-WVE,SOME YOUTUBER TP’D THE TEAM 10 MANSION?! **HELP US**,jakepaul,adult,4717894.0,0.027063902
NgwXXyEezBg,BAD TOUCH! BAD TOUCH! | SCP Containment Breach #58,markiplier,adult,2415712.0,0.17774989
ze9NatbbYyI,Huawei Mobile Cloud - The Huawei P20 Feature you didn't know about!,mrwhosetheboss,adult,118570.0,0.07121358
9Shb6up5tVU,I made a phone case for $0.,mrwhosetheboss,adult,24954735.0,0.1779711
MuPL-PSMX0Q,World's Longest LEGO Walk | OT 2,dude_perfect,adult,63890675.0,-0.00028136466
siSasEhUqKY,Crysis 3 PC   Shotgun Domination and Crash Site Tactics - No mouse acceleration,jacksepticeye,adult,12245.0,0.04149776
q349Hwtdke4,How??,twosetviolin,adult,231432.0,0.0630696
0faCad2kKeg,How Cell Service Actually Works,wendover,adult,3467310.0,0.021984685
hMfhpzCb-_U,MY PARENTS PICK MY OUTFITS,emmachamberlain,adult,4528166.0,0.03026451
D10gTfBLrwg,"Sharing our Own Troubling Experience - WAN Show Jun 11, 2021",linustechtips,adult,441866.0,0.010621365
prHARc5vhpo,60 MINUTE VS. 6 MINUTE Makeup Challenge! | NikkieTutorials,nikkietutorials,adult,4243588.0,0.03559043
6Y4QGFte3T8,The world's first solar powered train,tomscott,adult,1163974.0,-0.11089559
V_gkdgeQVaA,SHOTS FIRED | Oh...Sir!! The Insult Simulator #3,jacksepticeye,adult,2414965.0,0.30680144
sukbKlJLgAY,Eddie Vs. Thor || He's Got A Huge Advantage!,gregdoucette,adult,220442.0,-0.038820166
HNChn7eK1tM,Jaiden Smith Did it Again..,pewdiepie,adult,5058725.0,0.16672382
0Ku_iNKOv38,50 MILLION,pewdiepie,adult,7887160.0,-0.053958878
OKlkyh64jlw,Crazy Training Machines in Germany! (& How I'm Fixing My Deadlift),jeffnippard,adult,155150.0,-0.011343101
5pbC3hDg_U8,H.P. Lovecraft The Game | The Terrible Old Man,markiplier,adult,2223056.0,0.102379926
viJcgb-rP0c,The Problem With Caleb Hammer,grahamstephan,adult,496084.0,0.04563033
0bXPwCmtd-U,Markiplier in a SUIT!? Also Donating $10000 to Charity!!,markiplier,adult,913501.0,0.100762144
dN14xrnZwXw,WALL OF DEATH (homemade) the SCOOTER did it amazing,colinfurze,adult,2631318.0,-0.05637637
8AiLKaQ7mxo,ATTACK OF THE MARKIPLIERS | Sims 4 + More,markiplier,adult,8401580.0,0.2716303
AxFiYyw5A20,I MADE A TERRIBLE MISTAKE | The Quarry - Part 3,jacksepticeye,adult,4557013.0,-0.0098632
zK9om3TdvA8,CEPTEN SPERK VS PEOODIEPIE,pewdiepie,adult,2058607.0,0.0687936
3DS6CcuBDdk,See you Ling Ling Wannabes soon. In the meantime Go Practice. Oh and which cities do you want us in?,twosetviolin,adult,303267.0,-0.15312032
96mCREnQmfo,STRANGEST GAME EVER | ASHI WASH,markiplier,adult,2243318.0,0.10327834
fYAUINqHAY4,Huawei Mate X2 Impressions: I Was Right!,mkbhd,adult,3087123.0,0.003716983
BKKr55WPrrM,Worst Haircut Ever | OT 16,dude_perfect,adult,43797923.0,0.22223666
NznBUXp7bhU,How to play 15 notes a second,twosetviolin,adult,136540.0,-0.037885234
46Pzt-kIyk0,Xiaomi's Dual Screen Phone is Wild,mrwhosetheboss,adult,4969430.0,0.14150774
d-bbJUQ_Vro,Does money REALLY buy happiness?,aliabdaal,adult,160312.0,0.046377968
ZX9hINdSXes,The Eulogy Method 🪦,aliabdaal,adult,33185.0,-0.05937991
O8FJSjy3bXA,The Truth About the Escobar Folding Phone!,mkbhd,adult,9170335.0,0.061890762
eW_A1d2GJo8,Huge Caribbean KING CRAB 🦀 RUNDOWN!! Jamaican Seafood Tour - Jamaica! 🇯🇲,markwiens,adult,8642416.0,-0.13112062
cll2kuzQu0M,He Almost Broke His Back 😳,jakepaul,adult,89265.0,0.18372843
VganoSumbYE,Alex Eubank Up 12lb On Cycle,gregdoucette,adult,395454.0,-0.1273425
Vcq69BVMq_M,SHE MADE $82 MILLION !!,daviddobrik,adult,11503969.0,0.10192538
SplSa7j7EC8,Natty Stronger Than Larry Wheels At 17,gregdoucette,adult,234847.0,0.016059563
JY_JSy7AcX0,Mangrove Tour in Langkawi (Day 4),markwiens,adult,319608.0,-0.22385341
Hn4F-UKJOaM,How To Save Money At Restaurants!,grahamstephan,adult,732541.0,-0.10701242
2tOx4hP-Q98,A $350 miniature magnet camera #Shorts,peterMcKinnon,adult,3297083.0,-0.037889138
MgImDVV2miE,Corsair 600T White Computer Case Unboxing & First Look Linus Tech Tips,linustechtips,adult,187547.0,0.036638413
qlgzHUdDekA,Sharing out thoughts (Pt.2),twosetviolin,adult,63307.0,0.09014162
GysAQgOD9Y8,Khanom Jeen (ขนมจีน) in Krabi: Curry Noodles and Fried Chicken,markwiens,adult,214981.0,-0.15960437
FHwXOwTgYB0,Best Desktop Graphics for your Laptop - Proprietary vs. Thunderbolt!,linustechtips,adult,1192764.0,-0.006781234
FN79wcmWfoM,Sapphire Nitro R9 380X Video Card Review - Sweet spot card at 1440p?,linustechtips,adult,479274.0,-0.0029394412
EFcWCc7xogY,"Fitness YouTuber Zwift race || Coach Greg, Editor Steve, Triathlon Taren, Obese to Beast",gregdoucette,adult,129074.0,-0.0016868748
pWfWYQrpUB8,Treasure Hunter Simulator,markiplier,adult,3981152.0,0.11609165
NFIy5nAnqrM,Dell XPS 27 - An Audiophile-grade All-in-one,linustechtips,adult,866670.0,-0.10516852
3cAvo1NcFVk,This was so difficult 😞,unspeakable,adult,871952.0,0.11426492
Mxks4M6tVtc,WAR IS HELL | Valiant Hearts: The Great War #1,jacksepticeye,adult,5734937.0,0.071273595
Hc6ptqErY_Q,very serious family problems.,caseyneistat,adult,1685789.0,0.14750478
wfT6_6gxLsw,FLYING WITH GIANT HELIUM BALLOONS (INSANE),jakepaul,adult,6670583.0,0.048274234
ngRuGUK6UgA,PUNCH THE BABIES!,pewdiepie,adult,5221063.0,0.17366593
PD6eQY7yCfw,Dude Perfect | Backyard Edition | Our 1st Video!,dude_perfect,adult,45416992.0,-0.059731297
nhsDBqK6bAg,EPIC FAIL!,caseyneistat,adult,2401687.0,0.070818774
ePxPqFbmV-s,100% SPOOKY | Sign of Silence,markiplier,adult,8847577.0,0.121484324
Zbmvp7VeNgk,Walking Straight Into DEATH!! | Amnesia: The Four Horsemen #3,markiplier,adult,703666.0,0.13072582
kKYcgVdCGs4,Your Favorite Duo Is Back.,jakepaul,adult,1026216.0,0.024971753
VMmkHEnH-RE,Maserati Levante.. stuck in the sand,caseyneistat,adult,1928719.0,0.030750751
QMFW_xkvl0A,Jake Paul vs Ben Askren - FINAL PRESS CONFERENCE [LIVE],jakepaul,adult,850644.0,0.09559105
9fNvbeBLwGc,HOLIDAY 2017 ⭐️ COLLECTION & SKIN FROST PALETTE REVEAL | Jeffree Star Cosmetics,jeffreestar,adult,3666898.0,0.0084839
RlGeczWn-bs,SUPPLEMENT SCIENCE with Examine.com | Interview with Kamal Patel | Part 2,jeffnippard,adult,12469.0,-0.04992296
Y2ZG9SrxNo8,How to Upgrade Your Graphics Card,linustechtips,adult,5037376.0,0.062749565
ODJoSqG6L7c,MARKIPLIER ON THE NEWS RIGHT NOW!! Link in Description!,markiplier,adult,145266.0,0.12893096
U7EYCHha6AI,"[Horror, Funny] Ao Oni - HE WANTS MY FRICKIN HAIR D: - Part 9",pewdiepie,adult,1533136.0,0.15852013
hjGVv9h0gq4,"SYSTEM GIVEAWAY [CLOSED] & Overclocking On ""Locked"" CPUs & Chipsets - Supermicro booth - CES 2016",linustechtips,adult,281909.0,0.042638153
18uwP-aTqqI,"Doing My Makeup, ALONE in a HAUNTED FOREST! | NikkieTutorials",nikkietutorials,adult,1563696.0,0.0911051
lQ-Bqg3PWk8,WHAT IS HAPPENING TO MY EYE!!,daviddobrik,adult,8839465.0,0.1717721
LQ3Mu8A7gjY,All of Me (John Legend) - Duranka Perera,aliabdaal,adult,169329.0,-0.08776462
RsBYRIqQEdk,"My new $45,000 toy 😅",jakepaul,adult,592054.0,0.05903932
-rUjPzaysKs,MSI GeForce GTX 550 Ti Cyclone II Overclocking Test Linus Tech Tips,linustechtips,adult,65830.0,-0.068556994
ZO2MVfmCpj4,Slender: Prison | FINAL ATTEMPT,markiplier,adult,111513.0,0.21841125
lwCUGMP5zzk,"Western Digital My Passport Elite External 2.5"" USB Hard Drive Unboxing and First Look",linustechtips,adult,20484.0,-0.018152487
UjRWQND6_ro,I Tested the Rarest Tech in 2026!,mrwhosetheboss,adult,3986465.0,0.069949135
qADyuXjm7Ag,GIANT MINI GOLF | 100ft Robot Golf w/Ethan,jacksepticeye,adult,1425190.0,-0.07826877
tOBZIAzOQRY,Surviving Borneo!! Deadly Food on Asia's Biggest Island!!,besteverfoods,adult,2711046.0,0.07024092
rp5meTIP3Pk,Middle-earth - Shadow of Mordor Graphics Card Showdown & Benchmarking Procedure,linustechtips,adult,197649.0,-0.0036612488
_o5b-eSF_Ok,"Thai Street Food - HUGE MEAT BBQ!! Sausage Coils + Curry Noodles in Mae Sariang, Thailand!",markwiens,adult,1868410.0,-0.10817243
MFBl3YkmONs,Thermaltake Level 10 GT Snow Edition Unboxing & First Look Linus Tech Tips,linustechtips,adult,256972.0,-0.0121169975
ClBlHSaRmfk,USING THERMAL CAMERAS TO CHEAT IN HIDE & SEEK!,unspeakable,adult,32017622.0,0.3258999
WI5gjdNUTXU,Fancy Some Eyeliner: Triangle it Up! - Makeup Tutorial,nikkietutorials,adult,93239.0,0.03639023
h1-gM3RetTs,Why it Used to be Legal to Mail Babies,halfasinteresting,adult,651610.0,0.112679794
FSmJW1Ww4hI,MAY THE BEST BABY DIE!! (Who's Your Daddy? Part 3),pewdiepie,adult,10069019.0,0.10548058
MAPumW_wYKc,Bicycle of Hydraulics,colinfurze,adult,7721056.0,-0.06277001
f5Q83Y-guO4,Samsung Galaxy Z Flip Unboxing - The Confusing Truth.,mrwhosetheboss,adult,2409511.0,0.09175475
DIT60WPvtYI,Canon EOS C300 MKII Camera - NAB Show 2015,linustechtips,adult,87722.0,-0.014544349
Vi9_LPCuhQA,I tried intermittent fasting for 30 days,mattdavella,adult,1659952.0,-0.015403818
X52jSWjnvC0,My Last Day as a Doctor - Reflections,aliabdaal,adult,783478.0,0.021836158
9YRjBR9DcCc,ETHOBOT CHEATED!!1!,prestonplayz,adult,12893497.0,0.09712877
Eatavpbp_tc,Why $150 is INSANE for a Lobster in Africa!!,sonnysidevlog,adult,3589585.0,0.0824888
CM3X9hgzVM4,Don't stop creating for yourself,peterMcKinnon,adult,446802.0,-0.040154744
aDDZ50U_cEM,Roasting OTHER Youtubers' Gaming Setups!,linustechtips,adult,5963551.0,0.07024603
bJltXHryrjs,sleepover with emma *CHRISTMAS EVE EDITION*,emmachamberlain,adult,3580917.0,0.010606749
CnrQVFqqk5s,I Can't Sugarcoat This,gregdoucette,adult,75557.0,-0.003761718
HqyGMQL1ToI,MEET MATT THE NEW EDITOR!! | Drawful #3,markiplier,adult,1101294.0,0.076689765
KkbMnQ4Wzco,"RETRO UNBOXING - AMD Sempron ""Best-In-Class Performance"" Processor Linus Tech Tips",linustechtips,adult,57763.0,-0.021614036
TDcQnV0QcAc,LG G Watch R - My Favorite Smartwatch Yet!,linustechtips,adult,527908.0,0.054538734
4u3mzBWG9zo,BACKPACK Mounted Fireworks Display,colinfurze,adult,1232399.0,0.08779684
YVxaK8WQhJo,I challenge the Ender Dragon in Minecraft (Ending) - Part 30,pewdiepie,adult,22333528.0,0.02599611
NfBmWsbCIZg,MARKIPLIER is BEST HUNTER,markiplier,adult,1857204.0,0.060011003
HvxyBgdPPiU,Easy Holiday Hair Tutorial,nikkietutorials,adult,114782.0,-0.004932222
XiBY5mo1Iys,"15,000,000 SUBSCRIBERS!",jacksepticeye,adult,971443.0,0.13660589
oI6aXhowFDY,"Get Every Boy Scout Badge, Win $10,000",mrbeast,adult,131299032.0,-0.011312499
6c414YG5NyA,IT'S FINALLY DONE - My Weekend Project - Building a Cat Tree - Part 7 Linus Tech Tips,linustechtips,adult,75793.0,-0.14064996
zZmcCQFu98k,It’s Begun: You Have 5 Years Left To Get Rich,grahamstephan,adult,439384.0,-0.035613135
P5dxd-ocaE8,The Problem with YouTube Rewind!,mkbhd,adult,7756399.0,0.08785249
vQ-3r0k-qoY,Best Budget Tech - September 2016,mrwhosetheboss,adult,58920.0,-0.048249077
GS5GMWFqeVY,I spent $200 on this thumbnail...,peterMcKinnon,adult,1029772.0,0.06715689
Vumz43-3pXo,FULL FACE USING ONLY HIGHLIGHTERS Challenge | Jeffree Star,jeffreestar,adult,11056769.0,0.0830501
2Z-WEdWCoW0,The Ultimate Galaxy S10 Camera.,mrwhosetheboss,adult,3859517.0,0.079253435
sjT7asVL7JI,CONTOUR LIKE AN INSTAGRAM PRO!,nikkietutorials,adult,10855331.0,0.03430213
j7tS6F55KFc,7 WAYS Unspeakable Steals Preston's Diamonds!,prestonplayz,adult,4804839.0,0.15922698
B0WamcfwgSQ,Buy This Haunted Mansion for $1,caseyneistat,adult,2288474.0,0.023706682
AEAM71jcp4U,Audio Technica ATH-AG1 & ATH-ADG1 Gaming Headsets - CES 2014,linustechtips,adult,95363.0,-0.0727904
LQ5aQY73eOg,How To Build Muscle While Running?,gregdoucette,adult,459104.0,-0.056316648
vXIAB_1FEC0,Galaxy S22 Ultra Review: Separating from the Pack!,mkbhd,adult,6313564.0,0.03612265
j8IYsQ6QVp8,I Silenced my Gaming PC for $25 (+ Wood),linustechtips,adult,1281252.0,0.08023181
xwwPAOH9QbU,Testing Clickbait Shorts That Are Actually Lies…,prestonplayz,adult,7387451.0,0.25380567
FAn7VGC01EA,The Intense Logistics of Truffles,halfasinteresting,adult,492737.0,0.008912869
ivyvm5O-VjY,Has Coffee Gone Too Far?!😱 #shorts,peterMcKinnon,adult,1955255.0,-0.040470123
f2JDJV0AnyY,"The Most Effective Science-Based PULL Workout: Back, Biceps & Rear Delts (Science Applied Ep. 2)",jeffnippard,adult,4228508.0,-0.12124803
ChHhVeCSssA,HD Tutorial: Get Safari 3.2.2 Back (Request),mkbhd,adult,3411.0,0.045733273
2DfyBW2VbZA,Small Form Factor Video Card Showdown - R9 Nano vs 970 Mini,linustechtips,adult,415808.0,0.06388649
slQyNmVfbnY,"SO MANY NEW TRAPS!! | Half Dead 2 w/ Bob, Wade",markiplier,adult,6851362.0,0.15089235
gP5Iau73aVE,TEST YOUR MIGHT | Happy Wheels - Part 74,jacksepticeye,adult,8728873.0,0.052259684
PtKZJL7Poao,The Return,markiplier,adult,950676.0,0.060103852
5YVa5300BH8,Popular English Songs vs Non-English Songs #4,roomieofficial,adult,468163.0,-0.021468753
YpphKzmDiJM,The LAST Thermal Paste you'll ever need??,linustechtips,adult,2463184.0,-0.017798172
yQSh1MWIdVU,How to cut your hair using a drone,simoneGiertz,adult,693944.0,0.06324237
hrMekUgWmFo,Wilbur Soot's band (Lovejoy) - My Review,roomieofficial,adult,548789.0,-0.01604353
qlXo_mlwf0Q,Destroying My Palette & Turning It Into Paint!,jamescharles,adult,5745074.0,0.18650943
D5Vnm0d9Ys0,[GIVEAWAY CLOSED] 6x $100 Steam Card Giveaway!!!,linustechtips,adult,285226.0,0.0146199595
b665dqBuZnM,Sandboarding in the Egyptian Siwa Oasis,markwiens,adult,16136.0,-0.10531554
nXOmkJhytIk,Why I NEVER Buy Stocks!,grahamstephan,adult,234517.0,-0.00089388527
GB0xWgWujcs,LOGAN DID IT!!,jakepaul,adult,136917.0,0.108299464
Vzyn_VhixIY,This is Why CHINESE FOOD is the Best!! 🇨🇳 (Locals Drive Hours to Eat This),markwiens,adult,819789.0,-0.050650343
QFlH9XWt0KQ,Cooking with the GOAT 👩‍🍳,jakepaul,adult,223357.0,-0.009803683
LKIpZR_OyAg,This 50 year-old computer has an RTX 5090 in it,linustechtips,adult,273338.0,-0.0109172035
SKagZybuw7o,How Twitter Changed my Life #Shorts,aliabdaal,adult,132599.0,0.20055987
7y93MYaTx6M,The ULTIMATE Tuk Tuk (rickshaw) Unleashed the TUK600 (Far Cry 4),colinfurze,adult,10365081.0,0.05798661
SmZDXpdAK2o,BUSTING 50 CRAZY MAKEUP MYTHS!,jamescharles,adult,2850633.0,0.23123541
SLqx8m6KOxg,Apple just killed M1 - WWDC 2022,linustechtips,adult,2003441.0,0.070146024
gPdjF4XaNTw,Dead Space | Part 33 | BETRAYAL,markiplier,adult,240452.0,0.18439066
642x2Y3Zla0,The Fake Vinegar In British Fish and Chip Shops,tomscott,adult,5404434.0,0.010958469
TSrFtCgV-RA,I tried bullet journaling for 30 days,mattdavella,adult,982759.0,0.061977707
wpD36KRtCM0,Deliver A Feeling,peterMcKinnon,adult,772370.0,-0.03684375
DwDoX8BZdck,Indian Food YOU WON’T Find in India!! EXTREME DOUBLES + Curry Roti in Trinidad & Tobago!!,markwiens,adult,2982378.0,-0.075692326
j1O1aJyF5KA,How to put xbox 360 games on your android phone,mrwhosetheboss,adult,95437.0,0.12318913
FCR247CZ5Ts,Mionix Zibal 60 Mechanical Gaming Keyboard Unboxing and First Look Linus Tech Tips,linustechtips,adult,118956.0,0.017245872
ua5jduLbNy4,I FOUND MY WIFE'S *SECRET* RAINBOW MINECRAFT SCHOOL! (MCPE),prestonplayz,adult,19865953.0,-0.08895119
1k4FHNzU1eA,"Potbelly Pig Cooked 7 Ways - Traditional cooking with Red Dao Family in Ta Phin Village, Vietnam!",besteverfoods,adult,4837497.0,-0.11687372
yNoy_oIwZfQ,Helmet Needed,caseyneistat,adult,734872.0,0.050498076
YdL2LeRMimY,"If I Die, Minecraft Gets More Scary...",prestonplayz,adult,5478900.0,0.055317774
WXV-zB3EfNw,Linus Reads Really Mean Comments,linustechtips,adult,2756605.0,0.15894377
eTARB_4s39o,His Voice CONQUERED TikTok,roomieofficial,adult,539475.0,0.18223672
KVKD02dAKa0,BIG BALD BABIES | Prison Brawl,jacksepticeye,adult,1388055.0,0.23792979
n3y9fI--5uo,"Seafood in Syria!! 🐟 FRIED FISH + Million Dollar View - Mediterranean Sea, Syria!!",markwiens,adult,716796.0,-0.027718857
JFyMeWwk5Cs,How to Train and Eat During Ramadan.  Keep Your Gains While Fasting!!!,gregdoucette,adult,258420.0,-0.14230552
fBE9DL7MlG0,My New Gaming Monitor - AORUS FO48U,linustechtips,adult,3192020.0,0.05409181
P-EzMyJKALA,World Cup Edition | Dude Perfect,dude_perfect,adult,69622794.0,-0.03363344
Hlu-QWlBo2k,Singers First Auditions vs Last Performance (Singing Shows),roomieofficial,adult,1282455.0,0.102104
qfPfExHUp4A,NikkieTutorials | SCANDALOUS Turqouise Kiwi Look,nikkietutorials,adult,90132.0,0.093645446
mU2hjhw1RCs,We Built A Lie-Detector Skeleton From 1927,tomscott,adult,821066.0,0.057927944
9i3GtPIS0-4,Making a Handheld Air Cannon Steampunk/Powerfull,colinfurze,adult,1312855.0,0.003947202
EtZXMj_gUjU,Unboxing 3 PETABYTES of storage!!,linustechtips,adult,4053536.0,0.05632418
8a5bA1HMpD0,"Best INDIAN FOOD in Kuala Lumpur, Malaysia!! (Food Paradise)",markwiens,adult,1420420.0,-0.090669796
pVK80X-JgWI,"No, I Am Not Human",markiplier,adult,6090600.0,0.21492317
ZOWMl1zclOk,TEMPO TEST - The World's Hardest Musician Test (might be clickbait),twosetviolin,adult,1753294.0,0.033616014
BMBaYDVCNb0,Jeff Made A Huge Mistake || Ft. Nippard Small Dawg Remix,gregdoucette,adult,140467.0,0.04619717
kVFGERWc0N4,Slick's Highlights of the Samsung Booth - Linus Tech Tips CES 2013,linustechtips,adult,26373.0,0.09665851
GSckl93XqKg,OUR PERFECT VACATION (Better Than Our Honeymoon),kara_and_nate,adult,832810.0,-0.12732375
7cZW2vtmRMc,Beitou Hot Springs Tour and HUGE Countryside Taiwanese Chinese Food Feast! (Day 7),markwiens,adult,513313.0,-0.24725811
0M3NnyKqqHI,XFX 1050W Pro Series 80PLUS Gold Power Supply Unboxing & First Look Linus Tech Tips.wmv,linustechtips,adult,41042.0,0.08591515
HEgnx_YfTq8,Just another normal day practicing…,twosetviolin,adult,227266.0,-0.083655834
3uGribR6-cs,POOL PARTY | Party Hard #3,jacksepticeye,adult,2958105.0,0.065014586
QrM25jqhXdA,Where iOS 7 Features Come From!,mkbhd,adult,1273553.0,0.07114434
FV2tMP37ygs,Talking Tech and 2020 with Bill Gates!,mkbhd,adult,3703799.0,0.08836124
2J9zemf-1w8,THE LEGEND OF THE COW PUNCHER | West Of Loathing,jacksepticeye,adult,1161867.0,0.18144593
auRA__sfwaQ,How Low Is Her Bodyfat On A High Calorie Diet?,gregdoucette,adult,122685.0,-0.013770071
OXdlzzwCKlM,100 Songs That Turn 20 Years Old in 2021,roomieofficial,adult,603975.0,0.09606473
HZGCoVF3YvM,"Bayes theorem, the geometry of changing beliefs",3blue1brown,adult,5700477.0,0.031725936
HGJ7gaty42o,Unseen INDIAN FOOD in Thailand!! Super CHEF GAGGAN Emoji 🌶️😇Food in Bangkok!,markwiens,adult,891988.0,-0.05451259
Ysto3LRAU8k,SMASH or PASS Every FNAF Animatronic,jacksepticeye,adult,5581128.0,0.016941432
KJ504lPCdSs,Somethings Wrong With My Feet (Feet Reveal) - LWIAY #00172,pewdiepie,adult,2124428.0,0.1927514
VxAzrKUvr1Y,I Made WORLDS BIGGEST GAMEBOARD!,unspeakable,adult,7471122.0,0.03299852
cP77gUDvAPA,"What My Leg Days REALLY Look Like: All Sets, Reps, Exercises & Volume Included",jeffnippard,adult,513942.0,-0.18027529
uMqd_ZtWW7M,The Pixel 3 XL was buggy for me :(,linustechtips,adult,1231711.0,0.07735968
ajM8NtcNmpI,Showing You MY Favourite TikToks #3,jacksepticeye,adult,4265910.0,-0.02090995
uxT2ZsF1zzU,SAVAGE SARAN WRAP TOILET PRANK **PRANK WARS**,jakepaul,adult,16132472.0,0.28931338
RWC4-7mialA,W,jakepaul,adult,961882.0,0.053596146
1YFZjZBMRWI,PINK LIGHTNING SUICIDE! | Turbo Dismount - Part 24,jacksepticeye,adult,4263735.0,0.14487568
hL7Jg-uT96E,UNHOLY RAGE!! | I Am Bread,markiplier,adult,7646927.0,0.25165072
Mbc_yzB8oAY,"Let's Talk About Tesla ""Killers!""",mkbhd,adult,3310081.0,0.10073888
yKjQL3S-PFI,I PUT THE DOLAN TWINS WAREHOUSE UP FOR SALE (THEY CAUGHT ME),jakepaul,adult,12788176.0,-0.022144733
RTbrXiIzUt4,What Is Right To Repair?,mkbhd,adult,4656355.0,0.15618801
nXIHYB0Gp70,Fourier series,3blue1brown,adult,2328009.0,0.0061284862
lum_eNjiplg,Markiplier Is Real,markiplier,adult,5240692.0,0.18217625
YEiqucL_xVI,Razer Mamba & Diamondback 2015 - Old friends with a new twist,linustechtips,adult,605087.0,-0.023185633
J1lhxfZtR3M,Do You Think You Will Be Famous?????,mrbeast,adult,163205.0,0.17335087
G6VnZrxkFW0,BACON TOOTHPASTE?! (5 Weird Stuff Online - Part 03) - (Fridays With PewDiePie - Part 94),pewdiepie,adult,10128470.0,0.14742516
d0ai33oqqDE,The lattice bacteria puzzle,3blue1brown,adult,818856.0,-0.10785493
g2BEr6BCg_E,You Can't Buy This CPU... Yet - Threadripper Pro,linustechtips,adult,1590817.0,-0.030016202
pFIE1Ujfz6Q,I'M THE LAW NOW! | The Escapists #21,jacksepticeye,adult,4875016.0,0.15133776
_0IF38QecjU,KILL THE BABY! | Who's Your Daddy?,jacksepticeye,adult,10426445.0,0.32381982
ua9lfsSX6Y0,HE'S FINALLY HERE!,caseyneistat,adult,3177606.0,0.031742055
q_6KtELVbdk,"Venom Blackbook 15 Gaming Notebook - High Performance, Sleek Design",linustechtips,adult,548541.0,0.007245008
6LHsUA-aBRg,BREAKING AND ENTERING! | Quantum Break #3,jacksepticeye,adult,757375.0,0.21025899
MJIsaIfyHEU,I Found The Most Satisfying Minecraft Animations...,prestonplayz,adult,2933366.0,0.02287462
9lx11dy9J30,iPhone 16/Pro Impressions: The Great Separation!,mkbhd,adult,11137409.0,0.08076766
8s3022pDI-I,Wireless Mechanical Keyboard - Roccat Sova at E3 2014,linustechtips,adult,111360.0,-0.029138068
ReN3v7xxxWI,The Arrival Fallacy 💭,aliabdaal,adult,105348.0,0.033639483
c3ZjpI34sk0,THE DOCTOR WILL SEE YOU NOW | Paint The Town Red #9,jacksepticeye,adult,3945587.0,0.11324585
kijYNEHfkGw,Overly Google Translated Songs (Can You Guess Them?),roomieofficial,adult,823960.0,0.04948454
dGPt3U-QN3w,Mozart (B²TSM) - 'Papa Wolfgang Style' Official Teaser,twosetviolin,adult,133403.0,-0.034744546
QCbZj33JK-4,Pivos XIOS DS Android 4 0 Network Media Player Unboxing & First Look Linus Tech Tips,linustechtips,adult,31712.0,0.12678933
R3zfXc8nVQk,What you didn't know about Tesla.,mrwhosetheboss,adult,6556114.0,0.044271387
X8DOUSGGw10,Moto 360 Review!,mkbhd,adult,2305917.0,0.043966312
-4FZo8IGDUM,EVERYTHING IS EPIC! - Shadow of the Colossus: 2nd Colossus (Taurus Major),pewdiepie,adult,1766911.0,-0.06314465
vJTXWxX6qZo,"I'M GONNA BE A MOTHER!! ""important update""""",pewdiepie,adult,6550389.0,0.16994335
ejoXchBMFsE,Cooler Master Silencio 652S Computer Case,linustechtips,adult,330900.0,0.015747683
1yFQd4MaKK0,"IT WORKS!!! - Six 8K Workstations, 1 CPU Finale",linustechtips,adult,2557796.0,-0.105034865
rOFEdgP6mvQ,Death Stranding - Part 6 | The Most CONFUSING Episode So Far,jacksepticeye,adult,2856554.0,0.091124475
zDiLGSpBL_Y,I Auditioned for a Singing Show (REJECTED),roomieofficial,adult,344569.0,0.25936174
dS1-617dK04,How to Overcome Inertia 👉,aliabdaal,adult,32163.0,0.055648517
_pJT_PUT5ss,3 SCARY GAMES #105,markiplier,adult,4407959.0,0.13860284
cZOyr3i4QcE,Stop Doing This In The Gym! || Gym Etiquette 101,gregdoucette,adult,192027.0,0.037232988
3-IXD2GVTYQ,Appalling Visual Puns № 3,tomscott,adult,57989.0,0.15480748
dbOBIt1wRH0,Markiplier Animated | Dirt!,markiplier,adult,5587265.0,0.07185044
1hOTCgkGVQs,EXTREME JUMPSCARES! - Within Deep Sorrow,pewdiepie,adult,5732423.0,0.12750107
UqmnS4FQcAk,NOTHING SEXUAL ABOUT THIS... | Mr. Massagy - Part 1,markiplier,adult,10203082.0,0.07674247
6gNn9OG7dPU,Atomic Annie and Blue Peacock: Citation Needed 7x06,tomscott,adult,864955.0,0.02800693
W-2JubQdm3I,"Natacha Oceane — The Good, The Bad, & The UGLY!!!",gregdoucette,adult,616364.0,-0.10694236
KaUuPNYHFNg,I Built a School in Mexico,mrbeast,adult,19897252.0,-0.17373812
wt-LSIwusZk,Speaking Spanish to welcome Arcangel to the W team. Available at Walmart.,jakepaul,adult,303707.0,-0.13630466
JRltyPPBZMo,Is Going Bear Mode Worth It? (Dirty Bulking Science vs My Experience),jeffnippard,adult,2442455.0,-0.079716146
pe37dy_GMus,I Went to Craziest City You’ve Ever Seen #china,drewbinsky,adult,1618792.0,0.15228704
Pe00yeiYltk,SCAMMED on Deal Extreme...,linustechtips,adult,2029672.0,0.094026744
2jWZtKTN6jU,Reuploading Other Youtubers Videos? Stealing Big Youtubers Videos.,mrbeast,adult,63900.0,0.24044394
e0Pw76kph00,Famous Singers covering other Famous Singers #3,roomieofficial,adult,1530543.0,0.06370183
0FdArjNTurE,Get this BEFORE your PS5 - Vizio P-series Quantum X 2021,linustechtips,adult,1379839.0,0.04930372
VKZ33rNKzNU,SPIDER HAIR MAN - Paranoiac (5),pewdiepie,adult,1830223.0,0.10239338
6Zve3IK0Of0,A Cheap Android iPad Replica?,mrwhosetheboss,adult,32215.0,-0.056632012
jRESnT_nZDM,"GETTING SALTY | Duck Game w/ Bob, Wade, Jack #2",markiplier,adult,1690277.0,-0.027649269
2TYjKNpsvl0,Amnesia DLC: Justine Part 2 - AAH YOU CAN SEE HIS PENIS,pewdiepie,adult,225106.0,0.14673078
osdjooEeeXo,Candice's REACTION TO THE FRANCE MOVIE,caseyneistat,adult,2358642.0,0.1976857
PXevNM0awlI,"Highest Away From Me Wins $10,000",mrbeast,adult,625598508.0,0.01041147
AHl0nQC4J4s,The Drama Continues.,gregdoucette,adult,95228.0,-0.0013847044
6twgEtk0tsE,MOST FUN I'VE EVER HAD | Tears of the Kingdom - Part 2,jacksepticeye,adult,1627780.0,-0.0006760545
iZ0qmq42RLs,Server Racks Cost Too Much - Buy or DIY?,linustechtips,adult,821994.0,0.013448758
9wclrnCxe6Y,"Markiplier's Terrible, Horrible, No Good, Very Bad Day",markiplier,adult,3210028.0,0.15743244
8FJXZfH03Mk,Extreme 4D gaming setup,colinfurze,adult,2303387.0,0.058797147
lqTKup-wpEU,GOOGLE PICKS MY MAKEUP CHALLENGE! | NikkieTutorials,nikkietutorials,adult,5568570.0,0.073368676
dEein_hWWK4,Why Vegas is Better Than California,grahamstephan,adult,29550.0,0.0019014888
wLljjbqC678,TRYING A FULL FACE OF MAKEUP FROM EVERY STORE!,jamescharles,adult,4866187.0,0.18369952
Zv8ApX11Q8g,Corsair AX860i 80PLUS Platinum Modular Power Supply Unboxing & First Look,linustechtips,adult,113705.0,0.008218382
sWM4lmWHYNU,My Setup Tour!,jacksepticeye,adult,4668241.0,-0.082896754
SIssLlH6Mio,SPOOKY FLOATING ISLAND | Subnautica #14,jacksepticeye,adult,3411576.0,0.028672082
CeeCZLp34Ac,FRUIT NINJA IN FAKE LIFE | ZenBlade - VIVE,markiplier,adult,2859407.0,0.07538373
RdYpsGswisM,That’s Some BAD Luck 🫣,unspeakable,adult,4893510.0,0.07777369
7eFSdGIquic,DON'T HURT MY TRICO | The Last Guardian - Part 3,jacksepticeye,adult,2742600.0,0.12680104
WaBiAujRbb8,I'm Gonna Visit Every Country!!,drewbinsky,adult,39192.0,-0.038300358
eZPAC0Jq8dU,Why Home Prices Haven’t Crashed...Yet,grahamstephan,adult,389056.0,-0.023694567
jAhjPd4uNFY,Genetic Engineering Will Change Everything Forever – CRISPR,kurzgesagt,adult,30598131.0,0.027751246
aUUAXdNBTU8,Penumbra: Black Plague | Part 6 | THIS PLACE IS HAUNTED,markiplier,adult,119689.0,0.12224592
llURQLnCssQ,Increase Volume on your Phone Speaker by 20-30% with this Free App!,mrwhosetheboss,adult,138734.0,0.07438916
K8lzMvSVE3c,ETHAN MUST DIE!! | Resident Evil 7 - Part 13,markiplier,adult,3118363.0,0.16584319
71bi9ZSvw08,James Might be a Genius,unspeakable,adult,3189350.0,0.10037746
gnpASmjWPB0,Bang for the Buck Z97 Motherboard Showdown Part 1 - Physical Overview,linustechtips,adult,703525.0,0.0059596235
5rx7qZZhnbs,Silent Hill 2 Remake - Part 2,jacksepticeye,adult,2306669.0,0.0603972
vValtBioF0I,DON'T TOUCH THE BALLS! (Gmod),pewdiepie,adult,2820539.0,0.056240797
8iqg9AiqzR4,I used to love this... ?,pewdiepie,adult,3761899.0,0.059641
bxzy7Igiu6U,JEFFREE STAR Blood Lust Collection Review... THE TRUTH!,nikkietutorials,adult,5172063.0,0.084400535
4emI4ZYI0mA,STEVE COOK - VERIFIED NATTY UPDATE!,gregdoucette,adult,62074.0,-0.14827079
o-V-CQqSyyM,PED Cycle to break 1000 Lbs Deadlift || Larry Wheels,gregdoucette,adult,94461.0,-0.03159918
5T3EaFthnZ4,Powerful! Art Heals. Classical Musician Eddy & Dancer Brett.,twosetviolin,adult,94319.0,-0.020236617
S_1LnTo781Q,MARKIPLIER IS TINY (again...) | Grounded - Part 4,markiplier,adult,3899533.0,0.10659146
EzMfjO6gW_c,Why It’s So Difficult to Build Subways in Rome,halfasinteresting,adult,957927.0,0.022331271
RdF5_0G5E4c,Kylie Jenner THE BURGUNDY PALETTE: Review & Tutorial,jeffreestar,adult,2821968.0,-0.035585754
qiZpLhj1ACw,Gabe cheated 😡,unspeakable,adult,1672343.0,0.25446013
DbxQ_oBWunk,We Learn Flute in Spanish,twosetviolin,adult,607216.0,-0.06301859
Fi1JUykQBKw,Nokia Lumia 1020 Review!,mkbhd,adult,3289467.0,0.07476533
u6odA-_jAgk,The Ultimate MEKONG DELTA Tour  | Eating a GIANT GOURAMI!!,besteverfoods,adult,2909779.0,-0.03837005
CB9i_1SorWw,SUPERCHARGE Your Super Nintendo!,linustechtips,adult,868843.0,0.013087146
1D7-mjR2ZA4,NEW PS Vita vs 3DS XL 2 FINAL SHOWDOWN 2014-2015 HD!,mrwhosetheboss,adult,108006.0,0.06332907
WFFLbhQXSmc,We Answer Your Questions about Learning an Instrument,twosetviolin,adult,287620.0,-0.17654607
r5YuPHJF1V8,SLAYAWAY CAMP REBORN | Friday the 13th: KILLER PUZZLE,markiplier,adult,5930992.0,0.03570101
8hXQ5wNGdno,Why Japan Spent $600 Million Protecting Two Rocks,halfasinteresting,adult,3172485.0,-0.023521261
KTKTWFCtdIY,"Greg Doucette ""IFBB PRO"" 664 for 6 deadlift  Nov 27 2012",gregdoucette,adult,1320.0,0.032050688
TWb2P-GGBcU,"Sorry America - WAN Show April 11, 2025",linustechtips,adult,595393.0,-0.032113805
EVSSWkCAoK8,ENDLESS HALLWAY OF NIGHTMARES | Continuous,markiplier,adult,2065989.0,0.12340601
wgBwasKn1Aw,I Bought A New Ferrari,jakepaul,adult,1554925.0,0.07190079
-9OUyo8NFZg,Euler's Formula and Graph Duality,3blue1brown,adult,519478.0,-0.077162534
Ux8JZ-9wZ_A,FLICK-AXE (Hidden-axe) #assasinscreed #sekiro,colinfurze,adult,2257130.0,0.14427146
gaKYGWp9Bm4,Stuck in an Indigenous Tribe Canoe,caseyneistat,adult,1224380.0,-0.07930864
JgO2Lwtsyu4,How Much Muscle Will Sarms Build?,gregdoucette,adult,228184.0,-0.09639414
d_mX0Qh_3-A,Markiplier Sucks at DOTA 2 w/ PurgeGamers,markiplier,adult,574540.0,0.084133774
U8yLuiZD6f0,Shh... | Prop Hunt #16,markiplier,adult,3514839.0,0.22941166
HptQlgVVP1U,TIME TO HANDLE BUSINESS 😈,jakepaul,adult,256110.0,0.12092827
H6QIGfxN6b0,The Most Scientific Way to Use Supersets (New Research),jeffnippard,adult,364601.0,-0.018504541
LT9GPje7MoM,Five Nights at Freddy's: Ultimate Custom Night - Part 3,markiplier,adult,18146545.0,0.046355702
plGBpP_9_UM,"ESCAPING 1,000 EXTREME LAYERS!",unspeakable,adult,2714402.0,0.018440345
zxYz4LUkd3w,Chris Bumstead an OPEN bodybuilder???,gregdoucette,adult,194964.0,-0.12750962
iROLBXa1BkQ,/ The Room / THIS IS GREATEST MOVIE I'VE EVER SEEN,pewdiepie,adult,9752653.0,0.06876378
FbM1yi4mMMc,I Bought A Private Island,mrbeast,adult,185971087.0,0.010923717
e1S6Gk5owRA,Is This Fat? Real World Bodyfat Analysis,gregdoucette,adult,401595.0,-0.0028461348
gV_AnL2o3D0,Everything is different..,pewdiepie,adult,1931954.0,0.08328316
BzH_ChK32OU,What's the Most Isolated City in the World?,halfasinteresting,adult,1507771.0,-0.017025974
uPLYFOR2Vd4,Samsung Galaxy Gear Unboxing & Overview - Shot on Black Magic Cinema 2.5K Camera,linustechtips,adult,59820.0,0.11497344
twyoQ8LWatU,Witness to Steve Irwin's Death - Smarter Every Day116,smartereveryday,adult,2684701.0,0.09006083
MptSg-x1nwE,THE BEST BODYGUARD | Mr. President #1,jacksepticeye,adult,13142626.0,0.19219129
jdLyyuXmglA,Make a Great Podcast Intro,mattdavella,adult,552574.0,-0.041662484
q6Qw8mUVTrE,I Put 10 Million Legos in Friend's House,mrbeast,adult,119588764.0,0.13980792
QA-zopp0OJc,Swedish Chants Summon Ghosts | Phasmophobia,jacksepticeye,adult,4290647.0,0.12294036
muJiWcmwzAg,Kali Muscle - You Need Help,gregdoucette,adult,384084.0,-0.039770193
j7QwJ-M_GAI,Why Don't People Buy Sony Smartphones?,mkbhd,adult,7898170.0,0.09157345
8nLO3Ef91b4,THE FABULIZER! #3,pewdiepie,adult,9595462.0,0.11126363
HduaXmGiRTQ,Resident Evil 7: Biohazard - Gameplay - Part 1 - IT'S FRICKIN' TERRIFYING!,pewdiepie,adult,18318251.0,0.13134468
T-fAi2vCVIg,COMMENTS THAT BOTHER YOU,peterMcKinnon,adult,46744.0,0.0058162957
gyYgi59KIiQ,JUST SQUEEZE IT IN! | SimpleRockets #2,jacksepticeye,adult,1508502.0,0.05667281
whOlQ9Z4Iz4,DRAW MY LIFE - JAKE PAUL,jakepaul,adult,14064487.0,-0.01605933
wsN6AHN2FbM,NextDesk Review: Motorized Desk!,mkbhd,adult,1004424.0,-0.04818262
saYANTEGBZs,HOW TO CHEAT ON EXAMS | Highschool 101,jacksepticeye,adult,5112167.0,0.15874435
U3_Jqd6lXyo,48 Hours on Lake Titicaca’s Floating Islands (with locals),kara_and_nate,adult,1502861.0,-0.16687736
Ufmu1WD2TSk,SOUTH KOREA IS OVER,kurzgesagt,adult,15265499.0,0.061284527
w15uIdSzNV8,My Contest Prep Stack For The Tren Twins,gregdoucette,adult,238217.0,-0.11569838
kDqXV5zWYNU,SECRET TO A GOLD (MILLION) PLAY BUTTON,caseyneistat,adult,1582441.0,0.1957906
1pHoMyA2YkA,HD Tutorial: Enable Autopan in Camstudio (Request),mkbhd,adult,4454.0,0.10347986
4xKCqiFvVko,TRYING HOT NEW MAKEUP! | FULL FACE FIRST IMPRESSIONS,jeffreestar,adult,4050152.0,0.031143624
oPOhKULOL4o,I bought a TRANSPARENT TV for $7000 :*(,linustechtips,adult,7242722.0,0.09969397
PUqtV4ubBKQ,Sok Lek (ซกเล็ก) - Raw Beef and Blood in Isaan at Lab Som Phit (ร้านลาบสมพิศ),markwiens,adult,479983.0,-0.0512906
qhOZS1AfMMc,So... I KILLED MrBeast...,prestonplayz,adult,6708035.0,0.14229703
66hYjz_qh0s,A WILD JACKSEPTICEYE APPEARS! | The Sims 4 - Part 24,jacksepticeye,adult,2981478.0,0.094523765
GS8wJymhSeA,The 8 BEST INVESTMENTS to make RIGHT NOW,grahamstephan,adult,627921.0,-0.08716265
bBaMorQNKew,Who Wants A LeanBeefPatty?,gregdoucette,adult,1104036.0,-0.09688275
8dwfIYv7KZM,URGENT CHEEZ-ITS MESSAGE!! Stop what you're doing and CLICK!!,markiplier,adult,71979.0,0.20472045
HbwS7OKHTAI,SCARIEST Minecraft Myths Ever Discovered!,prestonplayz,adult,5512465.0,0.13730015
ZQZzR0DUujc,"New Optic Gaming Gear Coming To Advanced Warfare, My Thoughts",mrbeast,adult,63867.0,0.09914265
VAfdk1Ruj78,Drunk Baking *don't judge me*,natacha_oceane,adult,315498.0,-0.0894711
kZs4sawkRwI,How Different Instrumentalists Order at a Restaurant,twosetviolin,adult,439197.0,-0.13623688
ZKBz3iGP124,Exploding Action Figures | Dude Perfect,dude_perfect,adult,10543942.0,0.21035767
2SLMpDdi2a4,Satan Called Me Daddy...,jacksepticeye,adult,2429443.0,0.1730895
raspGsvKf48,Spoiled Kids Needs To Be Stopped..,pewdiepie,adult,8523069.0,0.36113906
RAgbu7eDm44,Above Average (with too many people to fit in this title),tomscott,adult,844897.0,0.053410232
q588KtWWQ_U,Lego Tank Vs Giant Speed Bump,unspeakable,adult,7354585.0,0.16498196
xlxsFjdyEF8,A Difficult Game About Climbing - Part 1,markiplier,adult,5091403.0,0.07259334
ytSByaMvGeA,PC Specs Are Officially Meaningless - Corsair One a200,linustechtips,adult,1583212.0,-0.01320596
3CDOSj8fZA4,Everyone said this was impossible - Backyard Fiber Run,linustechtips,adult,3809532.0,-0.0047984645
PM8kiHcAD7Q,"What To Eat Before, During & After Training For Max Muscle Growth",jeffnippard,adult,3806185.0,-0.07173775
WpBMRLEPmoc,Sony Xperia Z 1080p Water Resistant Android Smartphone - Linus Tech Tips CES 2013,linustechtips,adult,22891.0,0.0799603
1TDIAObsqcs,"Which Is ""Bouba"", and Which Is ""Kiki""?",tomscott,adult,3298318.0,-0.11659004
m-Ynmya75nU,iPhone 17 Pro - Everyone's a Photographer Now,peterMcKinnon,adult,409494.0,0.07247564
JpsTUT4F3BA,LG Nexus Rumors!,mkbhd,adult,54608.0,0.2199825
S_CUEOBZ0P4,"The Rock Vs MrBeast For $100,000",mrbeast,adult,719734632.0,0.036755428
PTnWkQoD4FE,"SELLING STEAM games!? - WAN Show Sept 20, 2019",linustechtips,adult,464223.0,0.03586941
i8rAb4Wlpc0,Oops He Did It Again || Mike O'Hearn,gregdoucette,adult,218328.0,-0.032100454
_eH-EWIyvYA,Magnet Bikes Magnets are so Powerfull,colinfurze,adult,633671.0,0.043658227
sFmzU6VDkvg,NVIDIA GeForce GTX 590 Review Part 3/3 2560x1600 Gaming Performance Linus Tech Tips,linustechtips,adult,117372.0,0.01801246
HxJsFNvPkzw,WHITE KNUCKLE IN REVERSE | Idols of Ash,markiplier,adult,733163.0,0.14447841
maaF76IEcUM,THE HEAT IS ON! | Turmoil DLC,jacksepticeye,adult,941104.0,0.14752477
Pj1EY8Xs050,When their CLASSICAL FIT is more drip than yours,twosetviolin,adult,1509167.0,0.017769627
3VuzzskW6Z8,ASUS Super Laptops & Tablets Zenbook UX305 & Transformer Book Chi Series - CES 2015,linustechtips,adult,198800.0,-0.03642517
xVsp6K07eno,SUMMER BRONZE GLOW + METALLIC LIPS Makeup Tutorial | Jeffree Star,jeffreestar,adult,1519404.0,0.014277631
_-i6MEtjzxw,YOUR WORLD IS AN ILLUSION | Prey (Funny Moments),jacksepticeye,adult,2550692.0,0.23281038
J8g_2gSF64o,Minecraft MILLIONAIRE House Battle vs My Wife!,prestonplayz,adult,4380036.0,0.01118427
4gAeoVkzUQg,Testing ILLEGAL Pranks to FOOL Your Friends...,prestonplayz,adult,2044828.0,0.31772554
LTCy3sao7bI,This game will be the end of me...  Finding Paradise - #4,pewdiepie,adult,1495445.0,0.016707582
l9VEz76z-dw,Schindler's Factory + Old Town Krakow!,kara_and_nate,adult,295163.0,-0.077706456
EcUMfnkSTrA,FABULOUS DUCK,pewdiepie,adult,3422067.0,0.03774657
Hq9DbMrffL8,HOMEMADE BACKYARD ZIPLINE INTO POOL,jakepaul,adult,5121512.0,-0.014041945
SEBO8DNlKyw,This was actually so fun!,unspeakable,adult,2702115.0,0.08223339
bIHgTrEYHaU,I Opened A Secret MrBeast Store!,unspeakable,adult,5752600.0,0.18043414
7HhHBvd7Sqg,OCTOBER Hits and Oh God NO's 2016,nikkietutorials,adult,1515560.0,0.10141493
_EDfD6mLocU,I Attempted To Eat My Girlfriend's All In Diet (ft. Stephanie Buttermore),jeffnippard,adult,2352579.0,0.05706363
a7ItChBrY8E,I Gave A Commencement Speech!,mkbhd,adult,1325375.0,-0.006403221
5ONRKszGwx0,24 HOUR EXTEME COLOR CHALLENGE!,unspeakable,adult,31990238.0,0.13852254
CwGkB1d7S_Q,I WILL SUCCEED | The I of It,jacksepticeye,adult,4376395.0,0.02275202
