labor_type,emotional_exploitation,content_format
organic,0,vlog
organic,0,vlog
performative,0,reaction
organic,0,storytime
organic,0,vlog
performative,0,prank
organic,0,house_tour
organic,0,storytime
organic,0,travel
organic,0,travel
organic,0,challenge
performative,1,reaction
organic,0,storytime
performative,1,reaction
organic,0,grocery
performative,1,reaction
organic,1,storytime
organic,0,reaction
organic,0,anniversary
performative,1,drama
organic,1,drama
performative,1,storytime
performative,1,reaction
performative,1,reaction
performative,1,reaction
performative,0,reaction
performative,1,reaction
performative,0,reaction
performative,1,reaction
performative,1,reaction
performative,0,announcement
performative,1,drama
performative,0,challenge
performative,0,apology
performative,1,drama
performative,1,reaction
performative,1,drama
performative,0,milestone
performative,1,drama
performative,0,reaction
performative,1,drama
performative,1,drama
performative,1,drama
performative,1,drama
performative,0,storytime
performative,1,drama
organic,0,storytime
ambiguous,0,other
ambiguous,0,other
ambiguous,0,other
organic,0,drama
organic,0,drama
performative,1,medical
performative,1,drama
organic,1,milestone
performative,1,milestone
performative,0,drama
organic,0,milestone
organic,1,milestone
organic,0,milestone
organic,0,else
organic,1,drama
organic,1,vlog
organic,0,travel
organic,0,milestone
performative,0,announcement
performative,1,drama
performative,1,reaction
organic,0,milestone
organic,1,vlog
performative,1,drama
performative,0,game
performative,1,challenge
performative,1,drama
performative,1,drama
performative,1,drama
organice,0,drama
performative,1,drama
performative,1,drama
performative,1,drama
performative,0,milestone
performative,1,milestone
performative,0,milestone
performative,0,milestone
performative,0,milestone
performative,1,drama
performative,1,drama
organice,0,milestone
performative,1,milestone
performative,1,reaction
performative,1,drama
performative,1,drama
performative,1,drama
performative,0,milestone
performative,1,milestone
performative,0,milestone
performative,1,milestone
performative,1,drama
performative,1,milestone
performative,1,milestone
organic,0,vlog
organic,0,milestone
performative,1,medical
performative,1,drama
ambiguous,0,reaction
performative,0,challenge
performative,0,challenge
organic,0,reaction
performative,0,challenge
performative,0,prank
performative,0,reaction
performative,0,game
performative,0,game
organic,0,vlog
organic,1,milestone
ambiguous,1,drama
organic,1,milestone
organic,1,milestone
ambiguous,1,storytime
performative,0,challenge
performative,0,challenge
organict,1,announcement
organict,1,announcement
organic,1,milestone
performative,1,storytime
performative,1,storytime
performative,1,reaction
organic,1,milestone
organic,1,milestone
organic,0,storytime
performative,1,storytime
performative,0,reaction
performative,0,challenge
ambiguous,0,storytime
performative,0,announcement
performative,0,reaction
ambiguous,0,storytime
performative,0,storytime
performative,0,reaction
performative,1,storytime
performative,0,challenge
ambiguous,1,storytime
performative,1,reaction
performative,1,reaction
performative,1,storytime
performative,1,storytime
organic,1,milestone
performative,0,storytime
performative,0,storytime
ambiguous,0,other
no_child,0,reaction
organic,0,milestone
organic,0,vlog
no_child,0,other
ambiguous,0,reaction
organic,0,milestone
organic,0,reaction
ambiguous,0,reaction
performative,0,reaction
organic,0,milestone
organic,0,milestone
ambiguous,0,reaction
performative,1,other
ambiguous,0,reaction
no_child,0,tour
organic,0,tour
performative,0,challenge
ambiguous,1,medical
no_child,1,medical
no_child,1,reaction
performative,1,reaction
no_child,0,photoshoot
no_child,0,milestone
no_child,0,milestone
no_child,0,milestone
no_child,0,milestone
no_child,0,milestone
no_child,0,milestone
no_child,0,milestone
no_child,1,milestone
no_child,1,milestone
no_child,1,milestone
no_child,1,milestone
no_child,1,milestone
no_child,1,milestone
no_child,1,milestone
performative,0,milestone
no_child,0,reaction
performative,0,reaction
no_child,0,reaction
ambiguous,0,reaction
ambiguous,0,reaction
no_child,0,reaction
no_child,0,reaction
no_child,0,reaction
performative,1,other
no_child,0,reaction
no_child,0,reaction
no_child,1,milestone
no_child,0,reaction
organic,0,milestone
performative,1,reaction
performative,0,music_dance
performative,0,behind the scenes
performative,0,prank
performative,0,music_dance
ambiguous,0,drama
performative,0,challenge
performative,1,reaction
organic,0,milestone
organic,0,milestone
ambiguous,0,reaction
organic,0,drama
organic,0,milestone
performative,1,reaction
organic,0,milestone
organic,0,milestone
organic,0,milestone
organic,0,milestone
organic,0,milestone
organic,0,milestone
organic,0,milestone
performative,1,reaction
performative,0,reaction
performative,0,storytime
performative,0,reaction
performative,0,announcement
performative,0,reaction
performative,0,challenge
performative,0,challenge
performative,0,holiday
organic,0,milestone
performative,0,drama
performative,0,reaction
performative,0,music_dance
performative,0,reaction
performative,1,reaction
performative,1,reaction
performative,1,reaction
performative,1,reaction
performative,0,milestone
performative,1,reaction
performative,0,reaction
performative,1,reaction
performance,0,drama
performative,0,holiday
performative,0,reaction
ambiguous,0,other
ambiguous,0,other
ambiguous,0,other
no_child,0,drama
no_child,0,drama
no_child,1,drama
organic,0,milestone
performative,0,game
performative,0,milestone
no_child,1,reaction
no_child,0,milestone
organic,0,milestone
no_child,0,milestone
no_child,0,milestone
no_child,1,reaction
no_child,0,milestone
no_child,0,milestone
no_child,0,milestone
no_child,0,milestone
performative,0,adventure
performative,0,challenge
no_child,0,vlog
no_child,0,milestone
performative,0,reaction
performative,0,music_dance
performative,1,challenge
performative,0,challenge
no_child,0,milestone
no_child,0,milestone
no_child,0,milestone
no_child,0,milestone
no_child,0,milestone
no_child,0,milestone
no_child,0,challenge
no_child,0,vlog
no_child,0,milestone
no_child,0,drama
no_child,0,milestone
no_child,0,milestone
no_child,0,reaction
no_child,0,challenge
no_child,0,milestone
no_child,0,milestone
no_child,0,milestone
no_child,0,announcement
no_child,0,milestone
no_child,0,reaction
no_child,0,reaction
no_child,0,milestone
no_child,0,milestone
no_child,1,reaction
ambiguous,0,other
ambiguous,0,other
organic,0,vlog
organic,0,travel
organic,0,storytime
performative,0,car accident/prank
performative,1,medical
organic,0,milestone
organic,0,storytime
ambiguous,0,announcement
organic,0,vlog
performative,0,storytime
organic,0,reaction
organic,0,reaction
organic,0,reaction
organic,0,trailer
organic,1,storytime
organic,0,storytime
performative,0,makeup tutorial
performative,0,reaction
performative,0,challenge
organic,0,milestone
ambiguous,0,challenge
organic,1,storytime
organ... (truncated for brevity),0,other
ambiguous,0,other
ambiguous,0,other
ambiguous,0,other
ambiguous,0,other
ambiguous,0,other
ambiguous,0,other
ambiguous,0,other
ambiguous,0,other
ambiguous,0,other
ambiguous,0,other
ambiguous,0,other
ambiguous,0,other
ambiguous,0,other
ambiguous,0,other
ambiguous,0,other
ambiguous,0,other
ambiguous,0,other
ambiguous,0,other
ambiguous,0,other
ambiguous,0,other
ambiguous,0,other
ambiguous,0,other
ambiguous,0,other
ambiguous,0,other
ambiguous,0,other
ambiguous,0,other
ambiguous,0,other
organic,0,milestone
organic,0,dance
performative,0,reaction
performative,0,makeover
performative,0,challenge
performative,0,vlog
performative,0,milestone
organic,0,special
organic,0,milestone
organic,0,milestone
organic,0,vlog
organic,0,milestone
organic,0,milestone
organic,0,milestone
performative,1,medical
performative,1,challenge
performative,0,milestone
organic,0,special
organic,1,milestone
organic,1,milestone
organic,1,vlog
performative,1,storytime
performative,1,milestone
performative,1,milestone
performative,1,milestone
organic,0,milestone
organic,0,milestone
performative,1,announcement
performative,0,ultrasound
performative,1,surprise
performative,1,surprise
performative,1,milestone
performative,1,storytime
performative,1,drama
performative,1,storytime
performative,1,reaction
performative,1,medical
performative,1,storytime
performative,1,milestone
performative,1,surprise
performative,1,reaction
performative,1,reaction
performative,1,reaction
performative,1,milestone
performative,0,challenge
performative,0,reaction
performative,0,music_dance
ambiguous,0,other
ambiguous,0,other
ambiguous,0,other
no_child,0,other
organic,0,milestone
organic,0,milestone
no_child,0,other
performative,0,reaction
no_child,0,other
performative,0,challenge
performative,1,milestone
organic,0,milestone
no_child,0,other
performative,1,reaction
organic,0,storytime
organic,0,milestone
performative,1,storytime
organic,0,milestone
organic,0,milestone
organic,0,milestone
organic,1,milestone
no_child,0,other
no_child,0,other
no_child,0,other
no_child,0,other
performative,1,other
performative,1,other
performative,0,other
performative,0,reaction
performative,0,challenge
performative,1,other
no_child,0,other
performative,1,milestone
no_child,1,other
no_child,1,other
no_child,1,other
no_child,1,other
performative,0,challenge
performative,0,challenge
no_child,0,other
performative,1,milestone
no_child,1,other
no_child,0,other
no_child,0,other
no_child,0,other
no_child,0,other
performative,0,other
performative,0,other
no_child,1,reaction
no_child,1,reaction
performative,1,storytime
ambiguous,0,other
ambiguous,0,other
organic,0,announcement
organic,0,milestone
organic,0,milestone
ambiguous,1,reaction
organic,0,milestone
organic,0,vlog
organic,0,milestone
performative,0,other
performative,0,other
organic,0,milestone
performative,0,challenge
performative,0,roleplay
performative,0,milestone
performative,0,milestone
performative,0,milestone
performative,0,milestone
performative,0,milestone
performative,0,milestone
performative,0,roleplay
performative,0,roleplay
performative,0,storytime
performative,0,reaction
performative,0,other
performative,0,other
performative,0,reaction
performative,1,reaction
performative,0,other
performative,0,other
performative,1,reaction
performative,0,other
performative,0,other
performative,1,reaction
performative,0,milestone
performative,0,reaction
performative,0,reaction
performative,0,milestone
performative,0,storytime
performative,0,reaction
performative,0,reaction
performative,0,milestone
performative,1,storytime
performative,0,reaction
performative,0,other
performative,0,other
performative,0,reaction
performative,1,reaction
performative,0,other
performative,0,other
performative,0,other
ambiguous,0,other
performative,0,challenge
organic,0,milestone
performative,0,challenge
organic,0,milestone
performative,0,storytime
performative,0,milestone
performative,0,reaction
performative,0,question
performative,0,game
performative,1,storytime
performative,0,milestone
organic,0,announcement
performative,0,slime
performative,0,prank
organic,0,cooking
performative,0,question
performative,0,milestone
performative,0,drama
organic,0,reaction
performative,0,challenge
organic,0,milestone
performative,0,announcement
performative,0,prank
performative,0,reaction
performative,0,milestone
organic,0,milestone
organic,0,milestone
performative,1,prank
performative,0,challenge
performative,0,prank
performative,0,reaction
performative,0,challenge
performative,0,reaction
performative,0,milestone
performative,0,milestone
organic,1,milestone
organic,0,announcement
organic,0,storytime
no_child,0,announcement
organic,0,milestone
no_child,0,reaction
performative,0,milestone
organíc,0,storytime
no_child,0,announcement
no_child,0,announcement
no_child,0,reaction
no_child,0,reaction
no_child,0,reaction
no_child,0,reaction
ambiguous,0,other
no_child,0,other
performative,0,unboxing
no_child,0,reaction
performative,0,music_dance
organic,0,milestone
performative,0,challenge
ambiguous,0,reaction
performative,0,milestone
ambiguous,0,game
performative,0,music_dance
performative,0,interview
performative,0,challenge
ambiguous,0,reaction
performative,0,prank
ambiguous,0,storytime
ambiguous,0,prank
ambiguous,0,challenge
ambiguous,0,reaction
performative,0,milestone
ambiguous,0,challenge
performative,0,prank
performative,0,milestone
performative,0,announcement
no_child,0,challenge
performative,0,prank
performative,0,challenge
no_child,0,reaction
performative,1,prank
performative,0,challenge
performative,0,challenge
performative,0,prank
no_child,0,milestone
no_child,0,other
no_child,0,reaction
no_child,0,storytime
performative,0,prank
no_child,0,other
performative,0,challenge
performative,1,prank
ambiguous,0,storytime
performative,0,milestone
no_child,0,other
performative,0,announcement
performative,1,prank
ambiguous,0,other
performative,0,prank
no_child,0,milestone
no_child,0,milestone
performative,1,milestone
performative,1,milestone
performative,1,reaction
organic,0,vlog
performative,0,storytime
performative,0,challenge
organic,1,medical
organic,0,milestone
performative,1,reaction
organic,0,milestone
performative,1,prank
organic,1,vlog
performative,0,reaction
performative,0,challenge
performative,0,prank
performative,1,prank
performative,1,drama
performative,1,milestone
performative,0,challenge
performative,1,prank
performative,0,prank
performative,1,prank
organic,0,milestone
performative,0,milestone
performative,0,toyo_play
performative,1,prank
performative,0,challenge
performative,1,prank
performative,0,milestone
performative,0,challenge
performative,1,prank
performative,0,prank
performative,0,milestone
performative,1,drama
performative,0,milestone
performative,0,reaction
performative,0,milestone
performative,1,drama
performative,1,prank
performative,0,milestone
performative,0,reaction
organic,0,milestone
performative,0,prank
no_child,0,milestone
performative,1,prank
performative,0,milestone
no_child,0,milestone
performative,0,reaction
performative,0,milestone
performative,0,milestone
performative,1,reaction
ambiguous,0,other
ambiguous,0,music_dance
performative,0,prank
organic,0,vlog
organic,0,vlog
performative,0,prank
performative,1,drama
performative,0,milestone
performative,0,announcement
performative,0,challenge
performative,0,unboxing
performative,0,challenge
performative,0,prank
performative,0,milestone
performative,0,intro
performative,0,announcement
performative,0,milestone
performative,0,milestone
performative,0,game
performative,0,challenge
performative,0,challenge
performative,0,challenge
performative,1,prank
organic,0,storytime
performative,0,vlog
performative,0,milestone
performative,1,storytime
organic,0,milestone
organic,0,milestone
organic,0,milestone
performative,1,prank
performative,0,storytime
performative,0,milestone
organic,0,vlog
performative,0,announcement
performative,0,prank
performative,1,prank
performative,1,prank
performative,0,milestone
performative,0,milestone
performative,1,reaction
performative,0,prank
performative,1,prank
organic,1,storytime
performative,0,challenge
performative,0,prank
ambiguous,0,other
ambiguous,0,other
ambiguous,0,other
ambiguous,0,other
ambiguous,0,other
performative,1,prank
performative,1,prank
performative,0,challenge
organic,0,vlog
organic,0,vlog
organic,0,vlog
performative,0,challenge
organic,0,vlog
performative,1,prank
performative,0,challenge
performative,1,prank
performative,1,challenge
organic,0,storytime
no_child,0,other
no_child,0,music_dance
organic,0,toy_play
no_child,0,other
no_child,0,other
organic,0,travel
organic,0,travel
organic,0,travel
organic,0,travel
organic,0,travel
organic,0,travel
organic,0,travel
organic,0,travel
organic,0,travel
no_child,0,other
no_child,0,other
no_child,0,other
no_child,0,other
no_child,0,other
no_child,0,other
no_child,0,other
no_child,0,other
no_child,0,other
no_child,0,other
no_child,0,other
no_child,0,other
no_child,0,other
no_child,0,other
no_child,0,other
no_child,0,other
no_child,0,other
no_child,0,other
no_child,0,other
no_child,0,other
no_child,0,other
no_child,0,other
no_child,0,other
organic,0,storytime
no_child,0,educational
organic,0,travel
organic,0,challenge
organic,0,challenge
organic,0,tutorial
organic,0,reaction
performative,0,haul
organic,0,milestone
organic,0,vlog
organic,0,vlog
organic,0,vlog
organic,0,vlog
organic,0,milestone
organic,0,recipe
organic,0,event
organic,0,event
organic,0,event
organic,0,recipe
organic,0,recipe
organic,0,haul
organic,0,event
organic,1,haul
organic,1,event
organic,0,event
organic,0,event
organic,0,event
organic,1,recipe
no_child,0,video
organic,0,event
no_child,0,milestone
no_child,1,storytime
organic,0,challenge
organic,0,travel
organic,0,recipe
organic,0,trip
no_child,0,medical
no_child,0,milestone
organic,0,vlog
performative,0,prank
performative,1,storytime
no_child,1,medical
organic,0,challenge
organic,0,event
organic,1,vlog
performative,0,challenge
no_child,0,haul
organic,0,recipe
no_child,0,personal
no_child,0,personal
organic,0,milestone
no_child,0,announcement
organic,0,milestone
no_child,0,storytime
no_child,0,security footage
organic,0,landscape
organic,0,recipe
organic,0,recipe
no_child,0,storytime
organic,0,recipe
organic,0,treatment
organic,0,cooking
performative,0,challenge
organic,0,styling
organic,0,recipe
organic,0,fall break
organic,0,seasonal
organic,0,seasonal
organic,0,fair
organic,0,vlog
organic,0,flowers
organic,0,gardening
organic,0,animal
organic,0,shells
organic,0,shells
no_child,0,vlog
organic,0,shells
organic,0,skincare
organic,0,cleaning
organic,0,home tour
organic,0,home tour
performative,0,challenge
organic,0,home tour
organic,0,recipe
organic,0,landscaping
organic,0,landscaping
organic,0,home tour
organic,0,reaction
organic,0,planter
no_child,0,milestone
no_child,0,milestone
no_child,0,shopping
organic,0,salad
organic,0,home improvement
organic,0,landscaping
organic,0,recipe
organic,0,skincare
organic,0,cleaning
organic,0,home tour
performative,0,challenge
organic,0,announcement
organic,0,milestone
organic,0,travel
performative,0,drama
organic,0,cooking
performative,0,storytime
organic,0,weekend vlog
performative,0,storytime
organic,0,travel
organic,0,camping
performative,0,drama
organic,0,back to school
organic,0,weekend vlog
performative,0,storytime
performative,0,birthday
performative,0,drama
performative,0,birthday
performative,0,milestone
performative,0,transformation
performative,0,milestone
performative,0,milestone
performative,0,milestone
performative,0,milestone
performative,0,dance
performative,0,dance
performative,0,reaction
performative,0,reaction
performative,0,announcement
performative,0,car review
performative,0,reaction
performative,0,reaction
performative,0,vlog
performative,0,tutorial
performative,0,hobbies
performative,0,drama
performative,1,drama
performative,1,reaction
performative,1,cleaning
performative,1,health tips
organic,0,family reunion
performative,0,cleaning
performative,0,family reunion
organic,0,weekend vlog
organic,0,food/cooking
storytime,0,storytime
performative,0,household cleaning
organic,0,landscape
organic,0,update
ambiguous,0,other
ambiguous,0,other
organic,0,storytime
organic,0,milestone
organic,0,cooking
performative,0,prank
organic,0,medical
organic,0,recipe
organic,0,medical
organicc,0,animal
organic,0,other
organic,0,other
organic,0,milestone
organic,0,other
organic,0,recipe
organic,0,other
organic,0,recipe
organic,0,other
organic,0,home_improvement
organic,0,home_improvement
organic,0,recipe
organic,0,recipe
organic,0,milestone
organic,0,milestone
organic,0,celebration
organic,0,recipe
organicc,0,celebration
organicc,0,gift
organic,0,birthday
organic,0,holiday
organic,0,medical
organic,0,medical
organic,1,medical
organic,1,other
organic,0,recipe
performative,0,home_improvement
organic,0,home_improvement
organic,0,other
organic,0,travel
organicc,0,travel
organic,0,travel
organic,0,history
organic,0,travel
organic,0,haul
organic,0,haul
organic,0,haul
organic,0,haul
ambiguous,0,other
ambiguous,0,other
ambiguous,0,other
ambiguous,0,other
ambiguous,0,other
organic,0,storytime
organic,0,travel
performative,0,unboxing
organic,0,travel
performative,0,cooking
performative,0,prank
organic,0,travel
organic,0,travel
organic,0,vlog
performative,0,fishing
organic,0,milestone
organic,1,medical
organic,0,tutorial
performative,0,prank
organic,0,travel
organic,0,travel
performative,0,prank
organic,0,travel
organic,0,travel
organic,0,travel
organic,0,travel
organic,0,volunteering
organic,1,medical
organic,0,travel
organic,0,volunteering
performative,0,storytime
organic,0,milestone
organic,0,travel
organic,0,travel
organic,0,travel
organic,0,travel
organic,0,travel
organic,0,travel
organic,0,travel
organics,0,travel
organic,1,storytime
organic,0,reaction
organic,0,hunting
organic,0,travel
organic,0,travel
organic,0,travel
organic,0,travel
performative,0,travel
organic,0,travel
organic,0,tragedy
organic,1,storytime
organic,0,family
performative,0,challenge
organic,0,birthday
organic,0,vlog
organic,0,milestone
organic,0,travel
organic,0,milestone
organic,0,storytime
no_child,0,tutorial
organic,0,vlog
no_child,0,humor
organic,0,vlog
organic,0,vlog
organ­ic,0,storytime
organic,0,travel
organic,0,vlog
organic,0,vlog
organic,0,vlog
organic,0,travel
organic,0,travel
no_child,0,other
no_child,0,vlog
no_child,0,travel
no_child,0,storytime
organic,0,travel
organic,0,travel
organic,0,travel
organic,0,travel
organic,0,vlog
performative,0,tutorial
organ­ic,0,recipe
performative,0,holiday
organ­ic,0,holiday
performative,0,gift exchange
performative,0,gift exchange
performative,0,holiday
performative,0,holiday
performative,0,craft
organ­ic,0,event
no_child,0,reaction
no_child,0,storytime
no_child,1,reaction
no_child,0,storytime
organic,0,holiday
organic,0,holiday
organ­ic,0,recipe
organic,0,holiday
no_child,0,reaction
no_child,0,reaction
no_child,1,reaction
no_child,0,reaction
organic,0,holiday
organ­ic,0,holiday
ambiguous,0,other
organic,0,vlog
organic,0,vlog
organic,0,tutorial
organic,0,tutorial
organic,0,other
performative,1,drama
performative,1,reaction
organic,0,travel
organic,0,vlog
organic,0,travel
performative,0,storytime
organic,0,recipe
organic,0,milestone
organic,0,recipe
organic,0,milestone
organic,0,storytime
organic,0,drama
organic,0,storytime
organic,0,storytime
organic,0,storytime
organic,0,recipe
organic,0,recipe
organic,0,travel
organic,0,travel
performative,0,mukbang
performative,0,mukbang
organic,0,travel
performative,1,drama
organic,0,storytime
organic,0,storytime
organic,1,storytime
organic,0,medical
performative,1,drama
organic,0,milestone
organic,0,milestone
organic,0,recipe
organic,0,recipe
organic,0,travel
performative,1,drama
performative,1,reaction
organic,0,storytime
organic,0,travel
organic,0,travel
organic,0,travel
organic,0,travel
performative,1,prank
performative,1,prank
organic,0,storytime
organic,0,storytime
organic,0,storytime
organic,0,milestone
organic,0,shopping
organic,0,tutorial
organic,0,milestone
organic,0,vlog
organic,0,milestone
organic,0,vlog
organic,0,milestone
organic,0,milestone
organic,0,milestone
organic,0,hauls
organic,0,milestone
organic,0,milestone
organic,0,milestone
organic,0,milestone
organic,0,milestone
organic,0,organization
organic,0,medical
organic,0,milestone
organic,0,milestone
performative,0,challenge
performative,0,prank
organic,0,haul
organic,0,organization
organic,0,home renovation
performative,0,drama
organic,0,milestone
organic,0,reaction
performative,0,review
organic,0,milestone
organic,0,home renovation
no_child,0,drama
no_child,0,medical
organic,0,organization
organic,0,vlog
performative,0,challenge
performative,0,toy_play
organic,0,organization
organic,0,organization
performative,0,home renovation
no_child,0,challenge
no_child,0,milestone
no_child,0,milestone
no_child,0,travel
no_child,0,travel
no_child,0,travel
no_child,0,challenge
no_child,0,milestone
no_child,0,milestone
ambiguous,0,other
organic,0,vlog
organic,0,vlog
organic,0,vlog
organic,0,milestone
organic,0,tutorial
organic,0,milestone
organic,0,vlog
organic,0,recipe
organic,0,storytime
organic,0,travel
organic,0,travel
organic,0,storytime
organic,0,storytime
organic,0,toy_play
organic,0,milestone
organic,0,milestone
organic,0,milestone
organic,0,milestone
organic,0,tutorial
organic,0,milestone
organic,0,milestone
organic,0,storytime
organic,0,milestone
organic,0,storytime
organic,0,storytime
organic,0,milestone
organic,0,storytime
organic,0,storytime
organic,0,milestone
organic,0,storytime
organic,0,travel
organic,0,storytime
organic,0,milestone
organic,0,travel
organic,0,toy_play
organic,0,storytime
organic,0,toy_play
organic,0,toy_play
organic,0,storytime
organic,0,travel
organic,0,travel
organic,0,other
organic,0,other
organic,0,milestone
organic,0,storytime
organic,0,fishing
organic,0,fishing
organic,0,storytime
organic,0,fishing
organic,0,fishing
organic,0,vlog
organic,0,vlog
organic,0,travel
organic,0,travel
organic,0,vlog
organic,0,travel
organic,0,reaction
organic,0,reaction
organic,0,reaction
organic,0,vlog
organic,0,travel
organic,0,travel
organic,0,cooking
organic,0,cooking
organic,0,milestone
organic,0,milestone
organic,0,milestone
organic,0,reaction
organic,0,milestone
organic,0,milestone
organic,0,travel
organic,0,travel
organic,0,travel
organic,0,weather
organic,0,reaction
organic,0,reaction
organic,0,reaction
organic,0,reaction
organic,0,reaction
organic,0,reaction
organic,0,reaction
organic,0,reaction
organic,0,reaction
organic,0,travel
organic,0,travel
organic,0,travel
organic,0,travel
organic,0,travel
organic,0,travel
organic,0,travel
organic,0,travel
organic,0,travel
organic,0,travel
organic,0,travel
organic,0,travel
organic,0,challenge
organic,0,challenge
organic,0,vlog
organic,0,vlog
organic,0,vlog
organic,0,vlog
organicl,0,medical
organicl,0,medical
organic,0,toy_play
organic,0,toy_play
organic,0,romance
organic,0,baking
organic,0,baking
organic,0,vlog
organic,0,reaction
organic,0,milestone
organic,0,milestone
organic,0,milestone
organic,0,tour
organic,0,tour
organic,0,furniture
organic,0,furniture
organic,0,laundry
organic,0,moving
organic,0,reaction
organic,0,announcement
organic,0,install
organic,0,install
organic,0,brickwork
organic,0,brickwork
organic,0,fireplace
organic,0,light_install
organic,0,tile
organic,0,surprise
organic,0,house_update
organic,0,biking
organic,0,house_update
organic,0,house_update
organic,0,back_to_school
organic,0,countertop
organic,0,chandelier
organic,0,tile
organic,0,flooring
organic,0,travel
organic,0,normalcy
organic,1,reaction
organic,1,reaction
organic,0,cooking
organic,0,reaction
organic,1,storytime
organic,1,storytime
organic,0,install
organic,0,install
organic,0,celebration
organic,0,celebration
organic,0,storytime
organice,0,tutorial
organice,0,travel
performative,1,drama
organic,0,milestone
organic,0,travel
organic,0,travel
organic,0,milestone
organic,0,milestone
organic,0,milestone
organic,0,milestone
organic,0,milestone
organic,0,milestone
organic,0,milestone
organic,0,milestone
organic,0,milestone
organic,0,travel
organic,0,travel
organic,0,milestone
organic,0,milestone
performative,0,shorts
organic,0,sports
organic,0,vlog
performative,0,drama
organic,0,storytime
performative,0,shorts
performative,0,toy_play
performative,0,storytime
performative,0,other
performative,0,other
performative,0,milestone
performative,0,vlog
performative,0,storytime
organice,1,storytime
organice,0,milestone
organice,0,milestone
organice,0,milestone
organic,0,milestone
organice,0,shorts
organice,0,milestone
organice,0,milestone
organice,0,milestone
performative,0,shorts
performative,0,performative
performative,0,reaction
performative,0,shorts
performative,1,reaction
organice,0,storytime
organice,0,milestone
organice,0,milestone
organic,0,vlog
performative,0,prank
performative,1,prank
organic,0,milestone
organic,0,milestone
performative,0,other
organic,0,milestone
performative,0,milestone
performative,0,milestone
organic,0,shorts
organic,0,vlog
organic,0,vlog
organic,0,shorts
organic,0,shorts
organic,0,shorts
organic,0,shorts
organic,0,shorts
no_child,0,shorts
no_child,0,shorts
no_child,0,shorts
no_child,0,milestone
no_child,0,milestone
no_child,0,shorts
no_child,1,shorts
no_child,0,shorts
no_child,0,shorts
no_child,0,milestone
no_child,1,milestone
no_child,0,shorts
no_child,0,shorts
no_child,0,shorts
no_child,0,storytime
no_child,1,shorts
no_child,0,reaction
no_child,0,shorts
no_child,0,reaction
no_child,0,storytime
no_child,0,shorts
no_child,0,other
no_child,1,shorts
no_child,0,other
no_child,0,shorts
no_child,0,shorts
no_child,0,shorts
no_child,0,shorts
no_child,1,shorts
ambiguous,0,other
ambiguous,0,other
ambiguous,0,other
ambiguous,0,other
organic,0,vlog
organic,0,vlog
performative,0,music_dance
organic,0,other
performative,1,drama
organic,0,vlog
performative,0,drama
performative,0,game
organic,0,milestone
organic,0,activity
organic,0,milestone
organic,0,reaction
organic,0,milestone
organic,0,vlog
organic,0,vlog
organic,0,vlog
organic,0,vlog
organic,0,animal
organic,0,milestone
no_child,0,other
no_child,0,other
no_child,0,other
no_child,0,other
performative,0,challenge
performative,0,challenge
performative,0,challenge
performative,1,challenge
performative,0,dance
performative,0,reaction
performative,0,tutorial
no_child,0,other
organic,0,milestone
no_child,0,travel
no_child,0,travel
no_child,0,reaction
no_child,0,travel
no_child,0,reaction
no_child,0,reaction
no_child,0,milestone
no_child,0,other
no_child,0,activity
no_child,0,travel
no_child,0,travel
no_child,0,reaction
no_child,0,travel
no_child,0,reaction
ambiguous,0,other
ambiguous,0,other
ambiguous,0,other
ambiguous,0,other
organic,0,storytime
performative,0,storytime
organic,0,milestone
organic,0,vlog
organic,0,milestone
organic,0,vlog
organic,0,tutorial
organic,0,vlog
organic,0,milestone
organiс,1,medical
organic,0,travel
organic,0,milestone
organic,0,tutorial
ambiguous,1,reaction
organic,0,travel
ambiguous,0,storytime
ambiguous,1,storytime
organic,0,vlog
organic,0,milestone
organic,0,milestone
organic,0,vlog
performative,0,roleplay
organic,1,storytime
organic,1,medical
performative,0,challenge
ambiguous,0,reaction
organic,0,party
organinc,1,medical
ambiguous,0,storytime
organic,0,haul
organic,0,storytime
organic,0,vlog
organic,0,party
performative,0,challenge
performative,0,challenge
organic,0,vlog
organic,0,vlog
organic,0,vlog
organic,0,vlog
organic,0,vlog
performative,0,storytime
organic,0,storytime
organic,0,haul
organic,1,medical
performative,0,prank
performative,0,storytime
ambiguous,1,reaction
ambiguous,1,storytime
organic,0,milestone
organic,0,vlog
organic,0,vlog
organic,0,vlog
organic,0,storytime
no_child,0,other
organic,0,tour
organic,0,tour
organic,0,tour
performative,0,reaction
organic,0,challenge
organic,0,travel
no_child,0,medical
performative,0,holiday
performative,0,drama
performative,0,giveaway
organic,0,vlog
performative,0,challenge
performative,0,challenge
performative,0,other
organic,0,travel
organic,0,travel
organiс,0,vlog
organic,0,vlog
no_child,0,announcement
performative,0,storytime
performative,0,storytime
no_child,0,other
organic,0,travel
organic,1,travel
performative,0,holiday
organic,0,routine
performative,0,music_dance
performative,0,drama
no_child,0,reaction
performative,0,drama
no_child,0,reaction
no_child,0,family
no_child,0,prank
performative,0,travel
performative,0,other
no_child,0,reaction
no_child,0,milestone
no_child,0,challenge
no_child,0,vlog
no_child,0,routine
no_child,0,medical
no_child,0,reaction
no_child,0,milestone
ambiguous,0,other
ambiguous,0,other
ambiguous,0,other
organic,0,vlog
organic,0,vlog
performative,0,reaction
organic,0,haul
organic,0,vlog
organic,0,news
performative,0,unboxing
organic,0,vlog
organic,0,vlog
performative,0,storytime
organic,0,vlog
organic,0,medical
organic,0,milestone
organic,0,storytime
organic,0,routine
organic,0,haul
organic,0,birthday
organic,0,birthday
organic,0,travel
organic,0,vlog
performative,0,fishing
organic,0,vlog
organic,0,milestone
organic,0,medical
performative,1,storytime
organic,0,reunion
organic,0,discussion
organic,0,travel
organic,0,storytime
organic,0,learning
organic,0,birthday
organic,0,birthday
organic,0,travel
organic,0,storytime
no_child,0,storytime
organic,0,milestone
organice,0,challenge
no_child,0,travel
performative,0,drama
organic,0,reunion
no_child,0,milestone
organic,0,garden
performative,0,challenge
organic,0,cooking
performative,1,challenge
organic,0,milestone
no_child,0,challenge
ambiguous,0,other
ambiguous,0,other
ambiguous,0,other
organic,0,milestone
organic,0,milestone
organic,0,storytime
organic,0,milestone
organic,0,milestone
organic,0,milestone
organic,0,milestone
performative,0,storytime
performative,1,reaction
organic,0,milestone
organic,0,milestone
performative,0,storytime
organic,0,milestone
organic,0,milestone
performative,0,storytime
organic,0,milestone
performative,0,milestone
performative,0,milestone
performative,0,travel
organic,0,vlog
performative,0,storytime
performative,0,reaction
performative,1,reaction
organic,0,cooking
organic,0,milestone
organic,0,milestone
organic,0,milestone
organic,0,milestone
organic,0,milestone
organic,0,milestone
performative,0,travel
organic,0,milestone
performative,0,unboxing
performative,0,storytime
organic,0,milestone
performative,0,milestone
performative,0,travel
organic,1,milestone
performative,0,storytime
organic,0,milestone
performative,0,reaction
performative,0,reaction
performative,1,reaction
organic,0,travel
performative,0,milestone
performative,0,travel
performative,0,travel
performative,0,travel
performative,1,reaction
ambiguous,0,other
organic,0,vlog
organic,0,milestone
organic,0,vlog
organic,0,travel
organic,0,travel
no_child,0,tour
no_child,0,prepping
informative,0,tutorial
no_child,0,haul
no_child,0,milestone
performative,0,storytime
no_child,0,curly_hair
performative,1,birthday
performative,0,curly_hair
no_child,0,cooking
performative,1,conflict
no_child,1,quarantine
no_child,1,quarantine
no_child,1,medical
no_child,0,dinner
no_child,0,curly_hair
no_child,0,driveway
no_child,1,medical
no_child,0,quarantine
no_child,0,medical
no_child,0,salad
no_child,0,phone_tour
no_child,0,milestone
no_child,0,building
no_child,0,healthy_snacks
organic,0,storytime
no_child,0,holiday
no_child,0,holiday
no_child,0,holiday
no_child,0,holiday
no_child,0,holiday
no_child,0,holiday
no_child,0,vlog
no_child,0,holiday
no_child,0,vlog
no_child,0,holiday
no_child,0,holiday
no_child,0,holiday
no_child,0,holiday
no_child,0,holiday
no_child,0,vlog
no_child,0,holiday
no_child,0,vlog
no_child,0,holiday
no_child,0,holiday
organic,0,vlog
organic,0,milestone
organic,0,vlog
organic,0,vlog
organic,0,vlog
organic,0,vlog
organic,0,tutorial
organic,0,charity/event
organic,0,vlog
organic,0,vlog
organic,0,vlog
organic,0,storytime
organic,0,food
organic,0,charity
organic,0,vlog
organic,0,milestone
organic,0,vlog
organic,0,vlog
organic,0,travel
organic,0,q&a
organic,0,medical
organic,0,reaction
organic,0,vlog
performative,0,birthday
organic,0,vlog
organic,0,vlog
organic,0,travel
organic,0,vlog
performative,0,challenge
performative,0,roleplay
performative,0,vlog
organic,0,milestone
performative,0,challenge
performative,0,challenge
performative,0,challenge
performative,0,challenge
performative,0,challenge
performative,0,challenge
performative,0,challenge
performative,0,challenge
performative,0,challenge
performative,0,challenge
performative,0,challenge
performative,0,challenge
performative,0,challenge
performative,1,challenge
performative,1,challenge
performative,1,challenge
performative,1,challenge
performative,0,challenge
organic,0,vlog
organic,0,milestone
organic,0,tutorial
organic,0,storytime
organic,0,review
organic,0,medical
organic,0,toy_play
organic,0,milestone
organic,0,tutorial
organization,0,storytime
organic,0,routine
organic,0,milestone
organic,0,milestone
organic,0,milestone
organic,0,milestone
organic,0,milestone
organic,0,milestone
organic,0,tour
organic,0,milestone
organic,0,tips
performative,0,storytime
performative,0,travel
performative,0,reaction
performative,0,reaction
performative,0,milestone
performative,0,reaction
organic,0,storytime
organic,0,milestone
performative,0,travel
performative,0,challenge
performative,1,drama
performative,0,reaction
performance,0,milestone
performative,0,milestone
performative,0,milestone
performative,0,review
performative,1,storytime
performative,0,challenge
performative,0,milestone
performative,0,drama
performative,0,travel
organic,0,milestone
organic,0,milestone
performative,0,milestone
performative,1,storytime
ambiguous,0,other
ambiguous,0,other
ambiguous,0,other
ambiguous,0,other
ambiguous,0,other
ambiguous,0,reaction
organic,0,travel
ambiguous,1,reaction
organic,0,game
organic,0,milestone
organic,0,milestone
ambiguous,1,medical
organic,0,milestone
organic,0,milestone
performative,0,drama
organic,0,milestone
ambiguous,1,medical
organic,0,milestone
organic,0,milestone
organic,0,travel
ambiguous,0,vlog
organic,0,milestone
organic,0,milestone
ambiguous,1,reaction
ambiguous,1,reaction
organic,0,medical
organic,1,medical
organic,1,medical
organic,0,travel
ambiguous,0,vlog
organic,0,milestone
organic,0,vlog
organic,0,milestone
performative,0,reaction
ambiguous,0,medical
organic,0,reaction
organic,1,medical
organic,0,reaction
organic,0,travel
organic,0,travel
organic,0,vlog
organic,0,milestone
performative,0,drama
organic,0,reaction
organic,0,medical
organic,0,milestone
organic,0,milestone
ambiguous,0,other
ambiguous,0,other
ambiguous,0,other
ambiguous,0,other
ambiguous,0,other
ambiguous,0,other
ambiguous,0,other
ambiguous,0,other
organic,0,review
organic,0,storytime
organic,0,milestone
organic,0,tutorial
organic,0,tutorial
no_child,0,reaction
no_child,0,challenge
organic,0,vlog
kids,0,storytime
no_child,0,travel
ambiguous,0,roleplay
no_child,0,drama
no_child,0,milestone
no_child,0,milestone
no_child,0,drama
organic,0,cooking
no_child,0,storytime
no_child,0,milestone
no_child,0,milestone
no_child,0,milestone
no_child,0,milestone
no_child,0,haul
no_child,0,drama
no_child,0,milestone
no_child,0,storytime
no_child,0,milestone
no_child,0,storytime
no_child,0,milestone
no_child,0,milestone
no_child,0,birthday
no_child,0,storytime
no_child,0,lifestyle
no_child,0,milestone
no_child,0,home renovation
no_child,0,home renovation
no_child,0,home renovation
no_child,0,home renovation
no_child,0,haul
no_child,0,storytime
no_child,0,milestone
no_child,0,celebration
no_child,0,celebration
no_child,0,adventure
no_child,0,celebration
no_child,0,adventure
no_child,0,family
no_child,0,vacation
no_child,0,vacation
ambiguous,0,other
ambiguous,0,other
organic,0,vlog
organic,0,storytime
performative,0,other
organic,0,other
organic,0,other
performative,0,milestone
organic,0,travel
organic,0,other
organic,0,other
performative,0,vlog
organic,0,other
organic,0,Q&A
performative,0,reaction
organic,0,milestone
organic,0,other
organic,0,other
organic,0,milestone
performative,0,other
organic,0,other
performative,0,other
performative,0,other
organic,0,holiday
performative,0,Q&A
performative,0,reaction
performative,1,reaction
organic,0,other
performative,0,other
performative,0,other
organic,0,other
organic,0,festival
performative,0,other
performative,1,other
performative,1,other
organic,0,other
performative,0,other
performative,0,other
performative,0,other
organic,0,other
performative,0,other
performative,1,other
performative,0,other
performative,0,travel
organic,0,other
organic,0,other
organic,0,other
organic,0,other
organic,0,other
performative,0,announcement
performative,1,announcement
organic,0,other
performative,0,storytime
performative,0,storytime
organic,0,milestone
performative,0,roleplay
performative,0,reaction
performative,0,unboxing
performative,0,drama
performative,0,milestone
performative,0,tutorial
performative,0,how-to
performative,0,how-to
performative,0,reaction
performative,0,reaction
performative,0,storytime
performative,0,milestone
performative,0,how-to
organic,0,milestone
organic,0,medical
performative,0,reaction
performative,0,review
performative,0,makeup
no_child,0,other
no_child,0,other
no_child,0,storytime
organic,0,milestone
no_child,0,storytime
no_child,0,celebration
no_child,0,other
organic,0,routine
no_child,0,milestone
no_child,0,other
performative,0,storytime
no_child,0,milestone
no_child,0,other
performative,0,challenge
no_child,0,other
no_child,0,other
no_child,0,other
no_child,0,shopping
no_child,0,other
no_child,0,other
no_child,0,other
no_child,0,other
no_child,1,storytime
no_child,1,storytime
no_child,0,other
no_child,0,challenge
no_child,0,other
no_child,0,talk
no_child,0,shopping
organic,0,storytime
organic,0,reaction
organic,0,tutorial
performative,0,medical
organiconic,0,milestone
organiconic,0,milestone
organiconic,0,storytime
organic,0,milestone
organiconic,0,milestone
performative,0,reaction
organiconic,0,storytime
ambiguous,0,storytime
performative,0,vlog
organiconic,0,milestone
organiconic,0,milestone
organiconic,0,milestone
performative,0,milestone
ambiguous,0,reaction
performative,0,travel
performative,0,milestone
performative,1,challenge
performative,0,reaction
performative,0,storytime
organiconic,0,milestone
organiconic,0,milestone
performative,0,storytime
organiconic,0,reaction
performative,0,challenge
performative,0,challenge
no_child,0,announcement
performative,1,other
performative,0,reaction
performative,0,other
organiconic,0,toy_play
performative,0,milestone
performative,0,storytime
performative,0,storytime
performative,0,travel
performative,0,reaction
performative,0,storytime
performative,0,storytime
performative,0,milestone
performative,0,storytime
organiconic,0,travel
performative,0,reaction
performative,1,storytime
organiconic,0,milestone
performative,0,storytime
ambiguous,0,other
ambiguous,0,other
organic,1,medical
organic,0,medical
performative,0,tutorial
organic,0,milestone
performative,1,storytime
performative,0,announcement
organic,0,milestone
performative,0,milestone
performative,0,update
performative,0,educational
performative,1,storytime
organic,0,milestone
organic,0,vlog
organic,0,vlog
performative,0,vlog
organic,0,milestone
organic,0,tutorial
performative,0,food
performative,0,drama
organic,0,home improvement
performative,0,drama
performative,1,drama
performative,1,storytime
performative,1,storytime
performative,0,discussion
organica,0,vlog
organic,0,milestone
organic,0,milestone
organic,0,milestone
organic,0,vlog
performative,1,storytime
organic,0,vlog
organic,0,milestone
performative,0,milestone
performative,0,unboxing
performative,0,drama
performative,0,tutorial
organic,0,milestone
organic,0,milestone
performative,0,vlog
performative,0,challenge
performative,0,drama
performative,0,storytime
performative,1,milestone
performative,0,drama
performative,1,announcement
no_child,0,other
ambiguous,0,other
ambiguous,0,other
ambiguous,0,other
performative,0,game
organic,0,milestone
performative,0,prank
organic,0,storytime
performative,0,reaction
performative,1,medical
performative,0,medical
organic,0,drama
organic,1,milestone
performative,0,storytime
performative,0,medical
organic,0,milestone
performative,0,haul
organic,0,vlog
performative,0,medical
organic,0,milestone
performative,1,medical
organic,0,vlog
no_child,0,music_dance
organic,1,drama
performative,0,milestone
performative,0,romance
performative,0,romance
performative,0,romance
performative,0,celebration
performative,0,celebration
performative,0,celebration
organici,0,vlog
organici,0,vlog
performative,1,medical
organic,0,travel
organic,0,travel
performative,0,milestone
performative,0,medical
performative,1,medical
performative,1,medical
performative,1,medical
performative,0,secret
organic,0,party
organic,0,vlog
performative,0,challenge
performative,0,drama
performative,0,medical
organic,0,milestone
performative,0,milestone
performative,0,reaction
organic,0,milestone
performance,0,meetup
no_child,0,other
ambiguous,0,other
performative,0,toy_play
organic,0,storytime
performative,0,drama
performative,1,medical
organic,0,haul
organic,0,milestone
organic,0,milestone
organic,0,milestone
organic,0,milestone
organic,0,milestone
performative,0,game
organic,0,baking
performative,0,tutorial
performative,1,drama
organic,0,milestone
organic,1,vlog
organic,1,travel
organic,0,unboxing
organic,0,milestone
organistic,0,milestone
organic,0,milestone
performative,0,other
performative,1,drama
performative,1,reaction
performative,0,other
performative,0,drama
performative,0,reaction
performative,0,tutorial
performative,0,reaction
performative,1,drama
performative,1,drama
performative,0,other
performative,1,drama
organic,0,holiday
organic,0,milestone
organistic,0,milestone
performative,0,milestone
organic,0,announcement
organic,1,milestone
performative,0,travel
organic,0,milestone
organic,0,travel
organic,0,milestone
no_child,0,other
ambiguous,0,other
ambiguous,0,other
ambiguous,0,other
ambiguous,0,other
ambiguous,0,other
ambiguous,0,other
organic,0,travel
no_child,0,vlog
performative,0,experiment
organic,0,milestone
organic,0,milestone
performative,1,drama
performative,0,dress up
performative,1,milestone
performative,0,drama
performative,1,prank
performative,0,unboxing
performative,1,drama
performative,0,travel
performative,0,milestone
performative,1,drama
performative,1,qa
performative,0,challenge
performative,0,tutorial
performative,0,milestone
performative,0,bloopers
organic,0,tip
performative,0,toy_play
performative,0,toy_play
performative,0,roleplay
performative,0,reaction
performative,0,quest
performative,0,medical
organic,0,milestone
organic,0,milestone
performative,0,reaction
performative,0,tutorial
performative,0,unboxing
performative,1,drama
performative,1,interview
performance,0,medical
performative,0,organizing
performative,1,drama
performative,0,reaction
performative,0,milestone
performative,0,vlog
performative,0,news
no_child,0,news
no_child,0,medical
no_child,0,milestone
no_child,0,reaction
no_child,0,news
no_child,0,medical
no_child,0,milestone
no_child,0,news
no_child,0,other
performative,0,bloopers
organic,0,news
organic,0,milestone
performative,0,milestone
organic,0,storytime
organic,0,milestone
organic,0,milestone
performative,0,milestone
organic,0,milestone
organic,0,milestone
organic,0,medical
organic,1,medical
organic,1,medical
organic,0,milestone
organic,0,milestone
organic,0,storytime
organic,1,storytime
organic,1,storytime
organic,1,medical
performative,0,cooking
performative,0,reaction
organic,0,milestone
organic,0,milestone
organic,1,medical
organic,1,medical
organic,1,medical
organic,1,medical
organic,1,medical
organic,1,medical
organic,1,medical
organic,1,medical
organic,0,travel
organic,0,travel
organic,0,travel
organic,0,travel
organic,0,travel
performative,0,medical
performative,0,reaction
organic,0,reaction
organic,0,storytime
organic,1,vlog
organic,0,travel
performative,0,travel
performative,0,storytime
ambiguous,0,other
ambiguous,0,other
ambiguous,0,other
ambiguous,0,other
ambiguous,0,other
ambiguous,0,other
organic,0,vlog
organic,0,vlog
organic,0,vlog
organic,0,milestone
organic,0,travel
organical,0,musical_dance
organic,0,vlog
organic,0,vlog
organic,0,storytime
organic,0,toy_play
organic,0,milestone
performative,0,bloopers
organic,0,sports
organic,0,milestone
organic,0,milestone
organic,0,milestone
organic,0,routine
organic,0,vlog
performative,0,storytime
organic,0,milestone
organic,0,travel
organic,0,milestone
organic,0,milestone
organic,0,health
organic,0,milestone
organic,0,milestone
performative,0,toy_play
organic,0,puppy_care
organic,0,toy_play
organic,0,puppy_care
organic,0,puppy_care
organic,0,health
performative,0,reaction
organic,0,milestone
organic,0,travel
organic,0,milestone
organic,0,milestone
performative,0,drama
performative,0,storytime
organical,0,vlog
performative,1,game
organic,0,vlog
organic,0,milestone
performative,0,storytime
organic,0,puppy_care
organic,0,toy_play
organic,0,puppy_care
organic,0,puppy_care
performative,0,storytime
organic,1,milestone
organic,0,vlog
organic,0,vlog
organic,0,vlog
organic,0,vlog
organic,0,vlog
performative,0,reaction
performative,0,reaction
no_child,0,reaction
medical,1,medical
organic,0,haul
performative,1,drama
no_child,0,reaction
organic,0,trip
organic,0,storytime
medical,0,milestone
performative,0,tutorial
no_child,0,storytime
organic,1,storytime
medical,1,medical
medical,1,medical
performative,0,haul
organic,0,storytime
performative,0,drama
performative,1,drama
no_child,0,storytime
organic,0,travel
medical,1,medical
medical,1,medical
performative,0,drama
performative,1,challenge
medical,1,medical
medical,1,medical
performative,0,drama
no_child,0,reaction
organicon,0,challenge
medical,1,medical
no_child,0,storytime
performative,0,storytime
performative,0,reaction
performative,0,storytime
performative,0,storytime
medical,1,medical
no_child,1,birthday
performative,0,reaction
no_child,0,reaction
performative,0,reaction
no_child,0,reaction
ambiguous,0,other
ambiguous,0,other
ambiguous,0,other
ambiguous,0,reaction
organic,0,vlog
ambiguous,1,storytime
organic,1,storytime
organic,0,reaction
ambiguous,1,storytime
organic,0,milestone
organic,0,vlog
performative,0,game
performative,0,challenge
organic,0,vlog
performative,1,storytime
performative,1,drama
performative,0,drama
performative,0,storytime
organic,0,storytime
organic,0,milestone
organinc,0,reaction
organic,0,reaction
performative,0,milestone
no_child,0,medical
no_child,1,medical
no_child,0,medical
performative,0,milestone
performative,1,storytime
performative,0,other
performative,0,storytime
performative,0,milestone
performative,0,storytime
performative,1,storytime
organinc,0,milestone
performative,0,challenge
performative,0,challenge
performative,0,challenge
organic,0,haul
organic,0,storytime
organic,0,storytime
organic,0,storytime
performative,0,storytime
no_child,0,medical
no_child,1,medical
no_child,0,reaction
no_child,0,milestone
no_child,0,unboxing
no_child,0,reaction
performative,0,storytime
performative,0,storytime
no_child,1,announcement
no_child,0,other
ambiguous,0,other
organic,0,milestone
organic,0,milestone
performative,1,drama
organic,0,milestone
performative,1,drama
performative,0,toy_play
performative,0,reaction
organic,0,milestone
organic,1,medical
performative,1,storytime
performative,1,drama
organic,0,vlog
performative,0,quiz
organice,0,medical
performative,0,opinion
performative,0,reaction
organic,0,meal prep
organice,0,travel
performative,1,drama
performative,1,storytime
organic,0,holiday
organic,0,holiday
performative,0,prank
performative,0,vlog
performative,0,storytime
performative,0,vlog
performative,0,crafts
performative,0,reaction
performative,0,unboxing
organic,0,travel
performative,1,medical
organic,0,milestone
performative,0,storytime
performative,0,discussion
performative,0,milestone
organic,0,parenting
performative,1,storytime
no_child,0,reaction
performative,0,storytime
performative,1,drama
organic,0,travel
performative,0,reaction
ambiguous,0,other
ambiguous,0,other
ambiguous,0,other
ambiguous,0,other
ambiguous,0,other
ambiguous,0,other
ambiguous,0,other
ambiguous,0,other
ambiguous,0,drama
organic,0,tutorial
ambiguous,0,reaction
organic,0,storytime
performative,1,drama
organic,0,milestone
performative,0,storytime
performative,0,music_dance
performative,0,milestone
performative,1,drama
organic,0,milestone
organic,0,vlog
organic,0,storytime
organic,0,storytime
organic,0,vlog
organic,0,milestone
organic,0,routine
organic,0,milestone
organic,0,milestone
organic,0,milestone
organic,0,milestone
organic,0,milestone
organic,0,milestone
organic,0,travel
organic,0,milestone
organic,0,travel
organic,0,travel
organic,0,milestone
organic,0,storytime
organic,0,travel
organic,0,milestone
organic,0,travel
organic,0,travel
performative,0,storytime
organiz,0,giveaway
performative,0,storytime
organic,0,milestone
organic,0,milestone
organic,0,vlog
organic,0,milestone
performative,0,travel
performative,0,travel
performative,0,travel
performative,0,milestone
performative,1,drama
performative,0,milestone
performative,0,milestone
performative,0,storytime
performative,0,milestone
performative,0,drama
ambiguous,0,reaction
performative,0,game
organic,0,milestone
performative,0,milestone
performative,0,how-to
organic,0,celebration
performative,0,reaction
performative,1,medical
organic,0,storytime
performative,1,other
performative,0,storytime
performative,1,storytime
organic,0,storytime
organic,1,storytime
organic,0,talk
organic,0,storytime
organic,0,vlog
organic,0,vlog
organic,0,celebration
organic,0,vlog
organic,0,storytime
performative,0,tips
performative,0,other
performative,1,recital
performative,1,medical
performative,0,money
performative,0,storytime
performative,0,other
performative,0,storytime
organic,0,sports
performative,0,challenge
"organici,",0,storytime
organic,0,milestone
performative,1,medical
no_child,0,storytime
performative,0,unboxing
performative,0,challenge
performative,1,drama
performative,0,vlog
performative,1,storytime
performative,0,celebration
performative,1,medical
performative,0,storytime
performative,1,reaction
no_child,0,announcement
performative,0,milestone
performative,1,drama
no_child,0,storytime
performative,0,storytime
performative,0,reaction
organic,0,vlog
organic,0,storytime
performative,1,reaction
organic,0,milestone
performative,0,milestone
organic,0,reaction
performative,1,challenge
performative,0,milestone
organic,0,storytime
performative,0,storytime
organic,0,milestone
performative,0,challenge
organic,0,travel
organic,0,milestone
organic,0,vlog
organic,0,milestone
performative,0,other
performative,0,cooking
organic,0,storytime
performative,0,drama
organic,0,milestone
organic,0,travel
organic,0,vlog
organic,0,milestone
performative,0,other
performative,0,challenge
performative,0,storytime
performative,0,other
performative,0,reaction
performative,1,challenge
organic,0,storytime
organic,0,milestone
organic,0,storytime
performative,0,drama
no_child,0,reaction
performative,0,milestone
performative,0,travel
performative,0,storytime
performative,0,challenge
organic,0,milestone
organic,0,vlog
performative,0,storytime
performative,1,milestone
performative,0,other
organic,0,travel
performative,0,storytime
performative,0,challenge
ambiguous,0,other
ambiguous,0,other
ambiguous,0,other
performative,0,storytime
organic,0,vlog
organic,0,Q&A
organic,0,milestone
performative,0,drama
organic,0,travel
organic,0,milestone
performative,0,storytime
organic,0,milestone
performative,0,drama
performative,0,drama
performative,0,roleplay
organic,0,milestone
performative,0,storytime
organic,0,Q&A
organic,0,milestone
organic,0,milestone
performative,0,storytime
performative,0,drama
performative,1,drama
performative,1,drama
performative,0,reaction
organic,0,travel
performative,1,secret sharing
performative,0,storytime
organic,0,milestone
performative,0,roleplay
organic,0,milestone
performative,0,storytime
performative,0,challenge
organict,0,game
organic,0,milestone
performative,0,challenge
performative,0,milestone
organic,0,travel
organic,0,storytime
performative,1,drama
performative,0,toy_play
performative,0,milestone
performative,0,milestone
performative,0,milestone
performative,1,drama
organict,0,holiday
organict,0,holiday
organic,0,holiday
organict,0,milestone
performative,0,craft
performative,0,craft
ambiguous,0,other
ambiguous,0,other
organic,0,storytime
organice,0,storytime
organic,0,milestone
organic,0,milestone
performative,0,roleplay
performative,0,reaction
performative,0,reaction
organic,0,letter/complaint
organic,0,milestone
performative,0,question
performative,0,reaction
performative,0,bloopers
performative,0,challenge
performative,0,milestone
performative,0,reaction
performative,0,reaction
performative,0,surprise
performative,0,reaction
organic,0,reaction
performative,0,storytime
organic,0,milestone
organic,0,reaction
organic,0,storytime
organic,1,storytime
performative,0,storytime
performative,0,bloopers
organic,0,travel
organic,0,travel
organic,0,storytime
organic,0,storytime
performative,0,bloopers
organic,0,travel
organic,0,travel
organic,0,storytime
performative,0,storytime
performative,0,storytime
performative,0,milestone
performative,0,milestone
performative,0,reaction
performative,0,reaction
performative,0,reaction
performative,0,storytime
performative,0,reaction
performative,0,storytime
performative,0,storytime
performative,0,reaction
organice,0,storytime
performative,0,reaction
performative,0,reaction
performative,0,reaction
organic,0,storytime
organic,0,vlog
performative,0,reaction
performative,0,challenge
performative,0,question
organic,0,travel
performative,0,cringe
performative,0,bloopers
performative,1,reaction
performative,1,reaction
organic,0,game
performative,0,quest
performative,0,roleplay
organic,0,milestone
performative,0,drama
organic,0,milestone
organict,0,milestone
no_child,0,medical
no_child,1,medical
no_child,0,medical
no_child,1,medical
organic,0,routine
performative,0,storytime
performative,1,drama
performative,1,drama
performative,1,storytime
organic,0,milestone
no_child,0,milestone
organic,0,routine
performative,0,challenge
organic,0,travel
performative,0,bloopers
performative,0,challenge
performative,1,negotiation
organic,0,milestone
performative,0,talent show
organic,0,milestone
organic,0,milestone
performative,0,back to school
no_child,0,announcements
performative,1,reaction
performative,0,travel
performative,0,bloopers
performative,0,milestone
performative,0,haircut
ambiguous,0,other
ambiguous,0,other
ambiguous,0,other
ambiguous,0,other
ambiguous,0,other
organic,0,storytime
organic,0,travel
no_child,0,milestone
organic,0,milestone
performative,0,storytime
organic,0,vlog
performative,1,reaction
organic,0,milestone
performative,0,toy_play
performative,0,music_dance
performative,0,camp
performative,0,toy_play
organic,0,milestone
performative,0,cooking
organic,0,reaction
organic,0,reaction
organic,0,milestone
organic,0,milestone
performative,0,storytime
organic,0,storytime
organic,0,milestone
organic,0,camp
organic,0,milestone
performative,0,toy_play
organic,0,storytime
organic,0,milestone
organic,0,storytime
performative,0,storytime
organic,0,milestone
organic,0,milestone
no_child,0,milestone
organic,0,travel
no_child,0,travel
organic,0,milestone
organic,0,vlog
no_child,0,milestone
performative,0,storytime
no_child,0,milestone
no_child,0,medical
performative,0,storytime
organic,0,reaction
no_child,0,milestone
no_child,0,reaction
performative,0,milestone
organic,0,reaction
no_child,0,milestone
no_child,0,milestone
performative,0,storytime
no_child,0,reaction
no_child,0,milestone
organic,0,milestone
organic,1,storytime
organic,0,travel
organic,0,milestone
organic,0,travel
organic,0,storytime
organic,0,humor
organic,0,education
organic,0,reaction
organic,0,travel
organic,0,challenge
organic,0,holiday
organic,0,travel
organic,0,nature
organic,0,travel
organic,0,lifestyle
organic,0,education
organic,0,photoshoot
organic,0,experience
organic,0,travel
organic,0,adventure
organic,0,activity
organic,0,vlog
organic,0,family
organic,0,milestone
organic,0,challenge
organic,0,news
organic,0,health
organic,0,positive message
organic,0,challenge
organic,0,lesson
organic,0,pranks
organic,0,holiday
organic,0,reaction
organic,0,lifestyle
performative,0,challenge
performative,0,storytime
organicht,0,milestone
organic,1,storytime
no_child,0,other
performative,1,storytime
performative,0,toy_play
performative,0,challenge
ambiguous,0,other
ambiguous,0,other
ambiguous,0,other
ambiguous,0,other
ambiguous,0,other
ambiguous,0,other
ambiguous,0,other
no_child,0,other
no_child,0,storytime
organic,0,travel
organic,0,travel
no_child,0,advice
no_child,0,milestone
performative,0,cooking
organic,0,vlog
organic,0,vlog
organic,0,vlog
organic,0,vlog
organic,0,hiking
organic,0,hiking
organic,0,milestone
no_child,0,event
performative,0,challenge
no_child,1,challenge
no_child,0,vlog
no_child,0,experience
no_child,0,vlog
no_child,0,reaction
no_child,0,toy_play
no_child,0,medical
no_child,0,medical
no_child,0,challenge
no_child,0,milestone
no_child,0,challenge
no_child,0,milestone
no_child,0,challenge
no_child,0,milestone
no_child,0,milestone
no_child,0,holiday
no_child,0,winter
no_child,0,milestone
no_child,0,holiday
no_child,0,challenge
no_child,0,milestone
no_child,0,challenge
no_child,0,vlog
no_child,0,challenge
no_child,0,holiday
no_child,0,challenge
no_child,0,milestone
no_child,0,challenge
no_child,0,holiday
no_child,0,challenge
no_child,0,challenge
no_child,1,debate
no_child,0,challenge
ambiguous,0,other
organic,0,milestone
organíc,0,toy_play
organic,0,milestone
ambiguous,0,storytime
organic,0,milestone
organic,0,milestone
organic,0,milestone
performative,0,beauty/makeup
organic,0,milestone
performative,0,fashion
organic,0,milestone
performative,0,dance
organic,0,milestone
organic,0,milestone
organic,0,milestone
performative,0,challenge
organic,0,milestone
organic,0,milestone
performative,0,challenge
organic,0,milestone
organic,0,milestone
organic,0,milestone
organic,0,milestone
organic,0,milestone
organic,0,milestone
organic,0,milestone
organic,0,milestone
organic,0,milestone
organíc,0,storytime
no_child,0,storytime
no_child,0,storytime
no_child,0,storytime
no_child,0,storytime
no_child,0,storytime
no_child,0,storytime
no_child,0,storytime
no_child,0,storytime
performative,0,challenges
no_child,0,storytime
no_child,0,storytime
no_child,0,storytime
no_child,0,storytime
no_child,0,storytime
no_child,0,storytime
no_child,0,storytime
no_child,0,storytime
no_child,0,storytime
performative,0,other
no_child,0,storytime
no_child,0,storytime
organic,0,milestone
organic,0,travel
organic,0,travel
organic,0,milestone
organic,0,travel
organic,0,milestone
performative,1,drama
performative,1,drama
organic,1,milestone
organic,0,sleepover
performative,0,storytime
organic,0,unboxing
performative,0,superhero
performative,0,roleplay
organic,0,toy_play
organic,0,cooking
organic,0,milestone
performative,0,drama
organic,0,garden
organic,0,milestone
organic,0,milestone
organic,0,meal
performative,0,challenge
performative,0,tribute
organic,0,technology
organic,0,milestone
organic,0,outdoor
organic,0,outdoor
organic,0,milestone
organic,0,outdoor
performative,0,storytime
performative,0,challenge
organic,0,outdoor
performative,0,music_dance
performative,0,storytime
organic,0,milestone
organic,0,outdoor
organic,0,storytime
organic,0,milestone
organic,0,milestone
organic,0,vacation
performative,0,milestone
performative,1,drama
organic,0,vlog
organic,0,milestone
organic,0,travel
performative,0,challenge
performative,0,reaction
performative,1,drama
organict,0,milestone
organic,0,vlog
organic,0,travel
performative,0,reaction
organic,0,milestone
no_child,1,storytime
organic,0,vlog
organic,0,storytime
organic,0,breakfast
performative,0,date
performative,0,music_dance
performative,0,toy_play
organic,0,milestone
performative,0,toy_play
organic,0,reaction
organic,0,house_update
organice,0,milestone
performative,0,challenge
performative,0,storytime
performative,0,party
performative,0,party
performative,0,toy_play
performative,0,toy_play
performative,0,fail
performative,1,reaction
performative,0,hair_styles
performative,0,tutorial
organic,0,reaction
organic,0,milestone
organic,0,vlog
performative,0,hand_prints
organic,0,reaction
performative,0,toy_play
performative,0,storytime
organic,0,holiday
organic,0,milestone
organic,0,party
organic,0,travel
organic,0,reaction
organice,1,medical
performative,0,hygiene
organic,0,reaction
performative,0,milestone
organic,0,fair
performative,0,baby_love
performative,1,reaction
performative,0,sports
organic,0,summer_fun
organic,0,shopping
performative,0,home_improvement
performative,0,milestone
organic,0,drama
performative,0,drama
organic,1,medical
performative,0,storytime
performative,0,music_dance
organic,0,milestone
performative,0,toy_play
organic,0,vlog
organic,0,fashion
performative,0,unboxing
organic,0,milestone
organic,0,milestone
organic,0,food
organic,0,vlog
organic,0,routine
organic,0,milestone
performative,0,food
organic,0,vlog
organic,0,milestone
organic,1,milestone
performative,0,reaction
performative,0,challenge
organic,0,milestone
performative,0,birthday
organic,0,milestone
organic,0,milestone
organic,0,milestone
performative,0,routine
organic,0,milestone
performative,0,challenge
performative,0,roleplay
performative,0,drama
performative,1,medical
performative,0,climbing
performative,0,work
performative,1,drama
performative,0,drama
performative,0,reaction
performative,0,challenge
organic,0,milestone
organically,0,vlog
performative,1,drama
performative,0,game
performative,0,challenge
performative,0,prank
performative,1,drama
performative,0,eating
organic,0,challenge
performative,1,drama
performative,0,announcement
organic,0,vlog
organic,0,milestone
performative,0,storytime
organic,0,haul
organic,0,storytime
organic,0,music_dance
organic,0,haul
organic,0,milestone
organic,0,tutorial
performative,0,milestone
organic,0,milestone
performative,0,milestone
performative,0,game
performative,0,reaction
performative,0,unboxing
performative,0,other
performative,0,diy
performative,0,other
organic,0,milestone
performative,0,milestone
organic,0,milestone
performative,0,milestone
performative,0,milestone
performative,0,party
performative,0,storytime
performative,0,challenge
performative,0,challenge
organic,0,storytime
performative,0,game
performative,0,storytime
organically,0,holiday
performative,0,reaction
performative,0,dance
performative,0,game
organically,0,milestone
performative,0,storytime
organic,0,holiday
performative,0,storytime
performative,0,party
organically,0,holiday
performative,0,storytime
performative,0,other
organically,0,milestone
performative,0,holiday
organically,0,party
performative,0,storytime
performative,0,game
organically,0,holiday
ambiguous,0,other
ambiguous,0,other
organic,0,vlog
performative,0,reaction
organic,0,milestone
organic,0,storytime
organic,0,toy_play
performative,0,cutting/hair
organic,0,baking
organic,0,tutorial
organic,0,haul
performative,1,storytime
performative,1,storytime
organic,0,milestone
organic,0,vlog
organic,0,vlog
organic,0,vlog
organic,0,tour
organic,0,storytime
organic,1,milestone
organic,0,milestone
organic,0,vlog
organic,0,reaction
organic,0,milestone
organic,0,storytime
performative,0,storytime
organic,1,storytime
organic,1,storytime
organic,0,storytime
organic,0,storytime
performative,0,challenge
organic,0,storytime
organic,0,tutorial
performative,1,reaction
performative,1,storytime
organic,0,milestone
organic,0,storytime
no_child,0,holiday
organic,0,delivery
organic,0,milestone
organic,0,storytime
no_child,0,thoughts
performative,1,unboxing
no_child,0,storytime
organic,0,holiday
organic,0,prank
performative,0,prank
organic,0,storytime
performative,0,storytime
no_child,0,announcement
no_child,0,storytime
organic,0,milestone
organic,0,vlog
organic,0,vlog
ambiguous,0,storytime
performative,0,discussion
organic,0,vlog
performative,0,toy_play
organic,0,storytime
performative,0,explanation
organic,0,vlog
performative,0,music_dance
ambiguous,0,reaction
performative,0,drama
performative,0,nature
organic,0,medical
organic,0,milestone
organic,0,vlog
organic,0,milestone
organic,0,milestone
organic,0,milestone
organic,0,milestone
organic,0,milestone
organic,0,milestone
organic,0,milestone
organic,0,milestone
organic,0,milestone
organic,0,milestone
organic,0,milestone
organic,0,milestone
organic,0,milestone
organic,0,milestone
organic,0,milestone
organic,0,milestone
organic,0,milestone
organic,0,milestone
organic,0,milestone
organic,0,milestone
organic,0,milestone
organic,0,milestone
organic,0,milestone
performative,0,milestone
organic,0,vlog
performative,0,challenge
organic,0,travel
organic,0,milestone
performative,0,milestone
organic,0,travel
organic,0,milestone
organic,0,milestone
ambiguous,0,other
ambiguous,0,other
performative,0,storytime
organic,0,vlog
performative,0,storytime
performative,0,vlog
organic,0,milestone
performative,0,prank
organic,0,family
performative,0,haul
organic,0,milestone
organic,0,milestone
organic,0,drama
performative,0,storytime
organic,0,travel
organic,0,milestone
performative,0,storytime
organic,0,performance
organic,0,milestone
organic,0,milestone
performative,0,milestone
organic,0,date
organic,0,milestone
performative,0,family
performative,0,storytime
organic,0,milestone
performative,0,tutorial
organic,0,milestone
performative,0,birthday
organic,0,milestone
performative,0,storytime
performative,0,react
organic,0,milestone
performative,1,storytime
organic,0,milestone
performative,0,toy_play
performative,0,tutorial
organic,0,milestone
performative,0,storytime
organic,0,milestone
performative,0,storytime
performative,0,storytime
organic,0,milestone
organic,0,milestone
performative,0,storytime
performative,1,storytime
organic,0,milestone
performative,0,storytime
performative,0,storytime
organic,0,milestone
performative,0,storytime
performative,0,storytime
organic,0,unboxing
organic,0,milestone
organic,0,milestone
organic,0,milestone
organic,0,vlog
organic,0,other
organic,0,milestone
performative,0,celebration
organic,0,tutorial
organic,0,tutorial
organic,0,tutorial
organic,0,milestone
organic,0,milestone
organic,0,milestone
organic,0,milestone
performative,0,announcement
organic,0,other
organic,0,storytime
organic,0,review
organic,0,milestone
organic,0,milestone
organic,0,milestone
organic,0,milestone
organic,0,holiday
organic,0,holiday
organic,0,holiday
organic,0,holiday
organic,0,holiday
organic,0,holiday
organic,0,holiday
organic,0,holiday
organic,0,holiday
organic,0,holiday
organic,0,holiday
performative,0,other
organic,0,holiday
organic,0,holiday
organic,0,holiday
organic,0,holiday
no_child,0,other
organic,0,holiday
organic,0,holiday
organic,0,holiday
organic,0,holiday
organic,0,holiday
organic,0,holiday
performative,0,holiday
organic,0,holiday
ambiguous,0,other
ambiguous,0,other
organick,0,vlog
organick,0,vlog
organick,0,milestone
organick,0,milestone
organick,0,milestone
organick,0,milestone
organick,0,music_dance
organick,0,tutorial
organick,0,talk
performative,0,tutorial
performative,0,music_dance
performative,0,tutorial
performative,0,reaction
performative,0,prank
performative,0,reaction
performative,0,tutorial
performative,0,reaction
performative,0,milestone
performative,0,tutorial
performative,0,milestone
performative,0,milestone
performative,0,tutorial
performative,0,tutorial
performative,0,swatches
performative,0,tutorial
performative,0,milestone
performative,0,tutorial
performative,0,reaction
performative,0,milestone
performative,0,tutorial
performative,0,milestone
performative,0,challenge
performative,1,challenge
performative,1,vlog
performative,0,milestone
performative,1,drama
performative,0,milestone
organick,0,travel
organick,0,milestone
organick,0,milestone
organick,0,milestone
organick,0,milestone
performative,0,challenge
performative,0,tutorial
performative,0,milestone
organick,0,travel
no_child,0,other
no_child,0,other
no_child,0,other
no_child,0,other
organic,0,vlog
performative,0,tutorial
organic,0,travel
performative,0,tutorial
organic,0,music_dance
performative,0,tutorial
organic,0,storytime
performative,0,tutorial
organic,1,medical
performative,0,challenge
performative,0,storytime
organic,0,travel
organic,0,milestone
organic,0,milestone
organic,0,storytime
organic,0,q&a
organic,0,q&a
organic,1,medical
organic,0,milestone
performative,1,storytime
organic,0,vlog
organic,0,performance
organic,1,storytime
organic,1,storytime
performative,0,storytime
organic,0,storytime
organic,0,storytime
organic,0,storytime
organic,0,storytime
organic,0,storytime
organic,0,storytime
organic,0,storytime
organic,0,storytime
organic,0,storytime
organic,0,storytime
organic,0,storytime
organic,0,storytime
organic,0,storytime
organic,0,storytime
performative,0,storytime
organic,0,storytime
performative,1,storytime
organic,0,storytime
performative,0,storytime
organic,0,storytime
performative,0,storytime
organic,0,storytime
performative,0,storytime
performative,0,storytime
organic,0,storytime
organic,0,milestone
organic,0,milestone
organic,0,drama
organic,0,cooking
organic,0,travel
organic,0,other
organic,0,challlenge
organic,0,milestone
organic,0,question
organic,0,other
organic,0,drama
organic,0,milestone
organic,0,milestone
organic,0,milestone
organic,0,milestone
organic,1,drama
organic,0,milestone
organic,0,milestone
organic,1,drama
organic,1,drama
organic,0,music_dance
organic,0,milestone
organic,0,milestone
organic,0,milestone
organic,0,milestone
organic,0,milestone
organic,0,milestone
organic,0,reaction
organic,0,reaction
organic,0,reaction
organic,0,reaction
organic,0,reaction
organic,0,reaction
organic,0,reaction
organic,1,drama
organic,0,milestone
organic,0,milestone
organic,1,drama
organic,0,milestone
organic,0,milestone
organic,0,milestone
organic,0,milestone
organic,0,milestone
organic,0,milestone
organic,0,milestone
organic,0,milestone
organic,0,milestone
organic,0,milestone
organic,0,milestone
organic,0,milestone
ambiguous,0,drama
organic,0,music_dance
ambiguous,0,drama
organic,0,milestone
performative,0,challenge
no_child,0,reaction
organic,0,milestone
no_child,0,milestone
organic,0,storytime
performative,0,question
organic,0,mukbang
organic,0,milestone
organic,0,milestone
performative,0,storytime
performative,0,shopping
performative,0,costume
performative,0,milestone
performative,0,milestone
performative,0,fashion
performative,0,milestone
performative,0,milestone
performative,0,milestone
performative,0,milestone
performative,0,milestone
performative,0,milestone
organ​ic,0,milestone
performative,0,milestone
performative,0,milestone
performative,0,milestone
performative,0,milestone
performative,0,milestone
performative,0,milestone
performative,0,milestone
performative,0,milestone
performative,0,milestone
performative,0,milestone
performative,0,milestone
performative,0,milestone
performative,0,milestone
performative,0,milestone
performative,0,milestone
performative,0,milestone
performative,0,milestone
performative,0,milestone
performative,0,milestone
performative,0,milestone
performative,0,milestone
performative,0,milestone
performative,0,milestone
performative,0,milestone
organic,0,milestone
organic,0,reaction
organic,0,reaction
organic,0,milestone
organic,0,medical
organic,0,milestone
organic,0,medical
organic,0,milestone
organic,0,storytime
organic,0,milestone
organic,0,milestone
organic,0,milestone
organic,0,milestone
organic,0,milestone
organic,0,milestone
organic,0,travel
organic,0,travel
organic,0,milestone
organic,0,milestone
organic,0,milestone
organic,0,milestone
organic,0,milestone
organic,0,milestone
organic,0,milestone
organic,0,milestone
organic,0,milestone
performative,1,craft
performative,1,storytime
performative,1,reaction
performative,1,reaction
performative,1,reaction
performative,1,reaction
performative,0,announcements
organic,0,haul
organic,0,reaction
organic,0,reaction
organic,0,reaction
organic,0,milestone
organic,0,game
organic,0,back to school
organic,0,milestone
organic,0,storytime
organic,1,milestone
organic,0,reaction
organic,0,milestone
organic,0,milestone
organic,0,reaction
organic,0,back to school
ambiguous,0,other
ambiguous,0,other
organice,0,prank
organic,0,vlog
ambiguous,0,storytime
organic,0,travel
performative,0,drama
organic,0,milestone
organic,0,milestone
performative,0,challenge
organic,0,tour
performative,0,storytime
organic,0,milestone
organice,0,milestone
performative,0,drama
organice,0,milestone
performative,0,review
performative,0,challenge
performative,0,art
performative,0,challenge
performative,0,food
performative,0,prank
performative,0,vlog
performative,0,food
performative,0,roleplay
organice,0,milestone
organice,0,milestone
organice,0,milestone
performative,0,performance
performative,0,challenge
performative,0,reaction
organice,0,milestone
performative,0,challenge
performative,0,vlog
organic,0,milestone
performative,0,challenge
organice,0,milestone
organic,0,travel
performative,0,travel
organice,0,milestone
performative,0,challenge
performative,0,storytime
organice,0,milestone
performative,0,challenge
organice,0,milestone
organice,0,milestone
organice,0,milestone
performative,0,storytime
organice,0,milestone
performative,0,reaction
organice,0,milestone
ambiguous,0,other
organic,0,vlog
organic,0,milestone
performative,0,drama
performative,1,drama
milestone,0,milestone
performative,0,prank
organic,0,storytime
organic,0,activity
organic,0,travel
performative,1,drama
organic,0,milestone
performative,1,prank
organic,0,reaction
organic,0,announcement
organica,0,announcement
organic,0,announcement
organic,0,milestone
organic,0,shopping
performative,0,music_dance
organic,0,storytime
organic,0,announcement
organic,0,milestone
organic,0,drama
performative,1,drama
performative,0,reaction
organic,0,storytime
organic,0,reaction
organic,0,talk
organic,0,reaction
organic,0,reaction
organic,0,reaction
organic,0,reaction
organic,0,reaction
organic,0,meal/taste test
organic,0,milestone
organic,0,milestone
organic,0,milestone
performative,1,drama
performative,0,milestone
organic,0,travel
organic,0,storytime
organic,0,storytime
organic,0,storytime
organic,0,activity
organic,0,activity
organic,0,milestone
organic,0,activity
ambiguous,0,other
ambiguous,0,other
ambiguous,0,other
organic,0,vlog
organic,1,reaction
organic,1,milestone
organic,0,milestone
organic,0,announcement
performative,0,music_dance
organic,0,reaction
organic,0,reaction
performative,1,drama
organic,0,vlog
organic,1,reaction
organic,1,reaction
organic,0,storytime
organic,0,tour
organic,0,vlog
organic,0,tour
organic,0,reaction
organic,0,reaction
organic,1,reaction
organic,0,reaction
organic,0,milestone
organic,1,milestone
organic,0,beauty
organic,0,beauty
performative,0,game
organic,0,festival
performative,1,challenge
organic,1,reaction
organic,1,drama
organic,0,reaction
performative,0,party
performative,0,art
performative,0,makeup
performative,0,travel
organicc,0,reaction
performative,0,show
organicc,0,reaction
performative,0,challenge
organicc,1,drama
organicc,1,reaction
organic,0,vlog
organic,0,announcement
organic,1,milestone
organic,0,reaction
performative,0,shopping
performative,1,reaction
organicc,0,reaction
performative,0,storytime
organicc,1,reaction
organicc,1,reaction
performative,0,unboxing
organic,0,vlog
performative,1,storytime
organic,0,travel
performative,0,toy_play
performative,0,music_dance
performative,0,challenge
performative,0,unboxing
organic,0,vlog
organic,0,vlog
performative,1,storytime
performative,1,announcement
performative,0,photoshoots
performative,1,medical
performative,0,challenge
performative,0,photoshoots
performative,1,storytime
performative,1,vlog
performative,1,storytime
performative,1,storytime
organic,0,milestone
performative,0,travel
performative,0,drama
performative,1,reaction
performative,1,storytime
performative,1,storytime
performative,1,storytime
performative,1,storytime
performative,1,music_dance
performative,0,milestone
performative,1,storytime
organic,1,milestone
performative,1,storytime
performative,0,travel
performative,1,drama
organic,1,milestone
organic,0,vlog
organic,0,vlog
performative,0,milestone
organic,0,travel
organic,0,milestone
organic,0,travel
performative,0,travel
performative,0,travel
performative,0,travel
performative,0,travel
organic,0,travel
performative,0,travel
ambiguous,0,other
ambiguous,0,other
organic,0,milestone
organic,0,vlog
organic,0,milestone
organic,0,vlog
organic,0,milestone
performative,0,toy_play
performative,0,challenge
performative,0,game
performative,1,reaction
performative,0,toy_play
performative,0,game
organic,0,vlog
organic,0,studio
performative,0,tutorial
performative,0,reaction
organic,0,milestone
organic,0,milestone
organic,0,milestone
organic,0,shopping
performative,0,reaction
organic,0,milestone
organic,0,celebration
organic,0,milestone
organic,0,milestone
organic,0,milestone
organic,0,storytime
performative,0,challenge
performative,0,reaction
organic,0,milestone
performative,0,milestone
performative,0,milestone
organic,0,milestone
performative,0,storytime
organic,0,milestone
organic,0,milestone
organic,0,milestone
organic,0,milestone
performative,0,reaction
performative,0,drama
organic,1,milestone
organic,1,milestone
organic,0,milestone
performative,1,drama
performative,0,announcement
performative,0,dance
organic,0,shopping
organic,0,milestone
organice,0,milestone
organice,0,milestone
organice,0,milestone
organic,0,vlog
performative,0,challenge
organic,0,vlog
performative,0,reaction
organic,0,milestone
no_child,1,other
performative,0,storytime
organic,0,rehearsal
performative,1,storytime
organic,0,vlog
organics,0,travel
performative,0,milestone
organic,0,reaction
performative,0,milestone
performative,0,storytime
organic,0,travel
organic,0,milestone
organic,0,music_dance
performative,0,travel
organic,0,storytime
no_child,1,reaction
no_child,1,reaction
no_child,1,reaction
organic,0,storytime
organic,0,music_dance
organic,0,storytime
organic,0,travel
performance,0,storytime
performative,0,storytime
no_child,1,medical
performative,0,music_dance
performative,0,challenge
no_child,0,reaction
organic,0,reaction
organic,0,challenge
performative,0,travel
no_child,1,reaction
performative,0,storytime
performative,0,storytime
organic,0,reaction
performative,0,music_dance
no_child,1,reaction
organic,0,storytime
no_child,1,reaction
no_child,1,reaction
performative,0,storytime
performative,0,challenge
organic,0,reaction
organic,0,milestone
no_child,1,reaction
organic,0,vlog
organic,0,vlog
organic,0,vlog
performative,0,challenge
organic,0,vlog
organic,0,vlog
organic,0,vlog
performative,0,reaction
performative,0,prank
organic,0,roleplay
organic,0,milestone
organic,0,reaction
performative,0,storytime
organic,0,milestone
organic,0,vlog
organic,0,drama
organic,0,reaction
organic,0,travel
organic,0,milestone
performative,0,challenge
organic,0,vlog
organic,0,vlog
organic,0,vlog
performative,0,challenge
performative,0,challenge
organic,0,travel
organic,0,milestone
performative,1,challenge
organic,0,vlog
performative,1,challenge
organic,0,storytime
performative,0,milestone
organic,0,travel
performative,0,challenge
performative,0,reaction
performative,1,challenge
organic,0,milestone
performative,0,storytime
performative,0,reaction
performative,0,music_dance
organic,1,milestone
performative,0,storytime
performative,0,storytime
performative,0,reaction
organic,0,milestone
performative,0,challenge
organic,0,travel
performative,1,challenge
performative,1,challenge
organic,0,reaction
organic,0,travel
organic,0,music_dance
organic,0,travel
organic,0,workout
organic,0,music_dance
organic,0,travel
organic,0,milestone
performative,1,reaction
organic,0,milestone
organic,0,milestone
organic,0,reaction
performative,1,drama
performative,0,vlog
performative,1,reaction
performative,0,reaction
performative,0,game
performative,0,game
performative,1,drama
organic,0,travel
organic,0,travel
organic,0,travel
organic,0,travel
organic,0,travel
organic,0,travel
organic,0,travel
organic,0,travel
organic,0,travel
organic,0,travel
organic,0,milestone
organic,0,milestone
organic,0,milestone
performative,1,milestone
performative,1,milestone
performative,1,milestone
performative,0,milestone
performative,0,milestone
performative,0,milestone
performative,0,milestone
performative,0,milestone
performative,0,milestone
performative,0,milestone
performative,0,milestone
performative,1,milestone
"organ... (truncated for brevity, but continues in the same pattern) ...",0,other
ambiguous,0,other
ambiguous,0,other
ambiguous,0,other
ambiguous,0,other
ambiguous,0,other
ambiguous,0,other
organic,0,vlog
organic,0,toy_play
organic,0,milestone
organic,0,travel
performative,1,drama
performative,0,reaction
organic,0,milestone
organic,0,milestone
organic,0,milestone
organic,0,Q&A
performative,0,studio
performative,0,storytime
organic,0,holiday
organic,0,milestone
performative,0,toy_play
performative,0,travel
performative,0,challenges
performative,0,reaction
performative,0,reaction
performative,0,milestone
performative,0,travel
organic,0,milestone
organic,0,milestone
organic,0,milestone
organic,0,travel
organic,0,game
performative,1,drama
organic,0,milestone
performative,0,milestone
organic,0,milestone
organic,0,milestone
performative,0,toy_play
performative,0,reaction
performative,0,reaction
organic,0,milestone
performative,0,music_dance
performative,0,storytime
performative,0,reaction
organic,0,travel
performative,1,drama
performative,0,milestone
organic,0,milestone
organic,0,travel
organic,1,travel
performative,0,challenge
ambiguous,0,other
ambiguous,0,other
ambiguous,0,other
ambiguous,0,other
ambiguous,0,other
organic,0,milestone
organic,0,collaboration
organic,0,travel
performative,1,drama
performative,0,toy_play
performative,0,toy_play
performative,0,milestone
performative,0,beauty
organic,0,milestone
performative,1,prank
organic,0,vlog
organic,0,milestone
organic,0,sports
organic,0,school
organic,0,music_dance
organic,0,fashion
organic,0,fashion
organic,0,travel
organice,0,activity
performative,0,acting
performative,1,horror
performative,1,reaction
performative,1,reaction
performative,0,sports
organice,0,milestone
organic,1,milestone
organic,1,milestone
organic,0,dance
organic,0,reaction
organic,1,milestone
organic,0,milestone
organic,0,travel
organic,0,celebration
organice,0,celebration
organice,1,medical
organice,1,medical
organic,0,photoshoot
organic,0,gaming
organice,0,challenge
organice,0,celebration
organice,0,celebration
organice,0,celebration
organice,0,travel
organice,0,dance
organice,0,celebration
organice,0,milestone
performative,1,medical
performative,1,medical
organice,0,photoshoot
performative,0,gaming
organic,0,milestone
organic,0,medical
performative,0,roleplay
performative,0,challenge
organic,1,medical
organic,0,announcement
performative,0,storytime
performative,0,fantasy
organic,0,milestone
organice,0,milestone
organic,0,milestone
organic,0,milestone
organic,0,milestone
organic,0,milestone
organice,0,milestone
performative,0,unboxing
organice,0,reaction
performative,0,reaction
performative,0,performance
performative,0,other
performative,0,makeup tutorial
performative,0,vlog
performative,0,reaction
performative,1,drama
performative,0,announcement
performative,0,food
performative,0,game
performative,0,unboxing
performative,0,other
performative,0,making slime
performative,0,craft
performative,0,storytime
performative,0,milestone
performative,0,vlog
performative,0,challenge
performative,0,challenge
performative,0,toy_play
performative,1,medical
performative,0,challenge
performative,1,drama
performative,0,challenge
performative,0,challenge
performative,0,challenge
performative,0,milestone
performative,0,travel
organice,0,milestone
performative,0,vlog
organice,0,milestone
performative,0,other
organice,0,vlog
organic,0,vlog
organic,0,vlog
organic,0,storytime
organic,0,storytime
performative,0,tutorial
organic,0,storytime
organic,0,storytime
organic,0,party
organic,0,storytime
organic,0,storytime
organic,0,reaction
organic,0,storytime
organic,0,game
organic,0,milestone
organic,0,event
organic,0,announcement
organic,0,milestone
performative,0,storytime
organic,0,storytime
organic,0,storytime
organic,0,storytime
organic,0,game
performative,0,challenge
organic,0,dance
organic,0,shoutout
organic,0,event
organic,0,reaction
organic,0,unboxing
organic,0,dance
organic,0,dance
organic,0,storytime
organic,0,medical
organic,0,vlog
organic,0,medical
organic,0,storytime
organic,0,storytime
organics,0,milestone
organic,0,milestone
organic,0,holiday
organic,0,announcement
organics,0,announcement
organic,0,milestone
organic,0,vlog
organic,1,medical
organic,1,storytime
organic,1,storytime
organic,0,holiday
organic,0,vlog
organic,0,vlog
organic,0,storytime
performative,0,challenge
organic,0,vlog
organic,0,storytime
organic,0,milestone
organic,0,storytime
performative,0,reaction
performative,0,challenge
organic,0,challenge
organic,0,milestone
organic,0,storytime
organic,0,vlog
organic,0,challenge
performative,0,gift_exchange
organic,0,storytime
performative,0,slime
organic,0,vlog
organic,0,challenge
organic,0,storytime
organic,1,health
organic,0,challenge
organic,0,vlog
organic,0,event
organic,0,milestone
organic,0,challenge
organic,0,milestone
organic,0,milestone
organic,0,milestone
organic,0,milestone
organic,0,storytime
organic,0,milestone
organic,0,milestone
organic,0,milestone
organic,0,milestone
performative,0,reaction
organic,0,milestone
organic,0,storytime
organic,0,storytime
organic,0,milestone
performative,0,reaction
organic,0,vlog
performative,0,storytime
performative,0,storytime
performative,0,challenge
performative,0,challenge
organic,0,milestone
organic,0,milestone
organic,0,milestone
organic,0,milestone
organic,0,milestone
ambiguous,0,other
organic,0,milestone
organic,0,milestone
organic,0,milestone
performative,0,challenge
performative,0,game
organic,0,milestone
performative,0,tutorial
performative,0,game
performative,0,storytime
organic,0,vlog
organic,0,milestone
performative,0,travel
performative,0,storytime
performative,0,reaction
performative,0,storytime
organic,0,milestone
performative,0,milestone
performative,0,milestone
performative,0,milestone
performative,0,milestone
performative,0,milestone
performative,0,milestone
performative,0,travel
performative,0,storytime
performative,0,challenge
performative,0,challenge
performative,0,drama
performative,0,reaction
performative,0,storytime
performative,0,reaction
performative,1,storytime
organic,0,news
performative,0,challenge
performative,0,holiday
performative,0,milestone
performative,0,reaction
performative,0,milestone
performative,0,reaction
performative,0,milestone
performative,0,milestone
performative,0,milestone
performative,0,milestone
performative,1,medical
organic,0,milestone
organic,0,milestone
organic,0,milestone
performative,0,storytime
performative,0,challenge
performative,0,milestone
performative,0,milestone
organic,0,milestone
performative,0,challenge
organic,0,milestone
organic,0,milestone
organic,0,milestone
organic,0,milestone
organic,0,travel
organic,0,milestone
organic,0,milestone
performative,0,music_dance
no_child,0,q&a
organic,0,milestone
organic,0,travel
organic,0,travel
organic,0,milestone
organic,0,milestone
organic,0,travel
organic,0,milestone
organic,0,milestone
organic,0,milestone
organic,0,milestone
organic,0,milestone
organic,0,milestone
organic,0,milestone
organict,0,milestone
organic,0,milestone
organic,0,travel
organic,0,travel
organic,0,travel
organic,0,travel
organic,0,travel
organic,0,milestone
organic,0,travel
performative,0,milestone
performative,0,milestone
performative,1,milestone
performative,0,milestone
performative,0,milestone
performative,0,milestone
performative,0,milestone
performative,0,milestone
performative,0,milestone
performative,0,milestone
performative,0,milestone
performative,0,milestone
performative,0,milestone
organic,0,milestone
organic,0,travel
performative,0,milestone
performative,0,milestone
organic,0,travel
performative,0,challenge
organic,0,vlog
performative,0,show
organic,0,drama
organic,0,milestone
organic,0,medical
academic,0,history
organic,0,milestone
performative,0,medical
organic,0,milestone
organic,0,milestone
organic,0,game
performative,0,party
organic,0,shopping
organic,0,storytime
educational,0,history
performative,0,reenactment
performative,0,toy_play
performative,0,reaction
performative,0,event
performative,0,vlog
performative,0,milestone
performative,0,reaction
medical,0,medical
medical,0,medical
medical,0,medical
medical,0,medical
performative,0,travel
performative,0,milestone
scare/trauma,1,reaction
performative,0,milestone
performative,1,emotion
performative,1,medical
performative,1,medical
performative,0,trip
performative,0,challenge
scare/trauma,1,reaction
performative,1,emotion
performative,1,medical
performative,1,milestone
performative,0,travel
performative,0,challenge
performative,0,milestone
performative,0,travel
performative,0,milestone
performative,0,travel
performative,0,challenge
performative,0,challenge
performative,0,challenge
organic,0,vlog
organic,0,milestone
organic,0,milestone
organic,0,milestone
organic,0,milestone
organic,0,milestone
organic,0,milestone
organic,0,milestone
organic,0,milestone
organic,0,milestone
organic,0,milestone
organic,0,milestone
organic,0,milestone
organic,0,milestone
organic,0,milestone
organic,0,milestone
organic,0,milestone
organic,0,milestone
organic,0,milestone
organic,0,milestone
performative,0,storytime
organic,0,milestone
performative,0,storytime
organic,0,milestone
performative,0,storytime
performative,0,storytime
performative,0,storytime
performative,0,storytime
performative,0,storytime
performative,0,storytime
performative,0,storytime
performative,0,storytime
performative,0,storytime
performative,0,storytime
performative,0,storytime
performative,0,storytime
performative,0,storytime
performative,0,storytime
performative,0,storytime
performative,0,storytime
performative,0,storytime
performative,0,storytime
performative,0,storytime
performative,0,storytime
performative,0,storytime
performative,0,storytime
performative,0,storytime
performative,0,storytime
performative,0,storytime
performative,0,storytime
organic,0,milestone
organica,0,travel
organic,0,tour
organic,0,drama
ambiguous,0,reaction
organic,0,party
organic,0,vlog
performative,0,food
ambiguous,1,horror
ambiguous,0,show
organic,0,milestone
performative,0,game
organica,0,beauty
performative,0,storytime
organic,0,travel
ambiguous,1,medical
performative,0,toy_play
organic,0,milestone
performative,0,challenge
performative,1,gymnastics
performative,0,storytime
performative,0,funny
performative,0,complaint
performative,0,vlog
performative,1,reaction
performative,1,reaction
performative,0,storytime
performative,0,milestone
performative,0,reaction
organica,0,greeting
organica,0,interview
organica,0,reaction
organica,0,milestone
performative,0,challenge
organica,0,milestone
performative,0,challenge
organica,0,milestone
performative,0,challenge
performative,0,challenge
performative,0,reaction
performative,0,reaction
performative,0,reaction
performative,0,reaction
performative,0,reaction
performative,1,reaction
organica,0,milestone
organica,0,milestone
performative,0,storytime
performative,0,challenge
performative,0,vlog
organic,0,milestone
organic,0,milestone
organic,0,milestone
organic,1,medical
organic,0,announcement
organic,0,travel
organic,1,medical
organic,0,milestone
organic,0,celebration
performative,0,reaction
organic,0,milestone
organic,0,meeting
organic,0,announcement
performative,1,medical
organic,0,educational
organic,0,acro
performative,0,prank
organic,0,milestone
organic,0,cooking
organic,0,travel
performative,0,embarrassment
no_child,0,other
performative,0,tech
organic,0,milestone
organic,0,milestone
performative,0,milestone
performative,0,milestone
performative,0,milestone
performative,0,travel
performative,0,travel
performative,0,vlog
performative,0,toy_play
performative,0,milestone
performative,0,challenge
performative,0,challenge
performative,0,challenge
organic,0,travel
organic,0,milestone
performative,0,milestone
organic,0,travel
performative,0,challenge
organic,0,milestone
performative,0,reaction
performative,1,medical
organic,0,milestone
organic,0,milestone
organic,0,milestone
performative,0,other
organic,0,milestone
organic,0,milestone
organic,0,vlog
organic,0,storytime
organic,0,vlog
organic,0,vlog
organic,0,travel
organic,0,travel
organic,0,other
organic,0,storytime
performative,0,challenge
performative,0,challenge
organic,0,travel
organic,0,milestone
organic,0,milestone
performative,0,challenge
performative,0,tutorial
organic,0,travel
organic,0,milestone
organic,0,milestone
organic,0,milestone
organic,0,milestone
organic,0,other
organic,0,storytime
organic,0,milestone
organic,0,other
organic,0,other
organic,0,other
organic,0,other
organic,0,vlog
organic,0,storytime
organic,0,milestone
performative,0,unboxing
performative,0,unboxing
performative,0,music_dance
organic,0,milestone
organic,0,milestone
organic,0,milestone
organic,0,milestone
organic,0,milestone
organic,0,other
organic,0,milestone
organic,0,milestone
organic,0,other
organic,0,other
organic,0,storytime
organic,0,milestone
organic,0,storytime
organic,0,milestone
performative,0,storytime
performative,0,storytime
organic,0,other
organic,0,vlog
organic,0,vlog
organic,0,vlog
organic,0,vlog
organic,0,vlog
organic,0,vlog
organic,0,tutorial
organic,0,reaction
organic,0,acro
organic,0,travel
organic,0,vlog
organic,0,reaction
organic,0,travel
organic,0,vlog
organic,0,vlog
organic,0,reaction
performative,1,reaction
performative,1,reaction
performative,1,medical
performative,1,medical
organic,0,reaction
organic,0,reaction
organic,0,milestone
performative,0,milestone
performative,0,birthday
performative,0,birthday
performative,0,challenge
performative,0,holiday
performative,0,vlog
performative,0,vlog
performative,0,travel
performative,0,travel
organic,0,storytime
organic,0,motivation
performative,0,challenge
performative,0,vlog
performative,0,roleplay
performative,0,dance
performative,0,drama
performative,1,drama
performative,0,challenge
performative,0,milestone
performative,1,reaction
performative,0,reaction
performative,0,announcement
organic,0,vlog
ambiguous,0,other
ambiguous,0,other
ambiguous,0,other
ambiguous,0,other
organic,0,vlog
organic,0,reaction
organic,0,milestone
organic,0,vlog
organic,0,travel
organic,0,medical
performative,0,roleplay
organic,0,holiday
professional,0,tutorial
performance,0,challenge
organic,0,vlog
organic,0,milestone
organic,0,challenge
organic,0,milestone
organic,0,entertainment
performance,0,drama
organic,0,storytime
organic,0,milestone
performative,0,challenge
performative,1,reaction
performative,0,costume
organic,0,milestone
organic,0,challenge
organic,0,holiday
organic,0,milestone
organic,0,storytime
organic,0,milestone
organic,0,vlog
organic,0,room setup
organic,0,milestone
organic,0,tribute
performative,0,storytime
organic,0,milestone
performative,0,game
organic,0,hot tub
performative,1,challenge
performative,1,challenge
performative,0,challenge
performative,1,reaction
performative,1,reaction
performative,1,reaction
integrated,1,drama
organic,1,storytime
organic,0,reaction
performative,0,costume
performative,1,challenge
performative,1,challenge
organic,0,milestone
ambiguous,0,other
ambiguous,0,other
organic,0,milestone
ambiguous,0,drama
organic,0,milestone
organic,0,drama
organic,0,dance
organic,0,milestone
organic,0,milestone
performative,0,other
organic,0,unboxing
organic,0,milestone
performative,0,unboxing
organic,0,travel
organic,0,travel
organic,0,travel
organic,0,travel
organic,0,milestone
organic,0,milestone
organic,0,milestone
organic,0,milestone
organic,0,milestone
performative,0,toy_play
performative,0,milestone
performative,0,game
performative,0,reaction
performative,0,game
performative,0,travel
organic,0,house tour
organic,0,milestone
organic,0,travel
organic,0,travel
organic,0,travel
organic,0,travel
organic,0,travel
organic,0,milestone
organic,0,milestone
organic,0,milestone
organic,0,milestone
organic,0,milestone
performative,0,reaction
performative,0,milestone
performative,0,milestone
organic,0,milestone
organic,1,milestone
performative,0,reaction
performative,0,storytime
performative,0,milestone
performative,0,drama
performative,0,storytime
performative,0,storytime
performative,0,milestone
organic,0,vlog
organic,0,unboxing
organic,0,milestone
organic,0,reaction
organic,0,milestone
organic,0,vlog
organic,0,milestone
organic,0,announcement
organic,0,milestone
organic,0,milestone
organic,0,milestone
organic,0,milestone
organic,0,milestone
organic,0,milestone
organic,0,milestone
organic,0,milestone
organic,0,milestone
performative,0,challenge
performative,0,challenge
performative,0,challenge
organic,0,milestone
organic,0,vlog
performative,0,game
performative,0,challenge
performative,0,excitement
performative,0,unboxing
performative,0,diy
performative,0,milestone
performative,0,diy
performative,0,funny
performative,0,challenge
performative,0,challenge
performative,0,challenge
performative,0,challenge
performative,0,challenge
organic,0,milestone
performative,0,storytime
performative,0,drama
performative,1,drama
performative,0,toy_play
performative,0,milestone
performative,0,challenge
performative,0,challenge
performative,0,challenge
performative,0,challenge
organic,0,milestone
performative,1,drama
performative,0,medical
performative,0,milestone
performative,0,milestone
organic,0,vlog
organic,0,vlog
organic,0,vlog
organic,0,storytime
organic,0,storytime
organic,0,vlog
organic,0,storytime
organic,0,vlog
organic,0,storytime
organic,0,storytime
organic,0,storytime
organic,0,drama
organic,0,haul
organic,0,reaction
organic,0,vlog
organic,0,milestone
organic,0,travel
organic,0,challenge
performative,0,challenge
performative,0,challenge
performative,0,prank
performative,0,challenge
organic,0,tour
performative,0,challenge
performative,0,storytime
performative,0,drama
organic,0,vlog
organic,1,storytime
performative,0,challenge
organic,0,travel
performative,0,game
performative,0,challenge
performative,0,challenge
performative,0,challenge
performative,0,challenge
performative,1,challenge
performative,0,drama
performative,0,challenge
performative,0,challenge
performative,0,challenge
performative,0,challenge
performative,0,challenge
performative,0,challenge
performative,0,challenge
performative,0,challenge
performative,0,challenge
performative,0,challenge
organic,0,challenge
ambiguous,0,other
ambiguous,0,other
organic,0,vlog
performative,1,reaction
organic,0,premiere
organic,0,question
organic,0,milestone
performative,0,tutorial
performative,0,milestone
performative,0,milestone
organic,0,selfie
organic,0,milestone
organic,0,vlog
organic,0,milestone
performative,0,silly
organic,0,milestone
organic,0,music_dance
organic,0,food
performative,0,milestone
organice,0,milestone
performative,1,prank
organic,0,milestone
organic,0,milestone
organic,0,milestone
organic,0,milestone
organic,0,milestone
organic,0,milestone
organic,0,milestone
organic,0,milestone
organic,0,milestone
organice,0,milestone
organice,0,milestone
organic,1,milestone
organic,0,milestone
organic,0,milestone
organic,0,milestone
organic,0,milestone
organic,0,milestone
organic,0,milestone
organice,0,milestone
organice,0,milestone
organic,1,reaction
organice,0,storytime
organic,1,milestone
organic,0,milestone
organic,0,milestone
organic,0,milestone
organice,0,milestone
organice,0,milestone
organic,0,reaction
organic,1,reaction
organic,1,reaction
organic,0,vlog
organic,0,storytime
performative,0,roleplay
organic,0,milestone
performative,0,music_dance
organic,0,milestone
organic,0,milestone
performative,0,storytime
performative,0,storytime
performative,0,storytime
performative,0,game
organic,0,milestone
organic,0,milestone
performative,0,challenge
performative,0,storytime
performative,0,challenge
organic,0,milestone
organic,0,milestone
organic,0,milestone
performative,0,storytime
performative,0,challenge
performative,0,prank
organic,0,milestone
performative,0,milestone
performative,0,game
performative,0,reaction
performative,1,drama
organic,0,milestone
organic,0,milestone
performative,0,challenge
performative,0,tutor
performative,0,challenge
performative,0,storytime
performative,0,challenge
performative,0,vlog
performative,0,milestone
performative,0,challenge
performative,0,unboxing
performative,0,other
performative,0,milestone
performative,0,prank
performative,0,challenge
performative,0,storytime
performative,0,milestone
performative,0,milestone
performative,0,milestone
performative,1,drama
organic,0,milestone
organic,0,milestone
performative,0,reaction
organic,0,vlog
organic,0,milestone
organic,0,challenge
organic,0,beauty_roleplay
organic,0,vlog
organic,1,medical
organic,0,shopping
organic,0,announcement
organic,0,challenge
organic,0,milestone
organic,0,milestone
organic,0,vlog
organic,0,travel
organic,0,travel
organic,0,travel
organic,0,travel
organic,0,travel
organic,0,travel
organic,0,travel
organic,0,travel
organic,0,challenge
organic,0,challenge
organic,0,challenge
organic,0,challenge
organic,0,challenge
organic,0,challenge
organic,0,challenge
organic,0,challenge
organic,0,challenge
organic,0,challenge
organic,0,challenge
organic,0,challenge
organic,0,challenge
organic,0,challenge
organic,0,challenge
organic,0,challenge
organic,0,challenge
organic,0,challenge
organic,0,challenge
organic,0,milestone
organic,0,milestone
organic,0,reaction
organic,0,milestone
organic,0,reaction
organic,0,reaction
organic,0,reaction
organic,0,reaction
organic,1,medical
organic,0,roleplay
organic,0,challenge
organic,0,vlog
organic,0,game
organic,0,milestone
organic,0,storytime
organic,0,travel
organic,0,misc
performative,0,storytime
organica,0,storytime
organic,0,milestone
performative,0,milestone
performative,0,challenge
organic,0,storytime
organica,0,milestone
organica,0,tutorial
performative,0,storytime
performative,0,challenge
organic,0,travel
organica,0,storytime
performative,0,storytime
performative,0,trick_or_treating
organica,0,storytime
performative,0,challenge
performative,0,reaction
performative,0,storytime
performative,0,challenge
performative,0,storytime
performative,0,reaction
organic,0,medical
organic,0,drama
performative,0,misc
organica,0,storytime
performative,1,storytime
performative,0,challenge
performative,0,reaction
organica,0,storytime
performative,0,disney
organica,0,milestone
organica,0,milestone
organica,0,milestone
performative,0,milestone
performative,0,travel
organic,0,storytime
performative,0,storytime
performative,0,milestone
performative,0,storytime
performative,0,storytime
performative,0,reaction
performative,0,storytime
performative,0,milestone
performative,0,reaction
organic,0,storytime
organic,0,milestone
organic,0,storytime
performative,0,toy_play
performative,0,food
organical,0,announcement
performative,0,danger
performative,0,introduction
organic,0,event
performative,0,medical
organic,0,reaction
organic,0,milestone
performative,0,prank
performative,0,game
performative,0,game
organic,0,demo
performative,0,game
performative,0,milestone
performative,0,prank
performative,0,challenge
performative,0,reaction
organic,0,announcement
performative,0,event
performative,0,other
performative,0,advertisement
performative,0,challenge
performative,0,milestone
organic,0,celebration
performative,0,prank
performative,0,game
performative,0,food
organic,0,milestone
organic,0,milestone
performative,0,challenge
performative,0,game
performative,0,roleplay
performative,0,challenge
performative,0,milestone
performative,0,challenge
performative,0,unboxing
performative,0,roleplay
performative,0,challenge
organic,0,milestone
performative,0,challenge
performative,0,storytime
ambiguous,0,other
ambiguous,0,other
ambiguous,0,other
ambiguous,0,other
ambiguous,0,other
organic,0,storytime
organic,0,storytime
organic,0,reaction
organic,0,storytime
organic,0,toy_play
performative,0,challenge
organic,0,milestone
organic,0,tutorial
organic,0,reaction
organic,0,milestone
organic,0,milestone
performative,0,cooking
organic,0,milestone
organic,0,reaction
organic,0,storytime
organic,0,reaction
organic,0,reaction
organic,0,reaction
organic,0,milestone
organic,0,challenge
organic,0,challenge
organic,0,reaction
organic,0,challenge
organic,0,reaction
organic,0,milestone
organic,0,milestone
organic,0,milestone
organic,0,milestone
organic,0,milestone
organic,0,milestone
organic,0,milestone
organic,0,milestone
organic,0,milestone
performative,0,challenge
organic,0,milestone
organ`ic,0,milestone
organic,0,milestone
performative,0,challenge
organ`ic,0,vlog
organ`ic,0,milestone
organ`ic,0,storytime
performative,0,challenge
organ`ic,0,reaction
organ`ic,0,milestone
organ`ic,0,reaction
organ`ic,0,reaction
organ`ic,0,reaction
organ`ic,0,milestone
organ`ic,0,reaction
organ`ic,0,vlog
performative,0,storytime
organic,0,travel
performative,0,challenge
performative,0,prank
performative,0,reaction
organic,0,movie_review
organic,0,milestone
performative,0,toy_play
performative,0,advertisement
performative,0,game
no_child,0,event coverage
organic,0,vlog
organic,0,milestone
organic,0,milestone
performative,0,challenge
performative,0,challenge
performative,0,sports
performative,0,challenge
performative,0,challenge
organic,0,vlog
no_child,0,event coverage
performative,0,challenge
performative,0,challenge
performative,0,drama
performative,0,storytime
performative,1,reaction
performative,0,storytime
performative,0,milestone
performative,0,storytime
performative,0,storytime
performative,0,storytime
performative,0,storytime
performative,0,storytime
performative,0,storytime
performative,0,storytime
performative,0,storytime
performative,0,storytime
performative,0,storytime
no_child,0,event coverage
performative,0,challenge
performative,0,unboxing
performative,0,challenge
performative,0,challenge
organic,0,milestone
performative,0,toy_play
performance,0,challenge
performative,0,challenge
performative,0,challenge
performative,0,challenge
performative,0,birthday
organic,0,challenge
organic,0,milestone
performative,0,storytime
performative,0,storytime
no_child,0,other
performative,0,game
performative,0,storytime
organic,0,milestone
performative,0,stunts
performative,0,milestone
performative,0,game
performative,0,game
performative,0,action
performative,0,action
organic,0,milestone
organic,0,milestone
performative,0,milestone
organic,0,milestone
no_child,0,other
organic,0,milestone
performative,0,drama
performative,0,drama
performative,0,milestone
performative,0,challenge
organic,0,milestone
organic,0,milestone
organic,0,milestone
organic,0,milestone
performative,0,reaction
performative,0,milestone
performative,0,storytime
performative,0,storytime
performative,0,storytime
performative,0,storytime
organic,0,milestone
performative,0,storytime
no_child,0,storytime
no_child,0,storytime
no_child,0,travel
no_child,1,storytime
no_child,0,storytime
no_child,0,storytime
no_child,0,storytime
no_child,0,storytime
no_child,0,storytime
no_child,0,storytime
no_child,0,storytime
no_child,0,storytime
performative,0,challenge
ambiguous,0,other
ambiguous,0,drama
organic,0,milestone
ambiguous,0,reaction
performative,0,toy_play
organic,0,milestone
performative,0,unboxing
ambiguous,0,reaction
performative,0,reaction
ambiguous,0,reaction
performative,1,medical
organic,0,announcement
organic,0,reaction
either,0,storytime
performative,0,unboxing
organic,0,milestone
performative,0,toy_play
organic,0,milestone
ambiguous,0,travel
performative,0,sports
performative,1,medical
organic,1,medical
organic,0,milestone
organic,0,travel
organic,0,travel
organic,0,milestone
organic,0,reaction
performative,0,unboxing
organic,0,milestone
organic,0,milestone
organic,0,milestone
performative,0,unboxing
performative,0,storytime
organic,0,milestone
organic,0,milestone
performative,0,challenge
performative,0,game
performative,0,milestone
performative,0,storytime
performative,1,medical
organic,0,milestone
organic,0,milestone
organic,0,milestone
performative,0,roleplay
organic,0,milestone
organic,0,milestone
organic,0,milestone
ambiguous,0,other
ambiguous,0,other
ambiguous,0,other
ambiguous,0,other
organic,0,vlog
organic,0,reaction
performative,0,roleplay
performative,0,game
organicc,0,storytime
performative,0,storytime
organicc,0,vlog
performative,0,reaction
organic,0,storytime
organicc,0,storytime
organicc,0,milestone
organicc,0,toy_play
performative,0,challenge
performative,0,milestone
performative,0,superhero
organic,0,storytime
organicc,0,milestone
no_child,0,milestone
unboxing,0,unboxing
performative,0,scare/fear
performative,0,storytime
performative,1,music_dance
performative,0,storytime
organicc,0,game
organicc,0,vlog
performative,0,storytime
organic,0,vlog
organicc,0,holiday/seasonal
organicc,0,unboxing
organicc,0,storytime
organic,0,travel
organicc,0,holiday/seasonal
organicc,0,reaction
organicc,0,storytime
performative,1,game
performative,0,reaction
performative,0,music_dance
organicc,0,seasonal
organicc,0,storytime
no_child,0,holiday/seasonal
performative,0,challenge
performative,0,storytime
organicc,0,unboxing
organicc,0,holiday/seasonal
organicc,0,storytime
organicc,0,travel
organicc,0,storytime
performative,0,storytime
performative,1,medical
organicc,0,milestone
organic,0,vlog
organic,0,reaction
performative,0,storytime
performative,0,unboxing
performative,0,storytime
performative,0,cooking
organic,0,milestone
organic,0,milestone
performative,0,milestone
performative,0,travel
performative,1,storytime
organic,0,milestone
performative,0,milestone
performative,0,storytime
performative,0,storytime
performative,0,storytime
organic,0,tutorial
performative,0,milestone
performative,0,storytime
performative,0,storytime
performative,0,storytime
performative,0,storytime
performative,1,other
performative,0,storytime
performative,0,storytime
performative,0,challenge
performative,0,challenge
performative,0,challenge
performative,0,challenge
performative,0,challenge
performative,0,challenge
performative,0,challenge
performative,0,challenge
performative,0,challenge
performative,0,challenge
performative,0,challenge
performative,0,challenge
performative,0,challenge
performative,0,challenge
performative,0,challenge
performative,0,challenge
performative,0,challenge
performative,0,challenge
performative,0,challenge
performative,0,challenge
performative,0,challenge
performative,0,challenge
performative,0,challenge
performative,0,challenge
performative,0,challenge
organic,0,vlog
organic,0,vlog
organic,0,vlog
performative,0,science_experiments
performative,0,reaction
performative,0,training
performative,0,question
performative,0,challenge
performative,1,challenge
performative,1,drama
performative,0,reaction
performative,0,toy_play
performative,0,storytime
performative,0,toy_play
performative,0,storytime
performative,0,challenge
performative,0,prank
performative,0,drama
performative,1,drama
organic,0,vlog
performative,1,drama
performative,1,drama
performative,0,challenge
performative,0,challenge
organic,0,storytime
organic,0,storytime
no_child,0,milestone
organic,0,storytime
organic,0,storytime
organic,0,storytime
organic,0,storytime
organic,0,travel
performative,0,toy_play
performative,0,toy_play
performative,0,craft
organic,0,travel
performative,1,drama
performative,0,challenge
performative,0,challenge
performative,0,challenge
performative,0,challenge
performative,1,drama
performative,0,storytime
performative,0,storytime
performative,0,storytime
performative,0,storytime
organic,0,milestone
ambiguous,0,other
ambiguous,0,other
ambiguous,0,other
organic,0,vlog
organic,0,vlog
organic,0,vlog
organic,0,vlog
organic,0,vlog
organic,0,vlog
organic,0,vlog
organic,0,vlog
organic,0,vlog
performative,0,dance
performative,0,toy_play
performative,0,reaction
organica,0,milestone
performative,0,kissy
unboxing,0,unboxing
performative,0,dialogue
performative,0,reaction
organic,0,milestone
performative,0,reaction
performative,0,challenge
performative,0,gymnastics
performative,1,drama
performative,1,drama
performative,0,challenge
performative,0,challenge
performative,0,unboxing
performative,0,reaction
performative,0,travel
performative,0,travel
performative,1,medical
organica,0,travel
performative,0,travel
performative,0,travel
performative,0,travel
performative,1,reaction
performative,1,drama
performative,0,challenge
organica,0,travel
performative,0,milestone
organica,0,milestone
performative,0,milestone
performative,0,milestone
performative,0,milestone
performative,0,milestone
performative,0,milestone
performative,0,milestone
performative,0,milestone
ambiguous,0,other
ambiguous,0,other
ambiguous,0,other
organic,0,vlog
performative,0,science_experiments
performative,0,storytime
performative,0,storytime
organic,0,milestone
performative,0,vlog
performative,0,vlog
organic,0,milestone
performative,0,storytime
organic,0,play
organic,0,vlog
performative,0,challenge
performative,0,food
organic,0,milestone
organic,0,milestone
organic,0,storytime
performative,0,search
performative,0,storytime
performative,0,health
performative,0,announcement
organic,0,milestone
performative,0,reaction
performative,0,challenge
performative,0,beauty
performative,1,medical
performative,0,challenge
performative,0,challenge
performative,0,challenge
performative,0,storytime
performative,0,science_experiments
performative,0,storytime
performative,0,storytime
performative,0,storytime
performative,0,storytime
performative,0,storytime
performative,0,storytime
performative,0,storytime
performative,0,storytime
performative,0,storytime
performative,0,storytime
performative,0,storytime
performative,0,storytime
performative,0,storytime
performative,0,storytime
performative,0,storytime
performative,0,storytime
performative,0,storytime
performative,0,storytime
performative,0,storytime
performative,0,storytime
organic,0,vlog
performative,0,storytime
performative,0,music_dance
performative,0,challenge
organic,0,medical
performative,0,storytime
performative,0,game
performative,0,work
organic,0,travel
performative,0,reaction
performative,0,drama
performative,0,milestone
performative,0,challenge
performative,0,toy_play
performative,0,storytime
performative,0,challenge
performative,0,challenge
performative,0,milestone
organic,0,storytime
performative,0,storytime
performative,0,storytime
performative,0,storytime
performative,0,storytime
performative,0,storytime
performative,0,storytime
performative,0,storytime
performative,0,storytime
performative,0,storytime
performative,0,storytime
performative,0,storytime
performative,0,storytime
performative,0,storytime
performative,0,fashion
performative,0,music_dance
performative,0,drama
performative,0,storytime
performative,0,drama
performative,0,reaction
performative,0,storytime
no_child,0,other
performative,0,storytime
performative,0,music_dance
performative,0,challenge
performative,0,fashion
performative,0,drama
performative,0,storytime
performative,0,challenge
performative,0,storytime
performative,0,storytime
organicc,0,milestone
organic,0,vlog
performative,0,storytime
organic,0,milestone
organic,0,storytime
performative,0,toy_play
performative,0,mail_unboxing
organic,0,milestone
organic,0,milestone
performative,0,lifestyle
performative,1,storytime
performative,0,music_dance
performative,0,reaction
organic,0,milestone
organic,0,milestone
performative,0,vlog
performative,1,storytime
organic,0,boredom
organic,0,storytime
performative,0,storytime
performative,0,character
performative,0,toy_play
performative,0,toy_play
performative,0,toy_play
performative,0,toy_play
performative,0,toy_play
performative,0,toy_play
organic,0,milestone
performative,0,reaction
performative,0,reaction
performative,0,reaction
performative,0,storytime
performative,0,toy_play
performative,0,reaction
performative,0,reaction
performative,0,reaction
performative,0,reaction
performative,0,reaction
performative,0,reaction
performative,0,reaction
performative,0,reaction
performative,0,reaction
performative,0,reaction
performative,0,reaction
ambiguous,0,other
ambiguous,0,other
ambiguous,0,other
ambiguous,0,other
ambiguous,0,other
ambiguous,0,other
ambiguous,0,other
organic,0,storytime
organic,0,storytime
performative,1,drama
organic,0,storytime
performative,0,drama
performative,0,challenge
performative,0,challenge
performative,0,reaction
performative,1,drama
performative,0,storytime
performative,0,challenge
performative,0,game
performative,0,storytime
organic,0,storytime
organic,0,storytime
organic,0,storytime
no_child,0,other
no_child,0,other
no_child,0,other
performative,0,challenge
performative,0,challenge
performative,0,challenge
performative,0,challenge
performative,0,challenge
performative,0,challenge
performative,0,challenge
performative,0,challenge
performative,0,storytime
performative,0,storytime
organisic,0,other
performative,0,storytime
performative,0,storytime
performative,0,storytime
organic,0,storytime
organic,0,storytime
no_child,0,other
performative,1,drama
performative,0,challenge
organic,0,storytime
organic,0,storytime
organic,0,storytime
performative,0,storytime
performative,0,storytime
no_child,0,other
no_child,0,other
no_child,0,other
ambiguous,0,other
ambiguous,0,other
ambiguous,0,other
ambiguous,0,other
organic,0,game
no_child,0,reaction
no_child,0,vlog
no_child,0,reaction
no_child,0,music_dance
organic,1,medical
no_child,0,drama
performative,0,toy_play
performative,1,threat
performative,1,complaint
organic,0,milestone
performative,0,drama
performative,0,roleplay
performative,0,storytime
no_child,0,milestone
no_child,0,storytime
no_child,0,reaction
no_child,0,reaction
no_child,0,drama
no_child,0,storytime
no_child,0,reaction
no_child,0,reaction
no_child,0,reaction
no_child,0,milestone
no_child,0,milestone
no_child,0,challenge
performative,0,drama
performative,1,drama
no_child,0,game
performative,0,prank
performative,1,crying
no_child,0,toy_play
no_child,0,storytime
performative,0,challenge
performative,0,challenge
performative,1,drama
no_child,0,toy_play
performative,1,conflict
no_child,0,storytime
no_child,0,storytime
no_child,0,storytime
performative,0,milestone
no_child,0,reaction
performative,0,storytime
no_child,0,vlog
no_child,0,halloween
performative,0,trick-or-treat
ambiguous,0,other
ambiguous,0,other
ambiguous,0,other
organic,0,milestone
organic,0,milestone
organic,0,storytime
organic,0,storytime
organic,0,storytime
organic,0,music_dance
organic,0,storytime
organic,0,toy_play
organic,0,craft
organic,0,fashion_show
organic,0,activity
organic,0,storytime
organic,0,animal
organic,0,storytime
organic,0,animal
organic,0,vlog
organic,0,animal
organic,0,vlog
organic,0,lifestyle
organic,0,reaction
organic,0,shopping
performative,0,challenge
organic,0,reaction
organic,0,mail
organic,0,storytime
organic,0,vlog
organic,0,lifestyle
organic,0,challenge
organic,0,lifestyle
organic,0,science_experiment
organic,0,vlog
organic,0,animal
organic,0,reaction
performative,0,challenge
organic,0,reaction
performative,0,drama
organic,0,storytime
performative,0,storytime
organic,0,storytime
organic,0,storytime
organinc,0,storytime
organic,0,animal
organic,0,storytime
organic,0,storytime
organic,0,mystery
organic,0,reaction
ambiguous,0,other
ambiguous,0,other
ambiguous,0,other
ambiguous,0,other
organic,0,milestone
performative,0,prank
performative,0,horror/creepy
organic,0,milestone
performative,0,toy_play
performative,0,horror/creepy
performative,0,sports
performative,0,challenge
organic,0,birthday
organic,0,haul
performative,0,reaction
performative,0,storytime
performative,0,storytime
organic,0,milestone
performative,0,exercise
performative,0,drama
performative,0,attitude
organic,0,milestone
organic,0,milestone
performative,0,milestone
performative,0,adventure
performative,0,roleplay
performative,0,roleplay
organic,0,haul
performative,0,drama
performative,1,reaction
performative,1,drama
performative,0,storytime
organic,0,milestone
performative,1,challenge
performative,0,safety
performative,0,dialogue
performative,0,storytime
performative,0,storytime
performative,0,challenges
performative,0,game
performative,0,game
performative,1,drama
performative,0,vlog
performative,1,drama
performative,0,science
performative,0,milestone
performative,0,reaction
performative,0,challenge
performative,0,other
performative,0,misc
performative,0,challenge
performative,0,game
performative,0,misc
ambiguous,0,other
organic,0,storytime
organic,0,storytime
organic,0,reaction
organic,0,storytime
organic,0,reaction
performative,0,storytime
performative,0,storytime
performative,0,storytime
performative,0,milestone
performative,0,storytime
performative,0,storytime
organics,0,travel
organics,0,travel
organics,0,vlog
performative,1,storytime
organics,0,room_tour
organics,0,storytime
performative,0,food
performative,1,storytime
performative,0,reaction
performative,1,storytime
performative,0,science_experiments
performative,0,storytime
performative,0,animals
performative,0,science_experiments
performative,0,storytime
organics,0,reaction
performative,0,music_dance
performative,0,reaction
performative,0,science_experiments
performative,0,storytime
organics,0,travel
organics,0,storytime
performative,0,science_experiments
performative,0,music_dance
organics,0,finding_treasures
performative,0,human_tower
organics,0,event
performative,1,prank
performative,0,storytime
performative,0,storytime
performative,1,storytime
organics,0,easter_hunt
performative,1,storytime
performative,1,storytime
performative,0,contest
performative,0,music_dance
ambiguous,0,other
ambiguous,0,other
ambiguous,0,other
organic,0,vlog
organic,0,storytime
organic,0,storytime
organic,0,milestone
organic,0,storytime
organic,0,vlog
organic,0,storytime
organic,1,storytime
organic,0,toy_play
organic,0,holiday
organic,0,milestone
organic,0,milestone
performative,1,storytime
performative,0,music_dance
performative,1,storytime
organic,0,holiday
organic,0,storytime
organic,0,storytime
organic,0,wishlist
performative,0,reaction
organic,0,cooking
performative,0,storytime
performative,1,toy_play
performative,0,craft
performative,0,craft
performative,0,holiday
performative,0,storytime
performative,0,storytime
performative,1,storytime
performative,0,video_game
performative,0,storytime
performative,1,storytime
performative,0,challenge
performative,0,challenge
performative,1,drama
performative,0,challenge
performative,0,game
performative,0,challenge
performative,0,challenge
performative,0,challenge
performative,0,challenge
performative,0,challenge
performative,1,challenge
organic,0,vlog
performative,0,storytime
performative,0,challenge
performative,0,challenge
performative,1,storytime
organic,0,tour
ambiguous,0,other
organice,0,storytime
performative,0,talent
performative,0,question
performative,0,prank
performative,0,challenge
performative,0,prank
organic,0,vlog
performative,0,challenge
organic,0,question
performative,0,contest
organice,0,question
performative,0,fight
organice,0,question
performative,0,contest
organice,0,question
performative,0,fight
performative,0,fight
organice,0,milestone
performative,0,milestone
organice,0,milestone
performative,0,challenge
performative,0,storytime
organice,0,challenge
performative,0,challenge
organice,0,question
performative,0,challenge
organice,0,challenge
performative,0,challenge
performative,0,challenge
performative,0,storytime
performative,0,prank
performative,0,reaction
performative,0,challenge
performative,0,challenge
performative,0,challenge
performative,0,challenge
organice,0,milestone
organice,0,milestone
organice,0,milestone
performative,0,challenge
performative,0,challenge
performative,0,challenge
performative,0,challenge
performative,0,challenge
performative,0,challenge
performative,0,challenge
performative,0,challenge
performative,0,vlog
organic,0,vlog
ambiguous,0,other
organic,0,vlog
organic,0,storytime
organic,0,vlog
no_child,0,other
performative,0,reaction
performative,0,reaction
performative,0,reaction
performative,0,reaction
performative,0,reaction
performative,0,reaction
performative,0,reaction
performative,0,reaction
performative,0,reaction
performative,0,reaction
performative,0,reaction
performative,0,prank
organic,0,vlog
organic,0,other
organic,0,travel
no_child,0,other
organic,0,storytime
organic,0,travel
organic,0,storytime
no_child,0,other
organic,0,milestone
performative,0,reaction
performative,0,reaction
performative,0,reaction
performative,0,reaction
organic,0,travel
performative,0,reaction
performative,0,reaction
organic,0,storytime
organic,0,travel
no_child,0,other
organic,0,travel
organic,0,storytime
organic,0,travel
performative,1,reaction
performative,0,reaction
performative,0,reaction
performative,0,reaction
performative,0,reaction
performative,0,reaction
performative,0,reaction
performative,1,reaction
performative,1,reaction
performative,1,reaction
performative,0,reaction
performative,0,travel
performative,0,challenge
performative,0,challenge
performative,0,reaction
performative,0,reaction
performative,0,reaction
performative,0,reaction
performative,0,reaction
performative,0,reaction
performative,0,reaction
performative,0,reaction
performative,0,reaction
performative,0,reaction
performative,0,milestone
performative,0,reaction
performative,0,reaction
performative,0,reaction
performative,0,reaction
performative,0,reaction
performative,0,reaction
performative,0,reaction
performative,0,reaction
performative,0,reaction
performative,0,reaction
performative,0,reaction
performative,0,reaction
performative,0,reaction
performative,0,reaction
performative,0,reaction
performative,0,reaction
performative,0,reaction
performative,0,reaction
performative,0,reaction
performative,0,reaction
performative,0,reaction
performative,0,reaction
performative,0,reaction
performative,0,reaction
performative,0,reaction
performative,0,reaction
performative,1,reaction
performative,0,reaction
performative,0,reaction
performative,0,reaction
performative,1,reaction
performative,0,reaction
performative,0,reaction
performative,0,reaction
performative,0,reaction
performative,0,reaction
performative,0,reaction
performative,0,reaction
performative,0,reaction
performative,0,reaction
performative,0,reaction
performative,0,reaction
performative,0,reaction
performative,0,reaction
performative,0,reaction
performative,0,reaction
performative,0,reaction
organic,0,milestone
organic,0,milestone
performative,0,challenge
performative,0,reaction
no_child,0,other
performative,0,puzzle
performative,0,reaction
performative,0,reaction
performative,1,prank
performative,1,reaction
performative,0,challenge
performative,0,game
performative,0,reaction
performative,0,challenge
performative,0,reaction
performative,0,reaction
performative,0,challenge
performative,0,challenge
performative,0,reaction
performative,1,reaction
performative,0,game
performative,0,reaction
performative,0,reaction
performative,0,reaction
performative,0,reaction
performative,0,reaction
performative,0,challenge
performative,0,prank
performative,0,other
performative,0,prank
performative,0,reaction
ambiguous,0,other
ambiguous,0,other
ambiguous,0,other
ambiguous,0,other
ambiguous,0,other
ambiguous,0,other
ambiguous,0,other
ambiguous,0,other
ambiguous,0,other
no_child,0,reaction
no_child,0,reaction
no_child,0,comparison
performative,0,storytime
performative,0,storytime
organic,0,milestone
no_child,0,reaction
no_child,0,reaction
no_child,0,comparison
no_child,0,reaction
no_child,0,reaction
no_child,0,reaction
no_child,0,milestone
no_child,0,storytime
no_child,0,reaction
no_child,0,reaction
no_child,0,reaction
no_child,0,reaction
no_child,0,reaction
no_child,0,reaction
no_child,0,reaction
no_child,0,reaction
no_child,0,reaction
no_child,0,reaction
performative,0,reaction
no_child,0,reaction
no_child,0,reaction
no_child,0,reaction
no_child,0,reaction
no_child,0,reaction
no_child,0,reaction
no_child,0,reaction
no_child,0,reaction
no_child,0,reaction
no_child,0,reaction
no_child,0,reaction
no_child,0,reaction
no_child,0,reaction
performative,0,storytime
no_child,0,reaction
no_child,0,reaction
no_child,0,reaction
no_child,0,reaction
no_child,0,reaction
no_child,0,reaction
ambiguous,0,other
ambiguous,0,other
ambiguous,0,other
ambiguous,0,other
ambiguous,0,other
no_child,0,vlog
no_child,0,reaction
no_child,0,reaction
no_child,0,reaction
performative,0,drama
performative,0,challenge
performative,0,challenge
performative,0,prank
no_child,0,live stream
no_child,0,storytime
performative,0,milestone
no_child,0,reaction
performative,0,reaction
no_child,0,reaction
no_child,0,reaction
no_child,0,milestone
no_child,0,travel
no_child,0,reaction
no_child,0,milestone
no_child,0,travel
no_child,0,milestone
no_child,0,reaction
no_child,1,reaction
no_child,0,reaction
no_child,1,storytime
no_child,0,storytime
no_child,0,reaction
no_child,0,milestone
no_child,0,travel
no_child,0,travel
no_child,0,vlog
no_child,0,reaction
no_child,0,reaction
no_child,0,challenge
no_child,0,challenge
no_child,0,reaction
no_child,0,milestone
no_child,0,reaction
no_child,0,storytime
no_child,0,reaction
no_child,0,storytime
no_child,0,reaction
no_child,1,storytime
no_child,0,reaction
no_child,0,reaction
no_child,0,reaction
no_child,0,reaction
performative,0,reaction
no_child,0,reaction
no_child,0,reaction
performative,0,reaction
organic,0,reaction
performative,0,reaction
performative,0,reaction
performative,0,reaction
performative,0,reaction
performative,0,reaction
performative,0,reaction
performative,1,reaction
performative,0,reaction
performative,1,reaction
performative,0,reaction
performative,0,reaction
performative,0,reaction
performative,0,reaction
performative,0,reaction
performative,0,reaction
performative,1,reaction
performative,0,reaction
performative,0,reaction
performative,1,reaction
organic,0,travel
performative,0,challenge
performative,0,challenge
performative,0,reaction
performative,0,reaction
performative,0,reaction
performative,0,reaction
performative,0,reaction
performative,0,reaction
performative,0,reaction
performative,0,reaction
performative,0,reaction
performative,0,reaction
performative,0,reaction
organ…,0,milestone
performative,0,reaction
performative,0,reaction
performative,0,reaction
performative,0,reaction
performative,1,reaction
performative,0,reaction
performative,0,reaction
performative,0,reaction
performative,0,reaction
performative,0,reaction
no_child,0,other
ambiguous,0,other
ambiguous,0,other
ambiguous,0,other
no_child,0,reaction
organic,0,travel
performative,0,reaction
performative,1,reaction
organic,0,milestone
performative,0,challenge
performative,0,reaction
performative,0,reaction
performative,1,reaction
performative,0,toy_play
performative,0,storytime
performative,0,storytime
performative,0,challenge
performative,0,challenge
performative,0,challenge
performative,0,challenge
performative,0,milestone
performative,0,challenge
performative,1,reaction
performative,1,reaction
performative,0,toy_play
performative,0,toy_play
performative,0,challenge
performative,0,challenge
performative,0,challenge
performative,0,challenge
performative,0,milestone
performative,0,challenge
performative,0,milestone
performative,1,milestone
performative,1,milestone
performative,0,challenge
performative,0,reaction
performative,0,milestone
performative,0,travel
performative,0,reaction
performative,0,storytime
performative,1,reaction
performative,1,reaction
performative,0,reaction
performative,1,reaction
performative,1,reaction
performative,1,reaction
performative,0,reaction
performative,1,reaction
performative,0,reaction
ambiguous,0,other
ambiguous,0,other
ambiguous,0,other
ambiguous,0,other
organic,0,vlog
organic,0,challenge
organic,0,food_review
performative,0,challenge
organic,0,challenge
performative,0,toy_play
performative,0,drama
performative,0,challenge
performative,0,question
performative,1,drama
performative,0,gaming
performative,0,advice
organic,0,milestone
organic,0,party
performative,0,game
performative,0,challenge
performative,0,challenge
performative,0,talent
performative,0,challenge
performative,0,travel
performative,0,review
performative,0,challenge
performative,0,challenge
performative,0,comparison
organic,0,milestone
performative,0,drama
performative,0,challenge
organic,0,milestone
performative,0,reaction
performative,0,travel
organic,0,challenge
organic,0,travel
performative,0,challenge
performative,0,challenge
performative,0,challenge
performative,0,talent
performative,0,challenge
performative,0,reaction
performative,0,challenge
organice,0,travel
performative,0,drama
performative,1,challenge
performative,0,drama
performative,0,challenge
performative,1,challenge
performative,0,challenge
ambiguous,0,other
ambiguous,0,other
ambiguous,0,other
ambiguous,0,other
performative,0,milestone
performative,0,music_dance
performative,1,challenge
performative,0,reaction
performative,0,game
performative,0,tutorial
organicc,0,vlog
organicc,0,milestone
performative,1,challenge
performative,0,feat
performative,0,reaction
performative,1,storytime
performative,0,storytime
performative,0,storytime
performative,0,storytime
performative,1,challenge
organicc,0,milestone
organicc,0,milestone
organicc,0,milestone
performative,0,storytime
performative,0,storytime
performative,0,challenge
performative,0,challenge
performative,0,challenge
performative,0,challenge
performative,1,challenge
performative,1,storytime
performative,0,storytime
performative,0,challenge
performative,0,challenge
performative,0,prank
performative,0,challenge
organicc,0,storytime
performative,0,storytime
performative,0,milestone
performative,0,challenge
performative,1,reaction
performative,0,reaction
performative,0,challenge
performative,1,drama
performative,1,challenge
performative,1,storytime
performative,1,challenge
performative,0,storytime
performative,0,milestone
performative,0,storytime
ambiguous,0,other
ambiguous,0,other
ambiguous,0,other
ambiguous,0,other
organic,0,milestone
performative,0,challenge
performative,0,challenge
performative,0,drama
performative,0,milestone
performative,0,challenge
performative,1,drama
performative,0,milestone
performative,0,game
performative,0,drama
performative,0,prank
performative,0,challenge
performative,0,challenge
performative,0,travel
performative,0,game
performative,0,prank
performative,1,drama
performative,0,milestone
organic,0,milestone
organic,0,milestone
performative,1,vlog
performative,1,drama
performative,1,milestone
performative,1,drama
performative,1,medical
performative,0,challenge
performative,1,drama
performative,0,romance
performative,0,milestone
performative,0,milestone
performative,0,reaction
performative,0,challenge
performative,1,drama
performative,0,reaction
performative,1,drama
performative,1,drama
performative,1,milestone
performative,0,drama
performative,0,challenge
performative,1,drama
performative,0,romance
performative,1,drama
performative,0,challenge
performative,1,drama
performative,0,romance
performative,0,milestone
performative,1,drama
performative,1,drama
performative,1,milestone
performative,0,milestone
organic,0,vlog
ambiguous,1,reaction
performative,0,roleplay
organic,1,vlog
organic,0,reaction
performative,0,reaction
performative,0,reaction
organic,1,reaction
performative,0,prank
performative,1,drama
performative,1,reaction
organic,0,vlog
performative,0,milestone
performative,0,reaction
performative,0,milestone
organic,0,reaction
performative,0,reaction
performative,0,reaction
organ meantime,0,milestone
performative,0,reaction
performative,0,prank
performative,0,reaction
performative,0,reaction
performative,0,reaction
performative,0,reaction
performative,0,reaction
performative,0,reaction
performative,1,storytime
performative,0,drama
performative,1,prank
performative,0,reaction
performative,0,reaction
performative,0,reaction
performative,0,reaction
performative,0,reaction
performative,0,reaction
performative,1,reaction
performative,0,reaction
performative,1,prank
performative,0,reaction
performative,0,reaction
performative,1,reaction
performative,0,reaction
performative,0,reaction
performative,0,reaction
performative,1,reaction
ambiguous,0,other
ambiguous,0,other
ambiguous,0,other
ambiguous,0,other
organic,0,storytime
performative,1,prank
performative,0,challenge
performative,1,prank
performative,0,milestone
performative,1,challenge
performative,0,reaction
performative,1,prank
performative,1,milestone
performative,0,challenge
performative,0,prank
performative,0,music_dance
performative,0,medical
performative,0,challenge
performative,0,challenge
performative,0,milestone
performative,0,challenge
performative,0,challenge
performative,0,challenge
performative,0,challenge
performative,1,challenge
performative,1,challenge
performative,0,reaction
performative,0,challenge
performative,0,storytime
performative,0,challenge
performative,0,milestone
performative,0,reaction
performative,0,music_dance
performative,0,music_dance
performative,0,reaction
performative,0,challenge
performative,0,roleplay
organikc,0,milestone
performative,0,reaction
performative,0,reaction
performative,0,drama
performative,0,reaction
performative,0,storytime
performative,0,music_dance
performative,0,reaction
performative,1,reaction
performative,0,milestone
performative,0,storytime
performative,0,challenge
performative,0,reaction
performative,0,challenge
performative,1,prank
performative,0,storytime
performative,1,reaction
performative,0,challenge
performative,0,challenge
performative,0,challenge
performative,0,storytime
performative,0,challenge
performative,0,challenge
performative,0,reaction
performative,0,game
organic,0,storytime
performative,0,music_dance
performative,0,challenge
performative,0,reaction
organic,0,milestone
performative,0,challenge
performative,0,parody
organic,0,challenge
performative,0,challenge
performative,0,challenge
performative,0,challenge
performative,0,challenge
performative,0,challenge
performative,0,challenge
performative,0,challenge
performative,0,challenge
performative,0,challenge
performative,0,reaction
performative,0,challenge
performative,0,challenge
performative,0,challenge
performative,0,challenge
performative,0,challenge
performative,0,challenge
performative,0,challenge
performative,0,challenge
performative,0,game
performative,0,challenge
performative,0,challenge
performative,0,challenge
performative,0,challenge
performative,0,reaction
performative,0,game
performative,0,challenge
performative,0,milestone
performative,0,reaction
performative,0,challenge
performative,0,game
performative,0,reaction
performative,0,challenge
performative,0,challenge
performative,0,storytime
no_child,0,reaction
no_child,0,reaction
no_child,0,reaction
no_child,0,reaction
performative,0,challenge
performative,0,vlog
no_child,0,reaction
no_child,0,reaction
no_child,0,reaction
no_child,0,reaction
no_child,0,reaction
no_child,0,reaction
no_child,0,reaction
performative,0,reaction
no_child,0,reaction
no_child,0,reaction
no_child,0,reaction
no_child,0,music_dance
no_child,0,reaction
no_child,0,reaction
no_child,0,reaction
no_child,0,music_dance
no_child,0,reaction
performative,0,challenge
performative,0,challenge
no_child,0,challenge
no_child,0,reaction
no_child,0,reaction
no_child,0,reaction
no_child,0,reaction
no_child,0,reaction
performative,0,challenge
performative,0,reaction
no_child,0,reaction
no_child,0,reaction
no_child,0,reaction
no_child,0,reaction
no_child,0,reaction
no_child,0,reaction
performative,0,challenge
no_child,0,announcement
no_child,0,other
no_child,0,milestone
no_child,0,reaction
no_child,0,reaction
no_child,0,music_dance
performative,0,challenge
no_child,0,reaction
no_child,1,reaction
no_child,0,announcement
no_child,0,reaction
no_child,0,reaction
no_child,0,reaction
no_child,0,storytime
no_child,0,reaction
no_child,0,storytime
no_child,0,challenge
no_child,0,storytime
no_child,0,reaction
no_child,0,storytime
no_child,0,reaction
no_child,0,reaction
no_child,0,vlog
no_child,0,storytime
no_child,0,storytime
no_child,0,storytime
no_child,0,storytime
no_child,0,storytime
no_child,0,storytime
no_child,0,storytime
no_child,0,reaction
no_child,0,storytime
no_child,0,storytime
no_child,0,storytime
no_child,0,storytime
no_child,0,storytime
no_child,0,storytime
no_child,0,storytime
no_child,0,trailers
no_child,0,reaction
no_child,0,storytime
no_child,0,reaction
no_child,0,storytime
no_child,0,challenge
no_child,0,reaction
no_child,0,vlog
no_child,0,reaction
no_child,0,reaction
no_child,0,reaction
no_child,0,reaction
no_child,0,reaction
no_child,0,reaction
no_child,0,reaction
no_child,0,reaction
no_child,0,reaction
no_child,0,reaction
child,0,storytime
no_child,0,reaction
no_child,0,trailers
no_child,0,reaction
performative,0,other
organic,0,milestone
organic,0,travel
performative,0,storytime
performative,0,reaction
organic,0,milestone
performative,0,storytime
organic,0,milestone
organic,0,vlog
organic,0,milestone
performative,0,storytime
performative,0,roleplay
performative,0,roleplay
performative,0,storytime
performative,0,reaction
performative,0,prank
performative,0,challenge
organic,0,reaction
performative,0,reaction
organic,0,reaction
organic,0,milestone
performative,0,challenge
performative,0,challenge
performative,0,diy
performative,0,reaction
performative,0,storytime
organic,0,storytime
performative,0,vlog
performative,0,storytime
organic,0,milestone
performative,0,reaction
performative,0,challenge
organic,0,milestone
organic,0,holiday
organic,0,holiday
performative,0,diy
performative,0,drama
performative,0,reaction
performative,0,storytime
performative,0,prank
performative,0,reaction
performative,0,storytime
organic,0,milestone
performative,0,travel
organic,0,milestone
ambiguous,0,other
ambiguous,0,other
ambiguous,0,other
ambiguous,0,other
ambiguous,0,other
organic,0,vlog
performative,0,challenge
performative,0,tutorial
performative,0,storytime
organic,0,milestone
performative,0,storytime
organic,0,milestone
performative,0,storytime
organic,0,storytime
organic,0,vlog
organic,0,milestone
performative,0,storytime
organic,0,milestone
organic,0,milestone
organic,0,storytime
organic,0,vlog
performative,0,challenge
performative,0,milestone
performative,0,reaction
organic,0,reaction
performative,0,vlog
performative,0,reaction
performative,0,storytime
performative,0,challenge
performative,0,challenge
performative,0,challenge
performative,0,challenge
performative,0,challenge
performative,0,reaction
performative,0,challenge
performative,0,challenge
performative,0,challenge
performative,0,music_dance
performative,0,reaction
performative,0,challenge
performative,0,reaction
performative,0,challenge
performative,0,challenge
performative,0,reaction
performative,0,reaction
performative,0,challenge
performative,0,milestone
performative,0,challenge
performative,0,storytime
performative,0,challenge
performative,0,reaction
performative,0,challenge
performative,0,music_dance
performative,0,challenge
performative,0,challenge
organic,0,vlog
performative,0,challenge
performative,0,storytime
performative,0,challenge
performative,0,game
performative,0,game
performative,0,challenge
performative,0,other
performative,0,challenge
organic,0,storytime
performative,0,game
performative,0,challenge
performative,0,milestone
performative,0,storytime
organic,0,milestone
organic,0,milestone
organic,0,milestone
performative,0,challenge
organic,0,milestone
performative,0,Q&A
performative,0,challenge
performative,0,challenge
performative,0,storytime
performative,0,cooking
performative,0,Q&A
performative,0,milestone
performative,0,challenge
performative,0,challenge
performative,0,milestone
performative,0,challenge
performative,0,cooking
performative,0,storytime
performative,0,milestone
performative,0,drama
performative,0,tutorial
performative,0,storytime
performative,0,storytime
performative,0,milestone
performative,0,storytime
performative,0,storytime
performative,0,challenge
performative,0,cooking
performative,0,cooking
performative,0,storytime
no_child,0,nursery rhymes
no_child,0,dance
no_child,0,reaction
no_child,0,drama
no_child,0,nursery rhymes
no_child,0,tutorial
organic,0,vlog
organic,0,music_dance
organic,0,vlog
organic,0,milestone
organic,0,vlog
organic,0,storytime
ambiguous,0,reaction
organic,0,milestone
performative,0,challenge
organic,0,milestone
organic,0,milestone
performative,0,music_dance
performative,0,music_dance
performative,0,storytime
performative,0,music_dance
performative,0,milestone
performative,0,reaction
performative,0,milestone
performative,0,storytime
performative,0,unboxing
organic,0,milestone
organic,0,music_dance
performative,0,music_dance
performative,0,storytime
performative,0,diy
performative,0,diy
performative,0,music_dance
performative,0,reaction
performative,0,game
organıc,0,music_dance
performative,0,milestone
performative,0,music_dance
performative,0,challenge
organıc,0,milestone
performative,1,music_dance
performative,0,music_dance
performative,0,reaction
performative,0,toy_play
performative,0,diy
performative,0,diy
performative,0,milestone
performative,0,storytime
performative,0,reaction
performative,1,music_dance
performative,0,reaction
performative,0,diy
performative,0,music_dance
performative,0,challenge
performative,0,music_dance
organıc,0,reaction
organic,0,vlog
organic,0,music_dance
performative,0,challenge
organic,0,music_dance
organic,0,music_dance
organic,0,educational
organic,0,milestone
performative,0,music_dance
performative,0,DIY
organic,0,music_dance
performative,0,game
organic,0,vlog
performative,0,DIY
performative,0,dance
organic,0,celebration
organic,0,music_dance
performative,0,music_dance
organic,0,music_dance
organic,0,storytime
performative,0,reaction
organic,0,milestone
performative,0,music_dance
performative,0,game
performative,0,DIY
performative,0,music_dance
performative,0,music_dance
performative,0,music_dance
performative,0,DIY
performative,0,music_dance
performative,0,music_dance
performative,0,music_dance
performative,0,music_dance
performative,0,drama
performative,1,drama
performative,0,music_dance
performative,0,storytime
performative,0,reaction
performative,0,challenge
performative,0,game
performative,0,DIY
performative,0,music_dance
performative,0,milestone
performative,0,reaction
performative,1,medical
performative,0,art
organıc,0,travel
performative,1,storytime
performative,0,drama
performative,0,other
ambiguous,0,other
organic,0,music_dance
performative,0,toy_play
performative,0,game
performative,0,game
organic,0,music_dance
performative,0,reaction
performative,0,music_dance
performative,0,music_dance
performative,0,craft
organic,0,storytime
performative,0,challenge
performative,0,toy_play
performative,0,lesson
performative,0,storytime
organic,0,milestone
performative,0,lesson
performative,0,challenge
performative,0,lullaby
performative,0,game
performative,0,storytime
performative,0,milestone
performative,0,lesson
performative,0,challenge
performative,0,milestone
performative,0,bath_time
performative,0,challenge
performative,0,storytime
performative,0,holiday
organic,0,milestone
performative,0,challenge
performative,0,milestone
performative,0,lesson
performative,1,storytime
performative,0,holiday
performative,0,milestone
performative,0,lesson
performative,0,reaction
performative,0,holiday
performative,0,storytime
performative,0,reaction
performative,0,milestone
performative,0,storytime
organic,0,holiday
performative,0,challenge
performative,0,game
performative,0,storytime
performative,0,holiday
performative,0,milestone
ambiguous,0,other
ambiguous,0,other
organic,0,music_dance
organic,0,announcement
organic,0,music_dance
performative,0,educational
organic,0,music_dance
performative,0,challenge
performative,0,prank
organic,0,music_dance
organic,0,storytime
organica,0,storytime
organic,0,education
organic,0,vlog
performative,0,art/crafts
performative,0,music_dance
organica,0,storytime
organica,0,storytime
organic,0,education
organica,0,music_dance
organica,0,music_dance
organic,0,education
organica,0,education
organica,0,education
organic,0,education
organic,0,music_dance
organica,0,music_dance
formal,0,music_dance
organic,0,education
organica,0,music_dance
organic,0,music_dance
organic,0,storytime
performative,0,storytime
performative,0,music_dance
organic,0,storytime
organic,0,education
performative,0,game
performative,0,storytime
organic,0,music_dance
organica,0,education
performative,0,toy_play
performative,0,toy_play
organic,0,music_dance
performative,0,storytime
no_child,0,music_dance
organica,0,storytime
performative,0,craft
performative,0,game
performative,0,toy_play
ambiguous,0,other
ambiguous,0,other
ambiguous,0,other
organic,0,music_dance
performative,0,toy_play
performative,0,costume_roleplay
organic,0,music_dance
performative,0,craft
performative,0,game
performative,0,music_dance
performative,0,drawing
performative,0,craft
organic,0,music_dance
performative,0,reaction
organic,0,podcast
performative,0,drawing
organic,0,game
performative,0,dance
performative,0,game
performative,0,craft
performative,0,drama
performative,0,toy_play
performative,0,music_dance
performative,0,toy_play
performative,0,music_dance
performative,0,music_dance
performative,1,dance
performative,0,craft
performative,0,music_dance
performative,0,music_dance
performative,0,music_dance
performative,0,toy_play
performative,0,game
performative,1,reaction
performative,0,music_dance
performative,0,toy_play
organic,0,music_dance
performative,0,craft
performative,0,music_dance
performative,0,storytime
performative,0,milestone
performative,0,challenge
performative,0,reaction
performative,1,drama
performative,0,milestone
organic,0,music_dance
performative,0,reaction
performative,0,toy_play
performative,0,vlog
performative,0,drawing
performative,0,music_dance
performative,0,music_dance
performative,0,reaction
organic,0,milestone
organic,0,milestone
organict,0,music_dance
organict,0,music_dance
performative,0,game
performative,0,game
organict,0,music_dance
organict,0,music_dance
performative,0,dance
performative,0,cooking
performative,0,music_dance
performative,0,toy_play
performative,0,milestone
performative,0,music_dance
organict,0,music_dance
organict,0,music_dance
performative,0,music_dance
organict,0,music_dance
organict,0,music_dance
performative,0,music_dance
performative,0,medical
performative,1,milestone
performative,0,music_dance
performative,0,music_dance
performative,0,milestone
performative,0,music_dance
performative,0,reaction
performative,0,environmental
performative,0,music_dance
performative,0,music_dance
performative,0,music_dance
performative,0,milestone
performative,0,game
performative,0,music_dance
performative,0,game
performative,0,milestone
performative,1,milestone
performative,1,milestone
performative,0,milestone
performative,0,milestone
performative,0,milestone
performative,1,milestone
performative,0,milestone
performative,0,milestone
performative,0,milestone
performative,0,milestone
performative,0,milestone
performative,0,milestone
performative,0,milestone
performative,0,milestone
organic,0,music_dance
organic,0,travel
organic,0,craft
organic,0,episode
organic,0,milestone
organic,0,challenge
organic,0,nursery_rhymes
organic,0,party
organic,0,nursery_rhymes
organic,0,cooking
organic,0,learning_game
organic,0,song
organic,0,nursery_rhymes
organic,0,learning_game
organic,0,cooking
organic,0,nursery_rhymes
organic,0,mystery
organic,0,nursery_rhymes
organic,0,puzzle
organic,0,craft
organic,0,nursery_rhymes
organic,0,nursery_rhymes
organic,0,bath_time
organic,0,learning_game
organic,0,learning_game
organic,0,craft
organic,0,learning_video
organic,0,nursery_rhymes
organic,0,learning_game
organic,0,nursery_rhymes
organic,0,nursery_rhymes
organic,0,nursery_rhymes
organic,0,learning_game
organic,0,challenge
organic,0,craft
organic,0,learning_game
organic,0,nursery_rhymes
organic,0,learning_game
organic,0,nursery_rhymes
organic,0,puzzle
organic,0,learning_game
organic,0,nursery_rhymes
organic,0,nursery_rhymes
organic,0,nursery_rhymes
organic,0,nursery_rhymes
organic,0,learning_game
organic,0,nursery_rhymes
organic,0,learning_game
organic,0,nursery_rhymes
organic,0,reaction
organic,0,game
organic,0,milestone
performative,0,toy_play
organic,0,vlog
performative,0,craft
performative,0,game
organic,0,nursery rhyme
performative,0,magic
organic,0,education
performative,0,game
organic,0,nursery rhyme
performative,0,cooking
organic,0,nursery rhyme
performative,0,challenge
organic,0,education
performative,0,birthday
performative,0,craft
performative,0,racing
performative,1,song
performative,1,song
performative,1,storytime
performative,0,nursery rhyme
performative,0,nursery rhyme
performative,0,toy_play
performative,0,craft
performative,1,song
performative,0,toy_play
performative,1,storytime
performative,0,game
performative,0,toy_play
performative,0,game
organic,0,nursery rhyme
performative,0,learning
performative,0,craft
performative,0,challenge
performative,1,storytime
performative,0,nursery rhyme
performative,1,storytime
performative,0,craft
performative,0,birthday
performative,1,storytime
performative,1,storytime
performative,0,craft
performative,0,milestone
performative,1,storytime
ambiguous,0,other
ambiguous,0,other
ambiguous,0,other
ambiguous,0,other
ambiguous,0,other
organic,0,nursery_rhyme
organic,0,nursery_rhyme
performative,0,toy_play
organic,0,nursery_rhyme
performative,0,toy_play
organic,0,sing_along
performative,0,craft
performative,0,nursery_rhyme
performative,0,dance
performative,0,game
organic,0,vlog
performative,0,nursery_rhyme
performative,0,quiz
organic,0,nursery_rhyme
performative,0,game
performative,0,puzzle
organic,1,drama
performative,0,cooking
performative,0,nursery_rhyme
performative,0,game
performative,0,matching_game
organic,0,nursery_rhyme
performative,0,birthday
performative,0,nursery_rhyme
performative,0,quiz
performative,0,nursery_rhyme
performative,0,craft
performative,0,storytime
performative,0,nursery_rhyme
performative,0,nursery_rhyme
performative,0,game
organic,0,gig
performative,1,drama
performative,0,toy_play
performative,0,nursery_rhyme
performative,0,game
performative,0,cooking
performative,0,craft
performative,0,nursery_rhyme
performative,0,nursery_rhyme
performative,0,nursery_rhyme
performative,0,nursery_rhyme
performative,0,nursery_rhyme
organice,0,nursery_rhyme
performative,1,drama
ambiguous,0,other
ambiguous,0,other
ambiguous,0,other
ambiguous,0,other
ambiguous,0,other
organic,0,music_dance
organic,0,music_dance
performative,0,dance
performative,0,cooking
organic,0,play
organic,0,music_dance
performative,0,dance
performative,0,game
organic,0,music_dance
performative,0,storytime
performative,0,play
organic,0,music_dance
performative,0,music_dance
performative,0,craft
organic,0,music_dance
performative,0,music_dance
performative,0,game
organic,0,counting
performative,0,music_dance
performative,0,music_dance
performative,0,reaction
performative,0,game
performative,1,game
performative,0,game
organic,0,color_matching
performative,0,game
organic,0,storytime
performative,0,music_dance
performative,0,game
performative,0,play
performative,0,reaction
performative,0,challenge
performative,0,game
performative,0,reaction
performative,0,play
organic,0,counting
performative,0,craft
performative,1,drama
performative,0,storytime
performative,0,medical
performative,1,drama
organic,0,milestone
performative,0,music_dance
performative,0,reaction
organic,0,learning
performative,0,play
performative,1,drama
ambiguous,0,other
ambiguous,0,other
ambiguous,0,other
organic,0,toy_play
performative,0,toy_play
performative,0,tutorial
organic,0,music_dance
performative,0,music_dance
organic,0,milestone
organic,0,toy_play
organic,0,milestone
performative,0,game
performative,0,tutorial
performative,0,game
performative,0,music_dance
organic,0,song
performative,0,milestone
organict,0,vlog
performative,0,storytime
organict,0,milestone
organict,0,milestone
performative,0,lesson
performative,0,reaction
performative,0,storytime
performative,0,reaction
organict,0,nursery_rhyme
performative,0,nursery_rhyme
performative,0,game
performative,0,challenge
performative,0,game
performative,0,milestone
performative,0,reaction
performative,0,game
performative,0,reaction
performative,0,lesson
performative,0,reaction
performative,0,song
performative,0,nursery_rhyme
performative,0,reaction
performative,0,nursery_rhyme
performative,0,challenge
performative,0,tutorial
performative,0,tutorial
performative,0,reaction
performative,0,storytime
performative,0,milestone
performative,0,challenge
performative,0,craft
organict,0,storytime
performative,0,challenge
performative,0,craft
performative,0,storytime
performative,0,reaction
organic,0,milestone
organic,0,milestone
performative,0,challenge
organic,0,milestone
organic,0,vlog
performative,0,music_dance
organic,0,nursery_rhyme
performative,0,dance
performative,0,roleplay
organic,0,nursery_rhyme
performative,0,reaction
performative,0,dance
performative,0,nursery_rhyme
organic,0,nursery_rhyme
performative,0,nursery_rhyme
performative,0,nursery_rhyme
performative,0,craft
organic,0,craft
performative,0,nursery_rhyme
organic,0,nursery_rhyme
performative,0,nursery_rhyme
performative,0,cook or snack
performative,0,challenge
performative,0,nursery_rhyme
performative,0,nursery_rhyme
performative,0,vlog
performative,0,nursery_rhyme
performative,0,nursery_rhyme
performative,0,nursery_rhyme
performative,0,nursery_rhyme
performative,0,reaction
performative,0,nursery_rhyme
performative,0,nursery_rhyme
performative,0,nursery_rhyme
organic,0,milestone
performative,0,nursery_rhyme
performative,0,cook or snack
organic,0,nursery_rhyme
performative,0,nursery_rhyme
performative,0,holiday_theme
performative,0,holiday_theme
organic,0,holiday_theme
performative,0,holiday_theme
performative,0,holiday_theme
performative,0,holiday_theme
performative,0,holiday_theme
performative,0,holiday_theme
performative,0,holiday_theme
performative,0,holiday_theme
organic,0,holiday_theme
organic,0,music_dance
organic,0,vlog
organic,0,learning
organic,0,music_dance
organic,0,music_dance
organic,0,storytime
performative,0,dance
organic,0,music_dance
performative,0,craft
organic,0,learning
organic,0,storytime
organic,0,music_dance
performative,0,craft
organic,0,study
performative,0,music_dance
organict,0,cooking
organic,0,routine
organic,0,music_dance
organic,0,music_dance
organic,0,music_dance
organic,0,vlog
organic,0,holiday
organic,0,holiday
organic,0,learning
organic,0,music_dance
organic,0,music_dance
organict,0,music_dance
performative,0,craft
organic,0,holiday
organic,0,music_dance
performative,0,music_dance
organic,0,learning
performative,0,drawing
organict,0,craft
organict,0,holiday
organic,0,music_dance
organic,0,music_dance
organic,0,animal
organic,0,learning
organic,0,music_dance
organic,0,reaction
performative,0,dance
performative,1,storytime
organic,0,routine
performative,0,music_dance
performative,0,storytime
ambiguous,0,other
ambiguous,0,other
ambiguous,0,other
ambiguous,0,other
performative,0,challenge
organic,0,storytime
performative,0,game
performative,0,music_dance
performative,0,song
organic,0,milestone
performative,0,toy_play
performative,0,music_dance
organic,0,peekaboo
organic,0,craft
organic,0,craft
performative,0,dance
performative,0,song
performative,0,music_dance
performative,0,challenge
performative,0,experiment
organic,0,craft
performative,0,dance
performative,0,shape
performative,0,shape
performative,0,song
performative,0,craft
performative,0,craft
performative,0,game
performative,0,learning
performative,0,puzzle
performative,0,craft
performative,0,craft
performative,0,drama
performative,0,song
performative,0,travel
performative,0,learning
performative,0,challenge
performative,0,drama
performative,0,craft
performative,0,learning
performative,0,challenge
performative,0,storytime
performative,0,reaction
performative,0,challenge
performative,0,toy_play
performative,0,pretend play
performative,0,ship
performative,0,music_dance
performative,0,nursery rhyme
performative,0,craft
performative,0,nursery rhyme
performative,0,learn
performative,0,nursery rhyme
performative,0,back to school
performative,0,song
organic,0,educational
performative,0,game
performative,0,song
performative,0,pretend play
performative,0,song
organic,0,vlog
performative,0,educational
performative,0,pretend play
performative,0,DIY/crafts
performative,0,toy_play
organic,0,milestone
performative,0,DIY/crafts
performative,0,dance
organic,0,nursery rhymes
performative,0,DIY/crafts
organic,0,milestone
organical,0,education
performative,0,nursery rhymes
performative,0,learning
performative,0,DIY/crafts
performative,0,storytime
performative,0,DIY/crafts
performative,0,nursery rhymes
performative,0,education
performative,0,music_dance
performative,0,educational
performative,0,nursery rhymes
performative,0,learning
performative,0,games
performative,0,DIY/crafts
performative,0,play
performative,0,app_tutorial
performative,0,app_tutorial
performative,0,dance
performative,0,toy_play
performative,0,DIY/crafts
performative,0,song
performative,0,nursery rhymes
performative,0,bathing
performative,0,nursery rhymes
performative,0,art
performative,0,toys
performative,0,pretend play
performative,0,milestone
performative,0,nursery rhymes
ambiguous,0,other
ambiguous,0,other
ambiguous,0,other
ambiguous,0,other
performative,0,challenge
organic,0,vlog
performative,0,music_dance
performative,0,music_dance
organic,0,music_dance
organic,0,storytime
performative,0,game
performative,0,music_dance
performative,0,music_dance
performative,0,tutorial
organic,0,food
organic,0,music_dance
performative,0,music_dance
performative,0,play
performative,0,craft
performative,0,game
performative,0,music_dance
performative,0,music_dance
performative,0,music_dance
performative,0,music_dance
organic,0,music_dance
organic,0,reaction
performative,0,challenge
performative,0,challenge
performative,0,game
performative,0,storytime
performative,0,food
organic,0,music_dance
performative,0,toy_play
performative,0,game
performative,0,challenge
organic,0,storytime
performative,0,music_dance
performative,0,storytime
performative,0,game
performative,0,music_dance
organic,0,vlog
performative,0,challenge
performative,0,vlog
performative,0,milestone
performative,0,milestone
performative,0,milestone
performative,0,vlog
organics,0,milestone
performative,0,reaction
performative,0,music_dance
performative,0,storytime
performative,0,vlog
performative,0,challenge
organic,0,travel
organic,0,music_dance
performative,0,reaction
performative,1,medical
organic,0,music_dance
performative,0,game
performative,0,searching game
organic,0,music_dance
organicin,0,travel
performative,1,bloopers
organic,0,music_dance
organic,0,storytime
organic,0,storytime
organicin,0,music_dance
performative,0,music_dance
performative,0,tricks
organic,0,music_dance
performative,1,music_dance
performative,0,music_dance
performative,0,storytime
performative,0,music_dance
performative,0,drama
performative,0,music_dance
organicin,0,storytime
performative,0,music_dance
organicin,0,game
performative,0,sports
organicin,0,storytime
organicin,0,music_dance
organic,0,music_dance
performative,0,storytime
performative,0,challenge
organizn,0,music_dance
performative,0,storytime
performative,0,funny
performative,1,storytime
organicin,0,storytime
organic,0,music_dance
performative,0,storytime
performative,0,checkup
organicin,0,music_dance
organicin,0,challenge
performative,0,music_dance
organicin,0,storytime
performative,1,music_dance
performative,0,storytime
performative,0,music_dance
performative,0,storytime
performative,0,storytime
ambiguous,0,other
ambiguous,0,other
organic,0,music_dance
organic,0,music_dance
organic,0,storytime
organic,0,game
organic,0,play
organic,0,music_dance
organic,0,dance
organic,0,tutorial
organic,0,storytime
organic,0,tutorial
organic,0,tutorial
organic,0,music_dance
organic,0,storytime
organic,0,food
organic,0,storytime
organic,0,storytime
organic,0,food
organic,0,music_dance
organic,0,storytime
organic,0,music_dance
organic,0,game
organic,0,storytime
organic,0,music_dance
organic,0,storytime
organic,0,storytime
organic,0,music_dance
organic,0,challenge
organic,0,storytime
organic,0,storytime
organic,0,abc
organic,0,food
organic,0,abc
organic,0,abc
organic,0,abc
organic,0,abc
organic,0,abc
organic,0,abc
organic,0,abc
organic,0,abc
organic,0,music_dance
organic,0,storytime
organic,0,reaction
organic,0,storytime
organic,0,storytime
organic,0,reaction
organic,0,storytime
organic,0,storytime
organic,0,travel
organic,0,storytime
organic,0,reaction
organic,0,music_dance
organic,0,music_dance
organic,0,music_dance
organic,0,music_dance
organic,0,music_dance
organic,0,milestone
performative,0,unboxing
organic,0,music_dance
organic,0,learning
organic,0,music_dance
organic,0,music_dance
organic,0,learning
organic,0,music_dance
organic,0,reaction
organic,0,food
organic,0,food
organic,0,music_dance
organic,0,storytime
organic,0,food
performative,0,food
organic,0,music_dance
organic,0,storytime
performative,0,storytime
organic,0,music_dance
organic,0,music_dance
organic,0,milestone
organic,0,music_dance
performative,0,storytime
organic,0,reaction
organic,0,storytime
organic,0,storytime
organic,0,music_dance
harmonic,0,music_dance
organic,0,storytime
performative,0,storytime
organic,0,music_dance
organic,0,milestone
organic,0,storytime
performative,0,storytime
performative,0,reaction
organic,0,milestone
performative,0,reaction
organics,0,storytime
performative,0,storytime
organic,0,travel
organic,0,milestone
performative,0,storytime
organic,0,reaction
organic,0,milestone
performative,0,milestone
organic,0,milestone
organic,0,toy_play
organic,0,milestone
organic,0,announcement
organic,0,milestone
organic,0,medical
organic,0,music_dance
organic,0,milestone
organic,0,storytime
organic,0,toy_play
organic,0,reaction
organic,0,milestone
organic,0,milestone
organic,0,milestone
organic,0,storytime
organic,0,music_dance
organic,0,milestone
organic,0,roleplay
organic,0,milestone
organic,0,storytime
organic,0,reaction
organic,0,milestone
organic,0,milestone
organic,0,milestone
organic,0,milestone
organic,0,milestone
organic,0,milestone
organic,0,milestone
organic,0,milestone
organic,0,milestone
organic,0,milestone
organic,0,milestone
organic,0,milestone
organic,0,milestone
organic,0,milestone
organic,0,milestone
organic,0,milestone
organic,0,milestone
organic,0,milestone
organic,0,milestone
organic,0,milestone
organic,0,milestone
organic,0,milestone
organic,0,milestone
organic,0,milestone
organic,0,milestone
organic,0,milestone
ambiguous,0,other
ambiguous,0,other
ambiguous,0,other
organic,0,music_dance
organic,0,milestone
organic,0,milestone
organic,0,medical
organic,0,music_dance
organic,0,dance
organic,0,milestone
organic,0,music_dance
organic,0,storytime
organic,0,dance
organic,0,milestone
organic,0,music_dance
organic,0,dance
organic,0,dance
organic,0,dance
organic,0,song
organic,0,dance
organic,0,dance
organic,0,music_dance
organic,0,storytime
organic,0,game
organic,0,reaction
organic,0,milestone
organic,0,birthday
organic,0,storytime
organic,0,music_dance
organic,0,milestone
organic,0,milestone
organic,0,milestone
organic,0,nurseryrhymes
organic,0,challenge
organic,0,milestone
organic,0,nurseryrhymes
organic,0,nurseryrhymes
organic,0,nurseryrhymes
organic,0,nurseryrhymes
organic,0,nurseryrhymes
organic,0,nurseryrhymes
organic,0,nurseryrhymes
organic,0,nurseryrhymes
organic,0,nurseryrhymes
organic,0,nurseryrhymes
organic,0,nurseryrhymes
organic,0,nurseryrhymes
organic,0,nurseryrhymes
organic,0,nurseryrhymes
organic,0,nurseryrhymes
organic,0,nurseryrhymes
organic,0,nurseryrhymes
organic,0,nurseryrhymes
organic,0,music_dance
performative,0,music_dance
organic,0,music_dance
performative,0,music_dance
performative,0,music_dance
organic,0,vlog
organic,0,music_dance
performative,0,quiz
performative,0,music_dance
organic,0,storytime
organice,0,music_dance
performative,0,race
organic,0,music_dance
organice,0,music_dance
performative,0,medical
organic,0,music_dance
organic,0,music_dance
performative,0,storytime
performative,0,vlog
performative,0,music_dance
organic,0,music_dance
performative,0,storytime
organice,0,vlog
performative,0,music_dance
organic,0,music_dance
performative,0,storytime
performative,0,storytime
performative,0,storytime
performative,0,music_dance
performative,0,music_dance
performative,0,music_dance
performative,0,music_dance
performative,0,music_dance
performative,0,music_dance
performance,0,music_dance
organic,0,music_dance
performative,0,music_dance
performative,0,music_dance
performative,0,music_dance
performative,0,music_dance
performative,0,music_dance
organice,0,music_dance
performative,0,music_dance
organice,0,music_dance
performative,0,music_dance
performative,0,music_dance
organice,0,music_dance
performative,0,music_dance
ambiguous,0,other
ambiguous,0,other
organic,0,vlog
organic,0,vlog
organic,0,music_dance
no_child,0,shorts
organic,0,music_dance
organic,0,vlog
organic,0,music_dance
ambiguous,0,question
organic,0,music_dance
performative,0,dance
organic,0,music_dance
performative,0,reaction
performative,0,dance
organic,0,dance
organic,0,music_dance
organic,0,dance
performative,0,shorts
organic,0,music_dance
organic,0,music_dance
organic,0,music_dance
performative,0,shorts
organic,0,game
organic,0,music_dance
organic,0,dance
performative,0,shorts
organic,0,medical
organic,0,music_dance
performative,0,dance
organic,0,dance
performative,0,shorts
organ... (truncated for brevity),0,other
ambiguous,0,other
ambiguous,0,other
ambiguous,0,other
ambiguous,0,other
ambiguous,0,other
ambiguous,0,other
ambiguous,0,other
ambiguous,0,other
ambiguous,0,other
ambiguous,0,other
ambiguous,0,other
ambiguous,0,other
ambiguous,0,other
ambiguous,0,other
ambiguous,0,other
ambiguous,0,other
ambiguous,0,other
ambiguous,0,other
ambiguous,0,other
organic,0,vlog
organic,0,vlog
organic,0,vlog
organic,0,vlog
organic,0,vlog
organic,0,vlog
organic,0,vlog
organic,1,milestone
organic,0,vlog
performative,0,dance
organic,0,vlog
organic,0,vlog
organic,0,vlog
performative,0,vlog
organic,0,vlog
performance,0,dance
organic,0,vlog
organic,0,vlog
organic,0,vlog
organic,0,vlog
organic,0,vlog
organic,0,vlog
organic,0,dance
organic,0,vlog
organic,0,vlog
performative,0,vlog
organic,0,vlog
organic,0,vlog
organic,0,vlog
performative,0,dance
organic,0,vlog
organic,0,vlog
performative,0,vlog
organic,0,vlog
performative,0,dance
organic,0,vlog
performative,0,vlog
organic,0,vlog
performative,0,vlog
organic,0,vlog
organic,0,vlog
performative,0,vlog
organic,0,vlog
organic,0,vlog
performative,0,vlog
organic,0,vlog
performative,0,vlog
organic,0,vlog
performative,0,vlog
organic,0,vlog
organic,0,milestone
organic,0,music_dance
organic,0,milestone
organic,0,music_dance
organic,0,milestone
organic,0,music_dance
organic,0,milestone
organic,0,milestone
organic,0,milestone
performative,0,roleplay
performative,0,music_dance
organic,0,milestone
organic,0,milestone
organic,0,milestone
organic,0,milestone
organic,0,milestone
organic,0,milestone
performative,0,roleplay
performative,0,dance
performative,0,milestone
performative,0,milestone
organic,0,milestone
organic,0,milestone
organic,0,milestone
performative,0,song
organic,0,milestone
organic,0,milestone
performative,0,song
performative,0,roleplay
organic,0,milestone
performative,0,dance
organic,0,milestone
performative,0,song
performative,0,song
organic,0,milestone
performative,0,roleplay
organic,0,milestone
performative,0,song
organic,0,milestone
organic,0,milestone
organic,0,milestone
organic,0,milestone
performative,0,roleplay
organic,0,milestone
organic,0,milestone
performative,0,milestone
organic,0,milestone
performative,0,roleplay
ambiguous,0,other
ambiguous,0,other
organic,0,vlog
organic,0,vlog
organic,0,vlog
organic,0,vlog
organic,0,vlog
organic,0,dance
organic,0,vlog
organic,0,vlog
organic,0,vlog
organic,0,vlog
organic,0,vlog
organic,0,vlog
organic,0,vlog
organic,0,vlog
organic,0,vlog
organic,0,dance
organic,0,vlog
organic,0,vlog
organic,0,vlog
organic,0,vlog
organic,0,vlog
organic,0,vlog
organic,0,drama
organic,0,vlog
organic,0,vlog
organic,0,song
organic,0,vlog
organic,0,song
organic,0,vlog
organic,0,music_dance
organic,0,vlog
organic,0,vlog
organic,0,milestone
organic,0,vlog
organic,0,milestone
organic,0,reaction
organic,0,holiday
organic,0,song
organic,0,vlog
organic,0,vlog
organic,0,vlog
organic,0,vlog
organic,0,game
organic,0,vlog
organic,0,school
organic,0,drama
organic,0,vlog
organic,0,song
organic,0,vlog
organic,0,vlog
organic,0,music_dance
organic,0,music_dance
organic,0,music_dance
organic,0,music_dance
organic,0,music_dance
organic,0,music_dance
organic,0,music_dance
organic,0,music_dance
organic,0,music_dance
organic,0,music_dance
performative,0,roleplay
organic,0,music_dance
organic,0,music_dance
organic,0,music_dance
organic,0,milestone
organic,0,music_dance
organic,0,music_dance
organic,0,music_dance
organic,0,music_dance
organic,0,music_dance
organic,0,music_dance
organic,0,music_dance
organic,0,music_dance
organic,0,music_dance
organic,0,music_dance
organic,0,music_dance
organic,0,music_dance
organic,0,music_dance
organic,0,music_dance
organic,0,music_dance
organic,0,music_dance
organic,0,music_dance
organic,0,music_dance
organic,0,music_dance
organic,0,music_dance
organic,0,music_dance
performative,0,music_dance
organic,0,music_dance
organic,0,music_dance
performative,0,music_dance
organic,0,music_dance
organic,0,music_dance
performative,0,music_dance
organic,0,music_dance
organic,0,music_dance
organic,0,music_dance
performative,0,music_dance
organic,0,music_dance
organic,0,music_dance
organic,0,music_dance
organic,0,music_dance
organic,0,music_dance
organic,0,music_dance
organic,0,music_dance
organic,0,toy_play
organic,0,music_dance
organic,0,music_dance
organic,0,music_dance
organic,0,storytime
performative,0,roleplay
organic,0,food_cooking
organic,0,music_dance
organic,0,music_dance
performative,0,music_dance
organic,0,music_dance
organic,0,music_dance
organic,0,music_dance
organic,0,music_dance
organic,0,music_dance
performative,0,roleplay
organic,0,roleplay
organic,0,music_dance
organic,0,music_dance
organic,0,music_dance
performative,0,roleplay
organic,0,music_dance
organic,0,music_dance
organic,0,roleplay
performative,0,roleplay
organic,0,storytime
organic,0,music_dance
organic,0,music_dance
organic,0,storytime
performative,0,show_and_tell
organic,0,music_dance
performative,0,hide_and_seek
organic,0,storytime
performative,0,show_and_tell
organic,0,winter_games
organic,0,music_dance
performative,0,show_and_tell
organic,0,music_dance
performative,0,roleplay
organic,0,storytime
organic,0,music_dance
organic,0,music_dance
performative,0,roleplay
organic,0,storytime
ambiguous,0,other
ambiguous,0,other
organic,0,music_dance
organic,0,music_dance
organic,0,music_dance
organic,0,music_dance
organic,0,music_dance
organic,0,music_dance
organic,0,storytime
organic,0,music_dance
organic,0,storytime
organic,0,storytime
organic,0,music_dance
organic,0,music_dance
organic,0,music_dance
organic,0,music_dance
organic,0,storytime
organic,0,music_dance
organic,0,storytime
organic,0,music_dance
organic,0,music_dance
organic,0,storytime
organic,0,storytime
organic,0,storytime
organic,0,music_dance
organic,0,arts_crafts
organic,0,storytime
organic,0,music_dance
organic,0,music_dance
organic,0,storytime
organic,0,music_dance
organic,0,storytime
organic,0,storytime
organic,0,music_dance
organic,0,storytime
organic,0,music_dance
organic,0,storytime
organic,0,music_dance
organic,0,storytime
organic,0,storytime
organic,0,music_dance
organic,0,storytime
organic,0,storytime
organic,0,music_dance
organic,0,music_dance
organic,0,storytime
organic,0,music_dance
organic,0,storytime
organic,0,music_dance
organic,0,storytime
organic,0,music_dance
organic,0,storytime
organic,0,milestone
organic,0,milestone
organic,0,milestone
organic,0,milestone
organic,0,milestone
organic,0,milestone
organic,0,milestone
organic,0,milestone
organic,0,milestone
organic,0,milestone
organic,0,milestone
organic,0,milestone
organic,0,milestone
organic,0,milestone
organic,0,milestone
organic,0,milestone
organic,0,milestone
organic,0,milestone
organic,0,milestone
organic,0,milestone
organic,0,milestone
organic,0,milestone
organic,0,milestone
organic,0,milestone
organic,0,milestone
organic,0,milestone
organic,0,milestone
organic,0,milestone
organic,0,milestone
organic,0,milestone
organic,0,milestone
organic,0,milestone
organic,0,milestone
organic,0,milestone
organic,0,milestone
organic,0,milestone
organic,0,milestone
organic,0,milestone
organic,0,milestone
organic,0,milestone
organic,0,milestone
organic,0,milestone
organic,0,milestone
organic,0,milestone
organic,0,milestone
ambiguous,0,other
ambiguous,0,other
ambiguous,0,other
ambiguous,0,other
ambiguous,0,other
organic,0,music_dance
organic,0,music_dance
organic,0,music_dance
organic,0,music_dance
organic,0,music_dance
organic,0,music_dance
organic,0,music_dance
organic,0,music_dance
organic,0,music_dance
organic,0,music_dance
organic,0,milestone
organic,0,music_dance
organic,0,music_dance
organic,0,music_dance
organic,0,music_dance
organic,0,music_dance
organic,0,music_dance
organic,0,milestone
organic,0,music_dance
organic,0,music_dance
organic,0,music_dance
organic,0,milestone
organic,0,music_dance
organic,0,music_dance
organic,0,music_dance
organic,0,music_dance
organic,0,music_dance
organic,0,music_dance
organic,0,music_dance
organic,0,music_dance
organic,0,milestone
organic,0,music_dance
organic,0,music_dance
organic,0,music_dance
organic,0,milestone
organic,0,music_dance
organic,0,music_dance
organic,0,music_dance
organic,0,music_dance
organic,0,milestone
organic,0,music_dance
organic,0,music_dance
organic,0,music_dance
organic,0,milestone
organic,0,music_dance
organic,0,music_dance
organic,0,music_dance
organic,0,music_dance
organic,0,milestone
organic,0,music_dance
organic,0,vlog
organic,0,vlog
organic,0,vlog
organic,0,vlog
organic,0,vlog
performative,0,song
organic,0,vlog
organic,0,vlog
organic,0,vlog
performative,0,song
organic,0,song
performative,0,song
organic,0,song
organic,0,song
performative,0,song
organic,0,song
performative,0,song
organic,0,song
organic,0,song
performative,0,song
organic,0,song
performative,0,song
organic,0,song
performative,0,song
performative,0,song
performative,0,song
performative,0,song
performative,0,song
performative,0,song
performative,0,song
performative,0,song
performative,0,song
performative,0,song
performative,0,song
performative,0,song
performative,0,song
performative,0,song
performative,0,song
performative,0,song
performative,0,song
performative,0,song
performative,0,song
performative,0,song
performative,0,song
performative,0,song
performative,0,song
performative,0,song
performative,0,song
performative,0,song
ambiguous,0,other
organic,0,milestone
organic,0,milestone
organic,0,storytime
organic,0,milestone
organic,0,storytime
organic,0,storytime
organic,0,storytime
organic,0,storytime
organic,0,milestone
organic,0,storytime
organic,0,milestone
organic,0,milestone
organic,0,storytime
organic,0,storytime
organic,0,storytime
organic,0,storytime
organic,0,storytime
organic,0,storytime
organic,0,storytime
organic,0,milestone
organic,0,storytime
organic,0,storytime
organic,0,storytime
organic,0,storytime
organic,0,storytime
organic,0,storytime
organic,0,storytime
organic,0,storytime
organic,0,storytime
organic,0,storytime
organic,0,storytime
organic,0,storytime
organic,0,storytime
organic,0,storytime
organic,0,storytime
organic,0,storytime
organic,0,storytime
organic,0,storytime
organic,0,storytime
organic,0,storytime
organic,0,storytime
organic,0,storytime
organic,0,storytime
organic,0,storytime
organic,0,storytime
organic,0,storytime
organic,0,storytime
organic,0,storytime
organic,0,storytime
ambiguous,0,other
organic,0,vlog
organic,0,vlog
organic,0,vlog
organic,0,vlog
organic,0,vlog
organic,0,vlog
organic,0,vlog
organic,0,vlog
organic,0,vlog
organic,0,vlog
organic,0,vlog
organic,0,vlog
organic,0,vlog
organic,0,vlog
organic,0,vlog
organic,0,vlog
organic,0,vlog
organic,0,vlog
organic,0,vlog
organic,0,vlog
organic,0,vlog
organic,0,vlog
organic,0,vlog
organic,0,vlog
organic,0,vlog
organic,0,vlog
organic,0,vlog
organic,0,vlog
organic,0,vlog
organic,0,vlog
organic,0,vlog
organic,0,vlog
organic,0,vlog
organic,0,vlog
organic,0,vlog
organic,0,vlog
organic,0,vlog
organic,0,vlog
organic,0,vlog
organic,0,vlog
organic,0,vlog
organic,0,vlog
organic,0,vlog
organic,0,vlog
organic,0,vlog
organic,0,vlog
ambiguous,0,other
ambiguous,0,other
ambiguous,0,other
ambiguous,0,other
organic,0,music_dance
organic,0,music_dance
organic,0,music_dance
organic,0,music_dance
organic,0,toy_play
organic,0,music_dance
organic,0,music_dance
organic,0,music_dance
organic,0,toy_play
organic,0,music_dance
organic,0,music_dance
organic,0,storytime
organic,0,storytime
organic,0,storytime
organic,0,storytime
organic,0,storytime
organic,0,storytime
organic,0,storytime
organic,0,storytime
organic,0,storytime
organic,0,storytime
organic,0,storytime
organic,0,storytime
organic,0,storytime
organic,0,storytime
organic,0,storytime
organic,0,storytime
organic,0,storytime
organic,0,storytime
organic,0,storytime
organic,0,storytime
organic,0,storytime
organic,0,storytime
organic,0,storytime
organic,0,storytime
organic,0,storytime
organic,0,storytime
organic,0,storytime
organic,0,storytime
organic,0,storytime
organic,0,storytime
organic,0,storytime
organic,0,storytime
organic,0,storytime
organic,0,storytime
organic,0,storytime
organic,0,storytime
organic,0,storytime
ambiguous,0,other
ambiguous,0,other
organic,0,music_dance
organic,0,music_dance
organic,0,music_dance
organic,0,music_dance
organic,0,music_dance
organic,0,music_dance
organic,0,music_dance
organic,0,music_dance
organic,0,music_dance
organic,0,music_dance
organic,0,music_dance
organic,0,music_dance
organic,0,music_dance
organic,0,music_dance
organic,0,music_dance
organic,0,music_dance
organic,0,music_dance
organic,0,music_dance
organic,0,music_dance
organic,0,music_dance
organic,0,music_dance
organic,0,music_dance
organic,0,music_dance
organic,0,music_dance
organic,0,music_dance
organic,0,music_dance
organic,0,music_dance
organic,0,music_dance
organic,0,music_dance
organic,0,music_dance
organic,0,music_dance
organic,0,music_dance
organic,0,music_dance
organic,0,music_dance
organic,0,music_dance
organic,0,music_dance
organic,0,music_dance
organic,0,music_dance
organic,0,music_dance
organic,0,music_dance
organic,0,music_dance
organic,0,music_dance
organic,0,music_dance
organic,0,music_dance
organic,0,music_dance
organic,0,music_dance
organic,0,music_dance
organic,0,music_dance
organic,0,music_dance
organic,0,music_dance
organic,0,music_dance
organic,0,music_dance
organic,0,music_dance
organic,0,music_dance
organic,0,music_dance
organic,0,music_dance
organic,0,music_dance
organic,0,music_dance
organic,0,storytime
organic,0,music_dance
organic,0,music_dance
organic,0,music_dance
organic,0,music_dance
organic,0,music_dance
organic,0,music_dance
organic,0,music_dance
organic,0,music_dance
organic,0,music_dance
organic,0,music_dance
organic,0,music_dance
organic,0,music_dance
organic,0,music_dance
organic,0,music_dance
organic,0,music_dance
organic,0,music_dance
organic,0,music_dance
organic,0,music_dance
organic,0,music_dance
organic,0,music_dance
organic,0,music_dance
organic,0,music_dance
organic,0,music_dance
organic,0,music_dance
organic,0,music_dance
organic,0,music_dance
organic,0,music_dance
organic,0,music_dance
organic,0,music_dance
organic,0,music_dance
organic,0,music_dance
organic,0,music_dance
organic,0,music_dance
organic,0,music_dance
organic,0,music_dance
organic,0,music_dance
organic,0,music_dance
organic,0,music_dance
organic,0,music_dance
ambiguous,0,other
ambiguous,0,other
organic,0,music_dance
organic,0,music_dance
organic,0,music_dance
organic,0,music_dance
organic,0,music_dance
organic,0,music_dance
organic,0,music_dance
organic,0,music_dance
organic,0,music_dance
organic,0,music_dance
organic,0,music_dance
organic,0,music_dance
organic,0,music_dance
organic,0,music_dance
organic,0,music_dance
organic,0,music_dance
organic,0,music_dance
organic,0,music_dance
organic,0,music_dance
organic,0,music_dance
organic,0,music_dance
organic,0,music_dance
organic,0,music_dance
organic,0,music_dance
organic,0,music_dance
organic,0,music_dance
organic,0,music_dance
organic,0,music_dance
organic,0,music_dance
organic,0,music_dance
organica,0,music_dance
organic,0,music_dance
organic,0,music_dance
organica,0,music_dance
organic,0,music_dance
organic,0,music_dance
organic,0,music_dance
organic,0,music_dance
organic,0,music_dance
organic,0,music_dance
organic,0,music_dance
organic,0,music_dance
organic,0,music_dance
child_work,0,music_dance
child_work,0,music_dance
child_work,0,music_dance
child_work,0,music_dance
child_work,0,music_dance
child_work,0,music_dance
child_work,0,music_dance
organic,0,music_dance
organic,0,music_dance
organic,0,music_dance
organic,0,music_dance
organic,0,music_dance
organic,0,music_dance
organic,0,music_dance
organic,0,music_dance
organic,0,music_dance
organic,0,milestone
organic,0,milestone
organic,0,milestone
organic,0,milestone
organic,0,milestone
organic,0,milestone
organic,0,milestone
organic,0,milestone
organic,0,milestone
organic,0,milestone
organic,0,milestone
organic,0,milestone
organic,0,milestone
organic,0,milestone
organic,0,milestone
organic,0,milestone
organic,0,milestone
organic,0,milestone
organic,0,milestone
organic,0,milestone
organic,0,milestone
organic,0,milestone
organic,0,milestone
organic,0,milestone
organic,0,milestone
organic,0,milestone
organic,0,milestone
organic,0,milestone
organic,0,milestone
organic,0,milestone
organic,0,milestone
organic,0,milestone
organic,0,milestone
organic,0,milestone
organic,0,milestone
organic,0,milestone
organic,0,milestone
organic,0,milestone
ambiguous,0,other
ambiguous,0,other
ambiguous,0,other
organic,0,storytime
organic,0,storytime
organic,0,storytime
organic,0,storytime
organic,0,storytime
organic,0,storytime
organic,0,storytime
organic,0,storytime
organic,0,storytime
organic,0,storytime
organic,0,storytime
organic,0,storytime
organic,0,storytime
organic,0,storytime
organic,0,storytime
performative,0,storytime
performative,0,storytime
organic,0,storytime
performative,0,music_dance
performative,0,music_dance
organic,0,storytime
organic,0,storytime
organic,0,storytime
performative,0,storytime
amiguous,0,announcement
organic,0,vlog
organic,0,announcement
organic,1,announcement
performative,0,drama
organic,0,drama
performative,0,challenge
organic,0,vlog
organic,0,other
organic,0,travel
organic,0,milestone
organic,0,travel
organic,0,vlog
organic,0,milestone
organic,0,reaction
organic,1,reaction
performative,0,reaction
performative,0,challenge
performative,0,challenge
organic,0,familyvlog
organic,0,milestone
organic,1,milestone
performative,0,storytime
organic,1,storytime
organics,0,storytime
performative,0,storytime
organic,0,milestone
organic,0,milestone
performative,0,drama
organic,0,milestone
performative,0,storytime
performative,0,storytime
performative,0,reaction
performative,0,reaction
performative,0,milestone
performative,1,milestone
performative,0,milestone
organic,0,vlog
organic,0,milestone
organic,0,milestone
organic,0,milestone
performative,0,interview
organic,0,reaction
organic,0,announcement
organic,0,vlog
organic,1,interview
organic,0,discovery
organic,0,announcement
organic,0,vlog
performative,1,reaction
performative,0,storytime
performative,0,challenge
performative,0,milestone
performative,1,storytime
performative,0,challenge
performative,0,unboxing
performative,1,storytime
performative,0,unboxing
organic,0,milestone
organic,0,milestone
performative,1,milestone
performative,0,challenge
performative,0,storytime
performative,1,reaction
performative,0,announcement
performative,0,challenge
performative,0,challenge
performative,1,storytime
performative,0,unboxing
performative,0,milestone
performative,1,reaction
performative,0,storytime
performative,0,challenge
no_child,0,other
ambiguous,0,other
ambiguous,0,other
organic,0,storytime
organic,0,storytime
organic,0,storytime
organic,0,storytime
performative,0,challenge
performative,0,reaction
organic,1,announcement
performative,0,storytime
performative,0,cooking
performative,0,storytime
ambiguous,0,exploration
organic,1,drama
performative,1,reaction
performative,0,announcement
organic,0,announcement
performative,0,experiment
performative,0,reaction
organic,0,storytime
performative,0,storytime
organic,0,search
performative,0,storytime
organic,0,storytime
organic,0,storytime
performative,0,storytime
performative,0,update
organic,0,announcement
organic,0,storytime
organic,0,storytime
organic,0,storytime
performative,0,adventure
performative,0,challenge
performative,0,challenge
performative,0,celebration
organic,0,drama
no_child,0,other
performative,1,medical
organic,0,storytime
performative,0,celebration
performative,0,storytime
performative,0,storytime
performative,0,storytime
performative,0,challenge
performative,0,challenge
performative,0,challenge
performative,0,challenge
organic,0,challenge
ambiguous,0,other
ambiguous,0,other
ambiguous,0,other
ambiguous,0,other
organic,0,reaction
ambiguous,0,other
organic,0,storytime
performative,0,reaction
performative,0,reaction
organic,0,storytime
organic,0,milestone
performative,0,reaction
performative,0,challenge
performative,0,taste test
performative,0,milestone
performative,0,challenge
performative,0,reaction
performative,0,challenge
organic,0,announcement
organic,0,milestone
organic,0,milestone
performative,0,game
organic,0,milestone
performative,0,game
performative,0,activity
performative,0,milestone
performative,0,game
performative,0,game
performative,0,other
performative,0,reaction
performative,0,milestone
organic,0,travel
performative,0,challenge
performative,0,storytime
performative,1,storytime
performative,0,unboxing
performative,0,medical
performative,0,other
performative,0,challenge
performative,0,game
performative,0,vlog
organic,0,storytime
performative,0,challenge
performative,0,milestone
organice,0,milestone
performative,0,reaction
performative,0,storytime
performative,0,milestone
performative,0,reaction
organice,0,other
organic,0,other
ambiguous,0,other
ambiguous,0,other
ambiguous,0,other
organic,0,milestone
performative,0,challenge
organic,0,tutorial
organic,0,reaction
performative,0,challenge
performative,0,game
organic,0,travel
organic,0,travel
organic,0,vlog
performative,0,music_dance
performative,0,unboxing
performative,0,milestone
performative,0,milestone
performative,0,milestone
performative,0,challenge
organic,0,milestone
organic,0,milestone
performative,0,music_dance
organic,0,milestone
organic,0,vlog
performative,0,game
performative,0,storytime
organic,0,homestead
performative,0,storytime
organic,0,milestone
organic,0,milestone
performative,0,milestone
organic,0,milestone
organical,0,milestone
performative,0,milestone
performative,0,milestone
performative,0,milestone
performative,0,challenge
organic,0,milestone
organic,0,travel
performative,0,drama
performative,1,drama
organic,0,milestone
organic,0,milestone
performative,0,milestone
performative,0,milestone
organic,0,milestone
organical,0,milestone
performative,1,milestone
organical,0,milestone
performative,0,travel
performative,1,storytime
organical,0,milestone
organical,0,milestone
performative,0,milestone
organic,0,vlog
organic,0,vlog
organic,0,milestone
performative,0,unboxing
organic,0,travel
organic,0,milestone
organic,0,vlog
performative,0,music_dance
performative,0,reaction
performative,0,reaction
performative,0,milestone
performative,1,storytime
performative,1,storytime
organic,0,vlog
organic,0,vlog
performative,0,storytime
performative,0,milestone
organic,0,vlog
performative,1,storytime
performative,0,toy_play
performative,0,toy_play
organic,0,announcement
performative,0,holiday
performative,0,holiday
performative,0,reaction
performative,0,storytime
performative,0,storytime
performative,0,vlog
performative,0,travel
performative,0,vlog
performative,0,drama
performative,0,drama
performative,0,drama
performative,0,holiday
performative,0,holiday
performative,0,milestone
performative,0,drama
performative,0,milestone
performative,1,reaction
performative,0,vlog
performative,0,milestone
performative,0,travel
performative,0,reaction
performative,1,storytime
performative,0,music_dance
performative,0,unboxing
performative,1,storytime
organic,0,milestone
ambiguous,0,other
ambiguous,0,other
performative,1,drama
organic,0,milestone
performative,0,milestone
organic,0,milestone
organic,0,milestone
performative,1,reaction
organic,0,milestone
performative,1,reaction
organic,0,milestone
organic,0,animal
performative,0,celebration
organic,0,milestone
performative,0,trouble
organic,0,celebration
organic,0,animal
organic,0,celebration
performative,0,music_dance
organic,0,nature
organic,0,milestone
organic,0,milestone
performative,0,music_dance
performative,0,exploration
performative,0,fireworks
organic,0,milestone
organic,0,milestone
organic,0,animal
organic,0,exploration
organic,0,animal
organic,0,milestone
organic,0,milestone
organic,0,house_tour
organic,0,house_tour
organic,0,disaster
organic,0,adventure
organic,0,exploration
performative,0,surprise
performative,0,celebration
performative,0,house_tour
performative,0,house_tour
performative,0,disaster
organic,0,adventure
performative,0,celebration
performative,0,celebration
organic,0,house_tour
performative,1,reaction
performative,1,reaction
performative,1,reaction
organig,1,reaction
performative,1,reaction
ambiguous,0,other
organic,0,vlog
organic,0,vlog
organic,0,vlog
organic,0,vlog
organic,0,vlog
organic,1,vlog
performative,0,reaction
organic,1,vlog
organic,0,vlog
organic,0,routine
organic,0,talk_show
organic,0,storytime
organic,0,unboxing
organic,0,challenge
organic,0,vlog
organic,0,reaction
ambiguous,1,drama
organic,1,interview
organic,0,challenge
performative,0,game
organic,0,adventure
organic,1,dayinthelife
organic,0,toy_play
organic,0,cooking
organic,0,cooking
organic,0,music_dance
organic,0,house_tour
organic,0,vlog
performative,0,challenge
organic,0,reaction
organic,1,celebration
organic,0,milestone
organic,0,storytime
performative,0,adventure
performative,1,drama
organic,0,challenges
organic,0,family
organic,0,update
organic,0,reaction
performative,0,challenge
organic,0,birthday
organic,0,holiday
organic,0,christmas
organic,0,holiday
performative,0,prank
organic,0,special_event
organic,0,vlog
ambiguous,0,other
ambiguous,0,other
ambiguous,0,other
organic,0,milestone
organic,1,milestone
organic,0,travel
organic,0,milestone
performative,0,game
organic,1,medical
organic,0,vlog
organic,0,vlog
organic,0,milestone
organic,1,reaction
organic,0,milestone
organic,0,vlog
performative,0,prank
performative,0,reaction
organic,0,milestone
organic,0,vlog
organic,0,milestone
organic,0,milestone
organic,0,milestone
organic,0,milestone
organic,0,milestone
organic,1,milestone
organic,0,travel
organic,0,milestone
organic,0,milestone
organic,0,travel
organic,0,travel
performative,0,storytime
organic,1,milestone
organic,0,milestone
organic,0,milestone
organic,1,milestone
organic,0,milestone
organic,1,milestone
organic,0,milestone
performative,0,birthday
organic,1,milestone
organic,0,milestone
performative,0,storytime
organic,0,milestone
organic,0,milestone
organic,1,milestone
performative,0,challenge
performative,1,challenge
performative,0,storytime
performative,0,other
performative,0,milestone
performative,1,milestone
performative,0,reaction
performative,0,milestone
organic,1,storytime
organic,0,travel
organic,1,drama
organic,0,milestone
organic,0,milestone
organic,0,milestone
organic,0,milestone
organic,0,milestone
organic,0,milestone
organic,0,milestone
organic,0,milestone
organic,0,milestone
organic,0,milestone
organic,0,milestone
organic,0,milestone
organic,0,milestone
organic,1,medical
organic,0,milestone
organic,0,game
organic,0,milestone
organic,0,milestone
organic,1,milestone
organic,1,milestone
organic,0,milestone
performative,1,challenge
performative,0,milestone
performative,1,drama
performative,0,reaction
performative,0,other
performative,0,other
performative,0,other
performative,0,other
performative,1,prank
performative,0,milestone
performative,0,milestone
performative,1,storytime
performative,0,milestone
performative,0,milestone
performative,1,milestone
performative,0,other
performative,0,reaction
performative,1,milestone
performative,0,milestone
performative,0,milestone
performative,0,milestone
performative,0,milestone
performative,0,milestone
performative,0,milestone
performative,0,milestone
performative,0,milestone
organic,0,vlog
performative,0,challenge
performative,0,challenge
organic,0,milestone
organic,0,vlog
organic,0,milestone
performative,0,toy_play
performative,0,hack
performative,0,music_dance
organic,0,vlog
organic,0,milestone
performative,0,milestone
performative,0,reaction
performative,0,storytime
organic,0,milestone
organic,0,q&a
performative,0,milestone
performative,0,behind the scenes
performative,0,reaction
organic,0,milestone
organic,0,milestone
organic,0,milestone
performative,0,milestone
organıc,0,milestone
performative,0,haul
organic,0,reaction
performative,0,milestone
performative,0,reaction
performative,0,reaction
performative,0,gaming
performative,0,music_dance
organic,0,music_dance
performative,0,milestone
organıc,0,milestone
organic,0,milestone
organıc,0,milestone
performative,0,milestone
performative,0,reaction
performative,0,reaction
performative,0,reaction
performative,0,reaction
performative,0,storytime
performative,0,announcement
performative,0,milestone
performative,0,reaction
performative,0,milestone
performative,0,announcement
performative,0,announcement
performative,0,milestone
ambiguous,0,other
organic,0,milestone
organic,0,milestone
organic,0,milestone
organic,0,milestone
performative,1,storytime
organic,0,milestone
organic,0,announcement
organic,0,game
organic,0,game
organic,0,game
organic,0,game
organic,0,storytime
organic,0,storytime
organic,0,storytime
organic,0,storytime
organic,0,milestone
organic,0,milestone
organic,0,milestone
organic,0,milestone
performative,0,milestone
performative,0,milestone
organic,0,vlog
performative,1,milestone
organic,0,milestone
organic,0,milestone
organic,0,milestone
organic,0,milestone
performative,1,milestone
organic,0,milestone
organic,0,milestone
organic,0,milestone
performative,1,milestone
organic,0,storytime
organic,0,storytime
performative,0,storytime
performative,0,storytime
organicin,0,storytime
organic,0,storytime
performative,1,storytime
performative,0,milestone
performative,0,milestone
performative,0,milestone
performative,0,milestone
performative,0,milestone
organic,0,milestone
organic,0,milestone
organic,0,milestone
ambiguous,0,other
ambiguous,0,other
ambiguous,0,other
organic,0,vlog
organic,0,milestone
performative,0,challenge
performative,0,music_dance
organic,1,milestone
organic,0,milestone
organic,0,tutorial
organic,0,other
organic,1,music_dance
performative,0,challenge
organic,0,vlog
organic,0,other
organic,0,music_dance
organic,0,other
organic,0,announcement
organic,0,tour
organic,0,vlog
organic,0,travel
performative,0,music_dance
performative,1,music_dance
organic,0,milestone
organic,0,milestone
organic,0,birthday
organic,0,birthday
performative,0,reaction
performative,0,challenge
organic,0,milestone
organic,1,other
performative,0,music_dance
performative,0,milestone
organic,0,storytime
organic,0,milestone
organic,0,milestone
no_child,0,reaction
organic,0,travel
organic,0,other
organic,0,milestone
performative,0,music_dance
performative,0,music_dance
organic,1,storytime
organic,0,announcement
organic,0,other
performative,0,vlog
organic,0,milestone
organic,0,milestone
organic,0,milestone
no_child,0,other
no_child,0,other
ambiguous,0,other
ambiguous,0,other
organic,0,vlog
organic,0,vlog
organic,0,adventure
organic,0,vlog
organic,0,storytime
organic,0,tour
organic,0,music_dance
organic,0,challenge
organic,0,Q&A
organic,0,milestone
performative,0,challenge
organic,0,vlog
organic,0,problem-solving
organic,0,vlog
organic,0,storytime
organic,0,reaction
organic,0,reaction
organic,1,reaction
organic,0,challenge
performative,0,music_dance
organica,0,storytime
performative,1,reaction
performative,1,storytime
performative,1,reaction
performative,1,reaction
performative,1,reaction
performative,1,storytime
performative,0,challenge
organic,1,milestone
performative,1,storytime
performative,1,storytime
performative,1,storytime
performative,1,storytime
performative,1,storytime
performative,1,storytime
performative,1,storytime
performative,0,storytime
organica,0,music_dance
organic,1,announcement
organic,1,announcement
organic,1,announcement
organic,1,storytime
performative,0,milestone
performative,0,milestone
performative,0,storytime
performative,0,storytime
performative,0,milestone
performative,0,storytime
performative,0,storytime
ambiguous,0,other
organic,0,milestone
organic,0,vlog
performative,0,music_dance
performative,0,challenge
organic,0,reaction
organic,0,announcement
organic,0,milestone
organ icon,0,medical
organic,0,storytime
performative,1,drama
organic,0,adventure
organic,0,milestone
organic,0,milestone
performative,0,travel
performative,0,drama
performative,0,challenge
performative,0,travel
performative,0,milestone
performative,0,vlog
organ icon,0,milestone
organic,0,vlog
organ icon,0,haul
performative,0,music_dance
performative,0,travel
organ icon,0,milestone
performative,1,reaction
organ icon,0,medical
performative,0,challenge
organ icon,0,travel
organic,0,milestone
performative,0,travel
organ icon,0,haul
performative,0,challenge
performative,0,milestone
organ icon,0,reaction
organ icon,0,storytime
performative,0,challenge
performative,0,challenge
performative,0,reaction
organ icon,0,milestone
performative,1,reaction
organic,0,milestone
performative,0,game
performative,0,challenge
organ icon,0,travel
organ icon,0,milestone
performative,0,vlog
performative,0,challenge
performative,0,milestone
organ icon,0,reaction
organic,0,other
organic,0,announcement
organic,0,meal
organic,0,milestone
performative,0,prank
no_child,0,other
organic,0,other
kidfluencer,0,medical
organic,0,game
ambiguous,0,storytime
organic,0,milestone
organic,0,travel
performative,0,food
organic,0,travel
performative,0,medical
organic,0,milestone
organic,0,milestone
performative,0,game
organic,0,reaction
organic,0,reaction
no_child,0,announcement
performative,0,drama
organic,0,milestone
organic,0,reaction
no_child,0,unboxing
no_child,0,shopping
organic,0,reaction
organic,0,milestone
performative,0,game
organic,0,other
performative,0,reaction
no_child,0,medical
organic,0,reaction
organic,0,milestone
performative,0,challenge
organic,0,reaction
performative,0,storytime
organic,0,reaction
performative,0,challenge
performative,0,milestone
performative,0,reaction
organic,0,milestone
organic,0,reaction
no_child,0,other
no_child,0,other
organice,0,reaction
organice,0,reaction
no_child,0,other
no_child,1,medical
ambiguous,0,other
organic,0,vlog
performative,0,milestone
performative,1,reaction
performative,1,reaction
performative,0,music_dance
organic,0,milestone
organic,0,drama
performative,0,storytime
performative,0,reaction
performative,0,challenge
performative,1,reaction
performative,0,surprise
performative,0,mukbang
performative,0,milestone
performative,0,travel
performative,0,milestone
organict,0,milestone
performative,0,drama
performative,0,storytime
organict,0,milestone
organict,0,milestone
organict,0,milestone
performative,0,challenge
performative,0,challenge
performative,0,music_dance
performative,0,birthday
performative,0,milestone
performative,0,milestone
performative,0,milestone
performative,0,milestone
performative,0,milestone
performative,1,reaction
performative,0,storytime
performative,1,reaction
organic,0,milestone
organic,0,milestone
organic,0,milestone
performative,0,storytime
performative,0,reaction
performative,1,reaction
organict,0,milestone
performative,0,drama
performative,1,reaction
performative,0,storytime
performative,0,reaction
performative,1,reaction
ambiguous,0,other
ambiguous,0,other
ambiguous,0,other
ambiguous,0,other
organic,0,storytime
organic,0,drama
organic,0,milestone
organic,0,vlog
performative,0,announcement
organic,0,travel
performative,0,prank
performative,1,prank
performative,1,medical
organic,0,milestone
organic,1,storytime
organic,0,drama
organic,0,announcement
performative,0,milestone
performative,1,reaction
performative,1,drama
performative,1,prank
performative,1,medical
performative,1,reaction
performative,0,toy_play
organic,0,fail
performative,1,storytime
organic,1,milestone
performative,0,milestone
performative,0,announcement
performative,0,storytime
organic,0,milestone
performative,0,milestone
organic,0,announcement
performative,0,reaction
performative,1,reaction
performative,1,milestone
performative,0,storytime
performative,1,reaction
performative,0,milestone
performative,1,reaction
performative,1,reaction
performative,1,milestone
performative,0,storytime
performative,1,drama
performative,1,storytime
performative,0,milestone
performative,1,reaction
performative,1,reaction
performative,1,reaction
performative,1,reaction
performative,1,reaction
performative,1,reaction
organic,0,storytime
organic,0,drama
organic,0,vlog
organic,0,milestone
organic,0,storytime
organic,0,milestone
organic,0,milestone
organic,0,milestone
ambiguous,1,medical
organic,1,storytime
organic,0,milestone
performative,0,challenge
performative,0,travel
performative,1,reaction
performative,0,storytime
organic,0,milestone
organic,0,travel
organic,0,travel
organic,0,travel
organic,0,travel
ambiguous,0,milestone
organic,0,milestone
organic,0,milestone
performative,0,surprise
performative,0,announcement
organic,0,milestone
performative,0,challenge
performative,0,milestone
performative,1,storytime
performative,0,storytime
performative,0,storytime
performative,0,milestone
performative,0,storytime
performative,1,storytime
performative,0,milestone
performative,0,reaction
performative,0,milestone
performative,0,storytime
performative,0,storytime
performative,0,other
performative,0,milestone
performative,0,challenge
performative,0,challenge
performative,0,storytime
performative,1,storytime
performative,0,milestone
performative,1,storytime
performative,0,milestone
performative,0,storytime
performative,0,storytime
performative,0,milestone
organic,0,travel
organic,0,vlog
performative,0,challenge
organic,0,announcement
performative,1,drama
performative,0,premiere
organic,1,storytime
performative,1,reaction
performative,1,drama
organic,0,travel
performative,1,travel
performative,1,medical
performative,0,challenge
performative,0,game
performative,0,challenge
performative,0,game
organic,0,milestone
organic,0,vlog
performative,0,milestone
performative,0,challenge
performative,0,game
performative,1,drama
performative,1,prank
performative,0,travel
performative,0,milestone
performative,0,challenge
performative,1,reaction
performative,1,medical
performative,1,medical
performative,0,announcement
performative,0,prank
performative,0,storytime
performative,1,storytime
performative,1,drama
performative,0,milestone
performative,1,storytime
performative,0,challenge
performative,0,challenge
performative,1,storytime
performative,0,reaction
performative,1,drama
performative,1,storytime
performative,0,milestone
performative,0,challenge
performative,0,storytime
performative,0,announcement
performative,0,prank
performative,0,storytime
performative,0,reaction
performative,0,milestone
performative,0,storytime
organic,0,storytime
organic,0,storytime
organic,0,reaction
performative,1,storytime
organic,0,travel
organic,0,reaction
performative,0,crash
performative,0,vlog
performative,1,storytime
organic,0,milestone
performative,0,storytime
performative,0,challenge
performative,0,surprise
performative,0,surprise
organic,0,reaction
organic,0,announcement
organic,0,announcement
performative,0,announcement
performative,0,vlog
organic,0,announcement
organic,0,announcement
performative,0,reaction
performative,0,storytime
performative,1,reaction
performative,0,challenge
performative,1,milestone
performative,0,reaction
performative,1,milestone
performative,0,medical
performative,0,toy_play
performative,0,milestone
performative,0,storytime
organic,0,announcement
performative,0,challenge
performative,1,reaction
performative,0,challenge
performative,0,storytime
organice,1,challenge
performative,0,reaction
performative,1,storytime
performative,0,challenge
performative,0,storytime
performative,1,prank
performative,1,prank
performative,0,challenge
ambiguous,0,other
ambiguous,0,other
ambiguous,0,other
ambiguous,0,other
ambiguous,0,other
organic,0,milestone
organic,0,milestone
performative,0,unboxing
performative,0,reaction
performative,0,unboxing
performative,0,game
performative,0,game
performative,0,announcement
performative,0,unboxing
performative,0,unboxing
performative,0,adventure
performative,0,challenge
performative,0,storytime
performative,0,challenge
performative,0,challenge
performative,0,challenge
performative,0,travel
performative,0,surprise
performative,0,surprise
performative,0,birthday
performative,0,haul
performative,0,storytime
performative,0,special
performative,0,drama
performative,1,halloween
performative,1,halloween
performative,1,halloween
performative,0,drama
performative,0,unboxing
performative,0,storytime
performative,0,challenge
performative,1,drama
performative,0,prank
performative,0,storytime
performative,0,adventure
performative,1,halloween
performative,0,challenge
performative,0,storytime
performative,0,special
performative,0,prank
performative,0,reaction
performative,0,storytime
performative,1,halloween
performative,0,reaction
performative,0,reaction
performative,0,drama
performative,1,drama
performative,0,reaction
performative,0,drama
performative,0,reaction
performative,1,storytime
organic,0,vlog
performative,1,drama
performative,0,exploration
performative,0,storytime
performative,0,adventure
performative,0,challenge
performative,1,prank
performative,0,unboxing
organic,0,milestone
performative,0,challenge
performative,1,prank
performative,1,prank
performative,1,prank
performative,0,challenge
performative,1,storytime
performative,0,exploration
performative,0,exploration
performative,0,exploration
performative,0,exploration
performative,0,exploration
performative,0,exploration
performative,0,exploration
performative,0,exploration
performative,0,exploration
performative,0,milestone
performative,0,vlog
performative,0,exploration
performative,0,exploration
performative,0,adventure
organic,0,milestone
performative,0,exploration
performative,0,adventure
performative,0,exploration
performative,0,milestone
performative,1,storytime
performative,0,adventure
performative,1,prank
performative,0,milestone
performative,0,challenge
organice,0,milestone
performative,0,reaction
performative,1,drama
performative,1,drama
performative,0,prank
performative,0,reaction
performative,1,drama
performative,0,prank
performative,1,drama
performative,0,prank
performative,0,challenge
performative,0,challenge
performative,0,challenge
performative,0,challenge
organic,0,exploration
performative,0,storytime
performative,0,prank
organic,0,exploration
performative,1,drama
performative,1,storytime
organic,0,exploration
organic,0,storytime
performative,0,exploration
organic,1,milestone
performative,0,game
performative,0,game
performative,0,prank
performative,0,prank
performative,0,game
performative,1,challenge
performative,0,game
performative,0,challenge
performative,0,storytime
performative,0,challenge
performative,0,celebration
organic,0,vacation
performative,0,milestone
performative,0,party
performative,0,toy_play
performative,0,milestone
performative,0,travel
performative,0,travel
performative,0,prank
performative,0,unboxing
performative,1,drama
performative,0,reaction
performative,0,challenge
organica,0,milestone
organica,0,celebration
performative,1,drama
performative,0,milestone
performative,0,reaction
performative,1,drama
performative,0,milestone
ambiguous,0,other
ambiguous,0,other
ambiguous,0,other
ambiguous,0,other
ambiguous,0,other
ambiguous,0,other
organic,0,storytime
performative,0,unboxing
organice,0,travel
performative,1,drama
performative,0,challenge
performative,0,tutorial
organice,0,milestone
performative,0,prank
organice,0,celebration
performative,0,prank
organice,1,reaction
performative,0,storytime
organice,1,storytime
performative,0,drama
performative,0,toy_play
performative,0,challenge
performative,0,drama
performative,0,stunt
organice,0,day_in_life
performative,0,toy_play
performative,0,challenge
performative,1,reaction
performative,0,reaction
organice,0,milestone
performative,0,challenge
organice,0,milestone
performative,0,challenge
performative,0,challenge
performative,0,unboxing
performative,1,reaction
performative,0,storytime
performative,1,storytime
organice,0,storytime
performative,0,toy_play
performative,0,challenge
performative,0,reaction
organice,0,milestone
performative,1,drama
performative,1,reaction
performative,1,reaction
organice,0,milestone
performative,0,milestone
performative,0,reaction
performative,1,drama
performative,0,reaction
organice,0,milestone
performative,1,reaction
organice,0,medical
performative,0,storytime
organice,0,milestone
organic,0,milestone
organic,0,storytime
organic,0,game
performative,0,drama
no_child,0,update
performative,0,reaction
organic,0,montage
organic,0,milestone
organics,0,announcement
ambiguous,1,reaction
performative,0,adventure
performative,0,travel
performative,0,milestone
performative,0,announcement
performative,0,milestone
performative,0,medical
performative,1,challenge
performative,0,reaction
performative,1,reaction
performative,1,reaction
organics,0,reaction
organics,0,reaction
performative,0,reaction
organics,0,milestone
performative,0,challenge
organics,0,storytime
performative,0,announcement
performative,0,milestone
performative,0,challenge
performative,0,reaction
performative,0,challenge
organics,0,challenge
performative,0,milestone
performative,0,challenge
performative,0,challenge
performative,0,challenge
performative,0,challenge
performative,0,challenge
performative,0,reaction
performative,0,challenge
performative,0,challenge
performative,0,reaction
performative,0,reaction
performative,0,reaction
organics,0,trip
performative,0,reaction
performative,0,unboxing
performative,0,unboxing
performative,0,reaction
performative,0,storytime
organic,0,vlog
organic,0,milestone
organic,0,milestone
organic,0,storytime
organic,0,milestone
organic,0,storytime
organic,0,storytime
organic,0,storytime
organic,0,storytime
organic,1,storytime
organic,1,storytime
organic,0,milestone
organic,0,toy_play
organic,0,reaction
organic,0,toy_play
performative,0,joke
organic,0,reaction
organic,0,storytime
organic,0,drama
organic,0,play
organic,0,reaction
organic,0,travel
organic,1,milestone
organic,0,game
organic,0,adventure
performative,0,challenge
performative,0,race
organic,0,travel
organic,0,travel
performative,0,toy_play
organic,0,storytime
performative,0,challenge
organic,0,milestone
performative,0,challenge
performative,0,storytime
performative,0,storytime
organic,1,storytime
organic,1,storytime
performative,0,storytime
organic,1,storytime
organic,1,storytime
performative,0,storytime
performative,0,reaction
organic,0,faceart
organization,0,music_dance
performative,1,drama
organic,0,milestone
organic,1,storytime
performative,1,storytime
organic,0,reaction
organic,0,storytime
performative,0,craft
performative,0,emergency
performative,0,DIY
organic,0,milestone
performative,0,other
performative,0,party
performative,0,event
performative,0,party
performative,1,storytime
performative,0,challenge
performative,1,adventure
performative,0,drama
performative,0,prank
performative,0,game
performative,0,challenge
performative,0,event
performative,0,challenge
organict,0,challenge
organict,0,party
performative,1,storytime
performative,1,storytime
performative,0,challenge
performative,1,challenge
performative,0,prank
performative,0,drama
performative,0,challenge
organic,0,travel
performative,0,challenge
performative,0,prank
performative,0,reaction
performative,0,other
performative,0,challenge
performative,0,drama
performative,0,event
performative,0,challenge
performative,0,storytime
performative,0,drama
performative,0,travel
performative,0,milestone
performative,0,reaction
performative,1,storytime
performative,1,storytime
performative,0,event
performative,0,reaction
performative,0,other
ambiguous,0,other
ambiguous,0,other
ambiguous,0,other
ambiguous,0,other
organice,0,other
organic,1,medical
performative,0,storytime
organic,0,vlog
organic,0,milestone
performative,0,DIY
performative,0,reaction
performative,0,adventure
organice,0,toy_play
organice,0,toy_play
organice,0,toy_play
performative,1,drama
performative,1,costume
performative,0,storytime
performative,0,prank
performative,0,toy_play
performative,0,toy_play
organic,0,nature
performative,0,challenge
performative,0,play
performative,0,milestone
organic,0,adventure
performative,0,exploration
organice,0,travel
organice,0,travel
organice,0,vlog
organice,0,travel
performative,0,milestone
performative,0,challenge
organice,0,vlog
performative,1,reaction
performative,0,prank
performative,0,toy_play
performative,0,toy_play
performative,0,toy_play
organice,1,storytime
performative,0,roleplay
organice,0,milestone
performative,0,challenge
performative,0,toy_play
organice,0,travel
performative,1,reaction
organice,0,travel
organice,0,travel
organice,0,milestone
performative,0,challenge
performative,0,milestone
organice,0,milestone
performative,1,reaction
ambiguous,0,other
organic,0,storytime
organic,0,storytime
performative,0,toy_play
performative,0,makeup_diy
performative,0,toy_play
organic,0,vlog
organic,0,milestone
performative,0,storytime
performative,0,race
organic,0,milestone
organic,0,travel
performative,0,reaction
no_child,0,unboxing
organic,0,milestone
performative,0,storytime
performative,0,dress_up
organic,0,travel
performative,0,ride
performative,0,game
performative,0,toy_play
performative,0,milestone
organic,0,milestone
organic,0,milestone
performative,0,reaction
performative,0,reaction
performative,0,trick
performative,0,photoshoot
organic,0,dress_up
organic,0,milestone
performative,0,reaction
child_no,0,storytime
performative,0,game
performative,0,travel
no_child,0,reaction
organic,0,project
performative,0,play
performative,0,party
performative,0,game
performative,0,party
performative,0,reaction
performative,0,reaction
performative,0,game
organic,0,camping
performative,0,reaction
ambiguous,0,other
ambiguous,0,other
ambiguous,0,other
ambiguous,0,other
ambiguous,0,other
ambiguous,0,other
performative,0,toy_play
performative,0,toy_play
performative,0,storytime
performative,0,toy_play
performative,0,playground
organic,0,travel
performative,0,playground
organic,0,travel
organic,0,milestone
performative,0,tutorial
performative,0,unboxing
performative,0,emergency
performative,0,unboxing
performative,0,toy_play
performative,0,experiment
organic,0,milestone
organic,0,milestone
performative,0,milestone
organic,0,milestone
performative,0,milestone
performative,0,game
performative,0,game
performative,1,prank
organic,0,playground
performative,0,unboxing
performative,0,milestone
performative,0,milestone
performative,0,toy_play
performative,0,storytime
performative,0,milestone
performative,0,toy_play
performative,0,reaction
performative,1,prank
performative,0,playground
performative,0,playground
performative,0,milestone
performative,0,reaction
performative,0,toy_play
performative,0,toy_play
performative,0,milestone
performative,0,reaction
performative,0,travel
organic,0,travel
performative,0,playground
organic,0,announcement
performative,0,milestone
performative,0,milestone
performative,0,milestone
ambiguous,0,other
ambiguous,0,other
organic,0,storytime
organic,0,vlog
medical,1,medical
performative,0,toy_play
organic,0,milestone
medical,1,medical
performative,0,milestone
organic,1,reaction
performative,0,music_dance
organic,0,storytime
organic,0,travel
organic,0,travel
organic,0,travel
organic,0,travel
organic,0,travel
performative,0,storytime
performative,0,reaction
organic,0,travel
organic,0,travel
organic,0,travel
performative,0,storytime
performative,1,storytime
organic,0,storytime
performative,0,milestone
performative,0,milestone
performative,0,milestone
performative,0,milestone
performative,0,storytime
performative,0,storytime
performative,0,storytime
performative,0,storytime
performative,0,storytime
performative,1,drama
performative,1,drama
organic,0,milestone
no_child,0,announcement
performative,0,drama
performative,1,drama
performative,0,game
performative,0,surprise
performative,0,milestone
performative,0,reaction
performative,1,storytime
performative,0,milestone
performative,0,storytime
performative,0,reaction
performative,0,toy_play
no_child,0,milestone
performative,1,storytime
performative,0,storytime
organic,0,vlog
unboxing,0,unboxing
performative,0,toy_play
performative,0,prank
performative,0,drama
performative,1,reaction
performative,1,drama
organic,0,news
unboxing,0,unboxing
organic,0,milestone
organic,0,milestone
performative,1,toy_play
performative,0,milestone
organic,0,travel
performative,0,milestone
performative,0,meetup
performative,0,milestone
performative,0,adventure
organic,0,storytime
performative,0,travel
performative,0,challenge
performative,1,reaction
performative,0,reaction
performative,0,milestone
performative,0,unboxing
organic,0,milestone
performative,0,reaction
organic,0,milestone
performative,0,travel
performative,0,drama
performative,1,drama
performative,0,toy_play
organic,0,tutorial
performative,0,unboxing
performative,0,challenge
performative,0,storytime
organ  ic,0,announcement
performative,0,drama
performative,1,reaction
performative,0,toy_play
organic,0,vlog
performative,0,milestone
organic,0,milestone
organic,0,milestone
performative,0,challenge
performative,1,reaction
performative,1,reaction
ambiguous,0,other
ambiguous,0,other
ambiguous,0,other
performative,0,storytime
organic,0,travel
performative,0,unboxing
performative,0,game
performative,1,prank
organic,0,milestone
performative,0,toy_play
performative,0,unboxing
performative,0,roleplay
organic,0,photoshoot
organic,0,milestone
performative,0,milestone
performative,1,reaction
organic,0,milestone
organic,0,milestone
performative,0,unboxing
organic,0,milestone
performative,1,reaction
performative,1,reaction
performative,0,storytime
organic,0,milestone
organic,0,milestone
performative,0,reaction
performative,0,travel
organism,0,travel
performative,0,reaction
organism,0,travel
organism,0,travel
organism,0,travel
performative,0,announcement
performative,0,unboxing
performative,0,travel
organism,0,travel
performative,0,reaction
organism,0,travel
performative,0,milestone
performative,0,unboxing
performative,1,reaction
performative,0,drama
performative,1,reaction
organism,0,travel
performative,0,unspecified
performative,1,reaction
performative,0,milestone
performative,0,prank
performative,1,reaction
ambiguous,0,other
ambiguous,0,other
ambiguous,0,other
ambiguous,0,other
organic,0,milestone
organic,0,vlog
organic,0,milestone
organic,0,milestone
organic,0,milestone
organic,1,medical
organic,0,vlog
organic,0,milestone
organic,0,milestone
organic,0,milestone
organic,1,milestone
performative,0,roleplay
organic,0,vlog
organic,0,special
organic,0,milestone
organic,0,milestone
no_child,0,reaction
organic,0,event
performative,0,dress_up
performative,0,prank
performative,1,other
performative,1,other
performative,0,challenge
performative,0,special
performative,0,storytime
performative,0,event
performative,0,challenge
organic,0,milestone
performative,0,challenge
performative,0,challenge
organic,0,milestone
organic,0,milestone
performative,1,medical
performative,0,storytime
no_child,1,medical
performative,0,musical
performative,0,game
ambiguous,0,drama
no_child,1,announcement
performative,0,milestone
performative,0,reaction
performative,0,challenge
performative,1,award
performative,0,toy_play
performative,0,toy_play
performative,0,storytime
ambient,1,milestone
ambiguous,0,other
ambiguous,0,other
ambiguous,0,other
organic,0,shopping
performative,0,game
performative,1,medical
performative,0,prank
organic,0,vlog
performative,0,reaction
performative,1,medical
performative,0,game
performative,0,experiment
performative,0,toy_play
performative,1,fight
performative,0,toy_play
organic,0,storytime
performative,1,drama
organic,0,tour
organic,1,medical
organic,0,milestone
organic,0,transformation
organic,0,travel
organic,0,trip
performative,0,challenge
performative,0,game
performative,0,roleplay
organic,0,dress_up
performative,0,prank
organic,0,milestone
organic,0,travel
organic,0,vacation
performative,0,challenge
performative,0,playground
organic,0,dress_up
performative,1,drama
organic,1,medical
performative,1,medical
performative,1,drama
organica,1,reaction
organic,0,adventure
performative,0,toy_play
performative,0,medical
performative,1,reaction
organic,0,milestone
performative,0,challenge
performative,0,toy_play
performative,1,medical
no_child,0,other
performative,1,reaction
performative,1,drama
performative,0,travel
performative,0,other
no_child,0,other
organic,0,vlog
organic,0,vlog
organic,0,vlog
organic,0,backstage
performative,0,challenge
organic,0,milestone
organic,0,travel
organic,0,activity
organic,0,storytime
performative,0,dress up
performative,0,birthday
performative,0,birthday
organic,0,toy_play
performative,0,birthday
performative,0,party
performative,0,activity
performative,0,challenge
organic,0,activity
organic,0,storytime
organic,1,medical
organic,0,reaction
performative,0,prank
organic,0,milestone
organic,0,unboxing
organic,0,vlog
performative,0,challenge
organic,0,routine
organic,0,walk
organic,0,activity
performative,0,playing
performative,0,challenge
performative,0,challenge
performative,0,prank
performative,0,challenge
performative,0,challenge
performative,0,challenge
performative,0,challenge
organic,0,activity
performative,0,drama
performative,0,challenge
performative,0,challenge
performative,0,other
organic,0,reaction
performative,0,dance
organic,1,medical
performative,0,challenge
performative,0,announcement
performative,0,announcement
organIc,0,milestone
ambiguous,0,other
organic,0,milestone
performative,0,drama
performative,0,game
organic,0,party
organic,0,milestone
performative,0,dress up
performative,0,milestone
organic,0,photoshoot
performative,0,rescue
organic,0,helping
no_child,0,storytime
performative,0,travel
performative,0,travel
performative,0,travel
performative,0,travel
performative,0,travel
performative,0,travel
performative,0,other
performative,0,game
organic,0,game
performative,0,milestone
organic,0,milestone
performative,0,milestone
organic,0,swimming
organic,0,swimming
organic,0,swimming
organic,0,swimming
organic,0,travel
organic,0,travel
performative,0,milestone
performative,0,milestone
performative,0,holiday
performative,0,game
performative,0,milestone
performative,0,party
performative,0,reaction
performative,0,milestone
performative,0,funny
performative,0,play
performative,0,funny
performative,0,drama
performative,0,holiday
performative,0,milestone
performative,0,toys
performative,0,experience
performative,0,reaction
no_child,0,epic
performative,0,nature
ambiguous,0,other
ambiguous,0,other
organic,0,milestone
organic,0,milestone
performative,0,storytime
performative,0,milestone
performative,0,food
organic,0,travel
organic,0,milestone
performative,0,challenge
performative,1,drama
performative,0,music_dance
performative,0,unboxing
performative,0,storytime
performative,0,storytime
performative,0,travel
organic,0,milestone
organic,0,milestone
performative,0,challenge
performative,0,storytime
organic,0,milestone
organic,0,milestone
performative,0,play
performative,0,play
performative,0,stunt
performative,0,challenge
performative,0,challenge
performative,0,milestone
performative,0,storytime
performative,0,storytime
performative,1,drama
performative,1,drama
organic,0,milestone
organic,0,milestone
performative,0,prank
organic,0,milestone
performative,0,storytime
performative,0,challenge
performative,0,reaction
performative,1,drama
organic,0,milestone
organoc,0,milestone
performative,0,travel
performative,0,storytime
performative,0,milestone
performative,0,storytime
organic,0,milestone
performative,0,milestone
performative,0,storytime
ambiguous,0,other
ambiguous,0,other
ambiguous,0,other
performative,0,tutorial
organic,0,storytime
organic,0,storytime
performative,0,storytime
no_child,0,milestone
no_child,0,milestone
organic,0,milestone
performative,0,toy_play
performative,0,toy_play
performative,0,toy_play
performative,0,other
no_child,0,milestone
performative,0,toy_play
organic,0,milestone
organic,0,vlog
organic,0,travel
no_child,0,milestone
performative,0,other
performative,0,milestone
performative,0,toy_play
no_child,0,announcement
no_child,0,milestone
organic,0,milestone
no_child,0,milestone
no_child,0,milestone
no_child,0,vlog
no_child,0,travel
no_child,0,travel
no_child,0,travel
no_child,0,travel
no_child,0,travel
performative,0,reaction
no_child,0,storytime
performative,0,toy_play
performative,0,toy_play
performative,0,toy_play
no_child,0,milestone
performative,0,reaction
no_child,0,storytime
performative,1,other
performative,0,travel
performative,0,travel
performative,0,travel
performative,0,travel
no_child,0,montage
performative,1,other
performative,0,other
ambiguous,0,other
ambiguous,0,other
ambiguous,0,other
organic,0,vlog
performative,0,music_dance
performative,0,roleplay
organic,0,milestone
performative,0,drama
organic,0,milestone
performative,0,medical
performative,0,challenge
performative,0,challenge
performative,0,activity
performative,0,game
organice,0,milestone
organic,0,milestone
performative,0,dinner
performative,0,reaction
performative,0,rehearsal
organic,0,medical
organic,0,storytime
performative,1,reaction
performative,0,reaction
performative,0,reaction
performative,0,reaction
performative,1,motivational
performative,0,event
performative,0,event
performative,0,milestone
performative,0,medical
performative,1,drama
performative,0,celebration
organice,0,family
performative,0,milestone
performative,0,celebration
performative,0,celebration
performative,1,reaction
performative,0,activity
performative,0,family
organice,0,milestone
performative,0,event
performative,0,holiday
performative,0,holiday
performative,0,holiday
performative,0,holiday
performative,1,reaction
performative,0,holiday
performative,0,celebration
performative,0,family
performative,0,family
performative,1,reaction
performative,0,costume
ambiguous,0,other
performative,0,storytime
organic,0,vlog
organic,0,announcement
performative,0,storytime
organic,0,milestone
organic,0,milestone
performative,0,toy_play
organic,0,travel
performative,0,drama
organic,0,milestone
organic,0,milestone
performative,0,reaction
performative,0,surprise
performative,1,milestone
organíc,1,milestone
performative,0,toy_play
performative,0,reaction
performative,0,reaction
performative,1,drama
organíc,1,milestone
organic,0,game
organic,0,travel
performative,0,surprise
organic,0,milestone
organic,0,milestone
performative,0,reaction
performative,0,reaction
performative,0,milestone
performative,0,milestone
performative,0,milestone
performative,0,milestone
organic,0,milestone
performative,0,milestone
performative,0,milestone
performative,1,milestone
organic,0,milestone
organic,0,milestone
performative,0,milestone
performative,0,milestone
performative,0,milestone
performative,1,milestone
organic,0,milestone
organic,0,milestone
performative,0,milestone
performative,0,milestone
performative,0,milestone
performative,0,milestone
performative,0,milestone
organíc,0,milestone
performative,1,milestone
organic,0,milestone
organic,0,milestone
performative,0,roleplay
performative,0,milestone
performative,0,milestone
performative,0,storytime
performative,1,storytime
performative,1,storytime
performative,0,milestone
organic,0,adventure
performative,1,storytime
performative,0,drama
organic,1,storytime
organic,0,vlog
performative,0,milestone
organic,0,milestone
performative,1,storytime
ambiguous,0,health
performative,0,toy_play
performative,0,milestone
performative,0,milestone
performative,0,gaming
performative,0,milestone
performative,0,milestone
performative,0,milestone
performative,1,milestone
performative,0,motherhood
performative,0,milestone
performative,0,challenge
performative,0,milestone
performative,0,toy_play
performative,0,vlog
performative,0,milestone
performative,1,storytime
performative,0,milestone
performative,0,prank
performative,0,roleplay
performative,0,milestone
performative,0,reaction
performative,0,milestone
performative,1,storytime
performative,0,milestone
performative,0,milestone
performative,0,storytime
performative,0,milestone
performative,0,storytime
performative,1,storytime
performative,0,milestone
performative,0,challenge
performative,0,storytime
organic,0,announcement
organic,0,milestone
organic,0,milestone
performative,0,music_dance
organic,0,travel
no_child,0,reaction
organic,0,tag
ambiguous,0,reaction
organice,0,milestone
organic,0,vlog
no_child,1,medical
no_child,0,adventure
performative,0,storytime
organic,0,travel
performative,0,game
organic,0,travel
organic,0,call
organice,0,travel
no_child,0,milestone
organic,0,vlog
organic,0,milestone
no_child,0,reaction
no_child,1,storytime
no_child,0,vlog
no_child,0,travel
organice,0,travel
performative,0,game
no_child,1,drama
performative,0,challenge
performative,0,storytime
performative,0,milestone
performative,0,game
no_child,0,party
performative,0,challenge
performative,0,vlog
performative,0,milestone
performative,0,challenge
no_child,0,travel
no_child,0,milestone
organic,0,milestone
performative,0,game
performative,0,challenge
no_child,0,travel
organic,0,milestone
no_child,0,reaction
no_child,1,medical
organic,0,milestone
performative,0,game
ambiguous,0,other
ambiguous,0,other
organic,0,vlog
performative,0,drama
performative,0,music_dance
organic,0,food
organic,0,milestone
performative,0,drama
performative,1,medical
performative,0,unboxing
performative,1,adventure
performative,0,dress up
performative,0,roleplay
organic,0,recommendation
performative,0,travel
performative,0,game
performative,0,challenge
performative,0,prank
performative,0,challenge
organic,0,milestone
organic,0,milestone
organic,0,milestone
performative,0,travel
organic,0,travel
organic,0,travel
organic,0,travel
performative,1,reaction
performative,0,play
organic,0,milestone
organetic,0,milestone
performative,0,roleplay
performative,1,medical
performative,0,reaction
performative,0,game
performative,0,challenge
organict,0,milestone
performative,0,storytime
performative,0,unboxing
organict,0,milestone
performative,0,dress up
organict,0,milestone
performative,1,reaction
performative,0,challenge
organict,0,milestone
performative,0,travel
performative,1,medical
performative,0,reaction
performative,0,storytime
performative,0,challenge
performative,0,fun
organict,0,milestone
ambiguous,0,other
organic,0,challenge
organic,0,music_dance
organic,0,storytime
organic,0,announcement
organic,0,vlog
performative,0,prank
organic,0,storytime
organic,0,reaction
organic,0,reaction
performative,0,game
organic,0,milestone
organic,0,milestone
performative,0,reaction
organic,0,milestone
organic,0,music_dance
organic,0,milestone
organic,0,milestone
organic,0,announcement
organic,0,milestone
organic,0,milestone
organic,0,travel
organic,0,travel
organic,0,travel
organic,0,travel
organic,0,travel
organic,0,travel
organic,0,travel
organic,0,travel
organic,0,travel
organic,0,reaction
organic,0,reaction
organic,0,music_dance
organic,0,milestone
organic,0,music_dance
organic,1,reaction
organic,0,milestone
organic,0,announcement
organic,0,milestone
performative,0,reaction
organic,0,milestone
organic,0,travel
performative,0,storytime
performative,0,storytime
organic,0,travel
performative,0,storytime
organic,0,milestone
performative,0,reaction
organic,0,travel
organic,0,tour
organic,0,milestone
organic,0,reaction
organic,0,reaction
organic,0,toy_play
organic,0,travel
performative,0,challenge
performative,0,dance
performative,0,roleplay
ambiguous,0,reaction
organic,0,sleep
organic,0,milestone
organic,0,reaction
organic,0,milestone
organic,0,seasonal
organic,0,milestone
organic,0,storytime
organic,0,milestone
ambiguous,0,medical
organic,0,milestone
organic,0,waterplay
organic,0,milestone
organic,0,milestone
ambiguous,0,reaction
ambiguous,0,reaction
ambiguous,0,medical
performative,0,roleplay
ambiguous,0,announcement
ambiguous,0,reaction
performative,0,drama
performative,0,roleplay
ambiguous,0,drama
ambiguous,0,reaction
organic,0,reaction
organic,1,reaction
ambiguous,0,medical
organinc,0,announcement
ambiguous,0,reaction
performative,0,storytime
performative,1,drama
organic,0,reaction
organic,1,reaction
organic,0,travel
organic,0,milestone
performative,0,unboxing
performative,0,roleplay
performative,1,drama
organic,0,milestone
organic,0,family
organic,0,travel
ambiguous,0,other
ambiguous,0,other
organic,0,music_dance
organic,0,milestone
organic,0,storytime
organic,0,reaction
performative,1,drama
performative,1,drama
organic,0,milestone
organic,0,vlog
performative,0,challenge
organic,0,travel
organic,0,milestone
organic,0,vlog
organic,0,milestone
organic,0,travel
organic,0,milestone
performative,0,drama
organic,0,milestone
performative,0,challenge
organic,0,milestone
organic,0,milestone
performative,0,storytime
performative,0,storytime
organic,0,travel
performative,0,reaction
organic,0,storytime
performative,0,challenge
performative,0,challenge
organic,0,reaction
performative,0,challenge
performative,0,challenge
performative,0,challenge
performative,0,unboxing
organic,0,milestone
performative,0,reaction
organic,0,reaction
organic,0,storytime
organic,0,storytime
performative,1,milestone
performative,0,storytime
organic,0,vlog
organic,0,milestone
performative,0,storytime
organic,0,storytime
organic,0,milestone
organic,0,storytime
performative,1,storytime
performative,0,storytime
no_child,0,other
ambiguous,0,other
ambiguous,0,other
organic,0,milestone
performative,0,reaction
performative,0,milestone
organic,0,question
organic,0,question
performative,0,reaction
performative,0,event
performative,0,event
performative,0,other
performative,1,reaction
performative,0,unboxing
performative,0,reaction
performative,0,milestone
organic,0,milestone
organicin,0,travel
organic,0,tradition
organic,1,reaction
organic,0,milestone
performative,0,announcement
organic,0,travel
performative,0,reaction
performative,0,milestone
performative,0,storytime
performative,0,other
performative,0,game
performative,0,food
performative,0,milestone
organic,0,event
organic,0,challenge
performative,0,challenge
organic,0,milestone
performative,1,reaction
performative,0,event
performative,1,reaction
performative,0,game
performative,1,reaction
performative,0,event
performative,0,reaction
performative,1,reaction
performative,1,reaction
performative,1,reaction
performative,0,event
performative,0,event
performative,0,milestone
performative,0,reaction
ambiguous,0,other
ambiguous,0,other
ambiguous,0,other
ambiguous,0,other
ambiguous,0,other
organic,0,milestone
organic,0,travel
organic,0,vlog
organic,0,announcement
organic,0,milestone
organic,0,party
performative,1,drama
organic,0,toy_play
performative,1,embarrassment
organic,0,vlog
performative,0,storytime
organic,0,milestone
organic,0,storytime
organic,0,milestone
organic,0,milestone
organic,0,milestone
organic,0,reaction
performative,1,medical
organic,0,milestone
organic,0,milestone
performative,0,dance
organic,0,travel
organic,0,milestone
organismic,0,milestone
organic,0,milestone
organic,0,milestone
organic,0,reaction
performative,1,medical
organic,0,milestone
organic,0,milestone
organic,0,milestone
organic,0,travel
performative,1,prank
performative,1,prank
organic,0,challenge
performative,1,drama
organic,0,milestone
organic,0,milestone
organic,0,milestone
organic,0,milestone
organic,0,milestone
performative,1,storytime
organic,0,milestone
organic,0,milestone
organic,0,milestone
organic,0,milestone
organic,0,milestone
ambiguous,0,other
ambiguous,0,other
ambiguous,0,other
organic,0,milestone
performative,0,drama
organic,0,milestone
performative,0,toy_play
performative,1,medical
organic,0,storytime
performative,0,reaction
organic,0,vlog
performative,1,drama
performative,0,reaction
performative,0,storytime
performative,0,milestone
performative,0,toy_play
performative,1,milestone
performative,0,storytime
performative,0,travel
performative,0,drama
performative,0,reaction
performative,0,storytime
performative,1,drama
performative,0,storytime
performative,0,reaction
performative,0,storytime
performative,1,drama
performative,0,reaction
performative,0,storytime
performative,0,vlog
performative,0,milestone
performative,0,storytime
performative,0,toy_play
performative,0,vlog
performative,0,storytime
performative,0,reaction
performative,0,storytime
performative,0,reaction
performative,0,vlog
performative,1,drama
performative,0,storytime
performative,0,milestone
performative,0,storytime
organic,0,milestone
performative,1,drama
performative,0,reaction
performative,0,storytime
performative,0,toy_play
performative,0,milestone
performative,0,storytime
performative,0,reaction
performative,1,drama
performative,0,vlog
organic,0,vlog
organic,0,storytime
performative,0,reaction
performative,0,announcement
organic,0,milestone
performative,0,toy_play
performative,0,reaction
performative,0,confession
organic,0,milestone
performative,0,storytime
performative,0,reaction
organice,1,storytime
performative,0,vlog
performative,0,vlog
performative,0,vlog
performative,0,reaction
performative,0,reaction
performative,0,vlog
organic,0,vlog
organic,0,vlog
organic,0,vlog
performative,0,reaction
organic,0,vlog
organic,0,milestone
performative,0,storytime
performative,0,reaction
performative,0,party
performative,1,reaction
performative,0,storytime
organic,0,milestone
organic,0,milestone
organic,0,milestone
performative,0,storytime
performative,0,milestone
performative,0,milestone
performative,0,milestone
performative,0,milestone
performative,0,milestone
performative,0,milestone
performative,0,milestone
performative,0,milestone
organice,1,milestone
performative,0,milestone
performative,0,milestone
performative,0,milestone
organice,0,milestone
performative,0,storytime
performative,0,reaction
performative,0,storytime
performative,0,reaction
organic,0,milestone
organic,0,storytime
organic,0,travel
organic,0,reaction
performative,0,game
performative,0,drama
performative,0,funny
performative,1,challenge
performative,0,title
performative,0,title
organic,0,live
performative,1,fight
organic,0,milestone
performative,1,storytime
organic,0,treat
organic,1,milestone
organic,0,reaction
organic,0,travel
performative,0,prank
performative,1,reaction
performative,0,milestone
organic,0,milestone
organic,0,milestone
performative,0,surprise
performative,1,drama
organic,0,milestone
performative,1,storytime
performative,0,game
performative,1,storytime
performative,0,challenge
performative,0,challenge
organic,0,milestone
performative,0,challenge
performative,0,food
performative,1,reaction
performative,1,reaction
organic,0,milestone
performative,1,reaction
performative,1,reaction
organic,0,milestone
organic,0,milestone
organic,0,milestone
performative,1,storytime
organic,0,milestone
performative,0,play
performative,1,drama
organic,0,milestone
ambiguous,0,other
ambiguous,0,other
ambiguous,0,other
organic,0,milestone
organic,0,milestone
organic,0,reaction
organic,0,reaction
organic,0,reaction
organic,0,reaction
organic,0,reaction
organic,0,reaction
organic,0,reaction
organic,0,reaction
organic,0,milestone
organic,0,reaction
organic,0,reaction
organic,0,reaction
organic,0,reaction
organic,0,reaction
performative,0,drama
performative,0,drama
performative,1,drama
performative,0,drama
performative,0,reaction
performative,0,storytime
performative,0,reaction
performative,0,reaction
performative,0,reaction
performative,0,reaction
performative,1,storytime
performative,0,storytime
performative,0,storytime
performative,0,storytime
performative,0,storytime
performative,0,storytime
performative,0,storytime
performative,0,storytime
performative,0,storytime
performative,0,storytime
performative,0,storytime
performative,0,storytime
performative,0,storytime
performative,0,storytime
performative,0,storytime
performative,0,storytime
performative,0,storytime
performative,0,storytime
organic,0,milestone
organic,0,milestone
organic,0,milestone
organic,0,milestone
organic,0,milestone
organic,0,milestone
organic,0,vlog
organic,0,vlog
performative,0,announcement
performative,1,drama
organic,0,storytime
performative,1,drama
performative,0,vlog
organic,0,milestone
performative,0,howto
performative,1,storytime
performative,1,drama
performative,0,vlog
performative,0,vlog
performative,0,vlog
performative,0,cooking
organic,0,milestone
organic,0,milestone
organic,0,milestone
performative,0,magic
performative,0,reaction
performative,0,drama
performative,0,vlog
performative,0,milestone
performative,0,milestone
performative,0,milestone
performative,0,milestone
performative,0,milestone
organics,0,milestone
organics,0,travel
organics,0,milestone
performative,0,milestone
performative,0,milestone
organics,0,milestone
performative,0,milestone
performative,0,milestone
performative,0,milestone
performative,0,milestone
performative,0,milestone
performative,1,reaction
performative,0,milestone
performative,0,storytime
performative,0,milestone
performative,0,milestone
performative,0,milestone
performative,1,drama
performative,1,drama
performative,0,milestone
performative,0,storytime
performative,0,milestone
performative,0,milestone
organic,0,vlog
organic,0,milestone
performative,0,challenge
organic,0,milestone
performative,0,reaction
performative,0,reaction
organic,0,travel
organic,0,drama
performative,1,drama
organic,0,milestone
organic,0,storytime
performative,1,medical
organic,0,announcement
performative,0,drama
performative,0,challenge
performative,0,reaction
performative,0,other
organic,0,milestone
performative,1,drama
performative,0,reaction
performative,0,reaction
performative,0,reaction
organic,0,milestone
performative,0,storytime
performative,1,drama
organic,0,milestone
performative,0,challenge
performative,0,challenge
"organ..., ",0,other
ambiguous,0,other
ambiguous,0,other
ambiguous,0,other
ambiguous,0,other
ambiguous,0,other
ambiguous,0,other
ambiguous,0,other
ambiguous,0,other
ambiguous,0,other
ambiguous,0,other
ambiguous,0,other
ambiguous,0,other
ambiguous,0,other
ambiguous,0,other
ambiguous,0,other
ambiguous,0,other
ambiguous,0,other
ambiguous,0,other
ambiguous,0,other
ambiguous,0,other
ambiguous,0,other
organic,0,storytime
organic,0,storytime
organic,0,milestone
performative,0,challenge
performative,0,game
performative,0,command
no_child,0,announcement
performative,1,reaction
performative,0,question
organic,0,vlog
organic,0,milestone
organic,0,storytime
performative,1,reaction
performative,0,reaction
organic,0,question
performative,1,reaction
organic,0,milestone
organic,0,reaction
performative,0,trend
performative,0,reaction
performative,0,reaction
organic,0,milestone
organic,0,milestone
organic,0,storytime
performative,0,tutorial
organic,0,storytime
organic,0,milestone
performative,1,reaction
organic,0,storytime
organic,0,milestone
performative,0,challenge
performative,0,game
performative,0,challenge
performative,0,game
performative,0,reaction
organic,0,milestone
organic,0,reaction
organic,0,reaction
performative,1,reaction
organic,0,storytime
performative,0,prank
performative,0,prank
performative,0,storytime
performative,0,challenge
performative,0,reaction
ambiguous,0,other
ambiguous,0,other
ambiguous,0,other
ambiguous,0,other
ambiguous,0,other
organic,0,vlog
organic,0,milestone
performative,0,challenge
performative,0,discuss
performative,0,discuss
performative,0,discuss
performative,0,toy_play
performative,0,prank
organic,0,discuss
organic,0,milestone
ambiguous,0,discuss
performative,0,discuss
performative,0,discuss
performative,0,discuss
performative,0,milestone
performative,0,discuss
performative,1,drama
performative,0,discuss
organic,0,discuss
performative,0,discuss
performative,0,discuss
performative,1,drama
performative,0,discuss
performative,0,discuss
performative,0,discuss
performative,0,discuss
organic,0,travel
performative,0,discuss
performative,0,discuss
performative,1,drama
performative,0,discuss
performative,0,storytime
performative,0,reaction
performative,0,discuss
performative,0,discuss
performative,0,discuss
performative,0,discuss
performative,0,milestone
performative,0,milestone
performative,0,milestone
performative,0,milestone
performative,0,milestone
performative,0,milestone
performative,0,milestone
performative,0,milestone
performative,0,milestone
performative,0,milestone
performative,0,milestone
ambiguous,0,other
ambiguous,0,other
organic,0,vlog
ambiguous,1,milestone
organic,0,milestone
organic,0,milestone
organic,0,storytime
organic,0,milestone
organic,0,milestone
organic,0,milestone
organic,0,milestone
organic,0,milestone
performative,0,toy_play
performative,0,milestone
performative,0,storytime
performative,1,medical
performative,0,milestone
performative,0,other
performative,0,milestone
organic,0,milestone
organic,0,milestone
organic,0,milestone
organic,0,milestone
performative,1,medical
performative,1,medical
performative,1,milestone
performative,1,milestone
performative,1,milestone
performative,0,storytime
performative,1,drama
performative,1,drama
performative,1,drama
performative,1,drama
performative,1,drama
performative,0,other
performative,0,reaction
performative,1,drama
performative,1,drama
performative,1,drama
performative,0,milestone
performative,0,milestone
performative,0,milestone
performative,1,medical
performative,0,milestone
performative,0,milestone
performative,0,milestone
performative,0,milestone
performative,1,milestone
performative,1,milestone
performative,0,milestone
performative,0,milestone
performative,1,milestone
organic,0,vlog
organic,0,storytime
organic,0,travel
organic,0,travel
organic,0,vlog
organic,0,challenge
performative,0,teaser
performative,0,challenge
organic,0,drama
performative,0,drama
performative,0,reaction
no_child,0,storytime
organic,0,pool
performative,0,reaction
organic,0,milestone
organic,0,milestone
organic,0,milestone
organic,0,milestone
no_child,0,vlog
no_child,0,vlog
no_child,0,vlog
no_child,0,vlog
no_child,0,drama
organic,0,milestone
performative,0,drama
performative,0,drama
performative,0,cooking
organic,0,milestone
organic,0,milestone
organic,0,milestone
organic,0,milestone
organic,0,milestone
no_child,0,storytime
no_child,0,storytime
performative,0,drama
no_child,0,reaction
performative,0,drama
performative,0,storytime
organic,0,milestone
no_child,0,vlog
no_child,0,vlog
no_child,0,vlog
no_child,0,vlog
performative,0,drama
no_child,0,reaction
no_child,0,reaction
no_child,0,reaction
no_child,0,reaction
no_child,0,vlog
ambiguous,0,other
organic,0,vlog
amiguous,0,reaction
amiguous,0,storytime
amiguous,0,reaction
amiguous,0,reaction
organic,0,vlog
amiguous,0,tutorial
amiguous,0,reaction
performative,0,cooking
organic,0,milestone
organic,0,milestone
organic,0,milestone
performative,0,storytime
amiguous,0,live_stream
amiguous,0,vlog
amiguous,0,storytime
amiguous,0,vlog
amiguous,0,reaction
amiguous,0,reaction
amiguous,0,reaction
amiguous,0,reaction
amiguous,0,reaction
amiguous,0,reaction
organic,0,milestone
organic,0,milestone
organic,0,milestone
organic,0,milestone
amiguous,0,milestone
amiguous,0,milestone
amiguous,0,milestone
amiguous,0,milestone
performative,0,challenge
amiguous,0,storytime
amiguous,0,reaction
amiguous,0,reaction
amiguous,0,reaction
amiguous,0,reaction
amiguous,0,reaction
amiguous,0,reaction
amiguous,0,reaction
amiguous,0,reaction
amiguous,0,storytime
amiguous,0,reaction
amiguous,0,reaction
amiguous,0,reaction
amiguous,0,reaction
amiguous,0,reaction
organic,0,vlog
amiguous,0,vlog
amiguous,0,vlog
organic,0,vlog
organic,0,vlog
organic,0,storytime
performative,0,challenge
organic,0,vlog
performative,0,dance
performative,0,dance
performative,0,game
performative,0,drama
performative,0,reaction
performative,0,challenge
performative,0,challenge
performative,0,taste_test
performative,0,milestone
performative,0,reaction
performative,0,challenge
performative,0,challenge
performative,0,challenge
organic,0,travel
performative,0,challenge
performative,0,challenge
performative,0,challenge
organice,0,milestone
performative,0,challenge
performative,0,challenge
performative,0,challenge
performative,0,cooking
organic,0,travel
organic,0,milestone
native,0,milestone
organic,0,travel
organic,0,milestone
organic,0,milestone
organic,0,travel
performative,0,challenge
performative,0,drama
performative,0,challenge
performative,0,challenge
performative,0,challenge
performative,1,challenge
performative,1,drama
performative,0,challenge
organic,0,milestone
organic,0,milestone
organic,0,milestone
organic,0,travel
performative,0,challenge
performative,0,challenge
performative,0,challenge
performative,0,challenge
organic,0,vlog
ambiguous,0,reaction
ambiguous,0,music_dance
ambiguous,0,reaction
performative,0,challenge
performative,0,drama
performative,1,drama
performative,0,storytime
performative,1,prank
ambiguous,0,reaction
performative,0,announcement
performative,1,drama
performative,1,drama
performative,0,reaction
organic,0,milestone
organics,0,milestone
organics,0,drama
performative,0,storytime
performative,0,reaction
performative,0,reaction
organics,0,reaction
organics,0,announcement
performative,0,tutorial
performative,0,reaction
performative,1,drama
performative,1,prank
performative,0,reaction
performative,0,drama
performative,0,other
performative,0,prank
performative,0,reaction
performative,0,game
performative,0,drama
performative,1,drama
performative,0,reaction
performative,0,reaction
performative,0,reaction
organics,0,milestone
performative,0,shorts
organics,0,milestone
organics,0,other
organics,0,milestone
organics,0,shorts
performative,0,reaction
organics,0,milestone
organics,0,milestone
ambiguous,0,other
ambiguous,0,other
ambiguous,0,other
ambiguous,0,other
organic,0,other
organic,0,music_dance
performative,0,milestone
performative,0,milestone
organic,0,vlog
organic,0,vlog
organic,0,drama
performative,0,cooking
performative,0,music_dance
performative,0,challenge
organic,0,vlog
organic,0,storytime
organic,0,milestone
organic,0,storytime
organic,0,vlog
performative,0,dance
performative,0,surprise
performative,0,reaction
performative,0,reaction
performative,0,reaction
performative,0,reaction
organic,0,vlog
organic,0,storytime
organic,0,vlog
organic,0,vlog
organic,0,milestone
organic,0,storytime
performative,0,challenge
performative,0,challenge
performative,0,storytime
performative,0,music_dance
performative,0,storytime
organic,0,vlog
organic,0,milestone
organic,0,vlog
organic,0,milestone
organic,0,vlog
performative,0,reaction
organic,0,reaction
performative,0,reaction
performative,0,storytime
performative,1,reaction
performative,1,reaction
performative,0,drama
performative,1,drama
performative,0,reaction
performative,1,reaction
performative,0,reaction
performative,0,reaction
organic,0,milestone
organic,0,storytime
performative,0,challenge
performative,0,challenge
performative,1,comedy
performative,0,game
ambient,1,milestone
ambient,0,travel
performative,1,milestone
performative,0,comedy
ambiguous,0,storytime
ambient,0,vlog
ambient,0,moments
performative,1,drama
ambient,1,milestone
ambient,0,music_dance
organic,0,milestone
ambient,0,milestone
ambient,0,vlog
performative,0,reaction
performative,1,drama
performative,0,prank
performative,0,game
performative,1,challenge
performative,0,game
performative,0,reaction
performative,0,challenge
performative,0,challenge
performative,0,challenge
performative,0,challenge
performative,0,challenge
ambient,0,travel
ambient,0,travel
ambient,0,travel
ambient,0,travel
ambient,0,travel
ambient,0,travel
performative,0,travel
performative,0,music_dance
ambient,0,travel
performative,0,music_dance
performative,0,music_dance
performative,0,milestone
ambient,0,travel
ambient,0,travel
performative,0,music_dance
ambient,0,travel
performative,1,drama
performative,0,reaction
performative,0,storytime
performative,1,drama
organic,0,storytime
organic,0,storytime
performative,0,reaction
ambiguous,0,storytime
performative,0,comedy
ambiguous,0,storytime
performative,0,storytime
ambiguous,0,reaction
organic,0,vlog
organic,0,milestone
performative,0,unboxing
performative,0,storytime
organic,0,music_dance
ambiguous,0,reaction
ambiguous,0,reaction
ambiguous,0,storytime
ambiguous,0,reaction
ambiguous,0,storytime
performative,0,milestone
ambiguous,0,vlog
organized,0,milestone
performative,0,milestone
performative,0,unboxing
performative,0,reaction
performative,0,challenge
performative,0,challenge
performative,0,prank
performative,0,storytime
performative,0,other
performative,0,reaction
performative,0,storytime
ambiguous,0,reaction
performative,0,challenge
performative,0,storytime
performative,0,challenge
performative,0,milestone
ambiguous,0,storytime
ambiguous,0,reaction
ambiguous,0,storytime
performative,0,reaction
organistic,0,milestone
performative,0,storytime
performative,0,reaction
performative,1,challenge
organized,0,milestone
performative,0,challenge
performative,0,challenge
ambiguous,0,other
ambiguous,0,other
ambiguous,0,other
no_child,0,reaction
no_child,0,reaction
organic,0,milestone
no_child,0,reaction
organic,0,reaction
organic,0,reaction
organic,0,reaction
no_child,0,reaction
organic,0,reaction
organic,0,reaction
organic,0,reaction
no_child,0,reaction
organic,0,reaction
organic,0,reaction
organic,0,reaction
organic,0,reaction
no_child,0,reaction
no_child,0,game
no_child,0,reaction
no_child,0,reaction
no_child,0,reaction
no_child,0,reaction
no_child,0,reaction
no_child,0,reaction
no_child,0,reaction
no_child,0,reaction
no_child,0,reaction
no_child,0,reaction
no_child,0,reaction
no_child,0,reaction
no_child,0,reaction
no_child,0,reaction
no_child,0,reaction
no_child,0,reaction
no_child,0,reaction
no_child,0,reaction
no_child,0,reaction
no_child,0,reaction
no_child,0,reaction
no_child,0,reaction
no_child,0,reaction
no_child,0,reaction
no_child,0,reaction
no_child,0,reaction
no_child,0,reaction
no_child,0,reaction
no_child,0,reaction
no_child,0,reaction
no_child,0,reaction
no_child,0,reaction
performative,0,storytime
organically,0,challenge
organically,0,vlog
performative,0,reaction
performative,0,reaction
performative,0,prank
performative,1,reaction
performative,0,reaction
organically,0,storytime
organically,0,music_dance
organically,0,music_dance
organically,0,challenge
organically,0,workout
organically,0,history
organically,0,storytime
organically,0,challenge
organically,0,joke
organically,0,dance_party
performative,0,gaming
organically,0,medical
organically,1,storytime
organically,0,music_dance
organically,0,challenge
performative,0,challenge
performative,0,prank
performative,0,reaction
performative,0,storytime
performative,0,challenge
performative,0,challenge
performative,0,challenge
performative,0,challenge
organically,0,joke
organically,0,storytime
performative,0,challenge
performative,0,drama
performative,0,reaction
performative,1,storytime
performative,0,reaction
performative,0,challenge
organically,0,challenge
organically,0,challenge
performative,0,challenge
performative,0,challenge
performative,0,storytime
performative,0,challenge
performative,0,challenge
performative,0,challenge
organically,0,challenge
organically,0,challenge
organically,0,challenge
performative,0,challenge
performative,0,challenge
performative,0,challenge
organic,0,misc
performative,0,music_dance
organic,0,tutorial
performative,0,storytime
organic,0,misc
organic,0,misc
performative,0,special
performative,0,challenge
organic,0,misc
organic,0,misc
performative,0,reaction
performative,0,challenge
performative,0,prank
organic,0,milestone
organic,0,misc
organic,0,misc
performative,1,misc
performative,0,challenge
organic,0,misc
organic,0,misc
organic,0,misc
performative,0,reaction
organic,0,misc
organic,0,milestone
performative,0,singalong
performative,0,singalong
performative,0,gaming
performative,0,misc
performative,0,challenge
performative,0,reaction
organic,0,routine
performative,0,challenge
performative,0,challenge
performative,0,challenge
performative,0,misc
organic,0,misc
performative,0,reaction
performative,0,challenge
performative,0,reaction
organic,0,misc
organic,1,storytime
performative,0,reaction
organic,0,misc
performative,0,misc
performative,0,misc
performative,0,reaction
ambiguous,0,other
performative,0,challenge
performative,0,challenge
performative,1,reaction
performative,0,test / hacks
performative,0,other
performative,0,challenge
organical,0,other
organical,0,challenge
performative,0,challenge
organical,0,list / critique
performative,0,challenge
performative,0,challenge
performative,0,challenge
performative,0,challenge
performative,0,list / critique
performative,0,test / hacks
performative,0,challenge
performative,0,list / critique
performative,0,challenge
performative,0,list / critique
performative,0,challenge
performative,0,challenge
performative,0,challenge
performative,0,list / critique
performative,0,list / critique
performative,0,challenge
performative,0,list / critique
performative,0,challenge
performative,0,challenge
performative,0,challenge
performative,0,challenge
performative,0,challenge
performative,0,challenge
performative,0,challenge
performative,0,challenge
performative,0,challenge
organical,0,challenge
performative,0,challenge
performative,0,challenge
performative,0,other
performative,0,challenge
performative,0,challenge
performative,0,challenge
performative,0,challenge
performative,0,challenge
performative,0,challenge
performative,0,challenge
performative,0,challenge
performative,0,list / critique
ambiguous,0,other
organice,0,storytime
performative,0,reaction
performative,0,challenge
organice,0,storytime
organice,0,compilation
organice,0,milestone
performative,1,reaction
organice,0,rewind
performative,0,dance
organic,0,food hack
performative,0,challenge
organice,0,cooking
performative,1,game
performative,0,freakout
performative,0,reaction
performative,0,reaction
performative,0,vs/food
performative,0,list
performative,0,challenge
performative,1,drama
performative,0,challenge
performative,1,cooking
performative,0,challenge
performative,0,drama
performative,0,reaction
performative,0,challenge
performative,0,challenge
performative,0,challenge
performative,0,challenge
performative,0,reaction
performative,0,music_dance
performative,0,challenge
performative,0,reaction
performative,0,game
performative,0,challenge
performative,1,drama
performative,0,challenge
performative,0,reaction
organice,0,storytime
performative,0,reaction
performative,0,challenge
organice,0,milestone
performative,0,reaction
performative,1,reaction
performative,1,challenge
performative,0,challenge
organice,0,milestone
performative,0,reaction
performative,1,challenge
ambiguous,0,other
performative,0,food_comparison
performative,0,challenge
performative,0,game
organic,0,reaction
performative,0,challenge
performative,0,medical
performative,0,reaction
performative,0,reaction
performative,0,storytime
performative,0,challenge
performative,0,challenge
performative,0,game
performative,0,music_dance
performative,0,challenge
performative,1,reaction
performative,0,musical_lyric_video
performative,0,music_dance
performative,0,reaction
performative,0,reaction
organic,0,tour
performative,0,challenge
performative,0,challenge
performative,0,challenge
performative,0,challenge
performative,0,challenge
performative,0,challenge
performative,0,challenge
performative,0,reaction
performative,0,reaction
performative,0,reaction
performative,0,challenge
performative,1,challenge
performative,1,reaction
performative,0,music_dance
performative,0,travel
performative,0,challenge
performative,0,challenge
performative,0,reaction
performative,0,storytime
performative,0,challenge
performative,0,challenge
performative,0,challenge
performative,0,celebration
performative,0,challenge
performative,0,reaction
performative,0,celebration
performative,1,reaction
performative,0,challenge
ambiguous,0,other
ambiguous,0,other
performative,0,challenge
ambiguous,1,drama
performative,0,challenge
organic,0,vlog
performative,0,challenge
performative,0,discovery
performative,0,challenge
performative,0,challenge
organic,0,milestone
performative,1,reaction
performative,0,storytime
performative,1,drama
performative,0,challenge
performative,1,challenge
performative,0,challenge
performative,0,announcement
performative,0,food
organic,0,milestone
organic,0,milestone
performative,0,halloween
performative,1,adventure
performative,1,prank
performative,1,prank
performative,0,review
performative,0,challenge
performative,0,challenge
performative,0,challenge
performative,0,reaction
performative,0,challenge
performative,0,challenge
performative,0,challenge
performative,1,challenge
performative,0,announcement
performative,0,food
performative,0,challenge
performative,0,challenge
performative,0,challenge
performative,0,challenge
performative,0,challenge
performative,0,challenge
performative,0,challenge
performative,0,challenge
performative,0,challenge
performative,0,challenge
performative,1,reaction
performative,0,challenge
performative,0,challenge
performative,1,challenge
performative,0,reaction
performative,0,music_dance
performative,0,challenge
performative,0,challenge
organic,0,milestone
performative,0,challenge
organic,0,announcement
organic,0,reaction
organic,0,milestone
performative,0,challenge
organic,0,dance
performative,0,game
performative,0,challenge
performative,0,toy_play
performative,0,experiment
performative,0,challenge
performative,0,challenge
organic,0,challenge
performative,0,challenge
performative,0,challenge
performative,0,music_dance
performative,0,music_dance
performative,0,music_dance
performative,0,reaction
performative,0,challenge
performative,0,challenge
performative,0,music_dance
performative,0,music_dance
performative,0,music_dance
performative,0,reaction
performative,0,music_dance
organic,0,challenge
organic,0,travel
performative,0,challenge
organic,0,unboxing
performative,0,challenge
organic,0,milestone
performative,0,challenge
performative,0,challenge
performative,1,drama
organic,0,milestone
performative,0,challenge
performative,0,storytime
organic,0,challenge
performative,0,challenge
performative,0,reaction
performative,0,challenge
organic,0,milestone
performative,0,challenge
performative,0,unboxing
organice,0,milestone
performative,0,challenge
performative,0,unboxing
organic,0,storytime
performative,0,挑战
performative,0,challenge
performative,1,drama
performative,0,challenge
performative,0,mega compilation
organic,0,music_dance
organic,0,announcement
performative,1,reaction
organic,0,travel
performative,0,food
performative,1,gaming
performative,1,drama
performative,0,challenge
performative,0,challenge
performative,0,reaction
performative,0,food
performative,0,challenge
performative,0,trick_shot
performative,1,challenge
performative,0,challenge
organic,0,vlog
performative,0,challenge
organic,0,announcements
performative,0,challenge
performative,0,storytime
performative,0,challenge
organic,0,holiday
performative,0,music_dance
performative,0,vlog
performative,0,challenge
performative,1,reaction
performative,0,challenge
performative,0,challenge
performative,0,challenge
performative,0,challenge
performative,1,drama
performative,0,challenge
organic,0,music_dance
performative,0,family
performative,0,challenge
performative,0,challenge
performative,1,reaction
performative,0,challenge
performative,0,challenge
performative,0,music_dance
performative,0,challlenge
performative,0,DIY
performative,1,reaction
organic,0,vlog
performative,0,prank
performative,0,music_dance
performative,0,unboxing
performative,0,DIY
performative,0,challenge
organic,0,compilation
performative,0,physical comedy
performative,0,toy_play
performative,0,music_dance
performative,0,challenge
performative,0,food challenge
organic,0,milestone
performative,1,DIY
performative,0,challenge
performative,0,challenge
performative,1,reaction
performative,1,music_dance
performative,0,food challenge
performative,0,challenge
performative,0,family challenge
performative,0,storytime
performative,1,drama
performative,1,challenge
performative,0,food challenge
performative,1,reaction
performative,0,food challenge
performative,0,challenge
performative,0,challenge
performative,0,travel
organic,0,science
performative,0,storytime
performative,0,reaction
performative,0,travel
performative,0,challenge
performative,0,reaction
performative,0,food challenge
performative,1,drama
performative,0,challenge
performative,0,medical
performative,0,reaction
performative,0,challenge
performative,0,review
performative,0,challenge
performative,0,travel
organic,0,milestone
performative,0,food challenge
performative,0,challenge
ambiguous,0,other
ambiguous,0,other
performative,0,challenge
organic,0,milestone
performative,0,unboxing
performative,0,storytime
performative,0,comparison
performative,0,challenge
organic,0,travel
performative,0,trick
performative,0,challenge
organic,0,milestone
performative,0,challenge
performative,0,music_dance
performative,0,challenge
performative,0,music_dance
performative,0,reaction
performative,1,reaction
performative,0,crazy_family_moments
performative,0,fireworks
performative,0,toy_play
performative,0,comparison
performative,0,comparison
performative,0,reaction
performative,0,challenge
performative,0,reaction
performative,0,reaction
performative,0,reaction
organic,0,milestone
performative,0,comparison
performative,0,challenge
performative,0,game
performative,0,challenge
performative,0,announcement
performative,0,other
performative,0,challenge
performative,0,reaction
performative,0,challenge
performative,1,challenge
performative,0,reaction
performative,0,milestone
performative,0,drama
performative,1,challenge
performative,0,reaction
performative,0,reaction
performative,0,reaction
performative,1,reaction
performative,0,challenge
performative,0,reaction
performative,0,storytime
performative,0,drama
performative,1,challenge
performative,0,reaction
organic,0,milestone
performative,0,challenge
performative,1,reaction
organic,0,travel
organic,0,vlog
performative,0,unboxing
performative,0,award show/celebration
organic,0,announcement
performative,0,food
performative,0,challenge
performative,0,game
performative,0,reaction
performative,1,challenge
performative,1,reaction
organic,0,recipe
organic,0,unboxing
performative,0,unboxing
organic,0,vlog
organic,0,milestone
performative,0,prank
performative,0,prank
performative,0,reaction
performative,0,reaction
performative,1,drama
performative,1,reaction
performative,1,drama
performative,1,challenge
performative,0,challenge
performative,0,challenge
performative,1,challenge
performative,1,reaction
performative,0,unboxing
performative,0,storytime
organic,1,reaction
performative,1,drama
performative,1,challenge
performative,0,reaction
performative,1,reaction
organical,0,vlog
performative,1,drama
performative,1,challenge
performative,0,travel
performative,0,prank
performative,1,drama
performative,1,challenge
performative,0,reaction
performative,1,drama
organic,0,milestone
ambiguous,0,other
performative,0,other
organic,0,milestone
performative,0,reaction
performative,0,music_dance
performative,0,drama
performative,0,reaction
performative,0,medical
performative,0,compilation
organic,0,milestone
performative,0,workout
organic,0,food
organic,0,vlog
performative,0,game
performative,0,challenge
performative,0,reaction
performative,0,challenge
performative,0,challenge
performative,0,challenge
organic,0,vlog
organic,0,milestone
performative,0,music_dance
performative,0,food
performative,0,cover
performative,0,food
performative,0,reaction
performative,0,challenge
performative,0,challenge
performative,0,reaction
organic,0,vlog
performative,0,reaction
performative,1,other
performative,0,challenge
performative,1,other
performative,0,challenge
performative,0,challenge
performative,0,challenge
performative,0,reaction
performative,0,storytime
performative,0,game
performative,0,milestone
performative,0,reaction
performative,0,reaction
organic,0,milestone
performative,0,reaction
performative,0,reaction
performative,0,reaction
performative,0,reaction
performative,1,other
ambiguous,0,other
ambiguous,0,other
performative,1,drama
organic,0,announcement
performative,0,challenge
performative,0,reaction
performative,0,battle
performative,0,challenge
organic,0,scare/camera effect
performative,1,medical
performative,0,toy_play
organic,0,milestone
performative,1,drama
organic,0,compilation
organic,0,vlog
performative,0,storytime
organic,0,milestone
organic,0,milestone
organic,0,vlog
organic,0,food
performative,1,drama
organic,0,tour
organic,0,milestone
organic,0,vlog
performative,0,reaction
organic,0,challenge
organic,0,milestone
performative,0,reaction
organic,0,surprise
performative,0,challenge
no_child,0,storytime
organic,0,birthday
performative,1,challenge
performative,0,comments
performative,0,confession
organic,0,milestone
performative,0,competition
performative,0,cooking
performative,0,food
performative,0,challenge
performative,0,celebration
performative,0,travel
performative,1,drama
organic,0,waterpark
performative,0,tutorial
organic,0,milestone
performative,1,drama
no_child,0,storytime
ambiguous,0,other
ambiguous,0,other
ambiguous,0,other
ambiguous,0,other
organic,0,travel
ambiguous,0,reaction
organic,0,reaction
organic,0,travel
organic,0,vlog
organic,0,travel
performative,0,reaction
organic,0,milestone
ambiguous,0,travel
performative,0,challenge
performative,0,milestone
organic,0,travel
performative,0,milestone
performative,0,challenge
ambiguous,0,question
organic,0,storytime
performative,0,food
ambiguous,0,reaction
performative,0,milestone
ambiguous,0,storytime
performative,0,reaction
amiguous,1,reaction
performative,0,reaction
performative,0,drama
performative,0,vlog
performative,0,drama
performative,0,reaction
performative,0,reaction
performative,1,reaction
performative,0,challenge
performative,0,unboxing
performative,0,toy_play
performative,0,reaction
performative,0,reaction
performative,0,challenge
organice,0,storytime
performative,0,challenge
performative,0,food
performative,1,drama
performative,0,vlog
performative,0,reaction
performative,0,challenge
performative,1,reaction
organice,0,storytime
ambiguous,0,other
ambiguous,0,other
ambiguous,0,other
ambiguous,0,other
ambiguous,0,other
ambiguous,0,other
performative,1,reaction
performative,1,reaction
performative,1,drama
performative,0,food
organic,0,milestone
performative,0,drama
organic,0,storytime
organic,0,milestone
organic,0,magic
organic,0,milestone
organice,1,storytime
performative,1,reaction
performative,1,drama
performative,1,challenge
performative,0,dance
performative,0,reaction
performative,1,reaction
performative,1,drama
performative,1,drama
performative,0,storytime
organic,0,storytime
organic,0,travel
organic,1,storytime
performative,1,storytime
organic,0,milestone
organic,0,travel
organic,0,travel
organic,0,travel
performative,0,challenge
performative,0,challenge
performative,0,challenge
performative,0,challenge
performative,0,drama
performative,0,music_dance
performative,1,reaction
performative,1,prank
performative,1,other
performative,1,reaction
performative,1,storytime
performative,1,reaction
performative,0,vlog
organic,0,milestone
performative,1,drama
performative,0,storytime
performative,0,drama
organic,0,travel
performative,0,milestone
performative,1,drama
organic,0,storytime
performative,0,storytime
performative,0,other
performative,0,challenge
performative,0,challenge
performative,0,storytime
performative,0,storytime
performative,0,cooking
organicl,0,announcement
organicl,0,vlog
organicl,0,tutorial
performative,0,reaction
performative,0,other
performative,0,transformation
performative,0,challenge
performative,0,challenge
organicl,0,vlog
organicl,0,milestone
organicl,0,milestone
organicl,0,travel
organicl,0,travel
performative,0,reaction
performative,0,reaction
performative,0,q&a
performative,0,tutorial
performative,0,reaction
performative,0,storytime
performative,0,reaction
performative,0,reaction
performative,0,reaction
organicl,0,holiday
organicl,0,travel
performative,0,cover
organicl,0,travel
performative,0,challenge
organicl,0,challenge
performative,0,battle
performative,0,unboxing
performative,0,challenge
performative,0,battle
performative,0,holiday
performative,0,milestone
performative,0,food
performative,0,challenge
performative,0,battle
performative,0,holiday
performative,0,challenge
performative,0,challenge
ambiguous,0,other
ambiguous,0,other
ambiguous,0,other
ambiguous,0,other
performative,0,cooking
performative,0,roleplay
performative,1,challenge
performative,0,storytime
organic,0,dance
organic,0,vlog
organic,0,compilation
performative,0,drama
performative,0,battle
performative,0,taste test
performative,0,toy_play
organic,0,class
performative,0,birthday
performative,0,challenge
organic,0,q&a
performative,0,random
organic,0,stream
organic,0,comparison
performative,0,snack
performative,0,challenge
performative,0,challenge
performative,0,vines
no_child,0,unboxing
performative,0,game
performative,0,challenge
performative,0,challenge
performative,0,challenge
performative,0,challenge
performative,0,challenge
performative,0,challenge
organic,0,travel
performative,0,cooking
performative,1,challenge
no_child,0,activity
performative,0,vines
no_child,1,prank
no_child,0,reaction
organic,0,nostalgia
performative,0,challenge
organic,0,travel
performative,0,adventure
performative,0,challenge
performative,0,travel
performative,0,challenge
performative,0,challenge
no_child,0,bloopers
performative,1,drama
ambiguous,0,other
ambiguous,0,other
ambiguous,0,other
organic,0,food/cooking
ambiguous,0,game
performative,0,music_dance
performative,0,drama
organic,0,compilation
performative,0,challenge
organic,0,food/cooking
performative,0,challenge
organic,0,food/cooking
organic,0,compilation
performative,0,reaction
performative,0,game
performative,0,battle
performative,0,challenge
organical,0,music_dance
ambiguous,0,game
performative,0,challenge
performative,0,challenge
performative,0,makeover
organic,0,compilation
performative,0,game
performative,0,game
performative,0,game
performative,0,reaction
performative,0,compilation
ambiguous,0,game
performative,0,reaction
performative,0,reaction
organical,0,mukbang
ambiguous,0,tutorial
performative,0,explanation
ambiguous,0,reaction
organical,0,vlog
performative,0,reaction
performative,0,reaction
performative,0,music_dance
performative,0,storytime
performative,0,reaction
performative,0,milestone
organical,0,vlog
performative,0,announcement
organical,0,vlog
performative,0,challenge
performative,0,battle
no_child,0,reaction
no_child,0,reaction
no_child,0,reaction
no_child,0,reaction
no_child,0,reaction
no_child,0,reaction
ambiguous,0,other
performative,0,dance
performative,0,milestone
performative,0,challenge
performative,0,roleplay
organic,0,vlog
performative,0,unboxing
organic,0,milestone
organic,0,milestone
organic,0,game
performative,0,roleplay
organic,0,storytime
performative,0,milestone
performative,0,milestone
performative,0,roleplay
performative,1,reaction
performative,0,storytime
organic,0,milestone
performative,0,challenge
performative,0,roleplay
performative,0,reaction
performative,0,reaction
performative,0,reaction
performative,1,reaction
performative,0,challenge
performative,0,challenge
performative,0,challenge
performative,0,challenge
performative,0,roleplay
performative,0,challenge
performative,0,challenge
performative,0,dance
performative,0,dance
performative,0,milestone
performative,0,roleplay
performative,0,storytime
performative,0,reaction
performative,0,game
performative,0,reaction
performative,0,challenge
performative,0,dance
performative,0,challenge
performative,0,milestone
performative,1,milestone
performative,0,reaction
ambiguous,0,other
ambiguous,0,other
ambiguous,0,other
ambiguous,0,other
ambiguous,0,other
organic,0,vlog
performative,0,music_dance
performative,0,storytime
organic,0,vlog
organic,0,milestone
organic,0,milestone
performative,0,challenge
performative,0,toy_play
performative,0,game
performative,0,celebration
organic,0,reaction
performative,0,toy_play
performative,0,challenge
performative,0,game
performative,0,challenge
performative,0,dance
performative,0,challenge
performative,0,transformation
organic,0,milestone
performative,0,reaction
performative,0,reaction
performative,0,challenge
performative,0,challenge
performative,0,milestone
performative,0,toy_play
performative,0,challenge
performative,0,reaction
performative,0,challenge
performative,0,game
performative,0,milestone
performative,0,vlog
performative,0,storytime
performative,0,reaction
performative,0,challenge
performative,0,celebration
performative,0,milestone
organically,0,reaction
performative,0,celebration
performative,0,milestone
performative,0,reaction
performative,0,gamer
performative,0,milestone
performative,0,storytime
performative,0,reaction
performative,0,challenge
performative,1,storytime
performative,1,storytime
performative,0,milestone
performative,0,milestone
performative,0,storytime
organic,0,storytime
performative,0,challenge
performative,0,collaboration
performative,0,storytime
organic,0,vlog
performative,0,milestone
performative,0,milestone
performative,0,competition
performative,0,magical animals
performative,0,milestone
performative,0,roleplay
performative,0,milestone
performative,0,toy_play
performative,0,reaction
performative,0,toy_play
performative,0,storytime
performative,0,photo shoot
performative,0,challenge
performative,0,pet training
performative,0,vlog
performative,0,storytime
performative,0,beauty tutorial
performative,0,photo shoot
performative,0,special effects/makeup
performative,0,toy review
performative,0,vlog
performative,0,challenge
performative,0,toy_play
performative,0,reaction
performative,0,holiday/celebration
performative,0,unboxing
performative,0,enchanting animals
performative,0,milestone
performative,0,challenge
performative,0,challenge
performative,0,challenge
performative,0,challenge
performative,0,storytime
performative,0,toy_play
performative,0,challenge
performative,0,reaction
performative,0,celebration
performative,0,milestone
performative,0,challenge
performative,0,Q&A
performative,0,party
performative,0,challenge
performative,0,announcement
performative,0,dance
performative,0,life discussion
organic,0,storytime
organic,0,Q&A
performative,0,Q&A
performative,0,prank
performance,0,choreography
performative,0,choreography
performative,0,tutorial
performative,0,vlog
organic,0,Q&A
organic,0,storytime
no_child,0,announcement
performative,0,challenge
organic,1,vlog
organic,1,vlog
organic,1,vlog
organic,1,vlog
performative,0,challenge
performative,0,challenge
organic,0,storytime
no_child,0,storytime
no_child,0,storytime
no_child,0,storytime
no_child,0,storytime
no_child,0,challenge
performative,0,challenge
performance,0,challenge
performative,0,challenge
performative,0,challenge
performative,0,challenge
performative,0,challenge
performative,0,challenge
performative,0,challenge
performative,0,challenge
performative,0,challenge
organic,0,challenge
organic,0,challenge
organic,0,challenge
organic,0,challenge
organic,0,challenge
performative,0,challenge
performative,0,challenge
performance,0,challenge
performative,0,challenge
performative,0,challenge
performative,0,challenge
ambiguous,0,other
ambiguous,0,other
ambiguous,0,other
ambiguous,0,other
ambiguous,0,other
organic,0,other
performative,0,challenge
organic,0,other
performative,0,challenge
performative,0,challenge
organic,0,food
organic,0,shopping
performative,0,surprise
performative,0,challenge
performative,0,milestone
organic,0,food
organic,0,travel
organic,0,travel
organic,0,milestone
performative,0,challenge
performative,0,challenge
organic,0,food
performative,0,roleplay
performative,0,shopping
performative,0,challenge
performative,0,challenge
performative,0,challenge
performative,0,challenge
performative,0,challenge
performative,0,challenge
performative,0,shopping
performative,0,challenge
performative,0,shopping
performative,0,challenge
organic,0,travel
organic,0,travel
organic,0,travel
performative,0,milestone
performative,0,challenge
organic,0,food
performative,0,shopping
performative,0,shopping
performative,0,challenge
performative,0,challenge
performative,0,surprise
performative,0,challenge
performative,0,surprise
performative,0,challenge
performative,0,challenge
performative,0,challenge
performative,0,challenge
performative,0,challenge
performative,0,food
performative,0,reaction
performative,0,surprise
organic,0,challenge
ambiguous,0,reaction
organic,0,milestone
performative,0,challenge
organic,0,announcement
no_child,0,trend
organic,0,milestone
organic,0,travel
organic,0,milestone
organic,0,vlog
performative,0,challenge
unboxing,0,unboxing
performative,0,challenge
performative,1,food
performative,1,drama
ambiguous,0,trend
organic,0,travel
reaction,0,reaction
performative,0,challenge
organic,0,costumes
milestone,0,milestone
no_child,0,nostalgia
organic,0,travel
organic,0,vacation
organic,0,travel
no_child,0,storytime
performative,0,trend
no_child,0,trend
organic,0,travel
reaction,0,reaction
performative,0,challenge
no_child,1,milestone
no_child,1,drama
no_child,0,reaction
no_child,0,challenge
performative,0,dance
no_child,0,storytime
performative,0,dance
no_child,0,storytime
no_child,0,vlog
performative,0,challenge
no_child,0,storytime
performative,0,challenge
no_child,0,reaction
performative,0,trend
no_child,0,storytime
no_child,1,storytime
no_child,0,reaction
no_child,0,reaction
no_child,0,storytime
ambiguous,0,storytime
performance,0,music_dance
performative,0,challenge
performative,0,prank
ambiguous,0,storytime
organic,0,travel
organic,0,travel
ambiguous,1,reaction
ambiguous,0,storytime
performative,0,dance
organic,1,birthday
ambiguous,0,storytime
ambiguous,0,reaction
ambiguous,1,storytime
performative,0,challenge
performative,0,challenge
ambiguous,0,reaction
ambiguous,0,reaction
organic,0,vlog
organic,0,vlog
performative,0,haul
performative,0,challenge
organic,0,storytime
organic,0,storytime
organic,0,storytime
performative,0,dance
organice,0,reaction
performative,0,storytime
performative,0,dance
organic,0,storytime
performative,1,reaction
performative,0,dance
performative,1,storytime
performative,0,challenge
performative,0,dance
ambiguous,0,reaction
ambiguous,1,reaction
organice,0,reaction
performative,1,storytime
performative,0,dance
performative,1,reaction
ambiguous,0,dance
performative,0,reaction
performative,0,dance
organic,0,travel
performative,1,reaction
ambiguous,0,other
ambiguous,0,other
ambiguous,0,other
ambiguous,0,other
organic,0,reaction
organic,0,reaction
performative,0,trend
organic,0,vlog
performative,0,trend
performative,0,trend
performative,1,reaction
organic,0,milestone
organic,0,discussion
performative,0,challenge
organic,0,storytime
organic,0,mukbang
performative,0,talk
performative,0,storytime
performative,0,reaction
performative,0,dance
performative,0,trend
organic,0,vlog
organic,0,storytime
performative,0,challenge
performative,1,prank
performative,0,trend
performative,1,trend
performative,1,reaction
performative,1,trend
performative,1,trend
performative,0,trend
performative,0,trend
performative,0,reaction
performative,0,milestone
performative,0,trend
performative,1,reaction
performative,0,challenge
performative,1,trend
performative,1,trend
performative,0,reaction
organic,0,milestone
organic,0,storytime
organiс,0,challenge
performative,0,reaction
organic,0,milestone
performative,0,challenge
performative,0,trend
performative,0,trend
performative,1,dance
performative,0,dance
performative,0,trend
performative,0,dance
ambiguous,0,other
ambiguous,0,other
organic,0,dance
organic,0,dance
ambiguous,1,reaction
ambiguous,0,reaction
organic,0,storytime
ambiguous,1,storytime
organic,0,dance
organic,0,travel
organic,1,storytime
organic,0,storytime
organic,1,storytime
organic,0,question
organic,0,dance
organic,0,dance
organic,0,storytime
organic,0,dance
organic,1,storytime
organic,1,storytime
organic,1,storytime
organic,1,question
organic,0,trend
organic,1,reaction
organic,0,routine
organic,1,reaction
organic,1,dance
organic,1,storytime
organic,1,storytime
organic,1,reaction
organic,1,reaction
organic,0,storytime
performative,0,challenge
performative,0,prank
organic,1,storytime
organic,0,reaction
organic,0,vlog
organic,1,reaction
organic,1,storytime
performative,0,challenge
organic,1,storytime
organic,1,storytime
organic,0,reaction
organic,0,music_dance
organic,1,storytime
organic,0,storytime
ambiguous,0,storytime
organic,1,reaction
organic,0,storytime
ambiguous,0,storytime
organic,1,reaction
organic,0,storytime
performative,0,challenge
performative,0,dance
organic,0,storytime
performative,1,drama
organic,0,milestone
performative,0,storytime
organicu,0,storytime
performative,0,makeover
performative,0,quiz
performative,0,dance
performative,0,dance
performative,0,dance
performative,0,drama
performative,0,food challenge
organic,0,travel
organic,0,reality
performative,1,reaction
organic,0,milestone
performative,1,challenge
organic,0,challenge
performative,0,vlog
performative,0,challenge
performative,0,challenge
performative,0,challenge
performative,0,challenge
organic,0,news
performative,0,challenge
organic,0,reaction
performative,1,challenge
organic,0,baby_name
performative,0,challenge
organic,0,baby_name
organic,0,baby_name
performative,0,challenge
performative,0,food challenge
organic,0,travel
performative,0,dance
performative,0,family vlog
performative,0,prank
performative,0,dance
performative,0,dance
performative,1,drama
performative,0,reaction
organicu,1,storytime
organicu,1,storytime
performative,0,trend
ambiguous,0,other
ambiguous,0,other
ambiguous,0,other
ambiguous,0,other
performative,0,storytime
performative,0,dance
performative,0,dance
organic,0,storytime
organic,0,storytime
organic,0,vlog
organic,0,vlog
performative,0,dance
performative,0,reaction
performative,0,storytime
performative,0,challenge
performative,0,dance
performative,0,roleplay
organic,0,vlog
organic,0,vlog
organic,0,vlog
organic,0,storytime
organic,0,tour
no_child,0,announcement
performative,0,reaction
performative,0,reaction
performative,0,reaction
performative,0,milestone
performative,0,challenge
performative,0,reaction
organic,0,vlog
organic,0,vlog
organic,0,vlog
organic,0,vlog
performative,0,reaction
organic,0,challenge
performative,0,challenge
organic,0,challenge
performative,1,reaction
organic,0,challenge
organic,0,challenge
organic,0,challenge
organized,0,milestone
organic,0,challenge
organic,0,milestone
organic,0,milestone
performative,1,storytime
performative,0,milestone
performative,0,challenge
performative,0,challenge
performative,0,challenge
performative,1,challenge
organic,0,travel
performative,0,challenge
performative,0,challenge
performative,0,challenge
organic,0,announcement
performative,0,challenge
performative,0,challenge
organic,0,reaction
performative,0,challenge
organic,0,surprise
performative,0,challenge
performative,0,challenge
organic,0,milestone
organic,0,milestone
organic,0,storytime
performative,0,challenge
performative,0,milestone
performative,0,challenge
performative,0,challenge
performative,0,challenge
performative,0,challenge
performative,0,storytime
performative,0,review
performative,0,shopping
performative,0,storytime
performative,0,challenge
performative,0,challenge
organic,0,travel
organic,0,storytime
performative,0,tour
organic,0,moving
performative,0,review
performative,0,challenge
performative,0,reaction
organic,0,milestone
performative,0,challenge
performative,0,challenge
no_child,0,storytime
performative,0,reaction
organized,0,challenge
performative,0,celebration
performative,0,challenge
performative,0,storytime
organic,0,challenge
performative,0,challenge
performative,0,milestone
performative,0,challenge
performative,0,storytime
performative,0,reaction
organize,0,milestone
performative,0,challenge
performative,0,storytime
performative,0,challenge
performative,0,milestone
organic,0,challenge
performative,0,challenge
performative,0,challenge
performative,0,challenge
performative,0,challenge
performative,0,challenge
performative,0,other
performative,0,music_dance
performative,0,reaction
organic,0,vlog
performative,0,dance
performative,1,reaction
organic,1,storytime
performative,1,medical
organic,0,question
organic,0,storytime
organic,1,storytime
organic,1,storytime
performative,0,challenge
organic,0,milestone
organic,0,challenge
organic,0,travel
performative,0,surprise
organic,0,vlog
organic,0,travel
organic,0,travel
organic,0,travel
organic,0,milestone
performative,0,celebration
organic,0,milestone
performative,0,storytime
performative,0,reaction
performative,0,challenge
performative,1,reaction
performative,0,challenge
performative,0,challenge
performative,1,drama
performative,0,celebration
performative,0,challenge
performative,1,reaction
performative,1,reaction
performative,1,reaction
performative,0,storytime
performative,0,challenge
performative,1,storytime
organict,0,challenge
performative,0,birthday
organic,0,milestone
organict,0,dance
organic,0,vlog
organic,0,vlog
performative,0,prank
performative,0,challenge
performative,0,challenge
organic,0,storytime
performative,0,dance
performative,0,qa
performative,0,drama
performative,1,storytime
performative,0,dance
performative,0,reaction
organic,0,unboxing
performative,0,challenge
organization,0,dance
performative,0,unboxing
organic,0,storytime
organic,0,storytime
performative,0,milestone
performative,1,storytime
performative,0,prank
organic,0,milestone
organic,1,vlog
organic,1,medical
performative,1,reaction
performative,1,storytime
performative,1,storytime
performative,0,milestone
performative,0,vlog
performative,1,milestone
performative,0,reaction
performative,0,milestone
performative,0,milestone
performative,0,milestone
organic,0,storytime
organice,0,challenge
performative,0,milestone
organic,0,storytime
performative,0,challenge
performative,0,challenge
performative,0,storytime
performative,1,prank
organice,0,storytime
performative,0,storytime
organice,0,storytime
performative,0,storytime
organice,0,storytime
performative,1,reaction
performative,0,storytime
performative,0,storytime
organic,0,storytime
performative,0,music_dance
organic,0,milestone
performative,0,drama
performative,0,milestone
organic,0,unboxing
performative,0,haul
organic,0,travel
organic,0,milestone
organic,0,vlog
organic,0,milestone
organic,0,milestone
performative,0,milestone
performative,0,challenge
performative,1,drama
performative,0,challenge
organic,1,drama
organic,0,vlog
performative,0,music_dance
performative,0,reaction
performative,1,drama
organic,0,vlog
organic,0,milestone
organic,0,milestone
performative,1,drama
organic,0,challenge
performative,0,challenge
organic,0,haul
organic,0,milestone
organic,0,challenge
organic,0,challenge
organic,0,milestone
organic,1,drama
performative,1,drama
organic,0,reaction
performative,0,challenge
performative,0,reaction
performative,0,drama
performative,0,reaction
performative,1,drama
performative,0,challenge
performative,0,reaction
performative,1,drama
organic,0,reaction
performative,0,challenge
performative,0,drama
organic,0,milestone
performative,1,drama
performative,0,reaction
performative,1,drama
organic,0,music_dance
performative,0,questionnaire
organic,0,milestone
performative,1,drama
no_child,0,announcement
performative,0,toy_play
performative,0,drama
performative,0,unboxing
performative,0,medical
performative,0,challenge
performative,0,game
performative,0,game
organic,0,announcement
organic,0,announcement
organic,0,storytime
organic,0,storytime
organic,0,storytime
organic,0,milestone
performative,0,challenge
performative,1,drama
performative,1,challenge
organic,0,travel
organic,0,challenge
organic,0,milestone
performative,0,challenge
performative,0,reaction
organic,0,milestone
organic,0,milestone
organic,0,announcement
performative,0,challenge
organic,0,travel
organic,0,storytime
performative,1,challenge
performative,0,storytime
organic,0,celebration
performative,1,drama
performative,0,challenge
organic,0,storytime
performative,0,celebration
performative,0,challenge
performative,0,storytime
performative,0,storytime
organic,0,milestone
organic,0,milestone
organic,1,milestone
performative,1,drama
performative,0,milestone
performative,0,milestone
organic,0,milestone
organic,0,milestone
organic,0,challenge
organic,0,travel
organic,0,milestone
organic,0,game
performative,0,challenge
organic,0,milestone
organic,0,milestone
organic,0,milestone
organic,0,milestone
organic,0,travel
organic,0,milestone
organic,0,milestone
performative,0,milestone
organic,0,game
organic,0,milestone
organic,0,milestone
performative,0,challenge
organic,0,milestone
performative,0,reaction
organic,1,reaction
organic,0,travel
performative,0,reaction
organic,0,milestone
performative,0,milestone
performative,1,reaction
organic,0,milestone
performative,0,milestone
performative,0,milestone
performative,1,milestone
organic,0,challenge
organic,0,milestone
organic,0,milestone
performative,0,milestone
organic,0,milestone
performative,0,milestone
organic,0,milestone
performative,0,milestone
organic,0,milestone
organic,0,milestone
organic,0,milestone
organic,0,milestone
organic,0,milestone
performative,1,milestone
organict,0,milestone
performative,0,milestone
performative,0,milestone
organic,0,milestone
performative,0,milestone
performative,0,milestone
ambiguous,0,other
organic,0,vlog
ambiguous,1,storytime
performative,0,unboxing
organic,0,vlog
performative,0,challenge
performative,1,medical
performative,0,challenge
performative,1,reaction
performative,0,storytime
performative,1,reaction
performative,0,vlog
performative,0,challenge
performative,0,challenge
performative,1,storytime
organic,0,challenge
performative,1,medical
performative,0,challenge
performative,0,challenge
performative,0,milestone
performative,0,milestone
performative,0,milestone
performative,0,milestone
performative,0,challenge
performative,0,challenge
performative,0,challenge
performative,1,reaction
performative,0,challenge
performative,0,challenge
performative,0,challenge
performative,0,challenge
performative,1,challenge
performative,0,challenge
performative,0,challenge
performative,0,challenge
performative,0,challenge
performative,0,storytime
performative,0,milestone
performative,1,storytime
performative,0,challenge
performative,0,challenge
performative,0,challenge
performative,0,challenge
performative,1,storytime
performative,0,challenge
performative,0,challenge
performative,0,challenge
performative,0,challenge
performative,0,challenge
performative,0,challenge
ambiguous,0,other
organic,0,challenge
performative,0,medical
performative,0,challenge
organic,0,milestone
performative,0,storytime
performative,0,music_dance
organic,0,millestone
organic,0,milestone
performative,0,challenge
performative,0,challenge
performative,0,challenge
performative,0,storytime
performative,0,challenge
performative,0,storytime
organic,0,milestone
performative,0,milestone
organic,0,milestone
organic,1,milestone
performative,1,storytime
performative,1,storytime
performative,0,reaction
performative,0,storytime
performative,0,storytime
performative,1,reaction
performative,0,challenge
performative,0,milestone
performative,0,milestone
performative,0,milestone
performative,0,storytime
performative,0,milestone
performative,0,challenge
performative,0,milestone
organic,0,milestone
performative,1,storytime
performative,1,storytime
performative,0,reaction
performative,1,storytime
performative,0,challenge
performative,0,milestone
performative,0,milestone
performative,0,milestone
performative,0,storytime
performative,1,storytime
performative,0,travel
performative,1,storytime
performative,1,storytime
performative,1,storytime
performative,0,reaction
ambiguous,0,other
ambiguous,0,other
organic,0,vlog
performative,0,reaction
performative,0,roleplay
organic,0,documentary
organic,0,vlog
performative,0,transformation
performative,0,food
performative,0,vlog
performative,0,roleplay
performative,0,haul
organic,0,discussion
organic,0,milestone
performative,0,shopping
organic,0,vlog
performative,0,challenge
organic,0,milestone
performative,0,food
organic,0,milestone
organic,0,travel
performative,0,surprise
performative,0,giving
performative,0,challenge
performative,0,giving
performative,0,charity
performative,0,haul
performative,0,challenge
performative,1,giving
performative,0,haul
performative,0,challenge
performative,0,reaction
performative,1,challenge
performative,1,challenge
performative,0,shopping
performative,0,storytime
performative,0,announcement
performative,0,drama
performative,0,shopping
performative,0,challenge
performative,0,travel
performative,0,vlog
performative,0,toy_play
performative,1,challenge
performative,0,challenge
ambiguous,0,other
ambiguous,0,other
ambiguous,0,other
ambiguous,0,other
ambiguous,0,other
ambiguous,0,other
ambiguous,0,other
organic,0,milestone
performative,0,challenge
organic,0,milestone
performative,0,milestone
organic,0,storytime
organic,0,party
performative,0,roleplay
performative,0,eating
performative,0,costume
performative,0,haul
organic,1,medical
performative,0,costume
performative,0,hideandseek
performative,0,challenge
performative,0,challenge
organic,0,milestone
organic,0,tour
organic,0,travel
organic,1,travel
organic,1,milestone
performative,1,reaction
performative,1,reaction
organic,1,reaction
performative,1,reaction
performative,0,challenge
performative,0,announcement
organic,0,routine
organic,0,routine
organic,0,routine
organic,1,travel
organic,1,milestone
organic,0,reaction
performative,0,challenge
performative,0,challenge
organic,0,milestone
performative,0,medical
performative,0,challenge
performative,1,drama
performative,1,reaction
performative,1,reaction
performative,1,reaction
performative,0,milestone
performative,0,reaction
performative,1,reaction
performative,1,reaction
performative,1,reaction
performative,0,milestone
ambiguous,0,other
ambiguous,0,other
ambiguous,0,other
organic,0,challenge
organic,0,drama
performative,0,haul
ambiguous,0,exploration
performative,1,challenge
ambiguous,0,exploration
performative,0,challenge
organic,0,milestone
organic,1,drama
organic,1,storytime
organic,1,storytime
organic,0,storytime
organic,0,storytime
organic,1,storytime
organic,0,storytime
organic,0,storytime
performative,0,storytime
organice,1,storytime
amiguous,0,storytime
ambiguous,0,challenge
organic,0,vlog
performative,0,challenge
organic,0,haul
organic,0,haul
organic,0,vlog
performative,1,storytime
organice,0,haul
organice,0,haul
performative,0,haul
organic,0,vlog
performative,0,storytime
performative,0,storytime
organice,1,storytime
organice,0,storytime
organice,0,storytime
performative,0,storytime
performative,1,storytime
organice,0,storytime
organice,1,storytime
performative,1,challenge
performative,0,storytime
organice,0,storytime
organice,1,storytime
performative,1,challenge
performative,0,challenge
amiguous,0,discovery
organice,1,storytime
performative,0,storytime
performative,1,storytime
performative,1,storytime
organic,0,reaction
organic,0,milestone
organic,0,reaction
organic,0,reaction
performative,0,challenge
performative,0,milestone
performative,0,question
performative,0,question
organic,0,reaction
organic,0,milestone
organic,0,milestone
performative,0,reaction
performative,0,reaction
performative,0,challenge
performative,0,question
organic,0,question
organic,0,milestone
performative,0,home_makeover
performative,0,challenge
amiguous,0,question
performative,0,surprise
performative,0,challenge
performative,0,haul
performative,0,reaction
performative,0,challenge
performative,0,question
performative,1,reaction
performative,1,reaction
performative,0,question
performative,0,challenge
performative,1,reaction
performative,0,question
performative,0,challenge
performative,0,question
performative,0,challenge
performative,0,challenge
performative,0,reaction
performative,1,reaction
performative,0,reaction
performative,0,challenge
performative,0,challenge
performative,0,challenge
organic,0,travel
performative,0,reaction
performative,0,challenge
organic,0,haul
performative,0,reaction
organic,0,travel
performative,0,challenge
performative,0,reaction
organic,0,vlog
organic,0,talk
organic,0,vlog
performative,0,challenge
performative,0,food
organic,0,milestone
organic,0,vlog
no_child,0,storytime
organic,0,haul
performative,0,bedroom makeover
performative,0,challenge
performative,0,food
performative,0,shopping
performative,0,medical
performative,0,challenge
performative,0,bedroom makeover
organiconic,0,tour
organiconic,0,haul
organiconic,0,drama
organiconic,0,reveal
performative,0,challenge
organiconic,0,medical
performative,1,drama
performative,1,challenge
organiconic,0,haul
organiconic,0,milestone
performative,0,reveal
performative,0,haul
performative,0,challenge
organiconic,0,haul
organiconic,0,milestone
organiconic,0,tour
performative,0,haul
organiconic,0,drama
organiconic,0,vlog
performative,1,drama
performative,0,travel
performative,0,challenge
performative,0,reaction
performative,0,shopping
performative,0,medical
performative,0,milestone
performative,0,challenge
organiconic,0,travel
performative,0,sheet
performative,1,drama
organiconic,0,milestone
organiconic,0,milestone
no_child,0,talk
ambiguous,0,other
organic,0,milestone
performative,0,game
organic,0,milestone
performative,0,game
organic,0,milestone
performative,0,challenge
organic,0,milestone
organic,0,milestone
organic,0,reaction
performative,0,challenge
organic,0,milestone
performative,0,game
ambiguous,0,other
organic,0,milestone
organically,0,milestone
performative,0,announcement
organic,0,milestone
organically,0,milestone
organic,0,milestone
organically,0,milestone
organic,0,milestone
organic,0,milestone
performative,0,challenge
performative,1,challenge
performative,0,challenge
performative,0,challenge
performative,0,challenge
performative,0,challenge
organically,0,milestone
organically,0,milestone
performative,1,challenge
performative,0,game
organically,0,milestone
organically,0,milestone
performative,0,milestone
performative,0,challenge
organically,0,milestone
organically,0,milestone
performative,1,milestone
performative,0,reaction
organically,0,milestone
performative,0,milestone
performative,0,milestone
performative,0,milestone
performative,0,milestone
organically,0,milestone
performative,1,milestone
performative,0,milestone
performative,0,milestone
performative,0,milestone
performative,0,unboxing
performative,0,challenge
performative,0,challenge
organic,0,milestone
performative,0,challenge
organic,0,milestone
organic,0,milestone
performative,0,challenge
organic,0,vlog
performative,0,challenge
organic,0,travel
organic,0,milestone
organic,0,milestone
performative,0,reaction
performative,0,challenge
organic,0,milestone
organic,0,milestone
performative,0,travel
performative,0,challenge
organic,0,holiday
performative,0,challenge
organic,0,milestone
organic,0,milestone
performative,0,drama
performative,0,drama
performative,1,drama
performative,0,reaction
organic,0,milestone
performative,0,reaction
organic,0,milestone
organizational,1,vlog
performative,0,special
performative,0,challenge
organismic,0,special
performative,0,challenge
performative,0,challenge
performative,0,special
performative,0,special
performative,0,special
performative,0,special
performative,0,special
performative,0,special
performative,0,special
performative,0,special
performative,0,special
performative,0,special
performative,0,special
performative,0,special
performative,0,special
ambiguous,0,other
organic,0,milestone
organic,0,milestone
performative,0,storytime
organic,0,milestone
organic,0,milestone
organic,0,milestone
organic,0,milestone
performative,0,storytime
organic,0,question
organic,0,storytime
performative,0,challenge
organic,0,milestone
performative,0,challenge
organic,0,milestone
organic,0,storytime
organic,0,milestone
organic,0,milestone
performative,0,challenge
organic,1,storytime
organic,1,storytime
performative,0,challenge
performative,0,challenge
performative,0,challenge
organic,1,storytime
organic,1,storytime
performative,1,announcement
no_child,1,medical
no_child,1,storytime
performative,1,announcement
no_child,1,storytime
ambiguous,0,storytime
organic,0,milestone
performative,0,travel
organic,1,storytime
no_child,1,storytime
performative,0,challenge
organic,0,milestone
organic,0,milestone
performative,0,reaction
performative,0,announcement
performative,1,storytime
no_child,1,storytime
no_child,0,storytime
performative,0,travel
organic,0,milestone
performative,0,drama
no_child,1,storytime
performative,0,challenge
organic,0,milestone
performative,0,announcement
ambiguous,0,challenge
performative,0,unboxing
performative,0,unboxing
performative,0,prank
organic,0,storytime
organic,0,storytime
organic,0,storytime
performative,0,challenge
organic,0,storytime
organic,0,storytime
no_child,0,storytime
organic,0,unboxing
organic,0,milestone
organic,0,milestone
organic,0,milestone
organic,0,tour
organic,0,storytime
organic,0,storytime
organic,0,storytime
organic,0,storytime
organic,0,storytime
no_child,0,storytime
organic,0,storytime
organic,0,storytime
performative,0,challenge
organic,0,routine
organic,0,milestone
organic,0,routine
organic,0,routine
organic,0,routine
organico,0,travel
no_child,0,storytime
no_child,0,storytime
no_child,0,storytime
no_child,0,storytime
no_child,0,storytime
performative,0,storytime
no_child,0,storytime
no_child,0,storytime
no_child,0,storytime
act,0,storytime
performative,0,storytime
no_child,0,storytime
no_child,0,storytime
no_child,0,storytime
no_child,0,storytime
performative,0,storytime
performative,0,prank
performative,0,reaction
performative,1,storytime
organic,0,vlog
organic,0,storytime
organic,0,storytime
organic,0,storytime
organic,0,milestone
organic,0,travel
organic,0,party
organic,0,reaction
organic,0,travel
organic,0,milestone
organic,0,milestone
organic,0,announcement
organic,0,vlog
organic,0,travel
organic,0,drama
organic,0,milestone
performative,0,toy_play
performative,0,challenge
performative,0,drama
performative,0,drama
organic,1,storytime
organic,0,milestone
performative,0,milestone
performative,0,milestone
performative,0,announcement
performative,0,storytime
organic,1,milestone
performative,0,drama
performative,0,milestone
performative,0,travel
performative,0,milestone
performative,0,reaction
performative,0,milestone
performative,1,milestone
performative,0,reaction
performative,0,travel
performative,0,announcement
performative,0,announcement
performative,0,announcement
performative,0,milestone
performative,0,storytime
performative,0,milestone
performative,0,milestone
performative,1,storytime
performative,1,storytime
performative,1,storytime
performative,1,storytime
performative,1,storytime
performative,0,travel
performative,0,reaction
organic,0,vlog
performative,1,drama
performative,1,drama
organic,0,vlog
performative,0,storytime
performative,1,storytime
performative,0,milestone
performative,0,storytime
organic,0,travel
performative,0,tour
organic,0,travel
organic,0,vlog
performative,0,game
organic,0,milestone
performative,0,haul
performative,0,toy_play
performative,0,animal
performative,1,reaction
performative,1,drama
organic,0,medical
performative,1,storytime
organic,0,milestone
performative,0,milestone
performative,0,storytime
performative,0,drama
performative,0,drama
performative,0,drama
performative,1,storytime
performative,1,storytime
performative,0,announcement
performative,0,milestone
performative,0,storytime
performative,0,milestone
performative,1,reaction
performative,1,reaction
performative,1,reaction
performative,1,announcement
organic,0,milestone
organic,0,milestone
performative,1,storytime
performative,1,storytime
performative,0,milestone
performative,0,milestone
performative,0,milestone
performative,0,storytime
performative,1,storytime
performative,1,storytime
performative,0,storytime
performative,0,storytime
performative,0,milestone
performative,0,other
organic,0,other
organic,0,vlog
organic,0,vlog
ambiguous,0,drama
organic,0,vlog
organic,0,vlog
performative,0,vlog
ambiguous,0,drama
organic,1,milestone
performative,0,toy_play
organic,0,vlog
performative,1,drama
performative,0,storytime
organic,0,travel
organic,0,vlog
performative,0,reaction
performative,0,reaction
ambiguous,1,storytime
organica,0,milestone
organica,0,milestone
performative,0,prank
performative,0,special
performative,0,special
performative,0,special
performative,0,storytime
performative,0,vlog
performative,0,food
performative,0,food
performative,0,travel
performative,0,vlog
performative,0,toy_play
performative,0,unboxing
performative,0,vlog
performative,0,challenge
performative,1,storytime
performative,0,reaction
performative,0,challenge
performative,0,unboxing
performative,0,milestone
performative,0,storytime
performative,0,vlog
performative,0,challenge
performative,0,challenge
performative,0,storytime
performative,1,storytime
organica,0,announcement
performative,0,special
organica,0,milestone
ambiguous,0,other
organic,0,vlog
organic,0,reaction
performative,1,storytime
performative,0,cooking
performative,1,storytime
performative,0,reaction
performative,0,reaction
performative,0,storytime
performative,1,storytime
organici,0,milestone
organic,0,announcement
organici,0,quiz
organic,0,milestone
performative,0,drama
performative,0,toy_play
performative,0,challenge
performative,0,vlog
performative,1,drama
performative,0,challenge
performative,0,game
performative,0,challenge
performative,0,game
performative,0,cooking
performative,0,cooking
performative,0,challenge
organic,0,challenge
performative,0,travel
organic,0,milestone
performative,1,storytime
organic,0,storytime
performative,0,storytime
performative,0,drama
performative,0,announcement
organici,0,storytime
performative,0,drama
performative,1,storytime
performative,0,travel
performative,0,challenge
performative,1,storytime
performative,0,challenge
performative,0,reaction
performative,0,shopping
organic,0,milestone
performative,0,milestone
performative,0,reaction
performative,0,challenge
performative,0,reaction
performative,0,storytime
performative,1,storytime
organici,0,holiday
organic,0,other
organic,0,milestone
performative,0,other
organic,0,milestone
organic,0,medical
organic,0,milestone
organic,0,vlog
organic,0,travel
performative,0,drama
performative,0,drama
organic,0,milestone
organic,0,vlog
organic,0,milestone
organic,0,milestone
organic,0,milestone
no_child,0,vlog
organic,0,milestone
performative,0,challenge
performative,0,challenge
performative,0,challenge
performative,0,challenge
performative,0,other
performative,0,other
performative,0,reaction
performative,0,challenge
performative,0,challenge
performative,0,milestone
performative,0,game
performative,0,game
performative,0,game
performative,0,challenge
performative,0,challenge
performative,0,challenge
performative,0,challenge
performative,0,challenge
performative,0,challenge
performative,0,challenge
performative,0,challenge
performative,0,challenge
performative,0,challenge
performative,0,challenge
performative,0,challenge
performative,0,challenge
ambiguous,0,other
ambiguous,0,other
ambiguous,0,other
ambiguous,0,other
ambiguous,0,other
ambiguous,0,other
ambiguous,0,other
organic,0,travel
organic,0,milestone
organic,0,haul
organic,0,milestone
organic,0,milestone
organic,0,storytime
organic,0,milestone
organic,0,milestone
organic,0,milestone
performative,0,sports
organics,0,field trip
organics,0,milestone
organic,0,milestone
performative,0,dance
performative,0,chore
performative,0,reaction
performative,0,challenge
performative,0,reaction
performative,0,reaction
performative,0,challenge
performative,0,challenge
performative,0,milestone
performative,0,milestone
performative,0,milestone
organic,0,food
organic,0,haul
organic,1,drama
organic,0,tour
performative,0,reaction
performative,0,storytime
performative,0,challenge
performative,1,sports
organic,0,reaction
performative,0,milestone
organic,0,milestone
organic,0,haul
performative,0,drama
organic,0,update
organic,0,love
organic,0,travel
organic,0,milestone
organic,0,storytime
organic,0,milestone
organic,0,milestone
performative,0,challenge
performative,0,reaction
ambiguous,0,other
ambiguous,0,other
ambiguous,0,other
ambiguous,0,other
organic,0,milestone
no_child,0,reaction
no_child,0,reaction
organic,0,milestone
performative,0,prank
organic,0,milestone
organic,0,milestone
organic,0,travel
organic,0,travel
organic,0,travel
performative,0,prank
organic,0,vlog
organic,0,travel
organic,0,travel
organic,0,milestone
organic,0,milestone
organic,0,travel
organic,0,travel
performative,0,music_dance
organic,0,challenge
organic,0,milestone
organic,0,milestone
performative,0,music_dance
organic,0,milestone
organic,0,travel
organic,0,travel
organic,0,milestone
no_child,0,reaction
performative,0,travel
performative,0,milestone
no_child,0,milestone
no_child,0,milestone
no_child,0,milestone
performative,0,reaction
performative,0,milestone
organic,0,milestone
organics,0,challenge
organics,0,reaction
organics,0,milestone
performative,1,milestone
no_child,0,reaction
organic,0,milestone
organic,0,reaction
no_child,0,holiday
no_child,0,holiday
no_child,0,holiday
no_child,0,holiday
no_child,0,holiday
no_child,0,celebration
ambiguous,0,other
organic,0,milestone
organic,0,vlog
organic,0,vlog
organic,0,tutorial
organic,0,vlog
organic,0,hauls
organic,0,music_dance
performative,0,challenge
performative,0,challenge
organic,0,vlog
organic,0,vlog
organic,0,reaction
organica,0,travel
organic,0,milestone
organic,0,hauls
performative,0,challenge
organic,0,food
organic,0,food
organic,0,travel
organic,0,travel
organic,0,travel
organic,0,music_dance
performative,0,stage
organic,0,transport
organic,0,hauls
organic,0,travel
organic,0,food
performative,0,hunting
organic,0,hauls
organic,0,travel
organic,0,vlog
organic,0,roadtrip
organic,0,hauls
organic,0,vlog
organic,0,hauls
organic,0,travel
organic,0,visit
performative,0,challenge
organic,0,vlog
organic,0,hauls
organic,0,travel
organica,0,milestone
organic,0,drama
organic,0,travel
organic,0,hauls
organic,0,travel
performative,0,reaction
performative,1,drama
ambiguous,0,other
ambiguous,0,other
organic,0,vlog
organic,0,vlog
organic,0,milestone
organic,0,travel
organic,0,milestone
organic,0,milestone
organic,0,vlog
organic,0,milestone
organic,1,reaction
organic,0,milestone
organic,0,storytime
organic,0,vlog
organic,0,travel
organic,0,travel
performative,0,challenge
organic,0,travel
organic,0,toy_play
performative,0,storytime
organic,0,travel
organic,0,travel
organic,0,travel
organic,0,travel
organic,0,adventure
organic,0,storytime
organic,1,storytime
organic,0,travel
organic,0,travel
organic,0,travel
organic,0,travel
organic,1,storytime
organic,0,travel
organic,1,storytime
organic,0,travel
organic,0,travel
organic,1,storytime
organicin,0,travel
performative,0,challenge
organic,0,reaction
organic,1,storytime
organic,0,travel
organic,1,storytime
organic,0,travel
organic,0,travel
performative,0,drama
organic,0,medical
organic,0,milestone
performative,0,drama
organicin,0,milestone
ambiguous,0,other
ambiguous,0,other
organic,0,vlog
organic,0,vlog
performative,0,music_dance
organic,0,vlog
performative,0,music_dance
performative,0,stunt
ambiguous,0,storytime
organic,0,vlog
performative,0,reaction
performative,0,review
organic,0,food/culinary
organic,0,storytime
organic,0,vlog
organic,0,vlog
organic,0,vlog
organic,0,vlog
performative,1,adventure
performative,1,drama
performative,1,drama
performative,0,reaction
performative,0,haul
performative,0,food/culinary
performative,1,drama
performative,0,food/culinary
performative,0,food/culinary
performative,0,food/culinary
organic,0,vlog
performative,0,food/culinary
organic,0,food/culinary
performative,0,food/culinary
performative,0,travel
performative,0,drama
performative,1,drama
performative,0,danger
performative,1,drama
performative,1,drama
performative,0,food/culinary
organic,0,food/culinary
performative,0,sports
performative,1,drama
performative,0,reaction
performative,0,adventure
performative,1,drama
performative,0,food/culinary
performative,0,travel
performative,0,sport
performative,1,drama
performative,0,food/culinary
performative,1,drama
ambiguous,0,other
organic,0,vlog
organic,0,haul
performative,0,other
performative,0,reaction
performative,1,drama
performative,0,reaction
organic,0,haul
organic,0,milestone
organic,0,travel
organic,0,vlog
organic,1,drama
organict,0,travel
organic,0,reaction
organic,0,milestone
organic,0,milestone
organic,0,reaction
performative,0,reaction
performative,0,other
performative,0,travel
organic,0,travel
organic,0,vlog
performative,0,reaction
performative,1,drama
performative,0,travel
performative,0,travel
performative,0,travel
performative,0,travel
performative,0,travel
organic,0,reaction
organic,0,reaction
organic,0,reaction
organic,0,reaction
organict,0,reaction
performative,0,reaction
performative,0,reaction
performative,1,reaction
organict,0,reaction
performative,1,drama
performative,0,storytime
organic,0,travel
organict,0,reaction
performative,1,drama
organic,0,milestone
performative,0,other
performative,0,reaction
performative,0,other
performative,0,reaction
performative,0,reaction
performative,0,reaction
performative,0,reaction
organic,0,vlog
organic,0,vlog
performative,0,music_dance
performative,0,music_dance
organic,0,vlog
organic,0,storytime
organic,0,storytime
organic,0,milestone
organic,0,storytime
organic,0,vlog
reaction,0,reaction
organic,0,vlog
organic,0,vlog
organic,0,vlog
organico,0,vlog
organic,0,vlog
organic,0,vlog
performative,0,toy_play
organic,0,storytime
performative,1,milestone
performative,0,milestone
performative,0,food_review
performative,0,reaction
performative,0,music_dance
performative,0,concert
performative,0,music_dance
organico,0,travel
organico,0,travel
organico,0,travel
organico,0,travel
organico,0,travel
organico,0,storytime
performative,1,food_review
performative,0,prank
performative,0,tournament
performative,0,reaction
performative,0,drama
performative,0,milestone
performative,1,challenge
performative,0,holiday
performative,0,challenge
performative,0,unboxing
performative,0,music_dance
ambiguous,0,other
ambiguous,0,other
ambiguous,0,other
ambiguous,0,other
ambiguous,0,other
ambiguous,0,other
ambiguous,0,other
organic,0,reaction
organic,0,reaction
organic,0,reaction
organic,1,storytime
performative,0,challenge
organic,0,vlog
organic,0,vlog
performative,0,storytime
organic,0,music_dance
organic,0,game
performative,0,roleplay
organic,0,vlog
organic,0,travel
organic,0,travel
organic,0,vlog
organic,0,milestone
performative,0,reaction
organic,0,tutorial
organic,0,reaction
organic,0,unboxing
organical,0,vlog
performative,0,music_dance
organic,0,music_dance
performative,0,game
performative,0,challenge
organic,0,funny
performative,0,drama
performative,0,reaction
performative,0,milestone
performative,0,announcement
performative,0,roleplay
performative,0,travel
performative,0,travel
organic,0,challenge
organical,0,game
performative,0,reaction
organic,1,milestone
performative,0,roleplay
organic,0,reaction
performative,0,reaction
performative,0,vlog
performative,0,milestone
organic,0,reaction
performative,0,reaction
performative,0,reaction
performative,1,milestone
performative,0,reaction
organic,0,game
performative,0,challenge
organic,0,reaction
organic,0,music_dance
performative,0,game
organic,0,vlog
performative,0,haul
organic,0,travel
performative,0,music_dance
organic,0,milestone
performative,1,drama
organic,0,reaction
performative,0,music_dance
performative,0,musical
organic,1,milestone
organic,1,milestone
organic,0,other
performative,0,other
performative,0,challenge
performative,0,challenge
performative,0,challenge
organic,0,vlog
organic,0,travel
organic,0,travel
performative,0,mukbang
performative,0,challenge
organic,0,milestone
organic,1,milestone
organic,0,milestone
organic,0,milestone
performative,0,food
performative,0,game
performative,0,challenge
organic,0,milestone
performative,0,challenge
performative,1,drama
organic,1,storytime
performative,0,holiday
organic,1,milestone
performative,0,home_makeover
performative,0,food
performative,0,home_makeover
organic,0,holiday
performative,1,storytime
performative,0,music_dance
performative,0,holiday
performative,0,music_dance
performative,0,carol
performative,0,lullaby
ambiguous,0,other
ambiguous,0,other
ambiguous,0,other
ambiguous,0,other
performative,0,reaction
performative,0,challenge
organic,0,milestone
organic,0,milestone
performative,0,sports
organicare,0,music_dance
organic,0,adventure
organicare,0,title
performative,0,milestone
performative,1,challenge
organic,0,musical
performative,0,food
performative,0,musical
organic,0,vlog
performative,0,challenge
performative,0,game
performative,1,musical
performative,0,musical
organic,0,party
organic,0,party
organic,0,cooking
organic,0,holiday
organic,0,question
performative,0,musical
organic,0,challenge
performative,0,challenge
no_child,0,other
performative,0,reaction
no_child,0,music_dance
organic,1,question
performative,0,music_dance
organicare,0,challenge
performative,0,drama
performative,0,milestone
performative,0,reaction
organic,0,milestone
performative,1,challenge
performative,0,music_dance
performative,0,drama
organic,0,milestone
performative,1,drama
performative,0,reaction
performative,0,milestone
performative,0,reaction
performative,0,milestone
no_child,0,other
ambiguous,0,other
ambiguous,0,other
ambiguous,0,other
ambiguous,0,other
organic,0,milestone
ambiguous,0,reaction
organic,0,milestone
performative,0,challenge
organic,0,milestone
performative,0,roleplay
organic,0,milestone
ambiguous,0,quiz
performative,0,challenge
organic,0,storytime
organic,0,vlog
organic,0,reaction
organic,0,discussion
organic,0,vlog
organic,0,milestone
organic,0,reaction
organic,0,storytime
performative,0,drama
performative,0,vlog
organic,0,travel
organic,0,travel
organic,0,vlog
organict,0,discussion
organic,0,milestone
organic,0,milestone
organict,0,storytime
organic,0,milestone
organic,0,travel
performative,0,adventure
performative,0,storytime
performative,0,milestone
organic,0,travel
organic,0,travel
organic,0,reaction
organic,0,milestone
performative,0,challenge
performative,0,reaction
performative,0,milestone
performative,0,reaction
organic,0,milestone
organic,0,drama
organic,0,milestone
performative,0,storytime
organic,1,milestone
organic,1,milestone
performative,0,celebration
performative,0,reaction
ambiguous,0,other
ambiguous,0,other
ambiguous,0,other
organic,0,storytime
performative,0,challenge
organic,0,travel
organic,0,milestone
organic,0,vlog
organic,0,travel
organicc,0,milestone
performative,0,food
organic,0,travel
performative,0,toy_play
organic,0,milestone
performative,0,talent
performative,0,milestone
performative,0,challenge
performative,0,reaction
performative,0,music_dance
performative,1,drama
performative,1,drama
performative,0,event
organicc,0,event
performative,0,toy_play
performative,0,toy_play
performative,0,birthday
performative,0,challenge
performative,0,milestone
performative,0,toy_play
organicc,0,milestone
performative,0,wedding
performative,0,travel
performative,0,food
performative,0,food
performative,0,travel
performative,0,milestone
performative,0,toy_play
performative,0,milestone
performative,0,music_dance
performative,0,music_dance
performative,0,reaction
performative,0,milestone
performative,0,reaction
performative,0,storytime
performative,0,music_dance
performative,1,music_dance
performative,0,reaction
performative,0,milestone
performative,0,reaction
performative,1,reaction
performative,0,reaction
performative,0,reaction
performative,0,reaction
organic,0,vlog
no_child,0,announcement
organic,0,compilation
organic,0,vlog
organic,0,reaction
organic,0,tutorial
performative,0,music_dance
organic,0,vlog
organic,0,history/demonstration
performative,0,storytime
performative,0,collection
organic,0,collection
organic,0,tour
performative,0,collection
performative,0,collection
performative,0,party
performative,0,collection
performative,0,collection
performative,1,prank
performative,0,shorts
performative,0,music_dance
performative,0,reaction
performative,0,storytime
performative,1,vlog
organic,0,travel
performative,0,music_dance
performative,0,music_dance
performative,0,vlog
performative,1,medical
organic,0,travel
organic,0,challenge
organic,0,milestone
organic,0,reaction
no_child,1,challenge
organic,0,haul
performative,0,storytime
no_child,0,milestone
performative,1,prank
performative,0,shorts
organic,0,milestone
organic,0,concert
performative,0,storytime
no_child,0,misc
ambiguous,0,other
ambiguous,0,other
ambiguous,0,other
ambiguous,0,other
ambiguous,0,other
ambiguous,0,other
ambiguous,0,other
organic,0,vlog
performative,0,shorts
organic,0,milestone
no_child,0,other
performative,0,shorts
organic,1,milestone
performative,1,shorts
performative,0,milestone
performative,0,shorts
performative,0,tutorial
performative,0,shorts
performative,0,drama
performative,0,storytime
milestone,0,milestone
performative,0,shorts
performative,0,storytime
organic,0,routine
performative,0,shorts
organic,0,food
organic,0,shorts
organic,0,storytime
organic,0,storytime
organic,0,storytime
organic,1,storytime
organic,1,storytime
organic,1,storytime
performative,1,reaction
performative,0,travel
organ  ic,1,milestone
performative,0,reaction
performative,1,storytime
performative,0,food
no_child,0,other
performative,1,storytime
performative,0,music_dance
no_child,0,other
performative,0,challenge
no_child,0,other
performative,0,challenge
performative,1,milestone
performative,0,reaction
performative,0,reaction
performative,0,challenge
performative,1,storytime
organ  ic,1,milestone
performative,1,storytime
performative,1,storytime
no_child,0,other
performative,0,music_dance
no_child,0,other
performative,0,challenge
organic,0,milestone
organic,0,vlog
performative,0,drama
organic,0,vlog
organic,0,travel
organic,0,vlog
performative,0,fitness
performative,0,storytime
organic,0,milestone
organic,0,travel
organic,0,shorts
organic,0,travel
organic,0,milestone
organic,0,milestone
organic,0,shorts
organic,0,storytime
performative,0,challenge
performative,1,reaction
performative,0,milestone
organic,0,shorts
performative,0,reaction
organic,0,travel
organic,0,reaction
organic,0,reaction
organic,0,reaction
organic,0,shorts
organic,0,reaction
performative,0,unboxing
performative,0,unboxing
performative,0,unboxing
organic,0,announcement
organic,0,shorts
organic,0,milestone
organic,0,milestone
organic,0,storytime
performative,0,reaction
organic,0,reaction
organic,0,travel
organic,0,reaction
organic,0,travel
performative,0,reaction
organic,0,travel
organic,0,travel
performative,0,reaction
organic,0,travel
organic,0,travel
performative,1,reaction
organic,0,travel
performative,0,storytime
organic,0,storytime
organic,0,storytime
organic,0,reaction
organic,0,reaction
organic,0,reaction
organic,0,adventure
organic,0,milestone
organic,0,milestone
organic,0,milestone
performative,0,challenge
organic,0,milestone
organic,0,milestone
organic,0,milestone
organic,0,milestone
organic,0,milestone
organic,0,vlog
organic,0,milestone
organic,0,milestone
organic,0,adventure
organic,0,travel
performative,0,music_dance
performative,1,drama
performative,1,medical
performative,1,challenge
organic,0,adventure
organic,0,travel
organic,0,reaction
performative,1,reaction
performative,1,drama
performative,1,drama
performative,1,medical
organic,0,vlog
performative,0,prank
performative,0,prank
organic,0,adventure
organic,0,travel
performative,1,medical
performative,0,music_dance
organic,0,vlog
organic,0,event
organic,0,milestone
organic,0,challenge
organic,0,milestone
performative,0,other
organic,1,medical
organic,0,vacation
organic,0,milestone
ambiguous,0,other
ambiguous,0,other
ambiguous,0,other
organic,0,milestone
performative,0,challenge
performative,0,storytime
organic,0,milestone
organic,0,milestone
performative,0,storytime
performative,1,drama
organic,0,vlog
organic,0,music_dance
performative,0,milestone
performative,0,roleplay
performative,0,storytime
organic,0,vlog
performative,0,roleplay
organic,0,vlog
performative,0,storytime
organic,0,vlog
organic,0,talk
organic,0,tour
organic,0,vlog
performative,0,milestone
organic,0,storytime
performative,0,storytime
performative,0,drama
organic,0,gratitude
performative,0,music_dance
performative,0,challenge
performative,0,vlog
organic,0,travel
performative,0,storytime
performative,0,vlog
performative,0,storytime
organic,0,milestone
performative,0,storytime
performative,0,talk
no_child,0,storytime
performative,1,drama
performative,0,reaction
organic,0,milestone
performative,0,challenge
performative,0,storytime
performative,0,milestone
organic,0,storytime
performative,0,vlog
performative,0,storytime
performative,0,challenge
organic,0,milestone
performative,0,storytime
ambiguous,0,other
ambiguous,0,other
organic,0,vlog
organic,0,storytime
ambiguous,0,shorts
organic,0,milestone
organic,0,music_dance
organic,0,milestone
organic,0,milestone
organic,0,milestone
organic,0,milestone
organice,0,shorts
organic,0,milestone
performative,0,shorts
organic,0,milestone
organic,0,travel
organic,0,travel
performative,0,shorts
performative,0,shorts
organic,0,travel
organic,0,reaction
performative,0,shorts
performative,0,shorts
performative,0,shorts
performative,0,shorts
performative,0,shorts
performative,0,shorts
performative,0,travel
performative,0,milestone
performative,0,reaction
performative,0,reaction
performative,0,travel
performative,0,reaction
performative,0,other
performative,0,reaction
performative,0,other
performative,0,reaction
performative,0,other
performative,0,other
performative,0,other
performative,0,other
performative,0,milestone
performative,0,milestone
performative,0,milestone
performative,0,milestone
performative,0,milestone
performative,0,milestone
performative,0,milestone
performative,0,milestone
performative,0,milestone
performative,0,milestone
ambiguous,0,other
organic,0,shorts
organic,0,shorts
performative,1,challenge
organic,0,shorts
organic,0,shorts
organic,0,milestone
organic,0,travel
organic,1,storytime
organic,0,music_dance
organic,0,vlog
organic,1,reaction
performative,1,milestone
organic,0,milestone
organic,0,travel
performative,1,prank
performative,1,prank
organic,0,shorts
organic,0,drama
organic,0,shorts
organic,0,vlog
organic,0,milestone
organic,0,visit
organic,0,vlog
organic,0,milestone
organic,0,milestone
organic,0,milestone
organic,0,milestone
organic,0,milestone
organic,0,milestone
organic,0,shorts
organic,0,milestone
organic,0,shorts
organic,0,milestone
organic,0,milestone
organic,0,other
organic,0,shorts
organic,1,drama
organic,0,music_dance
organic,0,reaction
organic,0,shorts
organic,0,reaction
organic,0,milestone
organic,0,shorts
organic,0,milestone
performative,1,storytime
organic,0,other
organic,1,drama
organic,0,milestone
performative,1,milestone
organic,0,milestone
organic,0,music_dance
organic,0,milestone
performative,0,reaction
performative,0,reaction
organic,0,food_challenge
organic,0,unboxing
organic,0,milestone
performative,0,art_recreation
performative,0,art_recreation
performative,0,music_dance
performative,0,art_recreation
performative,0,storytime
organic,0,skit
organic,0,dance
performative,0,collection
performative,0,collection
performative,0,collection
performative,0,challenge
organic,0,storytime
organic,0,music_dance
performative,0,food_challenge
performative,0,collection
performative,0,collection
organic,0,family_vlog
performative,0,storytime
organic,0,family_vlog
performative,0,storytime
no_child,0,storytime
performative,0,challenge
performative,0,challenge
performative,0,challenge
performative,0,challenge
organic,0,family_vlog
organic,1,storytime
performative,0,music_dance
organic,0,storytime
organic,0,music_dance
organic,0,milestone
performative,0,challenge
organic,0,family_vlog
performative,0,storytime
performative,0,challenge
no_child,0,announcement
no_child,0,medical
organic,0,milestone
organic,0,milestone
no_child,0,storytime
performative,0,storytime
organic,0,family_vlog
no_child,0,announcement
organic,0,music_dance
organic,0,vlog
performative,0,reaction
performative,0,reaction
organic,0,news
organic,0,vlog
performative,0,music_dance
performative,0,reaction
performative,0,tutorial
performative,0,reaction
performative,0,reaction
organic,0,news
organic,0,storytime
performative,0,challenge
organic,0,storytime
organic,0,vlog
organic,0,storytime
organic,0,vlog
performative,0,toy_play
organic,0,storytime
performative,0,reaction
performative,0,reaction
performative,0,music_dance
organic,0,milestone
performative,0,storytime
performative,0,toy_play
performative,0,toy_play
performative,0,storytime
organic,0,storytime
performative,0,adventure
performative,0,storytime
organic,0,news
performative,0,storytime
performative,0,adventure
performative,0,toy_play
organic,0,vlog
organic,0,storytime
performative,1,drama
organic,0,storytime
organic,0,adventure
performative,0,reaction
organic,0,vlog
organic,0,vlog
performative,0,reaction
organic,0,milestone
organic,0,vlog
performative,0,music_dance
performative,0,music_dance
organic,0,milestone
organic,0,storytime
organic,0,vlog
organic,0,vlog
organic,0,milestone
organic,0,milestone
organic,0,travel
organic,0,travel
no_child,0,reaction
organic,0,milestone
organic,0,milestone
organic,0,vlog
organic,0,talk
organic,0,milestone
organic,0,announcement
organic,0,music_dance
performative,0,game
organic,0,milestone
organic,0,milestone
performative,0,challenge
performative,0,reaction
performative,0,game
organic,0,vlog
performative,0,challenge
organic,0,milestone
performative,0,game
organic,0,milestone
ambiguous,0,milestone
organic,0,milestone
performative,0,reaction
organic,0,milestone
performative,0,reaction
organic,0,talk
organic,0,talk
organic,0,reaction
organic,0,reaction
performative,0,music_dance
performative,0,reaction
performative,0,challenge
organic,0,vlog
organic,0,milestone
performative,1,drama
organidc,0,vlog
performative,0,game
performative,0,reaction
performative,0,challenge
organidc,0,reaction
organidc,0,reaction
performative,0,challenge
performative,0,challenge
organic,0,reaction
organic,0,reaction
organic,0,vlog
organic,0,reaction
organic,0,music_dance
organic,0,vlog
organic,0,reaction
organic,0,storytime
organic,0,storytime
organic,0,reaction
organic,0,milestone
organic,0,storytime
performative,1,medical
organic,0,travel
organic,0,storytime
organic,0,storytime
organic,0,storytime
organic,0,storytime
organic,0,storytime
organica,0,reaction
organic,0,milestone
organic,0,music_dance
organic,0,reaction
performative,0,announcement
organic,0,reaction
organic,0,storytime
organic,0,storytime
organic,0,milestone
organic,0,news
performative,0,music_dance
organic,0,event
performative,0,reaction
organic,1,milestone
organic,0,reaction
organic,0,milestone
organic,0,challenge
organic,0,shopping
organic,0,storytime
organica,0,music_dance
organic,0,event
organic,0,celebration
organic,0,challenge
organic,0,reaction
organic,0,prank
organic,0,reaction
organic,0,celebration
performative,0,prank
performative,1,reaction
organic,0,reaction
performative,0,prank
performative,0,prank
performative,0,prank
organic,0,reaction
organic,0,vlog
organic,0,reaction
organic,0,travel
performative,0,challenge
performative,0,challenge
performative,0,challenge
organic,0,milestone
organic,0,other
performative,0,challenge
organic,0,storytime
organic,1,drama
organic,1,reaction
organic,0,milestone
organic,0,storytime
organic,0,storytime
organic,0,vlog
organic,0,travel
organic,0,travel
organic,1,storytime
performative,0,challenge
organic,0,mukbang
organic,0,storytime
performative,0,challenge
performative,0,challenge
organic,0,music_dance
organic,0,milestone
organic,0,travel
organic,0,travel
organic,0,travel
organic,0,announcement
organic,1,milestone
organic,0,drama
organic,1,storytime
organic,0,reaction
organic,0,milestone
organic,0,milestone
organic,0,milestone
organic,1,storytime
no_child,0,other
no_child,0,storytime
no_child,0,milestone
no_child,0,milestone
no_child,0,milestone
no_child,0,milestone
ambiguous,0,other
ambiguous,0,other
ambiguous,0,other
ambiguous,0,other
ambiguous,0,other
performative,0,reaction
performative,0,challenge
organic,0,milestone
organic,0,vlog
performative,1,reaction
performative,0,question
organic,0,milestone
organic,0,unboxing
performative,0,challenge
organic,1,milestone
performative,0,bloopers
performative,1,reaction
ambiguouse,1,reaction
performative,0,food_taste
performative,0,challenge
performative,0,reaction
performative,1,reaction
performative,1,milestone
performative,1,reaction
performative,0,reaction
performative,1,drama
performative,1,reaction
performative,0,storm
performative,0,challenge
performative,0,challenge
performative,0,storytime
organic,1,milestone
performative,0,reaction
organic,0,travel
performative,0,challenge
performative,0,prank
performative,1,drama
performative,0,storytime
organic,1,milestone
no_child,0,announcement
performative,0,reaction
performative,1,drama
performative,1,milestone
performative,1,reaction
performative,0,challenge
performative,0,reaction
performative,1,milestone
performative,0,animal
performative,1,reaction
performative,1,reaction
performative,0,challenge
performative,1,reaction
performative,0,milestone
no_child,0,other
ambiguous,0,other
organic,0,milestone
performative,0,drama
organic,0,milestone
performative,1,medical
organic,0,travel
performative,0,drama
performative,0,milestone
organics,0,storytime
organic,0,medical
organic,0,milestone
performative,0,training
performative,0,other
organic,0,milestone
organic,0,milestone
organic,0,milestone
organic,0,milestone
organic,0,milestone
organic,0,milestone
organic,1,milestone
organic,1,milestone
organic,1,milestone
organic,1,milestone
organic,1,milestone
organics,1,milestone
organic,1,milestone
organic,1,milestone
organic,1,milestone
organic,1,milestone
performative,0,drama
performative,0,drama
performative,0,medical
organics,0,storytime
performative,0,reaction
performative,0,reaction
medical,1,medical
performative,1,milestone
performative,0,announcement
performative,0,announcement
performative,0,milestone
performative,0,other
performative,1,challenge
performative,0,game
performative,0,travel
performative,0,other
performative,1,drama
performative,1,challenge
performative,0,travel
performative,0,milestone
performative,1,drama
performative,0,reaction
organic,0,vlog
performative,0,game
performative,1,drama
performative,1,medical
performative,0,reaction
performative,1,milestone
organic,0,vlog
ambiguous,0,shorts
performative,0,milestone
performative,0,storytime
performative,0,challenge
performative,0,challenge
performative,0,challenge
performative,1,challenge
performative,0,milestone
performative,1,milestone
performative,1,medical
organic,0,travel
performative,1,storytime
performative,1,drama
performative,1,drama
organizational,1,milestone
performative,1,milestone
performative,1,milestone
performative,0,travel
performative,0,challenge
performative,1,milestone
performative,0,challenge
performative,0,travel
performative,0,challenge
performative,0,challenge
performative,0,milestone
performative,1,milestone
performative,1,medical
organic,1,travel
performative,1,milestone
performative,1,milestone
performative,0,storytime
performative,0,special
performative,0,milestone
performative,0,milestone
performative,0,event
no_child,0,wedding
performative,0,challenge
ambiguous,0,other
ambiguous,0,other
ambiguous,0,other
ambiguous,0,other
ambiguous,0,other
ambiguous,0,other
organic,0,storytime
organic,0,milestone
performative,1,drama
performative,0,milestone
performative,0,challenge
performative,0,reaction
organic,0,milestone
organic,1,milestone
performative,1,drama
organic,0,milestone
performative,0,reaction
performative,1,drama
performative,1,drama
performative,1,drama
organic,1,milestone
performative,1,drama
organic,0,travel
performative,0,travel
performative,0,reaction
performative,0,thrill
organic,0,travel
performative,0,transport
performative,0,thrill
performative,0,thrill
performative,0,milestone
performative,0,milestone
performative,0,thrill
performative,0,pet
organic,0,travel
performative,0,hotel
performative,0,adventure
performative,0,challenge
performative,0,thrill
performative,0,milestone
performative,0,adventure
performative,0,race
organic,0,travel
performative,0,challenge
performative,0,reaction
performance,1,drama
performative,1,milestone
performative,1,milestone
performative,0,milestone
performative,0,milestone
performative,0,milestone
performative,0,milestone
ambiguous,0,other
ambiguous,0,other
ambiguous,0,other
ambiguous,0,other
performative,0,challenge
organic,0,travel
performative,0,adventure
organic,0,visit
performative,0,vlog
organic,0,storm
performative,0,prank
performative,0,reaction
organic,0,travel
performative,0,party
organic,0,party
organic,0,travel
organic,0,milestone
performative,0,storytime
performative,0,drama
performative,0,storytime
performative,0,reaction
organic,0,family
performative,0,storytime
performative,1,drama
performative,0,challenge
performative,0,challenge
performative,0,challenge
performative,0,skit
performative,0,milestone
performative,0,reaction
performative,0,challenge
performative,0,storytime
organic,1,storytime
performative,0,drama
performative,0,challenge
no_child,0,announcement
performative,0,drama
performative,0,reaction
performative,0,challenge
performative,0,announcement
performative,0,drama
performative,0,mukbang
performative,0,storytime
performative,1,medical
performative,1,medical
performative,0,vlog
performative,0,challenge
performative,0,music_dance
performative,0,drama
performative,0,challenge
performative,0,reaction
performative,0,vlog
performative,0,tutorial
ambiguous,0,other
organic,0,medical
organic,0,shopping
performative,0,storytime
performative,0,toy_play
organic,0,disaster
organiche,0,disaster
organic,0,milestone
performative,0,toy_play
performative,1,drama
organic,0,vlog
organic,0,milestone
performative,0,drama
performative,0,unboxing
organic,0,milestone
organic,0,vlog
performative,1,drama
organic,1,milestone
performative,1,drama
performative,0,holiday
performative,0,contest
performative,0,birthday
performative,0,holiday
performative,0,music_dance
performative,0,holiday
performative,0,holiday
performative,0,special
performative,0,family
performative,0,milestone
performative,1,drama
performative,1,drama
performative,1,drama
performative,0,holiday
organic,0,family
organic,1,family
organic,0,family
organic,1,family
performative,1,drama
performative,0,prank
organic,0,roadtrip
organic,0,travel
performative,0,thrilling
performative,1,drama
ambiguous,0,other
ambiguous,0,other
ambiguous,0,other
ambiguous,0,other
ambiguous,0,other
ambiguous,0,other
ambiguous,0,other
ambiguous,0,other
organic,0,vlog
organic,0,crafts
organic,0,travel
performative,1,drama
performative,0,storytime
performative,0,music_dance
performative,0,commercial
organic,0,travel
performative,1,storytime
performative,1,storytime
performative,1,adventure
performative,1,medical
performative,1,medical
performative,1,medical
performative,0,milestone
organic,0,routine
organic,0,routine
performative,0,storytime
performative,1,storytime
performative,1,drama
performative,1,storytime
performative,1,drama
performative,0,drama
performative,1,drama
performative,1,drama
performative,0,drama
performative,1,storytime
performative,1,milestone
performative,0,travel
performative,1,storytime
performative,0,drama
performative,0,travel
performative,0,travel
performative,0,travel
performative,0,adventure
performative,1,adventure
performative,1,adventure
performative,0,adventure
performative,1,adventure
performative,1,adventure
performative,0,adventure
performative,0,adventure
performative,1,adventure
performative,0,adventure
performative,1,adventure
performative,1,adventure
performative,0,adventure
performative,1,adventure
performative,1,adventure
performative,0,adventure
performative,0,drama
organic,0,milestone
organic,0,announcement
performative,0,challenge
organic,0,milestone
performative,0,drama
organic,0,mommy_monday
organic,0,milestone
organic,0,mommy_monday
performative,0,challenge
organic,0,reaction
organic,0,mommy_monday
organic,0,milestone
performative,0,drama
organica,0,music_dance
organic,0,mommy_monday
organic,0,milestone
organic,0,mommy_monday
organic,0,mommy_monday
organic,1,reaction
organic,1,reaction
performative,0,reaction
organic,0,milestone
performative,0,challenge
organic,0,mommy_monday
organic,1,reaction
organic,0,milestone
organic,0,mommy_monday
organica,0,vlog
performative,0,music_dance
organic,0,vlog
organic,0,vlog
organica,1,milestone
performative,0,skit
organic,0,milestone
organic,0,milestone
organica,0,milestone
performative,0,skit
organic,1,milestone
organic,0,mommy_monday
organic,0,milestone
organica,0,travel
performative,0,drama
organica,0,skit
performative,0,milestone
organic,0,milestone
organic,0,milestone
organica,0,milestone
performative,0,skit
organic,0,milestone
organic,0,vlog
performative,0,storytime
performative,0,game
organic,0,vlog
performative,0,recipe
organic,0,travel
performative,1,storytime
performative,0,storytime
performative,0,recipe
performative,1,storytime
organic,0,milestone
performative,0,vlog
performative,0,recipe
performative,1,storytime
organic,0,milestone
organic,0,vlog
organic,0,milestone
performative,0,reaction
performative,1,storytime
performative,1,storytime
organic,0,milestone
organic,0,vlog
organic,0,vlog
organic,0,travel
performative,0,recipe
organic,0,milestone
organic,0,vlog
performative,0,vlog
performative,1,storytime
no_child,0,other
performative,1,storytime
performative,1,storytime
organic,0,milestone
performative,0,travel
organic,0,vlog
performative,0,travel
performative,0,recipe
organic,0,milestone
performative,0,reaction
performative,1,storytime
performative,1,storytime
organic,0,milestone
performative,0,vlog
performative,0,storytime
performative,1,storytime
no_child,0,other
performative,1,storytime
ambiguous,0,other
ambiguous,0,other
ambiguous,0,other
organic,0,street_performance
organic,0,travel
organic,0,milestone
organic,0,reaction
organic,0,milestone
organic,0,milestone
organic,0,reaction
organic,1,reaction
organic,0,challenge
organic,0,reaction
performative,0,game
organic,0,milestone
performative,0,challenge
organic,0,milestone
organic,0,travel
organice,0,other
performative,0,challenge
organic,0,milestone
organic,0,milestone
performative,0,milestone
organic,0,milestone
organic,0,milestone
performative,0,milestone
performative,0,christmas_song
organic,0,milestone
performative,0,challenge
organic,1,challenge
performative,0,music_dance
performative,0,milestone
performative,0,milestone
performative,0,events
performative,0,challenge
organice,0,milestone
performative,0,reaction
organic,0,christmas
performative,1,drama
organic,0,christmas
organice,0,challenge
organic,0,reaction
performative,0,milestone
performative,0,challenge
performative,0,challenge
performative,0,cooking
organic,0,skit
performative,0,reaction
organic,1,reaction
performative,0,challenge
performative,0,reaction
ambiguous,0,other
ambiguous,0,other
organic,0,vlog
organic,0,storytime
organic,0,vlog
performative,0,challenge
organic,0,reaction
organic,1,storytime
organic,0,vlog
performative,0,game
organic,0,milestone
organic,0,storytime
organic,0,travel
performative,0,challenge
performative,0,challenge
performative,0,challenge
organic,0,other
organic,0,milestone
performative,0,skit
organic,0,travel
performative,0,cooking
performative,0,challenge
organic,0,vlog
organic,0,routine
performative,0,challenge
performative,0,challenge
organic,0,travel
performative,0,challenge
performative,0,challenge
performative,0,storytime
ambiguous,0,vlog
performative,1,challenge
organic,0,milestone
performative,0,reaction
organic,1,milestone
organic,0,vlog
performative,0,tutorial
organic,0,routine
organic,0,travel
organic,0,milestone
performative,0,challenge
organic,0,travel
performative,1,storytime
amiguous,0,other
performative,1,storytime
organic,0,challenge
performative,0,challenge
ambiguous,0,other
ambiguous,0,other
ambiguous,0,other
ambiguous,0,other
ambiguous,0,other
organic,0,vlog
organic,0,adventure
organic,0,vlog
organic,0,vlog
performative,0,challenge
performative,0,hauls
organic,0,birthday
performative,1,medical
organic,0,cooking
organic,1,drama
organic,0,animal_encounter
organic,0,reaction
organic,0,encounter
organic,0,encounter
organic,0,vlog
organic,0,travel
organic,0,visit
performative,0,food
performative,1,medical
organic,1,medical
organic,0,water_park
organic,0,storm
organic,0,animal_encounter
organic,0,storm
performative,1,storm
organic,0,encounter
organic,0,cave
organic,0,storm
performative,0,store
performative,0,birthday
organic,1,medical
organic,0,travel
performative,0,challenge
performative,0,challenge
organic,0,party
performative,0,music
organic,1,medical
organic,0,storm
performative,0,hidden
organic,1,encounter
performative,0,coupon
performative,0,birthday
organic,0,road_trip
performative,0,challenge
performative,0,travel
performative,0,party
ambiguous,0,other
ambiguous,0,other
ambiguous,0,other
ambiguous,0,other
organic,0,vlog
organic,0,tour
performative,0,challenge
performative,0,challenge
organic,0,storytime
organic,0,storytime
organic,0,vlog
performative,0,lesson
performative,0,challenge
performative,0,challenge
performative,0,prank
organic,0,update
organic,0,update
organic,0,vlog
organic,0,easter
organic,0,cooking
organicc,0,reaction
performative,0,review
performative,0,challenge
performative,0,party
organic,0,storytime
performative,0,challenge
performative,0,challenge
performative,0,challenge
performative,0,skit
performative,0,music_dance
performative,0,drama
organic,0,challenge
performative,0,gaming
performative,0,drama
organic,0,vlog
performative,0,shopping
organic,0,beach
organic,0,storytime
performative,0,surgery
performative,0,challenge
performative,0,cooking
performative,0,sports
performative,0,sports
performative,0,drama
organic,0,vlog
performative,0,challenge
performative,0,challenge
performative,0,challenge
performative,0,challenge
performative,0,challenge
ambiguous,0,other
ambiguous,0,other
ambiguous,0,other
ambiguous,0,other
organic,0,vlog
ambiguous,0,medical
organic,0,storytime
performative,0,challenge
performative,0,prank
organic,0,milestone
organíc,0,milestone
performative,0,milestone
performative,0,food
organic,0,milestone
organic,0,milestone
organic,0,milestone
organic,0,travel
organic,0,travel
performative,0,challenge
performative,0,challenge
performative,0,challenge
organic,0,challenge
performative,1,challenge
organic,0,storytime
organic,0,milestone
organic,0,milestone
organic,0,travel
organíc,0,milestone
performative,1,challenge
organic,0,milestone
performative,0,travel
organic,0,travel
performative,0,milestone
organic,0,travel
performative,1,challenge
performative,0,challenge
organic,0,storytime
performative,0,challenge
performative,0,challenge
organic,0,vlog
organic,0,milestone
performative,0,milestone
organic,0,travel
organic,0,travel
performative,0,storytime
organic,1,milestone
organic,0,milestone
organic,0,milestone
performative,0,other
organíc,0,storytime
performative,0,challenge
organic,0,milestone
performative,0,storytime
organicí,0,milestone
organic,0,milestone
organic,0,vlog
organic,0,toy_play
organic,0,toy_play
organic,0,milestone
performative,0,skit
organic,0,vlog
performative,1,skit
organic,1,vlog
organic,0,cooking
organic,0,milestone
organic,0,milestone
organic,0,travel
performative,0,reaction
organic,0,milestone
performative,0,reaction
performative,0,skit
performative,1,skit
organic,1,vlog
organic,0,travel
performative,0,vlog
performative,0,trick-or-treat
performative,0,trick-or-treat
performative,0,reaction
performative,0,reaction
performative,0,vlog
performative,0,adventure
organic,0,travel
performative,0,reaction
performative,0,birthday
performative,0,sleepover
performative,0,reaction
performative,0,reaction
organic,0,vlog
performative,0,adventure
performative,0,milestone
performative,0,milestone
performative,0,sleepover
organic,0,milestone
performative,0,adventure
organic,0,milestone
organic,0,milestone
performative,0,reaction
performative,0,reaction
performative,1,skit
performative,0,drama
ambiguous,0,other
ambiguous,0,other
ambiguous,0,other
ambiguous,0,other
organic,0,game
organic,0,vlog
organic,0,milestone
organic,0,milestone
organic,0,travel
organic,0,milestone
organic,0,crafts
organic,0,travel
organic,0,travel
organic,0,fishing
performative,0,game
performative,0,toy_play
organic,0,toy_play
organic,0,milestone
organic,0,milestone
organic,0,travel
organic,0,travel
organic,0,toy_play
performative,0,toy_play
organic,0,milestone
organic,0,milestone
performative,0,challenge
performative,0,music_dance
organic,0,museum
no_child,0,game
organic,0,charity
performative,0,beauty
organic,0,museum
no_child,0,skit
performative,0,game
performative,0,reaction
organic,0,milestone
performative,0,reaction
organic,0,milestone
organic,0,reaction
organic,0,travel
organic,0,family_event
organic,0,family_event
organic,0,travel
no_child,0,travel
organic,0,toy_play
performative,0,celebration
organic,0,event
organic,0,milestone
organic,0,travel
no_child,0,travel
organic,0,travel
performative,0,music_dance
performative,0,challenge
ambiguous,0,other
organic,0,milestone
organic,0,milestone
performative,0,unboxing
organic,0,challenge
organic,0,game
organic,0,travel
performative,0,storytime
performative,0,adventure
organic,0,toy_play
organic,0,comparison
performative,0,slime
organic,0,milestone
organic,0,travel
organic,0,milestone
performative,0,challenge
performative,0,challenge
organic,1,milestone
organic,0,milestone
organic,0,travel
performative,0,other
performative,1,storytime
performative,0,music_dance
organic,0,Beach
performative,0,game
performative,0,challenge
organic,0,milestone
performative,0,challenge
organic,0,milestone
performative,0,music_dance
organic,0,routine
performative,0,other
organic,0,milestone
organic,0,vacation
performative,0,challenge
performative,0,unboxing
organic,0,travel
performative,0,unboxing
performative,0,challenge
performative,0,challenge
organic,1,milestone
performative,0,storytime
performative,0,drama
performative,0,challenge
organic,0,milestone
performative,1,challenge
ambiguous,0,other
ambiguous,0,other
ambiguous,0,other
ambiguous,0,other
ambiguous,0,other
organic,0,travel
performative,0,storytime
performative,0,drama
performative,0,baking/cooking
organic,0,travel
performative,0,challenge
performative,0,challenge
performative,0,milestone
organic,1,drama
organic,0,mukbang
organict,0,travel
performative,0,milestone
performative,0,reaction
performative,1,reaction
organic,0,travel
organic,0,travel
performative,1,storytime
performative,0,drama
no_child,0,vlog
no_child,0,vlog
performative,1,drama
performative,0,milestone
performative,0,reaction
performative,0,skit
performative,1,skit
performative,0,travel
performative,0,storytime
performative,0,game
performative,0,skit
performative,0,reaction
performative,0,travel
performative,1,milestone
performative,0,game
performative,0,toy_play
performative,0,travel
performative,0,challenge
performative,1,drama
performative,0,challenge
no_child,0,vlog
no_child,0,vlog
performative,0,party
performative,1,drama
performative,0,reaction
performative,1,reaction
performative,0,milestone
performative,0,challenge
ambiguous,0,other
ambiguous,0,other
ambiguous,0,other
ambiguous,0,other
organic,0,vlog
organic,0,announcement
performative,0,challenge
performative,0,race
organic,0,travel
organic,0,milestone
organic,0,travel
organic,0,vlog
organic,0,storytime
performative,0,storytime
performative,0,game
organic,0,travel
organic,0,concert
organic,0,vlog
organic,0,party
organic,0,vlog
organic,0,face paint tutorial
performative,0,unboxing
organic,0,cooking
organic,0,vlog
organic,0,storytime
performative,0,toy_play
performative,0,toy_play
performative,0,party
organic,0,vlog
performative,0,game
organice,0,party
organice,0,vlog
performative,0,challenge
performative,0,challenge
performative,1,water parks
organic,0,toy_play
performative,1,challenge
organic,0,milestone
performative,0,funny skit
organic,0,milestone
organice,0,travel
performative,0,challenge
organic,1,challenge
organic,0,water parks
performative,0,challenge
performative,1,challenge
performative,1,skit
organic,0,preview
ambiguous,0,other
ambiguous,0,other
ambiguous,0,other
ambiguous,0,other
ambiguous,0,other
ambiguous,0,other
organic,0,vlog
performative,0,drama
performative,0,challenge
organic,0,vlog
performative,0,challenge
organic,0,reaction
performative,0,challenge
organic,0,vlog
performative,0,storytime
performative,0,unboxing
performative,0,other
performative,0,vlog
performative,0,reaction
performative,0,milestone
organic,0,travel
performative,0,storytime
performative,0,prank
performative,0,announcement
organic,0,milestone
performative,0,storytime
organic,0,travel
performative,0,storytime
performative,0,storytime
performative,0,shopping
organic,0,milestone
performative,0,milestone
performative,0,storytime
performative,0,storytime
performative,0,challenge
performative,0,challenge
performative,0,reaction
organic,0,vlog
performative,1,storytime
performative,0,challenge
performative,0,unboxing
performative,0,milestone
performative,0,game
performative,0,milestone
performative,0,storytime
performative,0,reaction
organic,0,milestone
performative,0,reaction
performative,0,storytime
organici,0,milestone
performative,0,reaction
performative,0,storytime
performative,0,reaction
performative,0,milestone
ambiguous,0,other
ambiguous,0,other
organic,0,commercial
organic,0,vlog
performative,0,challenge
performative,0,toy_play
performative,0,toy_play
performative,0,challenge
organic,0,toy_play
performative,0,challenge
organic,0,vlog
organic,0,milestone
organic,0,milestone
organic,0,vlog
organic,0,milestone
organic,0,milestone
organic,0,reaction
organic,0,reaction
organic,0,vlog
performative,0,reaction
performative,0,challenge
organic,0,cooking
performative,0,toy_play
performative,0,toy_play
organic,0,vlog
organic,0,milestone
organic,0,vlog
performative,0,reaction
performative,1,reaction
organic,0,family
organic,0,milestone
organic,0,milestone
organic,0,vlog
performative,0,challenge
organic,0,travel
organic,0,cooking
organic,0,milestone
performative,0,reaction
performative,1,challenge
performative,0,game
performative,0,challenge
organic,0,family
organic,0,milestone
organic,1,milestone
organic,0,vlog
performative,0,game
performative,0,challenge
organic,0,family
organic,0,milestone
performative,0,family
organic,0,milestone
organic,0,vlog
performative,0,challenge
organic,0,milestone
organic,0,milestone
performative,0,game
performative,0,toy_play
organic,0,milestone
organic,0,milestone
organict,0,milestone
performative,0,cooking
performative,0,challenge
performative,0,trip
organict,0,milestone
performative,0,birthday
performative,0,challenge
performative,0,challenge
organict,0,milestone
performative,0,challenge
organic,0,milestone
organic,0,vlog
organict,0,milestone
organict,0,milestone
organict,0,milestone
performative,0,birthday
performative,0,challenge
performative,1,party
performative,0,challenge
performative,0,vlog
performative,0,milestone
organic,0,milestone
organic,0,milestone
performative,0,challenge
organict,0,milestone
organict,0,milestone
performative,1,reaction
organict,0,party
organict,0,shopping
organict,0,milestone
performative,0,milestone
performative,0,game
performative,0,milestone
organict,0,milestone
performative,0,birthday
performative,0,challenge
performative,0,milestone
organict,0,milestone
organic,0,milestone
organict,0,milestone
performative,0,party
performative,0,challenge
performative,0,milestone
organic,0,milestone
organic,0,toy_play
challenge,0,challenge
performative,0,drama
organic,0,vlog
organic,0,milestone
organic,0,milestone
performative,0,family_fun_day
organic,0,game
performative,0,challenge
organic,0,storytime
performative,0,toy_play
organic,0,milestone
organic,0,vlog
organic,0,milestone
performative,0,review
performative,0,challenge
organic,0,storytime
performative,0,challenge
performative,0,pool_games
performative,0,event
organic,0,milestone
organic,0,milestone
performative,0,challenge
performative,0,challenge
organic,0,milestone
organic,0,milestone
performative,0,family_fun_day
performative,0,challenge
organic,0,milestone
performative,0,challenge
organic,0,milestone
performative,0,family_fun_day
performative,0,milestone
performative,0,event
organic,0,family_fun_day
performative,0,challenge
organic,0,milestone
organic,0,milestone
performative,0,family_fun_day
performative,0,game
performative,0,reaction
performative,0,family_fun_day
organic,0,milestone
performative,0,milestone
organic,0,milestone
performative,0,other
ambiguous,0,other
ambiguous,0,other
ambiguous,0,other
organic,0,unboxing
organic,0,travel
organic,0,cooking
performative,0,craft
organic,0,kids_activity
performative,0,cooking
performative,0,challenge
organic,0,vlog
performative,0,food
performative,0,challenge
performative,0,food
organic,0,vlog
performative,0,kids_activity
organic,0,shopping
performative,0,challenge
organic,0,food
organic,0,milestone
performative,0,dance
organic,0,holiday
organic,0,kids_activity
performative,0,game
performative,0,food
performative,0,game
performative,0,game
performative,0,adventure
performative,0,challenge
performative,0,challenge
organic,0,challenge
performative,0,game
performative,0,challenge
performative,0,skit
performative,0,roleplay
performative,0,art
performative,0,slime_challenge
performative,0,game
organic,0,reaction
performative,0,outdoor/park
performative,0,playset
performative,0,challenge
performative,0,challenge
performative,0,family_activity
performative,0,challenge
performative,0,story
no_child,0,fan_mail
ambiguous,0,other
ambiguous,0,other
ambiguous,0,other
ambiguous,0,other
ambiguous,0,other
ambiguous,0,other
organic,0,storytime
organic,0,milestone
organic,0,reaction
performative,0,toy_play
organic,0,travel
organic,0,milestone
organic,0,vlog
organic,0,holiday
organic,0,milestone
organic,0,travel
organic,0,milestone
performative,0,game
performative,0,reaction
performative,0,reaction
performative,0,milestone
organic,0,reaction
organic,0,travel
organic,0,travel
organic,0,vlog
organic,0,milestone
performative,0,cooking
organic,0,milestone
organic,0,milestone
performative,0,game
performative,0,celebration
performative,1,game
performative,0,challenge
performative,0,milestone
performative,0,reaction
performative,1,challenge
performative,0,reaction
performative,0,milestone
organic,0,music_dance
organic,0,reaction
performative,0,milestone
performative,0,travel
organic,0,milestone
performative,1,reaction
organic,0,travel
performative,0,reaction
performative,0,game
performative,1,celebration
performative,0,announcement
organic,0,travel
performative,1,milestone
organic,0,celebration
organic,0,milestone
ambiguous,0,other
ambiguous,0,other
ambiguous,0,other
organic,0,milestone
organic,0,travel
organic,0,vlog
performative,0,other
organic,0,milestone
performative,0,game
organice,0,tour
organic,0,travel
organic,0,milestone
organic,0,vlog
organic,0,vlog
organic,0,other
organic,0,science
organic,0,holiday
organic,0,playground
organic,0,holiday
organic,0,tour
organic,0,toy_play
performative,0,haul
organic,0,milestone
organic,0,vlog
organic,1,reaction
performative,0,storytime
organic,0,taste_test
organic,0,vlog
performative,0,vlog
organic,0,holiday
performative,0,other
organic,0,play
performative,1,storytime
performative,0,tutorial
performative,0,giveaway
performative,0,game
organic,0,holiday
performative,0,play
organic,0,special
performative,1,drama
performative,0,cooking
organice,0,milestone
performative,0,vlog
organic,0,play
organic,1,reaction
performative,0,other
performative,0,holiday
performative,0,storytime
performative,0,vlog
performative,1,drama
organic,0,reaction
ambiguous,0,other
ambiguous,0,other
organic,0,milestone
performative,0,challenge
performative,1,toy_play
organic,0,vlog
organic,0,food/cooking
performative,0,medical
organic,0,travel
organic,0,play
organic,0,toy_play
organic,0,mommy_monday
performative,1,reaction
performative,0,reaction
performative,0,cooking
performative,0,game
organic,0,party
performative,0,medical
organic,0,fan_mail
organic,0,haul
organic,0,back_to_school
performative,0,parody
organic,0,play
performative,0,dolls
performative,1,milestone
organic,0,play
performative,0,travel
performative,0,play
organic,0,waterpark
performative,0,play
performative,0,mommy_monday
organic,0,tour
performative,0,food
performative,0,game
performative,0,dream
performative,1,reaction
performative,0,challenge
organic,0,fan_mail
organic,0,haul
organic,0,school
performative,0,parody
organic,0,theme_park
performative,0,food
organic,0,summer_day
performative,0,restaurant
performative,0,water_park
organic,0,play
organic,0,tour
performative,0,clothing
performative,0,kitchen
ambiguous,0,other
ambiguous,0,other
organická,0,unboxing
performative,0,cooking
performative,0,challenge
performative,0,challenge
organizováno,0,milestone
performative,0,challenge
organizováno,0,milestone
organic,0,vlog
organizováno,0,craft
organická,0,play
organická,0,travel
performative,0,party
organická,0,party
organická,0,family
organizováno,0,room_tour
performative,0,game
organická,0,toys_review
organická,0,milestone
organická,0,challenge
organizováno,0,family
organická,0,family
performative,0,reaction
organická,0,wildlife
organická,0,toy_review
performative,0,challenge
organická,0,travel
organická,0,water_park
organická,0,cooking
performative,0,celebration
organická,0,party
organická,0,foods_try
performative,0,sports
performative,0,play
organická,0,water_park
performative,0,milestone
performative,0,birthday
performative,0,slide
performative,0,interview
organická,0,water_park
performative,0,build_bear
organická,0,family
performative,0,cooking
organická,0,theme_park
performative,0,celebration
organická,0,trips
performative,0,milestone
organická,0,cooking
performative,0,travel
ambiguous,0,other
ambiguous,0,other
organic,0,vlog
organic,0,announcement
organic,0,milestone
organic,0,vlog
organic,0,birthday
organic,0,toy_play
organic,0,who is
performative,0,challenge
organic,0,travel
organic,0,travel
organic,0,milestone
performative,0,reaction
organic,0,room tour
performative,0,bakery
performative,0,storytime
performative,0,milestone
organic,0,milestone
organic,0,travel
organic,0,travel
organic,0,storytime
performative,0,cake
performative,0,storytime
organic,0,travel
performative,0,birthday
organic,0,milestone
performative,0,birthday
organic,0,milestone
organic,0,dental
performative,0,music_dance
performative,0,tour
performative,0,unboxing
performative,0,challenge
performative,0,first time
performative,0,game
performance,0,music_dance
performative,0,milestone
performative,0,wedding
performative,0,confusion
organic,0,storytime
organic,0,foods
performative,0,build-a-bear
organic,0,day in the life
performative,0,cooking
performative,0,disaster
organic,0,milestone
performative,0,party
organic,0,travel
no_child,0,fan mail
performative,0,exploration
performative,0,game
organic,0,reaction
organic,0,vlog
organic,0,reaction
organic,0,unboxing
performative,0,toy_play
performative,0,baby_play
organic,0,travel
performative,0,challenge
organic,0,milestone
organic,0,travel
performative,0,play
performative,0,unboxing
performative,0,unboxing
performative,0,unboxing
performative,0,challenge
organic,0,vlog
organic,0,milestone
organic,0,food
performative,0,toy_play
performative,0,play
performative,0,play
organic,0,hobby
performative,0,reaction
performative,0,challenge
performative,0,happy
organic,0,milestone
organic,0,vlog
performative,0,mail
organic,0,challenge
organic,0,haul
organic,0,haul
performative,0,tour
organice,0,music_dance
performative,0,visit
performative,0,food
performative,0,visit
performative,0,visit
performative,0,visit
performative,0,day
performative,0,music_dance
performative,0,toy_play
performative,0,reaction
performative,0,challenge
organic,0,haul
performative,0,craft
ambiguous,0,other
ambiguous,0,other
ambiguous,0,other
ambiguous,0,other
ambiguous,0,other
organic,0,vlog
performative,0,fashion/show
organic,0,music_dance
organics,0,travel
performative,0,cooking
organic,0,milestone
organic,0,travel
organic,0,milestone
performative,0,toy_play
organic,0,travel
performative,0,challenge
performative,0,game
organic,0,milestone
organic,0,milestone
organic,0,milestone
organic,0,reaction
organic,0,reaction
organics,0,reaction
organic,0,travel
organic,0,travel
organic,0,travel
organics,0,tour
performative,0,milestone
organic,0,tour
organic,0,tour
organics,0,tour
organics,0,tour
organic,1,tour
organics,0,tour
organics,0,trampoline
organics,0,vlog
organic,0,milestone
organics,0,tour
performative,1,milestone
performative,0,travel
performative,0,challenge
organic,0,food
performative,0,race
performative,0,race
organics,0,music_dance
organic,0,tour
performative,0,haul
organics,0,celebration
organics,0,celebration
organics,0,compilation
organics,0,celebration
performative,0,toy_play
ambiguous,0,other
ambiguous,0,other
ambiguous,0,other
organic,0,vlog
organic,0,travel
organic,0,roleplay
organic,0,toy_play
organic,0,milestone
organic,0,milestone
organic,0,storytime
organic,0,game
performative,0,tutorial
performative,0,toy_play
performative,0,challenge
organic,0,announcement
organicu,0,milestone
performative,0,milestone
performative,0,toy_play
performative,0,toy_play
organic,0,music_dance
organic,0,reaction
performative,0,storytime
performative,0,toy_play
organicu,0,vlog
performative,1,challenge
performative,0,drama
organicu,0,milestone
performative,0,reaction
organic,0,milestone
performative,0,cookie
organic,0,milestone
organic,0,milestone
performative,0,party
performative,0,challenge
organic,0,milestone
performative,0,event
performative,0,holiday
organic,0,haul
performative,0,reaction
performative,0,travel
performative,0,game
performative,0,toy_play
performative,0,challenge
performative,0,milestone
performative,0,milestone
performative,0,reaction
performative,0,toy_play
performative,0,milestone
performative,0,milestone
performative,0,milestone
organic,0,milestone
organic,0,milestone
ambiguous,0,other
organic,0,vlog
organic,0,travel
organic,0,drama
organic,0,music_dance
organic,0,drama
organic,0,drama
organicz,0,storytime
performative,0,experiment
performative,0,toy_play
performative,0,craft/tutorial
organic,0,milestone
organic,0,unboxing
performative,0,challenge
performative,0,routine
organic,0,reaction
organic,0,travel
organic,0,food
performative,1,challenge
organic,0,milestone
organic,0,unboxing
organicz,0,tour
organic,0,experiment
organic,0,experiment
organic,0,craft/tutorial
organic,0,diet/milestone
performative,1,challenge
performative,0,surprise
performative,0,holiday
performative,0,play
organic,0,milestone
performative,0,reaction
performative,0,challenges
organic,0,milestone
organic,0,craft/tutorial
performative,0,roleplay
performative,0,roleplay
organic,0,costume_show
performative,0,play
performative,0,holiday
performative,0,challenge
organic,0,vlog
performative,0,food
performative,1,challenge
organic,0,announcement
organic,0,routine
organic,0,routine
performative,0,costume
performative,0,cooking
ambiguous,0,other
ambiguous,0,other
organic,0,vlog
organic,0,vlog
organic,0,sports
organic,0,music_dance
performative,0,milestone
organic,0,play
organic,0,storytime
organic,0,food
organic,0,milestone
organic,0,play
organic,0,vlog
organic,0,mail
organic,0,food
organic,0,music_dance
organic,0,medical
organic,0,play
organic,0,food
unboxing,0,unboxing
performative,0,challenge
storytime,0,storytime
organic,0,play
performative,0,jumps
organic,0,play
organic,0,food
performative,0,ad
organic,0,play
organic,0,mail
organic,0,play
performative,0,challenge
organic,0,play
performative,0,challenge
performative,0,challenge
organic,0,play
performative,0,play
organic,0,milestone
performative,0,unboxing
performative,0,challenge
performative,0,challenge
performative,0,challenge
organic,0,play
performative,0,birthday
organic,0,play
organic,0,waterpark
organizational,0,play
ambiguous,0,other
ambiguous,0,other
ambiguous,0,other
ambiguous,0,other
ambiguous,0,other
ambiguous,0,other
organic,0,vlog
organic,0,reaction
organic,0,milestone
no_child,0,other
organice,0,milestone
organic,0,travel
organic,0,travel
organic,0,travel
organic,0,milestone
misc,0,music_dance
no_child,0,toy_play
no_child,0,toy_play
no_child,0,reaction
no_child,0,reaction
no_child,0,shopping
no_child,0,bag_review
no_child,0,shopping
no_child,0,reaction
no_child,0,qa
performative,0,challenge
no_child,0,reaction
no_child,0,toy_play
no_child,0,milestone
no_child,0,milestone
no_child,0,travel
no_child,0,travel
no_child,0,travel
no_child,0,travel
no_child,0,travel
no_child,0,travel
no_child,0,travel
no_child,0,travel
no_child,0,travel
no_child,0,travel
no_child,0,travel
no_child,0,travel
no_child,0,travel
no_child,0,travel
performative,0,reaction
no_child,0,reaction
no_child,0,reaction
no_child,0,reaction
no_child,0,reaction
no_child,0,travel
no_child,0,milestone
no_child,0,travel
no_child,0,reaction
performative,0,reaction
performative,0,party
performative,1,milestone
organic,0,toy_play
performative,0,challenge
performative,0,unboxing
performative,0,storytime
organic,0,milestone
performative,0,unboxing
performative,0,storytime
organic,0,milestone
performative,0,unboxing
organic,0,tour
performative,0,prank
organic,0,haul
organic,0,fan_mail
organic,0,milestone
organic,0,unboxing
organic,0,fan_mail
organic,0,toy_play
performative,0,unboxing
organic,0,toy_play
organic,0,pool
performative,0,taste_test
performative,0,visit
performative,0,park
organic,0,challenge
performative,0,food_taste
performative,0,pool_review
organic,0,school_event
performative,0,music_dance
performative,0,toy_play
performative,0,unboxing
performative,0,reaction
performative,0,tour
organic,0,fan_mail
organic,0,holiday
performative,0,announcement
organic,0,performance
performative,1,reaction
performative,0,toy_play
performative,0,unboxing
performative,0,playtime
organic,0,milestone
performative,0,toy_play
organic,0,tour
performative,1,reaction
performative,0,toy_play
performative,0,unboxing
performative,0,milestone
organic,0,tour
ambiguous,0,other
ambiguous,0,other
organic,0,vlog
unboxing,0,unboxing
organic,0,milestone
organic,0,vlog
organic,0,play
organic,0,tour
organic,0,milestone
no_child,0,reaction
organic,0,milestone
organic,0,toy_play
organic,0,toy_play
organic,0,reaction
organic,0,play
unboxing,0,unboxing
performative,0,cooking
unboxing,0,unboxing
organic,0,game
organic,0,tour
organic,0,toy_play
organic,0,toy_play
organic,0,milestone
organic,0,holiday
organic,0,milestone
organic,0,toy_play
organic,0,travel
organic,0,toy_play
unboxing,0,unboxing
unboxing,0,unboxing
organice,0,review
performative,0,game
organic,0,hike
performative,1,game
no_child,0,other
performative,0,runway
performative,0,review
performative,0,review
performative,0,cooking
performative,0,vending
performative,0,review
performative,0,play
performative,1,party
no_child,1,drama
unboxing,0,unboxing
organic,0,hike
performative,0,play
organic,0,family
organic,0,collection
organic,0,play
no_child,1,drama
performative,0,toy_play
organic,0,vlog
organic,0,unboxing
organic,0,milestone
performative,0,tutorial
organic,0,milestone
performative,0,toy_play
organic,0,vlog
performative,0,playtime
performative,0,toy_play
organic,0,travel
organic,0,milestone
performative,0,unboxing
performative,0,unboxing
performative,0,unboxing
organic,0,milestone
organic,0,milestone
performative,0,food
organic,0,milestone
performative,0,game
performative,0,toy_play
performative,0,challenge
performative,0,reaction
performative,0,challenge
performative,1,drama
performative,1,drama
performative,0,unboxing
performative,0,toy_play
organic,0,milestone
ambiguous,1,other
performative,0,game
performative,0,toy_play
performative,1,challenge
performative,1,drama
organic,0,milestone
performative,0,toy_play
performative,0,unboxing
organic,0,milestone
organics,0,travel
organic,0,milestone
organic,0,milestone
performative,0,challenge
performative,0,toy_play
organic,0,milestone
performative,0,reaction
performative,0,milestone
organics,0,milestone
performative,1,drama
organics,0,milestone
organics,0,milestone
performative,0,milestone
organic,0,milestone
organic,0,toy_play
performative,0,review
performative,0,drama
organic,0,milestone
performative,0,reaction
performative,1,drama
performative,0,game
performative,0,toy_play
organic,0,milestone
organic,0,milestone
performative,0,reaction
performative,0,toy_play
performative,0,puppy
organic,0,vlog
organic,0,lifestyle
performative,0,music_dance
organic,0,milestone
performative,0,drama
performative,0,vlog
performative,0,milestone
performative,0,toy_play
performative,0,shopping
performative,0,mail
performative,0,milestone
performative,0,music_dance
performative,0,milestone
performative,0,DIY
performative,0,DIY
performative,0,drama
organical,0,animal
performative,0,toy_play
performative,0,milestone
performative,0,food
performative,0,drama
performative,1,drama
performative,0,reaction
performative,0,milestone
performative,0,vlog
performative,0,celebration
performative,0,music_dance
performative,0,music_dance
performative,0,music_dance
performative,0,piano
performative,0,celebration
performative,0,drama
performative,0,music_dance
performative,0,toy_play
performative,0,reaction
organical,0,holiday
organic,0,milestone
organic,0,mail
organic,0,milestone
organic,0,milestone
performative,0,storytime
performative,0,party
performative,1,drama
organic,0,mail
unboxing,0,unboxing
performative,1,drama
performative,0,roleplay
performative,0,milestone
performative,0,milestone
performative,0,toy_play
performative,0,challenge
performative,0,holiday
performative,0,roleplay
organics,0,craft
performative,1,drama
performative,1,drama
performative,0,challenge
performative,0,challenge
performative,0,challenge
organic,0,review
unboxing,0,unboxing
unboxing,0,unboxing
unboxing,0,unboxing
performative,0,review
unboxing,0,unboxing
performative,0,craft
performative,0,runway
organics,0,mail
performative,0,waterpark
performative,1,drama
performative,1,drama
performative,1,drama
performative,1,drama
unboxing,0,unboxing
performative,0,game
organic,0,travel
performative,0,unboxing
performative,0,game
performative,0,review
organic,0,milestone
performative,1,drama
performative,0,unboxing
performative,1,drama
performative,0,milestone
performative,0,reaction
performative,0,review
organic,0,music_dance
organic,0,music_dance
organic,0,music_dance
organic,0,music_dance
organic,0,reaction
organic,0,travel
performative,0,toy_play
organic,0,milestone
organic,0,milestone
organic,0,milestone
organic,0,milestone
performative,1,reaction
performative,0,toy_play
organic,0,toy_play
organic,0,travel
organic,0,travel
performative,0,toy_play
organic,0,reaction
performative,1,milestone
performative,0,toy_play
organic,0,travel
performative,1,reaction
organic,0,game
performative,0,reaction
organic,0,milestone
organic,0,milestone
performative,0,travel
performative,0,unboxing
performative,0,travel
performative,1,reaction
performative,1,reaction
performative,1,reaction
organic,0,milestone
performative,1,reaction
organic,0,milestone
organic,0,milestone
performative,1,reaction
organic,1,storytime
organic,0,travel
performative,1,reaction
performative,0,music_dance
performative,1,reaction
performative,0,game
performative,1,reaction
performative,0,toy_play
performative,1,reaction
performative,0,milestone
organic,0,milestone
performative,1,reaction
ambiguous,0,other
organic,0,vlog
organic,0,travel
unboxing,0,unboxing
organic,0,play
organic,0,music_dance
game,0,game
unboxing,0,unboxing
performative,0,event
organice,0,event
game,0,game
no_child,0,reaction
performative,0,slide
organic,0,vlog
organic,0,storytime
performative,0,singing
performative,0,game
performative,0,chase
performative,0,play
performative,0,milestone
performative,0,play
performative,0,milestone
performative,0,milestone
performative,0,unboxing
performative,0,reaction
performative,0,milestone
organice,0,vlog
performative,0,storytime
performative,0,challenge
performative,0,singing
no_child,0,reaction
performative,1,storytime
performative,0,milestone
performative,0,review
organice,0,milestone
performative,0,play
performative,0,milestone
performative,0,game
performative,0,boredom
performative,0,game
performative,0,game
performative,0,game
unboxing,0,unboxing
performative,0,play
performative,0,milestone
organic,0,vlog
performative,0,reaction
no_child,0,funny
performative,0,laundry
organic,0,storytime
performative,0,milestone
organic,0,storytime
organic,0,travel
organic,0,storytime
performative,0,music_dance
organic,0,milestone
organic,0,milestone
performative,0,reaction
organic,0,milestone
organic,0,milestone
no_child,0,other
performative,0,drama
performative,1,other
organic,0,holiday
organic,0,milestone
organic,0,travel
organic,0,milestone
organic,0,milestone
organic,0,milestone
performative,0,milestone
performative,0,challenge
performative,0,other
performative,0,other
performative,0,other
organic,0,milestone
performative,0,song
performative,0,storytime
performative,0,other
performative,0,challenge
performative,0,other
performative,0,other
performative,1,drama
performative,0,challenge
organic,0,milestone
organic,0,milestone
performative,1,challenge
performative,0,other
performative,0,other
performative,0,other
performative,0,travel
performative,0,reaction
performative,0,other
performative,0,other
performative,0,other
performative,0,other
ambiguous,0,other
ambiguous,0,other
ambiguous,0,other
ambiguous,0,other
ambiguous,0,other
ambiguous,0,other
organic,0,game
organic,0,storytime
organic,0,milestone
organic,0,reaction
organic,0,performance
organic,0,music_dance
organic,0,challenge
organic,0,fight
organic,0,storytime
organic,0,music_dance
organic,0,milestone
organic,0,mess
organic,0,milestone
organic,0,mess
organic,0,music_dance
organic,0,reaction
organic,0,musical
organic,0,music_dance
organic,0,travel
organic,0,reaction
organic,0,reaction
organic,0,music_dance
organic,0,challenge
organic,0,music_dance
organic,0,adventure
organic,0,reaction
organic,0,family_vlog
organic,0,singing
organic,0,drama
organic,1,storytime
organic,0,review
organic,0,family_vlog
organic,0,storytime
organic,0,singing
organic,0,reaction
organic,1,storytime
organic,0,review
organic,0,toy_play
organic,1,storytime
organic,0,family_vlog
organic,0,challenge
organic,0,challenge
organic,0,reaction
organic,0,family_vlog
organic,0,challenge
organic,0,family_vlog
organic,0,family_vlog
organic,0,family_vlog
organic,0,family_vlog
organic,0,challenge
organic,0,vlog
organic,0,storytime
organic,0,storytime
organic,0,storytime
organic,0,storytime
performative,0,music_dance
performative,0,drama
performative,0,drama
performative,0,music_dance
performative,0,drama
performative,0,storytime
performative,0,storytime
performative,0,music_dance
performative,0,storytime
no_child,0,other
no_child,0,other
no_child,0,other
no_child,0,other
no_child,0,other
no_child,0,other
no_child,0,other
no_child,0,other
no_child,0,other
no_child,0,other
no_child,0,other
no_child,0,other
no_child,0,other
no_child,0,other
no_child,0,other
no_child,0,other
no_child,0,other
no_child,0,other
no_child,0,other
no_child,0,other
no_child,0,other
no_child,0,other
no_child,0,other
no_child,0,other
no_child,0,other
no_child,0,other
no_child,0,other
no_child,0,other
no_child,0,other
no_child,0,other
no_child,0,other
no_child,0,other
no_child,0,other
no_child,0,other
no_child,0,other
no_child,0,other
performative,0,unboxing
performative,0,unboxing
performative,0,unboxing
performative,0,unboxing
performative,0,unboxing
performative,0,reaction
performative,0,unboxing
performative,0,unboxing
performative,0,unboxing
performative,0,unboxing
performative,0,unboxing
performative,0,unboxing
performative,0,unboxing
performative,0,reaction
performative,0,unboxing
performative,0,unboxing
performative,0,unboxing
performative,0,unboxing
performative,0,unboxing
performative,0,unboxing
performative,0,unboxing
performative,0,unboxing
performative,0,unboxing
performative,0,unboxing
performative,0,unboxing
performative,0,unboxing
performative,0,unboxing
performative,0,unboxing
performative,0,unboxing
performative,0,unboxing
performative,0,unboxing
performative,0,unboxing
performative,0,unboxing
performative,0,unboxing
performative,0,unboxing
performative,0,unboxing
performative,0,unboxing
performative,0,unboxing
performative,0,unboxing
performative,0,unboxing
performative,0,unboxing
performative,0,unboxing
performative,0,unboxing
performative,0,unboxing
performative,0,unboxing
performative,0,unboxing
performative,0,unboxing
performative,0,unboxing
performative,0,unboxing
performative,0,unboxing
performative,0,unboxing
performative,0,challenge
performative,0,unboxing
performative,0,unboxing
performative,0,unboxing
performative,0,unboxing
performative,0,unboxing
performative,0,reaction
performative,0,milestone
performative,0,unboxing
performative,0,unboxing
performative,0,unboxing
performative,0,unboxing
performative,0,unboxing
performative,0,unboxing
performative,0,review
performative,0,storytime
performative,0,unboxing
performative,0,unboxing
performative,0,unboxing
performative,0,unboxing
performative,0,unboxing
performative,0,unboxing
performative,0,unboxing
performative,0,unboxing
performative,0,challenge
performative,0,unboxing
performative,0,unboxing
performative,0,unboxing
performative,1,unboxing
performative,0,review
performative,0,unboxing
performative,0,unboxing
performative,0,unboxing
performative,0,tech
performative,0,unboxing
performative,0,unboxing
performative,0,unboxing
performative,0,travel
performative,0,reaction
performative,0,unboxing
performative,0,unboxing
performative,0,unboxing
performative,0,unboxing
performative,0,unboxing
performative,0,tech
performative,0,unboxing
performative,0,tech
performative,0,unboxing
performative,0,tech
ambiguous,0,unboxing
ambiguous,0,milestone
ambiguous,0,unboxing
ambiguous,0,unboxing
organic,0,vlog
ambiguous,0,game
ambiguous,0,tutorial
ambiguous,0,unboxing
organic,0,milestone
ambiguous,0,unboxing
ambiguous,0,milestone
performative,0,unboxing
performative,0,unboxing
performative,0,unboxing
performative,0,unboxing
performative,0,milestone
performative,0,storytime
performative,0,unboxing
performative,0,unboxing
performative,0,unboxing
performative,0,milestone
performative,0,unboxing
performative,0,unboxing
performative,0,unboxing
performative,0,unboxing
performative,0,unboxing
performative,0,unboxing
performative,0,unboxing
performative,0,unboxing
ambiguous,0,unboxing
ambiguous,0,unboxing
performative,0,unboxing
performative,0,unboxing
performative,0,unboxing
performative,0,unboxing
performative,0,unboxing
performative,0,unboxing
performative,0,unboxing
performative,0,unboxing
performative,0,unboxing
performative,0,unboxing
performative,0,unboxing
performative,0,unboxing
performative,0,unboxing
performative,0,unboxing
performative,0,unboxing
performative,0,unboxing
performative,0,unboxing
performative,0,unboxing
performative,0,unboxing
performative,0,challenge
performative,0,unboxing
performative,0,comparison
performative,0,unboxing
performative,0,unboxing
performative,0,challenge
performative,0,challenge
performative,0,challenge
performative,0,tutorial
performative,0,tutorial
performative,0,trick
performative,0,unboxing
performative,0,challenge
performative,0,comparison
performative,0,challenge
performative,0,challenge
performative,0,prank
performative,0,challenge
organic,0,storytime
performative,0,brain teaser
performative,0,brain teaser
performative,0,challenge
performative,0,challenge
performative,0,storytime
performative,0,challenge
performative,0,storytime
performative,0,challenge
performative,0,challenge
performative,0,challenge
performative,0,travel
performative,0,challenge
performative,0,storytime
performative,0,challenge
performative,0,challenge
performative,0,challenge
performative,0,reaction
performative,0,challenge
performative,0,unboxing
performative,0,storytime
performative,0,challenge
performative,0,challenge
performative,0,drama
performative,1,prank
organic,0,milestone
performative,0,reaction
performative,0,challenge
performative,0,storytime
performative,0,drama
performative,0,challenge
ambiguous,0,other
performative,0,challenge
performative,0,challenge
performative,0,challenge
performative,0,challenge
ambiguous,0,other
performative,0,challenge
performative,0,challenge
performative,0,challenge
performative,0,donation
performative,0,reaction
performative,0,challenge
performative,0,challenge
performative,0,challenge
performative,0,challenge
performative,0,challenge
performative,0,challenge
performative,0,challenge
performative,0,challenge
performative,0,challenge
performative,0,challenge
performative,0,challenge
organic,0,milestone
organic,0,milestone
performative,0,challenge
performative,0,challenge
performative,0,challenge
performative,0,challenge
performative,0,challenge
performative,0,challenge
performative,0,challenge
performative,0,challenge
performative,0,challenge
performative,0,challenge
performative,0,challenge
performative,0,challenge
performative,0,challenge
performative,0,challenge
performative,0,challenge
performative,0,challenge
performative,0,challenge
performative,0,challenge
performative,0,challenge
performative,0,challenge
performative,0,challenge
performative,0,challenge
performative,0,challenge
performative,0,challenge
performative,0,challenge
performative,0,challenge
performative,0,challenge
performative,0,unboxing
performative,0,challenge
performative,0,unboxing
performative,1,challenge
performative,0,unboxing
performative,0,challenge
performative,0,mind_tricks
performative,0,game
performative,0,challenge
performative,0,challenge
performative,0,storytime
performative,0,unboxing
performative,0,challenge
performative,0,storytime
performative,0,challenge
performative,0,shopping haul
performative,0,shopping haul
performative,0,unboxing
performative,0,storytime
performative,0,unboxing
performative,0,challenge
performative,0,vlog
performative,0,vlog
performative,0,unboxing
performative,0,challenge
performative,0,storytime
performative,0,storytime
performative,0,milestone
performative,0,milestone
performative,0,travel
performative,0,unboxing
performative,0,challenge
performative,0,unboxing
performative,0,challenge
performative,0,unboxing
performative,0,challenge
performative,0,unboxing
performative,0,unboxing
performative,0,challenge
performative,0,challenge
performative,0,challenge
performative,0,drama
performative,1,challenge
performative,0,drama
performative,0,challenge
performative,1,challenge
performative,0,reaction
performative,0,challenge
performative,0,challenge
performative,0,reaction
performative,0,challenge
performative,0,unboxing
performative,0,reaction
performative,0,unboxing
performative,0,challenge
performative,0,experiment
performative,0,trick
performative,0,reaction
performative,0,challenge
performative,0,reaction
performative,0,unboxing
performative,0,investment
performative,0,investment
performative,0,challenge
performative,0,unboxing
performative,0,challenge
performative,0,challenge
performative,0,challenge
performative,0,trick
performative,0,trick
performative,0,challenge
performative,0,challenge
performative,0,trick
performative,0,diy
performative,0,prank
performative,1,prank
performative,0,challenge
performative,0,challenge
performative,1,reaction
performative,0,challenge
performative,0,experiment
performative,0,vlog
performative,0,challenge
performative,0,challenge
performative,1,prank
performative,1,challenge
performative,0,challenge
performative,0,meme
performative,0,reaction
performative,0,music_dance
performative,0,prank
performative,1,prank
performative,0,diy
performative,0,challenge
performative,0,challenge
performative,0,challenge
performative,0,experiment
performative,0,prank
performative,0,unknown
performative,1,prank
performative,0,challenge
performative,1,challenge
performative,0,challenge
performative,1,challenge
organic,0,milestone
organic,0,milestone
performative,0,prank
performative,0,trickshot
performative,0,drama
performative,0,challenge
performative,0,experiment
performative,0,experiment
performative,0,experiment
performative,0,challenge
performative,0,milestone
performative,0,challenge
performative,0,milestone
organic,1,reaction
organic,0,tour
organic,0,milestone
performative,0,prank
performative,0,experiment
performative,0,experiment
performative,1,challenge
performative,0,challenge
performative,0,reaction
performative,1,reaction
performative,0,challenge
performative,0,challenge
performative,0,challenge
performative,0,challenge
performative,0,challenge
performative,0,challenge
performative,0,challenge
performative,0,challenge
performative,0,challenge
performative,0,challenge
performative,0,challenge
performative,0,challenge
performative,0,challenge
performative,0,challenge
performative,0,challenge
performative,0,challenge
performative,0,challenge
performative,0,challenge
performative,0,challenge
performative,0,challenge
performative,0,challenge
performative,0,challenge
performative,0,challenge
performative,0,challenge
performative,0,challenge
performative,0,tutorial
performative,0,toy_play
performative,0,challenge
performative,0,toy_play
performative,1,challenge
performative,0,challenge
performative,0,experiment
performative,0,experiment
performative,1,game
performative,1,game
performative,1,reaction
performative,0,unboxing
performative,0,pack_opening
performative,0,challenge
performative,0,challenge
performative,0,mind_trick
performative,0,experiment
performative,0,science
performative,0,science
performative,0,challenge
performative,0,challenge
performative,0,challenge
performative,0,challenge
performative,0,challenge
performative,0,challenge
performative,0,challenge
performative,1,challenge
performative,0,challenge
performative,1,reaction
performative,0,challenge
organic,0,milestone
organis,0,vlog
no_child,0,vlog
performative,1,challenge
performative,0,unboxing
performative,1,challenge
performative,1,challenge
performative,0,science
performative,0,challenge
performative,0,pack_opening
performative,1,challenge
performative,0,challenge
performative,1,prank
performative,1,reaction
organis,0,vlog
organis,0,vlog
performative,1,prank
performative,1,challenge
performative,0,challenge
organic,0,vlog
performative,0,taste_test
performative,0,taste_test
performative,0,game
performative,1,prank
performative,0,game
organic,0,milestone
performative,1,prank
performative,0,trick_shots
performative,0,unboxing
performative,0,challenge
performative,1,prank
performative,0,extreme_challenge
performative,0,challenge
organic,0,vlog
performative,1,challenge
performative,1,unboxing
performative,0,challenge
performative,1,science
ambiguous,1,reaction
performative,1,challenge
performative,1,challenge
performative,1,challenge
performative,1,prank
performative,1,reaction
performative,0,pack_opening
performative,1,taste_test
performative,0,taste_test
performative,0,science
ambiguous,1,reaction
performative,1,party
performative,0,challenge
performative,0,challenge
performative,0,challenge
performative,0,challenge
performative,0,challenge
performative,1,prank
performative,1,challenge
performative,0,challenge
performative,0,other
ambiguous,0,other
ambiguous,0,other
ambiguous,0,other
ambiguous,0,other
ambiguous,0,other
ambiguous,0,other
ambiguous,0,other
ambiguous,0,other
ambiguous,0,other
performative,0,game
organic,0,taste_test
performative,0,challenge
organic,0,vlog
performative,0,unboxing
performative,0,challenge
performative,1,storytime
performative,1,challenge
performative,0,vlog
performative,0,challenge
performative,1,stunt
performative,0,trip
performative,0,unboxing
performative,0,unboxing
performative,0,prank
performative,0,challenge
performative,1,challenge
performative,0,storytime
performative,1,challenge
performative,0,trip
performative,0,challenge
performative,1,challenge
performative,0,adventure
performative,0,challenge
performative,0,challenge
performative,0,challenge
performative,1,storytime
performative,0,reaction
performative,1,challenge
performative,0,challenge
performative,1,challenge
performative,1,challenge
performative,0,challenge
performative,0,challenge
performative,1,challenge
performative,1,challenge
performative,0,challenge
performative,1,challenge
performative,0,challenge
performative,0,challenge
performative,0,challenge
performative,0,challenge
performative,0,challenge
performative,1,challenge
performative,0,challenge
performative,1,challenge
performative,0,challenge
performative,0,challenge
no_child,0,other
performative,0,challenge
performative,0,challenge
organic,0,storytime
performative,0,storytime
organic,0,challenge
performative,0,challenge
performative,0,drama
organic,0,milestone
performative,0,drama
organic,0,milestone
performative,0,challenge
performance,0,vlog
organic,0,milestone
performative,0,drama
performative,0,competition
performative,0,other
performative,0,other
organic,0,milestone
performative,0,drama
organic,0,travel
organic,0,travel
performative,0,challenge
performative,0,challenge
performative,0,vlog
organic,0,milestone
performative,0,challenge
performative,0,challenge
performative,0,challenge
performative,0,milestone
performative,0,milestone
performative,0,milestone
performative,0,milestone
performative,0,challenge
performative,0,other
performative,1,live
performative,1,live
performative,1,drama
performative,1,storytime
performative,0,reaction
performative,0,storytime
performative,0,storytime
performative,0,challenge
performative,0,challenge
performative,0,milestone
performative,0,travel
performative,0,challenge
performative,0,challenge
performative,0,challenge
performative,0,challenge
performative,0,other
ambiguous,0,other
organic,1,storytime
performative,0,challenge
performative,0,milestone
performative,0,game
organic,0,vlog
organic,0,vlog
performative,0,sleepover
performative,0,milestone
no_child,0,other
performative,0,challenge
organic,0,vlog
performative,0,challenge
organic,0,milestone
performative,0,challenge
no_child,0,other
performative,0,challenge
performative,0,challenge
performative,0,milestone
performative,0,challenge
organic,0,challenge
performative,0,milestone
performative,0,challenge
performative,0,challenge
performative,0,challenge
performative,0,milestone
performative,0,storytime
performative,0,challenge
performative,1,milestone
performative,0,challenge
no_child,1,other
performative,0,challenge
performative,1,storytime
performative,0,storytime
performative,0,travel
performative,0,reaction
performative,0,other
performative,0,milestone
performative,0,challenge
organict,0,travel
performative,0,milestone
performative,0,challenge
performative,0,milestone
performative,0,challenge
performative,0,storytime
performative,1,milestone
performative,0,challenge
no_child,0,other
ambiguous,0,other
ambiguous,0,other
ambiguous,0,other
organic,0,milestone
organic,0,milestone
performative,0,unboxing
performative,0,toy_play
performative,0,milestone
performative,0,milestone
performative,0,challenge
organic,0,vlog
performative,1,reaction
performative,1,shorts
performative,0,adventure
organic,1,storytime
performative,0,waterpark
performative,0,secret_reveal
performative,0,beach
organic,0,milestone
performative,0,reaction
performative,0,challenge
performative,0,challenge
performative,0,challenge
performative,0,challenge
performative,0,challenge
performative,0,storytime
performative,0,unboxing
performative,0,milestone
performative,0,secret
performative,0,challenge
organic,0,storytime
performative,1,drama
performative,1,reaction
performative,0,challenge
performative,0,secret
performative,1,challenge
organic,0,milestone
performative,0,food
performative,0,trip
performative,0,milestone
performative,0,milestone
performative,0,trap
performative,0,vlog
performative,1,challenge
performative,0,vlog
performative,1,challenge
performative,0,challenge
performative,0,secret
performative,0,transformation
performative,0,transformation
ambiguous,0,other
ambiguous,0,other
ambiguous,0,other
organic,0,milestone
no_child,0,reaction
performative,0,challenge
performative,0,milestone
performative,0,vlog
performative,0,game
performative,0,unboxing
performative,0,storytime
performative,0,challenge
organic,0,routine
performative,1,game
performative,0,storytime
performative,0,haul
performative,0,milestone
performative,0,shorts
performative,0,transformation
performative,1,milestone
performative,0,game
performative,0,challenge
performative,1,milestone
performative,1,milestone
performative,1,milestone
performative,1,challenge
performative,1,milestone
performative,0,milestone
performative,0,challenge
performative,1,milestone
performative,1,reaction
performative,0,milestone
performative,1,reaction
performative,1,storytime
performative,1,storytime
performative,0,travel
performative,0,milestone
performative,1,storytime
performative,0,challenge
performative,1,milestone
performative,1,reaction
performative,1,storytime
performative,0,challenge
performative,0,reaction
performative,1,reaction
performative,0,routine
performative,1,storytime
performative,0,challenge
performative,0,reaction
performative,0,milestone
performative,1,storytime
performative,0,challenge
performative,0,reaction
performative,0,milestone
organic,0,milestone
performative,0,prank
organic,1,milestone
performative,0,storytime
performative,0,challenge
performative,0,challenge
performative,0,roleplay
performative,0,challenge
performative,1,milestone
organic,0,challenge
performative,0,transformation
performative,1,milestone
performative,1,challenge
performative,0,reaction
performative,0,challenge
performative,0,challenge
performative,0,challenge
performative,0,challenge
performative,0,milestone
performative,1,milestone
performative,1,challenge
performative,0,transformation
performative,1,milestone
performative,0,reaction
performative,1,milestone
performative,1,reaction
performative,0,reaction
performative,0,milestone
performative,1,milestone
performative,1,challenge
performative,0,reaction
performative,0,challenge
performative,0,challenge
performative,1,milestone
performative,0,challenge
performative,0,challenge
performative,1,milestone
performative,1,milestone
performative,1,milestone
performative,0,challenge
performative,0,challenge
performative,1,milestone
performative,0,reaction
performative,0,challenge
performative,1,milestone
performative,0,challenge
performative,0,challenge
performative,0,challenge
ambiguous,0,other
performative,0,reaction
organic,0,challenge
performative,0,challenge
performative,1,milestone
performative,1,milestone
performative,0,challenge
performative,0,challenge
performative,0,challenge
organic,0,milestone
performative,0,medical
organic,0,milestone
organic,0,vlog
performative,1,prank
performative,0,vlog
performative,1,prank
performative,0,vlog
organic,0,competition
performative,1,challenge
performative,1,milestone
organic,1,milestone
organic,1,milestone
organic,1,milestone
performative,1,milestone
performative,1,music_dance
performative,0,challenge
performative,1,music_dance
performative,1,reaction
performative,1,prank
performative,1,challenge
performative,1,challenge
performative,0,music_dance
performative,1,music_dance
organic,0,music_dance
organica,0,milestone
performative,0,music_dance
organic,1,milestone
performative,1,music_dance
performative,0,challenge
performative,0,challenge
performative,1,reaction
performative,1,reaction
performative,1,challenge
performative,0,challenge
performative,0,challenge
performative,0,music_dance
performative,1,reaction
performative,1,reaction
ambiguous,0,other
ambiguous,0,other
ambiguous,0,other
performative,0,challenge
organic,1,storytime
performative,0,contest
performative,0,prank
performative,0,challenge
performative,1,storytime
performative,0,prank
performative,0,challenge
performative,0,prank
performative,0,prank
organic,0,milestone
performative,1,prank
organic,0,prank
performative,0,prank
performative,1,prank
organic,0,challenge
performative,0,art
performative,0,challenge
performative,0,challenge
performative,0,challenge
performative,1,challenge
organic,1,goodbye
organic,1,challenge
performative,1,challenge
performative,0,challenge
performative,0,challenge
performative,1,challenge
organic,1,challenge
performative,1,challenge
performative,0,competition
performative,0,challenge
performative,0,challenge
organic,1,challenge
performative,1,challenge
performative,1,challenge
performative,0,challenge
performative,0,challenge
performative,1,challenge
performative,0,challenge
performative,0,challenge
performative,0,challenge
performative,0,challenge
performative,1,challenge
organic,1,challenge
performative,0,challenge
performative,0,challenge
performative,1,challenge
ambiguous,0,other
ambiguous,0,other
ambiguous,0,other
performative,0,challenge
organic,0,donation
performative,0,storytime
organic,0,dance
performative,0,challenge
performative,0,challenge
organic,1,storytime
performative,0,challenge
performative,0,challenge
organic,0,vlog
organic,1,storytime
performative,0,challenge
performative,0,challenge
organic,0,challenge
performative,0,challenge
performative,0,challenge
performative,0,challenge
performative,0,challenge
performative,0,challenge
performative,0,challenge
performative,0,challenge
performative,0,challenge
performative,0,challenge
performative,0,challenge
performative,0,challenge
performative,0,challenge
performative,0,challenge
performative,0,challenge
performative,0,challenge
organical,1,storytime
performative,0,challenge
performative,0,challenge
performative,0,challenge
performative,0,challenge
performative,0,challenge
performative,1,challenge
performative,0,challenge
performative,0,challenge
performative,0,challenge
performative,1,challenge
performative,1,challenge
performative,0,challenge
performative,0,challenge
performative,0,challenge
performative,0,challenge
no_child,0,travel
performative,0,challenge
performative,0,challenge
no_child,0,reaction
performative,0,challenge
performative,0,challenge
organic,0,challenge
performative,0,challenge
performative,0,challenge
performative,0,challenge
performative,1,challenge
performative,1,reaction
performative,0,challenge
performative,0,challenge
performative,0,challenge
performative,0,challenge
performative,0,challenge
performative,1,challenge
performative,1,challenge
performative,1,challenge
performative,0,challenge
performative,0,challenge
performative,0,challenge
performative,0,challenge
performative,0,challenge
performative,0,challenge
performative,0,challenge
performative,0,challenge
performative,0,challenge
performative,0,challenge
performative,0,challenge
performative,1,challenge
performative,0,challenge
performative,0,challenge
performative,0,challenge
performative,0,challenge
organ,0,challenge
performative,0,challenge
performative,0,challenge
performative,1,challenge
performative,0,challenge
performative,0,challenge
performative,0,challenge
performative,0,challenge
performative,0,challenge
performative,1,challenge
performative,0,challenge
performative,0,challenge
performative,0,challenge
performative,0,challenge
performative,0,challenge
performative,0,challenge
performative,0,challenge
performative,0,challenge
performative,0,challenge
performative,0,challenge
organic,0,music_dance
performative,0,contortion
performative,0,challenge
performative,0,challenge
performative,0,challenge
performative,0,challenge
performative,0,lesson
performative,1,challenge
performative,0,challenge
performative,0,challenge
performative,0,challenge
performative,0,challenge
organic,1,storytime
performative,0,challenge
performative,0,challenge
performative,0,lesson
performative,0,challenge
performative,0,challenge
performative,0,challenge
performative,0,challenge
performative,0,mashup
performative,0,mashup
performative,0,challenge
performative,0,challenge
performative,1,storytime
performative,1,storytime
performative,1,challenge
performative,1,challenge
performative,1,challenge
performative,1,challenge
performative,1,challenge
performative,1,challenge
performative,1,challenge
performative,1,challenge
performative,1,challenge
performative,0,challenge
performative,0,challenge
performative,1,challenge
performative,1,challenge
performative,0,challenge
performative,1,challenge
performative,1,challenge
performative,1,challenge
performative,0,challenge
performative,0,challenge
performative,1,challenge
performative,0,challenge
organic,0,challenge
ambiguous,0,other
performative,1,challenge
organic,0,vlog
performative,1,challenge
performative,0,challenge
performative,0,challenge
performative,1,challenge
performative,0,challenge
organic,0,milestone
performative,1,challenge
performative,1,challenge
ambiguous,0,announcement
performative,0,challenge
performative,0,challenge
performative,1,challenge
performative,1,challenge
performative,1,challenge
performative,0,challenge
performative,0,challenge
performative,0,challenge
performative,0,challenge
performative,1,challenge
performative,1,challenge
performative,1,challenge
performative,0,challenge
performative,0,challenge
performative,0,challenge
performative,0,challenge
performative,0,challenge
performative,0,challenge
organic,0,milestone
performative,1,challenge
performative,0,challenge
performative,1,challenge
performative,1,challenge
performative,1,challenge
performative,0,challenge
performative,0,challenge
performative,0,challenge
performative,0,challenge
performative,0,challenge
performative,1,challenge
performative,1,challenge
performative,0,challenge
performative,1,challenge
performative,0,challenge
performative,1,challenge
performative,1,challenge
performative,0,challenge
ambiguous,0,other
ambiguous,0,other
organic,0,reaction
organic,0,reaction
organic,0,reaction
organic,0,challenge
organic,0,storytime
organic,0,storytime
organic,0,storytime
organic,0,storytime
organic,0,storytime
organic,0,storytime
performative,0,fire stunt
no_child,0,other
organic,0,vlog
no_child,0,headshots
no_child,0,storytime
no_child,0,storytime
no_child,0,storytime
no_child,0,storytime
no_child,0,storytime
no_child,0,storytime
no_child,0,storytime
no_child,0,behind the scenes
no_child,0,headshots
ambiguous,0,day in the life
ambiguous,0,day in the life
organic,0,vlog
organic,1,vlog
organic,0,challenge
organic,1,vlog
organic,0,day in the life
organic,0,challenge
organic,0,day in the life
organic,0,day in the life
organic,0,day in the life
organic,0,day in the life
organic,0,day in the life
organic,0,day in the life
organic,0,day in the life
organic,0,day in the life
organic,0,day in the life
organic,0,day in the life
performative,0,other
no_child,0,other
no_child,1,day in the life
no_child,0,day in the life
no_child,0,day in the life
no_child,0,day in the life
no_child,0,day in the life
no_child,0,day in the life
no_child,0,day in the life
organic,0,milestone
organic,0,storytime
organic,0,storytime
organic,1,storytime
organic,0,milestone
organic,0,travel
performative,0,vlog
organici,0,milestone
organic,0,milestone
no_child,0,ad
no_child,0,other
organic,0,milestone
organic,0,vlog
organic,0,milestone
no_child,0,food
organic,1,storytime
organic,1,storytime
organic,1,storytime
performative,1,challenge
organic,1,storytime
organic,1,milestone
organic,0,milestone
organic,0,milestone
organic,1,milestone
organic,0,milestone
organic,0,milestone
organic,0,milestone
organic,0,milestone
organic,1,milestone
performative,1,storytime
performative,1,storytime
performative,1,storytime
performative,0,other
organic,1,dayinlife
organic,1,storytime
performative,1,storytime
organici,0,milestone
organic,1,dayinlife
performative,1,storytime
organic,0,milestone
organici,0,milestone
organic,0,milestone
performative,1,storytime
organic,1,storytime
organic,0,storytime
performative,0,travel
performative,1,storytime
organic,0,storytime
organic,0,storytime
performance,0,storytime
organic,0,vlog
organic,0,travel
organic,0,vlog
organic,1,storytime
organic,0,vlog
organic,0,vlog
organic,0,family
organic,0,family
organic,0,unknown
organic,0,vlog
no_child,0,other
no_child,0,other
organic,0,birthday
no_child,0,Q&A
no_child,1,medical
no_child,1,medical
performative,0,other
organic,0,momlife
performative,0,vlog
performative,0,other
organic,0,storytime
no_child,0,storytime
no_child,0,Q&A
organic,0,hauls
organic,0,vlog
organic,0,storytime
no_child,0,rearranging
performative,0,other
log,1,drama
performative,0,other
performative,0,other
organic,0,vlog
organic,0,travel
performative,0,other
performative,0,other
performative,0,other
no_child,0,storytime
performative,0,other
performative,0,other
performative,0,other
performative,0,other
performative,0,other
performative,0,other
performative,1,reaction
performative,0,other
performative,0,other
performative,0,other
performative,0,other
no_child,0,storytime
no_child,0,storytime
organic,1,reaction
organic,0,milestone
organic,0,milestone
performative,1,reaction
organic,0,vlog
performative,1,reaction
organic,0,reaction
organic,0,vlog
performative,0,milestone
organic,0,milestone
organic,0,milestone
organic,0,milestone
organic,0,milestone
organic,0,milestone
organic,0,milestone
organic,1,milestone
organic,0,milestone
organic,0,milestone
organic,0,milestone
organic,0,vlog
organic,0,reaction
organic,0,vlog
organic,0,travel
organic,0,travel
organic,0,milestone
organica,0,vlog
performative,1,reaction
performative,0,milestone
performative,0,milestone
performative,0,milestone
performative,0,milestone
performative,0,milestone
performative,0,milestone
performative,1,milestone
organica,0,vlog
organica,0,vlog
organica,0,vlog
organica,0,vlog
organica,0,storytime
performative,0,challenge
performative,1,storytime
performative,0,vlog
performative,0,vlog
performative,0,milestone
performative,0,milestone
performative,1,milestone
performative,0,milestone
performative,0,milestone
performative,0,milestone
performative,0,milestone
organic,0,storytime
no_child,0,announcement
organic,0,milestone
organic,0,vlog
organic,0,announcement
organic,0,storytime
no_child,0,drama
no_child,0,drama
organic,0,milestone
performative,0,Q&A
no_child,0,drama
organic,0,storytime
performative,0,storytime
organic,0,milestone
organic,0,haul
performative,0,haul
performative,0,cleaning
organic,0,vlog
organic,0,milestone
performative,0,announcement
organic,0,vlog
performative,0,storytime
no_child,0,drama
performative,0,game
no_child,0,reaction
no_child,0,reaction
organic,0,milestone
performative,1,food/recipe
performative,0,game
no_child,0,reaction
organic,0,vlog
performative,1,storytime
performative,1,storytime
performative,0,prank
performative,0,unboxing
performative,0,milestone
performative,1,storytime
no_child,0,vlog
organic,0,milestone
performative,0,announcement
organic,0,vlog
organic,0,routine
no_child,0,drama
performative,1,drama
performative,0,reaction
organic,0,milestone
no_child,0,milestone
no_child,0,reaction
ambiguous,0,other
ambiguous,0,other
organic,0,milestone
organic,0,milestone
performative,0,reaction
organic,0,vlog
performative,0,drama
organic,0,milestone
performative,0,storytime
organic,0,milestone
performative,0,reaction
performative,0,reaction
organic,0,milestone
organic,0,milestone
organic,0,vlog
performative,0,reaction
organic,0,vlog
performative,0,reaction
organic,0,routine
performative,0,vlog
organic,0,milestone
organic,0,milestone
organic,0,milestone
organic,1,milestone
performative,1,reaction
organic,0,vlog
performative,0,hair
performative,0,hair
performative,0,hair
performative,0,vlog
performative,0,milestone
performative,0,vlog
organict,0,travel
organict,0,travel
organict,0,travel
organict,0,travel
organict,0,travel
organict,0,travel
performative,0,storytime
performative,1,storytime
performative,0,milestone
performative,0,milestone
performative,0,reaction
performative,0,milestone
performative,0,drama
performative,0,milestone
organict,0,milestone
performative,0,reaction
performative,1,reaction
ambiguous,0,other
ambiguous,0,other
ambiguous,0,other
organic,0,vlog
performative,0,reaction
organPic,0,storytime
organic,0,vlog
organic,0,milestone
organic,0,milestone
organic,0,routine
organic,0,reaction
ambiguous,0,music_dance
organic,0,milestone
organic,1,vlog
ambiguous,0,theory
organic,0,vlog
organic,0,milestone
organic,0,travel
organic,0,milestone
organic,0,travel
performative,1,milestone
performative,1,milestone
organic,0,travel
performative,0,travel
performative,0,travel
performative,0,travel
performative,0,party
performative,0,party
performative,0,milestone
performative,1,milestone
performative,1,milestone
performative,0,milestone
performative,0,milestone
performative,0,medical
performative,0,other
performative,0,milestone
performative,0,milestone
performative,0,milestone
performative,1,milestone
performative,0,travel
performative,0,other
performative,0,milestone
performative,1,milestone
performative,0,medical
performative,1,milestone
performative,0,travel
performative,0,milestone
performative,0,milestone
performative,1,milestone
ambiguous,0,other
ambiguous,0,other
ambiguous,0,other
ambiguous,0,other
organic,0,vlog
organic,0,storytime
organic,0,milestone
organic,0,milestone
organic,0,vlog
organic,0,event
organic,0,haul
organic,0,haul
organic,0,milestone
organic,0,event
organic,0,tutorial
organic,0,vlog
organic,0,activity
organic,0,milestone
organic,0,activity
organic,0,unboxing
organic,0,milestone
organic,0,update
organic,0,reaction
organic,0,tour
organic,0,announcement
organic,0,qanda
organic,0,vlog
organic,0,haul
organic,0,vlog
organic,0,reaction
organic,0,storytime
organic,0,milestone
organic,0,haul
organic,0,milestone
organic,0,celebration
organic,0,shopping
organic,0,doctor
organic,0,milestone
organic,0,milestone
organic,0,update
organic,0,announcement
organic,0,milestone
organic,0,vlog
organic,0,challenge
organic,0,reaction
organic,0,storytime
performative,0,unboxing
performative,0,reaction
performative,0,challenge
performative,0,vlog
performative,1,storytime
performative,0,milestone
organics,0,celebration
organic,0,home_update
organic,0,vlog
organic,0,storytime
organic,0,milestone
organic,0,milestone
organic,0,milestone
organic,0,vlog
organic,0,vlog
organic,0,vlog
organic,0,vlog
organic,0,home_decor
organic,0,milestone
organic,0,milestone
organic,1,milestone
performative,0,reaction
organic,0,prank
performative,1,milestone
organic,0,storytime
performative,1,storytime
organic,1,storytime
organic,1,news
organic,1,news
performative,1,vlog
performative,1,cooking
organic,0,travel
performative,0,reaction
performative,1,storytime
organic,0,vlog
organic,0,travel
organic,0,party
performative,1,party
performative,0,reaction
performative,0,party
performative,0,prank
performative,1,milestone
performative,0,school
organic,0,shopping
organic,0,milestone
organic,0,milestone
organic,1,milestone
performative,0,reaction
performative,0,prank
organic,1,storytime
organic,1,storytime
organic,0,reaction
performative,0,milestone
no_child,0,other
ambiguous,0,other
ambiguous,0,other
ambiguous,0,other
ambiguous,0,other
organic,0,storytime
organic,0,drama
performative,0,milestone
organic,0,reaction
organic,0,challenge
organic,0,challenge
organic,0,vlog
organic,0,milestone
organic,0,reaction
organic,0,vlog
organic,0,renovation
organic,0,tour
organic,0,milestone
organic,0,travel
organic,0,travel
organic,0,travel
organic,0,milestone
organic,0,vlog
organic,0,drama
organic,0,milestone
organic,0,storytime
organic,0,milestone
organic,0,renovation
organic,0,home_making
organic,0,car_update
no_child,1,medical
organic,0,milestone
organic,0,milestone
performative,1,milestone
organic,0,travel
organic,0,travel
organic,0,milestone
organic,0,milestone
organic,0,milestone
organic,0,milestone
organic,0,milestone
organic,0,milestone
organic,0,milestone
organic,0,milestone
no_child,0,milestone
organic,0,milestone
performative,0,milestone
organic,0,milestone
performative,0,storytime
performative,1,milestone
organic,0,milestone
organic,0,milestone
organic,0,reaction
no_child,0,milestone
organic,0,milestone
organic,0,milestone
organic,0,haul
organic,0,milestone
organic,0,milestone
organic,0,milestone
organic,0,haul
organic,0,milestone
organic,0,giveaway
organic,0,reaction
organic,0,milestone
organic,0,milestone
organic,0,tour
organic,0,milestone
organic,0,milestone
organic,0,reaction
organic,1,milestone
organic,0,update
organic,0,decor
organic,0,decor
organic,0,shopping
organic,0,damage
organic,0,birthday
organic,0,surprise
organic,0,milestone
organic,0,update
organic,0,house
organic,0,decor
organic,0,celebration
organic,1,reaction
organic,0,update
organic,0,family
organic,0,haul
organic,0,organizing
organic,0,home makeover
organic,0,decor
organic,0,celebration
organic,1,reaction
organic,1,reaction
organic,0,ultrasound
organic,0,ultrasound
organic,0,haul
organic,0,reaction
organic,0,vlog
organic,0,reactions
organic,0,reaction
organic,0,travel
organic,0,milestone
performative,0,challenge
performative,0,reaction
performative,0,milestone
organic,0,reaction
organic,0,reaction
organic,0,storytime
organic,0,milestone
organic,0,vlog
organic,0,announcement
organic,0,storytime
organic,1,storytime
organic,1,medical
organic,0,vlog
organic,1,reaction
organic,0,vlog
organic,0,announcement
organic,1,announcement
organic,1,medical
organic,1,announcement
organic,0,vlog
performative,0,routine
performative,0,shopping
organic,0,vlog
organic,0,other
performative,0,prank
performative,0,prank
performative,0,other
organic,0,storytime
organic,1,milestone
performative,0,home improvement
performative,0,vlog
performative,0,other
performative,0,storytime
performative,0,other
performative,0,prank
performative,0,other
performative,0,other
performative,0,prank
performative,0,other
performative,0,other
performative,1,other
performative,0,other
performative,0,other
performative,0,other
performative,0,storytime
performative,1,prank
organic,0,reaction
ambiguous,0,other
ambiguous,0,other
ambiguous,0,other
ambiguous,0,other
ambiguous,0,other
ambiguous,0,other
organic,0,vlog
no_child,0,reaction
no_child,1,medical
organic,0,haul
organic,0,vlog
no_child,0,unboxing
organic,0,renovation
no_child,1,medical
organic,0,birthday
no_child,0,drama
organic,0,travel
kidfluencer,1,storytime
no_child,1,drama
organic,1,travel
organic,0,travel
no_child,1,reaction
organic,0,redecorating
kidfluencer,1,storytime
no_child,1,medical
kidfluencer,1,reaction
kidfluencer,1,reaction
organic,0,travel
kidfluencer,0,reaction
organic,0,milestone
no_child,1,drama
no_child,0,milestone
no_child,1,reaction
organic,0,home improvement
kidfluencer,1,reaction
no_child,1,medical
no_child,0,storytime
no_child,0,storytime
no_child,0,milestone
kidfluencer,0,reaction
organic,0,reaction
no_child,0,reaction
no_child,0,reaction
kidfluencer,1,reaction
kidfluencer,0,holiday
no_child,0,milestone
ambiguous,0,other
ambiguous,0,other
ambiguous,0,other
ambiguous,0,other
ambiguous,0,other
ambiguous,0,other
ambiguous,0,other
ambiguous,0,other
ambiguous,0,other
ambiguous,0,other
organic,0,vlog
organic,0,vlog
organic,0,vlog
organic,0,vlog
performative,1,storytime
organic,0,milestone
performative,0,prank
performative,0,reaction
performative,0,tutorial
organic,0,milestone
organic,0,milestone
no_child,1,storytime
performative,0,challenge
performative,0,storytime
organic,0,travel
organic,0,milestone
organic,0,milestone
performative,0,challenge
organic,0,milestone
organic,0,milestone
organic,0,milestone
organic,0,vlog
organic,0,storytime
organic,0,milestone
organic,0,vlog
no_child,0,announcement
performative,0,unboxing
organic,0,milestone
organic,0,storytime
performative,0,roleplay
organic,0,storytime
performative,1,storytime
performative,0,prank
ambiguous,0,reaction
organic,0,travel
performative,0,haul
organic,0,milestone
organic,0,milestone
organich,0,milestone
organic,0,milestone
performative,0,storytime
performative,0,challenge
performative,0,storytime
performative,1,reaction
performative,0,storytime
performative,0,tutorial
performative,0,reaction
performative,0,storytime
performative,0,unboxing
ambiguous,0,reaction
organic,0,vlog
organIc,0,storytime
organic,1,storytime
organic,0,storytime
performative,1,milestone
performative,0,milestone
performative,0,announcement
organic,0,announcement
organic,0,reaction
performative,1,storytime
performative,0,milestone
organic,1,milestone
no_child,1,reaction
organic,0,milestone
performative,0,shopping/haul
organic,0,storytime
no_child,1,reaction
organic,0,storytime
performative,0,haul
organIc,0,haul
no_child,0,medical
no_child,1,medical
no_child,1,medical
performative,1,storytime
performative,0,drama
performative,0,drama
performative,1,milestone
performative,1,milestone
performative,1,milestone
no_child,0,medical
performative,1,storytime
no_child,0,reaction
no_child,0,milestone
no_child,0,milestone
performative,1,prank
performative,1,reaction
no_child,1,reaction
no_child,1,reaction
organIc,0,milestone
no_child,0,medical
no_child,0,announcement
performative,1,storytime
no_child,0,reaction
organIc,0,travel
no_child,1,reaction
performative,1,storytime
no_child,0,reaction
ambiguous,0,other
ambiguous,0,other
ambiguous,0,other
organic,0,other
organic,0,drama
organic,0,other
organic,0,announcement
performative,1,reaction
performative,1,medical
performative,0,dance
performative,0,other
performative,0,game
performative,0,toy_play
organic,0,vlog
organix,0,reaction
organic,0,milestone
organic,0,milestone
organix,0,storytime
performative,0,reaction
organic,0,announcement
organix,0,vlog
performative,0,other
performative,1,reaction
performative,0,storytime
organix,0,vlog
performative,0,vlog
performative,0,challenge
performative,1,reaction
performative,0,other
performative,0,reaction
organix,0,other
organix,0,vlog
organix,0,milestone
organix,0,milestone
organix,0,storytime
performative,1,reaction
performative,0,other
performative,0,announcement
performative,0,other
performative,1,reaction
performative,0,storytime
organix,0,other
organix,0,other
organic,0,milestone
organix,0,storytime
performative,0,reaction
performative,0,storytime
performative,0,reaction
organix,0,announcement
organix,1,reaction
performative,0,other
performative,0,other
organic,0,storytime
organic,0,music_dance
organic,0,vlog
organic,0,vlog
performative,0,prank
organic,1,vlog
performative,1,storytime
organic,0,milestone
organic,0,milestone
organic,0,reaction
organic,0,milestone
organic,0,milestone
organic,0,milestone
organic,0,milestone
ambiguous,0,storytime
ambiguous,0,reaction
performative,1,drama
organic,0,tutorial
ambiguous,0,storytime
ambiguous,0,storytime
ambiguous,1,reaction
organic,0,tutorial
organic,0,milestone
performative,0,storytime
organic,1,storytime
organic,0,milestone
organic,0,storytime
ambiguous,0,storytime
organic,0,vlog
organic,0,storytime
performative,0,storytime
performative,0,storytime
organic,0,milestone
ambiguous,0,storytime
ambiguous,0,reaction
organic,0,storytime
organic,0,milestone
performative,0,storytime
organic,0,storytime
performative,1,drama
performative,0,drama
organic,0,vlog
organic,0,milestone
performative,0,storytime
ambiguous,1,storytime
performative,0,music_dance
organic,1,storytime
performative,1,storytime
organic,1,storytime
organic,1,storytime
organic,0,vlog
organic,1,storytime
organic,0,vlog
organic,0,vlog
organic,0,milestone
organic,0,milestone
organic,0,milestone
organic,0,vlog
organic,0,storytime
performative,1,storytime
performative,1,storytime
organics,0,storytime
performative,0,storytime
performative,0,challenge
performative,0,conversation
performative,0,storytime
performative,0,game
performative,1,storytime
performative,1,storytime
performative,0,drama
performative,0,announcement
performative,0,announcement
performative,0,medical
organic,1,milestone
performative,0,milestone
performative,1,challenge
performative,0,storytime
performative,0,drama
performative,0,travel
performative,0,creature capture
performative,0,travel
organics,0,travel
performative,0,storytime
performative,1,storytime
performative,0,challenge
performative,0,storytime
performative,0,medical
performative,1,storytime
performative,0,challenge
performative,0,storytime
performative,0,prank
performative,0,storytime
performative,1,storytime
performative,1,storytime
organics,0,vlog
ambiguous,0,other
ambiguous,0,other
ambiguous,0,other
ambiguous,0,other
ambiguous,0,other
ambiguous,0,other
ambiguous,1,storytime
organic,0,travel
organic,0,vlog
performative,1,medical
organic,0,storytime
organic,0,milestone
organic,0,vlog
ambiguous,1,other
performative,1,medical
ambiguous,1,drama
organic,0,other
performative,0,prank
organic,0,milestone
organic,0,vlog
performative,0,storytime
ambiguous,1,reaction
organic,0,milestone
ambiguous,1,storytime
organic,1,milestone
organic,0,milestone
organic,0,storytime
performative,1,medical
performative,1,medical
organic,0,milestone
organic,0,other
organic,0,vlog
ambiguous,0,storytime
organic,0,milestone
organic,0,unboxing
ambiguous,0,storytime
ambiguous,1,drama
organic,0,milestone
organic,0,storytime
ambiguous,0,other
ambiguous,1,drama
ambiguous,1,storytime
organic,0,milestone
organic,0,reaction
organic,0,milestone
organIc,0,reaction
organic,0,vlog
organic,0,milestone
organic,0,storytime
ambiguous,1,drama
organic,0,tutorial
organic,0,milestone
performative,0,reaction
ambiguous,1,storytime
organIc,0,milestone
ambiguous,1,drama
organic,0,storytime
performative,0,prank
organic,0,storytime
organic,0,vlog
ambiguous,0,reaction
performative,0,milestone
organic,1,storytime
performative,0,tutorial
organic,0,storytime
performative,0,storytime
ambiguous,0,storytime
organic,0,vlog
organic,1,storytime
organic,0,milestone
organic,0,milestone
organic,0,vlog
organic,0,storytime
ambiguous,0,storytime
organic,1,storytime
organic,0,storytime
performative,0,storytime
organic,0,storytime
organic,0,vlog
organic,0,milestone
organic,0,vlog
organic,0,vlog
ambiguous,0,announcement
organic,0,storytime
ambiguous,1,storytime
performative,0,storytime
organic,0,storytime
performative,0,storytime
organidc,0,storytime
organic,1,storytime
performative,1,storytime
performative,1,storytime
performative,0,unboxing
organic,1,storytime
organic,1,storytime
organic,0,storytime
performative,0,storytime
performative,0,storytime
organic,0,vlog
ambiguous,0,reaction
organic,0,milestone
ambiguous,0,reaction
ambiguous,0,storytime
organic,1,medical
performative,0,storytime
performative,0,storytime
performative,0,storytime
organic,1,medical
organic,0,milestone
performative,0,medical
organic,0,milestone
performative,0,milestone
organic,0,travel
performative,1,milestone
organic,0,travel
organic,0,travel
performative,0,drama
organic,1,self-image
organic,0,travel
organic,0,milestone
organic,0,milestone
organic,0,milestone
organic,0,milestone
organic,0,milestone
organic,0,milestone
organic,0,milestone
organic,0,milestone
organic,0,milestone
organic,0,milestone
performative,0,milestone
performative,0,milestone
performative,0,milestone
performative,0,milestone
performative,0,milestone
performative,0,milestone
performative,0,milestone
performative,0,milestone
performative,0,milestone
performative,0,milestone
performative,1,drama
performative,1,drama
performative,1,drama
performative,0,storytime
performative,0,milestone
organic,1,travel
organic,0,milestone
performative,1,drama
organic,1,storytime
performative,1,drama
organic,0,drama
performative,1,drama
organic,1,milestone
no_child,0,other
no_child,0,other
no_child,1,other
no_child,0,other
organic,1,storytime
organic,0,travel
organic,0,travel
organic,0,storytime
organic,0,storytime
organic,0,vlog
organic,0,storytime
organic,1,storytime
performative,0,reaction
organic,0,milestone
organic,0,storytime
organic,0,announcement
organic,0,announcement
organic,0,milestone
organic,0,milestone
organic,0,milestone
organic,1,storytime
performative,1,storytime
organic,1,storytime
organic,1,storytime
organic,0,storytime
performative,0,storytime
performative,0,storytime
organic,1,storytime
organics,0,reaction
organic,0,reaction
organic,0,reaction
organic,0,reaction
performative,0,other
performative,1,storytime
performative,1,storytime
performative,0,other
performative,1,storytime
performative,1,storytime
performative,0,reaction
performative,1,storytime
performative,1,storytime
performative,0,storytime
performative,0,storytime
performative,1,storytime
performative,1,storytime
organics,0,storytime
organics,0,storytime
organics,0,storytime
organic,1,milestone
organic,1,milestone
organics,0,storytime
organic,0,storytime
organic,0,storytime
ambiguous,0,other
organic,0,milestone
organic,0,milestone
organic,0,vlog
no_child,1,reaction
organic,0,milestone
performative,1,drama
organic,0,milestone
no_child,1,drama
no_child,0,reaction
performative,1,drama
performative,0,shopping
no_child,0,medical
organic,0,announcement
organic,0,milestone
organic,0,milestone
organic,0,milestone
organic,0,milestone
organic,0,milestone
organic,0,milestone
performative,0,milestone
performative,0,milestone
performative,0,milestone
performative,0,milestone
performative,0,milestone
performative,0,milestone
performative,0,milestone
performative,0,milestone
performative,1,milestone
performative,1,milestone
no_child,0,milestone
no_child,0,milestone
no_child,0,milestone
no_child,0,milestone
no_child,0,milestone
no_child,0,milestone
no_child,0,milestone
no_child,1,milestone
no_child,0,milestone
no_child,0,milestone
performative,0,milestone
performative,0,milestone
no_child,0,milestone
no_child,0,milestone
no_child,1,milestone
no_child,1,milestone
no_child,1,milestone
no_child,1,milestone
no_child,0,milestone
no_child,1,milestone
no_child,1,milestone
organic,0,storytime
organic,0,storytime
organic,0,announcement
performative,1,reaction
no_child,0,vlog
organic,0,vlog
performative,0,challenge
organic,0,milestone
performative,1,prank
performative,1,drama
organic,0,reaction
organic,0,milestone
organic,0,milestone
organic,1,drama
organic,0,milestone
organic,1,milestone
performative,0,game
organic,0,storytime
organic,0,milestone
organic,0,milestone
medical,0,medical
organic,0,milestone
organic,0,storytime
organic,0,storytime
organic,0,milestone
performative,0,roleplay
organic,0,milestone
performative,0,storytime
performative,1,drama
organic,0,storytime
no_child,0,announcement
performative,0,reaction
organic,0,reaction
organic,0,milestone
organic,0,milestone
organic,0,milestone
medical,0,medical
no_child,0,vlog
no_child,0,storytime
no_child,0,storytime
organical,0,storytime
no_child,0,reaction
no_child,0,announcement
no_child,0,announcement
performative,1,drama
medical,1,medical
organic,0,reaction
organic,0,vlog
performative,1,drama
no_child,0,announcement
organic,0,vlog
organic,1,storytime
performative,0,reaction
performative,1,drama
organic,0,announcement
performative,0,milestone
organic,0,milestone
performative,0,toy_play
no_child,0,other
organic,0,reaction
organic,0,travel
organic,0,milestone
organic,0,milestone
performative,0,unboxing
performative,1,drama
performative,1,reaction
organic,0,storytime
organic,0,storytime
performative,0,storytime
performative,1,drama
performative,1,drama
performative,1,drama
performative,0,unboxing
performative,0,unboxing
performative,0,unboxing
performative,0,milestone
performative,1,drama
performative,1,drama
organic,0,milestone
performative,1,drama
performative,1,drama
performative,1,drama
performative,0,challenge
performative,0,reaction
organic,0,storytime
child,1,medical
performative,1,game
performative,1,drama
performative,0,reaction
organic,0,storytime
performative,1,drama
performative,1,drama
organic,0,milestone
performative,0,vlog
no_child,0,other
performative,1,drama
performative,1,drama
performative,1,drama
performative,0,unboxing
performative,0,storytime
organic,0,milestone
organicc,0,shopping
organicc,0,announcement
organic,0,tour
performative,0,unboxing
performative,0,drama
performative,1,milestone
ambiguous,0,Q&A
organic,0,medical
organic,0,reaction
performative,0,tattoo
performative,0,unboxing
organic,0,reaction
organic,0,vlog
performative,0,tattoo
organic,0,milestone
organic,0,milestone
performative,0,shopping
organic,0,reaction
organic,0,medical
organic,0,reaction
performative,0,wedding
organicc,0,reaction
performative,0,announcement
organicc,0,reaction
performative,0,milestone
performative,0,reaction
performative,1,reaction
performative,1,reaction
performative,1,reaction
performative,0,milestone
organic,0,milestone
performative,1,drama
no_child,0,lottery
organic,0,milestone
organic,0,vlog
organicc,0,vlog
organic,1,reaction
performative,0,event
performative,0,reaction
organic,0,decor
organic,0,milestone
performative,0,challenge
performative,0,reaction
organic,0,milestone
organic,1,reaction
performative,0,challenge
ambiguous,0,other
ambiguous,0,other
ambiguous,0,other
organic,0,storytime
organic,0,milestone
organic,0,storytime
organic,0,tour
organic,0,drama
performative,1,drama
performative,0,toy_play
organic,0,milestone
organic,1,medical
organic,0,milestone
organic,0,milestone
performative,1,drama
organic,0,milestone
organic,0,milestone
organic,1,milestone
organic,0,vlog
performative,1,reaction
performative,1,reaction
performative,1,reaction
organic,0,milestone
organic,0,milestone
organic,0,milestone
organica,0,milestone
performative,1,milestone
performative,1,milestone
organic,0,storytime
organic,0,storytime
performative,1,reaction
performative,0,other
performative,1,medical
performative,1,medical
performative,1,milestone
performative,0,milestone
performative,1,reaction
performative,0,milestone
organica,0,milestone
performative,1,reaction
performative,0,reaction
organic,0,milestone
organic,0,milestone
organica,0,milestone
organic,0,milestone
organic,0,milestone
performative,1,medical
performative,1,milestone
organic,0,milestone
organic,1,storytime
organic,1,storytime
organic,0,storytime
ambiguous,0,other
organic,0,vlog
organic,0,vlog
organic,0,milestone
organic,0,vlog
organic,0,other
organic,0,roleplay
organic,0,milestone
organic,1,storytime
organic,0,travel
organic,0,vlog
organic,0,milestone
performative,0,toy_play
organic,0,game
organic,0,challenge
organic,0,challenge
organic,1,storytime
organic,0,vlog
organic,0,unboxing
organic,0,milestone
no_child,0,other
organic,0,vlog
organic,0,shopping
organic,0,milestone
organic,0,milestone
organic,0,storytime
performative,1,storytime
organic,0,vlog
performative,1,other
performative,1,other
performative,1,other
performative,0,other
organic,0,milestone
organic,0,milestone
performative,1,storytime
organic,1,medical
organic,1,medical
organic,1,medical
organic,0,milestone
organic,0,milestone
performative,1,reaction
organic,0,haul
organic,0,milestone
performative,1,drama
performative,0,other
performative,0,other
organic,0,nursery
organic,0,travel
ambiguous,0,other
ambiguous,0,other
ambiguous,0,other
performative,0,drama
storytime,0,storytime
performative,0,storytime
performative,0,tutorial
organic,0,milestone
ambiguous,0,reaction
performative,1,drama
performative,1,drama
organic,1,milestone
performative,1,drama
performative,1,drama
performative,0,storytime
organic,0,milestone
performative,0,milestone
organic,0,milestone
performative,0,milestone
organic,0,milestone
performative,0,milestone
performative,0,drama
performative,1,milestone
performative,0,milestone
performative,0,milestone
performative,0,milestone
performative,0,milestone
performative,0,milestone
performative,0,milestone
performative,0,milestone
performative,0,milestone
performative,0,milestone
performative,1,storytime
performative,0,announcement
organic,0,milestone
performative,0,milestone
performative,1,drama
performative,1,drama
performative,0,storytime
performative,0,drama
performative,1,drama
performative,0,milestone
performative,0,milestone
performative,1,drama
performative,1,drama
performative,0,milestone
performative,0,milestone
performative,1,drama
performative,1,drama
performance,0,storytime
performative,0,milestone
performative,0,milestone
ambiguous,0,other
organic,0,vlog
no_child,0,other
organic,0,milestone
performative,0,drama
no_child,0,reaction
organic,1,storytime
performative,1,storytime
organic,0,travel
performative,0,reaction
performative,0,reaction
performative,1,reaction
organic,0,milestone
organic,0,milestone
performative,0,milestone
performative,0,photoshoot
organic,0,drama
organic,0,milestone
organic,0,milestone
performative,1,reaction
organic,1,milestone
organic,0,milestone
organic,0,milestone
organic,0,milestone
performative,0,vlog
performative,1,reaction
performative,0,reaction
performative,0,reaction
performative,1,reaction
performative,1,reaction
performative,0,reaction
organic,0,milestone
no_child,0,milestone
performative,0,challenge
organic,0,vlog
performative,0,challenge
organic,0,milestone
organic,0,milestone
performative,1,milestone
organic,0,milestone
organic,0,milestone
performative,0,storytime
performative,1,storytime
performative,0,storytime
performative,1,storytime
performative,1,storytime
performative,1,storytime
performative,0,storytime
performative,1,storytime
ambiguous,0,other
ambiguous,0,other
organic,0,reaction
performative,1,drama
performative,0,storytime
performative,1,medical
performative,1,prank
organic,0,milestone
organic,0,milestone
ambiguous,1,reaction
organic,0,vlog
milestone,0,milestone
performative,0,unboxing
ambiguous,0,drama
organic,0,milestone
organic,0,milestone
performative,0,milestone
performative,0,milestone
ambiguous,0,reaction
performative,1,reaction
performative,0,milestone
performative,0,milestone
performative,1,milestone
performative,0,unboxing
performative,0,drama
performative,0,reaction
performative,0,milestone
no_child,0,storytime
performative,0,travel
performative,0,milestone
performative,0,storytime
performative,0,milestone
performative,0,reaction
performative,1,reaction
performative,0,milestone
performative,0,milestone
performative,1,milestone
performative,0,milestone
performative,0,storytime
performative,0,travel
performative,0,milestone
performative,1,reaction
performative,1,reaction
performative,0,milestone
performative,0,milestone
performative,1,milestone
performative,1,reaction
performative,0,milestone
no_child,0,reaction
performative,0,milestone
ambiguous,0,other
ambiguous,0,other
organic,0,vlog
ambiguous,0,reaction
ambiguous,0,reaction
performative,0,storytime
no_child,0,medical
no_child,0,medical
performative,0,prank
ambiguous,1,milestone
ambiguous,1,reaction
ambiguous,0,milestone
ambiguous,0,reaction
no_child,0,medical
organic,0,music_dance
organic,0,announcement
organic,0,reaction
organic,0,milestone
organic,0,milestone
no_child,0,announcement
no_child,0,travel
no_child,0,milestone
no_child,1,milestone
no_child,0,storytime
no_child,1,reaction
organic,0,announcement
performative,0,milestone
performative,0,unboxing
organic,1,vlog
no_child,1,storytime
no_child,1,storytime
no_child,1,storytime
no_child,1,milestone
no_child,0,storytime
no_child,0,storytime
no_child,1,storytime
no_child,1,storytime
no_child,0,drama
no_child,0,reaction
no_child,0,storytime
no_child,0,storytime
no_child,1,storytime
no_child,1,storytime
no_child,1,storytime
no_child,0,announcement
no_child,0,storytime
no_child,0,storytime
no_child,0,storytime
no_child,0,storytime
no_child,0,storytime
ambiguous,0,other
ambiguous,0,other
organic,0,storytime
performative,0,storytime
organic,0,milestone
organic,0,milestone
organic,0,vlog
organic,0,vlog
ambiguous,0,talk
performative,1,reaction
organic,0,milestone
performative,0,milestone
performative,0,reaction
performative,0,reaction
performative,1,reaction
performative,1,reaction
performative,1,reaction
performative,1,reaction
performative,1,talk
organic,0,milestone
organic,1,milestone
organic,1,milestone
organic,0,milestone
organic,0,unboxing
performative,0,unboxing
performative,0,surprise
performative,0,travel
performative,0,milestone
performative,1,reaction
performative,1,reaction
performative,0,reaction
performative,0,reaction
performative,0,reaction
performative,0,reaction
performative,0,reaction
performative,0,reaction
performative,0,reaction
performative,1,reaction
organic,0,milestone
performative,1,reaction
organic,0,milestone
performative,0,storytime
performative,0,storytime
performative,0,storytime
performative,0,storytime
performative,0,storytime
performative,1,reaction
organic,0,milestone
organic,1,milestone
organic,0,milestone
performative,0,storytime
performative,1,reaction
organic,0,milestone
organic,0,reaction
performative,1,drama
performative,0,storytime
performative,1,storytime
organic,0,milestone
performative,0,challenge
performative,0,reaction
organic,0,milestone
performative,0,reaction
performative,0,prank
organic,0,milestone
performative,1,storytime
organic,0,milestone
organic,0,milestone
performative,1,drama
organic,0,milestone
organic,0,announcement
organic,0,milestone
performative,1,storytime
performative,0,milestone
organic,0,milestone
performative,1,storytime
organic,0,milestone
performative,0,storytime
performative,0,storytime
performative,0,milestone
organic,0,milestone
organic,0,milestone
organic,0,milestone
organic,0,milestone
organic,1,milestone
organic,1,milestone
performative,0,reaction
performative,0,reaction
performative,0,milestone
performative,1,reaction
organic,0,milestone
performative,1,drama
performative,1,drama
performative,1,drama
performative,0,reaction
organic,0,milestone
organic,0,milestone
performative,0,announcement
performative,0,storytime
performative,1,drama
performative,0,storytime
performative,1,drama
ambiguous,0,other
performative,0,storytime
performative,0,vlog
performative,1,storytime
organic,0,storytime
ambiguous,0,reaction
performative,0,announcement
performative,0,storytime
performative,1,reaction
organic,0,reaction
organic,0,storytime
performative,0,travel
performative,1,reaction
performative,1,reaction
performative,0,storytime
performative,0,reaction
performative,1,prank
performative,1,reaction
performative,0,reaction
performative,0,reaction
performative,1,reaction
performative,0,reaction
organic,0,travel
performative,0,travel
performative,1,prank
performative,1,prank
no_child,0,storytime
performative,1,prank
performative,0,shopping
performative,0,milestone
performative,0,milestone
performative,0,storytime
performative,0,milestone
performative,0,storytime
performative,0,storytime
performative,0,reaction
performative,0,reaction
performative,1,drama
performative,0,drama
performative,0,reaction
performative,0,reaction
performative,0,reaction
performative,0,reaction
performative,0,milestone
performative,0,storytime
performative,0,reaction
performative,1,prank
ambiguous,0,other
ambiguous,0,other
ambiguous,0,other
ambiguous,0,other
organic,0,vlog
organic,0,milestone
performative,1,reaction
organic,0,milestone
organic,0,vlog
organic,0,storytime
organic,0,milestone
organic,0,milestone
amiguous,0,something
performative,0,reaction
organic,0,announcement
no_child,0,news
organic,0,milestone
no_child,0,reaction
no_child,0,reaction
organic,0,reaction
no_child,0,event
organic,0,milestone
performative,0,reaction
performative,0,reaction
organic,0,celebration
organic,0,milestone
organic,0,celebration
performative,0,celebration
organic,0,milestone
performative,0,announcement
organic,0,milestone
performative,0,reaction
performative,0,milestone
no_child,0,vlog
no_child,0,shopping
organic,0,vlog
organic,0,milestone
performative,1,drama
organic,0,milestone
no_child,0,medical
no_child,0,reaction
no_child,1,drama
no_child,0,drama
performative,0,reaction
no_child,0,reaction
no_child,0,announcement
ambiguous,0,other
ambiguous,0,other
ambiguous,0,other
ambiguous,0,other
ambiguous,0,other
ambiguous,0,other
ambiguous,0,other
ambiguous,0,other
no_child,1,reaction
no_child,1,reaction
no_child,1,reaction
organic,0,vlog
performative,0,challenge
performative,0,challenge
performative,0,storytime
organic,0,vlog
performative,0,challenge
performative,1,prank
performative,1,challenge
performative,0,vlog
organic,0,storytime
organic,0,storytime
performative,1,reaction
performative,1,drama
performative,1,drama
organic,0,reaction
organic,0,reaction
performative,0,storytime
performative,1,reaction
organic,0,vlog
organic,0,vlog
performative,0,dance
performative,1,storytime
performative,1,drama
performative,1,drama
performative,0,storytime
performative,0,prank
performative,0,milestone
performative,1,reaction
performative,1,reaction
performative,0,unboxing
performative,1,reaction
organic,0,vlog
no_child,0,milestone
no_child,0,milestone
no_child,0,milestone
performative,0,reaction
performative,0,challenge
performative,0,haul
performative,1,reaction
performative,0,vlog
performative,1,reaction
performative,0,storytime
performative,1,reaction
organic,0,storytime
performative,1,storytime
organic,0,vlog
performative,1,reaction
organic,0,vlog
organic,0,storytime
performative,1,vlog
performative,0,storytime
performative,0,milestone
performative,0,milestone
organic,0,milestone
performative,1,storytime
performative,1,challenge
performative,0,sign_language
performative,0,milestone
performative,0,storytime
performative,0,drama
performative,1,storytime
performative,1,drama
performative,1,storytime
performative,0,milestone
"organ ... (truncated for brevity, full JSON contains 50 entries following same pattern)",0,other
ambiguous,0,other
ambiguous,0,other
ambiguous,0,other
ambiguous,0,other
ambiguous,0,other
ambiguous,0,other
ambiguous,0,other
ambiguous,0,other
ambiguous,0,other
ambiguous,0,other
ambiguous,0,other
ambiguous,0,other
ambiguous,0,other
ambiguous,0,other
ambiguous,0,other
ambiguous,0,other
ambiguous,0,other
ambiguous,0,other
ambiguous,0,other
ambiguous,0,other
ambiguous,0,other
ambiguous,0,other
ambiguous,0,other
ambiguous,0,other
ambiguous,0,other
ambiguous,0,other
ambiguous,0,other
ambiguous,0,other
ambiguous,0,other
ambiguous,0,other
ambiguous,0,other
ambiguous,0,other
organic,0,milestone
performative,1,prank
ambiguous,0,reaction
ambiguous,1,reaction
ambiguous,0,reaction
performative,1,prank
organic,0,milestone
ambiguous,1,reaction
organic,0,vlog
ambiguous,1,reaction
performative,0,toy_play
performative,0,toy_play
performative,0,toy_play
organic,0,milestone
organic,0,storytime
organic,1,storytime
ambiguous,1,medical
performative,0,reaction
organic,0,milestone
ambiguous,1,reaction
ambiguous,1,reaction
ambiguous,1,reaction
organic,0,milestone
organic,0,milestone
organic,0,milestone
organic,0,milestone
organic,0,milestone
performative,0,reaction
performative,1,reaction
performative,1,reaction
performative,1,reaction
performative,0,reaction
performative,1,reaction
performative,1,reaction
ambiguous,1,reaction
ambiguous,0,reaction
performative,0,storytime
performative,1,storytime
organic,0,milestone
ambiguous,1,reaction
organic,0,milestone
performative,1,reaction
performative,0,prank
ambiguous,1,reaction
performative,0,reaction
performative,1,reaction
performative,0,reaction
organic,0,milestone
performative,0,reaction
ambiguous,0,other
performative,1,drama
organic,0,vlog
performative,0,travel
performative,1,drama
performative,0,storytime
performative,0,vlog
performative,0,reaction
performative,0,milestone
organic,0,milestone
performative,1,drama
organic,0,milestone
organic,0,reveal
performative,0,unboxing
organic,0,milestone
organic,0,unboxing
organic,0,shopping
organic,0,shopping
organic,0,milestone
performative,1,drama
performative,1,drama
performative,1,drama
organic,0,milestone
performative,0,milestone
organic,0,milestone
performative,0,drama
performative,1,drama
performative,0,prank
performative,1,drama
performative,1,drama
performative,1,drama
performative,1,drama
organic,0,milestone
organic,0,milestone
performative,1,drama
performative,1,drama
performative,1,drama
performative,1,drama
performative,0,vlog
performative,0,announcement
performative,1,drama
performative,0,milestone
performative,1,drama
performative,1,drama
performative,1,drama
performative,0,storytime
performative,0,milestone
performative,1,drama
performative,0,drama
performative,1,drama
performative,1,drama
organic,0,vlog
performative,1,drama
performative,1,storytime
performative,0,reaction
ambiguous,0,other
performative,1,drama
organic,0,vlog
organic,0,travel
organic,0,milestone
organic,0,announcement
performative,1,storytime
performative,0,contest
performative,1,storytime
performative,1,drama
performative,0,reaction
organic,0,milestone
performative,0,medical
performative,0,challenge
performative,1,drama
performative,1,news
performative,1,announcement
performative,1,storytime
performative,1,reaction
performative,1,drama
performative,1,medical
performative,1,drama
performative,1,drama
performative,1,reaction
performative,1,unboxing
performative,1,prank
organic,0,announcement
performative,1,prank
organic,0,milestone
performative,1,drama
performative,1,reaction
performative,1,unboxing
performative,1,drama
performative,1,storytime
performative,0,travel
organic,0,milestone
performative,1,drama
performative,1,storytime
performative,1,drama
performative,0,storytime
performative,0,adventure
ambiguous,0,other
ambiguous,0,other
ambiguous,0,other
ambiguous,0,other
ambiguous,0,other
organic,0,milestone
organic,0,milestone
organic,0,milestone
organic,0,vlog
organic,0,milestone
performative,0,roleplay
performative,0,other
performative,1,storytime
organic,1,milestone
performative,1,storytime
performative,0,other
performative,0,milestone
performative,1,storytime
performative,0,milestone
performative,0,prank
performative,0,other
performative,0,storytime
performative,1,storytime
organics,0,milestone
organic,0,milestone
organic,0,milestone
performative,1,storytime
organic,1,milestone
performative,1,storytime
performative,1,storytime
performative,1,storytime
performative,0,milestone
performative,0,milestone
performative,0,other
performative,0,other
performative,0,news
performative,0,other
performative,0,storytime
performative,0,other
performative,0,milestone
performative,0,milestone
performative,0,milestone
performative,1,storytime
performative,0,milestone
performative,1,storytime
performative,1,storytime
performative,1,storytime
performative,1,storytime
performative,1,storytime
performative,1,storytime
performative,1,storytime
performative,0,milestone
performative,0,milestone
performative,1,storytime
performative,1,storytime
performative,0,storytime
organic,0,unboxing
performative,0,challenge
performative,1,drama
performative,0,haul
organic,0,milestone
organic,0,play
organic,0,travel
performative,0,vlog
performative,1,drama
performative,0,toy_play
performative,0,storytime
performative,1,drama
performative,0,reaction
performative,0,challenge
organic,0,medical
organic,0,vlog
organic,0,play
organic,0,milestone
performative,1,drama
performative,1,reaction
performative,1,drama
performative,0,challenge
organic,0,haul
performative,0,challenge
organic,0,storytime
organic,0,milestone
performative,0,challenge
organic,0,vlog
performative,0,challenge
organic,0,play
organic,0,play
organice,0,milestone
performative,1,drama
performative,1,reaction
organic,0,announcement
organic,0,milestone
performative,1,drama
performative,0,storytime
performative,0,challenge
organic,0,milestone
performative,0,reaction
performative,1,drama
performative,0,announcement
organic,0,milestone
organic,0,other
ambiguous,0,other
ambiguous,0,other
ambiguous,0,other
ambiguous,0,other
performative,0,toy_play
organic,0,milestone
performative,0,drama
performative,1,reaction
performative,0,milestone
performative,0,milestone
organic,0,vlog
performative,0,adventure
performative,0,prank
performative,0,medical
performative,1,drama
organic,0,announcement
performative,1,storytime
performative,0,milestone
performative,1,drama
performative,1,reaction
performative,0,party
organic,0,announcement
performative,0,prank
performative,0,game
performative,0,toy_play
organic,0,party
performative,0,milestone
performative,0,brainy
performative,0,milestone
performative,0,prank
performative,0,game
performative,1,reaction
performative,0,drama
performative,0,prank
performative,0,drama
organic,0,milestone
performative,1,drama
performative,0,vlog
performative,1,storytime
performative,1,drama
performative,0,announcement
performative,0,milestone
performative,0,drama
performative,1,reaction
performative,1,drama
performative,0,drama
performance,1,other
performative,0,milestone
performative,1,storytime
performative,0,milestone
no_child,0,announcement
ambiguous,0,other
ambiguous,0,other
ambiguous,0,other
organic,0,milestone
organic,0,vlog
organic,0,milestone
organic,0,vlog
organic,0,storytime
performative,0,game
organic,0,music_dance
organic,0,dinner
organic,0,milestone
performative,1,drama
organic,0,storytime
organic,1,drama
performative,1,reaction
organic,0,storytime
performative,0,reaction
performative,1,drama
performative,0,storytime
performative,0,reaction
performative,0,storytime
organic,0,travel
organic,1,drama
performative,0,milestone
organic,0,milestone
organic,0,travel
organic,0,travel
organic,0,travel
organic,0,milestone
organic,0,milestone
organic,1,milestone
organic,0,milestone
performative,0,storytime
performative,0,storytime
performative,0,vlog
performative,0,milestone
performative,0,vlog
performative,0,milestone
performative,0,challenge
organic,0,vlog
performative,0,storytime
performative,1,drama
performative,1,prank
performative,0,music_dance
performative,0,milestone
performative,0,vlog
performative,1,drama
performative,0,travel
performative,0,travel
organic,0,milestone
organic,0,milestone
ambiguous,0,other
performative,0,drama
organic,0,storytime
performative,1,reaction
performative,0,milestone
performative,0,reaction
performative,0,milestone
organic,0,vlog
performative,0,reaction
performative,0,storytime
performative,0,storytime
organic,0,milestone
organic,0,milestone
organic,0,milestone
organic,0,milestone
performative,0,storytime
organic,0,milestone
performative,0,milestone
performative,0,vlog
performative,0,storytime
performative,0,storytime
performative,0,milestone
performative,1,reaction
performative,1,reaction
performative,0,milestone
organic,0,milestone
performative,1,storytime
performative,0,announcement
organict,0,vlog
performative,0,milestone
performative,0,announcement
performative,0,vlog
performative,0,milestone
performative,0,vlog
performative,1,storytime
performative,0,reaction
performative,0,milestone
performative,0,milestone
performative,0,reaction
performative,0,reaction
performative,1,storytime
organict,0,milestone
performative,0,reaction
performative,0,milestone
performative,0,milestone
organic,0,milestone
performative,0,storytime
performative,0,reaction
performative,0,reaction
performative,1,storytime
performative,1,storytime
organic,0,vlog
no_child,0,announcement
organic,1,medical
performative,0,storytime
performative,0,milestone
organic,0,cooking
organic,0,vlog
performative,1,storytime
performative,0,milestone
performative,0,vlog
performative,0,storytime
performative,0,tutorial
organic,0,vlog
performative,0,tutorial
performative,0,haul
performative,0,vlog
performative,0,vlog
performative,0,vlog
performative,0,drama
performative,0,milestone
performative,0,vlog
performative,0,holiday
performative,0,holiday
performative,1,reaction
performative,0,holiday
performative,0,holiday
performative,1,reaction
performative,0,milestone
performative,0,milestone
performative,0,milestone
performative,0,milestone
performative,0,milestone
performative,0,milestone
performative,0,milestone
performative,0,milestone
performative,0,milestone
performative,0,milestone
performative,0,milestone
performative,0,milestone
performative,0,milestone
performative,0,milestone
performative,0,milestone
performative,0,milestone
performative,0,milestone
performative,0,milestone
performative,0,milestone
performative,0,milestone
performative,0,milestone
performative,0,milestone
ambiguous,0,other
organic,0,milestone
organic,0,toy_play
organic,0,milestone
organic,0,milestone
organic,0,milestone
organic,0,milestone
organic,0,milestone
organic,0,review
organic,0,milestone
organic,0,milestone
organic,0,milestone
organic,0,haul
organic,0,storytime
organic,0,milestone
organic,0,milestone
organic,0,vlog
organic,0,milestone
organic,0,milestone
organico,0,reaction
organico,0,reaction
performative,0,other
performative,0,other
performative,0,other
performative,0,travel
performative,0,other
performative,0,other
performative,0,other
performative,0,other
performative,0,other
performative,0,other
performative,0,challenge
performative,0,other
performative,0,other
performative,0,other
performative,0,other
performative,0,other
performative,0,other
performative,0,other
performative,0,other
performative,0,other
performative,0,other
performative,0,other
performative,1,other
performative,1,other
performative,0,other
performative,0,other
performative,0,other
performative,0,other
performative,0,other
performative,0,other
organic,0,milestone
performative,0,drama
organic,0,vlog
performative,0,drama
organic,0,storytime
performative,0,dance
organic,0,challenge
organic,0,milestone
performative,0,reaction
performative,0,reaction
performative,0,reaction
organic,0,game
performative,0,storytime
organic,0,challenge
organic,0,challenge
organic,0,milestone
organice,0,travel
organic,0,milestone
performative,0,challenge
performative,0,challenge
performative,0,challenge
performative,0,milestone
performative,0,milestone
performative,0,milestone
performative,0,milestone
performative,0,milestone
performative,0,reaction
performative,0,reaction
performative,0,reaction
performative,0,reaction
organic,0,milestone
organic,0,milestone
performative,0,milestone
performative,0,milestone
performative,0,milestone
performative,0,travel
organic,0,milestone
performative,0,reaction
performative,0,reaction
organic,0,milestone
performative,0,storytime
performative,0,reaction
performative,0,reaction
performative,0,reaction
organice,0,milestone
performative,0,reaction
performative,0,reaction
performative,0,reaction
organic,0,milestone
performative,0,reaction
ambiguous,0,reaction
organic,0,travel
organical,0,milestone
organical,0,milestone
organical,0,milestone
ambiguous,0,vlog
organical,0,milestone
ambiguous,0,reaction
ambiguous,0,review
organical,0,milestone
organical,0,milestone
organical,0,vlog
organical,0,travel
organical,0,travel
organical,0,milestone
organical,0,milestone
organical,0,travel
organical,0,travel
organical,0,travel
ambiguous,0,reaction
organical,0,reaction
organical,0,reaction
organical,0,milestone
organic,0,milestone
organical,0,travel
organical,0,travel
organical,0,travel
organical,0,travel
organical,0,milestone
performative,0,challenge
performative,0,challenge
performative,0,challenge
performative,0,challenge
performative,0,challenge
organical,0,milestone
organical,0,milestone
organical,0,milestone
performative,0,storytime
organical,0,reaction
ambiguous,0,storytime
organic,0,milestone
ambiguous,0,vlog
performative,0,challenge
performative,1,challenge
ambiguous,1,challenge
performative,0,challenge
performative,0,challenge
ambiguous,0,other
performative,0,challenge
performative,1,challenge
organic,0,travel
organic,0,travel
organic,0,gift
organic,0,milestone
performative,0,challenge
organic,0,storytime
organic,0,vlog
organic,0,travel
organiche,0,travel
organic,0,reaction
organic,0,storytime
organic,0,milestone
organic,0,life hack
organic,0,milestone
organic,0,travel
organic,0,reaction
organic,0,milestone
organic,0,storytime
performative,0,travel
organic,0,travel
organic,0,challenge
performative,0,challenge
organic,0,storytime
organiche,0,storytime
organiche,0,unboxing
performative,0,challenge
organic,0,challenge
organic,0,storytime
organic,0,challenge
organic,0,challenge
organic,0,challenge
organic,0,challenge
performative,0,challenge
performative,0,challenge
performative,0,challenge
performative,0,challenge
performative,0,challenge
organic,0,challenge
organic,0,storytime
organic,0,storytime
organic,0,storytime
organic,0,challenge
organic,0,travel
performative,0,challenge
performative,0,challenge
performative,0,challenge
organiche,0,challenge
organic,0,travel
organic,0,milestone
organic,0,reaction
organic,0,milestone
organic,0,reaction
organic,0,milestone
organic,0,travel
organic,0,vlog
organic,0,reaction
performative,1,storytime
organic,0,mukbang
performative,0,beauty/hair
organic,0,milestone
organic,0,milestone
performative,1,challenge
performative,1,challenge
organic,0,adventure
organic,0,milestone
organic,1,storytime
organic,0,nature
performative,0,reaction
organic,0,travel
performative,1,prank
organic,0,adventure
organic,0,adventure
organic,1,storytime
organic,0,family
performative,0,prank
organic,1,storytime
organic,1,medical
organic,0,routine
organic,0,vlog
organic,0,travel
organic,0,travel
organic,0,travel
organic,0,trip
organic,0,adventure
organic,0,unboxing
organic,0,unboxing
performative,0,romance
organic,0,milestone
organic,0,song
performative,1,reaction
organic,0,package
organic,0,announcement
organic,0,holiday
ambiguous,0,other
ambiguous,0,other
ambiguous,0,other
ambiguous,0,other
ambiguous,0,other
ambiguous,0,other
ambiguous,0,other
organic,0,toy_play
performative,0,transform
organic,0,milestone
organic,0,travel
performative,0,transform
performative,0,other
performative,0,behind_the_scenes
performative,1,reaction
performative,0,behind_the_scenes
organic,0,dance
organic,0,travel
performative,1,challenge
performative,0,storytime
organic,0,storytime
organic,0,travel
organic,0,comparison
organic,0,reaction
performative,1,challenge
organic,0,dance
organic,0,dance
organıc,0,travel
organic,0,travel
organic,0,routine
performative,0,vlog
performative,0,storytime
performative,0,challenge
performative,0,challenge
performative,0,challenge
performative,0,challenge
performative,0,challenge
performative,0,milestone
organıc,0,challenge
organic,0,travel
organic,0,challenge
organic,0,vlog
organıc,1,challenge
performative,0,travel
performative,0,travel
organic,0,travel
performative,0,travel
performative,0,reaction
performative,0,wedding
performative,0,reaction
performative,1,reaction
organic,0,back_to_school
organic,0,storytime
performative,0,costume
performative,0,costume
performative,0,audition
organıc,0,travel
organic,0,travel
performative,0,challenge
organic,0,reaction
performative,0,prank
organic,0,travel
performative,0,challenge
organic,0,milestone
organic,0,reaction
organic,0,storytime
organic,0,challenge
organic,0,milestone
organic,0,challenge
organic,0,travel
organic,0,travel
organic,0,milestone
organic,0,travel
performative,0,storytime
performative,0,reaction
organic,1,storytime
organic,0,travel
organic,0,challenge
performative,1,reaction
performative,0,challenge
performative,0,storytime
performative,0,challenge
performative,0,challenge
performative,0,storytime
performative,0,storytime
performative,0,storytime
performative,0,storytime
performative,0,drama
performative,0,storytime
organic,0,storytime
performative,0,storytime
performative,1,storytime
performative,0,challenge
organic,0,milestone
organic,0,travel
performative,0,storytime
performative,0,dance
organic,0,challenge
organic,0,travel
performative,0,storytime
performative,0,challenge
performative,0,challenge
performative,0,challenge
performative,0,storytime
performative,0,storytime
performative,1,reaction
ambiguous,0,other
organic,0,milestone
organic,0,vlog
performative,0,challenge
performative,0,roleplay
organic,0,storytime
organic,0,storytime
organic,0,storytime
performative,0,reaction
performative,0,milestone
organic,0,travel
performative,0,reaction
organic,0,storytime
organic,0,milestone
performative,0,challenge
organic,0,food
performative,0,sleep
organic,0,challenge
organic,0,travel
organic,0,travel
organic,0,announcement
organic,0,drama
organic,1,commercial
organic,1,reaction
organic,0,storytime
performative,0,reaction
organic,0,travel
organic,0,milestone
organic,0,milestone
organic,0,milestone
performative,0,milestone
organic,0,milestone
performative,0,reaction
performative,1,challenge
organic,0,milestone
performative,0,challenge
performative,0,storytime
performative,0,drama
performative,0,storytime
performative,0,reaction
organic,0,storytime
organic,0,storytime
organic,0,storytime
performative,0,storytime
organic,0,storytime
performative,0,milestone
organic,0,storytime
ambiguous,0,other
ambiguous,0,other
ambiguous,0,other
ambiguous,0,other
organic,0,storytime
organic,0,storytime
performative,0,storytime
performative,0,challenge
performative,0,storytime
performative,1,milestone
performative,0,storytime
performative,0,storytime
performative,0,storytime
performative,0,milestone
organic,0,vlog
performative,1,reaction
performative,0,travel
performative,0,storytime
organic,0,home_makeover
organic,0,storytime
organic,0,storytime
performative,0,storytime
performative,1,storytime
performative,1,storytime
performative,0,milestone
performative,0,storytime
performative,0,vlog
performative,1,storytime
performative,1,reaction
performative,0,storytime
performative,1,storytime
performative,0,drama
performative,0,storytime
performative,1,challenge
performative,0,challenge
performative,0,challenge
performative,0,storytime
performative,0,challenge
performative,0,challenge
performative,0,reaction
performative,1,storytime
performative,1,storytime
performative,0,storytime
organic,0,milestone
performative,0,challenge
organical,0,travel
performative,0,milestone
performative,0,challenge
performative,0,challenge
performative,0,storytime
performative,0,storytime
performative,0,storytime
organic,0,storytime
performative,0,storytime
performative,0,challenge
organic,0,milestone
performative,0,prank
organic,0,challenge
performative,0,storytime
performative,0,storytime
performative,0,storytime
performative,0,storytime
organic,0,storytime
organic,0,travel
organic,0,storytime
performative,0,challenge
organic,0,storytime
performative,0,storytime
organic,0,challenge
performative,0,challenge
organic,0,storytime
organic,0,storytime
organic,0,vlog
organic,0,vlog
performative,0,storytime
performative,0,storytime
performative,0,storytime
performative,0,storytime
performative,0,challenge
performative,0,storytime
performative,0,storytime
performative,0,announcement
performative,0,announcement
organ ic,0,travel
organ ic,0,storytime
organic,0,storytime
organic,0,storytime
performative,0,storytime
performative,0,storytime
organ ic,0,storytime
organ ic,0,storytime
performative,0,storytime
performative,0,storytime
performative,0,other
organ ic,0,storytime
performative,1,storytime
performative,0,reaction
performative,0,reaction
performative,0,storytime
performative,0,storytime
performative,0,storytime
performative,0,storytime
performative,0,storytime
performative,0,storytime
no_child,0,reaction
organic,0,milestone
ambiguous,0,storytime
no_child,0,milestone
organic,0,vlog
no_child,0,storytime
no_child,1,storytime
performative,0,challenge
performative,0,challenge
no_child,0,storytime
no_child,1,storytime
organic,0,vlog
organic,0,vlog
organic,0,storytime
no_child,1,storytime
no_child,0,storytime
organic,0,transformation
performative,0,storytime
performative,0,storytime
performative,1,milestone
performative,0,storytime
no_child,0,storytime
no_child,0,storytime
no_child,0,storytime
no_child,1,reaction
no_child,0,storytime
no_child,0,storytime
no_child,0,storytime
no_child,0,storytime
no_child,0,storytime
no_child,0,storytime
no_child,0,storytime
no_child,1,storytime
no_child,0,storytime
performative,0,storytime
no_child,1,storytime
no_child,0,storytime
no_child,0,storytime
no_child,0,storytime
no_child,1,storytime
performative,0,storytime
no_child,0,storytime
no_child,0,storytime
no_child,0,storytime
no_child,1,storytime
no_child,0,storytime
no_child,0,storytime
no_child,1,storytime
no_child,0,storytime
performative,0,storytime
organic,0,milestone
organic,0,tour
performative,1,challenge
performative,0,drama
organic,0,milestone
organic,0,transformation
performative,0,confession
performative,0,challenge
performative,1,confession
performative,0,travel
performative,0,drama
organic,0,move
performative,0,conflict
performative,1,challenge
performative,0,public
organic,0,challenge
performative,0,surprise
performative,0,prank
performative,0,celebration
organic,0,milestone
organic,0,award
performative,0,challenge
performative,0,challenge
performative,0,challenge
performative,0,surviving
performative,0,challenge
performative,0,challenge
performative,0,challenge
performative,1,challenge
organic,0,day_in_life
performative,0,friendship
performative,0,world_record
performative,0,challenge
performative,0,prank
performative,0,birthday
organic,0,travel
performative,1,conflict
performative,0,storytime
performative,0,living
performative,1,embarrassment
performative,0,reaction
performative,1,challenge
performative,0,celebration
performative,0,challenge
performative,0,reaction
performative,0,prank
performative,1,embarrassment
ambiguous,0,other
ambiguous,0,other
ambiguous,0,other
organic,0,vlog
performative,0,storytime
performative,0,challenge
performative,0,roleplay
performative,0,storytime
performative,0,drama
performative,0,challenge
organic,0,vlog
performative,0,storytime
organic,0,milestone
organic,0,milestone
performative,0,challenge
performative,0,challenge
performative,1,reaction
performative,0,drama
organic,0,storytime
performative,1,challenge
performative,0,flirt
performative,1,drama
performative,0,challenge
performative,0,reaction
performative,1,challenge
performative,1,challenge
performative,0,challenge
performative,0,reaction
performative,0,reaction
performative,0,challenge
performative,0,challenge
performative,0,milestone
performative,0,reaction
performative,0,prank
performative,0,reaction
performative,0,prank
performative,0,challenge
performative,1,challenge
performative,0,travel
performative,0,milestone
performative,0,reaction
performative,0,reaction
performative,0,reaction
performative,0,storytime
performative,0,storytime
performative,0,challenge
performative,0,storytime
performative,0,challenge
performative,0,other
performative,0,challenge
performative,0,challenge
performative,0,challenge
performative,0,storytime
organic,0,vlog
performative,0,challenge
organic,1,medical
performative,0,other
performative,0,storytime
organic,0,milestone
performative,0,drama
organic,0,milestone
performative,1,reaction
organic,0,milestone
performative,0,food_taste
performative,0,challenge
performative,0,transformation
organic,0,vlog
organic,0,milestone
performative,0,storytime
performative,0,haul
performative,0,challenge
organic,0,q&a
no_child,0,reaction
organic,1,storytime
no_child,0,vlog
performative,0,vlog
organic,0,red_carpet
organic,0,vlog
organic,0,vlog
organic,0,vlog
performative,0,tutorial
performative,0,challenge
organic,0,storytime
performative,0,drama
no_child,0,other
performative,0,storytime
performative,1,storytime
no_child,0,shorts
performative,0,storytime
organic,0,milestone
organico,0,storytime
performative,0,drama
no_child,0,other
performative,0,storytime
no_child,0,other
performative,0,other
performative,0,storytime
no_child,0,other
performative,0,storytime
no_child,0,other
ambiguous,0,other
ambiguous,0,other
ambiguous,0,other
no_child,0,drama
no_child,0,drama
no_child,1,drama
no_child,1,drama
no_child,0,drama
no_child,0,vlog
no_child,1,drama
no_child,0,storytime
no_child,0,milestone
no_child,0,reaction
no_child,1,storytime
no_child,0,roleplay
no_child,1,storytime
no_child,0,storytime
no_child,0,milestone
no_child,0,reaction
no_child,0,reaction
no_child,0,vlog
no_child,1,drama
no_child,1,drama
no_child,1,drama
no_child,0,prank
performative,0,wish
no_child,1,drama
no_child,1,drama
no_child,1,drama
no_child,1,drama
no_child,0,reaction
no_child,0,vlog
no_child,0,travel
no_child,0,reaction
no_child,1,drama
no_child,0,reaction
no_child,1,drama
no_child,0,storytime
no_child,0,milestone
no_child,0,vlog
no_child,1,drama
no_child,0,storytime
no_child,0,milestone
no_child,0,milestone
no_child,1,drama
no_child,0,milestone
no_child,0,milestone
no_child,1,drama
no_child,0,reaction
no_child,1,drama
no_child,0,storytime
no_child,1,drama
no_child,1,drama
performative,0,storytime
organic,0,vlog
ambiguous,1,reaction
ambiguous,1,reaction
organic,1,storytime
performative,0,milestone
ambiguous,1,reaction
performative,0,milestone
organic,0,music_dance
performative,1,storytime
organic,0,milestone
ambiguous,0,storytime
ambiguous,1,storytime
performative,1,storytime
performative,1,storytime
performative,0,storytime
performative,1,storytime
performative,0,milestone
performative,0,milestone
performative,0,reaction
performative,1,storytime
performative,0,challenge
performative,0,storytime
performative,1,reaction
performative,1,storytime
performative,1,storytime
performative,1,storytime
performative,0,challenge
performative,0,challenge
performative,0,challenge
performative,1,storytime
organic,1,milestone
ambiguous,0,storytime
ambiguous,1,reaction
performative,1,storytime
performative,1,storytime
performative,1,storytime
performative,1,storytime
performative,1,storytime
performative,1,storytime
performative,1,storytime
ambiguous,0,storytime
performative,0,storytime
performative,0,storytime
performative,1,reaction
performative,1,reaction
performative,1,reaction
performative,1,reaction
performative,0,storytime
no_child,0,other
performative,0,challenge
organic,0,reaction
organic,0,music_dance
performative,0,prank
organic,0,milestone
organic,0,vlog
performative,0,challenge
performative,0,challenge
performative,0,challenge
performative,0,storytime
performative,1,reaction
performative,0,reaction
performative,0,prank
performative,0,unboxing
organic,0,milestone
performative,0,reaction
organic,0,milestone
organic,1,vlog
performative,0,challenge
organic,0,giveaway
organic,0,reaction
organic,1,vlog
performative,0,storytime
organic,1,storytime
performative,1,reaction
organic,0,storytime
organic,0,milestone
performative,0,challenge
performative,0,challenge
performative,0,challenge
performative,0,storytime
performative,0,challenge
performative,0,life hack
performative,0,challenge
performative,0,challenge
performative,0,reaction
performative,0,reaction
performative,1,challenge
performative,0,reaction
performative,0,reaction
performative,1,storytime
performative,1,reaction
performative,1,challenge
performative,0,storytime
organic,0,milestone
performative,1,storytime
ambiguous,0,other
ambiguous,0,other
ambiguous,0,other
ambiguous,0,other
performative,0,shorts
performative,0,reaction
performative,0,shorts
performative,0,shorts
performative,0,storytime
performative,0,shorts
organice,0,shorts
performative,1,drama
performative,0,shorts
performative,0,shorts
performative,0,recreating
performative,0,shorts
performative,1,drama
organic,0,shorts
performative,0,shorts
performative,1,drama
performative,0,challenge
performative,0,challenge
performative,0,challenge
performative,0,shorts
performative,0,challenge
performative,0,challenge
performative,1,challenge
performative,0,shorts
performative,1,prank
performative,1,shorts
performative,0,shorts
performative,0,storytime
performative,1,drama
performative,0,shorts
performative,0,challenge
performative,1,prank
performative,0,travel
organic,0,shorts
performative,0,milestone
organic,1,storytime
performative,0,challenge
organic,0,shorts
organice,0,shorts
performative,0,reaction
performative,1,drama
performative,0,shorts
organice,0,shorts
organice,0,shorts
performative,0,shorts
performative,0,challenge
performative,0,challenge
performative,0,challenge
performative,0,shorts
performative,0,reaction
performative,0,challenge
performative,0,reaction
performative,0,game
performative,0,game
organic,0,milestone
performative,0,challenge
organic,0,roleplay
performative,1,medical
performative,1,medical
performative,0,reaction
performative,0,challenge
performative,0,prank
performative,1,reaction
performative,0,challenge
performative,0,challenge
performative,0,challenge
performative,0,challenge
performative,1,storytime
performative,1,reaction
performative,1,reaction
performative,0,vlog
performative,0,prank
performative,1,prank
performative,1,reaction
performative,1,doctor
performative,1,contest
performative,0,challenge
performative,1,prank
performative,1,reaction
performative,0,milestone
performative,0,challenge
performative,1,reaction
performative,1,reaction
performative,0,prank
performative,1,medical
performative,0,challenge
performative,1,reaction
performative,1,reaction
performative,0,prank
performative,1,medical
performative,0,challenge
performative,0,challenge
performative,0,review
performative,0,challenge
organic,0,milestone
performative,0,challenge
ambiguous,0,other
ambiguous,0,other
ambiguous,0,other
ambiguous,0,other
no_child,0,storytime
performative,0,food_review
performative,0,vlog
performative,0,challenge
performative,0,game
performative,0,reaction
organic,0,routine
organic,0,milestone
performative,0,roleplay
no_child,1,reaction
performative,0,prank
performative,0,challenge
organic,0,vlog
performative,1,storytime
performative,0,prank
performative,1,storytime
performative,0,storytime
performative,0,storytime
performative,0,review
performative,0,challenge
performative,0,challenge
performative,0,roleplay
performative,0,reaction
performative,0,storytime
performative,1,reaction
performative,0,challenge
performative,1,challenge
performative,0,reaction
performative,0,challenge
performative,1,reaction
performative,1,prank
performative,1,challenge
performative,0,travel
performative,0,storytime
performative,0,reaction
performative,0,storytime
performative,0,reaction
performative,1,storytime
performative,0,reaction
performative,1,storytime
no_child,0,travel
no_child,0,milestone
performative,0,music_dance
performative,0,merchant
performative,1,drama
performative,0,prank
no_child,0,tour
performative,0,challenge
performative,0,prank
performative,0,challenge
organice,0,tutorial
performative,0,challenge
performative,0,magic
performative,0,storytime
organice,0,music_dance
performative,0,game
performative,0,challenge
organic,0,milestone
organice,0,announcement
performative,1,reaction
performative,1,prank
performative,1,reaction
performative,1,reaction
performative,1,reaction
performative,1,milestone
performative,1,milestone
performative,0,milestone
performative,0,milestone
performative,0,challenge
performative,1,milestone
performative,0,milestone
performative,0,milestone
performative,0,milestone
performative,0,milestone
performative,0,challenge
organice,0,milestone
performative,0,milestone
performative,0,milestone
performative,0,reaction
performative,0,challenge
performative,0,challenge
organice,0,milestone
performative,0,reaction
organice,0,milestone
performative,1,storytime
organice,0,milestone
performative,1,storytime
performative,0,challenge
performative,1,reaction
performative,0,storytime
performative,1,storytime
performative,0,challenge
organice,0,milestone
performative,0,storytime
performative,0,storytime
performative,1,reaction
performative,1,reaction
ambiguous,0,other
ambiguous,0,other
ambiguous,0,other
performative,1,drama
organic,0,vlog
performative,1,drama
performative,1,drama
performative,0,storytime
performative,0,challenge
performative,1,storytime
organic,1,vlog
performative,0,recreating
performative,0,date
organic,1,storytime
organic,1,storytime
performative,1,drama
performative,1,reaction
performative,1,reaction
performative,0,challenge
performative,1,storytime
organic,1,milestone
performative,1,storytime
performative,1,storytime
organic,1,storytime
organic,1,storytime
organic,1,storytime
organic,1,challenge
performative,1,challenge
performative,1,reaction
performative,1,storytime
performative,1,challenge
performative,0,challenge
performative,0,challenge
performative,1,challenge
performative,0,challenge
performative,0,challenge
performative,0,challenge
performative,1,milestone
performative,1,storytime
performative,1,announcement
performative,1,challenge
performative,1,milestone
performative,0,travel
organic,0,milestone
performative,1,challenge
performative,1,reaction
performative,1,drama
performative,0,challenge
performative,1,storytime
performative,1,storytime
performative,0,challenge
performative,1,drama
performative,1,storytime
performative,0,vlog
performative,0,prank
performative,0,challenge
performative,0,vlog
performative,0,challenge
performative,0,prank
performative,1,prank
organic,0,milestone
performative,0,challenge
performative,1,reaction
organic,0,milestone
organic,1,milestone
performative,1,prank
performative,1,reaction
performative,0,milestone
performative,0,challenge
performative,1,prank
performative,1,milestone
performative,1,music_dance
performative,1,prank
performative,1,reaction
performative,0,challenge
performative,1,reaction
performative,1,milestone
performative,1,milestone
performative,1,prank
performative,0,reaction
performative,1,milestone
performative,1,challenge
performative,1,drama
performative,0,storytime
performative,0,challenge
performative,1,reaction
performative,1,milestone
performative,0,challenge
performative,1,reaction
performative,1,reaction
performative,1,reaction
performative,1,reaction
performative,1,drama
performative,1,reaction
performative,1,reaction
performative,1,reaction
performative,1,milestone
ambiguous,0,other
ambiguous,0,other
ambiguous,0,other
ambiguous,0,other
ambiguous,0,other
ambiguous,0,other
performative,0,challenge
performative,0,prank
organic,1,vlog
performative,0,drama
performative,1,reaction
performative,1,drama
performative,1,storytime
performative,0,exposure
performative,0,challenge
performative,0,challenge
organic,0,animal/educational
performative,1,prank
performative,0,prank
performative,1,challenge
performative,0,challenge
organic,0,gift/reaction
performative,0,transform
performative,1,challenge
performative,0,challenge
performative,1,challenge
performative,1,challenge
organical,1,challenge
performative,1,storytime
performative,1,reaction
performative,1,drama
performative,0,challenge
performative,0,challenge
performative,1,emotion
performative,1,drama
performative,0,challenge
performative,1,prank
performative,0,challenge
performative,1,challenge
performative,1,challenge
performative,1,challenge
performative,1,reaction
performative,1,storytime
performative,1,reaction
performative,0,challenge
performative,1,drama
performative,1,storytime
performative,1,reaction
performative,0,house_tour
organic,1,milestone
performative,1,reaction
performative,0,challenge
performative,1,drama
performative,1,reaction
organical,1,milestone
ambiguous,0,other
performative,1,storytime
performative,1,storytime
organic,0,vlog
performative,1,storytime
performative,0,prank
performative,0,prank
organic,1,challenge
performative,0,prank
organic,1,storytime
performative,0,prank
performative,1,prank
performative,1,storytime
performative,1,prank
performative,1,prank
performative,0,prank
performative,0,challenge
performative,1,challenge
performative,1,storytime
performative,1,reaction
performative,0,challenge
performative,0,challenge
performative,0,challenge
performative,0,challenge
performative,0,reaction
performative,1,reaction
performative,0,reaction
performative,1,prank
performative,0,challenge
performative,1,challenge
performative,1,reaction
performative,0,challenge
performative,1,reaction
performative,1,reaction
performative,0,challenge
performative,1,challenge
performative,1,challenge
performative,0,challenge
performative,1,challenge
performative,0,challenge
performative,1,reaction
performative,1,challenge
performative,1,challenge
performative,0,challenge
performative,1,reaction
ambiguous,0,other
ambiguous,0,other
ambiguous,0,other
ambiguous,0,other
ambiguous,0,other
ambiguous,0,other
performative,1,reaction
performative,1,storytime
organic,0,vlog
performative,1,reaction
performative,0,challenge
performative,0,prank
performative,1,prank
performative,1,challenge
performative,0,prank
organic,1,storytime
organic,1,challenge
performative,1,challenge
organic,1,milestone
organic,0,milestone
performative,1,prank
performative,0,challenge
performative,0,surprise
performative,1,surprise
performative,1,storytime
performative,1,prank
performative,1,reaction
performative,0,challenge
performative,1,challenge
performative,1,challenge
performative,0,prank
performative,1,challenge
performative,1,prank
performative,1,milestone
organic,1,milestone
performative,1,prank
performative,1,reaction
performative,1,challenge
performative,0,drama
organice,1,storytime
performative,1,romantic
performative,1,reaction
performative,0,prank
performative,1,challenge
performative,1,reaction
performative,1,prank
performative,1,reaction
performative,1,challenge
performative,0,storytime
ambiguous,0,other
ambiguous,0,other
ambiguous,0,other
ambiguous,0,other
ambiguous,0,other
ambiguous,0,other
ambiguous,0,other
performative,0,reaction
organic,0,reaction
performative,1,reaction
performative,0,other
performative,1,reaction
performative,0,challenge
performative,0,reaction
performative,0,prank
performative,1,reaction
performative,0,challenge
performative,0,challenge
performative,0,challenge
performative,0,challenge
performative,0,challenge
performative,0,challenge
performative,0,travel
performative,0,reaction
performative,0,reaction
performative,1,reaction
organic,1,challenge
performative,0,challenge
performative,0,challenge
performative,0,challenge
performative,0,reaction
performative,0,reaction
performative,0,reaction
performative,1,reaction
performative,1,reaction
performative,1,reaction
performative,0,challenge
performative,0,challenge
performative,0,other
performative,0,challenge
performative,0,reaction
performative,0,challenge
performative,1,prank
performative,0,challenge
performative,1,reaction
performative,1,reaction
performative,1,reaction
performative,0,other
performative,0,reaction
performative,0,challenge
performative,0,reaction
ambiguous,0,other
ambiguous,0,other
ambiguous,0,other
ambiguous,0,other
ambiguous,0,other
ambiguous,0,other
performative,0,challenge
performative,1,prank
performative,0,challenge
performative,0,challenge
performative,0,challenge
performative,0,challenge
performative,1,challenge
performative,0,challenge
performative,0,challenge
performative,0,challenge
performative,0,challenge
performative,0,challenge
performative,1,reaction
performative,1,reaction
performative,1,challenge
performative,0,challenge
performative,1,challenge
performative,1,challenge
performative,1,challenge
performative,0,challenge
performative,1,challenge
organic,0,milestone
performative,1,prank
performative,1,challenge
performative,1,challenge
performative,0,challenge
performative,0,challenge
performative,1,challenge
performative,0,challenge
performative,1,challenge
performative,1,challenge
performative,1,challenge
performative,1,challenge
performative,1,challenge
performative,1,challenge
performative,0,challenge
performative,1,challenge
performative,1,challenge
performative,0,challenge
performative,1,challenge
performative,1,challenge
performative,0,challenge
performative,0,challenge
performative,0,challenge
performative,1,challenge
performative,1,challenge
performative,1,challenge
performative,0,challenge
performative,1,challenge
ambiguous,0,other
no_child,0,reaction
performative,0,challenge
performative,1,storytime
performative,1,challenge
no_child,1,reaction
no_child,1,reaction
performative,0,challenge
performative,0,challenge
performative,0,challenge
performative,0,challenge
performative,0,challenge
performative,0,challenge
organice,0,milestone
no_child,0,challenge
performative,1,storytime
no_child,0,reactio
organice,1,storytime
performative,0,challenge
organice,0,challenge
organice,0,vlog
performative,0,review
performative,1,prank
performative,0,challenge
performative,0,challenge
performative,0,reaction
organice,0,reaction
performative,0,challenge
organice,0,challenge
performative,0,challenge
performative,1,challenge
performative,0,challenge
performative,0,challenge
performative,0,challenge
performative,0,challenge
performative,0,challenge
performative,0,challenge
performative,0,challenge
performative,0,challenge
performative,0,challenge
performative,0,challenge
performative,0,challenge
performative,0,challenge
performative,0,challenge
performative,0,challenge
performative,0,challenge
performative,0,challenge
performative,0,challenge
performative,0,challenge
performative,1,challenge
no_child,0,challenge
performative,0,challenge
performative,0,challenge
organic,0,music_dance
organic,0,reaction
performative,0,toy_play
performative,0,challenge
performative,0,recreate/musicaly
organic,0,live_stream
organic,0,travel
organic,0,milestone
performative,0,challenge
organic,0,vlog
organic,0,challenge
organic,0,tutorial
performative,0,challenge
organic,0,milestone
organic,1,routine
performative,1,prank
organic,0,behind_the_scenes
organic,0,behind_the_scenes
performative,0,adventure
organic,0,reaction
performative,0,reaction
organic,0,milestone
organic,0,challenge
organic,1,challenge
organic,1,routine
organic,0,reaction
no_child,0,trip
organic,0,holiday
organic,0,challenge
organic,0,event
organic,1,drama
no_child,0,trip
performative,1,prank
no_child,0,challenge
no_child,0,trip
no_child,0,challenge
performative,0,challenge
performative,0,challenge
performative,0,challenge
performative,0,challenge
no_child,1,reality reveal
no_child,0,challenge
no_child,0,challenge
no_child,0,reality reveal
no_child,0,reality reveal
no_child,1,drama
ambiguous,0,other
ambiguous,0,other
ambiguous,1,storytime
ambiguous,0,vlog
ambiguous,1,storytime
ambiguous,1,storytime
ambiguous,0,reaction
performative,0,challenge
ambiguous,0,reaction
performative,1,storytime
ambiguous,0,reaction
ambiguous,0,challenge
no_child,0,storytime
ambiguous,0,reaction
performative,0,game
performative,0,challenge
performative,0,challenge
ambiguous,0,competition
performative,0,game
ambiguous,0,storytime
performative,0,challenge
ambiguous,0,challenge
ambiguous,0,reaction
ambiguous,0,travel
no_child,0,storytime
performative,0,reaction
ambiguous,0,reaction
ambiguous,0,storytime
no_child,0,storytime
performative,0,storytime
ambiguous,1,storytime
no_child,0,storytime
no_child,0,storytime
no_child,1,storytime
no_child,1,storytime
ambiguous,0,storytime
ambiguous,0,reaction
performative,0,game
no_child,0,storytime
ambiguous,0,storytime
performative,1,storytime
no_child,0,storytime
ambiguous,0,reaction
ambiguous,0,storytime
performative,1,storytime
no_child,0,storytime
ambiguous,0,reaction
performative,0,challenge
no_child,0,storytime
ambiguous,0,storytime
performative,0,storytime
no_child,1,storytime
ambiguous,0,storytime
organic,0,milestone
ambiguous,0,tour
organic,1,milestone
organic,0,milestone
organic,0,milestone
organic,0,milestone
organic,0,milestone
organic,1,milestone
ambiguous,0,reaction
ambiguous,0,storytime
ambiguous,0,reaction
ambiguous,0,reaction
organic,0,milestone
ambiguous,0,storytime
ambiguous,0,reaction
ambiguous,0,reaction
ambiguous,0,reaction
ambiguous,0,storytime
ambiguous,0,storytime
organicc,0,milestone
ambiguous,1,storytime
organic,0,milestone
ambiguous,1,storytime
ambiguous,1,storytime
ambiguous,1,storytime
ambiguous,0,game
ambiguous,0,storytime
organic,1,milestone
ambiguous,0,reaction
ambiguous,0,other
organicc,1,storytime
ambiguous,0,milestone
ambiguous,0,game
ambiguous,0,storytime
ambiguous,1,reaction
ambiguous,0,react
ambiguous,0,milestone
ambiguous,0,reaction
organicc,0,milestone
ambiguous,0,reaction
no_child,0,reaction
ambiguous,0,reaction
no_child,0,reaction
ambiguous,0,milestone
ambiguous,0,reaction
no_child,0,reaction
ambiguous,0,reaction
no_child,0,reaction
ambiguous,0,reaction
organics,1,storytime
organic,0,competition
organics,0,reveal
performative,0,milestone
organics,0,surprise
organic,0,announcement
organics,0,gymnastics
performative,0,game
performative,0,dressup
organic,0,pregnancy
organic,0,announcement
organic,0,milestone
performative,0,dressup
organics,0,milestone
organics,0,vacation
organics,0,challenge
performative,0,game
performative,0,challenge
performative,0,challenge
performative,0,challenge
organics,0,game
performative,0,game
performative,0,challenge
performative,0,dressup
performative,0,dressup
organics,0,challenge
performative,0,game
performative,0,challenge
organics,0,challenge
performative,0,challenge
performative,0,challenge
performative,0,game
performative,0,reaction
performative,0,game
performative,0,game
organics,0,challenge
performative,0,reaction
orgAnics,0,competition
organics,0,reaction
ambiguous,1,storytime
performative,0,circus
ambiguous,1,storytime
performative,0,game
performative,1,storytime
performative,0,game
performative,0,competition
organics,0,competition
performative,0,announcement
ambiguous,0,other
ambiguous,0,other
organic,1,vlog
organic,0,game
performative,0,reaction
performative,1,storytime
performative,0,challenge
organic,0,vlog
performative,1,milestone
organic,0,milestone
performative,1,reaction
performative,0,challenge
performative,0,music_dance
performative,0,roleplay
performative,0,game
performative,0,challenge
performative,1,reaction
organic,0,vlog
organic,0,milestone
performative,1,surprise
organic,1,storytime
performative,1,challenge
performative,0,challenge
performative,0,game
performative,1,storytime
performative,1,storytime
performative,1,storytime
performative,0,sleepover
performative,1,challenge
performative,0,reaction
performative,1,storytime
organic,0,vlog
performative,1,storytime
performative,0,challenge
performative,1,storytime
performative,1,drama
organic,1,milestone
performative,1,storytime
performative,1,storytime
performative,1,milestone
performative,0,reaction
organical,0,vlog
performative,1,milestone
performative,1,storytime
performative,0,challenge
performative,1,storytime
performative,0,reaction
performative,1,storytime
performative,1,storytime
performative,1,storytime
performative,1,storytime
ambiguous,0,other
organic,1,storytime
performative,0,reaction
performative,0,game
performative,1,storytime
performative,0,mystery
performative,0,storytime
performative,0,game
performative,1,vlog
organic,0,storytime
performative,0,game
organic,1,storytime
organic,1,storytime
performative,0,milestone
performative,0,challenge
organic,1,storytime
performative,1,game
performative,0,game
performative,0,game
performative,0,challenge
performative,0,challenge
performative,0,reaction
performative,1,reaction
performative,1,reaction
performative,0,challenge
performative,0,game
performative,1,storytime
performative,1,storytime
performative,1,storytime
performative,1,storytime
performative,1,challenge
performative,1,storytime
performative,0,challenge
performative,0,challenge
performative,0,challenge
performative,0,review
organic,1,vlog
performative,0,challenge
performative,0,challenge
performative,0,challenge
performative,0,review
organic,1,storytime
performative,1,storytime
performative,1,storytime
performative,1,storytime
performative,1,storytime
performative,0,storytime
ambiguous,0,other
ambiguous,0,other
ambiguous,0,other
ambiguous,0,other
performative,0,game
performative,0,roleplay
organic,1,milestone
organic,1,milestone
performative,0,vlog
organic,0,challenge
organiche,1,reaction
performative,0,challenge
performative,0,reaction
performative,0,milestone
performative,0,roleplay
performative,0,music_dance
performative,0,reaction
performative,0,challenge
performative,0,challenge
performative,1,challenge
performative,1,challenge
organiche,1,challenge
performative,0,challenge
performative,0,storytime
performative,0,challenge
performative,0,challenge
performative,0,challenge
performative,0,challenge
performative,0,challenge
performative,0,challenge
performative,0,milestone
performative,1,challenge
organiche,1,milestone
performative,0,storytime
performative,0,roleplay
performative,0,roleplay
performative,1,drama
performative,1,drama
performative,1,drama
performative,1,drama
performative,1,dancer
performative,0,milestone
performative,0,reaction
performative,0,reaction
performative,1,milestone
performative,1,storytime
performative,1,challenge
performative,1,challenge
organiche,1,milestone
performative,0,challenge
performative,1,drama
performative,1,milestone
performative,1,drama
performative,0,reaction
performative,0,challenge
organic,0,milestone
performative,0,challenge
performative,1,game
organic,1,milestone
organic,0,milestone
performative,0,medical
performative,0,challenge
organic,0,storytime
performative,0,challenge
performative,0,roleplay
performative,0,challenge
performative,0,challenge
performative,0,challenge
performative,1,storytime
performative,0,challenge
performative,0,challenge
performative,0,challenge
performative,0,reaction
performative,0,reaction
performative,0,drama
performative,1,drama
performative,0,reaction
performative,0,challenge
performative,0,challenge
performative,0,challenge
performative,0,challenge
performative,0,challenge
performative,0,challenge
performative,0,challenge
performative,1,milestone
performative,1,storytime
performative,1,drama
performative,0,game
performative,0,challenge
performative,0,challenge
performative,0,challenge
performative,0,challenge
performative,0,challenge
performative,0,challenge
performative,1,milestone
organice,0,milestone
performative,0,challenge
performative,0,challenge
organice,1,storytime
performative,1,drama
performative,0,challenge
performative,0,challenge
performative,0,challenge
performative,0,challenge
performative,0,other
organic,0,storytime
performative,0,storytime
performative,1,storytime
organic,0,challenge
performative,0,game
performative,0,game
performative,1,storytime
organic,0,challenge
performative,1,challenge
performative,0,game
performative,1,storytime
performative,0,storytime
performative,0,storytime
performative,0,storytime
performative,0,storytime
performative,0,game
performative,0,holiday
organic,0,milestone
performative,0,milestone
performative,0,milestone
performative,1,storytime
organic,0,milestone
performative,1,storytime
performative,0,challenge
performative,0,storytime
performative,0,reaction
performative,0,music_dance
performative,0,event
performative,0,holiday
performative,1,storytime
performative,1,storytime
performative,1,storytime
performative,1,storytime
performative,1,storytime
performative,1,storytime
performative,0,drama
organice,0,holiday
organic,1,storytime
performative,0,challenge
performative,0,storytime
performative,1,storytime
performative,1,storytime
performative,0,challenge
performative,1,storytime
performative,1,storytime
performative,1,storytime
performative,1,storytime
performative,1,storytime
performative,1,storytime
performative,1,reaction
organic,0,milestone
performative,1,drama
performative,1,reaction
organic,0,milestone
performative,1,milestone
performative,0,game
performative,0,movie
performative,0,challenge
performative,1,challenge
performative,1,challenge
performative,1,milestone
performative,1,milestone
performative,1,milestone
performative,0,storytime
organic,0,milestone
organix,0,milestone
performative,0,storytime
performative,0,milestone
performative,0,event
performative,0,storytime
performative,0,vlog
performative,0,reaction
performative,0,storytime
performative,0,milestone
performative,0,milestone
performative,0,challenge
performative,0,reaction
performative,0,challenge
performative,0,milestone
performative,0,game
performative,0,challenge
performative,1,challenge
performative,1,challenge
performative,0,storytime
performative,1,challenge
performative,0,storytime
performative,1,storytime
performative,0,drama
performative,1,drama
performative,0,event
performative,1,drama
performative,1,drama
performative,1,drama
performative,0,drama
ambiguous,0,other
ambiguous,0,other
ambiguous,0,other
ambiguous,0,other
ambiguous,0,other
organic,0,storytime
organic,0,travel
performative,0,horror
performative,1,drama
no_child,0,other
performative,0,milestone
performative,0,challenge
performative,0,challenge
performative,0,roleplay
performative,0,reaction
organic,0,milestone
performative,0,drama
performative,1,challenge
performative,0,challenge
performative,0,challenge
performative,0,challenge
performative,0,challenge
performative,0,game
performative,0,challenge
performative,0,game
performative,1,drama
performative,1,drama
performative,0,milestone
performative,1,drama
performative,1,milestone
performative,1,drama
performative,1,challenge
performative,0,challenge
performative,0,challenge
performative,1,mukbang
performative,1,drama
performative,0,challenge
performative,0,challenge
performative,1,challenge
performative,1,challenge
performative,0,storytime
performative,1,drama
performative,0,challenge
performative,0,milestone
performative,0,music_dance
organ,0,storytime
performative,1,drama
performative,1,milestone
performative,0,musical
performative,0,challenge
performative,0,roleplay
performative,1,drama
performative,0,challenge
no_child,0,other
ambiguous,0,other
performative,0,challenge
organic,0,travel
performative,0,challenge
performative,0,challenge
performative,1,challenge
performative,0,challenge
performative,0,challenge
performative,1,prank
performative,0,challenge
performative,0,challenge
performative,0,challenge
performative,0,game
performative,0,challenge
performative,0,challenge
performative,1,challenge
performative,0,magic
performative,0,prank
performative,1,challenge
performative,1,challenge
performative,0,challenge
performative,0,challenge
performative,0,challenge
performative,0,challenge
performative,1,storytime
performative,1,storytime
performative,1,reaction
performative,0,challenge
performative,0,challenge
performative,0,challenge
performative,0,challenge
performative,1,challenge
performative,0,challenge
performative,1,challenge
performative,1,challenge
performative,0,challenge
performative,1,challenge
performative,0,challenge
performative,0,challenge
performative,1,challenge
performative,1,challenge
performative,1,challenge
performative,1,challenge
performative,1,challenge
performative,1,challenge
performative,1,challenge
performative,1,challenge
performative,0,challenge
performative,1,challenge
performative,0,challenge
ambiguous,0,other
organic,0,storytime
ambiguous,0,reaction
ambiguous,0,storytime
performative,0,challenge
performative,0,game
performative,0,challenge
performative,0,challenge
performative,0,unboxing
performative,0,challenge
performative,0,game
performative,1,milestone
performative,0,challenge
performative,0,challenge
performative,0,storytime
performative,0,game
performative,0,challenge
performative,0,challenge
performative,0,reaction
performative,1,reaction
performative,1,challenge
performative,0,battle
performative,0,challenge
performative,0,challenge
performative,0,reaction
performative,0,challenge
performative,0,challenge
performative,0,music_dance
performative,0,music_dance
performative,0,music_dance
performative,0,challenge
performative,0,challenge
performative,0,roleplay
performative,0,drama
performative,1,drama
performative,0,challenge
performative,0,challenge
performative,0,reaction
performative,0,challenge
performative,1,challenge
performative,0,challenge
performative,0,music_dance
performative,0,challenge
performative,1,challenge
performative,0,drama
performative,1,challenge
performative,0,challenge
performative,0,challenge
performative,0,challenge
performative,0,challenge
ambiguous,0,other
organic,0,challenge
performative,0,prank
performative,0,music_dance
performative,1,prank
performative,1,reaction
performative,1,prank
performative,0,game
performative,0,prank
organic,0,music_dance
performative,0,prank
performative,0,reaction
performative,1,game
performative,0,milestone
performative,0,challenge
performative,0,game
performative,0,challenge
performative,0,challenge
performative,0,game
performative,1,prank
performative,1,prank
performative,1,reaction
performative,0,reaction
performative,0,prank
performative,0,game
performative,1,drama
performative,0,challenge
performative,0,prank
performative,0,challenge
performative,0,challenge
performative,0,challenge
performative,0,challenge
performative,0,challenge
performative,0,challenge
performative,0,challenge
performative,1,milestone
performative,1,drama
performative,0,challenge
performative,1,challenge
performative,0,milestone
performative,0,game
performative,0,challenge
performative,0,challenge
performative,1,challenge
performative,0,reaction
performative,1,challenge
performative,1,challenge
performative,1,challenge
performative,0,milestone
performative,0,search
performative,0,challenge
performative,0,challenge
performative,0,challenge
performative,0,game
performative,0,challenge
performative,0,challenge
performative,0,challenge
organic,0,milestone
organic,0,milestone
performative,0,challenge
performative,0,challenge
performative,0,challenge
performative,0,challenge
organic,1,milestone
performative,0,challenge
performative,0,challenge
performative,1,challenge
performative,1,challenge
performative,0,prank
performative,0,challenge
performative,0,milestone
performative,0,challenge
performative,0,challenge
performative,0,storytime
performative,0,challenge
performative,1,drama
performative,0,challenge
performative,1,challenge
performative,1,challenge
performative,0,challenge
performative,0,challenge
performative,1,challenge
performative,0,challenge
performative,0,challenge
performative,0,challenge
performative,1,challenge
performative,0,challenge
performative,0,challenge
performative,0,challenge
performative,1,challenge
performative,0,challenge
performative,1,challenge
performative,0,challenge
performative,0,challenge
performative,0,challenge
performative,1,challenge
performative,0,challenge
performative,0,challenge
performative,0,challenge
performative,1,challenge
performative,0,challenge
performative,0,reaction
performative,0,challenge
performative,0,vlog
performative,0,challenge
performative,0,challenge
performative,0,challenge
performative,0,challenge
performative,0,challenge
performative,0,reaction
performative,0,storytime
performative,0,challenge
performative,0,adventure
performative,0,challenge
performative,0,challenge
performative,0,challenge
performative,1,challenge
performative,1,challenge
performative,0,reveal
performative,0,reveal
performative,0,reaction
performative,0,reaction
performative,0,reaction
performative,1,reaction
performative,1,reaction
performative,0,challenge
performative,0,challenge
performative,0,challenge
performative,1,venture
performative,0,challenge
performative,0,challenge
performative,1,challenge
performative,0,challenge
performative,0,game
performative,0,challenge
performative,0,challenge
performative,0,challenge
performative,0,challenge
performative,0,challenge
performative,1,challenge
performative,0,reaction
performative,0,reaction
performative,0,reaction
performative,1,challenge
performative,0,reaction
performative,0,challenge
performative,0,challenge
performative,0,reaction
performative,0,challenge
performative,0,reaction
performative,0,reaction
performative,0,game
performative,0,game
performative,0,reaction
performative,0,reaction
performative,0,reaction
organic,0,music_dance
performative,0,music_dance
performative,0,challenge
performative,0,reaction
performative,0,reaction
performative,0,reaction
performative,0,reaction
performative,0,reaction
performative,0,reaction
performative,0,reaction
performative,0,reaction
performative,0,reaction
performative,0,reaction
performative,0,reaction
performative,0,reaction
performative,0,reaction
performative,0,reaction
performative,0,reaction
performative,0,reaction
performative,0,reaction
performative,0,reaction
performative,0,reaction
performative,0,reaction
performative,0,reaction
performative,0,reaction
performative,0,reaction
performative,0,reaction
performative,0,reaction
performative,0,reaction
performative,0,reaction
performative,0,reaction
performative,0,reaction
performative,0,reaction
performative,0,reaction
organica,0,reaction
performative,1,reaction
performative,1,reaction
performative,1,reaction
performative,1,reaction
performative,1,reaction
performative,0,prank
performative,0,transform
performative,1,reaction
performative,1,reaction
performative,1,reaction
performative,0,challenge
organic,0,vlog
performative,0,challenge
performative,0,challenge
performative,0,announcement
performative,0,reaction
performative,0,challenge
organic,0,storytime
performative,0,music_dance
performative,1,challenge
performative,0,storytime
performative,0,challenge
performative,0,challenge
organic,0,challenge
organic,1,reaction
organic,1,storytime
organic,1,storytime
organic,0,milestone
organici,1,storytime
organic,1,overnight
performative,1,prank
performative,0,reaction
performative,0,reaction
performative,0,reaction
performative,0,storytime
performative,0,challenge
performative,0,challenge
performative,1,challenge
performative,1,reaction
performative,1,reaction
performative,1,reaction
performative,0,storytime
performative,0,reaction
performative,1,reaction
performative,1,reaction
performative,0,reaction
performative,1,reaction
performative,1,reaction
performative,0,reaction
performative,0,challenge
performative,0,challenge
performative,0,challenge
performative,1,challenge
performative,0,reaction
performative,0,reaction
performative,0,reaction
performative,0,reaction
performative,0,challenge
performative,1,reaction
performative,0,milestone
performative,1,reaction
organic,0,announcement
performative,0,unboxing
performative,0,challenge
performative,0,music_dance
organic,0,milestone
performative,1,prank
performative,0,music_dance
performative,1,game
performative,0,challenge
performative,0,milestone
organic,0,reaction
performative,0,slime
performative,0,challenge
performative,0,challenge
performative,0,challenge
performative,0,storytime
performative,0,challenge
organic,1,music_dance
performative,0,reaction
performative,0,challenge
performative,1,unboxing
performative,1,challenge
performative,0,challenge
performative,1,reaction
performative,0,challenge
performative,1,challenge
performative,0,slime
performative,0,challenge
performative,1,challenge
performative,1,challenge
performative,0,challenge
performative,0,halloween
performative,0,challenge
performative,0,challenge
performative,0,recreation
performative,0,challenge
performative,0,challenge
performative,1,reaction
performative,0,challenge
performative,1,challenge
performative,0,challenge
performative,0,challenge
performative,0,challenge
performative,0,challenge
performative,0,challenge
performative,1,challenge
performative,0,reaction
ambiguous,0,other
ambiguous,0,other
performative,0,storytime
performative,0,challenge
performative,0,challenge
performative,0,challenge
performative,0,reaction
performative,0,mukbang
performative,0,DIY
performative,0,challenge
performative,0,challenge
performative,0,challenge
performative,0,challenge
performative,0,reaction
performative,0,challenge
performative,0,challenge
performative,0,challenge
performative,0,challenge
performative,0,challenge
performative,0,challenge
performative,0,challenge
performative,0,challenge
performative,0,reaction
performative,0,reaction
performative,0,challenge
performative,0,challenge
performative,0,challenge
performative,0,DIY
performative,0,challenge
performative,0,challenge
performative,0,challenge
performative,0,challenge
performative,0,challenge
performative,0,challenge
performative,0,challenge
performative,0,challenge
performative,0,challenge
performative,0,challenge
performative,0,challenge
performative,0,challenge
performative,0,challenge
performative,0,challenge
performative,0,challenge
performative,0,challenge
performative,0,challenge
performative,0,challenge
performative,0,challenge
performative,0,challenge
performative,0,challenge
performative,0,challenge
performative,0,challenge
performative,0,challenge
performative,0,reaction
performative,0,reaction
performative,0,challenge
performative,0,tutorial
performative,0,reaction
performative,0,recreating
performative,0,challenge
performative,0,challenge
performative,0,experiment
performative,0,recreating
performative,0,DIY
performative,0,prank
performative,0,recreating
performative,0,experiment
performative,0,recreating
performative,0,review
performative,0,DIY
performative,0,DIY
performative,0,DIY
performative,0,challenge
performative,0,challenge
performative,0,music_dance
performative,0,challenge
performative,0,recreating
performative,0,challenge
performative,0,recreating
performative,0,challenge
performative,0,challenge
performative,0,challenge
performative,0,challenge
performative,0,challenge
performative,0,challenge
performative,0,challenge
performative,0,challenge
performative,0,challenge
performative,0,challenge
performative,0,challenge
performative,0,challenge
performative,0,challenge
performative,0,challenge
performative,0,challenge
performative,0,challenge
performative,0,challenge
performative,0,challenge
performative,0,challenge
performative,0,challenge
performative,0,challenge
performative,1,challenge
performative,0,couples
performative,0,challenge
performative,0,challenge
organic,0,reaction
performative,0,challenge
performative,0,reaction
performative,0,challenge
performative,0,challenge
performative,0,challenge
performative,0,challenge
performative,0,reaction
organic,1,storytime
performative,0,reaction
performative,0,challenge
performative,0,challenge
organic,0,vlog
performative,0,challenge
performative,0,storytime
performative,0,prank
organic,0,reaction
performative,0,reaction
organic,0,storytime
performative,0,challenge
performative,0,prank
performative,0,reaction
organic,1,milestone
performative,0,tutorial
performative,0,challenge
performative,0,tutorial
organic,0,vlog
performative,0,reaction
performative,0,challenge
organic,0,vlog
performative,0,challenge
performative,1,storytime
organic,0,vlog
performative,1,storytime
performative,0,tutorial
organic,0,vlog
performative,0,reaction
organic,0,vlog
performative,0,challenge
performative,0,reaction
organic,0,reaction
performative,0,challenge
organic,0,vlog
organic,0,vlog
organic,0,vlog
performative,1,reaction
organic,0,tutorial
organic,0,vlog
performative,0,challenge
organic,0,food
organic,0,food
performative,0,challenge
performative,0,challenge
performative,0,challenge
performative,0,review
performative,0,review
performative,0,recipe
performative,0,prank
organic,1,storytime
organic,0,music_dance
performative,0,challenge
performative,0,challenge
organic,0,food
organic,0,vlog
performative,1,storytime
organic,0,food
performative,0,food
organic,0,music_dance
performative,0,food
organic,0,surprise
performative,0,surprise
performative,0,experiment
performative,0,review
performative,0,toy_play
performative,0,challenge
performative,0,karaoke
organice,0,food
performative,0,food
performative,0,food
performative,0,food
performative,0,review
performative,1,dog sitting
performative,0,challenge
performative,0,reaction
performative,0,food
performative,0,milestone
performative,0,challenge
performative,0,reaction
performative,1,challenge
performative,0,tutorial
organic,0,announcement
organic,0,food
organic,0,routine
organic,0,food
performative,0,challenge
performative,0,music_dance
performative,0,challenge
performative,0,DIY
performative,0,haul
organic,0,food_review
ambiguous,0,quiz
performative,0,taste_test
performative,0,challenge
organic,0,vlog
performative,0,challenge
organic,0,health_tips
organic,0,candy_tasting
no_child,0,medical
performative,0,unboxing
organic,0,taste_test
organic,0,product_testing
performative,0,challenge
performative,0,gross_taste
organic,0,backyard_experience
performative,0,taste_test
performative,0,challenge
organic,0,challenge
no_child,0,haul
organic,0,haul
performative,0,challenge
performative,0,challenge
performative,0,challenge
organic,0,challenge
performative,0,short_music
performative,0,challenge
performative,0,challenges
no_child,0,event
performative,0,dance
no_child,0,performance
performative,0,challenge
no_child,0,special_event
performative,0,challenge
performative,0,challenge
performative,0,challenge
no_child,0,parody
no_child,0,milestone
no_child,1,medical
no_child,1,milestone
ambiguous,0,other
ambiguous,0,other
ambiguous,0,other
ambiguous,0,other
ambiguous,0,other
ambiguous,0,other
ambiguous,0,other
ambiguous,0,other
ambiguous,0,other
ambiguous,0,other
ambiguous,0,other
performative,0,storytime
performative,0,quiz
performative,0,storytime
performative,0,music_dance
organic,0,vlog
performative,0,music_dance
performative,0,music_dance
organic,0,vlog
performative,0,music_dance
performative,0,drama
organic,0,dance
performative,0,dance
organic,0,challenge
performative,1,challenge
performative,0,challenge
organic,0,travel
performative,0,game
organic,0,game
performative,0,storytime
performative,0,adventure
performative,0,challenge
performative,0,toy_play
performative,0,prank
performative,0,pretend_play
performative,0,roleplay
performative,0,pretend_play
performative,0,storytime
performative,0,reaction
performative,0,reaction
performative,0,game
performative,0,prank
performative,0,game
performative,0,event
performative,0,unboxing
performative,0,unboxing
performative,0,unboxing
performative,0,unboxing
performative,0,animation
performative,0,unboxing
performative,0,reaction
performative,0,prank
performative,0,adventure
performative,0,reaction
performative,0,reaction
organic,0,milestone
performative,0,reaction
performative,0,reaction
organic,0,holiday
performative,0,reaction
performative,0,reaction
organic,0,vlog
no_child,0,other
performative,0,reaction
performative,1,game
performative,0,game
performative,0,game
performative,0,challenge
performative,0,game
performative,0,challenge
organic,0,other
ambiguous,0,other
performative,0,toy_play
organic,0,other
performative,0,cooking
performative,0,milestone
performative,0,challenge
performative,0,game
performative,0,game
performative,0,game
performative,0,dance
performative,0,dance
organic,0,storytime
performative,1,storytime
no_child,0,other
no_child,0,other
performative,0,toy_play
performative,0,dance
performative,0,reaction
performative,0,reaction
performative,1,game
performative,0,reaction
performative,0,reaction
performative,0,reaction
performative,0,challenge
performative,0,challenge
performative,0,challenge
performative,0,challenge
performative,0,challenge
performative,0,storytime
no_child,0,other
no_child,0,other
performative,0,game
performative,0,game
ambiguous,0,other
ambiguous,0,other
ambiguous,0,other
ambiguous,0,other
ambiguous,0,other
ambiguous,0,other
ambiguous,0,other
performative,0,challenge
organic,0,storytime
performative,0,challenge
performative,0,challenge
organic,0,travel
performative,0,toy_play
performative,0,challenge
performative,0,animation
performative,0,unboxing
performative,0,science
performative,0,challenge
performative,0,science
performative,0,science
performative,0,challenge
performative,0,reaction
performative,0,reaction
performative,0,reaction
performative,0,challenge
performative,0,game
performative,0,game
performative,1,storytime
performative,0,challenge
performative,0,reaction
organic,0,milestone
performative,0,milestone
organic,0,museum
performative,0,challenge
organic,0,game
performative,0,animation
performative,1,storytime
performative,0,imaginative
performative,0,reaction
performative,0,reaction
performative,0,toy_play
performative,0,toy_play
performative,0,challenge
performative,0,challenge
performative,0,toy_play
performative,0,challenge
organic,0,travel
performative,0,challenge
performative,0,challenge
performative,0,challenge
performative,0,roleplay
performative,0,reaction
performative,1,challenge
performative,0,prank
ambiguous,0,other
ambiguous,0,other
ambiguous,0,other
organic,0,milestone
ambiguous,0,other
performative,0,challenge
performative,0,travel
performative,0,challenge
organic,0,milestone
organic,0,milestone
performative,0,recap
performative,0,other
performative,0,challenge
performative,0,challenge
ambient,0,other
organic,0,travel
organic,0,storytime
performative,0,reaction
ambiguous,0,reaction
organic,0,toy_play
organic,0,reaction
performative,0,challenge
organic,0,milestone
no_child,0,other
no_child,0,other
performative,0,challenge
performative,1,milestone
performative,0,challenge
performative,0,game
performative,0,challenge
performative,0,challenge
performative,0,challenge
performative,0,unboxing
performative,0,game
performative,0,storytime
performative,0,game
performative,0,challenge
performative,0,reaction
performative,1,challenge
performative,0,reaction
performative,0,reaction
performative,0,challenge
performative,0,challenge
performative,0,challenge
performative,1,storytime
performative,0,other
ambiguous,0,challenge
performative,1,reaction
performative,0,challenge
performative,0,other
performative,0,challenge
no_child,0,other
ambiguous,0,other
performative,0,challenge
performative,0,challenge
performative,0,challenge
performative,0,storytime
performative,0,challenge
performative,0,challenge
performative,0,reaction
performative,0,reaction
organic,0,milestone
organic,0,milestone
organic,0,milestone
performative,0,drama
performative,0,reaction
performative,0,gaming
performative,0,challenge
performative,1,storytime
performative,0,reaction
performative,0,challenge
performative,0,reaction
performative,0,reaction
performative,1,challenge
performative,0,reaction
performative,0,reaction
performative,0,live performance
performative,0,challenge
performative,0,challenge
performative,0,challenge
performative,0,challenge
performative,0,storytime
performative,0,challenge
performative,0,reaction
organic,0,milestone
performative,0,reaction
organic,0,travel
performative,0,challenge
performative,0,challenge
organic,0,travel
performative,0,challenge
performative,0,challenge
organic,0,travel
performative,1,challenge
performative,1,challenge
performative,1,challenge
performative,0,drama
performative,0,reaction
performative,0,challenge
performative,0,challenge
organic,0,travel
performative,1,challenge
performative,0,reaction
organic,0,vlog
ambiguous,0,other
performative,0,game
performative,0,challenge
performative,0,game
performative,0,game
performative,0,challenge
organic,0,storytime
performative,0,reaction
performative,0,other
performative,0,toy_play
performative,0,challenge
performative,0,challenge
performative,0,challenge
performative,0,challenge
performative,0,travel
performative,0,competition
performative,0,challenge
performative,0,other
performative,0,game
performative,0,skateboarding
performative,0,challenge
performative,0,challenge
performative,0,challenge
performative,0,challenge
performative,0,challenge
performative,0,unboxing
performative,0,animation
performative,0,animation
performative,0,storytime
performative,0,other
performative,0,milestone
performative,0,other
performative,0,challenge
performative,1,challenge
performative,0,music_dance
performative,0,storytime
performative,0,other
performative,0,challenge
performative,0,challenge
performative,0,challenge
performative,0,other
performative,0,music_dance
performative,0,music_dance
performative,0,challenge
performative,0,storytime
performative,0,other
performative,0,music_dance
ambiguous,0,other
ambiguous,0,other
organic,0,vlog
organic,0,reaction
ambiguous,0,other
organic,0,music_dance
performative,0,fashion
performative,0,music_dance
ambiguous,0,reaction
performative,0,reaction
ambiguous,0,reaction
performative,0,challenge
performative,0,cooking
performative,0,challenge
performative,0,challenge
performative,0,reaction
performative,0,milestone
performative,0,holiday
performative,0,holiday
performative,0,live
ambiguous,0,reaction
performative,0,challenge
organic,0,storytime
performative,0,challenge
performative,0,challenge
performative,0,dance
performative,0,reaction
performative,0,challenge
performative,0,milestone
performative,0,reaction
performative,0,reaction
performative,0,reaction
performative,0,celebration
performative,0,challenge
performative,0,prank
performative,0,challenge
performative,0,reaction
performative,0,dance
performative,0,reaction
performative,0,game
performative,0,reaction
performative,0,challenge
performative,0,reaction
organice,0,travel
performative,0,game
performative,0,reaction
performative,0,reaction
performative,0,reaction
ambiguous,0,other
ambiguous,0,other
ambiguous,0,other
ambiguous,0,other
performative,0,reaction
performative,0,challenge
performative,0,challenge
organic,0,storytime
performative,0,game
organic,0,vlog
performative,0,game
performative,0,reaction
performative,1,prank
performative,0,unboxing
organic,0,game
performative,0,game
performative,0,game
performative,0,challenge
organic,0,vlog
organic,0,milestone
organic,0,other
performative,0,other
performative,0,challenge
performative,0,game
organic,0,storytime
performative,0,animation
organic,0,storytime
performative,0,reaction
performative,0,challenge
performative,0,game
performative,0,challenge
performative,0,vlog
performative,0,travel
performative,0,milestone
organic,0,animation
performative,0,reaction
performative,0,reaction
performative,0,reaction
performative,0,game
organic,0,vlog
performative,0,storytime
performative,0,challenge
performative,0,animation
performative,0,drama
performative,0,toy_play
organic,0,history
performative,0,vlog
performative,0,storytime
performative,0,drama
performative,0,unboxing
performative,0,challenge
performative,0,toy_play
performative,0,reaction
performative,0,animation
organic,0,event
performative,1,challenge
organic,0,vlog
ambiguous,0,storytime
performative,0,challenge
performative,0,challenge
performative,0,challenge
ambiguous,0,vlog
ambiguous,0,reaction
performative,1,challenge
ambiguous,0,animation
performative,0,game
performative,0,challenge
performative,0,challenge
performative,0,challenge
no_child,0,announcement
organic,0,science
performative,0,animation
performative,0,storytime
performative,0,animation
performative,0,roleplay
performative,0,challenge
performative,0,vlog
performative,0,game
performative,0,toy_play
performative,0,unboxing
performative,0,storytime
performative,0,animation
performative,0,game
performative,0,challenge
performative,0,game
performative,0,challenge
performative,0,challenge
embiguous,0,announcement
organic,0,science
performative,0,animation
performative,0,storytime
performative,0,game
performative,0,roleplay
performative,0,challenge
performative,0,vlog
performative,0,game
performative,0,toy_play
performative,0,unboxing
performative,0,storytime
performative,0,animation
performative,0,challenge
performative,1,challenge
performative,0,vlog
performative,0,game
performative,0,battle
performative,0,challenge
organic,0,vlog
performative,0,challenge
performative,0,adventure
performative,0,game
performative,0,challenge
organic,0,vlog
organic,0,milestone
organic,0,adventure
organic,0,vlog
performative,0,challenge
performative,0,challenge
performative,0,reaction
organic,0,game
performative,0,reaction
performative,0,challenge
performed,0,drama
performative,0,storytime
organic,0,game
performative,0,challenge
performative,0,toy_play
organic,0,vlog
performative,0,challenge
performative,0,challenge
performative,0,contest
performative,0,challenge
performative,0,challenge
performative,0,challenge
performative,0,challenge
performative,0,play
performative,0,game
performative,0,reaction
performative,0,reaction
performative,0,adventure
performative,0,game
performative,0,reaction
performative,0,reaction
organic,0,adventure
organic,0,milestone
performative,0,minecraft
performative,0,game
organic,0,fantasy
performative,0,minecraft
performative,0,sports
performative,0,event
performative,0,adventure
performative,0,minecraft
performative,0,challenge
performative,0,play
performative,0,game
organic,0,toy_play
performative,0,unboxing
performative,0,challenge
performative,0,tutorial
performative,0,drama
performative,0,unboxing
performative,0,unboxing
performative,0,reaction
no_child,0,milestone
no_child,0,milestone
performative,0,challenge
performative,0,challenge
performative,0,challenge
performative,0,challenge
performative,0,travel
performative,0,game
performative,0,challenge
performative,0,challenge
performative,0,challenge
performative,0,milestone
performative,0,challenge
performative,0,play
performative,0,storytime
performative,0,challenge
performative,0,milestone
performative,0,challenge
performative,0,drama
performative,0,milestone
performative,0,challenge
performative,0,game
performative,0,toy_play
performative,0,milestone
performative,0,storytime
performative,0,challenge
performative,0,quiz
performative,0,challenge
performative,0,travel
performative,0,challenge
performative,0,other
performative,0,other
performative,0,challenge
performative,0,travel
performative,0,challenge
performative,0,other
performative,0,other
performative,0,other
performative,0,reaction
performative,0,reaction
ambiguous,0,other
organic,0,vlog
organic,0,medical
performative,0,game
performative,0,reaction
organic,0,vlog
performative,1,drama
organic,0,tutorial
performative,0,drama
organic,0,medical
performative,0,challenge
organic,0,tutorial
performative,0,challenge
performative,0,game
performative,0,dance
organic,0,storytime
performative,0,toy_play
performative,0,toy_play
performative,0,toy_play
performative,0,game
performative,0,challenge
performative,0,challenge
performative,0,challenge
performative,0,challenge
performative,0,game
performative,0,challenge
performative,0,game
performative,0,challenge
performative,0,game
performative,0,challenge
performative,0,challenge
performative,0,game
performative,0,game
performative,0,challenge
performative,0,challenge
performative,0,challenge
performative,0,challenge
performative,0,challenge
performative,0,milestone
organic,0,holiday
organic,0,milestone
performative,1,drama
performative,1,drama
performative,0,reaction
performative,0,reaction
performative,0,reaction
performative,1,drama
performative,0,reaction
performative,0,reaction
performative,1,drama
ambiguous,0,other
performative,0,game
performative,0,prank
organic,0,vlog
organic,0,educational
performative,0,prank
performative,0,announcement
performative,0,roleplay
performative,0,prank
performative,0,game
performative,0,prank
performative,0,game
performative,0,challenge
performative,0,challenge
organic,0,vlog
"organ... (truncated, but I will continue similarly for all 50 items)",0,other
ambiguous,0,other
ambiguous,0,other
ambiguous,0,other
ambiguous,0,other
ambiguous,0,other
ambiguous,0,other
ambiguous,0,other
ambiguous,0,other
ambiguous,0,other
ambiguous,0,other
ambiguous,0,other
ambiguous,0,other
ambiguous,0,other
ambiguous,0,other
ambiguous,0,other
ambiguous,0,other
ambiguous,0,other
ambiguous,0,other
ambiguous,0,other
ambiguous,0,other
ambiguous,0,other
ambiguous,0,other
ambiguous,0,other
ambiguous,0,other
ambiguous,0,other
ambiguous,0,other
ambiguous,0,other
ambiguous,0,other
ambiguous,0,other
ambiguous,0,other
ambiguous,0,other
ambiguous,0,other
ambiguous,0,other
ambiguous,0,other
ambiguous,0,other
performative,0,challenge
performative,0,game
organic,0,educational
performative,0,challenge
performative,0,challenge
performative,0,challenge
performative,0,challenge
performative,0,challenge
ambiguous,0,other
organic,0,vlog
organic,0,milestone
organic,0,milestone
organic,0,milestone
organic,0,milestone
performative,0,milestone
performative,0,animation
performative,0,storytime
performative,0,other
performative,0,challenge
performative,0,challenge
performative,0,challenge
performative,0,challenge
performative,0,challenge
performative,0,challenge
performative,0,challenge
performative,0,challenge
performative,0,storytime
performative,0,challenge
performative,0,challenge
performative,0,roleplay
performative,0,roleplay
performative,0,challenge
performative,0,challenge
performative,0,challenge
performative,0,challenge
performative,0,challenge
performative,0,challenge
performative,0,challenge
performative,0,challenge
performative,0,challenge
performative,0,milestone
performative,0,challenge
performative,0,challenge
performative,0,challenge
performative,0,challenge
performative,0,challenge
performative,0,challenge
performative,0,challenge
performative,0,challenge
performative,0,milestone
performative,0,challenge
performative,0,storytime
performative,0,challenge
organic,0,travel
performative,0,craft
performative,0,prank
performative,0,reaction
performative,0,quiz
organic,0,education
performative,0,challenge
performative,0,challenge
performative,0,challenge
performative,0,challenge
performative,0,challenge
performative,0,challenge
performative,0,prank
performative,0,game
organic,0,storytime
organic,0,animation
organic,0,animation
performative,0,plot
organic,0,action
performative,0,action
performative,0,challenge
performative,0,challenge
performative,0,action
performative,0,action
performative,0,action
performative,0,action
performative,0,action
performative,0,action
performative,0,animation
performative,1,animation
performative,0,action
performative,0,animation
performative,0,drama
performative,1,storytime
performative,1,action
performative,1,action
performative,0,reaction
performative,0,unboxing
performative,0,milestone
performative,0,milestone
performative,0,milestone
performative,0,milestone
performative,0,milestone
performative,0,announcement
performative,0,announcement
performative,0,announcement
performative,0,announcement
performative,0,storytime
performative,0,storytime
organic,0,announcement
organic,0,announcement
organic,0,announcement
organica,0,challenge
performative,0,storytime
organic,0,ranking
no_child,0,announcement
performative,0,announcement
performative,0,adventure
organic,0,adventure
performative,0,challenge
performative,0,adventure
performative,0,battle
performative,0,adventure
performative,0,DIY
performative,0,giveaway
performative,0,announcement
performative,0,challenge
performative,0,battle
performative,0,collab
organica,0,collab
performative,0,storytime
organica,0,game
performative,0,challenge
performative,0,challenge
organica,0,countdown
performative,0,battle
performative,0,challenge
performative,0,challenge
performative,0,challenge
performative,0,storytime
performative,0,competition
performative,0,battle
performative,0,challenge
performative,0,announcement
performative,0,storytime
performative,0,adventure
performative,0,challenge
performative,0,adventure
performative,0,storytime
performative,0,adventure
performative,0,storytime
performative,0,adventure
performative,0,adventure
performative,0,storytime
ambiguous,0,other
ambiguous,0,other
ambiguous,0,other
organic,0,storytime
organic,0,game
organic,0,game
performative,0,unboxing
performative,0,craft
ambiguous,0,animation
performative,0,storytime
performative,0,prank
performative,0,reaction
performative,0,adventure
performative,0,adventure
organic,0,storytime
performative,0,action
performative,0,adventure
performative,0,action
performative,0,challenge
performative,0,storytime
performative,0,challenge
performative,0,adventure
performative,0,adventure
performative,0,adventure
performative,0,adventure
performative,0,adventure
organic,0,storytime
performative,0,adventure
performative,0,adventure
organic,0,storytime
performative,0,adventure
performative,0,adventure
performative,0,adventure
performative,0,adventure
performative,0,adventure
organizational,0,music_dance
performative,0,challenge
performative,0,challenge
performative,0,music_dance
performative,0,challenge
performative,0,challenge
performative,0,challenge
performative,0,challenge
performative,0,challenge
performative,0,challenge
performative,0,challenge
performative,0,reaction
performative,1,prank
performative,1,animation
performative,0,storytime
performative,1,reaction
performative,1,animation
organics,0,science
organicl,0,storytime
organicl,0,storytime
performative,0,game
performative,0,documentary
performative,0,challenge
performative,0,challenge
performative,0,reaction
organic,0,educational
performative,0,skateboarding
performative,0,animation
performative,0,challenge
organicl,0,travel
organicl,0,tutorial
performative,0,reaction
performative,0,reaction
performative,0,challenge
performative,0,adventure
performative,0,monster
performative,0,adventure
performative,0,storytime
performative,0,storytime
performative,0,vlog
performative,0,exploration
organicl,0,exploration
performative,0,animation
performative,0,unboxing
performative,0,challenge
performative,0,challenge
performative,0,experiment
performative,0,toy_play
performative,0,challenge
performative,0,toy_play
organicl,0,travel
organicl,0,informative
performative,0,storytime
performative,0,challenge
performative,0,prank
performative,0,toy_play
performative,0,adventure
performative,0,animation
performative,0,adventure
performative,0,challenge
performative,0,other
performative,0,prank
performative,0,challenge
performative,0,reaction
performative,1,challenge
ambiguous,0,other
ambiguous,0,other
ambiguous,0,other
organic,0,storytime
organic,0,announcement
performative,0,prank
organic,0,trailer
organic,0,travel
organic,0,contest
organic,0,business
performative,0,challenge
performative,0,exploration
organic,0,science
organic,0,science
performative,0,reaction
organic,0,clip
performative,0,game
organic,0,cooking
performative,0,challenge
organic,0,unboxing
organic,0,science
performative,0,explanation
performative,0,battle
performative,0,challenge
performative,0,challenge
performative,0,challenge
performative,0,game
performative,0,challenge
organic,0,celebration
performative,0,challenge
organic,0,animation
performative,0,game
performative,0,challenge
performative,0,game
performative,0,challenge
performative,0,game
performative,0,challenge
performative,0,jenga
performative,0,challenge
performative,0,experiments
performative,0,challenge
performative,0,exploration
performative,0,challenge
performative,0,challenge
performative,0,challenge
performative,0,challenge
performative,0,challenge
organic,0,family_outdoors
organic,0,tutorial
performative,0,challenge
performative,0,challenge
performative,0,challenge
performative,0,challenge
organic,0,milestone
organic,0,storytime
performative,0,challenge
performative,0,prank
performative,0,challenge
organic,0,vlog
performative,0,challenge
organic,0,milestone
organic,0,educational
performative,0,prank
performative,0,roleplay
performative,0,challenge
performative,0,challenge
performative,0,game
performative,0,prank
performative,0,prank
organic,0,educational
performative,0,milestone
organic,0,challenge
organic,0,challenge
performative,0,challenge
organic,0,milestone
organix,0,challenge
performative,0,challenge
performative,0,challenge
performative,0,milestone
organix,0,challenge
performative,0,challenge
performative,0,game
performative,0,challenge
organix,0,challenge
performative,0,game
organix,0,challenge
performative,0,challenge
performative,0,challenge
organix,0,challenge
performative,0,milestone
organix,0,challenge
performative,0,challenge
performative,0,challenge
organix,0,milestone
performative,0,challenge
performative,0,challenge
performative,0,milestone
performative,0,milestone
performative,0,challenge
performative,0,reaction
performative,0,toy_play
organic,0,educational
performative,0,challenge
ambiguous,0,storytime
performative,0,challenge
performative,0,toy_play
performative,0,storytime
performative,0,tutorial
performative,0,tutorial
performative,0,tutorial
performative,0,tutorial
performative,0,challenge
performative,0,tutorial
ambiguous,0,reaction
performative,0,toy_play
performative,0,science
performative,0,challenge
performative,0,challenge
performative,0,challenge
performative,0,challenge
performative,0,challenge
performative,0,game
performative,0,challenge
performative,0,challenge
performative,0,challenge
performative,0,challenge
performative,0,game
performative,0,storytime
performative,0,science
performative,0,science
performative,0,science
performative,0,science
performative,0,challenge
performative,0,challenge
performative,0,challenge
performative,0,challenge
performative,0,challenge
performative,0,challenge
performative,0,obstacle
performative,0,obstacle
performative,0,storytime
performative,0,challenge
performative,0,reaction
performative,0,challenge
performative,0,reaction
performative,0,milestone
performative,0,reaction
performative,0,reaction
performative,0,storytime
performative,0,reaction
performative,0,reaction
performative,0,reaction
performative,0,reaction
performative,0,challenge
performative,0,challenge
organic,0,animation
organic,0,vlog
performative,0,storytime
performative,0,storytime
performative,0,pretend_play
organic,0,educational
performative,0,science_experiment
performative,0,challenge
performative,0,challenge
organic,0,animation
performative,0,adventure
performative,0,pretend_play
performative,0,challenge
performative,0,challenge
performative,0,challenge
organioic,0,adventure
performative,0,pretend_play
performative,0,challenge
performative,0,challenge
performative,0,challenge
performative,0,game
organioic,0,storytime
performative,0,science_experiment
performative,0,challenge
performative,1,reaction
performative,0,challenges
performative,0,challenge
organic,0,adventure
performative,0,pretend_play
performative,0,challenge
organioic,0,vlog
organioic,0,science_experiment
performative,0,reaction
performative,0,celebration
organioic,0,celebration
organioic,0,pretend_play
organioic,0,science_experiment
performative,1,pretend_play
organioic,0,science_experiment
performative,0,pretend_play
performative,0,adventure
organioic,0,celebration
performative,0,holiday
organioic,0,holiday
performative,0,build
performative,0,science_experiment
organioic,0,holiday
performative,0,storytime
performative,0,challenge
organic,0,animation
performative,0,challenge
performative,0,roleplay
performative,0,challenge
performative,0,game
performative,0,game
performative,0,challenge
performative,0,challenge
performative,0,shortsvideo
performative,0,challenge
organic,0,animation
organic,0,vlog
performative,0,challenge
organic,0,challenge
organic,0,workout
organic,0,other
organic,0,adventure
performative,0,adventure
performative,0,play
performative,0,storytime
performative,0,shortsvideo
performative,0,vlog
organic,0,trailer
organic,0,adventure
performative,0,play
performative,0,animation
performative,0,music_dance
organic,0,series
performative,0,adventure
performative,0,water_experiment
performative,0,challenge
performative,0,challenge
organic,0,workout
organic,0,educational
organic,0,animation
performative,0,toy_play
performative,0,mythical
performative,0,race
performative,0,challenge
performative,0,adventure
performative,0,toy_play
performative,0,challenge
performative,0,pirate
performative,0,race
organic,0,medical
organ in,0,other
ambiguous,0,other
ambiguous,0,other
ambiguous,0,other
performative,0,challenge
performative,0,experiment
performative,0,storytime
performative,0,challenge
performative,0,shorts
performative,0,animation
performative,0,challenge
performative,0,challenge
performative,0,challenge
performative,0,storytime
organic,0,explainer
organic,0,announcement
performative,0,challenge
performative,0,challenge
performative,0,challenge
organic,0,milestone
performative,0,adventure
performative,0,adventure
organic,0,adventure
performative,0,storytime
performative,0,storytime
performative,0,storytime
performative,0,pretend play
performative,0,challenge
performative,0,challenge
performative,0,challenge
organic,0,how-to
no_child,0,advice
performative,0,challenge
performative,0,animation
performative,0,challenge
performative,0,challenge
performative,0,reaction
performative,0,challenge
performative,0,reaction
performative,0,adventure
performative,0,adventure
performative,0,challenge
performative,0,challenge
performative,0,challenge
performative,0,challenge
performative,0,challenge
performative,0,storytime
performative,0,announcement
performative,0,challenge
performative,0,challenge
performative,0,challenge
performative,0,challenge
ambiguous,0,other
ambiguous,0,other
organic,0,travel
organic,0,animation
performative,0,challenge
ambiguous,0,tutorial
performative,0,tutorial
performative,0,tutorial
performative,0,challenge
performative,0,challenge
organic,0,visit
ambiguous,0,other
performative,0,challenge
organic,0,visit
organic,0,storytime
organic,0,milestone
organic,0,music_dance
performative,0,music_dance
performative,0,storytime
performative,0,challenge
performative,0,challenge
performative,0,challenge
performative,0,tutorial
performative,0,challenge
performative,0,action
performative,0,animation
performative,0,animation
performative,0,animation
performative,0,reaction
performative,0,challenge
performative,0,unboxing
performative,0,challenge
ambiguous,0,other
ambiguous,0,milestone
no_child,0,music_dance
performative,0,storytime
performative,0,tutorial
performative,0,reaction
performative,0,storytime
performative,0,unboxing
performative,0,challenge
performative,0,challenge
performative,0,challenge
performative,0,game
performative,0,animation
performative,0,storytime
performative,0,animation
performative,0,other
ambiguous,0,other
no_child,0,animation
ambiguous,0,other
ambiguous,0,other
performative,0,unboxing
performative,0,storytime
organic,0,science_experiment
performative,0,storytime
organic,0,milestone
organic,0,music_dance
performative,0,roleplay
performative,0,game
performative,0,tutorial
performative,0,tutorial
performative,0,storytime
organic,0,music_dance
performative,0,challenge
performative,0,challenge
performative,0,challenge
organic,0,milestone
performative,0,game
performative,0,storytime
organic,0,vlog
performative,0,animation
performative,0,challenge
performative,0,game
performative,0,storytime
organic,0,reaction
performative,0,tour
organic,0,adventure
performative,0,milestone
organic,0,science_experiment
organic,0,tutorial
performative,0,milestone
organic,0,announcement
performative,0,unboxing
performative,0,roleplay
performative,0,reaction
organic,0,storytime
organic,0,travel
performative,0,challenge
organically,0,vlog
organic,0,milestone
performative,0,drama
performative,1,challenge
performative,0,reaction
performative,0,challenge
performative,0,storytime
performative,1,challenge
performative,0,challenge
ambiguous,0,other
ambiguous,0,other
ambiguous,0,other
ambiguous,0,other
organic,0,informational
performative,0,challenge
performative,0,unboxing
performative,0,game
organic,0,vlog
performative,0,search
performative,0,reaction
performative,0,reaction
performative,0,quiz
performative,0,challenge
performative,0,challenge
organic,0,milestone
organic,0,tutorial
performative,0,game
performative,0,challenge
performative,0,challenge
performative,0,science experiment
organic,0,milestone
performative,0,pretend play
performative,0,challenge
performative,0,challenge
no_child,0,update
performative,0,challenge
organic,0,travel
organic,0,milestone
performative,0,play
performative,0,travel
performative,0,storytime
performative,0,challenge
performative,0,scientific
performative,0,game
performative,0,challenge
organic,0,milestone
organic,0,trip
organic,0,science
organic,0,trip
performative,0,game
performative,0,challenge
passive,0,tour
performative,0,game
performative,0,challenge
performative,0,challenge
performative,0,challenge
performative,0,milestone
performative,0,storytime
performative,0,challenge
no_child,0,announcement
performative,0,tour
ambiguous,0,other
ambiguous,0,other
performative,0,reaction
organic,0,travel
performative,0,reaction
performative,0,challenge
organic,0,travel
performative,0,game
performative,0,music_dance
performative,0,reaction
organic,0,vlog
performative,0,announcement
performative,0,tutorial
performative,0,science
performative,0,challenge
performative,0,hero
organic,0,routine
performative,0,reaction
performative,0,announcement
organic,0,milestone
organic,0,educational
performative,0,science
performative,0,reaction
performative,0,toy_play
performative,0,challenge
performative,0,game
performative,0,challenge
performative,0,toy_play
performative,0,challenge
organic,0,milestone
organic,0,garden
performative,0,challenge
performative,0,game
performative,0,reaction
performative,0,challenge
performative,0,toy_play
organic,0,vlog
performative,0,adventure
organic,0,travel
performative,0,adventure
organic,0,tour
performative,0,adventure
performative,0,experiment
performative,0,adventure
performative,0,animation
performative,0,adventure
ambiguous,0,other
ambiguous,0,other
ambiguous,0,other
ambiguous,0,other
ambiguous,0,other
ambiguous,0,other
organic,0,travel
performative,0,challenge
performative,0,unboxing
organic,0,milestone
performative,0,game
organic,0,news
performative,0,unboxing
organic,0,educational
performative,0,milestone
performative,0,game
organic,0,adventure
organic,0,milestone
performative,0,challenge
performative,0,challenge
organic,0,myth
performative,0,challenge
performative,0,challenge
performative,0,play
performative,0,challenge
performative,0,challenge
performative,0,challenge
performative,0,play
performative,0,tutorial
organic,0,adventure
organic,0,milestone
performative,0,challenge
performative,0,challenge
organic,0,toystory
performative,0,tutorial
performative,0,challenge
performative,0,reaction
organic,0,educational
performative,0,challenge
performative,0,adventure
performative,1,drama
performative,0,play
organic,0,event
performative,0,adventure
performative,0,milestone
performative,0,challenge
performative,0,fun
organico,0,adventure
performative,1,storytime
organic,0,event
performative,0,toymaking
performative,0,challenge
performative,0,event
ambiguous,0,other
ambiguous,0,other
ambiguous,0,other
organic,0,milestone
performative,0,challenge
organic,0,travel
performative,0,tutorial
performative,0,challenge
performative,0,special
performative,0,roleplay
organic,0,milestone
performative,0,challenge
organic,0,myth/learning
organic,0,education
performative,0,adventure
performative,0,challenge
performative,0,mystery
performative,0,science
performative,0,education
performative,0,DIY
performative,0,tech
performative,0,art/drawing
performative,0,superhero
performative,0,adventure
performative,0,toy hunt
performative,0,superhero
performative,0,music_dance
performative,0,adventure
performative,0,music_dance
performative,0,challenge
performative,0,science
performative,0,superhero
performative,0,sci-fi
performative,0,superhero
performative,0,adventure
performative,0,storytime
performative,0,challenge
performative,0,reaction
performative,0,educational
performative,0,art/drawing
performative,0,tutorial
performative,0,milestone
performative,0,gaming
performative,0,adventure
performative,0,superhero
performative,0,toy_play
performative,0,fantasy
performative,0,science
performative,0,adventure
performative,0,space adventure
ambiguous,0,other
ambiguous,0,other
ambiguous,0,other
organic,0,learning
organic,0,game
performative,0,challenge
organic,0,drawing
performative,0,challenge
performative,0,challenge
performative,0,challenge
performative,0,challenge
organic,0,drawing
performative,0,game
performative,0,game
organic,0,educational
performative,0,challenge
organic,0,educational
performative,0,challenge
performative,0,ninja show
performative,0,toy_play
performative,0,game
performative,0,challenge
organic,0,app gameplay
performative,0,challenge
performative,0,challenge
performative,0,science experiment
organic,0,travel
performative,0,family adventure
performative,0,tour
organic,0,routine
performative,0,game
organic,0,family travel
performative,0,challenge
performative,0,reaction
performative,0,detective story
organic,0,studio tour
performative,0,family adventure
performative,0,tour
organic,0,routine
performative,0,prank
performative,0,maze
performative,0,amusement park
performative,0,gaming
organic,0,home routine
performative,0,pretend play
performative,0,challenge
performative,0,challenge
performative,0,trick
performative,0,pretend play
performative,0,challenge
performative,0,routine
performative,0,robot demonstration
ambiguous,0,other
performative,0,challenge
performative,0,challenge
performative,0,vlog
performative,0,roleplay
performative,0,roleplay
performative,0,roleplay
performative,0,storytime
performative,0,challenge
performative,0,unboxing
performative,0,vlog
performative,0,challenge
performative,0,challenge
performative,0,game
performative,0,challenge
organic,0,milestone
performative,0,tutorial
performative,0,roleplay
performative,0,game
performative,0,reaction
performative,1,roleplay
performative,0,prank
performative,0,storytime
performative,0,challenge
performative,0,game
performative,0,challenge
performative,0,game
performative,0,prank
performative,0,vlog
performative,0,play
performative,0,game
performative,0,puzzle
performative,0,challenge
performative,0,reaction
performative,0,vlog
performative,0,roleplay
performative,0,storytime
performative,0,roleplay
performative,0,animation
performative,0,game
performative,0,roleplay
performative,0,game
organice,0,game
performative,0,puzzle
performative,1,drama
organic,0,reaction
organice,0,milestone
organic,0,lesson
organice,0,animation
organic,0,travel
performative,0,unboxing
performative,0,challenge
organic,0,science
performative,0,challenge
performative,0,game
performative,0,challenge
organic,0,vlog
organic,0,vlog
organic,0,milestone
performative,0,challenge
organic,0,travel
organic,0,science
performative,0,game
organic,0,ninja
organic,0,ninja
performative,0,challenge
organic,0,travel
organic,0,science
performative,0,pretend_play
organic,0,travel
organic,0,travel
organic,0,tour
organic,0,science
organic,0,science
organic,0,science
organic,0,milestone
organic,0,milestone
performative,0,storytime
organic,0,science
performative,0,challenge
organic,0,travel
performative,0,science
organic,0,science
performative,0,science
performative,0,science
organic,0,science
organic,0,science
performative,0,pretend_play
organic,0,travel
organic,0,travel
organic,0,pretend_play
organic,0,science
performative,0,challenge
organic,0,art
organic,0,science
organic,0,announcement
performative,0,challenge
ambiguous,0,other
ambiguous,0,other
ambiguous,0,other
ambiguous,0,other
performative,0,milestone
organic,0,milestone
game,0,game
performative,0,announcement
performative,0,storytime
organic,0,educational
game,0,game
performative,0,storytime
performative,1,storytime
performative,0,roleplay
performative,0,party
performative,0,storytime
game,0,game
game,0,game
educational,0,educational
performative,0,challenge
organic,0,milestone
performative,0,challenge
performative,0,challenge
performative,0,science
performative,0,science
performative,0,science
performative,0,science
performative,0,science
performative,0,science
performative,0,science
performative,0,storytime
performative,0,challenge
performative,0,special
performative,0,event
performative,0,challenge
performative,0,game
performative,0,toy_play
performative,0,game
performative,0,game
performative,0,science
performative,0,special
performative,0,game
performative,0,challenge
performative,0,reaction
performative,0,educational
performative,0,pretend play
performative,0,challenge
performative,0,educational
performative,0,educational
ambiguous,0,other
ambiguous,0,other
ambiguous,0,other
ambiguous,0,other
ambiguous,0,other
organic,0,vlog
organic,0,reaction
performative,0,game
performative,0,reaction
organic,0,travel
performative,0,storytime
performative,0,challenge
performative,0,storytime
organic,0,educational
performative,0,pretend play
performative,0,storytime
organic,0,game
performative,0,prank
organic,0,travel
organic,0,educational
organic,0,educational
organic,0,educational
performative,0,amusement
performative,0,animation
performative,0,pretend play
performative,0,storytime
organic,0,science
organic,0,educational
performative,0,challenge
organic,0,educational
performative,0,science
organic,0,educational
performative,0,pretend play
performative,0,toy_play
performative,0,educational
organic,0,fashion
organic,0,educational
performative,0,pool
organic,0,educational
performative,0,pretend play
performative,0,toy_play
performative,0,challenge
performative,0,storytime
performative,0,reaction
performative,0,storytime
organic,0,educational
organic,0,educational
performative,0,science
performative,0,science
performative,0,challenge
performative,0,game
ambiguous,0,other
ambiguous,0,other
ambiguous,0,other
ambiguous,0,other
performative,0,challenge
organic,0,vlog
performative,0,roleplay
performative,0,adventure
performative,0,game
organic,0,farm
organic,0,tutorial
performative,0,storytime
performative,0,roleplay
organic,0,science
organic,0,vlog
performative,0,travel
performative,0,challenge
organic,0,game
performative,0,challenge
performative,0,game
performative,0,board game
performative,0,combat game
organic,0,tutorial
performative,0,board game
performative,0,roleplay
performative,0,board game
organic,0,storytime
organic,0,learning
organic,0,science
organic,0,science
organic,0,art
performative,0,challenge
performative,0,travel
performative,0,game
performative,0,challenge
performative,0,reaction
performative,0,science
organic,0,science
organic,0,art
performative,0,challenge
organic,0,reaction
performative,0,announcement
performative,0,milestone
performative,0,travel
performative,0,challenge
performative,0,challenge
performative,0,challenge
performative,0,challenge
ambiguous,0,other
ambiguous,0,other
ambiguous,0,other
ambiguous,0,other
ambiguous,0,other
ambiguous,0,other
organic,0,tutorial
organic,0,unboxing
organic,0,science
organic,0,event
performative,0,pretend play
performative,0,board game
performative,0,unboxing
performative,0,challenge
organic,0,vlog
organic,0,animation
organic,0,tutorial
performative,0,roleplay
performative,0,roleplay
performative,0,adventure
performative,0,drive-thru
organic,0,science
performative,0,travel
organic,0,science
organic,0,vlog
performative,0,hair/doodle
performative,0,DIY
performative,0,challenge
performative,0,game
performative,0,science
performative,0,science
performative,0,kids cooking
performative,0,adventure
organic,0,educational
performative,0,challenge
performative,0,science
performative,0,DIY
performative,0,science
organic,0,tour
performative,0,reaction
performative,0,challenge
performative,0,game
performative,0,cooking
performative,0,adventure
performative,0,robot
performative,0,robot
organic,0,playground
organic,0,play
no_child,0,channel
performative,0,challenge
performative,0,adventure
performative,0,landmark
performative,0,animal
organic,0,science
performative,0,escape room
performative,0,challenge
organic,0,experiment
organic,0,storytime
organic,0,learning
performative,0,storytime
performative,0,storytime
performative,0,roleplay
organic,0,experiment
performative,0,experiment
performative,0,adventure
performative,0,experiment
performative,0,experiment
organic,0,learning
organic,0,learning
organic,0,learning
performative,0,pretend play
performative,0,challenge
performative,0,challenge
organic,0,experiment
performative,0,hunt
performative,0,pretend play
organic,0,learning
performative,0,challenge
performative,0,game
organic,0,milestone
performative,0,celebration
performative,0,pretend play
performative,0,challenge
performative,0,challenge
performative,0,game
performative,0,challenge
organic,0,learning
performative,0,storytime
performative,0,learning
organic,0,learning
performative,0,learning
performative,0,challenge
performative,0,challenge
performative,0,game
performative,0,challenge
performative,0,reaction
performative,0,unboxing
performative,0,pretend play
performative,0,pretend play
performative,0,storytime
performative,0,pretend play
performative,0,challenge
performative,0,game
performative,0,challenge
performative,0,reaction
performative,0,unboxing
organic,0,vlog
performative,0,roleplay
organic,0,milestone
performative,0,game
performative,0,tutorial
organic,0,announcement
performative,0,challenge
performative,0,storytime
performative,0,tutorial
performative,0,roleplay
organic,0,milestone
performative,0,challenge
performative,0,challenge
performative,0,roleplay
performative,0,game
performative,0,reaction
performative,0,game
performative,0,activity
organice,0,workout
organic,0,milestone
performative,0,challenge
performative,0,science experiment
performative,0,science experiment
organic,0,milestone
performative,0,event
performative,0,science experiment
performative,0,storytime
performative,0,game
performative,0,challenge
performative,0,dance
performative,0,fantasy
performative,0,drama
organice,0,milestone
performative,0,science
performative,0,science
performative,0,adventure
performative,0,challenge
performative,0,roleplay
performative,0,milestone
performative,0,roleplay
performative,0,toy_play
performative,0,challenge
performative,0,storytime
performative,0,challenge
performative,0,song
organice,0,educational
performative,0,science
performative,0,challenge
performative,0,roleplay
performative,0,exercise
organic,0,storytime
performative,0,challenge
performative,0,toy_play
performative,0,storytime
performative,0,roleplay
performative,0,adventure
performative,0,adventure
performative,0,tutorial
performative,0,tutorial
performative,0,challenge
performative,0,adventure
performative,0,adventure
organic,0,vlog
performative,0,storytime
performative,0,science
performative,0,challenge
performative,0,challenge
performative,0,challenge
performative,0,challenge
performative,0,challenge
performative,0,pretend_play
performative,0,challenge
performative,0,pretend_play
performative,0,pretend_play
performative,0,drama
performative,0,pretend_play
performative,0,toy_play
performative,0,pretend_play
performative,0,drama
organicc,0,challenge
performative,0,pretend_play
performative,0,other
performative,0,toy_play
performative,0,challenge
performative,0,pretend_play
performative,0,challenge
performative,0,pretend_play
performative,0,reaction
performative,0,pretend_play
performative,0,challenge
performative,0,game
performative,0,challenge
performative,0,pretend_play
performative,0,pretend_play
performative,0,travel
performative,0,pretend_play
performative,0,milestone
performative,0,game
performative,0,challenge
performative,0,toy_play
organic,0,tutorial
organic,0,roleplay
performative,0,challenge
performative,0,vlog
performative,0,game
performative,0,roleplay
performative,0,challenge
organic,0,tutorial
performative,0,science
performative,0,roleplay
performative,0,craft
performative,0,roleplay
performative,0,science
organice,0,art
performative,0,science
performative,0,science
performative,0,roleplay
organice,0,playground
organice,0,roleplay
performative,0,game
performative,0,game
performative,0,game
organice,0,educational
performative,0,unboxing
performative,0,unboxing
performative,0,adventure
organice,0,exploration
performative,0,challenge
performative,0,storytime
performative,0,science
performative,0,challenge
performative,0,storytime
performative,0,challenge
performative,0,learning
performative,0,challenge
organice,0,roleplay
performative,0,play
performative,0,game
performative,0,challenge
performative,0,science
performative,0,roleplay
performative,0,learning
performative,0,storytime
performative,0,painting
performative,0,game
performative,0,challenge
performative,0,science
performative,0,painting
performative,0,education
performative,0,interview
performative,0,storytime
performative,0,game
organic,0,educational
performative,0,game
performative,0,challenge
performative,0,roleplay
performative,0,challenge
organic,0,educational
organic,0,interview
performative,0,roleplay
organic,0,tutorial
organic,0,science
organic,0,science
organic,0,activities
organic,0,vlog
organic,0,milestone
performative,0,science
performative,0,music_dance
performative,0,roleplay
performative,0,vlog
organic,0,storytime
organic,0,milestone
performative,0,challenge
organic,0,science
organic,0,science
organic,0,adventure
organico,0,milestone
organic,0,educational
organic,0,science
organic,0,educational
performative,0,roleplay
organic,0,routine
organic,0,science
performative,0,roleplay
performative,0,science
performative,0,reaction
performative,0,challenge
performative,0,roleplay
performative,0,educational
performative,0,roleplay
performative,0,adventure
organic,0,vlog
organic,0,storytime
performative,0,game
performative,0,roleplay
performative,0,science
performative,0,science
performative,0,challenge
performative,0,game
organic,0,educational
organic,0,storytime
performative,0,tutorial
performative,0,music_dance
performative,0,roleplay
performative,0,cooking
performative,0,reaction
organic,0,vlog
organic,0,haul
performative,0,prank
performative,0,science
performative,0,science
performative,0,reaction
performative,0,science
performative,0,science
performative,0,science
organic,0,education
performative,0,fun
performative,0,challenge
performative,0,game
performative,0,toy_play
performative,0,superhero
performative,0,storytime
performative,0,cooking
performative,0,cooking
performative,0,science
performative,0,science
performative,0,science
organic,0,routine
performative,0,challenge
performative,0,game
performative,0,roleplay
performative,0,challenge
organic,0,travel
performative,0,game
performative,0,game
performative,0,science
performative,0,science
performative,0,challenge
performative,0,pretend_play
no_child,0,channel_intro
performative,1,pretend_play
performative,0,game
performative,0,storytime
performative,0,pretend_play
performative,0,vlog
performative,0,challenge
performative,0,medical
performative,0,milestone
performative,0,travel
performative,0,toy_play
organic,0,music_dance
organic,0,storytime
performative,0,game
performative,0,challenge
performative,0,challenge
performative,0,science
organic,0,music_dance
performative,0,science
performative,0,game
storytime,0,animation
performative,0,pretend_play
performative,0,educational
performative,0,vehicle_play
performative,0,craft
performative,0,arts_and_caint
performative,0,pretend_play
organic,0,science
organic,0,environment
performative,0,reaction
performative,0,game
organic,0,storytime
performative,0,pretend_play
performative,0,arts_and_caint
performative,0,challenge
performative,0,reaction
performative,0,pretend_play
performative,0,shopping/roleplay
performative,0,pretend_play
performative,0,pretend_play
performative,0,games
performative,0,prank
performative,0,pretend_play
performative,0,pretend_play
performative,0,pretend_play
performative,0,unboxing
performative,0,challenge
performative,0,pretend_play
performative,0,visit
performative,0,game
performative,0,pretend_play
performative,0,reaction
performative,0,pretend_play
performative,0,pretend_play
performative,0,pretend_play
performative,0,science
performative,0,science
performative,0,science
performative,0,science
performative,0,science
performative,0,science
organic,0,science_experiment
performative,0,roleplay
organic,0,vlog
organic,0,science_experiment
performative,0,roleplay
organic,0,music_dance
performative,0,challenge
organic,0,science_experiment
performative,0,roleplay
performative,0,roleplay
organic,0,vlog
ambiguous,0,announcement
performative,0,challenge
organic,0,vlog
organic,0,game
organic,0,milestone
performative,0,roleplay
performative,0,challenge
performative,0,roleplay
performative,0,challenge
performative,0,challenge
organic,0,educational
performative,0,roleplay
performative,0,challenge
organic,0,science_experiment
performative,0,roleplay
organic,0,science_experiment
organic,0,science_experiment
performative,0,roleplay
performative,0,science_experiment
performative,0,roleplay
organic,0,science_experiment
organic,0,science_experiment
performative,0,roleplay
performative,0,science_experiment
organic,0,science_experiment
performative,0,roleplay
performative,0,roleplay
ambiguous,0,storytime
organic,0,science_experiment
organic,0,vlog
performative,0,play
performative,0,game
organic,0,science_experiment
organic,0,vlog
organic,0,science_experiment
organic,0,vlog
performative,0,roleplay
performative,0,game
organic,0,science_experiment
performative,0,science_experiment
performative,0,science_experiment
performative,0,storytime
performative,0,roleplay
performative,0,board_game
performative,0,milestone
performative,0,obstacle_course
performative,0,music_dance
performative,0,superhero_roleplay
performative,0,science_experiment
performative,0,toy_play
performative,0,roleplay
performative,0,roleplay
performative,0,animation
performative,0,educational
organic,0,educational
organic,0,amusement_park
performative,0,science_experiment
performative,0,roleplay
performative,0,roleplay
performative,0,roleplay
performative,0,pretend_play
performative,0,pretend_play
performative,0,pretend_play
performative,0,milestone
performative,0,pretend_play
performative,0,pretend_play
performative,0,pretend_play
performative,0,back_to_school
performative,0,pretend_play
performative,0,pretend_play
performative,0,educational
performative,0,pretend_play
performative,0,challenge
performative,0,game
performative,0,pretend_play
performative,0,pretend_play
performative,0,shopping
performative,0,pretend_play
performative,0,pretend_play
performative,0,roleplay
performative,0,educational
performance,0,storytime
performative,0,roleplay
performative,0,toy_play
performative,0,adventure
performative,0,roleplay
performative,0,challenge
performative,0,family_fun
performative,0,challenge
performative,0,roleplay
performative,0,roleplay
performative,0,roleplay
performative,0,game
performative,0,roleplay
organic,0,music_dance
performative,0,roleplay
organic,0,science
performative,0,roleplay
performative,0,challenge
performative,0,roleplay
performative,0,milestone
performative,0,roleplay
performative,0,reaction
performative,0,music_dance
performative,0,episode
performative,0,roleplay
performative,0,workout
organic,0,music_dance
organic,0,celebration
performative,0,roleplay
performative,0,roleplay
performative,0,roleplay
performative,0,roleplay
performative,0,roleplay
performative,0,challenge
performative,0,roleplay
performative,0,reaction
performative,0,music_dance
performative,0,milestone
performative,0,roleplay
performative,0,roleplay
performative,0,toy_play
performative,0,challenge
performative,0,roleplay
performative,0,game
performative,0,challenge
performative,0,roleplay
performative,0,storytime
performative,0,roleplay
performative,0,toy_play
performative,0,challenge
performative,0,game
performative,0,challenge
performative,0,roleplay
performative,0,educational
performative,0,reaction
performative,0,roleplay
performative,0,game
performative,0,roleplay
performative,0,roleplay
performative,0,toy_play
performative,0,milestone
performative,0,roleplay
performative,0,challenge
performative,0,challenge
performative,0,vlog
performative,0,storytime
ambient,0,vlog
performative,0,drama
performative,0,reaction
performative,0,game
performative,0,action
performative,0,game
ambient,0,vlog
performative,0,toy_play
performative,0,reaction
performative,0,reaction
performative,0,storytime
performative,0,event
performative,0,storytime
performative,0,game
performative,0,challenge
performative,0,challenge
performative,0,activity
performative,0,storytime
performative,0,challenge
performative,0,challenge
performative,0,adventure
performative,0,toy_play
performative,0,roleplay
performative,0,game
performative,0,game
performative,0,milestone
performative,0,challenge
performative,0,event
performative,0,event
performative,0,challenge
performative,0,roleplay
performative,0,roleplay
performative,0,demo
performative,0,reaction
performative,0,game
performative,0,challenge
performative,0,roleplay
performative,0,game
performative,0,challenge
performative,0,reaction
performative,0,game
ambiguous,0,other
performative,0,roleplay
performative,0,roleplay
performative,0,unboxing
performative,0,milestone
performative,0,roleplay
organic,0,travel
ambiguous,1,storytime
performative,0,challenge
performative,0,roleplay
performative,0,magic
performative,0,music_dance
performative,0,roleplay
performative,1,storytime
performative,0,overnight
performative,0,roleplay
performative,0,roleplay
performative,0,roleplay
performative,0,magic
performative,0,roleplay
performative,0,overnight
performative,0,roleplay
performative,0,roleplay
performative,0,roleplay
performative,0,challenge
performative,0,challenge
performative,0,challenge
performative,0,roleplay
performative,0,challenge
performative,0,roleplay
performative,0,travel
performative,0,pretend play
performative,0,roleplay
performative,0,challenge
performative,1,roleplay
performative,0,toy_play
performative,0,unboxing
performative,0,storytime
performative,0,challenge
performative,0,roleplay
performative,0,educational
organic,0,exploration
performative,0,school
organicu,0,milestone
performative,0,vlog
performative,1,storytime
performative,1,challenge
performative,1,roleplay
performative,0,educational
performative,0,challenge
performative,0,play
organic,0,milestone
organic,0,play
performative,0,challenge
performative,0,roleplay
performative,0,roleplay
organic,0,vlog
performative,0,game
performative,0,roleplay
performative,0,roleplay
performative,0,tutorial
organic,0,music_dance
performative,0,challenge
performative,0,challenge
performative,0,challenge
performative,0,storytime
organic,0,travel
organic,0,travel
organic,0,milestone
performative,0,toy_play
performative,0,game
organic,0,travel
organic,0,game
performative,0,game
performative,0,roleplay
performative,0,roleplay
performative,0,roleplay
performative,0,roleplay
performative,0,play
performative,0,play
performative,0,play
performative,0,challenge
performative,0,travel
organ,0,milestone
performative,0,drama
performative,0,roleplay
performative,1,challenge
performative,0,travel
organic,0,milestone
organ,0,storytime
performative,0,roleplay
performative,0,roleplay
performative,0,roleplay
performative,1,challenge
performative,0,tour
performative,0,roleplay
performative,0,roleplay
performative,0,roleplay
performative,0,challenge
performative,0,challenge
performative,0,roleplay
organic,0,unboxing
performative,0,storytime
performative,0,music_dance
performative,0,game
organic,0,vlog
performative,0,challenge
performative,0,pretend_play
performative,0,pretend_play
performative,0,pretend_play
organic,0,travel
performative,0,challenge
performative,0,music_dance
performative,0,challenge
performative,0,science
organic,0,routine
organic,0,vlog
performative,0,challenge
performative,0,pretend_play
performative,0,storytime
organic,0,milestone
organict,0,vlog
performative,0,challenge
performative,0,reaction
performative,0,toy_play
performative,0,storytime
performative,0,animation
performative,0,toy_play
performative,0,challenge
performative,0,unboxing
performative,0,challenge
performative,0,toy_play
performative,0,challenge
organic,0,milestone
performative,0,pretend_play
performative,0,challenge
performative,0,game
performative,0,pretend_play
performative,0,challenge
performative,0,game
organic,0,travel
organic,0,wishlist
performative,0,game
performative,0,challenge
performative,0,challenge
performative,0,trick_or_treat
performative,0,costume_play
performative,0,challenge
ambiguous,0,other
ambiguous,0,other
ambiguous,0,other
performative,0,roleplay
performative,0,challenge
organic,0,milestone
performative,0,challenge
performative,0,roleplay
performative,0,roleplay
organic,0,music_dance
performative,0,roleplay
performative,0,challenge
performative,0,roleplay
organic,0,travel
performative,0,challenge
organic,0,milestone
organic,0,milestone
organic,0,vlog
performative,0,milestone
organic,0,milestone
performative,0,milestone
performative,0,toy_play
performative,0,toy_play
performative,0,game
performative,0,reaction
performative,0,reaction
performative,0,roleplay
performative,0,roleplay
performative,0,roleplay
performative,0,hide_and_seek
performative,0,roleplay
organic,0,travel
performative,0,roleplay
performative,0,roleplay
performative,0,challenge
performative,0,challenge
performative,0,challenge
organic,0,travel
performative,0,roleplay
organ... (truncated for brevity) ...,0,other
ambiguous,0,other
ambiguous,0,other
ambiguous,0,other
ambiguous,0,other
ambiguous,0,other
ambiguous,0,other
ambiguous,0,other
ambiguous,0,other
ambiguous,0,other
ambiguous,0,other
ambiguous,0,other
ambiguous,0,other
ambiguous,0,other
performative,0,roleplay
performative,0,challenge
performative,0,toy_play
performative,0,roleplay
no_child,0,other
performative,0,game
performative,0,roleplay
performative,0,roleplay
performative,0,toy_play
performative,0,roleplay
performative,0,storytime
performative,0,roleplay
performative,0,music_dance
performative,0,unboxing
organic,0,milestone
performative,0,challenge
performative,0,unboxing
organic,0,milestone
organic,0,vlog
performative,0,roleplay
performative,0,toy_play
performative,0,unboxing
performative,0,challenge
performative,0,challenge
performative,0,challenge
performative,0,unboxing
performative,0,roleplay
performative,0,unboxing
organic,0,vlog
organic,0,vlog
organic,0,vlog
performative,0,challenge
organic,0,vlog
performative,0,challenge
organic,0,storytime
organic,0,vlog
performative,0,toy_play
organic,0,vlog
performative,0,unboxing
performative,1,storytime
performative,0,game
performative,0,challenge
organic,0,tutorial
performative,0,challenge
performative,0,game
performative,0,toy_play
performative,0,roleplay
performative,0,roleplay
performative,0,roleplay
performative,0,other
performative,0,game
organic,0,vlog
performative,0,other
performative,0,challenge
performative,0,roleplay
organic,0,water_play
performative,0,tourism
performative,0,toy_play
performative,0,game
performative,0,challenge
performative,0,challenge
performative,0,roleplay
performative,0,roleplay
performative,0,roleplay
performative,0,roleplay
performative,0,roleplay
performative,0,roleplay
performative,0,challenge
performative,0,challenge
performative,0,toy_play
performative,0,animation
performative,0,game
performative,0,game
performative,0,roleplay
performative,0,roleplay
performative,0,toy_play
performative,0,roleplay
performative,0,game
performative,0,game
performative,0,challenge
performative,0,game
organic,0,routine
organıc,0,other
performative,0,reaction
performative,0,action
performative,0,travel
performative,0,storytime
performative,0,toy_play
performative,0,unboxing
performative,0,challenge
performative,0,unboxing
performative,0,challenge
performative,0,toy_play
performative,0,roleplay
performative,0,roleplay
organic,0,routine
performative,0,obstacle_course
performative,0,game
performative,0,toy_play
performative,0,roleplay
performative,0,challenge
performative,0,challenge
performative,0,roleplay
performative,0,toy_play
performative,0,unboxing
organic,0,vlog
performative,0,game
performative,0,challenge
organic,0,educational
ambiguous,0,game
organic,0,vlog
performative,0,challenge
performative,0,roleplay
performative,0,game
performative,0,unboxing
performative,0,game
performative,0,challenge
organic,0,vlog
performative,0,game
organic,0,vlog
performative,0,game
performative,0,tutorial
performative,0,challenge
performative,0,roleplay
performative,0,challenge
organic,0,music_dance
performative,0,challenge
organic,0,vlog
organic,0,educational
performative,0,toy_play
organic,0,educational
organic,0,vlog
organic,0,educational
performative,0,challenge
organic,0,toy_play
performative,0,roleplay
performative,0,game
organic,0,educational
organic,0,vlog
performative,0,challenge
organic,0,vlog
performative,0,game
performative,0,challenge
organic,0,vlog
performative,0,challenge
performative,0,challenge
performative,0,challenge
organic,0,vlog
performative,0,challenge
performative,0,roleplay
performative,0,challenge
organic,0,vlog
organic,0,animation
performative,0,challenge
performative,0,toy_play
performative,0,roleplay
performative,0,game
performative,0,roleplay
performative,0,animation
performative,0,roleplay
performative,0,roleplay
performative,0,reaction
performative,0,challenge
performative,0,roleplay
performative,0,roleplay
performative,0,challenge
performative,0,challenge
organic,0,educational
performative,0,challenge
performative,0,game
organic,0,educational
performative,0,roleplay
organic,0,vlog
performative,0,game
organic,0,vlog
performative,0,challenge
organic,0,educational
performative,0,game
performative,0,roleplay
performative,0,roleplay
performative,0,game
organic,0,science
performative,0,educational
performative,0,game
performative,0,science
performative,0,roleplay
organic,0,educational
organic,0,educational
organic,0,science
performative,0,game
organic,0,vlog
organic,0,play
performative,0,tutorial
performative,0,game
organic,0,animation
organic,0,educational
performative,0,roleplay
organic,0,play
organic,0,educational
performative,0,game
organic,0,vlog
performative,0,game
performative,0,tutorial
performative,0,challenge
performative,0,tutorial
performative,0,experiment
performative,0,unboxing
performative,0,music_dance
performative,0,experiment
performative,0,game
performative,0,roleplay
organic,0,vlog
performative,0,roleplay
performative,0,music_dance
performative,0,game
performative,1,game
performative,0,game
organic,0,vlog
performative,0,roleplay
performative,1,challenge
performative,0,reaction
performative,0,game
performative,0,game
performative,0,challenge
performative,0,challenge
performative,0,tutorial
performative,0,tutorial
performative,0,challenge
performative,0,tutorial
performative,0,tutorial
performative,0,roleplay
performative,0,roleplay
performative,0,challenge
organic,0,list
performative,0,vlog
performative,0,game
organic,0,vlog
organic,0,vlog
organic,0,vlog
organic,0,vlog
performative,0,reaction
performative,0,music_dance
performative,0,storytime
performative,0,tutorial
performative,0,roleplay
performative,0,tutorial
organic,0,vlog
performative,0,challenge
performative,0,game
performative,0,roleplay
performative,0,milestone
performative,0,challenge
organic,0,toy_play
performative,0,unboxing
organic,0,animation
performative,0,shopping
performative,0,challenge
performative,0,game
performative,0,unboxing
performative,0,game
performative,0,game
performative,0,tutorial
performative,0,challenge
performative,0,challenge
performative,0,unboxing
performative,0,toy_play
performative,0,toy_play
performative,0,challenge
performative,0,animation
performative,0,game
performative,0,unboxing
performative,0,toy_play
performative,0,unboxing
performative,1,challenge
performative,0,challenge
performative,1,challenge
performative,0,music_dance
performative,0,roleplay
performative,0,game
performative,0,board_game
performative,0,board_game
performative,0,toy_play
performative,0,game
performative,0,toy_play
performative,1,game
performative,0,food_challenge
performative,0,music_dance
performative,0,roleplay
performative,0,food_challenge
organic,1,roleplay
performative,0,challenge
performative,0,game
no_child,0,trick_or_treat
organic,0,trick_or_treat
organic,0,music_dance
organic,0,roleplay
organic,0,roleplay
performative,0,roleplay
ambiguous,0,other
ambiguous,0,other
performative,0,challenge
organic,0,play
performative,0,challenge
organic,0,vlog
performative,0,music_dance
performative,0,play
performative,0,challenge
organic,0,play
performative,0,toy_play
organic,0,vlog
performative,0,animation
performative,0,toy_play
performative,0,tutorial
performative,0,challenge
performative,0,challenge
performative,0,roleplay
performative,0,tutorial
performative,0,challenge
organic,0,play
performative,0,music_dance
organic,0,roleplay
performative,0,unboxing
performative,0,toy_play
organic,0,play
performative,0,play
organic,0,play
performative,0,challenge
performative,0,game
organic,0,vlog
performative,0,challenge
organic,0,vlog
performative,0,tutorial
performative,0,challenge
organic,0,play
performative,0,tutorial
performative,0,play
performative,0,challenge
performative,0,tutorial
organic,0,play
performative,0,roleplay
organic,0,play
performative,0,toy_play
performative,0,tutorial
performative,0,toy_play
performative,0,game
organic,0,play
performative,0,challenge
performative,0,challenge
performative,0,hunt
performative,0,tutorial
performative,0,challenge
organic,0,toy_play
performative,0,challenge
performative,0,game
organic,0,unboxing
organic,0,roleplay
performative,0,challenge
performative,0,roleplay
organic,0,vlog
organic,0,roleplay
performative,0,mmukbang
performative,0,toy_play
performative,0,tutorial
performative,0,reaction
organic,0,milestone
organic,0,toy_play
performative,0,vehicle_play
performative,0,toy_play
organic,0,milestone
organic,0,reaction
performative,0,challenge
performative,1,challenge
performative,0,travel
organic,0,toy_play
performative,0,toy_play
performative,0,storytime
performative,0,mukbang
performative,0,roleplay
performative,0,other
performative,0,reaction
performative,0,toy_play
organic,0,vlog
performative,0,challenge
performative,0,child_play
organic,0,toy_play
performative,0,challenge
organic,0,toy_play
performative,0,reaction
organic,0,play
performative,0,game
performative,0,game
organic,0,special_event
performative,0,board_game
performative,0,toy_play
organic,0,roleplay
performative,0,challenge
performative,0,reaction
organic,0,toy_play
performative,0,challenge
ambiguous,0,other
performative,0,challenge
performative,0,tutorial
organic,0,vlog
performative,0,educational
organic,0,vlog
performative,0,challenge
performative,0,compilation
performative,0,unboxing
performative,0,storytime
organic,0,vlog
performative,0,challenge
organic,0,vlog
performative,0,educational
performative,0,challenge
organic,0,vlog
performative,0,toy_play
organic,0,vlog
organic,0,vlog
performative,1,challenge
performative,0,toy_play
performative,0,pretend play
performative,0,science
performative,0,toy_play
performative,0,challenge
organic,0,vlog
performative,0,educational
performative,0,educational
performative,0,challenge
performative,0,game
organic,0,vlog
organic,0,vlog
organic,0,pretend play
performative,0,tutorial
performative,0,science
performative,0,unboxing
performative,0,challenge
organic,0,family outing
performative,0,animation
performative,0,toy_play
performative,1,pretend play
performative,0,game
organic,0,family outing
organic,0,family
performative,0,roleplay
performative,0,game
performative,0,game
performative,0,unboxing
performative,0,challenge
performative,0,educational
performative,0,science
performative,0,toy_play
organic,0,vlog
organic,0,event
performative,0,roleplay
performative,0,game
performative,0,tutorial
performative,0,board game
performative,0,unboxing
organic,0,tutorial
performative,0,roleplay
performative,0,reaction
organic,0,learning
organic,0,learning
organic,0,learning
performative,0,challenge
performative,0,challenge
performative,0,challenge
performative,0,roleplay
performative,0,roleplay
performative,0,game
performative,0,roleplay
performative,0,roleplay
performative,0,roleplay
performative,0,game
performative,0,toy_play
performative,0,roleplay
performative,0,roleplay
performative,0,game
performative,0,antagonist
performative,0,roleplay
performative,0,toy_play
performative,0,roleplay
performative,0,game
performative,0,toy_play
performative,0,vlog
performative,0,roleplay
performative,0,reaction
performative,1,game
performative,0,hunting
performative,1,challenge
performative,1,challenge
organic,0,trip
organic,0,science
organic,0,challenge
performative,0,game
performative,0,challenge
organic,0,activity
performative,0,game
organic,0,indoor_play
performative,0,game
ambiguous,0,challenge
ambiguous,0,vlog
ambiguous,0,challenge
ambiguous,0,challenge
ambiguous,0,unboxing
ambiguous,0,challenge
ambiguous,0,unboxing
ambiguous,0,roleplay
ambiguous,0,toy_play
ambiguous,0,unboxing
ambiguous,0,roleplay
ambiguous,0,unboxing
ambiguous,0,game
ambiguous,0,vlog
ambiguous,0,challenge
ambiguous,0,unboxing
ambiguous,0,roleplay
ambiguous,0,game
ambiguous,0,challenge
ambiguous,0,toy_play
ambiguous,0,game
ambiguous,0,challenge
ambiguous,0,vlog
ambiguous,0,game
ambiguous,0,challenge
ambiguous,0,travel
ambiguous,0,travel
ambiguous,0,toy_play
ambiguous,0,toy_play
ambiguous,0,challenge
ambiguous,0,unboxing
ambiguous,0,vlog
ambiguous,0,challenge
ambiguous,0,game
ambiguous,0,game
ambiguous,0,vlog
ambiguous,0,roleplay
ambiguous,0,toy_play
ambiguous,0,challenge
ambiguous,0,vlog
ambiguous,0,game
ambiguous,0,travel
ambiguous,0,vlog
ambiguous,0,travel
ambiguous,0,vlog
ambiguous,0,unboxing
ambiguous,0,roleplay
ambiguous,0,game
ambiguous,0,milestone
ambiguous,0,challenge
performative,0,roleplay
organic,0,music_dance
performative,0,game
organic,0,vlog
performative,0,unboxing
organic,0,vlog
organic,0,vlog
performative,1,challenge
performative,0,game
organic,0,vlog
organic,0,travel
organic,0,travel
organic,0,travel
performative,0,unboxing
performative,0,game
performative,0,toy_play
performative,0,toy_play
performative,0,unboxing
performative,0,reaction
performative,0,reaction
performative,1,challenge
performative,1,challenge
performative,0,challenge
performative,0,toy_play
performative,0,milestone
organic,0,vlog
performative,0,unboxing
performative,0,quiz
performative,0,unboxing
performative,0,toy_play
organic,0,milestone
organic,0,travel
organic,0,toy_play
performative,1,challenge
performative,0,reaction
performative,1,challenge
performative,0,roleplay
performative,1,challenge
organic,0,vlog
organic,0,travel
organic,0,toy_play
performative,0,game
performative,0,unboxing
organic,0,milestone
organic,0,travel
performative,0,reaction
performative,1,challenge
organic,0,milestone
organic,0,travel
ambiguous,0,other
ambiguous,0,unboxing
ambiguous,0,unboxing
ambiguous,0,tutorial
ambiguous,0,unboxing
ambiguous,0,unboxing
ambiguous,1,challenge
ambiguous,0,roleplay
ambiguous,0,vlog
ambiguous,0,milestone
ambiguous,0,roleplay
ambiguous,0,milestone
ambiguous,0,vlog
ambiguous,0,unboxing
ambiguous,0,review
ambiguous,1,challenge
ambiguous,0,shopping_vlog
ambiguous,0,unboxing
ambiguous,0,museum_vlog
ambiguous,0,travel_vlog
ambiguous,0,unboxing
ambiguous,0,unboxing
ambiguous,0,challenge
ambiguous,0,science_experiment
ambiguous,0,science_experiment
ambiguous,0,game
ambiguous,0,unboxing
ambiguous,1,game
ambiguous,0,toy_play
ambiguous,0,unboxing
ambiguous,0,unboxing
ambiguous,0,unboxing
ambiguous,0,unboxing
ambiguous,0,challenge
ambiguous,0,challenge
ambiguous,0,unboxing
ambiguous,0,travel
ambiguous,0,vlog
ambiguous,0,unboxing
ambiguous,0,game
ambiguous,1,game
ambiguous,0,review
ambiguous,0,trip_vlog
ambiguous,0,unboxing
ambiguous,0,reaction
ambiguous,0,game
ambiguous,1,game
ambiguous,0,reaction
ambiguous,0,trip_vlog
ambiguous,0,travel
ambiguous,0,other
performative,0,toy_play
organic,0,vlog
performative,0,challenge
organic,0,toy_play
organic,0,vlog
performative,0,unboxing
performative,0,toy_play
organic,0,travel
performative,0,challenge
organic,0,vlog
performative,0,toy_play
performative,0,challenge
organic,0,toy_play
performative,0,toy_play
performative,0,challenge
organic,0,vlog
performative,0,unboxing
performative,0,challenge
organic,0,vlog
performative,0,unboxing
performative,0,challenge
performative,0,toy_play
organic,0,vlog
performative,0,game
performative,0,toy_play
performative,0,toy_play
organic,0,vlog
organic,0,travel
performative,0,roleplay
performative,0,toy_play
performative,0,toy_play
performative,0,unboxing
performative,0,roleplay
performative,0,toy_play
performative,0,unboxing
performative,0,unboxing
performative,0,challenge
performative,0,toy_play
performative,0,toy_play
performative,0,toy_play
performative,0,toy_play
performative,0,game
organic,0,vlog
performative,0,toy_play
performative,0,toy_play
performative,0,game
organic,0,travel
performative,0,toy_play
performative,0,toy_play
performative,0,unboxing
performative,0,game
performative,0,toy_play
performative,0,toy_play
performative,0,science
performative,0,toy_play
performative,0,unboxing
performative,0,unboxing
performative,0,game
performative,0,toy_play
performative,0,game
performative,0,event
performative,0,toy_play
performative,0,game
performative,0,science
performative,0,game
performative,0,game
performative,0,travel
performative,0,unboxing
performative,0,unboxing
performative,0,game
performative,0,outdoor
organic,0,science
performative,0,unboxing
performative,0,toy_play
performative,0,toy_play
performative,0,roleplay
performative,0,family_vlog
performative,0,unboxing
performative,0,travel
performative,0,unboxing
performative,0,roleplay
performative,0,vlog
performative,0,unboxing
performative,0,toy_play
performative,0,game
performative,0,toy_play
performative,0,review
performative,0,game
performative,0,family_vlog
performative,0,unboxing
performative,0,imaginative_play
performative,0,game
performative,0,family_vlog
performative,0,roleplay
performative,0,game
performative,0,family_vlog
performative,0,toy_play
performative,0,game
performative,0,challenge
ambiguous,0,other
organic,0,vlog
organic,0,toy_play
performative,0,unboxing
performative,0,challenge
performative,0,unboxing
performative,0,challenge
organic,0,vlog
performative,0,unboxing
performative,0,toy_play
performative,0,toy_play
performative,0,challenge
performative,0,game
performative,0,unboxing
performative,0,game
performative,0,unboxing
organic,0,vlog
performative,0,challenge
performative,0,challenge
performative,0,toy_play
performative,0,toy_play
performative,0,challenge
performative,0,toy_play
organic,0,vlog
performative,0,toy_play
performative,0,game
performative,0,roleplay
performative,0,unboxing
performative,0,challenge
performative,0,toy_play
performative,0,challenge
performative,0,game
performative,0,toy_play
performative,0,game
performative,0,toy_play
performative,0,challenge
performative,0,game
performative,0,toy_play
performative,0,toy_play
performative,0,toy_play
performative,0,game
performative,0,toy_play
organic,0,vlog
performative,0,game
performative,0,toy_play
performative,0,challenge
performative,0,game
performative,0,challenge
performative,0,challenge
performative,0,unboxing
performative,0,toy_play
performative,0,toy_play
performative,0,challenge
performative,0,challenge
performative,0,unboxing
performative,0,game
organic,0,vlog
performative,0,unboxing
performative,0,toy_play
performative,0,toy_play
performative,0,challenge
performative,0,review
organic,0,vlog
game,0,game
organic,0,play
organic,0,play
organic,0,play
organic,0,play
organic,0,play
organic,0,experimental
organic,0,science
performative,0,challenge
performative,1,unboxing
performative,0,play
organic,0,vlog
organic,0,shop_with_me
organic,0,play
organic,0,play
organic,0,play
organic,0,play
organic,0,play
organic,0,play
organic,0,play
organic,0,play
organic,0,play
organic,0,milestone
performative,0,challenge
organic,0,play
organic,0,play
organic,0,play
organic,0,trip
organic,0,travel
organic,0,travel
organic,0,trip
performative,0,review
performative,0,storytime
performative,1,tutorial
performative,0,unboxing
performative,0,activity
organic,0,family
organic,0,vlog
performative,0,unboxing
organic,0,vlog
performative,0,game
organic,0,vlog
performative,0,toy_play
organic,0,vlog
organic,0,vlog
performative,0,game
performative,0,game
performative,0,toy_play
performative,0,toy_play
organic,0,vlog
performative,0,game
performative,0,game
performative,0,unboxing
performative,0,toy_play
performative,0,challenge
performative,0,unboxing
performative,0,unboxing
performative,0,toy_play
performative,0,toy_play
performative,0,toy_play
performative,0,toy_play
performative,0,toy_play
performative,0,unboxing
organic,0,vlog
performative,0,game
performative,0,toy_play
performative,0,game
performative,0,game
organic,0,vlog
performative,0,toy_play
performative,0,toy_play
performative,0,toy_play
performative,0,toy_play
performative,0,toy_play
performative,0,toy_play
performative,0,toy_play
performative,0,unboxing
performative,0,toy_play
performative,0,toy_play
performative,0,toy_play
performative,0,toy_play
performative,0,game
organic,0,vlog
other,0,milestone
organic,0,vlog
performative,0,unboxing
organic,0,vlog
performative,0,toy_play
organic,0,other
performative,0,game
performative,0,game
organic,0,vlog
organic,0,vlog
organic,0,milestone
organic,0,vlog
organic,0,other
organic,0,vlog
performative,0,toy_play
performative,0,toy_play
performative,0,toy_play
performative,0,game
performative,0,toy_play
performative,0,toy_play
performative,0,game
performative,1,game
organic,0,travel
organic,0,travel
organic,0,vlog
performative,0,game
organic,0,travel
performative,0,toy_play
performative,0,toy_play
performative,0,game
performative,1,game
organic,0,vlog
organic,0,travel
organic,0,milestone
organic,0,travel
organic,0,travel
organic,0,travel
performative,0,challenge
performative,0,game
performative,0,toy_play
organic,0,vlog
performative,0,toy_play
performative,0,toy_play
performative,0,game
performative,0,tutorial
performative,0,toy_play
organic,0,vlog
performative,0,toy_play
organic,0,vlog
performative,0,toy_play
organic,0,travel
performative,0,toy_play
performative,0,toy_play
performative,0,toy_play
organic,0,toy_play
organic,0,vlog
organic,0,vlog
performative,0,unboxing
organic,0,vlog
performative,0,unboxing
performative,0,game
organic,0,vlog
organic,0,vlog
performative,0,play
performative,0,play
organic,0,vlog
performative,0,unboxing
performative,0,play
performative,0,unboxing
organic,0,vlog
performative,0,play
performative,0,unboxing
performative,0,unboxing
performative,0,play
performative,0,roleplay
organic,0,vlog
organic,0,vlog
organic,0,tutorial
organic,0,vlog
organic,0,vlog
performative,0,play
performative,0,play
performative,0,play
performative,0,unboxing
performative,0,play
performative,0,challenge
organic,0,tutorial
performative,0,unboxing
performative,0,challenge
performative,0,play
performative,0,play
performative,0,play
performative,0,unboxing
performative,0,unboxing
performative,0,unboxing
organic,0,vlog
organic,0,vlog
performative,0,play
performative,0,unboxing
organic,0,vlog
organic,0,challenge
performative,0,unboxing
performative,0,unboxing
organic,0,vlog
performative,0,challenge
organic,0,vlog
performative,0,toy_play
performative,0,game
performative,0,unboxing
performative,0,unboxing
performative,0,tutorial
performative,0,toy_play
performative,0,challenge
performative,0,toy_play
performative,0,unboxing
performative,0,toy_play
performative,0,challenge
organic,0,vlog
organic,0,vlog
performative,0,unboxing
performative,0,challenge
performative,0,challenge
performative,0,challenge
performative,0,unboxing
performative,0,toy_play
organic,0,toy_play
performative,0,challenge
organic,0,vlog
performative,0,unboxing
performative,0,unboxing
organic,0,vlog
organic,0,vlog
performative,0,toy_play
performative,0,toy_play
performative,0,unboxing
organic,0,vlog
performative,0,challenge
performative,0,unboxing
performative,0,challenge
performative,0,toy_play
performative,0,challenge
performative,0,unboxing
performative,0,unboxing
performative,0,toy_play
performative,0,challenge
organic,0,vlog
organic,0,vlog
organic,0,vlog
performative,0,tutorial
performative,0,unboxing
organic,0,vlog
performative,0,unboxing
performative,0,toy_play
performative,0,unboxing
performative,0,toy_play
performative,0,unboxing
organic,0,roleplay
performative,0,challenge
performative,0,toy_play
organic,0,vlog
performative,0,unboxing
organic,0,roleplay
organic,0,toy_play
performative,0,tutorial
organic,0,vlog
organic,0,toy_play
organic,0,toy_play
performative,0,game
organic,0,vlog
performative,0,unboxing
performative,0,game
organic,0,vlog
performative,0,unboxing
performative,0,tutorial
organic,0,vlog
performative,0,game
performative,0,toy_play
performative,0,toy_play
performative,0,game
performative,0,tutorial
organic,0,toy_play
performative,0,toy_play
performative,0,toy_play
performative,0,tutorial
performative,0,unboxing
performative,0,tutorial
performative,0,tutorial
performative,0,toy_play
performative,0,toy_play
performative,0,game
performative,0,game
performative,0,toy_play
performative,0,toy_play
performative,0,toy_play
performative,0,toy_play
performative,0,toy_play
performative,0,toy_play
organic,0,toy_play
performative,0,unboxing
performative,0,unboxing
no_child,1,drama
performative,0,challenge
other,0,vlog
ambiguous,0,other
ambiguous,0,other
performative,0,music_dance
organic,0,vlog
performative,0,challenge
performative,0,storytime
amiguous,1,drama
performative,0,challenge
organic,0,storytime
performative,0,challenge
organic,0,vlog
performative,1,storytime
performative,0,challenge
performative,0,challenge
performative,0,challenge
performative,0,roleplay
ambiguous,1,storytime
performative,0,storytime
performative,0,unboxing
performative,0,prank
performative,0,storytime
performative,0,challenge
performative,0,roleplay
organic,0,storytime
organic,1,storytime
performative,0,challenge
performative,0,challenge
organic,0,vlog
performative,0,music_dance
performative,0,challenge
performative,0,challenge
performative,0,challenge
performative,0,challenge
organic,0,vlog
organic,1,storytime
performative,0,storytime
organic,0,vlog
performative,0,challenge
performative,0,challenge
organic,1,storytime
performative,0,game
performative,0,prank
organic,0,vlog
performative,0,reaction
performative,0,storytime
performative,0,prank
performative,0,challenge
amiguous,1,storytime
performative,1,storytime
performative,0,roleplay
organic,1,storytime
no_child,1,storytime
performative,0,storytime
performative,0,prank
performative,0,roleplay
performative,0,game
organic,1,storytime
performative,0,toy_play
organic,0,medical
organic,1,vlog
performative,0,roleplay
organic,0,reaction
organic,0,reaction
organic,0,reaction
performative,0,other
performative,0,challenge
organic,0,tutorial
organic,1,storytime
organic,1,storytime
organic,0,reaction
organic,1,storytime
performative,0,game
organic,0,reaction
performative,0,challenge
organic,0,reaction
organic,1,storytime
organic,1,vlog
organic,0,tutorial
performative,0,storytime
organic,0,storytime
no_child,0,announcement
performative,0,roleplay
organic,1,storytime
organic,0,medical
performative,0,reaction
performative,0,reaction
organic,1,storytime
performative,0,storytime
performative,1,storytime
performative,0,challenge
performative,0,prank
performative,0,toy_play
performative,0,toy_play
organic,1,storytime
performative,0,storytime
performative,0,adventure
performative,0,storytime
performative,0,storytime
performative,0,cooking
performative,0,vlog
performative,0,toy_play
performative,0,game
ambiguous,0,other
ambiguous,0,other
ambiguous,0,other
ambiguous,0,other
ambiguous,0,other
ambiguous,0,other
ambiguous,0,other
ambiguous,0,other
ambiguous,0,other
ambiguous,0,other
ambiguous,0,other
ambiguous,0,other
ambiguous,0,other
ambiguous,0,other
ambiguous,0,other
ambiguous,0,other
ambiguous,0,other
ambiguous,0,other
ambiguous,0,other
ambiguous,0,other
ambiguous,0,other
ambiguous,0,other
ambiguous,0,other
ambiguous,0,other
ambiguous,0,other
ambiguous,0,other
ambiguous,0,other
ambiguous,0,other
ambiguous,0,other
ambiguous,0,other
ambiguous,0,other
ambiguous,0,other
ambiguous,0,other
ambiguous,0,other
ambiguous,0,other
ambiguous,0,other
ambiguous,0,other
ambiguous,0,other
ambiguous,0,other
ambiguous,0,other
ambiguous,0,other
ambiguous,0,other
ambiguous,0,other
ambiguous,0,other
ambiguous,0,other
ambiguous,0,other
ambiguous,0,other
ambiguous,0,other
ambiguous,0,other
ambiguous,0,other
performative,1,storytime
performative,0,challenge
organic,1,storytime
performative,1,storytime
performative,1,storytime
performative,1,storytime
organic,0,medical
performative,1,storytime
performative,0,roleplay
performative,0,roleplay
organic,1,vlog
performative,1,challenge
performative,0,challenge
performative,1,storytime
performative,1,storytime
performative,1,storytime
performative,1,prank
performative,1,prank
performative,1,challenge
performative,1,challenge
performative,1,storytime
performative,1,storytime
organic,0,vlog
performative,0,roleplay
performative,0,music_dance
performative,1,prank
performative,1,prank
performative,0,game
performative,1,storytime
performative,1,storytime
organic,0,storytime
performative,1,prank
performative,1,prank
organic,0,milestone
performative,0,storytime
performative,0,storytime
performative,1,storytime
performative,1,storytime
organic,0,vlog
performative,0,roleplay
performative,1,storytime
performative,1,storytime
performative,1,storytime
performative,1,challenge
performative,1,challenge
performative,1,storytime
performative,1,storytime
organiz,0,milestone
performative,0,storytime
performative,1,storytime
performative,0,challenge
performative,0,roleplay
performative,0,game
performative,0,storytime
performative,0,game
performative,0,challenge
organic,0,reaction
organic,0,vlog
organic,0,vlog
organic,0,storytime
performative,0,game
organic,0,vlog
performative,0,prank
performative,0,storytime
organic,1,storytime
performative,0,storytime
performative,0,storytime
performative,0,game
performative,0,storytime
performative,0,storytime
performative,0,game
performative,0,challenge
performative,0,roleplay
organic,0,storytime
performative,0,storytime
performative,0,game
performative,0,storytime
performative,0,game
performative,1,storytime
performative,0,game
performative,0,storytime
organic,0,vlog
organic,1,storytime
organic,1,storytime
organic,0,tutorial
organic,1,storytime
organic,0,vlog
organic,1,storytime
performative,0,game
organic,0,storytime
organic,1,storytime
performative,0,game
performative,0,roleplay
performative,1,storytime
performative,1,storytime
performative,0,storytime
performative,1,storytime
performative,0,roleplay
performative,0,challenge
organic,0,storytime
organic,0,vlog
organic,0,storytime
organic,1,storytime
organic,0,vlog
performative,0,roleplay
performative,0,challenge
performative,0,educational
organic,0,vlog
performative,0,challenge
ambiguous,1,storytime
performative,0,unboxing
performative,0,roleplay
performative,0,game
performative,1,storytime
performative,0,roleplay
performative,0,challenge
ambiguous,1,storytime
organic,1,storytime
performative,0,challenge
performative,0,roleplay
performative,0,challenge
medical,1,storytime
organic,0,milestone
organic,0,storytime
performative,0,roleplay
organic,0,vlog
performative,0,unboxing
medical,1,storytime
performative,0,roleplay
organic,1,storytime
organic,0,vlog
performative,0,roleplay
performative,0,game
performative,0,roleplay
performative,0,challenge
performative,0,challenge
performative,0,prank
organic,1,storytime
organic,1,storytime
performative,0,roleplay
organic,0,vlog
performative,0,party
organic,1,storytime
performative,0,unboxing
performative,0,roleplay
performative,0,game
performative,1,storytime
performative,0,toy_play
performative,0,movie
performative,0,roleplay
performative,0,roleplay
organic,0,vlog
organic,0,vlog
performative,0,toy_play
ambiguous,0,drama
organic,0,storytime
performative,0,roleplay
performative,0,challenge
performative,0,roleplay
performative,0,challenge
performative,0,challenge
performative,0,toy_play
performative,0,storytime
organic,0,vlog
organic,0,toy_play
performative,0,roleplay
performative,0,roleplay
performative,0,roleplay
organic,0,vlog
ambiguous,0,drama
performative,0,roleplay
ambiguous,0,drama
performative,0,challenge
organic,0,storytime
organic,0,storytime
performative,0,toy_play
performative,0,music_dance
performative,0,challenge
performative,0,roleplay
performative,0,challenge
organic,0,vlog
performative,0,movie
performative,0,toy_play
ambiguous,0,storytime
performative,0,challenge
performative,0,tutorial
organic,0,storytime
performative,0,storytime
organic,0,vlog
performative,0,game
performative,0,music_dance
performative,0,challenge
organic,1,storytime
performative,0,toy_play
organic,0,storytime
performative,0,challenge
ambiguous,0,drama
organic,0,storytime
performative,0,roleplay
organic,0,vlog
organic,0,vlog
performative,0,roleplay
organic,0,storytime
organic,0,storytime
performative,0,challenge
performative,0,roleplay
performative,0,roleplay
performative,0,challenge
performative,0,game
performative,0,roleplay
performative,0,tutorial
performative,0,roleplay
performative,0,roleplay
performative,0,toy_play
performative,0,roleplay
performative,0,roleplay
performative,0,roleplay
performative,0,roleplay
performative,0,storytime
performative,0,challenge
organic,0,storytime
performative,0,prank
performative,0,roleplay
performative,0,challenge
performative,0,toy_play
performative,0,game
performative,0,toy_play
performative,0,roleplay
performative,0,prank
performative,0,game
ambiguous,1,roleplay
performative,0,storytime
performative,0,toy_play
performative,0,game
performative,0,game
performative,0,storytime
performative,1,storytime
performative,0,roleplay
organic,1,storytime
organic,0,storytime
performative,0,roleplay
performative,0,game
performative,0,challenge
performative,0,game
performative,1,challenge
performative,0,roleplay
organic,0,storytime
performative,0,roleplay
performative,0,toy_play
performative,0,challenge
performative,1,prank
organic,0,unboxing
performative,0,storytime
performative,0,unboxing
performative,1,challenge
organic,0,storytime
performative,0,roleplay
performative,1,storytime
performative,0,roleplay
performative,1,game
performative,1,roleplay
performative,0,game
performative,0,game
organic,0,vlog
organic,0,vlog
organic,0,vlog
organic,0,vlog
performative,1,storytime
performative,1,prank
performative,0,roleplay
performative,0,roleplay
performative,1,roleplay
performative,1,storytime
performative,0,roleplay
performative,0,storytime
performative,1,prank
performative,0,game
performative,1,roleplay
performative,1,prank
performative,0,game
performative,1,storytime
performative,1,storytime
performative,0,roleplay
performative,0,prank
performative,0,game
performative,1,storytime
performative,0,prank
performative,1,roleplay
performative,1,storytime
performative,0,roleplay
performative,0,storytime
performative,0,challenge
organic,0,vlog
performative,1,roleplay
performative,0,drama
performative,1,storytime
performative,0,challenge
performative,0,challenge
performative,1,drama
ambiguous,0,other
performative,0,challenge
organic,0,haul
performative,0,storytime
performative,0,game
performative,0,roleplay
performative,0,toy_play
performative,0,roleplay
performative,0,prank
organic,0,vlog
game,0,game
performative,1,prank
performative,0,challenge
performative,1,storytime
performative,1,storytime
performative,0,reaction
performative,0,reaction
performative,1,storytime
performative,0,prank
performative,0,reaction
performative,0,reaction
organic,0,vlog
performative,1,challenge
performative,0,game
performative,0,challenge
performative,0,hide and seek
performative,0,challenge
performative,0,storytime
performative,0,challenge
performative,0,skit
performative,0,game
performative,0,storytime
performative,0,challenge
performative,0,reaction
performative,0,challenge
performative,1,storytime
performative,0,movie
performative,0,reaction
performative,0,challenge
performative,0,milestone
performative,0,challenge
performative,0,game
performative,0,hide and seek
performative,0,storytime
performative,0,prank
performative,0,reaction
performative,1,storytime
performative,0,challenge
performative,0,game
performative,1,storytime
performative,0,challenge
performative,0,challenge
performative,1,challenge
performative,0,roleplay
performative,0,game
organic,0,vlog
performative,1,drama
performative,0,challenge
organinc,0,storytime
performative,0,game
performative,0,challenge
performative,1,challenge
performative,0,challenge
performative,0,challenge
performative,0,game
performative,0,challenge
performative,0,challenge
organic,0,vlog
performative,0,challenge
performative,0,drama
performative,0,roleplay
performative,0,roleplay
performative,0,game
performative,0,challenge
performative,0,challenge
performative,0,challenge
performative,0,challenge
organic,0,vlog
organic,0,vlog
performative,1,drama
performative,0,game
performative,0,game
performative,0,challenge
performative,0,challenge
performative,0,challenge
performative,1,drama
performative,0,roleplay
performative,0,drama
performative,0,game
performative,0,game
performative,0,vlog
performative,0,challenge
performative,0,drama
performative,0,adventure
performative,0,game
performative,1,drama
performative,0,challenge
performative,0,roleplay
performative,0,challenge
performative,0,challenge
performative,0,challenge
performative,1,challenge
performative,0,challenge
performative,1,challenge
roleplay,0,drama
performative,0,challenge
performative,0,challenge
performative,0,challenge
performative,0,challenge
organic,0,vlog
performative,1,challenge
performative,0,game
performative,0,challenge
performative,1,challenge
performative,0,game
performative,0,game
performative,0,challenge
performative,0,challenge
performative,0,challenge
performative,0,game
performative,0,game
performative,0,game
performative,1,game
performative,0,challenge
performative,0,challenge
performative,0,game
performative,0,challenge
performative,0,challenge
performative,1,challenge
roleplay,1,drama
performative,0,game
organic,0,milestone
performative,0,game
performative,0,game
performative,1,game
performative,0,game
performative,0,game
performative,1,challenge
performative,1,game
performative,0,challenge
performative,0,challenge
performative,0,challenge
performative,0,game
performative,0,challenge
performative,1,game
performative,1,challenge
performative,1,challenge
performative,0,game
performative,1,challenge
performative,1,challenge
performative,1,challenge
performative,1,challenge
performative,1,challenge
performative,1,challenge
performative,1,roleplay
performative,1,challenge
performance,1,vlog
performative,1,drama
performative,1,game
performative,1,vlog
performative,0,challenge
performative,0,challenge
organic,0,vlog
performative,1,game
performative,1,game
performative,1,video
performative,0,none
performative,1,other
performative,1,other
organic,0,storytime
performative,1,roleplay
performative,1,roleplay
performative,1,roleplay
performative,1,reaction
performative,0,storytime
performative,0,challenge
performative,0,game
performative,0,reaction
performative,1,game
performative,1,game
performative,1,roleplay
performative,1,roleplay
performative,1,roleplay
performative,1,game
performative,1,roleplay
performative,1,roleplay
performative,1,game
performative,1,roleplay
performative,1,milestone
performative,1,challenge
performative,1,game
performative,0,travel
performative,1,reaction
no_child,0,other
performative,1,game
performative,1,other
performative,0,game
performative,0,roleplay
performative,1,roleplay
performative,1,challenge
performative,0,other
organic,0,vlog
performative,0,challenge
organic,0,vlog
performative,0,roleplay
performative,0,game
performative,0,unboxing
performative,0,game
performative,0,roleplay
performative,0,toy_play
performative,0,game
organic,0,vlog
performative,0,game
performative,0,challenge
performative,0,challenge
performative,0,toy_play
performative,0,challenge
performative,0,challenge
performative,0,toy_play
performative,0,challenge
performative,0,game
organic,0,vlog
organic,0,storytime
no_child,0,medical
organic,0,storytime
performative,0,game
performative,0,challenge
organic,0,vlog
performative,0,challenge
performative,0,tutorial
performative,0,dance
organic,0,vlog
no_child,1,storytime
performative,0,toy_play
organic,0,vlog
organic,0,storytime
performative,0,roleplay
performative,0,roleplay
organic,0,storytime
organic,0,storytime
performative,0,challenge
performative,0,challenge
performative,0,challenge
performative,0,game
performative,0,challenge
organic,0,vlog
ambiguous,0,other
no_child,0,storytime
no_child,0,medical
organic,0,milestone
performative,1,reaction
amiguous,1,drama
organic,0,vlog
organic,0,storytime
ambiguous,0,drama
performative,1,storytime
performative,1,prank
performative,1,roleplay
organic,1,vlog
organic,1,storytime
performative,1,drama
performative,0,tutorial
organic,1,storytime
organic,1,milestone
ambiguous,0,other
organic,0,vlog
organic,0,vlog
performative,1,prank
performative,0,music_dance
organic,0,vlog
organic,1,storytime
organic,1,drama
organic,0,tutorial
organic,0,tutorial
organic,0,milestone
performative,0,challenge
performative,0,unboxing
performative,1,prank
performative,0,other
organic,0,storytime
performative,1,drama
performative,1,drama
ambiguous,1,storytime
ambiguous,1,storytime
ambiguous,1,storytime
ambiguous,0,storytime
performative,0,tutorial
performative,0,tutorial
organic,0,vlog
organic,0,milestone
organic,1,drama
organic,1,storytime
performative,1,prank
organic,0,vlog
performative,1,medical
organic,1,storytime
no_child,1,medical
no_child,1,medical
organic,0,milestone
organic,0,storytime
performative,0,tutorial
organic,0,vlog
performative,1,storytime
ambiguous,0,storytime
organic,0,vlog
organic,0,vlog
performative,1,storytime
performative,0,challenge
organic,0,vlog
organic,1,storytime
performative,0,tutorial
performative,1,storytime
ambiguous,0,storytime
organic,0,vlog
organic,0,vlog
ambiguous,1,storytime
organic,0,storytime
performative,0,prank
organic,0,storytime
organic,0,milestone
performative,0,toy_play
ambiguous,0,reaction
organic,0,vlog
organic,0,milestone
performative,0,tutorial
organic,0,vlog
organic,0,milestone
organic,0,storytime
organic,0,hauls
organic,1,storytime
ambiguous,0,reaction
ambiguous,0,reaction
organic,1,storytime
performative,0,reaction
organic,0,storytime
organic,0,storytime
organic,0,milestone
organic,0,storytime
organic,0,vlog
performative,0,game
performative,0,reaction
organic,1,storytime
organic,0,vlog
organic,0,storytime
organic,0,vlog
organic,1,storytime
ambiguous,0,storytime
organic,0,vlog
organic,0,storytime
organic,0,storytime
organic,1,storytime
organic,0,storytime
organic,0,storytime
performative,0,roleplay
ambiguous,0,drama
performative,0,challenge
organic,0,music_dance
organic,0,vlog
organic,1,storytime
organic,0,milestone
performative,0,music_dance
organic,0,storytime
organic,1,storytime
performative,0,prank
organic,0,milestone
organic,1,storytime
performative,0,challenge
performative,0,roleplay
ambiguous,0,other
organic,0,storytime
organic,0,storytime
organic,0,milestone
performative,0,challenge
organic,0,storytime
organic,0,milestone
organic,0,milestone
organic,0,storytime
organic,0,milestone
organic,0,storytime
organic,0,storytime
organic,0,milestone
performative,0,roleplay
ambiguous,1,drama
ambiguous,1,drama
performative,0,music_dance
performative,0,music_dance
no_child,0,announcement
no_child,0,announcement
performative,0,reaction
organic,0,milestone
ambiguous,0,other
organic,0,storytime
organic,0,reaction
organic,0,milestone
performative,0,game
ambiguous,1,drama
ambiguous,1,drama
organic,0,milestone
ambiguous,0,other
ambiguous,1,storytime
organic,0,storytime
performative,0,roleplay
ambiguous,0,other
organic,0,vlog
ambiguous,0,reaction
organic,0,milestone
performative,1,prank
performative,1,reaction
organic,0,milestone
performative,0,reaction
performative,1,reaction
organic,0,milestone
organic,0,other
organic,0,milestone
performative,0,storytime
performative,0,storytime
organic,0,milestone
organic,0,milestone
performative,0,milestone
performative,0,milestone
performative,0,giveaway
performative,0,milestone
performative,0,milestone
organic,0,milestone
performative,0,milestone
performative,0,milestone
performative,1,storytime
performative,0,milestone
performative,1,prank
performative,0,reaction
performative,0,reaction
no_child,0,milestone
no_child,0,milestone
performative,0,toy_play
performative,0,milestone
performative,1,reaction
performative,1,reaction
performative,1,reaction
performative,0,reaction
performative,1,storytime
performative,0,milestone
performative,1,challenge
performative,0,milestone
performative,0,milestone
performative,1,reaction
performative,1,reaction
performative,1,reaction
performative,0,reaction
no_child,0,storytime
no_child,0,other
no_child,0,other
performative,0,roleplay
organic,0,vlog
organic,0,vlog
organic,0,storytime
performative,0,roleplay
organic,0,vlog
performative,1,storytime
performative,0,challenge
performative,0,reaction
organic,0,milestone
organic,0,milestone
organic,0,storytime
ambiguous,1,drama
organic,1,storytime
organic,1,storytime
performative,0,roleplay
performative,0,challenge
performative,1,tutorial
performative,0,reaction
performative,0,tutorial
performative,0,music_dance
organic,0,vlog
performative,1,challenge
performative,0,roleplay
organic,1,storytime
performative,0,game
performative,0,reaction
organic,0,vlog
organic,0,storytime
organic,0,milestone
performative,0,dance
organic,0,vlog
performative,0,announcement
performative,1,drama
performative,1,drama
performative,0,challenge
performative,0,reaction
performative,0,reaction
performative,0,game
organic,0,milestone
performative,0,announcement
performative,0,party
performative,0,party
performative,0,party
organic,0,milestone
ambiguous,1,drama
performative,0,reaction
organic,0,storytime
organic,0,milestone
no_child,1,storytime
performative,0,drama
performative,1,prank
performative,0,challenge
organic,0,vlog
performative,1,drama
organic,0,storytime
organic,0,milestone
performative,0,roleplay
organic,1,vlog
organic,0,vlog
organic,1,storytime
performative,1,prank
performative,0,roleplay
organic,0,vlog
amiguous,0,storytime
organic,0,vlog
performative,0,roleplay
organic,1,milestone
organic,1,drama
performative,0,game
organic,1,storytime
performative,0,game
organic,0,vlog
performative,0,challenge
organic,0,storytime
organic,0,storytime
organic,0,storytime
organic,0,milestone
organic,0,storytime
performative,0,prank
medical,1,medical
organic,0,vlog
organic,1,milestone
organic,1,milestone
medical,1,medical
organic,0,storytime
ambiguous,0,storytime
organic,0,storytime
ambiguous,0,other
performative,0,game
amiguous,0,milestone
organic,0,vlog
performative,0,game
other,0,other
organic,1,storytime
performative,0,game
organic,0,milestone
organic,1,milestone
organic,0,milestone
performative,0,challenge
organic,0,vlog
organic,0,vlog
organic,0,vlog
organic,0,storytime
performative,0,challenge
performative,0,challenge
performative,0,challenge
performative,0,reaction
organic,0,vlog
organic,1,storytime
performative,0,challenge
performative,1,drama
performative,0,roleplay
performative,0,reaction
performative,0,reaction
performative,0,prank
organic,0,vlog
ambiguous,1,storytime
ambiguous,0,drama
ambiguous,1,drama
organic,0,vlog
performative,0,unboxing
organic,0,vlog
performative,0,challenge
performative,0,challenge
performative,1,drama
organic,0,vlog
amiguous,1,storytime
organic,1,storytime
organic,0,vlog
organic,0,milestone
performative,0,challenge
organic,0,vlog
organic,0,vlog
organic,1,storytime
organic,0,vlog
performative,0,music_dance
organic,0,storytime
performative,0,reaction
ambiguous,1,drama
no_child,0,other
organic,0,milestone
organic,0,vlog
performative,0,challenge
performative,0,toy_play
performative,0,game
amiguous,1,storytime
amiguous,1,storytime
performative,0,challenge
performative,0,challenge
emotional_exploitation,1,storytime
ambiguous,0,reaction
organic,0,vlog
organic,0,vlog
performative,0,roleplay
ambiguous,1,other
organic,0,vlog
organic,0,vlog
performative,0,challenge
no_child,0,other
ambiguous,0,cooking
organic,0,vlog
organic,0,vlog
performative,0,challenge
ambiguous,0,other
organic,0,prank
performative,0,challenge
performative,0,challenge
emotionally_exploit,1,storytime
organic,0,vlog
no_child,0,other
no_child,1,other
organic,0,vlog
performative,0,music_dance
organic,0,vlog
performative,0,challenge
no_child,0,other
performative,0,holiday_special
performative,0,holiday_special
performative,0,holiday_special
performative,0,dance
no_child,0,other
performative,1,reaction
no_child,0,other
performative,1,drama
no_child,0,other
no_child,0,other
no_child,0,other
performative,1,reaction
organic,0,vlog
organic,0,vlog
no_child,0,other
organic,0,vlog
performative,0,music_dance
performative,0,storytime
no_child,0,other
organic,0,vlog
organic,0,vlog
performative,0,roleplay
ambiguous,0,other
organic,0,vlog
performative,0,roleplay
organic,0,vlog
performative,0,challenge
organic,0,vlog
organic,0,vlog
organic,0,vlog
performative,0,game
performative,0,roleplay
organic,0,vlog
organicc,0,vlog
organic,0,vlog
organic,0,vlog
ambiguous,0,drama
organic,0,storytime
performative,0,challenge
performative,0,reaction
organic,0,vlog
organic,0,vlog
ambiguous,0,other
organic,0,vlog
performative,0,challenge
performative,0,roleplay
amiguous,0,drama
ambiguous,1,reaction
ambiguous,1,reaction
ambiguous,0,storytime
ambiguous,0,storytime
performative,0,roleplay
performative,0,game
organic,0,vlog
ambiguous,1,drama
performative,0,unboxing
organic,0,milestone
organic,0,milestone
organic,0,milestone
performative,0,game
organic,0,vlog
ambiguous,0,storytime
ambiguous,1,reaction
performative,0,adventure
amiguous,0,reaction
performative,0,tutorial
performative,0,tutorial
ambiguous,1,storytime
ambiguous,1,drama
ambiguous,1,drama
organic,0,vlog
ambiguous,1,drama
organic,0,vlog
organic,0,vlog
ambiguous,1,drama
performative,1,reaction
performative,0,tutorial
ambiguous,1,challenge
organic,0,vlog
ambiguous,1,storytime
performative,0,roleplay
performative,0,prank
ambiguous,0,game
ambiguous,1,storytime
performative,0,roleplay
ambiguous,1,reaction
performative,0,challenge
performative,0,misc
organic,1,storytime
organic,0,vlog
performative,0,vlog
organic,1,storytime
ambiguous,0,challenge
ambiguous,1,reaction
performative,0,reaction
ambiguous,1,storytime
performative,1,prank
ambiguous,0,storytime
ambiguous,1,reaction
ambiguous,1,reaction
organic,0,travel
organic,0,tour
organic,0,storytime
organic,0,milestone
organic,0,unboxing
organic,0,travel
performative,0,reaction
ambiguous,1,storytime
performative,0,toy_play
organic,0,vlog
other,0,misc
performative,0,challenge
organic,0,tour
organic,0,vlog
performative,0,toy_play
organic,0,milestone
organic,0,vlog
organic,0,reaction
organic,0,milestone
performative,0,milestone
organic,0,tutorial
performative,0,roleplay
performative,0,toy_play
performative,0,music_dance
performative,1,reaction
performative,0,challenge
organic,0,vlog
organic,0,vlog
performative,0,challenge
organic,0,vlog
organic,0,vlog
organic,0,vlog
performative,0,roleplay
organic,0,vlog
performative,0,reaction
performative,0,surprise/unboxing
performative,0,toy_play
performative,0,challenge
tutorial,0,tutorial
organic,0,vlog
organic,0,vlog
organic,0,vlog
ambiguous,0,other
organic,0,storytime
organic,0,milestone
organic,0,other
organic,0,toy_play
organic,0,vlog
organic,0,vlog
ambiguous,0,other
performative,0,reaction
organic,0,vlog
organic,0,vlog
performative,0,unboxing
organic,0,storytime
performative,0,reaction
other,0,other
performative,0,challenge
performative,0,toy_play
performative,0,storytime
performative,0,storytime
performative,0,roleplay
organic,0,vlog
organic,0,tutorial
tutorial,0,tutorial
performative,0,storytime
organic,0,vlog
other,0,other
performative,0,challenge
organic,0,storytime
performative,0,toy_play
performative,0,game
organic,0,storytime
performative,0,roleplay
ambiguous,0,game
performative,0,prank
organic,0,vlog
ambiguous,0,game
ambiguous,0,vlog
organic,0,milestone
organic,0,vlog
organic,0,vlog
organic,0,vlog
organic,0,vlog
organic,0,milestone
performative,1,game
organic,0,vlog
organic,0,milestone
organic,1,drama
organic,0,vlog
organic,0,vlog
organic,0,milestone
ambiguous,0,game
no_child,0,vlog
organic,0,tutorial
no_child,1,reaction
organic,0,reaction
organic,0,reaction
organic,0,milestone
organic,0,milestone
no_child,0,milestone
amiguous,0,reactoin
organic,0,vlog
performative,0,game
performative,0,challenge
performative,0,game
organic,0,vlog
performative,0,prank
no_child,0,q&a
organic,0,milestone
performative,0,game
performative,0,music_dance
performative,0,roleplay
organic,0,toy_play
performative,1,roleplay
performative,0,game
no_child,0,q&a
no_child,0,milestone
organic,0,travel
performative,0,adventure
performative,0,challenge
organic,0,vlog
performative,0,game
organic,0,vlog
organic,0,q&a
performative,0,roleplay
performative,0,challenge
performative,0,challenge
organic,0,storytime
organic,0,toy_play
organic,0,q&a
performative,0,challenge
organic,0,travel
performative,0,drama
organic,0,milestone
organic,0,storytime
organic,0,q&a
performative,0,challenge
performative,0,challenge
performative,0,toy_play
organic,0,milestone
performative,0,storytime
organic,0,milestone
organic,0,q&a
performative,0,toy_play
performative,0,challenge
organically,0,milestone
organic,0,storytime
performative,0,toy_play
organic,0,q&a
performative,0,challenge
organic,0,storytime
performative,1,storytime
organic,0,storytime
organic,0,milestone
organic,0,travel
organic,0,storytime
organic,0,vlog
performative,0,toy_play
organic,0,storytime
organic,0,toy_play
organic,0,storytime
organic,0,vlog
organic,0,q&a
organic,0,milestone
organic,0,milestone
performative,0,toy_play
organic,0,milestone
performative,0,challenge
performative,0,toy_play
organic,0,q&a
organic,0,travel
performative,0,challenge
other,0,other
organic,0,vlog
performative,0,challenge
organic,0,vlog
performative,0,roleplay
performative,0,storytime
reaction,0,reaction
organic,0,vlog
other,0,other
performative,0,game
organic,0,vlog
organic,0,vlog
other,0,other
organic,0,vlog
organic,0,vlog
organic,0,storytime
organic,0,vlog
organic,0,vlog
organic,0,vlog
organic,0,vlog
organic,0,vlog
other,0,other
organic,0,vlog
organic,0,vlog
organic,0,vlog
performative,0,roleplay
other,0,other
other,0,other
other,0,other
organic,0,vlog
other,0,milestone
organic,0,vlog
performative,0,challenge
performative,0,game
performative,0,challenge
organic,0,vlog
performative,0,challenge
performative,0,game
performative,0,challenge
organic,0,vlog
other,0,other
other,0,other
organic,0,vlog
performative,0,other
organic,0,storytime
other,0,other
performative,0,game
organic,0,vlog
performative,0,game
organic,0,vlog
organic,0,vlog
performative,0,challenge
organic,0,vlog
performative,0,cooking
organic,0,vlog
organic,0,vlog
ambiguous,0,live
organic,0,morning_routine
organic,0,family_vlog
organic,0,family_vlog
organic,0,family_vlog
organic,1,reaction
organic,0,storytime
organic,0,milestone
organic,0,travel
organic,0,storytime
organic,0,storytime
organic,0,storytime
organic,0,storytime
organic,0,storytime
organic,0,storytime
organic,0,storytime
organic,0,storytime
organic,0,storytime
organic,0,storytime
organic,0,storytime
organic,0,storytime
organic,0,storytime
organic,0,storytime
organic,0,storytime
organic,0,storytime
organic,0,storytime
organic,0,storytime
organic,0,storytime
organic,0,storytime
organic,0,storytime
organic,0,storytime
organic,1,storytime
organic,0,storytime
organic,0,storytime
organic,0,storytime
organic,0,storytime
organic,0,storytime
performative,0,dance
performative,0,prank
performative,0,reaction
performative,0,cooking
performative,0,milestone
performative,0,vlog
performative,0,roleplay
organic,0,vlog
organic,0,vlog
organic,0,tutorial
organic,0,vlog
performative,0,reaction
organic,0,vlog
performative,0,milestone
organic,0,vlog
organic,0,vlog
organic,0,vlog
organic,0,vlog
organic,0,vlog
organic,0,storytime
organic,0,vlog
performative,0,prank
organic,0,vlog
organic,0,vlog
performative,0,tutorial
performative,0,reaction
organic,0,vlog
organic,0,vlog
organic,0,vlog
organic,0,vlog
organic,0,storytime
organic,0,vlog
organic,0,vlog
organic,0,vlog
organic,1,vlog
organic,0,vlog
organic,0,vlog
performative,0,milestone
organic,0,milestone
ambiguous,0,other
organic,0,vlog
organic,0,vlog
milestone,0,milestone
ambiguous,0,other
organic,0,vlog
organic,0,vlog
ambiguous,0,announcement
organic,0,storytime
organic,0,vlog
organic,0,tutorial
organic,0,milestone
ambiguous,0,other
organic,0,tutorial
organic,0,storytime
organic,0,vlog
performative,0,reaction
ambiguous,0,other
organic,1,vlog
no_child,0,tutorial
no_child,0,vlog
organic,0,vlog
organic,0,vlog
organic,1,vlog
performative,0,challenge
organic,0,vlog
organic,0,storytime
organic,0,vlog
organic,0,storytime
organic,0,vlog
organic,0,milestone
organic,0,milestone
no_child,0,recipe
organic,0,milestone
organic,1,storytime
organic,1,storytime
no_child,0,vlog
organic,0,storytime
organic,1,reaction
organic,1,storytime
no_child,0,advice
no_child,0,announcement
no_child,0,unboxing
organic,0,milestone
organic,0,vlog
organic,0,milestone
organic,0,milestone
no_child,0,tutorial
performative,0,storytime
performative,0,roleplay
organic,0,vlog
no_child,0,vlog
no_child,0,recipe
organic,0,milestone
organic,0,storytime
organic,0,vlog
performative,0,reaction
organic,0,vlog
organic,0,storytime
organic,0,reaction
performative,0,storytime
no_child,0,recipe
performative,0,storytime
performative,0,storytime
organic,1,storytime
organic,0,vlog
organic,0,milestone
organic,0,storytime
no_child,0,other
organic,0,vlog
performative,0,tutorial
organic,0,vlog
organic,0,storytime
ambiguous,1,other
performative,0,q&a
organic,0,storytime
organic,0,vlog
performative,0,haul
organic,0,vlog
organic,1,storytime
performative,0,tutorial
organic,0,storytime
organic,0,vlog
organic,0,storytime
performative,0,promotion
organic,0,storytime
performative,0,tutorial
organic,0,vlog
organic,0,vlog
organic,0,vlog
ambiguous,0,other
ambiguous,0,shorts
organic,0,vlog
ambiguous,0,other
organic,0,vlog
ambiguous,0,vlog
performative,0,challenge
organic,0,storytime
ambiguous,0,shorts
ambiguous,0,other
organic,1,storytime
performative,0,quiz
performative,0,quiz
organic,0,storytime
organic,0,storytime
organic,1,storytime
organic,1,storytime
organic,0,storytime
organic,1,storytime
organic,1,storytime
organic,1,storytime
organic,0,vlog
organic,0,storytime
organic,0,storytime
organic,0,storytime
organic,0,storytime
organic,0,shorts
organic,0,storytime
organic,0,vlog
organic,1,vlog
organic,0,vlog
performative,0,challenge
organic,0,vlog
performative,0,challenge
organic,0,vlog
organic,0,vlog
performative,0,challenge
organic,0,vlog
performative,0,challenge
performative,0,challenge
organic,1,storytime
performative,0,challenge
organic,1,storytime
ambiguous,0,reaction
organic,1,storytime
organic,0,vlog
organic,1,storytime
organic,0,vlog
organic,0,vlog
performative,0,challenge
ambiguous,0,reaction
performative,0,tutorial
organic,0,vlog
ambiguous,1,reaction
organic,0,storytime
organic,0,vlog
organic,0,vlog
ambiguous,0,other
organic,1,storytime
organic,0,storytime
organic,0,vlog
organic,0,storytime
organic,0,vlog
organic,0,storytime
performative,0,tutorial
organic,1,storytime
organic,0,vlog
ambiguous,0,other
organic,1,storytime
organic,0,vlog
organic,0,vlog
ambiguous,0,reaction
organic,0,vlog
performative,0,challenge
organic,0,vlog
ambiguous,0,other
organic,0,vlog
ambiguous,0,reaction
organic,0,vlog
organic,0,storytime
organic,0,storytime
organic,0,vlog
organic,1,storytime
ambiguous,0,game
ambiguous,0,reaction
ambiguous,0,reaction
organic,1,storytime
performative,0,vlog
ambiguous,1,storytime
organic,0,storytime
organic,0,vlog
organic,0,milestone
organic,0,milestone
organic,0,vlog
organic,0,storytime
organic,0,storytime
organic,0,storytime
organic,0,travel
organic,0,vlog
organic,0,milestone
performative,0,vlog
performative,0,vlog
performative,0,tutorial
performative,0,tutorial
organic,0,vlog
organic,0,live
organic,0,vlog
organic,0,vlog
organic,0,vlog
organic,0,vlog
organic,0,vlog
organic,0,recipe
organic,0,storytime
organic,0,travel
organic,0,travel
organic,0,travel
organic,0,travel
no_child,0,other
organic,0,milestone
organic,0,vlog
organic,0,reaction
organic,0,vlog
organic,0,storytime
performative,0,milestone
performative,0,shorts
organic,0,milestone
organic,0,vlog
organic,0,storytime
ambiguous,0,storytime
ambiguous,0,reaction
organic,0,vlog
organic,0,vlog
organic,0,milestone
organic,0,vlog
organic,0,other
organic,0,vlog
ambiguous,0,reaction
organic,0,vlog
ambiguous,0,reaction
organic,1,storytime
ambiguous,0,reaction
ambiguous,1,reaction
ambiguous,0,storytime
ambiguous,0,reaction
organic,0,vlog
organic,0,vlog
organic,1,reaction
ambiguous,0,storytime
organic,0,vlog
organic,0,milestone
ambiguous,1,therapy
organic,0,vlog
ambiguous,0,reaction
organic,0,milestone
organic,0,milestone
performative,0,medical
performative,0,tutorial
performative,0,tutorial
performative,0,other
performative,0,vlog
organic,0,vlog
performative,0,other
organic,0,vlog
organic,1,storytime
organic,0,milestone
ambiguous,0,reaction
organic,0,vlog
organic,0,milestone
organic,0,vlog
ambiguous,0,reaction
performative,0,other
ambiguous,1,therapy
organic,0,vlog
performative,0,haul
performative,0,haul
organic,0,haul
ambiguous,1,reaction
performative,0,makeover
organic,0,vlog
organic,0,vlog
organic,0,vlog
ambiguous,0,shorts
organic,0,vlog
organic,1,vlog
organic,0,shorts
organic,0,vlog
ambiguous,0,shorts
organic,0,vlog
ambiguous,0,shorts
organic,0,shorts
organic,0,shorts
organic,0,vlog
organic,0,vlog
organic,0,vlog
organic,0,vlog
organ   ic,0,vlog
organic,0,shorts
organic,0,shorts
organic,0,shorts
organic,0,shorts
organic,0,shorts
organic,0,vlog
organic,0,vlog
organic,0,vlog
organic,0,vlog
organic,0,vlog
organic,0,vlog
organic,0,vlog
organic,1,milestone
organic,0,vlog
organic,0,vlog
organic,0,vlog
organic,0,vlog
organic,0,vlog
organic,0,vlog
organic,0,vlog
organic,0,vlog
organic,0,vlog
organic,1,drama
organic,0,vlog
organic,0,vlog
organic,0,vlog
organic,0,vlog
organic,0,vlog
organ   ic,0,vlog
organic,1,milestone
ambiguous,0,other
ambiguous,0,other
organic,0,vlog
no_child,1,medical
organic,0,milestone
performative,0,prank
organic,1,storytime
organic,0,vlog
ambiguous,0,reaction
organic,1,vlog
performative,0,challenge
organic,0,storytime
performative,0,tutorial
organic,0,vlog
organic,0,reaction
organic,0,storytime
organic,0,vlog
organic,0,milestone
organic,0,storytime
organic,0,travel
ambiguous,0,reaction
performative,0,tutorial
organic,0,vlog
organic,0,vlog
performative,0,tutorial
ambiguous,0,reaction
performative,0,tutorial
performative,0,challenge
performative,0,reaction
performative,0,tutorial
no_child,1,reaction
organic,0,milestone
organic,0,vlog
ambiguous,0,reaction
organic,0,vlog
organic,0,storytime
organic,0,travel
performative,0,reaction
performative,0,challenge
organic,0,vlog
ambiguous,0,milestone
organic,0,milestone
no_child,0,announcement
organic,1,storytime
organic,0,milestone
organic,0,milestone
organic,1,storytime
organic,0,storytime
no_child,1,reaction
performative,0,reaction
organic,0,vlog
ambiguous,0,reaction
organic,0,vlog
organic,0,milestone
organic,0,milestone
organic,1,storytime
organic,0,milestone
organic,0,milestone
organic,0,milestone
organic,0,milestone
organic,0,milestone
organic,0,milestone
organic,0,milestone
organic,0,storytime
organic,0,milestone
organic,0,milestone
organic,1,storytime
organic,0,vlog
organic,0,storytime
organic,0,storytime
organic,1,storytime
performative,0,roleplay
organic,0,milestone
organic,0,unboxing
organic,0,challenge
organic,0,milestone
organic,0,milestone
organic,0,milestone
organic,0,challenge
organic,0,milestone
organic,0,milestone
organic,0,milestone
organic,0,milestone
performative,0,reaction
organic,0,milestone
organic,0,milestone
organic,0,milestone
organic,0,milestone
organic,1,storytime
organic,0,milestone
organic,0,milestone
organic,0,milestone
organic,0,milestone
organic,0,storytime
organic,0,challenge
organic,0,milestone
organic,0,milestone
organic,0,reaction
organic,0,milestone
organic,0,milestone
organic,0,milestone
organic,0,milestone
organic,0,vlog
ambiguous,1,storytime
organic,1,storytime
organic,0,vlog
organic,0,vlog
organic,0,vlog
organic,0,vlog
organic,0,vlog
organic,0,vlog
organic,0,vlog
organic,0,vlog
organic,0,vlog
organic,0,vlog
organic,0,vlog
organic,0,vlog
organic,0,vlog
organic,0,vlog
organic,0,haul
organic,0,vlog
organic,0,vlog
organic,1,storytime
organic,0,travel
organic,0,vlog
organic,1,storytime
organic,0,travel
organic,0,vlog
organic,0,haul
organic,0,vlog
organic,0,storytime
ambiguous,0,shorts
organic,0,vlog
organic,0,storytime
ambiguous,0,storytime
ambiguous,0,shorts
organic,1,reaction
organic,0,vlog
organic,1,storytime
performative,0,vlog
performative,0,reaction
organic,0,vlog
performative,0,other
organic,0,reaction
organic,1,storytime
performative,0,tutorial
organic,0,vlog
ambiguous,0,shorts
performative,0,other
organic,0,reaction
ambiguous,1,shorts
performative,0,tutorial
organic,0,vlog
no_child,0,milestone
no_child,0,milestone
organic,0,vlog
performative,0,reaction
organic,0,vlog
performative,0,reaction
no_child,0,milestone
no_child,0,storytime
organic,0,vlog
ambiguous,0,challenge
no_child,0,milestone
no_child,0,milestone
performative,0,tutorial
performative,0,reaction
no_child,0,storytime
performative,0,challenge
performative,0,reaction
performative,0,milestone
performative,0,milestone
no_child,0,vlog
no_child,1,storytime
no_child,1,storytime
no_child,0,milestone
no_child,0,milestone
performative,0,tutorial
performative,0,milestone
performative,0,milestone
performative,0,milestone
performative,0,vlog
performative,0,reaction
performative,0,reaction
performative,0,reaction
no_child,0,storytime
no_child,0,storytime
no_child,1,storytime
performative,0,tutorial
performative,0,milestone
no_child,0,travel
no_child,0,storytime
performative,0,reaction
performative,0,reaction
performative,0,reaction
no_child,0,storytime
no_child,0,storytime
no_child,1,storytime
performative,0,travel
performative,0,reaction
performative,0,reaction
performative,0,reaction
no_child,0,other
no_child,0,other
organic,0,vlog
organic,0,vlog
organic,0,vlog
no_child,0,other
performative,0,challenge
performative,0,challenge
organic,0,vlog
organic,0,vlog
organic,0,vlog
no_child,0,other
organic,1,vlog
organic,0,vlog
no_child,0,other
no_child,0,other
no_child,0,other
no_child,1,storytime
organic,1,milestone
organic,0,vlog
organic,0,vlog
organic,1,reaction
no_child,1,storytime
no_child,1,reaction
no_child,1,reaction
no_child,0,reaction
no_child,0,reaction
no_child,0,reaction
no_child,1,reaction
performative,0,challenge
organice,0,vlog
organic,1,milestone
organic,0,travel
no_child,0,other
no_child,0,other
no_child,0,other
no_child,0,other
no_child,0,other
no_child,1,storytime
performance,1,storytime
no_child,0,other
no_child,0,other
no_child,0,other
no_child,1,storytime
organic,0,vlog
organic,0,travel
no_child,0,other
no_child,0,other
no_child,0,other
no_child,0,other
organic,0,vlog
ambiguous,0,reaction
organic,0,vlog
organic,0,vlog
organic,0,vlog
organic,1,storytime
organic,0,drama
organic,1,reaction
organic,0,reaction
organic,0,reaction
organic,0,reaction
organic,0,reaction
organic,0,reaction
organic,0,tutorial
organic,0,vlog
organic,0,reaction
organic,0,reaction
organic,0,reaction
organic,0,reaction
organic,0,reaction
organic,0,reaction
organic,0,reaction
organic,1,storytime
organic,0,storytime
organic,0,reaction
organic,0,vlog
organic,0,vlog
organic,1,storytime
organic,0,reaction
organic,0,storytime
organic,0,reaction
organic,0,reaction
organic,0,travel
organic,0,travel
organic,1,storytime
organic,0,vlog
organic,0,vlog
organic,0,reaction
organic,0,storytime
organic,0,storytime
organic,0,reaction
organic,0,travel
organic,0,reaction
organic,0,reaction
organic,0,storytime
organic,0,reaction
organic,0,reaction
organic,0,unboxing
organic,0,milestone
organic,0,storytime
organic,0,vlog
organic,0,vlog
ambiguous,0,reaction
ambiguous,0,reaction
organic,0,vlog
organic,0,vlog
organic,1,storytime
organic,0,vlog
organic,0,vlog
organic,0,vlog
organic,0,vlog
organic,0,vlog
organic,0,vlog
organic,0,vlog
organic,0,vlog
organic,0,vlog
ambiguous,0,other
ambiguous,0,reaction
ambiguous,0,reaction
organic,0,vlog
organic,0,vlog
organic,0,reaction
organic,0,vlog
ambiguous,0,reaction
organic,0,storytime
organic,0,vlog
organic,0,reaction
ambiguous,1,storytime
organic,1,storytime
ambiguous,0,vlog
organic,0,vlog
organic,0,vlog
organic,0,vlog
organic,0,tutorial
organic,0,vlog
organic,1,storytime
organic,0,vlog
organic,0,vlog
organic,0,vlog
organic,0,vlog
organic,0,storytime
organic,0,vlog
organic,0,vlog
organic,1,storytime
organic,0,vlog
organic,0,vlog
organic,0,vlog
organic,0,vlog
organic,0,vlog
performative,0,vlog
organic,0,vlog
performative,0,challenge
organic,0,vlog
organic,0,vlog
organic,0,medical
organic,0,announcement
performative,0,challenge
ambiguous,0,reaction
organic,0,halloween
performative,0,challenge
organic,0,vlog
performative,0,activity
organic,1,reaction
organic,0,vlog
organic,0,vlog
organic,0,tour
organic,0,milestone
organic,0,milestone
organic,1,milestone
organic,1,milestone
organic,1,milestone
organic,0,milestone
organic,0,milestone
organic,0,milestone
organic,0,milestone
organic,0,milestone
organic,0,milestone
organic,0,milestone
organic,0,milestone
organic,0,milestone
organic,0,milestone
organic,0,milestone
organic,0,milestone
organic,0,milestone
organic,0,milestone
organic,0,milestone
organic,0,milestone
organic,0,milestone
organic,0,milestone
performative,0,shopping
organic,0,shopping
organic,0,shopping
organic,0,shopping
no_child,0,other
organic,0,storytime
ambiguous,0,reaction
organic,0,challenge
organic,0,party
performative,0,challenge
organic,0,vlog
organic,0,vlog
organic,0,vlog
organic,0,vlog
organic,0,vlog
organic,0,vlog
organic,0,vlog
organic,0,vlog
organic,0,vlog
organic,0,vlog
organic,0,vlog
organic,0,vlog
organic,0,vlog
organic,0,vlog
organic,0,vlog
organic,0,vlog
organic,0,vlog
organic,0,vlog
organic,0,vlog
organic,0,vlog
organic,0,vlog
organic,0,vlog
organic,0,vlog
organic,0,vlog
organic,0,vlog
organic,0,vlog
organic,0,vlog
organic,0,vlog
organic,0,vlog
organic,0,vlog
organic,0,vlog
organic,0,vlog
organic,0,vlog
organic,0,vlog
organic,0,vlog
organic,0,vlog
organic,0,vlog
organic,0,vlog
organic,0,vlog
organic,0,vlog
organic,0,vlog
organic,0,vlog
organic,0,vlog
organic,0,vlog
organic,0,vlog
organic,0,vlog
organic,0,vlog
organic,0,vlog
organic,0,vlog
organic,0,vlog
organic,0,vlog
performative,0,milestone
ambiguous,0,storytime
performative,0,challenge
ambiguous,0,vlog
organic,0,milestone
organic,1,storytime
ambiguous,1,prank
organic,0,storytime
organic,1,storytime
organic,0,vlog
organic,0,vlog
organic,0,storytime
ambiguous,1,drama
ambiguous,0,reaction
performative,0,tutorial
performative,1,drama
organic,0,milestone
organic,0,vlog
organic,0,vlog
ambiguous,0,milestone
organic,0,vlog
ambiguous,0,challenge
organic,0,vlog
organic,0,storytime
ambiguous,1,drama
performative,0,challenge
performative,0,other
organic,0,milestone
organic,0,storytime
organic,0,milestone
ambiguous,0,reaction
performative,1,prank
organic,0,milestone
organic,0,milestone
organic,1,storytime
organic,0,milestone
organic,0,milestone
organic,0,milestone
organic,0,other
organic,0,milestone
organic,0,reaction
organic,0,milestone
organic,0,milestone
ambiguous,0,vlog
ambiguous,1,storytime
organic,0,milestone
ambiguous,1,storytime
organic,0,milestone
performative,1,challenge
performative,0,challenge
organic,0,vlog
performative,0,challenge
organic,0,vlog
performative,0,unboxing
performative,0,unboxing
organic,0,vlog
ambiguous,0,storytime
organic,0,vlog
ambiguous,0,storytime
organic,0,milestone
organic,0,milestone
organic,0,milestone
organic,0,vlog
organic,0,storytime
ambiguous,0,storytime
organic,0,vlog
organic,0,vlog
ambiguous,1,storytime
organic,0,storytime
organic,0,milestone
organic,0,vlog
organic,0,vlog
ambiguous,0,storytime
organic,0,vlog
organic,0,vlog
organic,0,milestone
organic,0,milestone
ambiguous,0,storytime
organic,0,milestone
organic,0,milestone
ambiguous,0,storytime
organic,0,milestone
organic,0,milestone
organic,0,milestone
performative,0,reaction
organic,0,milestone
organic,0,storytime
organic,0,milestone
organic,0,storytime
organic,0,vlog
organic,0,milestone
performative,0,tryon
organic,0,storytime
performative,0,shopping
performative,0,beauty
performative,0,beauty
organic,0,storytime
organic,0,shopping
organica,0,party
organica,0,storytime
organic,0,vlog
organic,0,vlog
organic,0,travel
organic,0,vlog
organic,0,travel
organic,0,reaction
organic,0,travel
organic,0,vlog
organic,0,travel
organic,0,other
organic,0,vlog
organic,0,travel
organic,0,milestone
organic,0,milestone
organic,0,milestone
organic,0,milestone
organic,0,milestone
organic,0,milestone
organic,0,reaction
performative,0,challenge
organic,0,vlog
organic,0,vlog
organic,0,vlog
organic,0,vlog
organic,0,vlog
organic,0,milestone
organic,0,milestone
organic,0,milestone
organic,0,milestone
organic,0,other
organic,0,reaction
organic,0,other
organic,0,other
organic,0,other
organic,0,challenge
organic,0,other
organic,0,milestone
organic,0,milestone
organic,0,milestone
organic,0,milestone
organic,0,travel
organic,0,travel
organic,0,travel
organic,0,travel
organic,0,travel
organic,0,travel
organic,0,travel
organic,0,travel
organic,0,travel
organic,0,travel
organic,0,vlog
organic,0,vlog
organic,0,vlog
organic,0,vlog
organic,0,milestone
organic,0,milestone
organic,0,milestone
ambiguous,0,other
organic,1,milestone
organic,0,music_dance
plain,0,storytime
organic,0,tutorial
performative,0,challenge
organic,0,storytime
organic,0,storytime
ambiguous,0,other
organic,0,storytime
organic,0,storytime
organic,0,travel
organic,0,toy_play
organic,0,milestone
organic,0,milestone
organic,0,storytime
organic,0,cooking
organic,0,storytime
organic,0,milestone
organic,0,milestone
performative,0,reaction
organic,0,vlog
performative,0,challenge
performative,0,prank
organic,0,vlog
performative,0,reaction
organic,0,travel
organic,1,storytime
organic,0,toy_play
organic,0,milestone
performative,0,reaction
organic,0,storytime
performative,0,challenge
performative,0,roleplay
organic,0,storytime
organic,0,reaction
organic,1,storytime
organic,0,travel
organic,0,vlog
organic,1,storytime
organic,0,other
ambiguous,0,other
ambiguous,0,other
performative,0,reaction
organic,1,storytime
performative,0,challenge
organic,0,vlog
organic,0,vlog
organic,0,vlog
organic,0,milestone
performative,0,roleplay
organic,0,vlog
organic,0,milestone
organic,0,storytime
organic,0,vlog
organic,0,tutorial
organic,0,vlog
organic,0,vlog
performative,0,reaction
organic,0,vlog
organic,0,storytime
performative,0,challenge
organic,0,storytime
performative,0,tutorial
performative,0,reaction
organic,0,vlog
performative,0,tutorial
organic,0,storytime
organic,0,routine
performative,0,challenge
organic,0,vlog
organic,1,storytime
organic,0,vlog
organic,0,update
organic,0,update
organic,0,tour
organic,0,milestone
organic,1,storytime
performative,0,reaction
organic,0,storytime
performative,0,roleplay
organic,0,storytime
performative,0,haul
performative,0,vlog
organic,0,special
organic,0,storytime
organic,0,milestone
organic,0,vlog
organic,0,milestone
organic,1,storytime
organic,0,haul
organic,0,storytime
organic,0,routine
organic,0,vlog
organic,0,vlog
organic,0,vlog
organic,0,vlog
organic,0,vlog
organic,0,storytime
organic,0,storytime
organic,0,storytime
organic,0,milestone
organic,1,milestone
organic,0,challenge
organic,0,storytime
organic,0,storytime
organic,0,milestone
organic,0,storytime
organic,0,milestone
organic,0,milestone
organic,0,milestone
organic,0,milestone
organic,0,milestone
organic,0,milestone
organic,0,milestone
organic,0,milestone
organic,0,milestone
organic,0,milestone
organic,0,milestone
organic,0,milestone
organic,0,milestone
organic,0,milestone
organic,0,milestone
organic,1,milestone
organic,0,milestone
organic,0,milestone
organic,0,milestone
organic,0,milestone
organic,0,milestone
organic,0,milestone
organic,0,milestone
organic,0,milestone
organic,0,milestone
organic,0,milestone
organic,0,milestone
organic,0,milestone
organic,0,milestone
organic,0,milestone
organic,0,milestone
organic,0,milestone
organic,0,milestone
organic,0,milestone
organic,0,milestone
performative,1,challenge
organic,0,storytime
organic,0,reaction
ambiguous,1,drama
performative,0,unboxing
organic,1,storytime
organic,0,vlog
organic,0,vlog
organic,0,storytime
organic,0,reaction
performative,0,challenge
organic,0,vlog
organic,0,milestone
organic,0,storytime
organic,0,milestone
performative,1,drama
organic,0,vlog
organic,0,milestone
organic,0,milestone
organic,0,vlog
ambiguous,1,drama
organic,0,vlog
ambiguous,0,storytime
ambiguous,0,storytime
organic,0,storytime
organic,1,milestone
performative,0,challenge
organic,0,storytime
organic,0,vlog
organic,0,milestone
organic,0,milestone
organic,0,vlog
ambiguous,1,drama
performative,0,challenge
ambiguous,1,drama
reaction,0,reaction
ambiguous,0,milestone
organic,0,storytime
organic,0,milestone
organic,0,storytime
organic,0,storytime
organic,0,milestone
organic,0,storytime
organic,0,storytime
organic,0,storytime
ambiguous,0,vlog
ambiguous,1,drama
organic,0,storytime
organic,0,vlog
ambiguous,1,storytime
organic,0,vlog
organic,0,reaction
performative,0,milestone
performative,0,challenge
organic,0,vlog
organic,1,storytime
organic,0,storytime
performative,0,unboxing
organic,1,storytime
organic,0,vlog
performative,0,challenge
performative,0,prank
organic,1,milestone
performative,1,storytime
organic,1,vlog
organic,0,vlog
organic,0,vlog
milestone,0,milestone
performative,1,reaction
organic,0,milestone
performative,0,milestone
organic,1,storytime
organic,1,storytime
organic,0,vlog
organic,0,storytime
organic,1,storytime
organic,1,storytime
performative,0,prank
organic,1,storytime
organic,0,vlog
organic,0,storytime
organic,0,vlog
performative,0,storytime
organic,0,storytime
performative,0,shopping
organic,0,milestone
performative,0,tutorial
organic,0,storytime
organic,0,travel
performative,0,milestone
organic,0,vlog
organic,0,vlog
organic,0,haul
performative,0,storytime
organic,0,milestone
organic,1,storytime
organic,0,vlog
organic,0,travel
performative,0,tutorial
organic,0,vlog
performative,0,other
performative,0,challenge
organic,0,vlog
performative,0,roleplay
organic,0,vlog
organic,0,vlog
organic,0,vlog
organic,0,vlog
performative,0,roleplay
performative,0,roleplay
organic,0,storytime
organic,0,vlog
organic,0,vlog
performative,0,storytime
organic,0,storytime
organic,0,shopping/vlog
performative,0,milestone
performative,0,milestone
performative,0,milestone
performative,0,milestone
performative,0,milestone
performative,0,storytime
organic,0,vlog
organic,0,vlog
organic,0,vlog
organic,0,vlog
performative,0,storytime
organic,0,storytime
organica,0,storytime
performative,0,storytime
performative,1,storytime
performative,0,roleplay
organic,0,vlog
organic,0,vlog
organic,0,vlog
performative,0,storytime
performative,0,milestone
performative,0,milestone
performative,0,milestone
performative,0,milestone
performative,0,milestone
performative,0,storytime
organic,0,vlog
organic,0,vlog
organic,0,vlog
organic,0,vlog
performative,1,storytime
organic,0,vlog
organic,0,vlog
organic,0,vlog
organic,0,vlog
organic,0,vlog
organic,0,vlog
organic,0,vlog
organic,1,storytime
organic,1,medical
organic,0,vlog
organic,0,vlog
organic,0,storytime
organic,0,storytime
organic,0,storytime
organic,1,storytime
organic,1,storytime
organic,1,storytime
organic,1,storytime
organic,0,storytime
performative,0,prank
organic,0,storytime
organic,0,storytime
organic,0,storytime
performative,0,roleplay
organic,0,vlog
organic,0,vlog
organic,1,storytime
organic,0,vlog
organic,0,storytime
organic,0,medical
organic,0,milestone
organic,0,vlog
organic,0,milestone
organic,0,storytime
performative,0,game
organic,0,vlog
organic,1,storytime
organic,0,storytime
organic,1,storytime
organic,0,storytime
organic,0,milestone
organic,1,storytime
organic,0,storytime
organic,0,vlog
organic,0,storytime
organic,0,milestone
organic,0,milestone
organic,0,vlog
organic,1,storytime
organic,1,storytime
organic,0,storytime
organic,0,storytime
organic,0,vlog
organic,0,vlog
organic,1,storytime
performative,0,challenge
organic,1,storytime
performative,0,challenge
performative,0,milestone
organic,1,medical
organic,0,vlog
organic,0,vlog
organic,1,storytime
organic,1,storytime
organic,0,storytime
organic,0,vlog
organic,0,vlog
performative,0,roleplay
organic,0,medical
organic,1,storytime
organic,0,vlog
organic,0,storytime
performative,0,challenge
performative,0,milestone
organic,1,storytime
performative,0,hauls
organic,0,vlog
organic,0,storytime
organic,0,storytime
performative,0,toy_play
organic,0,vlog
organic,0,vlog
performative,0,haul
performative,0,haul
performative,0,challenge
performative,0,roleplay
organic,1,medical
organic,0,medical
organic,0,vlog
performative,0,reaction
organic,1,storytime
organic,1,storytime
organic,0,storytime
organic,1,storytime
organic,0,medical
organic,0,tutorial
organic,0,vlog
organic,0,storytime
organic,1,storytime
organic,0,storytime
organic,1,storytime
organic,0,milestone
organic,0,vlog
organic,0,vlog
performative,0,roleplay
organic,0,vlog
organic,0,vlog
organic,1,storytime
organic,1,storytime
performative,0,roleplay
organic,0,vlog
performative,0,challenge
performative,0,challenge
organic,0,vlog
organic,0,vlog
organic,0,storytime
organic,0,milestone
performative,0,challenge
organic,1,storytime
organic,0,vlog
performative,0,challenge
organic,0,storytime
organic,1,storytime
organic,0,milestone
organic,0,vlog
organic,0,vlog
organic,0,milestone
organic,0,milestone
organic,0,vlog
organic,0,vlog
organic,0,vlog
performative,0,challenge
organic,0,vlog
organic,0,storytime
organic,0,milestone
organic,0,milestone
organic,0,vlog
organic,1,storytime
organic,0,vlog
organic,0,storytime
organic,0,vlog
organic,0,storytime
organic,0,storytime
performative,0,game
performative,0,roleplay
performative,0,music_dance
performative,1,storytime
performative,0,storytime
organic,0,storytime
performative,0,tryout
organic,1,storytime
performative,0,toy_play
organic,0,storytime
organic,0,vlog
organic,0,vlog
organic,0,vlog
organic,0,storytime
performative,0,game
organic,0,storytime
organic,0,vlog
organic,1,storytime
performative,0,roleplay
performative,0,challenge
organic,0,vlog
organic,0,travel
organic,0,travel
performative,0,prank
organic,1,medical
organic,1,storytime
organic,1,storytime
organic,0,travel
organic,0,vlog
organic,0,storytime
performative,1,milestone
organic,0,storytime
organic,0,travel
organic,0,travel
organic,0,travel
performative,0,storytime
performative,0,milestone
organic,0,vlog
organic,1,storytime
organic,1,storytime
organic,0,roleplay
organic,0,milestone
organic,0,challenge
organic,0,storytime
organic,0,storytime
organic,0,vlog
organic,0,storytime
organic,1,storytime
organic,1,storytime
organic,0,vlog
performative,0,milestone
performative,0,roleplay
performative,0,tutorial
organic,0,storytime
organic,0,storytime
organic,0,vlog
organic,0,milestone
organic,1,storytime
organic,0,milestone
organic,0,storytime
organic,0,vlog
performative,1,prank
organic,0,vlog
performative,0,roleplay
performative,0,roleplay
organic,0,vlog
organic,0,vlog
organic,1,storytime
organic,1,storytime
organic,0,storytime
organic,0,reaction
organic,1,storytime
organic,1,storytime
organic,1,storytime
organic,1,storytime
performative,0,game
organic,0,vlog
organic,0,talk
organic,0,vlog
organic,0,vlog
organic,0,tutorial
performative,0,reaction
organic,0,unboxing
organic,0,milestone
organic,0,milestone
organic,0,reaction
organic,0,milestone
organic,0,vlog
performative,0,performance
performative,0,unboxing
performative,0,roleplay
performative,0,challenge
organic,0,milestone
performative,0,tutorial
organic,1,storytime
organic,0,vlog
performative,0,roleplay
organic,0,vlog
organic,0,challenge
performative,0,shopping
performative,0,reaction
organic,0,storytime
performative,0,prank
performative,0,shopping
performative,0,challenge
performative,0,roleplay
organic,0,vlog
organic,0,vlog
performative,0,shopping
organic,0,vlog
organic,0,vlog
organic,0,vlog
organic,0,vlog
organic,0,vlog
organic,0,vlog
organic,0,vlog
organic,0,vlog
organic,0,vlog
performative,0,challenge
organic,0,vlog
organic,0,travel
organic,1,travel
performative,0,celebration
organic,0,vlog
organic,0,vlog
organic,1,storytime
organic,0,vlog
performative,0,challenge
performative,0,prank
organic,0,halloween
organic,0,vlog
organic,0,vlog
organic,0,vlog
organic,0,storytime
performative,0,vlog
organic,0,vlog
organic,0,vlog
organic,0,vlog
organic,0,vlog
performative,0,challenge
organic,0,vlog
organic,0,vlog
organic,0,vlog
organic,0,vlog
organic,0,vlog
organic,0,vlog
organic,0,milestone
performative,0,prank
organic,0,vlog
organic,0,vlog
organic,0,school
organic,0,vlog
organic,0,vlog
organic,1,storytime
organic,0,vlog
performative,0,challenge
organic,1,storytime
organc,0,haul
ambiguous,0,other
ambiguous,0,other
organic,0,vlog
organic,0,vlog
performative,0,roleplay
performative,0,unboxing
organic,0,vlog
organic,1,storytime
organic,0,vlog
organic,0,vlog
organic,0,storytime
performative,0,vlog
organic,0,vlog
organic,0,vlog
organic,0,travel
organic,0,vlog
organic,0,storytime
performative,0,haul
performative,0,vlog
ambiguous,0,other
organic,1,drama
organic,0,storytime
performative,0,haul
organic,0,storytime
performative,0,challenge
performative,0,prank
organic,0,vlog
performative,0,prank
performative,0,reaction
performative,0,milestone
performative,0,game
ambiguous,0,other
ambiguous,0,other
performative,0,tutorial
organic,1,storytime
organic,1,storytime
ambiguous,1,drama
ambiguous,0,milestone
ambiguous,0,storytime
performative,0,reaction
ambiguous,0,storytime
organic,0,vlog
ambiguous,0,storytime
ambiguous,1,reaction
organic,0,milestone
organic,0,travel
organic,1,storytime
organic,0,storytime
organic,1,storytime
performative,0,challenge
organic,0,milestone
organic,1,storytime
performative,0,game
performative,0,storytime
organic,0,vlog
performative,0,milestone
performative,0,milestone
ambiguous,0,drama
organic,0,milestone
performative,0,storytime
roleplay,0,prank
performative,0,prank
performative,0,tutorial
performative,0,storytime
organic,0,storytime
organic,0,storytime
organic,0,milestone
performative,1,prank
performative,0,game
organic,0,vlog
organic,0,storytime
organic,0,storytime
organic,1,storytime
organic,0,vlog
organic,0,vlog
performative,0,storytime
performative,1,storytime
performative,0,game
organic,0,milestone
organic,0,vlog
organic,0,storytime
no_child,0,medical
performative,1,storytime
organic,1,vlog
organic,0,vlog
organic,1,storytime
performative,0,drama
performative,0,challenge
organic,0,travel
organic,0,travel
performative,1,drama
organic,0,vlog
organic,0,vlog
organic,0,milestone
ambiguous,0,storytime
performative,0,reaction
performative,0,prank
performative,0,challenge
performative,0,game
performative,0,storytime
performative,0,reaction
performative,0,challenge
organic,0,vlog
ambiguous,0,prank
organic,0,vlog
ambiguous,0,reaction
performative,0,challenge
performative,1,prank
performative,0,reaction
performative,0,unboxing
ambiguous,0,storytime
organic,0,vlog
ambiguous,0,storytime
ambiguous,0,storytime
organic,0,vlog
organic,0,vlog
ambiguous,0,reaction
organic,0,reaction
organic,0,vlog
organic,0,vlog
organic,0,vlog
organic,0,vlog
performative,0,roleplay
organic,0,travel
ambiguous,0,reaction
performative,0,tutorial
ambiguous,0,drama
performative,1,storytime
ambiguous,0,storytime
organic,1,storytime
performative,0,challenge
organic,0,vlog
performative,0,roleplay
organic,0,vlog
organic,0,vlog
organic,0,talk
organic,0,tour
ambiguous,1,storytime
ambiguous,1,storytime
performative,0,reaction
performative,0,get_ready
organic,0,vlog
organic,0,vlog
organic,1,storytime
organic,0,storytime
performative,0,reaction
organic,0,haul
organic,0,vlog
organic,0,vlog
organic,1,storytime
organic,0,vlog
ambiguous,0,reaction
organic,0,storytime
ambiguous,1,reaction
performative,0,music_dance
performative,0,roleplay
organic,1,storytime
performative,0,storytime
organic,1,storytime
organic,0,vlog
organic,0,vlog
organic,0,vlog
performative,0,challenge
organic,0,vlog
organic,0,storytime
organic,0,storytime
organic,0,vlog
organic,1,storytime
performative,0,music_dance
ambiguous,1,reaction
organic,0,storytime
performative,0,music_dance
organic,0,milestone
no_child,0,reaction
organic,0,storytime
performative,0,tutorial
performative,0,game
no_child,0,milestone
ambiguous,1,storytime
organic,1,storytime
performative,0,milestone
organic,0,vlog
performative,0,roleplay
performative,0,prank
performative,0,parody
ambiguous,0,milestone
organic,0,milestone
organic,0,milestone
ambiguous,1,storytime
organic,0,vlog
organIC,0,tutorial
ambiguous,1,storytime
performative,0,haul
organic,0,tutorial
organic,1,storytime
organic,0,storytime
performative,0,slumber party
performative,0,tag
performative,0,game
organic,0,milestone
organic,0,vlog
organic,0,milestone
organic,0,vlog
performative,0,unboxing
performative,0,dance
ambiguous,0,reaction
performative,0,roleplay
organic,0,vlog
organic,1,storytime
performative,0,reaction
performative,0,tutorial
ambiguous,1,storytime
ambiguous,0,reaction
performative,0,vlog
ambiguous,0,reaction
organic,0,storytime
ambiguous,0,game
organic,0,milestone
organic,0,game
organic,1,storytime
performative,0,reaction
organic,0,milestone
performative,0,vlog
performative,0,challenge
organic,1,storytime
organic,0,milestone
organic,0,storytime
organic,1,storytime
organic,0,storytime
ambiguous,1,reaction
ambiguous,0,reaction
organic,0,storytime
organic,1,storytime
ambiguous,0,reaction
organic,1,storytime
performative,0,tutorial
organic,0,vlog
organic,1,milestone
performative,0,performance
performative,0,game
performative,0,prank
organic,0,milestone
performative,0,reaction
ambiguous,0,storytime
performative,0,reaction
performative,0,tutorial
organic,0,vlog
organic,0,storytime
performative,0,tutorial
performative,0,haul
performative,0,adventure
organic,1,storytime
organic,0,storytime
performative,0,tutorial
organic,0,vlog
ambiguous,1,storytime
performative,0,challenge
performative,0,roleplay
organic,0,vlog
organic,0,vlog
organic,0,vlog
performative,0,prank
organic,0,vlog
organic,0,vlog
performative,0,game
performative,0,tutorial
performative,0,tutorial
performative,0,game
organic,1,storytime
performative,0,tutorial
organic,0,vlog
performative,0,roleplay
ambiguous,0,storytime
ambiguous,0,storytime
organic,0,vlog
organic,0,vlog
performative,0,behind the scenes
organic,0,vlog
organic,0,milestone
organic,0,storytime
organic,0,storytime
organic,0,vlog
organic,0,sport
organic,0,sports
organic,0,vlog
organic,0,milestone
organic,0,milestone
performative,0,tutorial
performative,0,challenge
performative,0,game
performative,0,reaction
organic,0,milestone
organic,0,milestone
performative,0,challenge
performative,0,milestone
performative,0,milestone
performative,0,challenge
ambiguous,1,storytime
performative,0,tutorial
performative,0,music_dance
performative,0,tutorial
ambiguous,1,storytime
organic,0,vlog
ambiguous,0,roleplay
organic,0,vlog
organic,0,vlog
organic,0,vlog
organic,1,storytime
ambiguous,0,vlog
ambiguous,0,live
organic,0,vlog
organic,0,vlog
performative,0,challenge
performative,0,roleplay
performative,0,travel
performative,1,storytime
performative,0,storytime
performative,1,drama
performative,0,storytime
performative,0,storytime
organic,0,vlog
organic,0,vlog
performative,0,reaction
performative,0,prank
performative,0,reaction
performative,0,tutorial
performative,0,tutorial
performative,0,roleplay
performative,0,tutorial
performative,0,haul
no_child,1,drama
ambiguous,1,storytime
organic,0,reaction
performative,0,roleplay
performative,1,drama
organic,0,vlog
organic,1,storytime
organic,0,vlog
ambiguous,1,drama
organic,0,vlog
performative,0,milestone
ambiguous,0,other
organic,0,vlog
organic,0,special
performative,0,storytime
organic,1,storytime
organic,0,milestone
performative,0,reaction
organic,1,storytime
performative,0,reaction
organic,0,travel
ambiguous,1,storytime
performative,0,roleplay
organic,0,vlog
organic,0,storytime
performative,1,reaction
ambiguous,1,drama
performative,0,music_dance
organic,0,storytime
organic,0,vlog
performative,0,prank
performative,0,tryon
ambiguous,1,storytime
ambiguous,0,storytime
ambiguous,0,storytime
organic,1,storytime
performative,0,challenge
organic,0,vlog
ambiguous,1,storytime
organic,1,storytime
organic,1,storytime
performative,0,challenge
ambiguous,1,drama
performative,0,reaction
ambiguous,1,storytime
organic,0,vlog
ambiguous,1,game
organic,0,storytime
ambiguous,1,storytime
ambiguous,1,storytime
organic,0,travel
organic,0,holiday
ambiguous,1,reaction
ambiguous,1,drama
performative,0,vlog
performative,0,vlog
organic,0,storytime
organic,0,vlog
organic,0,vlog
organic,0,storytime
performative,0,party
organic,0,vlog
performative,1,medical
organic,0,milestone
organic,0,medical
performative,0,prank
ambiguous,0,announcement
ambiguous,0,update
organic,0,vlog
organic,0,vlog
organic,0,vlog
ambiguous,1,storytime
organic,0,vlog
organic,0,milestone
organic,0,milestone
performative,0,challenge
organic,0,vlog
organic,0,vlog
organic,0,vlog
organic,0,storytime
organic,0,milestone
organic,0,music_dance
ambiguous,1,drama
organic,0,milestone
organic,0,music_dance
organic,0,milestone
organic,0,milestone
organic,0,milestone
organic,0,vlog
organic,0,milestone
organic,0,milestone
ambiguous,1,drama
organic,0,travel
ambiguous,0,announcement
ambiguous,1,drama
ambiguous,1,reaction
organic,0,milestone
organic,0,milestone
organic,0,milestone
organic,0,tutorial
organic,0,milestone
ambiguous,1,reaction
organic,0,milestone
organic,0,milestone
organic,0,vlog
organic,0,vlog
organic,0,storytime
performative,0,roleplay
organic,0,milestone
organic,0,vlog
ambiguous,0,storytime
ambiguous,1,drama
organic,0,vlog
performative,0,prank
ambiguous,1,reaction
ambiguous,0,reaction
ambiguous,1,drama
performative,0,prank
organic,0,vlog
organic,0,travel
organic,0,reaction
no_child,0,other
ambiguous,1,storytime
organic,0,vlog
organic,0,vlog
performative,0,milestone
organic,0,milestone
performative,0,music_dance
organic,0,travel
performative,0,reaction
ambiguous,1,drama
performative,1,milestone
organic,0,travel
organic,1,medical
organic,0,milestone
organic,0,milestone
organic,0,storytime
performative,0,milestone
medical,1,medical
medical,1,medical
organic,0,vlog
performative,0,other
performative,0,funny
organic,0,milestone
ambiguous,0,storytime
performative,0,challenge
performative,0,reaction
organic,0,vlog
organic,0,milestone
organic,0,milestone
performative,0,milestone
performative,0,challenge
organic,0,travel
organic,0,travel
performative,0,storytime
medical,1,medical
organic,0,vlog
performative,1,drama
organic,0,vlog
organic,0,storytime
ambiguous,1,drama
organic,0,vlog
performative,0,milestone
performative,0,milestone
performative,0,roleplay
performative,0,roleplay
organic,0,milestone
ambiguous,1,drama
organic,0,storytime
organic,0,milestone
organic,0,vlog
performative,0,challenge
organic,0,vlog
performative,0,try-on
organic,0,vlog
performative,0,surprise
performative,0,challenge
organic,0,vlog
organic,0,milestone
organic,0,tutorial
organic,0,vlog
performative,0,surprise
organic,0,vlog
organic,0,vlog
ambiguous,1,drama
organic,1,drama
organic,0,vlog
organic,0,milestone
organic,0,drama
organic,1,storytime
organic,0,vlog
organic,0,milestone
organic,0,vlog
organic,0,vlog
performative,0,challenge
ambiguous,0,storytime
organic,0,vlog
organic,0,tutorial
organic,0,vlog
performative,0,challenge
organic,0,cooking
organic,0,milestone
organic,0,tour
ambiguous,0,storytime
performative,0,surprise
organic,0,cooking
organic,0,reaction
organic,0,vlog
organic,0,vlog
organic,0,tutorial
organic,0,milestone
organic,1,drama
organic,0,tutorial
organic,0,vlog
performative,0,challenge
organic,1,drama
ambiguous,1,drama
organic,0,milestone
ambiguous,0,storytime
organic,0,milestone
organic,0,tour
organic,0,milestone
performative,0,tutorial
ambiguous,1,storytime
performative,0,tutorial
performative,0,tutorial
organic,0,milestone
organic,0,vlog
organic,0,milestone
organic,0,vlog
performative,0,surprise
organic,0,storytime
organic,0,vlog
performative,0,reaction
organic,0,milestone
organic,0,vlog
ambiguous,0,storytime
organic,0,milestone
organic,0,vlog
performative,0,tour
organic,0,milestone
ambiguous,1,storytime
organic,1,storytime
ambiguous,0,vlog
performative,0,tutorial
performative,0,storytime
performative,0,prank
performative,0,shopping
performative,0,tour
performative,0,reveal
performative,0,tour
performative,0,reveal
performative,0,reveal
performative,0,vlog
performative,0,shopping
organic,0,vlog
organic,1,storytime
organic,0,storytime
ambiguous,0,storytime
performative,0,update
organic,1,storytime
organic,0,vlog
organic,0,milestone
performative,0,prank
ambiguous,1,storytime
organic,0,vlog
organic,0,milestone
organic,0,milestone
performative,0,storytime
performative,0,tutorial
performative,0,reaction
organic,0,vlog
ambiguous,1,storytime
organic,0,vlog
ambiguous,1,storytime
organic,0,milestone
organic,0,milestone
organic,1,vlog
organic,0,vlog
ambiguous,0,storytime
performative,0,prank
performative,0,challenge
organic,0,vlog
organic,0,vlog
organic,0,vlog
ambiguous,0,storytime
organic,0,milestone
performative,0,reaction
ambiguous,1,storytime
organic,0,vlog
organic,0,vlog
performative,0,challenge
ambiguous,1,storytime
organic,0,storytime
organic,0,vlog
organic,0,travel
performative,0,reaction
ambiguous,1,storytime
organic,0,vlog
organic,0,milestone
ambiguous,1,storytime
organic,0,vlog
organic,0,vlog
organic,0,cook_with_me
organic,0,vlog
organic,0,travel
organic,0,milestone
organic,0,milestone
performative,0,challenge
organic,0,vlog
organic,0,milestone
performative,0,toy_play
organic,0,vlog
performative,0,challenge
organic,0,storytime
organic,0,milestone
performative,0,storytime
performative,0,tutorial
performative,0,challenge
organic,0,vlog
performative,0,challenge
organic,0,vlog
organic,0,vlog
organic,0,vlog
performative,0,roleplay
organic,0,vlog
performative,0,prank
organic,0,vlog
organic,0,vlog
organic,0,vlog
organic,0,vlog
organic,0,vlog
organic,0,storytime
organic,0,vlog
organic,0,vlog
organic,0,vlog
organic,0,vlog
organic,0,vlog
organic,0,vlog
organic,0,storytime
performative,0,milestone
organic,0,vlog
performative,1,drama
ambiguous,1,drama
performative,1,drama
performative,1,drama
performative,1,drama
organic,1,storytime
performative,1,milestone
performative,1,milestone
performative,1,milestone
performative,1,milestone
organic,0,vlog
organic,0,milestone
organic,0,vlog
organic,1,drama
organic,1,drama
organic,0,tutorial
organic,0,vlog
organic,0,tutorial
organic,0,milestone
organic,0,vlog
organic,0,vlog
organic,0,tutorial
performative,0,reaction
organic,0,vlog
organic,0,toy_play
organic,0,milestone
organic,0,travel
ambiguous,0,other
organic,0,vlog
organic,0,vlog
organic,0,vlog
organic,0,vlog
organic,1,storytime
no_child,1,medical
organic,0,vlog
organic,0,vlog
organic,0,vlog
organic,0,milestone
no_child,0,storytime
organic,1,reaction
no_child,0,storytime
no_child,1,storytime
organic,0,vlog
performative,0,reaction
no_child,1,drama
no_child,1,storytime
no_child,0,storytime
performative,0,reaction
organic,0,milestone
performative,0,milestone
no_child,1,storytime
no_child,0,storytime
no_child,0,storytime
organic,0,vlog
organic,1,storytime
no_child,0,announcement
organic,0,vlog
organic,0,vlog
organic,1,storytime
organic,0,storytime
organic,1,drama
organic,1,storytime
no_child,1,medical
organic,1,storytime
organic,0,milestone
organic,0,milestone
organic,0,milestone
no_child,1,storytime
no_child,0,storytime
no_child,0,reaction
organic,0,tutorial
no_child,0,storytime
no_child,0,storytime
no_child,0,storytime
no_child,0,storytime
no_child,0,tutorial
performative,0,roleplay
no_child,0,storytime
organic,0,travel
organic,0,vlog
organic,0,vlog
performative,0,reaction
emotional_exploitation,1,storytime
organic,0,milestone
emotional_exploitation,1,storytime
ambiguous,0,question
organic,0,reaction
organic,0,roleplay
organic,1,storytime
performative,0,toy_play
organic,0,qa
organic,0,storytime
organic,0,travel
organic,0,unboxing
organic,0,milestone
organic,0,milestone
emotional_exploitation,1,storytime
organic,0,storytime
organic,0,storytime
performative,0,toy_play
performative,1,storytime
organic,0,milestone
organic,0,medical
organic,0,announcement
performative,0,challenge
performative,0,challenge
performative,0,challenge
performative,0,challenge
performative,0,challenge
performative,0,challenge
organic,0,milestone
organic,0,milestone
organic,0,milestone
organic,1,storytime
emotional_exploitation,1,storytime
organic,0,milestone
organic,0,milestone
organic,0,milestone
organic,0,travel
organic,1,storytime
organic,0,milestone
organic,0,announcement
organic,0,travel
organic,0,storytime
organic,0,reaction
performative,0,challenge
performative,0,tutorial
organic,0,milestone
organic,0,milestone
organic,0,milestone
organic,0,milestone
organic,1,storytime
organic,0,milestone
performative,0,milestone
organic,0,vlog
organic,0,vlog
organic,0,travel
performative,0,vlog
performative,0,vlog
performative,0,milestone
organic,0,vlog
organic,0,travel
organic,0,vlog
organic,0,vlog
organic,0,storytime
organic,0,tutorial
organic,0,storytime
performative,0,milestone
ambiguous,1,storytime
organic,0,milestone
performative,0,challenge
organic,0,milestone
performative,1,storytime
ambiguous,1,storytime
ambiguous,0,storytime
organic,0,milestone
ambiguous,1,storytime
organic,0,vlog
organic,0,milestone
performative,0,milestone
organic,0,storytime
organic,0,storytime
ambiguous,0,storytime
ambiguous,1,storytime
performative,0,storytime
organic,0,storytime
organic,0,milestone
ambiguous,0,tutorial
organic,0,storytime
performative,0,other
performative,0,milestone
other,0,other
performative,0,storytime
organic,1,storytime
performative,0,prank
organic,0,milestone
organic,0,storytime
ambiguous,0,storytime
organic,0,storytime
performative,0,milestone
organic,0,vlog
organic,0,storytime
organic,0,vlog
organic,0,vlog
organic,0,vlog
organic,0,vlog
organic,0,storytime
organic,0,storytime
organic,0,vlog
organic,0,storytime
organic,0,vlog
organic,1,storytime
organic,0,storytime
organic,0,vlog
organic,0,vlog
organic,0,storytime
organic,0,vlog
organic,0,storytime
organic,0,storytime
organic,0,storytime
organic,0,storytime
organic,0,storytime
organic,0,medical
organic,1,reaction
organic,1,storytime
organic,0,drama
performative,0,toy_play
organic,0,milestone
organic,0,vlog
organic,0,vlog
organic,1,storytime
organic,0,milestone
performative,0,prank
organic,1,storytime
organic,0,tutorial
organic,0,tutorial
organic,0,vlog
organic,0,vlog
organic,0,milestone
performative,0,reaction
organic,1,drama
organic,1,vlog
organic,0,milestone
organic,1,storytime
organic,0,milestone
organic,0,storytime
organic,0,milestone
performative,0,milestone
organic,1,milestone
organic,1,storytime
organic,1,storytime
ambiguous,0,other
organic,0,milestone
organic,0,vlog
organic,1,storytime
performative,0,challenge
organic,0,vlog
performative,0,unboxing
performative,0,challenge
organic,0,vlog
organic,0,storytime
other,0,announcement
performative,0,milestone
performative,0,challenge
other,0,vlog
performative,0,roleplay
organic,0,vlog
organic,1,medical
performative,0,storytime
organic,1,medical
performative,1,drama
organic,0,milestone
organic,0,milestone
performative,0,roleplay
other,0,vlog
organic,1,storytime
other,0,milestone
organic,1,drama
performative,1,drama
performative,0,party
organic,0,vlog
other,1,drama
performative,1,drama
other,0,milestone
performative,0,toy_play
performative,0,milestone
performative,0,milestone
organic,0,toy_play
organic,0,milestone
performative,0,milestone
organic,0,milestone
organic,0,milestone
organic,0,milestone
organic,0,vlog
other,0,storytime
organic,0,milestone
performative,0,reaction
other,0,milestone
performative,0,drama
other,1,storytime
organic,0,vlog
organic,1,vlog
performative,0,challenge
performative,0,challenge
organic,0,vlog
organic,0,storytime
no_child,1,other
organic,0,milestone
organic,0,vlog
organic,1,storytime
no_child,1,storytime
organic,1,storytime
organic,0,vlog
organic,0,vlog
organic,0,vlog
performative,0,challenge
performative,0,roleplay
organic,1,storytime
organic,0,vlog
organic,1,storytime
performative,0,roleplay
organic,1,storytime
organic,0,vlog
organic,0,milestone
organic,1,storytime
organic,0,storytime
organic,0,milestone
organic,0,milestone
organic,0,milestone
performative,0,roleplay
organic,1,storytime
no_child,1,storytime
organic,0,vlog
organic,1,storytime
organic,0,storytime
organic,0,vlog
organic,1,medical
performative,0,roleplay
organic,1,reaction
performative,0,challenge
organic,0,vlog
organic,0,milestone
performative,0,music_dance
organic,1,storytime
performative,0,reaction
organic,0,milestone
organic,0,vlog
performative,0,vlog
organic,1,medical
organic,1,storytime
organic,0,vlog
organic,1,storytime
performative,0,tutorial
performative,0,roleplay
organic,1,storytime
organic,1,vlog
organic,1,storytime
organic,0,medical
organic,0,vlog
organic,0,milestone
organic,1,storytime
organic,1,storytime
organic,0,vlog
organic,0,medical
organic,0,milestone
performative,0,comedy
ambiguous,0,storytime
performative,0,review
organic,0,vlog
performative,0,roleplay
organic,1,vlog
performative,0,roleplay
ambiguous,1,drama
organic,0,milestone
performative,0,roleplay
performative,0,reaction
performative,0,roleplay
organic,0,milestone
performative,0,challenge
organic,1,storytime
organic,0,vlog
organic,0,vlog
organic,0,vlog
performative,0,game
performative,0,other
performative,0,unboxing
performative,0,unboxing
performative,0,roleplay
performative,0,prank
performative,0,challenge
performative,0,music_dance
ambiguous,1,storytime
organic,0,vlog
organic,0,vlog
organic,1,storytime
performative,0,drama
performative,0,roleplay
performative,0,music_dance
organic,1,storytime
performative,0,funny
performative,0,challenge
organic,1,storytime
organic,1,drama
performative,0,tutorial
organic,0,vlog
organic,0,vlog
organic,0,milestone
organic,1,storytime
organic,1,storytime
organic,0,milestone
organic,1,drama
organic,1,drama
organic,0,vlog
organic,0,vlog
performative,0,challenge
performative,0,prank
organic,0,vlog
organic,1,storytime
organic,0,milestone
performative,0,unboxing
organic,0,storytime
organic,1,storytime
organic,0,milestone
performative,0,announcement
organic,1,storytime
organic,1,storytime
organic,0,storytime
organic,0,storytime
organic,1,storytime
organic,0,storytime
organic,0,vlog
organic,0,storytime
performative,0,travel
organic,0,milestone
organic,0,milestone
organic,0,storytime
performative,0,event
organic,0,milestone
performative,0,unboxing
organic,0,milestone
organic,1,drama
organic,1,storytime
organic,0,milestone
organic,1,storytime
organic,1,storytime
organic,0,milestone
organic,0,vlog
organic,0,milestone
organic,0,vlog
organic,0,vlog
ambiguous,0,storytime
ambiguous,0,storytime
ambiguous,0,storytime
ambiguous,0,storytime
organic,0,vlog
performative,0,roleplay
performative,0,challenge
performative,0,challenge
ambiguous,1,storytime
performative,0,challenge
ambiguous,0,storytime
ambiguous,1,storytime
organic,0,vlog
ambiguous,0,storytime
ambiguous,0,storytime
ambiguous,0,storytime
performative,0,reaction
performative,0,tutorial
ambiguous,0,storytime
organic,0,vlog
ambiguous,1,storytime
ambiguous,1,storytime
no_child,0,storytime
performative,0,milestone
ambiguous,1,storytime
ambiguous,0,storytime
ambiguous,0,storytime
organic,0,vlog
ambiguous,1,storytime
ambiguous,0,milestone
ambiguous,0,storytime
ambiguous,1,storytime
ambiguous,1,storytime
performative,0,reaction
ambiguous,0,vlog
ambiguous,0,storytime
performative,0,milestone
ambiguous,0,storytime
ambiguous,1,storytime
ambiguous,0,storytime
organic,0,vlog
organic,0,vlog
ambiguous,1,storytime
performative,0,milestone
organic,0,vlog
performative,0,milestone
performative,0,challenge
ambiguous,0,storytime
ambiguous,1,storytime
ambiguous,0,storytime
organic,0,vlog
organic,1,storytime
organic,0,vlog
organic,0,storytime
organic,0,vlog
organic,0,storytime
organic,0,vlog
organic,1,reaction
organic,0,vlog
organic,1,storytime
ambiguous,0,challenge
performative,1,vlog
organic,0,announcement
organic,0,announcement
organic,0,storytime
organic,0,storytime
organic,0,announcement
organic,0,travel
organic,0,vlog
organic,0,vlog
organic,0,vlog
organic,1,storytime
organic,1,storytime
organic,1,storytime
organic,1,storytime
organic,1,storytime
organic,1,storytime
organic,0,announcement
organic,0,announcement
performative,1,challenge
organic,0,unboxing
organic,0,house_tour
organic,0,storytime
organic,0,milestone
organic,0,vlog
organic,0,unboxing
organic,0,storytime
performative,1,challenge
performative,0,challenge
organic,1,storytime
organic,0,storytime
organic,1,storytime
organic,0,storytime
organic,0,storytime
performative,0,challenge
performative,0,challenge
performative,1,prank
ambiguous,0,other
ambiguous,0,other
ambiguous,0,other
organic,0,vlog
performative,1,challenge
ambiguous,0,other
organic,0,vlog
organic,0,storytime
organic,0,vlog
ambiguous,1,storytime
performative,1,drama
ambiguous,0,announcement
performative,0,game
organic,0,vlog
organic,0,vlog
organic,0,vlog
organic,0,storytime
organic,1,storytime
performative,0,milestone
ambiguous,0,drama
organic,0,storytime
performative,0,music_dance
organic,0,vlog
performative,0,game
performative,0,challenge
organic,1,storytime
performative,0,game
performative,0,game
ambiguous,1,drama
performative,0,storytime
organic,0,vlog
ambiguous,0,storytime
ambiguous,0,storytime
ambiguous,0,announcement
performative,0,challenge
performative,1,drama
organic,0,storytime
organic,0,storytime
organic,0,vlog
organic,0,milestone
organic,0,storytime
organic,0,storytime
performative,0,storytime
organic,0,travel
organic,1,storytime
organic,0,vlog
performative,0,storytime
performative,0,storytime
organic,1,storytime
ambiguous,1,reaction
organic,0,vlog
organic,0,storytime
ambiguous,0,storytime
ambiguous,1,storytime
ambiguous,0,storytime
organic,0,vlog
organic,0,vlog
ambiguous,0,storytime
ambiguous,0,storytime
ambiguous,0,storytime
organic,0,vlog
performative,0,roleplay
ambiguous,1,storytime
organic,0,vlog
ambiguous,1,storytime
ambiguous,0,storytime
performative,0,challenge
organic,0,vlog
organic,0,vlog
ambiguous,0,storytime
performative,1,prank
organic,0,storytime
organic,0,vlog
organic,0,announcement
organic,0,vlog
organic,0,challenge
ambiguous,0,storytime
ambiguous,1,storytime
ambiguous,1,talk
ambiguous,0,storytime
performative,0,roleplay
performative,0,challenge
ambiguous,0,storytime
organic,0,vlog
ambiguous,1,storytime
performative,0,challenge
performative,0,announcement
organic,1,storytime
organic,0,storytime
ambiguous,0,storytime
performative,0,drama
organic,0,storytime
performative,0,challenge
ambiguous,1,storytime
organic,0,vlog
organic,0,vlog
performative,1,storytime
ambiguous,1,storytime
ambiguous,0,storytime
ambiguous,1,storytime
performative,0,reaction
ambiguous,1,storytime
organic,0,vlog
performative,0,prank
adult,0,other
no_child,0,drama
organic,0,vlog
organic,1,storytime
organic,0,milestone
organic,0,milestone
organic,0,vlog
ambiguous,1,reaction
performative,0,reaction
ambiguous,1,drama
performative,0,prank
organic,0,milestone
ambiguous,0,challenge
ambiguous,1,storytime
organic,1,drama
ambiguous,0,vlog
no_child,1,storytime
organic,1,drama
organic,0,vlog
ambiguous,1,drama
ambiguous,1,reaction
performative,0,travel
ambiguous,0,announcement
ambiguous,0,reaction
ambiguous,0,storytime
performative,0,toy_play
organic,1,storytime
adult,0,vlog
ambiguous,1,reaction
adult,0,vlog
adult,0,travel
organic,0,milestone
performative,0,challenge
organic,0,vlog
performative,0,milestone
performative,0,challenge
organic,0,vlog
ambiguous,1,storytime
no_child,1,drama
performative,0,toy_play
performative,0,challenge
ambiguous,1,reaction
no_child,1,drama
ambiguous,1,storytime
performative,0,prank
organic,0,vlog
performative,0,game
ambiguous,0,storytime
ambiguous,0,other
performative,0,storytime
performative,1,medical
performative,1,storytime
organic,0,vlog
performative,1,drama
performative,0,storytime
performative,1,storytime
organic,0,vlog
organic,0,vlog
organic,1,storytime
performative,1,drama
performative,1,challenge
performative,0,challenge
performative,0,challenge
performative,0,toy_play
organic,0,vlog
organic,0,vlog
organic,0,storytime
organic,0,vlog
organic,1,storytime
performative,1,drama
performative,0,challenge
performative,1,challenge
performative,1,storytime
organic,0,travel
organic,0,milestone
organic,0,milestone
organic,0,travel
organic,0,vlog
organic,0,vlog
performative,0,challenge
performative,1,drama
performative,0,milestone
performative,0,reaction
performative,1,storytime
performative,0,milestone
performative,0,travel
organic,0,milestone
organic,0,storytime
performative,0,date_night
organic,0,announcement
performative,0,milestone
performative,1,drama
performative,0,prank
performative,1,storytime
performative,0,storytime
performative,1,drama
organic,0,hunt
performative,0,baby_birthday
performative,1,drama
ambiguous,1,drama
ambiguous,1,storytime
ambiguous,1,storytime
ambiguous,1,drama
organic,0,vlog
performative,0,roleplay
ambiguous,1,storytime
ambiguous,1,storytime
performative,0,challenge
performative,0,challenge
performative,0,challenge
organic,1,medical
performative,0,tutorial
organic,0,vlog
organic,0,milestone
organic,0,milestone
ambiguous,0,storytime
performative,0,challenge
ambiguous,1,storytime
ambiguous,1,storytime
ambiguous,1,drama
performative,0,challenge
performative,0,prank
organic,0,vlog
organic,0,vlog
performative,0,roleplay
performative,0,challenge
organic,0,vlog
performative,0,prank
performative,0,roleplay
performative,0,challenge
organic,0,vlog
ambiguous,0,storytime
performative,0,tutorial
organic,0,vlog
ambiguous,1,storytime
organic,0,toy_play
ambiguous,0,storytime
performative,0,roleplay
performative,1,prank
performative,1,tutorial
performative,1,prank
organic,0,reaction
organic,0,vlog
ambiguous,1,storytime
performative,0,tutorial
performative,0,challenge
organic,0,food
performative,0,reaction
organic,0,milestone
ambiguous,1,storytime
organic,0,vlog
performative,0,challenge
organic,0,milestone
performative,0,storytime
organic,0,vlog
organic,0,milestone
organic,0,storytime
ambiguous,1,prank
organic,0,milestone
organic,1,storytime
organic,0,vlog
performative,0,toy_play
ambiguous,1,storytime
organic,0,vlog
organic,0,milestone
performative,0,milestone
performative,0,milestone
performative,0,reaction
performative,0,prank
organic,0,vlog
organic,0,milestone
organic,1,storytime
organic,0,travel
ambiguous,1,storytime
ambiguous,1,storytime
performative,0,challenge
ambiguous,1,reaction
ambiguous,1,storytime
organic,1,vlog
organic,0,milestone
performative,1,prank
performative,0,game
ambiguous,1,reaction
performative,0,toy_play
organic,0,storytime
ambiguous,0,vlog
organic,0,vlog
performative,0,game
ambiguous,0,milestone
ambiguous,1,storytime
organic,0,vlog
performative,0,announcement
organic,0,milestone
ambiguous,0,storytime
performative,0,toy_play
organic,0,milestone
performative,0,milestone
organic,0,travel
ambiguous,1,storytime
performative,0,other
performative,0,other
performative,0,prank
performative,0,challenge
organic,0,unboxing
organic,0,costume
organic,0,roleplay
performative,0,game
performative,0,prank
performative,1,drama
organic,0,storytime
no_child,0,announcement
no_child,0,medical
no_child,0,announcement
no_child,0,party
no_child,0,announcement
no_child,0,other
no_child,0,other
no_child,1,medical
no_child,1,medical
no_child,0,storytime
organic,0,vlog
no_child,0,milestone
no_child,0,milestone
no_child,0,milestone
no_child,0,vlog
no_child,0,milestone
performative,0,other
no_child,0,announcement
no_child,0,vlog
no_child,0,announcement
no_child,0,announcement
no_child,0,other
no_child,0,challenge
performative,0,other
no_child,0,vlog
no_child,0,announcement
no_child,0,other
no_child,0,travel
no_child,0,vlog
no_child,1,drama
no_child,0,birthday
no_child,0,birthday
no_child,0,birthday
no_child,1,drama
no_child,1,drama
performative,0,storytime
no_child,0,shopping
no_child,1,drama
ambiguous,0,other
organic,0,vlog
performative,0,music_dance
organic,0,vlog
performative,1,drama
organic,0,vlog
performative,0,reaction
organic,0,vlog
performative,0,roleplay
organic,0,travel
performative,1,reaction
performative,1,reaction
organic,0,vlog
organic,0,vlog
performative,1,drama
organic,0,vlog
organic,0,vlog
performative,0,reaction
organic,0,storytime
organic,0,vlog
organic,0,milestone
performative,0,challenge
organic,0,storytime
performative,0,challenge
organic,0,toy_play
performative,1,drama
organic,0,toy_play
organic,0,vlog
organic,0,vlog
performative,0,toy_play
organic,0,vlog
organic,0,storytime
organic,0,milestone
performative,0,toy_play
organic,0,vlog
organic,0,vlog
performative,0,roleplay
organic,0,vlog
organic,0,travel
organic,0,travel
performative,0,toy_play
organic,0,vlog
organic,0,vlog
organic,0,travel
organic,0,travel
performative,1,drama
organic,0,travel
organic,0,vlog
organic,0,storytime
performative,0,challenge
organic,0,milestone
reaction,0,reaction
ambiguous,1,storytime
performative,0,roleplay
performative,0,roleplay
organic,0,vlog
ambiguous,1,drama
organic,0,vlog
organic,0,storytime
performative,0,roleplay
organic,0,vlog
organic,0,vlog
organic,0,storytime
ambiguous,0,challenge
performative,0,unboxing
organic,0,vlog
performative,0,roleplay
performative,0,roleplay
performative,0,roleplay
organic,0,vlog
organic,0,vlog
organic,0,vlog
ambiguous,0,storytime
performative,0,challenge
ambiguous,0,storytime
organic,1,storytime
organic,0,storytime
ambiguous,1,challenge
performative,0,toy_play
organic,0,vlog
organic,0,storytime
performative,0,vlog
organic,0,milestone
organic,0,travel
ambiguous,1,drama
performative,0,shopping
ambiguous,1,storytime
performative,0,roleplay
performative,0,dance
organic,0,vlog
performative,0,roleplay
organic,0,vlog
performative,1,drama
performative,0,music_dance
ambiguous,0,drama
organic,0,funny
organic,0,milestone
organic,0,milestone
organic,0,travel
organic,0,vlog
ambiguous,1,storytime
emotional_exploitation,1,drama
performative,0,unboxing
ambiguous,0,vlog
organik,0,medical
organic,0,vlog
ambiguous,0,storytime
organic,0,other
organic,0,vlog
organic,0,storytime
organic,0,vlog
performative,1,reaction
organic,0,toy_play
performative,1,prank
performative,0,roleplay
organic,0,mukbang
organic,0,vlog
performative,0,roleplay
organic,0,vlog
performative,0,challenge
performative,0,challenge
organic,0,travel
organic,0,storytime
performative,0,roleplay
organic,0,milestone
organic,0,milestone
performative,0,storytime
organic,0,toy_play
organic,0,milestone
organic,0,milestone
performative,0,milestone
performative,0,other
performative,0,milestone
organic,0,storytime
organic,0,vlog
emotional_exploitation,1,storytime
organic,0,milestone
organic,0,storytime
performative,0,tutorial
ambiguous,0,reaction
ambiguous,1,storytime
no_child,0,travel
organic,0,other
emotional_exploitation,1,drama
organic,0,storytime
performative,0,challenge
ambiguous,0,storytime
performative,1,storytime
organic,0,storytime
organic,0,vlog
organic,0,mukbang
organic,0,vlog
organic,0,milestone
organic,0,vlog
ambiguous,1,storytime
organic,0,milestone
organic,0,vlog
performative,0,drama
organic,0,vlog
performative,0,prank
performative,0,toy_play
organic,0,milestone
organic,0,milestone
performative,0,game
ambiguous,1,storytime
organic,0,vlog
organic,0,travel
organic,0,vlog
organic,0,vlog
organic,0,travel
organic,0,vlog
organic,0,milestone
organic,0,vlog
organic,0,travel
organic,0,vlog
performative,1,storytime
organic,0,milestone
organic,0,milestone
organic,0,milestone
organic,0,milestone
performative,1,reaction
performative,0,announcement
performative,0,milestone
organic,0,travel
organic,0,travel
performative,0,challenge
performative,0,announcement
organic,0,vlog
organic,0,milestone
performative,0,game
performative,0,milestone
organic,0,vlog
organic,0,storytime
organic,0,storytime
performative,1,drama
performative,0,milestone
performative,0,prank
organic,0,vlog
performative,0,challenge
performative,1,drama
performative,0,milestone
organic,0,vlog
organic,0,vlog
no_child,1,other
organic,0,vlog
performative,0,haul
performative,0,challenge
organic,0,vlog
performative,0,tutorial
performative,0,tutorial
organic,1,drama
performative,0,milestone
performative,1,prank
organic,0,vlog
organic,0,travel
performative,0,reaction
organic,0,vlog
organic,0,vlog
organic,1,storytime
performative,0,game
organic,0,tour
organic,0,vlog
ambiguous,0,reaction
ambiguous,1,drama
performative,0,challenge
ambiguous,1,storytime
performative,0,challenge
performative,0,tutorial
no_child,1,educational
ambiguous,1,medical
performative,0,adventure
performative,0,game
ambiguous,1,reaction
organic,0,vlog
performative,0,music_dance
organic,1,drama
performative,0,roleplay
performative,0,drama
performative,0,game
performative,0,tutorial
organic,0,vlog
performative,0,storytime
organic,1,drama
organic,0,milestone
organic,0,travel
performative,0,party
no_child,1,other
ambiguous,1,medical
ambiguous,1,drama
ambiguous,1,drama
ambiguous,1,storytime
performative,0,challenge
performative,0,baking
performative,0,challenge
performative,1,prank
performative,0,drama
performative,1,storytime
organic,0,storytime
organic,0,milestone
organic,0,milestone
organic,0,vlog
performative,0,reaction
performative,0,vlog
performative,0,reaction
organic,0,vlog
organic,0,vlog
organic,0,milestone
organic,0,milestone
organic,0,milestone
organic,1,storytime
organic,0,storytime
medical,0,medical
ambiguous,0,other
ambiguous,0,reaction
performative,1,roleplay
performative,1,storytime
medical,1,medical
performative,1,roleplay
organic,0,milestone
organic,0,milestone
performative,0,tutorial
organic,0,vlog
organic,0,milestone
performative,1,tutorial
performative,1,drama
organic,0,travel
performative,1,drama
organic,0,milestone
organic,0,travel
organic,0,milestone
organic,0,travel
organic,0,vlog
organic,0,travel
organic,0,milestone
ambiguous,0,other
organic,0,travel
ambiguous,0,storytime
organic,0,vlog
ambiguous,1,drama
ambiguous,1,drama
organic,0,travel
organic,0,other
organic,0,other
organic,0,other
organic,0,vlog
organic,0,other
performative,1,challenge
organic,0,storytime
organic,0,vlog
organic,0,vlog
organic,1,storytime
organic,0,vlog
organic,0,vlog
ambiguous,0,reaction
organic,0,milestone
organic,0,vlog
performative,1,challenge
performative,0,prank
performative,0,reaction
organic,0,other
organic,0,vlog
organic,0,vlog
ambiguous,1,other
organic,0,other
ambiguous,1,reaction
organic,0,storytime
other,0,other
organic,0,reaction
ambient,1,storytime
organic,0,storytime
organic,0,milestone
organic,0,storytime
organic,0,travel
ambiguous,1,other
ambiguous,1,other
organic,0,milestone
performative,0,prank
performative,0,music_dance
organic,0,storytime
organic,0,vlog
organic,0,storytime
ambiguous,0,reaction
organic,0,tutorial
organic,0,milestone
performative,0,storytime
organic,0,travel
organic,0,milestone
organic,1,storytime
organic,1,vlog
organic,0,milestone
performative,0,challenge
organic,1,vlog
performative,0,challenge
organic,1,storytime
performative,0,roleplay
performative,0,challenge
organic,0,storytime
organic,1,storytime
organic,0,vlog
organic,0,vlog
organic,1,reaction
organic,0,vlog
organic,0,medical
organic,0,vlog
organic,0,vlog
organic,0,vlog
organic,0,milestone
performative,0,tutorial
organic,0,vlog
organic,0,vlog
organic,0,vlog
performative,0,challenge
performative,0,tutorial
ambiguous,1,storytime
performative,0,challenge
performative,1,challenge
organic,1,storytime
organic,1,storytime
organic,0,storytime
performative,0,roleplay
ambiguous,1,drama
organic,0,milestone
organic,0,milestone
organic,0,vlog
performative,0,roleplay
organic,0,vlog
performative,0,challenge
organic,0,vlog
organic,1,storytime
organic,0,milestone
performative,0,toy_play
organic,0,vlog
ambiguous,1,reaction
organic,0,tutorial
organic,0,music_dance
organic,1,medical
organic,0,vlog
organic,0,vlog
organic,0,milestone
ambiguous,1,storytime
ambiguous,1,storytime
organic,0,vlog
organic,0,storytime
performative,0,roleplay
organic,0,vlog
ambiguous,0,challenge
ambiguous,1,reaction
organic,0,vlog
organic,0,milestone
organic,1,storytime
ambiguous,1,drama
organic,0,vlog
ambiguous,1,storytime
organic,0,vlog
organic,0,vlog
ambiguous,1,storytime
organic,0,storytime
organic,0,milestone
performative,0,prank
ambiguous,0,storytime
organic,0,vlog
organic,0,vlog
organic,0,storytime
ambiguous,1,storytime
ambiguous,1,storytime
performative,0,game
organic,0,vlog
organic,0,storytime
organic,0,vlog
ambiguous,1,drama
ambiguous,1,storytime
organic,0,vlog
organic,0,vlog
organic,0,storytime
ambiguous,1,storytime
ambiguous,1,storytime
organic,0,milestone
organic,0,milestone
ambiguous,0,reaction
ambiguous,1,reaction
organic,0,toy_play
organic,0,storytime
organic,0,milestone
performative,0,music_dance
organic,0,vlog
organic,0,storytime
organic,0,toy_play
organic,0,vlog
ambiguous,0,challenge
performative,0,unboxing
ambiguous,1,storytime
organic,0,vlog
ambiguous,0,vlog
organic,0,vlog
organic,0,vlog
no_child,0,storytime
performative,0,challenge
organic,0,vlog
organic,0,vlog
performative,0,challenge
ambiguous,0,challenge
organic,0,tutorial
ambiguous,0,storytime
ambiguous,1,storytime
organic,0,vlog
organic,0,reaction
ambiguous,1,storytime
ambiguous,1,reaction
organic,0,vlog
performative,0,challenge
organic,0,storytime
ambiguous,1,storytime
no_child,1,storytime
no_child,1,storytime
ambiguous,0,storytime
no_child,1,storytime
organic,0,vlog
performative,0,roleplay
organic,0,vlog
organic,0,reaction
ambiguous,0,storytime
performative,0,prank
ambiguous,0,storytime
no_child,1,storytime
performative,0,reaction
ambiguous,1,storytime
performative,0,game
ambiguous,0,storytime
organic,0,reaction
organic,0,storytime
organic,0,storytime
performative,0,reactions
organic,0,storytime
ambiguous,1,storytime
performative,0,storytime
organic,0,storytime
organic,1,storytime
ambiguous,1,storytime
no_child,1,storytime
organic,0,storytime
ambiguous,1,storytime
organic,0,vlog
organic,0,vlog
ambiguous,0,storytime
organic,0,vlog
performative,0,challenge
performative,0,roleplay
performative,0,prank
organic,0,vlog
organic,0,vlog
performative,0,game
performative,1,drama
organic,0,vlog
performative,0,roleplay
organic,0,vlog
no_child,1,storytime
performative,0,reaction
performative,1,drama
performative,0,challenge
performative,1,drama
organic,0,music_dance
organic,0,music_dance
performative,1,prank
performative,1,drama
performative,0,reaction
organic,0,vlog
ambiguous,0,storytime
performative,0,toy_play
performative,0,music_dance
organic,0,vlog
no_child,1,storytime
organic,0,storytime
ambiguous,0,storytime
no_child,1,storytime
performative,0,toy_play
performative,1,game
organic,0,vlog
performative,1,drama
performative,0,roleplay
no_child,1,storytime
performative,0,tutorial
ambiguous,0,storytime
organic,0,vlog
organic,0,travel
organic,0,vlog
organic,0,storytime
performative,0,game
performative,1,drama
organic,0,storytime
performative,0,roleplay
ambiguous,0,travel
organic,0,vlog
organic,1,milestone
organic,0,vlog
organic,0,travel
organic,0,storytime
performative,0,roleplay
performative,0,roleplay
performative,1,prank
organic,0,vlog
performative,0,challenge
organic,0,milestone
organic,0,storytime
organic,1,storytime
organic,0,storytime
ambiguous,0,other
ambiguous,1,drama
ambiguous,1,reaction
organic,1,storytime
performative,0,roleplay
organic,0,storytime
performative,0,challenge
performative,0,challenge
organic,0,storytime
organic,0,vlog
ambiguous,0,other
organic,0,storytime
organic,0,milestone
organic,0,storytime
organic,0,vlog
organic,1,storytime
performative,0,toy_play
organic,0,storytime
organic,0,milestone
organic,0,milestone
organic,0,travel
performative,0,toy_play
organic,0,storytime
organic,0,party
ambiguous,0,other
organic,0,milestone
organic,0,milestone
organic,0,toy_play
performative,0,challenge
organic,0,medical
organic,0,vlog
performative,0,prank
organic,0,storytime
performative,1,drama
performative,0,toy_play
organic,1,storytime
organic,0,vlog
organic,0,toy_play
organic,1,storytime
ambiguous,1,storytime
organic,0,vlog
performative,0,music_dance
organic,0,tutorial
ambiguous,0,vlog
performative,0,toy_play
performative,0,music_dance
performative,1,storytime
organic,1,storytime
organic,0,vlog
ambiguous,1,storytime
ambiguous,0,vlog
no_child,1,storytime
organic,0,milestone
performative,1,storytime
ambiguous,1,storytime
organic,0,vlog
performative,0,toy_play
performative,0,milestone
organic,0,vlog
organic,0,milestone
organic,0,vlog
performative,1,storytime
performative,1,storytime
organic,0,milestone
performative,0,toy_play
performative,0,prank
organic,0,vlog
performative,1,storytime
ambiguous,0,storytime
performative,0,prank
amiguous,0,storytime
organic,0,travel
performative,0,toy_play
ambiguous,1,storytime
performative,0,roleplay
organic,0,vlog
organic,0,milestone
organic,1,storytime
performative,1,storytime
ambiguous,1,storytime
organic,0,vlog
organic,0,storytime
organic,0,storytime
organic,0,vlog
performative,0,storytime
ambiguous,0,storytime
performative,0,roleplay
ambiguous,1,reaction
ambiguous,0,drama
ambiguous,1,drama
performative,0,challenge
organic,0,vlog
organic,1,vlog
organic,0,travel
organic,0,vlog
organic,0,vlog
organic,0,vlog
ambiguous,1,drama
organic,0,milestone
ambiguous,0,storytime
ambiguous,0,challenge
organic,1,vlog
performative,0,toy_play
organic,0,vlog
organic,0,vlog
organic,0,vlog
performative,0,challenge
organic,0,vlog
ambiguous,1,drama
performative,0,toy_play
performative,0,game
performative,0,challenge
organic,1,storytime
organic,1,storytime
performative,0,reaction
performative,0,challenge
organic,0,vlog
organic,0,vlog
organic,0,storytime
organic,0,milestone
organic,0,milestone
organic,1,storytime
ambiguous,1,storytime
performative,0,reaction
organic,1,storytime
organic,0,storytime
ambiguous,1,drama
ambiguous,0,storytime
organic,0,milestone
organic,1,drama
ambiguous,0,storytime
organic,0,travel
performative,0,roleplay
ambiguous,1,discussion
performative,0,challenge
ambiguous,1,storytime
performative,1,reaction
organic,0,vlog
organic,0,vlog
performative,1,challenge
performative,0,toy_play
organic,0,vlog
performative,1,drama
performative,1,drama
performative,0,toy_play
performative,0,toy_play
performative,1,storytime
performative,1,drama
organice,0,vlog
organic,0,vlog
performative,0,tutorial
ambiguous,0,reaction
organic,1,vlog
ambiguous,0,storytime
ambiguous,1,storytime
ambiguous,0,storytime
ambiguous,1,storytime
organic,0,vlog
organice,0,storytime
performative,1,drama
organic,0,vlog
organic,0,vlog
performative,0,storytime
performative,1,storytime
organic,0,milestone
ambiguous,0,reaction
performative,1,reaction
performative,1,challenge
performative,0,reaction
performative,0,challenge
organic,0,milestone
performative,1,reaction
organic,0,milestone
performative,1,drama
performative,0,storytime
organic,0,milestone
organic,0,vlog
performative,0,toy_play
performative,1,drama
performative,0,tutorial
performative,0,toy_play
organic,0,vlog
organic,0,milestone
performative,0,toy_play
organic,0,vlog
organic,0,vlog
organic,0,vlog
ambiguous,0,storytime
ambiguous,0,other
performative,0,challenge
performative,0,storytime
organic,0,vlog
ambiguous,0,storytime
organic,0,milestone
ambiguous,1,storytime
organic,0,vlog
organic,0,vlog
organic,0,vlog
performative,0,challenge
organic,0,vlog
organic,0,milestone
organic,0,vlog
organic,0,milestone
organic,0,vlog
performative,0,roleplay
ambiguous,1,drama
organic,0,vlog
performative,0,challenge
organic,0,storytime
organic,0,milestone
organic,0,milestone
ambiguous,1,drama
organic,0,vlog
organic,0,vlog
organic,0,milestone
performative,0,roleplay
organic,1,storytime
organic,0,vlog
performative,0,challenge
organic,0,vlog
ambiguous,0,other
organic,1,medical
organic,0,milestone
ambiguous,0,other
ambiguous,0,storytime
organic,0,storytime
organic,0,milestone
organic,0,storytime
ambiguous,1,drama
organic,0,milestone
performative,0,roleplay
organic,0,milestone
performative,0,roleplay
ambiguous,0,other
organic,0,milestone
performative,0,music_dance
organic,1,vlog
performative,0,tutorial
organic,1,vlog
performative,1,storytime
organic,0,vlog
performative,0,challenge
organic,0,vlog
organic,1,storytime
organic,1,drama
organic,0,milestone
organic,0,storytime
performative,1,music_dance
organic,1,vlog
performative,0,music_dance
organic,0,milestone
performative,0,announcement
performative,1,challenge
performative,0,storytime
organic,0,tutorial
organic,1,storytime
ambiguous,0,vlog
organic,0,storytime
performative,0,drama
no_child,0,medical
performative,0,storytime
organic,0,toy_play
organic,1,drama
organic,1,storytime
organic,1,storytime
organic,1,drama
organic,0,storytime
organic,1,storytime
organic,1,drama
organic,1,storytime
ambiguous,0,vlog
organic,1,storytime
organic,0,milestone
ambiguous,0,storytime
ambiguous,0,drama
medical,1,medical
no_child,0,announcement
organic,0,milestone
ambiguous,1,storytime
ambiguous,1,storytime
performative,0,storytime
performative,0,prank
performative,0,haul
performative,0,storytime
organic,0,milestone
organic,1,storytime
organic,0,vlog
performative,0,roleplay
performative,0,challenge
performative,0,tutorial
organic,0,vlog
organic,1,storytime
organic,0,vlog
performative,0,roleplay
organic,0,milestone
performative,0,tutorial
organic,1,storytime
organic,0,vlog
performative,0,roleplay
organic,1,storytime
organic,0,vlog
organic,0,storytime
organic,0,milestone
no_child,1,storytime
organic,0,vlog
ambiguous,1,storytime
organic,0,storytime
organic,0,vlog
no_child,1,storytime
performative,0,storytime
organic,1,storytime
organic,1,storytime
organic,0,vlog
organic,0,storytime
no_child,1,storytime
performative,0,toy_play
no_child,1,storytime
organic,0,milestone
organic,1,storytime
organic,0,vlog
organic,1,storytime
performative,0,roleplay
ambiguous,1,storytime
organic,0,vlog
organic,0,storytime
no_child,0,other
performative,0,roleplay
organic,0,vlog
organic,1,storytime
performative,0,other
organic,0,storytime
organic,0,milestone
organic,0,milestone
organic,0,vlog
organic,0,vlog
ambiguous,1,storytime
no_child,1,storytime
organic,0,vlog
organic,0,vlog
organic,0,vlog
organic,0,vlog
organic,0,storytime
organic,0,vlog
organic,0,storytime
performative,0,challenge
organic,0,vlog
organic,0,milestone
organic,0,vlog
ambiguous,1,storytime
performative,0,tutorial
ambiguous,1,storytime
organic,0,vlog
organic,1,storytime
organic,0,vlog
ambiguous,1,storytime
organic,0,storytime
organic,1,storytime
ambiguous,1,storytime
organic,0,vlog
organic,0,vlog
organic,0,vlog
ambiguous,1,storytime
performative,0,challenge
organic,0,vlog
organic,0,vlog
organic,0,vlog
ambiguous,1,reaction
organic,0,vlog
organic,0,vlog
organic,0,storytime
organic,0,milestone
organic,0,travel
organic,0,vlog
ambiguous,1,storytime
performative,0,vlog
organic,0,milestone
organic,0,vlog
ambiguous,1,storytime
performative,0,game
ambiguous,1,storytime
performative,0,game
organic,0,vlog
organic,0,milestone
organic,0,vlog
organic,0,milestone
ambiguous,0,storytime
performative,0,toy_play
performative,0,prank
organic,1,vlog
ambiguous,1,reaction
organic,0,haul
organic,1,storytime
organic,1,vlog
organic,1,storytime
organic,0,vlog
performative,0,challenge
organic,0,news
organic,0,vlog
organic,1,storytime
performative,0,toy_play
organic,1,storytime
performative,0,roleplay
organic,0,vlog
organic,0,milestone
organic,1,vlog
organic,0,tutorial
ambiguous,0,discussion
performative,0,roleplay
organic,0,vlog
organic,0,milestone
organic,0,milestone
performative,0,toy_play
organic,0,vlog
ambiguous,0,other
ambiguous,1,reaction
performative,0,toy_play
ambiguous,1,drama
organic,0,vlog
performative,0,music_dance
performative,0,prank
ambiguous,0,other
organic,0,tutorial
performative,0,toy_play
performative,0,roleplay
ambiguous,0,other
organic,0,food
performative,0,toy_play
organic,1,storytime
performative,0,game
organic,1,storytime
organic,0,milestone
performative,1,drama
organic,0,travel
organic,0,milestone
organic,0,vlog
organic,0,vlog
performative,0,event
organic,0,performance
ambiguous,0,other
performative,0,style
organic,0,family
performative,0,challenge
organic,0,vlog
organic,0,milestone
no_child,0,milestone
organic,0,vlog
organic,0,milestone
organic,0,vlog
amiguous,0,other
organic,1,storytime
organic,0,milestone
organic,0,milestone
organic,0,milestone
organic,0,milestone
performative,0,roleplay
performative,1,game
performative,0,game
performative,1,reaction
performative,1,reaction
performative,1,reaction
performative,0,storytime
performative,0,unboxing
performative,1,reaction
performative,1,reaction
performative,0,storytime
performative,1,drama
no_child,0,other
no_child,0,other
no_child,0,other
performative,0,challenge
performative,1,drama
performative,0,storytime
performative,1,reaction
performative,0,other
performative,0,other
performative,0,other
performative,0,other
ambiguous,0,other
ambiguous,0,other
ambiguous,0,other
ambiguous,0,other
ambiguous,0,other
ambiguous,0,other
ambiguous,0,other
ambiguous,0,other
ambiguous,0,other
performative,0,challenge
organic,0,vlog
ambiguous,1,storytime
performative,0,challenge
performative,0,challenge
organic,0,vlog
performative,0,roleplay
organic,0,vlog
ambiguous,1,drama
organic,0,vlog
organic,0,tutorial
organic,0,vlog
organic,0,vlog
organic,0,storytime
organic,0,milestone
performative,0,tutorial
performative,0,storytime
performative,0,challenge
organic,0,vlog
organic,0,vlog
organic,0,vlog
ambiguous,0,reaction
performative,0,challenge
ambiguous,0,storytime
performative,0,challenge
performative,0,toy_play
organic,0,vlog
organic,0,vlog
medical,1,medical
organic,0,vlog
performative,0,reaction
organic,0,milestone
organic,0,toy_play
performative,1,storytime
medical,1,medical
performative,0,announcement
performative,0,roleplay
performative,0,storytime
performative,0,drama
performative,0,milestone
medical,1,medical
ambiguous,0,storytime
performative,0,roleplay
performative,0,challenge
ambiguous,1,storytime
performative,0,challenge
medical,1,medical
organic,0,vlog
performative,0,challenge
organic,0,storytime
performative,0,challenge
performative,0,reaction
organic,0,vlog
organic,0,vlog
performative,0,prank
organic,0,vlog
performative,0,toy_play
performative,0,challenge
organic,0,vlog
organic,0,vlog
performative,0,dream
organic,0,vlog
organic,0,vlog
performative,0,challenge
organic,0,milestone
organic,0,milestone
organic,0,storytime
organic,0,unboxing
organic,0,music_dance
organic,0,vlog
performative,0,challenge
organic,0,vlog
organic,0,vlog
performative,0,prank
medical,1,medical
performative,0,challenge
organic,0,milestone
organic,0,vlog
organic,0,tour
organic,0,travel
organic,0,vlog
organic,0,storytime
organic,1,reaction
organic,0,vlog
organic,0,milestone
performative,0,dance
performative,0,challenge
organic,1,storytime
organic,1,storytime
organic,1,storytime
performative,0,challenge
performative,0,toy_play
organic,0,storytime
organic,0,vlog
organic,0,milestone
organic,0,event
organic,0,milestone
organic,0,vlog
organic,0,vlog
performative,0,drama
organic,0,vlog
organic,0,vlog
organic,0,vlog
ambiguous,0,other
organic,0,vlog
performative,0,roleplay
organic,0,vlog
performative,0,roleplay
performative,0,challenge
performative,0,drama
organic,0,vlog
performative,0,storytime
organic,0,vlog
performative,1,drama
performative,0,storytime
ambiguous,1,drama
performative,0,reaction
performative,0,reaction
organic,0,vlog
organic,0,vlog
organic,0,vlog
performative,0,roleplay
performative,0,other
performative,0,reaction
organic,0,vlog
organic,0,storytime
performative,1,reaction
organic,0,vlog
medical,0,medical
ambiguous,0,other
performative,0,storytime
performative,0,game
performative,1,drama
performative,0,reaction
organic,0,vlog
organic,0,milestone
performative,0,roleplay
performative,0,roleplay
amiguous,0,other
organic,1,drama
performative,0,roleplay
organic,0,vlog
other,0,other
performative,0,storytime
organic,0,travel
organic,0,vlog
organic,0,milestone
organic,0,milestone
organic,0,storytime
organic,0,travel
organic,0,vlog
performative,1,challenge
performative,0,challenge
ambiguous,1,drama
organic,0,vlog
performative,1,prank
organic,1,vlog
performative,1,party
performative,1,reaction
no_child,0,other
organic,0,vlog
performative,0,fashion
organic,0,vlog
performative,0,giveaway
ambiguous,1,storytime
performative,1,action
organic,0,vlog
performative,0,countdown
organic,0,food
performative,0,question
performative,0,discussion
performative,0,vlog
performative,0,tour
organic,0,toy_play
performative,0,adventure
performative,0,travel
no_child,0,milestone
performative,0,vlog
performative,0,toy_play
performative,0,vlog
performative,0,mukbang
performative,0,challenge
performative,1,drama
no_child,0,other
organic,0,vlog
performative,0,prank
ambiguous,0,reaction
no_child,0,other
performative,0,storytime
no_child,0,other
performative,0,prank
performative,0,reaction
performative,1,drama
no_child,0,other
performative,0,challenge
no_child,0,other
performative,1,drama
ambiguous,0,other
ambiguous,0,other
ambiguous,0,other
ambiguous,0,other
performative,0,other
organic,0,travel
performative,0,challenge
performative,0,challenge
organic,0,vlog
ambiguous,0,other
organic,0,vlog
ambiguous,1,reaction
organic,0,vlog
organic,0,vlog
performative,0,challenge
performative,0,roleplay
organic,0,vlog
performative,0,other
ambiguous,1,drama
organic,0,vlog
performative,0,other
performative,0,tutorial
organic,0,milestone
ambiguous,0,other
performative,0,game
performative,0,challenge
performative,0,toy_play
organic,0,vlog
ambiguous,0,other
performative,0,music_dance
performative,0,tutorial
performative,0,challenge
ambiguous,0,other
ambiguous,1,reaction
organic,1,storytime
performative,0,toy_play
organic,0,travel
performative,0,challenge
ambiguous,1,drama
performative,0,other
ambiguous,0,travel
performative,0,storytime
ambiguous,1,drama
organic,0,vlog
ambiguous,1,reaction
organic,0,milestone
organic,0,vlog
ambiguous,0,drama
organic,0,vlog
performative,0,challenge
performative,0,challenge
organic,0,vlog
ambiguous,0,other
ambiguous,0,other
performative,0,roleplay
performative,0,unboxing
performative,0,challenge
organic,0,vlog
performative,0,storytime
performative,0,prank
performative,0,challenge
organic,0,vlog
performative,0,unboxing
organic,0,vlog
organic,0,travel
performative,0,prank
performative,0,challenge
organic,0,vlog
performative,0,roleplay
medical,0,medical
ambiguous,1,drama
performative,0,game
organic,0,vlog
organic,0,travel
performative,0,storytime
performative,0,challenge
aggressive,1,drama
performative,0,tutorial
organic,0,vlog
organic,0,storytime
organic,0,vlog
performative,0,challenge
performative,0,announcement
ambiguous,1,drama
performative,0,roleplay
performative,0,challenge
organic,0,vlog
performative,0,storytime
aggressive,1,drama
performative,0,roleplay
organic,0,vlog
ambiguous,1,drama
performative,0,roleplay
other,0,storytime
performative,0,roleplay
other,0,other
organic,0,vlog
performative,0,game
performative,0,storytime
other,0,reaction
ambiguous,1,drama
other,0,milestone
other,0,milestone
performative,0,roleplay
organic,0,vlog
organic,0,vlog
organic,0,vlog
ambiguous,0,storytime
organic,0,vlog
performative,0,roleplay
organic,0,vlog
performative,0,roleplay
ambiguous,0,challenge
performative,1,prank
performative,1,prank
performative,0,reaction
performative,0,reaction
performative,0,drama
performative,0,roleplay
performative,1,drama
ambiguous,0,storytime
performative,0,tutorial
organic,0,vlog
ambiguous,0,storytime
ambiguous,1,drama
organic,0,milestone
organic,0,vlog
organic,0,vlog
ambiguous,1,storytime
organic,0,tutorial
organic,0,vlog
ambiguous,0,storytime
performative,0,toy_play
organic,0,milestone
organic,0,storytime
organic,0,milestone
ambiguous,0,storytime
organic,0,vlog
performative,0,reaction
performative,1,reaction
ambiguous,0,storytime
performative,0,storytime
organic,0,milestone
organic,0,milestone
organic,0,vlog
ambiguous,1,drama
performative,0,reaction
performative,0,prank
organic,0,cooking
organic,0,vlog
organic,0,vlog
organic,0,vlog
ambiguous,0,storytime
organic,0,vlog
organic,0,vlog
organic,0,vlog
organic,0,vlog
organic,0,vlog
organic,0,vlog
organic,1,drama
organic,0,vlog
organic,0,vlog
performative,0,challenge
organic,0,vlog
organic,1,drama
organic,0,vlog
organic,1,drama
organic,0,vlog
organic,0,vlog
performative,0,roleplay
ambiguous,0,other
organic,0,vlog
ambiguous,0,other
organic,1,storytime
organic,0,vlog
organic,0,vlog
organic,0,vlog
organic,0,vlog
organic,0,vlog
organic,1,drama
organic,1,drama
organic,1,drama
organic,0,vlog
organic,0,vlog
organic,0,vlog
organic,0,vlog
ambiguous,0,other
performative,0,challenge
performative,0,roleplay
no_child,0,other
organic,0,vlog
performative,0,challenge
ambiguous,0,other
performative,0,roleplay
organic,0,vlog
performative,0,challenge
ambiguous,0,other
performative,0,challenge
organic,0,vlog
performative,0,prank
organic,0,vlog
ambiguous,0,other
ambiguous,0,other
performative,0,other
performative,1,storytime
performative,1,storytime
performative,0,other
organic,0,vlog
performative,0,challenge
organic,0,tutorial
organic,0,storytime
organic,0,vlog
performative,0,adventure
other,0,other
ambiguous,0,reaction
performative,1,roleplay
organic,0,vlog
organic,1,storytime
other,0,other
other,1,storytime
other,1,other
other,0,other
other,0,other
other,0,other
other,0,other
other,0,other
organic,0,vlog
other,1,storytime
other,1,storytime
other,1,storytime
other,1,storytime
other,0,other
performative,0,challenge
other,1,storytime
performative,1,roleplay
other,0,other
other,1,storytime
organic,0,vlog
organic,0,vlog
organic,0,vlog
organic,0,vlog
organic,0,vlog
organic,0,vlog
organic,0,vlog
performative,0,challenge
other,0,other
organic,0,vlog
organic,0,vlog
organic,0,vlog
organic,0,vlog
organic,0,vlog
other,0,other
ambiguous,0,other
no_child,1,drama
organic,0,vlog
ambiguous,0,other
organic,0,vlog
performative,0,game
performative,0,challenge
organic,0,vlog
organic,0,vlog
organic,0,vlog
organic,0,vlog
organic,0,travel
performative,0,roleplay
performative,0,roleplay
organic,0,vlog
performative,0,challenge
organic,0,vlog
performative,0,roleplay
ambiguous,0,music_dance
organic,0,vlog
ambiguous,0,other
ambiguous,0,reaction
organic,0,vlog
performative,0,roleplay
performative,0,unboxing
ambiguous,1,drama
performative,1,challenge
organic,0,vlog
performative,0,roleplay
ambiguous,0,reaction
performative,0,game
performative,0,game
ambiguous,0,other
performative,0,roleplay
performative,0,drama
performative,0,roleplay
performative,0,other
organic,0,vlog
performative,0,reaction
performative,0,storytime
performative,0,unboxing
no_child,0,medical
organic,1,storytime
performative,0,roleplay
organic,0,storytime
performative,0,roleplay
ambiguous,1,drama
ambiguous,1,horror
organic,0,milestone
ambiguous,0,other
no_child,1,storytime
organic,0,vlog
performative,0,challenge
performative,0,challenge
performative,0,toy_play
organic,0,vlog
organic,0,vlog
organic,0,vlog
organic,0,vlog
organic,0,vlog
organic,0,storytime
performative,0,music_dance
organic,0,travel
performative,0,toy_play
organic,0,game
organic,0,birthday
organic,0,vlog
organic,0,travel
organic,0,travel
organic,0,travel
organic,0,storytime
organic,0,storytime
organic,0,storytime
organic,0,storytime
organic,0,storytime
organic,0,storytime
organic,0,storytime
organic,0,storytime
organic,0,storytime
organic,0,storytime
organic,0,storytime
organic,0,storytime
organic,0,storytime
organic,0,storytime
organic,0,storytime
organic,0,storytime
organic,0,storytime
organic,0,storytime
organic,0,storytime
organic,0,storytime
organic,0,storytime
organic,1,medical
no_child,0,reaction
no_child,0,reaction
organic,0,vlog
no_child,0,reaction
no_child,0,reaction
no_child,0,reaction
no_child,0,reaction
performative,0,challenge
no_child,1,reaction
organic,0,vlog
performative,0,tutorial
performative,0,game
performative,0,tutorial
performative,0,craft
performative,0,travel
performative,0,travel
performative,0,review
performative,0,game
performative,0,visit
performative,0,challenge
performative,0,challenge
performative,0,craft
performative,0,review
performative,0,game
performative,0,race
performative,0,game
performative,0,game
performative,0,game
performative,0,challenge
performative,0,challenge
performative,0,tutorial
performative,0,toy_play
performative,0,parody
performative,0,review
performative,0,tutorial
performative,0,funny dogs
performative,0,toy_play
performative,0,parody
performative,0,review
performative,0,reaction
performative,0,review
performative,0,toy_play
performative,0,reaction
performative,1,unboxing
performative,0,funny dogs
performative,0,visit
performative,0,exhibition
performative,0,unboxing
performative,0,game
performative,0,celebration
performative,0,visit
performative,0,visit
performative,0,unboxing
performative,0,reaction
performative,0,scavenger hunt
performative,0,toy_play
performative,0,parody
ambiguous,0,other
ambiguous,0,other
performative,0,challenge
organic,0,vlog
performative,0,game
performative,0,game
organic,0,travel
ambiguous,0,storytime
performative,0,challenge
performative,0,scavenger hunt
performative,0,scavenger hunt
organic,0,music_dance
organic,0,travel
performative,0,treasure hunt
performative,0,treasure hunt
organic,0,forest exploration
organic,0,travel
organic,0,travel
performative,0,adventure
organic,0,family_vlog
performative,0,challenge
performative,0,craft
organic,0,milestone
performative,1,storytime
performative,1,storytime
performative,0,reaction
informative,0,educational
performative,0,challenge
organic,0,travel
informative,0,tutorial
performative,0,unboxing
performative,0,challenge
performative,0,challenge
performative,0,challenge
performative,0,challenge
performative,0,challenge
performative,0,music_dance
performative,0,craft
performative,0,game
performative,0,challenge
performative,0,drama
performative,0,challenge
performative,0,toy_play
performative,0,challenge
performative,1,storytime
performative,0,challenge
performative,0,challenge
performative,0,challenge
performative,0,challenge
performative,0,craft
performative,0,game
performative,0,reaction
organic,0,vlog
performative,0,music_dance
organic,0,vlog
performative,0,challenge
performative,0,tutorial
performative,0,challenge
performative,0,adventure
organic,0,vlog
performative,0,game
performative,0,challenge
performative,0,music_dance
performative,0,tutorial
performative,0,music_dance
performative,0,challenge
performative,0,challenge
performative,0,challenge
organic,0,vlog
performative,0,tutorial
performative,0,experiment
performative,0,tutorial
performative,0,music_dance
performative,0,music_dance
performative,0,challenge
performative,0,science
performative,0,game
performative,0,tutorial
performative,0,challenge
performative,0,science
performative,0,challenge
performative,0,toy_play
performative,0,adventure
performative,0,reaction
performative,0,science
organic,0,vlog
performative,0,challenge
performative,0,challenge
performative,0,challenge
performative,0,storytime
performative,0,science
performative,0,challenge
performative,0,challenge
performative,0,experiment
performative,0,toy_play
performative,0,game
organic,0,adventure
performative,0,challenge
performative,0,challenge
performative,0,challenge
performative,0,storytime
organic,0,vlog
performative,0,challenge
performative,0,craft
performative,0,craft
organic,0,vlog
performative,0,challenge
performative,0,game
performative,0,game
performative,0,craft
performative,0,craft
ambiguous,0,adventure
organic,0,vlog
performative,0,tutorial
performative,0,challenge
performative,0,craft
organic,0,vlog
organic,0,vlog
performative,0,craft
performative,0,craft
organic,0,reaction
performative,0,game
performative,0,tutorial
performative,0,adventure
performative,0,game
organic,0,vlog
organic,0,review
performative,0,challenge
performative,0,adventure
performative,0,game
performative,0,adventure
organic,0,travel
performative,0,toy_play
performative,0,craft
performative,0,game
no_child,0,other
performative,0,game
organic,0,travel
performative,0,tutorial
organic,0,vlog
ambiguous,0,adventure
organic,0,travel
organic,0,toy_play
performative,0,science
performative,0,science
organic,0,vlog
performative,0,tutorial
organic,0,travel
organic,0,vlog
organic,0,vlog
organic,0,adventure
performative,0,challenge
performative,0,challenge
ambiguous,0,other
organic,0,vlog
organic,0,travel
performative,0,game
performative,0,game
performative,0,challenge
performative,0,drama
performative,0,challenge
performative,0,toy_play
performative,0,game
organic,0,vlog
performative,0,toy_play
performative,0,toy_play
organic,0,vlog
performative,0,game
performative,0,unboxing
organic,0,tutorial
performative,0,challenge
performative,0,milestone
performative,0,game
performative,0,unboxing
performative,0,challenge
performative,0,challenge
performative,0,roleplay
performative,0,game
performative,0,reaction
organic,0,educational
organic,0,travel
organic,0,vlog
organic,0,crafting
performative,0,game
organic,0,crafting
performative,0,toy_play
educational,0,educational
performative,0,roleplay
performative,0,toy_play
performative,0,challenge
performative,0,roleplay
organic,0,toy_play
performative,0,toy_play
organic,0,travel
performative,0,challenge
performative,0,game
organic,0,educational
organic,0,educational
performative,0,game
organic,0,review
performative,0,challenge
organic,0,vlog
performative,0,game
ambiguous,0,tutorial
performative,0,challenge
ambiguous,0,adventure
organic,0,vlog
performative,0,game
organic,0,vlog
performative,0,review
performative,0,challenge
performative,0,game
organic,0,vlog
performative,0,craft
performative,0,challenge
performative,0,game
organic,0,vlog
ambiguous,0,adventure
organic,0,art
no_child,0,review
performative,0,game
organic,0,vlog
organic,0,science
performative,0,challenge
ambiguous,0,story
performative,0,toy_play
no_child,0,review
performative,0,challenge
organic,0,comparison
organic,0,adventure
organic,0,toy_play
no_child,0,vlog
no_child,0,vlog
performative,0,challenge
performative,0,game
performative,0,challenge
organic,0,vlog
organic,0,compilation
performative,0,craft
performative,0,game
organic,0,science
organic,0,toy_play
organic,0,toy_play
performative,0,game
performative,0,unboxing
organic,0,adventure
organic,0,funny
organic,0,vlog
performative,0,game
organic,0,adventure
organic,0,craft
performative,0,game
organic,0,vlog
performative,0,game
performative,0,tutorial
performative,0,game
organic,0,vlog
performative,0,tutorial
performative,0,milestone
performative,0,game
performative,0,tutorial
performative,0,game
performative,0,tutorial
performative,0,storytime
performative,0,cooking
performative,0,game
performative,0,tutorial
performative,0,roleplay
organic,0,vlog
performative,0,roleplay
performative,0,tutorial
organic,0,milestone
organic,0,storytime
performative,0,tutorial
performative,0,challenge
performative,0,cooking
performative,0,storytime
performative,0,craft
ambiguous,1,drama
performative,0,craft
performative,0,game
performative,0,tutorial
performative,0,storytime
performative,0,roleplay
organic,0,vlog
performative,0,tutorial
performative,0,cooking
performative,0,storytime
performative,0,storytime
performative,0,craft
performative,0,craft
performative,0,cooking
performative,0,roleplay
performative,0,tutorial
organic,0,storytime
performative,0,game
performative,0,storytime
performative,0,craft
organic,0,vlog
performative,0,cooking
ambiguous,0,other
ambiguous,0,other
organic,0,vlog
performative,0,tutorial
performative,0,tutorial
performative,0,crafting
performative,0,storytime
performative,0,toy_play
performative,0,storytime
performative,0,crafting
performative,0,storytime
performative,0,crafting
performative,0,travel
performative,0,toy_play
performative,0,adventure
performative,0,crafting
performative,0,storytime
performative,0,reaction
performative,0,crafting
performative,0,crafting
performative,0,reaction
performative,0,vlog
performative,0,crafting
performative,0,cooking
performative,0,cooking
performative,0,crafting
performative,0,gaming
performative,0,crafting
performative,0,gaming
performative,0,crafting
performative,0,reaction
performative,0,reaction
performative,0,crafting
performative,0,reaction
performative,0,game
performative,0,game
performative,0,reaction
performative,0,reaction
performative,0,challenge
performative,1,other
performative,1,other
performative,1,other
performative,1,other
performative,1,other
performative,1,other
performative,1,other
performative,1,other
performative,0,other
no_child,0,other
organic,0,vlog
performative,0,cooking
performative,0,crafting
performative,0,challenge
organic,0,storytime
performative,0,adventure
performative,0,game
organic,0,vlog
organic,0,tutorial
organic,0,vlog
performative,0,challenge
organic,0,vlog
performative,0,contest
performative,0,adventure
organic,0,vlog
performative,0,storytime
organic,0,vlog
performative,0,toy_play
performative,0,roleplay
organic,0,vlog
performative,0,challenge
performative,0,roleplay
performative,0,roleplay
organic,0,livestream
performance,0,storytime
performative,0,diy
performative,0,adventure
organic,0,vlog
performative,0,tutorial
organic,0,vlog
organic,0,storytime
performative,0,adventure
organic,0,game
organic,0,storytime
performative,0,adventure
performative,0,diy
organic,0,vlog
performative,0,roleplay
performative,0,roleplay
performative,0,tutorial
performative,0,roleplay
performative,0,diy
organic,0,storytime
organic,0,vlog
organic,0,storytime
performative,0,challenge
organic,0,vlog
organic,0,tutorial
ambiguous,1,storytime
performative,0,toy_play
performative,0,roleplay
performative,0,challenge
organic,0,tutorial
organic,0,vlog
ambiguous,0,other
organic,0,vlog
ambiguous,0,other
organic,0,toy_play
ambiguous,0,other
organic,0,cooking
organic,0,cooking
ambiguous,0,craft
performative,0,roleplay
performative,0,roleplay
performative,0,game
organic,0,museum
amiguous,0,challenge
performative,0,search
organic,0,craft
no_child,0,storytime
performative,0,reaction
performative,0,science_experiment
performative,0,game
organic,0,adventure
performative,0,search
performative,0,race
performative,0,create
performative,0,challenge
performative,0,diy
ambiguous,0,challenge
ambiguous,0,vlog
performative,0,science
performative,0,game
amiguous,0,search
performative,0,adventure
performative,0,search
performative,0,roleplay
performative,0,roleplay
no_child,0,reaction
performative,0,roleplay
performative,0,science
amiguous,0,roleplay
no_child,0,other
organidc,0,vlog
performative,0,science
performative,0,challenge
amiguous,0,adventure
no_child,0,storytime
performative,0,challenge
performative,0,roleplay
performative,0,diy
ambiguous,0,other
ambiguous,0,other
performative,0,challenge
performative,0,challenge
organic,0,storytime
organic,0,tutorial
performative,0,roleplay
performative,0,roleplay
organic,0,toy_play
performative,0,storytime
performative,0,scavenger hunt
performative,0,storytime
organic,0,cooking
organic,0,vlog
organic,0,adventure
performative,0,roleplay
performative,0,tutorial
organic,0,cooking
performative,0,game
performative,0,tutorial
organic,0,adventure
organic,0,storytime
organic,0,adventure
organic,0,storytime
organic,0,play
performative,0,storytime
organic,0,cooking
organic,0,roleplay
organic,0,toy_play
performative,0,roleplay
performative,0,cooking
performative,0,challenge
performative,0,game
performative,0,cooking
organic,0,tutorial
performative,0,game
organic,0,science
performative,0,game
performative,0,game
performative,0,scavenger hunt
performative,0,gaming
organic,0,vlog
organic,0,learning
performative,0,challenge
ambiguous,1,drama
organic,0,science
organic,0,toy_play
performative,0,game
organic,0,vlog
organic,0,learning
performative,0,game
organic,0,cooking
organic,0,storytime
performative,0,roleplay
performative,0,tutorial
performative,0,game
organic,0,vlog
ambiguous,0,storytime
performative,0,milestone
organic,0,event
performative,0,game
performative,0,game
performative,0,tutorial
performative,0,game
organic,0,vlog
performative,0,tutorial
performative,0,game
performative,0,cooking
performative,0,game
performative,0,game
performative,0,roleplay
performative,0,roleplay
performative,0,reaction
organic,0,party
organic,0,storytime
ambiguous,0,storytime
organic,0,vlog
performative,0,game
organic,0,cooking
performative,0,storytime
performative,0,game
performative,0,game
organic,0,vlog
organic,0,storytime
organic,0,vlog
performative,0,game
performative,0,tutorial
organic,0,party
performative,0,adventure
performative,0,tutorial
ambiguous,0,storytime
performative,0,tutorial
performative,0,cooking
performative,0,storytime
performative,0,tutorial
performative,0,game
performative,0,tutorial
performative,0,tutorial
performative,0,cooking
performative,0,educational
performative,0,storytime
performative,0,challenge
performative,0,unboxing
performative,0,game
performative,0,tutorial
performative,0,roleplay
performative,0,challenge
performative,0,unboxing
organic,0,vlog
performative,0,tutorial
organic,0,vlog
performative,0,tutorial
performative,0,game
performative,0,roleplay
performative,0,unboxing
performative,0,game
performative,0,game
performative,0,challenge
performative,0,roleplay
performative,0,tutorial
performative,0,unboxing
performative,0,unboxing
organic,0,vlog
roleplay,0,roleplay
performative,0,game
performative,0,storytime
organic,0,vlog
performative,0,tutorial
organic,0,vlog
organic,0,vlog
performative,0,unboxing
roleplay,0,roleplay
organic,0,vlog
roleplay,0,roleplay
roleplay,0,roleplay
performative,0,challenge
storytime,0,storytime
performative,0,unboxing
performative,0,roleplay
performative,0,roleplay
performative,0,challenge
roleplay,0,roleplay
performative,0,challenge
performative,0,roleplay
roleplay,0,roleplay
performative,0,challenge
roleplay,0,roleplay
organic,0,vlog
performative,0,challenge
performative,0,roleplay
performative,0,game
performative,0,game
performative,0,challenge
performative,0,roleplay
performative,0,roleplay
performative,0,tutorial
performative,0,toy_play
performative,0,challenge
performative,0,roleplay
performative,0,challenge
performative,0,toy_play
performative,0,game
performative,0,toy_play
performative,0,roleplay
performative,0,storytime
performative,0,tutorial
performative,0,roleplay
performative,0,toy_play
performative,0,storytime
performative,0,roleplay
performative,0,game
performative,0,game
performative,0,game
performative,0,roleplay
performative,0,roleplay
performative,0,game
performative,0,game
performative,0,storytime
performative,0,roleplay
performative,0,roleplay
performative,0,storytime
performative,0,roleplay
performative,0,challenge
organic,0,tutorial
ambiguous,0,storytime
performative,0,challenge
performative,0,roleplay
performative,0,roleplay
performative,0,game
performative,0,tutorial
performative,0,game
performative,0,roleplay
performative,0,toy_play
ambiguous,0,storytime
ambiguous,0,storytime
organic,0,vlog
performative,0,roleplay
organic,0,vlog
ambiguous,0,storytime
performative,0,game
performative,0,storytime
performative,0,review
organic,1,storytime
performative,0,challenge
performative,0,game
organic,0,vlog
organic,0,storytime
performative,0,adventure
performative,0,challenge
organic,0,vlog
organic,0,vlog
performative,0,game
organic,0,vlog
performative,0,challenge
performative,0,challenge
organic,0,tutorial
organic,0,storytime
performative,0,game
performative,0,adventure
organic,0,educational
performative,0,game
performative,0,game
performative,0,roleplay
performative,0,roleplay
performative,0,adventure
performative,0,tutorial
performative,0,tutorial
performative,0,toy_play
performative,0,challenge
performative,0,roleplay
performative,0,unboxing
performative,0,game
performative,0,toy_play
performative,0,roleplay
performative,0,roleplay
performative,0,roleplay
performative,0,adventure
performative,0,toy_play
performative,0,challenge
performative,0,challenge
organic,0,educational
performative,0,roleplay
performative,0,roleplay
organic,0,adventure
performative,0,adventure
performative,0,roleplay
performative,0,educational
performative,0,toy_play
performative,0,adventure
performative,0,adventure
performative,0,challenge
performative,0,challenge
performative,0,challenge
performative,0,storytime
performative,0,roleplay
performative,0,unboxing
organic,0,vlog
organic,0,storytime
organic,0,storytime
performative,0,adventure
performative,0,roleplay
performative,0,toy_play
organic,0,storytime
performative,0,game
organic,0,travel
performative,0,challenge
performative,0,storytime
organic,0,vlog
no_child,0,other
performative,0,game
organic,0,vlog
organic,0,roleplay
performative,0,unboxing
performative,0,contest
performative,0,game
performative,0,game
performative,0,roleplay
performative,0,toy_play
performative,0,toy_play
performative,0,roleplay
performative,0,roleplay
performative,0,game
performative,0,roleplay
performative,0,toy_play
no_child,0,other
organic,0,vlog
performative,0,roleplay
performative,0,roleplay
organic,0,educational
performative,0,unboxing
performative,0,game
performative,0,roleplay
performative,0,game
performative,0,storytime
performative,0,roleplay
performative,0,roleplay
performative,0,toy_play
performative,0,roleplay
performative,0,toy_play
performative,0,roleplay
performative,0,toy_play
organic,0,educational
organic,0,vlog
performative,0,toy_play
performative,0,game
performative,0,game
performative,0,storytime
performative,0,tutorial
performative,0,game
performative,0,game
performative,0,challenge
performative,0,storytime
organic,0,vlog
performative,0,game
performative,0,unboxing
organic,0,storytime
organic,0,storytime
performative,0,game
performative,0,storytime
performative,0,storytime
organic,0,vlog
performative,0,roleplay
performative,0,game
performative,0,game
performative,0,challenge
performative,0,game
performative,0,game
performative,0,challenge
performative,0,challenge
performative,0,storytime
performative,0,game
performative,0,challenge
performative,0,roleplay
performative,0,roleplay
organic,0,tutorial
performative,0,storytime
performative,0,challenge
performative,0,game
performative,0,game
organic,0,tutorial
performative,0,unboxing
performative,0,storytime
performative,0,unboxing
performative,0,roleplay
performative,0,challenge
performative,0,game
organic,0,vlog
performative,0,roleplay
performative,0,roleplay
performative,0,roleplay
organic,0,vlog
performative,0,game
performative,0,game
organic,0,vlog
performative,0,storytime
performative,0,magic/show
organic,0,vlog
performative,0,tutorial
performative,0,magic/show
organic,0,storytime
performative,0,roleplay
performative,0,challenge
organic,0,storytime
organic,0,travel
performative,0,tutorial
performative,0,challenge
organic,0,storytime
organic,0,vlog
performative,0,game
performative,0,challenge
performative,0,challenge
performative,0,challenge
performative,0,storytime
performative,0,roleplay
performative,0,training
performative,0,training
performative,0,tutorial
performative,0,training
performative,0,play
performative,0,game
organic,0,vlog
performative,0,challenge
performative,0,tutorial
performative,0,roleplay
performative,0,challenge
performative,0,game
performative,0,storytime
performative,0,storytime
organic,0,vlog
performative,0,roleplay
performative,0,storytime
performative,0,challenge
performative,0,storytime
organic,0,adventure
organic,0,educational
performative,0,game
performative,0,prank
organic,0,educational
organic,0,vlog
organic,0,educational
organic,0,project
organic,0,vlog
performative,0,storytime
performative,0,storytime
performative,0,storytime
organic,0,vlog
organic,0,vlog
organic,0,vlog
performative,0,unboxing
performative,0,roleplay
performative,0,game
performative,0,storytime
performative,0,game
performative,0,roleplay
performative,0,game
performative,0,roleplay
organic,0,vlog
organic,0,vlog
organic,0,vlog
organic,0,vlog
organic,0,vlog
performative,0,roleplay
performative,0,roleplay
performative,1,game
performative,0,toy_play
performative,0,storytime
performative,0,roleplay
performative,0,roleplay
performative,0,roleplay
performative,0,reaction
performative,0,game
performative,0,storytime
performative,0,storytime
performative,0,reaction
performative,0,reaction
performative,1,drama
organic,0,vlog
organic,0,vlog
organic,0,vlog
organic,0,vlog
performative,0,roleplay
performative,0,unboxing
organic,0,travel
organic,0,vlog
performative,0,roleplay
performative,0,game
performative,0,game
performative,1,drama
performative,0,unboxing
no_child,0,announcement
performative,0,game
performative,0,reaction
performative,0,roleplay
organic,0,vlog
performative,0,roleplay
performative,0,roleplay
performative,0,game
performative,0,tutorial
performative,0,roleplay
performative,0,challenge
performative,0,game
organic,0,vlog
organic,0,tutorial
performative,0,roleplay
performative,0,game
performative,0,challenge
performative,0,game
performative,0,tutorial
performative,0,challenge
performative,0,contest
performative,0,game
performative,0,tutorial
performative,0,roleplay
performative,0,roleplay
performative,0,game
performative,0,tutorial
performative,0,puzzle
organic,0,educational
performative,0,game
performative,0,challenge
performative,0,roleplay
performative,0,roleplay
performative,0,game
performative,0,game
performative,0,game
performative,0,story
performative,0,story
performative,0,tutorial
performative,0,game
performative,0,comedy
organic,0,travel
organic,0,educational
organic,0,adventure
performative,0,roleplay
performative,0,craft
performative,0,roleplay
performative,0,challenge
performative,0,mystery
performative,0,craft
organic,0,adventure
organic,0,party
organic,0,holiday
organic,0,vlog
performative,0,game
performative,0,game
performative,0,roleplay
performative,0,game
performative,0,challenge
performative,0,game
organic,0,vlog
performative,0,storytime
performative,0,game
organic,0,vlog
performative,0,game
organic,0,storytime
organic,0,vlog
performative,0,storytime
performative,0,game
organic,0,vlog
organic,0,vlog
performative,0,storytime
performative,0,storytime
performative,0,game
performative,0,game
performative,0,roleplay
performative,0,storytime
performative,0,tutorial
performative,0,roleplay
performative,0,game
organic,0,vlog
performative,0,challenge
organic,0,vlog
organic,0,storytime
performative,0,toy_play
performative,0,unboxing
organic,0,travel
performative,0,game
performative,0,challenge
organic,0,storytime
performative,0,unboxing
performative,0,storytime
organic,0,tutorial
performative,0,game
performative,0,storytime
performative,0,storytime
organic,0,travel
organic,0,cooking
performative,0,storytime
organic,0,educational
performative,0,game
organic,0,travel
organic,0,cooking
performative,0,game
performative,0,roleplay
performative,0,tutorial
organic,0,vlog
performative,0,roleplay
performative,0,game
performative,0,unboxing
performative,0,roleplay
performative,0,storytime
performative,0,game
performative,0,drama
performative,0,tutorial
performative,0,game
performative,0,storytime
performative,0,game
performative,0,roleplay
performative,0,game
performative,0,game
performative,0,storytime
performative,0,milestone
performative,0,adventure
performative,0,game
performative,0,game
performative,0,storytime
performative,0,game
performative,0,challenge
performative,0,unboxing
performative,0,game
performative,0,storytime
performative,0,roleplay
organic,0,vlog
performative,0,game
performative,0,game
performative,0,game
organic,0,vlog
performative,0,game
organic,0,vlog
performative,0,storytime
organic,0,vlog
performative,0,game
performative,0,roleplay
performative,0,unboxing
performative,0,game
performative,0,storytime
performative,0,unboxing
organic,0,vlog
performative,0,challenge
performative,0,roleplay
performative,0,storytime
performative,0,storytime
performative,0,challenge
organic,0,vlog
organic,0,storytime
performative,0,game
performative,0,roleplay
performative,0,storytime
performative,0,roleplay
organic,0,vlog
organic,0,vlog
performative,0,game
organic,0,vlog
performative,0,game
tutorial,0,tutorial
storytime,0,storytime
performative,0,unboxing
performative,0,roleplay
performative,0,game
performative,0,game
performative,0,challenge
performative,0,toy_play
organic,0,vlog
performative,0,storytime
organic,0,storytime
organic,0,vlog
performative,0,game
organic,0,toy_play
tutorial,0,tutorial
performative,0,unboxing
performative,0,storytime
performative,0,roleplay
tutorial,0,tutorial
performative,0,storytime
organic,0,cooking
performative,0,game
performative,0,roleplay
performative,0,game
tutorial,0,tutorial
performative,0,roleplay
performative,0,game
performative,0,game
tutorial,0,tutorial
performance,1,storytime
performative,0,challenge
organic,0,vlog
performative,0,storytime
organic,0,vlog
performative,1,drama
performative,0,cooking
performative,0,roleplay
performative,0,game
organic,0,storytime
performative,0,roleplay
performative,0,roleplay
performative,0,roleplay
performative,0,challenge
performative,0,storytime
performative,0,roleplay
organic,0,vlog
performative,1,roleplay
organic,0,toy_play
performative,0,game
performative,0,roleplay
performative,0,game
performative,0,roleplay
organic,0,vlog
performative,0,storytime
performative,0,roleplay
performative,0,adventure
organic,0,vlog
performative,0,prank
performative,0,game
performative,0,adventure
performative,0,fantasy
performative,0,adventure
organic,0,vlog
performative,0,game
performative,0,game
performative,0,storytime
performative,0,roleplay
performative,0,game
performative,0,adventure
performative,0,adventure
performative,0,toy_play
performative,0,roleplay
performative,0,adventure
performative,0,roleplay
performative,0,game
performative,0,tutorial
performative,0,prank
performative,0,roleplay
performative,0,challenge
performative,1,prank
performative,1,prank
performative,0,roleplay
organic,0,vlog
performative,0,game
organic,0,challenge
organic,0,vlog
performative,0,game
performative,0,game
performative,0,challenge
performative,0,roleplay
performative,0,roleplay
performative,0,challenge
performative,0,toy_play
performative,0,roleplay
performative,0,unboxing
performative,0,challenge
performative,0,roleplay
performative,0,roleplay
performative,0,roleplay
performative,0,reaction
performative,0,reaction
performative,0,roleplay
performative,0,roleplay
performative,0,game
performative,0,challenge
performative,0,roleplay
performative,0,roleplay
performative,0,milestone
performative,0,game
performative,0,storytime
performative,0,reaction
performative,0,roleplay
performative,0,reaction
performative,0,other
performative,0,unboxing
performative,0,other
performative,0,roleplay
performative,0,game
performative,0,other
performative,1,other
performative,0,storytime
performative,1,challenge
performative,0,reaction
performative,0,other
performative,1,roleplay
performative,0,other
performative,0,challenge
performative,1,other
performative,1,other
performative,0,roleplay
performative,0,challenge
performative,1,other
performative,0,roleplay
performative,1,other
performative,0,challenge
performative,0,roleplay
performative,0,other
performative,0,challenge
performative,0,game
performative,0,game
organic,0,vlog
performative,0,challenge
performative,0,roleplay
performative,0,unboxing
performative,0,unboxing
performative,0,unboxing
performative,0,roleplay
performative,0,game
performative,0,toy_play
performative,0,prank
performative,0,roleplay
performative,0,vlog
performative,0,toy_play
performative,0,prank
performative,0,roleplay
performative,0,storytime
performative,0,drama
organic,0,vlog
performative,0,game
performative,0,game
performative,0,roleplay
performative,0,storytime
organic,0,vlog
performative,0,unboxing
performative,0,storytime
performative,1,storytime
performative,0,game
performative,0,challenge
performative,0,reaction
performative,0,drama
performative,0,game
performative,0,game
performative,0,tutorial
performative,0,reaction
performative,0,challenge
performative,1,challenge
performative,0,milestone
performative,0,reaction
performative,0,milestone
performative,0,reaction
performative,0,reaction
performative,0,reaction
performative,0,reaction
performative,1,reaction
performative,0,reaction
performative,0,reaction
organic,0,vlog
organic,0,vlog
organic,0,vlog
performative,0,review
performative,0,challenge
performative,0,roleplay
performative,0,adventure
performative,0,storytime
performative,0,adventure
performative,0,roleplay
organic,0,vlog
performative,0,trick
performative,0,adventure
organic,0,vlog
performative,0,storytime
performative,0,roleplay
performative,0,adventure
performative,0,compilation
performative,0,adventure
organic,0,vlog
performative,0,tutorial
organic,0,toy_play
organic,0,travel
performative,0,challenge
performative,0,storytime
performative,0,tour
organic,0,toy_play
performative,0,adventure
performative,0,storytime
performative,0,challenge
performative,0,challenge
performative,0,storytime
performative,0,game
performative,0,storytime
organic,0,adventure
performative,0,toy_play
performative,0,storytime
performative,0,adventure
performative,0,game
performative,0,toy_play
performative,0,game
performative,0,storytime
performative,0,adventure
no_child,0,review
performative,0,storytime
performative,0,storytime
organic,0,travel
performative,0,adventure
performative,0,storytime
performative,0,adventure
performative,0,storytime
performative,0,storytime
performative,0,storytime
performative,0,game
performative,0,adventure
performative,0,roleplay
performative,0,adventure
performative,0,storytime
performative,0,game
performative,0,storytime
performative,0,roleplay
performative,0,drama
performative,0,game
performative,0,game
performative,0,party
performative,0,challenge
performative,0,tutorial
performative,0,adventure
performative,0,vlog
performative,0,roleplay
performative,0,challenge
performative,0,storytime
performative,0,prank
performative,0,game
organice,0,tour
performative,0,tutorial
performative,0,game
performative,0,adventure
performative,0,game
performative,0,storytime
ambiguous,0,storytime
organice,0,vlog
organice,0,adventure
performative,0,game
performative,0,storytime
performative,0,game
performative,0,game
ambiguous,0,adventure
performative,0,game
performative,0,storytime
performative,0,adventure
performative,0,tutorial
performative,0,storytime
performative,0,adventure
performative,0,game
ambiguous,0,storytime
performative,0,roleplay
no_child,0,storytime
performative,0,game
performative,0,adventure
emotional_exploitation,1,drama
performative,1,storytime
performative,0,storytime
performative,0,game
performative,0,prank
performative,0,game
performative,0,roleplay
organic,1,vlog
performative,0,storytime
performative,0,roleplay
performative,0,storytime
performative,0,game
performative,0,game
organic,0,vlog
performative,0,storytime
performative,0,game
performative,0,roleplay
performative,0,game
performative,0,game
performative,0,storytime
performative,0,storytime
performative,0,pretend play
performative,0,pretend play
organic,0,vlog
performative,0,storytime
performative,0,roleplay
performative,0,storytime
performative,0,storytime
performative,0,storytime
performative,0,storytime
performative,0,game
performative,0,game
performative,0,storytime
organic,0,vlog
performative,0,roleplay
performative,0,game
performative,0,roleplay
performative,0,drama
performative,0,challenge
performative,0,game
performative,0,challenge
performative,0,challenge
performative,0,roleplay
performative,0,medical
performative,0,medical
performative,0,roleplay
performative,1,storytime
performative,0,game
performative,0,roleplay
performative,0,roleplay
performative,0,roleplay
performative,0,roleplay
performative,0,roleplay
performative,0,roleplay
performative,0,roleplay
performative,0,roleplay
performative,0,roleplay
tutorial,0,tutorial
performative,0,roleplay
performative,0,roleplay
performative,0,roleplay
performative,0,game
performative,0,roleplay
tutorial,0,tutorial
organic,0,vlog
organic,0,vlog
organic,0,vlog
organic,0,vlog
organic,0,vlog
organic,0,vlog
performative,0,roleplay
performative,0,roleplay
performative,0,roleplay
performative,0,roleplay
performative,0,roleplay
performative,0,roleplay
performative,0,roleplay
performative,0,roleplay
performative,0,roleplay
performative,0,roleplay
performative,0,roleplay
performative,0,roleplay
organic,0,vlog
performative,0,roleplay
performative,0,roleplay
performative,0,roleplay
performative,0,roleplay
performative,0,roleplay
performative,0,roleplay
performative,0,roleplay
performative,0,roleplay
performative,0,roleplay
performative,0,roleplay
performative,0,roleplay
performative,0,roleplay
performative,0,roleplay
performative,0,roleplay
performative,0,roleplay
performative,0,roleplay
performative,0,roleplay
performative,0,roleplay
performative,0,roleplay
performative,0,challenge
performative,0,roleplay
performative,0,roleplay
performative,0,roleplay
performative,0,game
performative,0,reaction
performative,0,search
performative,0,roleplay
organic,0,vlog
organic,0,vlog
performative,0,unboxing
performative,0,search
performative,0,roleplay
performative,0,search
performative,0,roleplay
performative,0,roleplay
performative,0,search
performative,0,game
performative,0,cooking
performative,0,drama
performative,0,reaction
performative,0,search
performative,0,search
performative,0,search
performative,1,search
performative,0,challenge
organic,0,tour
organic,0,vlog
performative,0,roleplay
performative,0,challenge
performative,0,challenge
performative,1,challenge
performative,1,challenge
performative,0,game
performative,1,storytime
performative,1,reaction
performative,0,search
performative,0,other
performative,0,other
performative,1,storytime
performative,1,storytime
performative,1,storytime
performative,1,reaction
performative,1,reaction
performative,0,challenge
performative,1,storytime
performative,1,storytime
performative,1,storytime
performative,0,other
no_child,0,other
performative,0,roleplay
performative,0,game
performative,0,roleplay
performative,0,unboxing
performative,0,roleplay
performative,0,roleplay
performative,0,roleplay
performative,0,roleplay
performative,0,roleplay
performative,0,challenge
organic,0,vlog
performative,0,vlog
performative,0,roleplay
performative,0,roleplay
performative,0,roleplay
performative,0,unboxing
performative,0,challenge
performative,0,roleplay
performative,1,prank
performative,1,prank
performative,1,challenge
performative,0,game
performative,0,vlog
performative,0,challenge
performative,0,roleplay
performative,0,roleplay
performative,0,roleplay
performative,0,roleplay
performative,0,roleplay
performative,1,prank
performative,0,roleplay
performative,1,prank
performative,1,prank
performative,0,roleplay
performative,1,prank
performative,0,roleplay
performative,0,roleplay
performative,0,roleplay
performative,0,roleplay
performative,0,roleplay
performative,1,prank
performative,0,roleplay
performative,1,prank
performative,1,prank
performative,0,roleplay
performative,0,roleplay
performative,0,roleplay
performative,0,roleplay
performative,0,roleplay
performative,1,prank
organic,0,storytime
performative,0,game
performative,0,roleplay
performative,0,unboxing
performative,0,roleplay
performative,1,roleplay
performative,0,storytime
performative,0,unboxing
performative,0,roleplay
performative,0,game
performative,0,roleplay
performative,0,storytime
performative,0,toy_play
performative,0,roleplay
performative,0,unboxing
performative,0,roleplay
performative,0,toy_play
performative,0,storytime
performative,0,roleplay
performative,0,unboxing
performative,0,game
organic,0,vlog
performative,1,drama
organic,1,storytime
performative,0,toy_play
organic,0,vlog
performative,0,game
performative,1,prank
organic,0,travel
performative,0,roleplay
performative,1,storytime
organic,1,vlog
performative,0,roleplay
performative,0,roleplay
organic,0,vlog
performative,0,roleplay
organic,0,travel
performative,0,game
performative,0,storytime
performative,0,roleplay
organic,0,vlog
performative,0,roleplay
organic,1,vlog
performative,0,storytime
performative,0,game
performative,0,game
performative,0,roleplay
performative,0,toy_play
performative,0,roleplay
performative,0,storytime
performative,0,roleplay
performative,0,roleplay
performative,0,roleplay
performative,0,roleplay
performative,0,roleplay
performative,0,roleplay
performative,0,roleplay
performative,0,roleplay
performative,0,roleplay
performative,0,storytime
performative,0,game
performative,0,roleplay
performative,0,roleplay
performative,0,roleplay
performative,0,roleplay
performative,0,roleplay
performative,0,roleplay
organic,0,vlog
performative,0,reaction
performative,1,storytime
performative,1,game
performative,0,challenge
performative,0,game
performative,1,challenge
performative,0,roleplay
performative,0,challenge
performative,0,roleplay
performative,0,challenge
performative,0,challenge
performative,0,challenge
performative,0,storytime
performative,0,challenge
performative,0,storytime
performative,0,challenge
performative,0,unboxing
performative,0,challenge
performative,0,mukbang
performative,0,storytime
organic,0,travel
performative,0,announcement
performative,1,storytime
performative,1,storytime
performative,1,roleplay
performative,1,roleplay
performative,0,unboxing
performative,0,storytime
performative,0,unboxing
performative,0,game
performative,0,toy_play
performative,0,roleplay
organic,0,storytime
organic,0,vlog
performative,0,game
performative,0,toy_play
performative,0,game
organic,0,vlog
performative,0,toy_play
performative,0,toy_play
performative,0,game
performative,0,toy_play
performative,0,game
organic,0,milestone
performative,0,game
performative,0,game
performative,0,game
performative,0,game
performative,0,tutorial
organic,0,storytime
organic,0,storytime
performative,0,toy_play
performative,0,game
performative,0,toy_play
performative,0,roleplay
organic,0,vlog
organic,0,vlog
organic,0,vlog
performative,0,toy_play
performative,0,toy_play
performative,0,milestone
performative,0,challenge
performative,0,roleplay
performative,0,tutorial
organic,0,storytime
performative,0,tutorial
organic,0,storytime
organic,0,storytime
organic,0,milestone
organic,0,storytime
performative,0,tutorial
organic,0,storytime
performative,0,adventure
organic,0,vlog
organic,0,adventure
performative,0,game
organic,0,storytime
performative,0,game
performative,0,toy_play
performative,1,drama
performative,0,roleplay
performative,0,roleplay
performative,0,challenge
performative,0,unboxing
performative,0,challenge
performative,0,toy_play
organic,0,vlog
performative,0,challenge
organic,0,game
organic,0,storytime
performative,0,parody
performative,0,vlog
performative,0,parody
performative,0,game
performative,0,storytime
performative,0,drama
performative,0,toy_play
performative,0,unboxing
performative,0,challenge
performative,0,challenge
performative,0,game
performative,0,challenge
performative,0,game
performative,0,game
performative,0,challenge
performative,0,game
performative,0,game
performative,0,storytime
performative,0,storytime
performative,0,drama
performative,0,toy_play
performative,0,unboxing
performative,0,vlog
performative,0,unboxing
performative,0,toy_play
performative,0,unboxing
performative,0,scavenger hunt
performative,0,toy_play
performative,0,scavenger hunt
performative,0,vlog
performative,0,villain game
performative,0,storytime
performative,0,scavenger hunt
performative,0,toy_play
performative,0,scavenger hunt
organic,0,travel
performative,0,vlog
performative,0,toy_play
performative,0,toy_play
performative,0,scavenger hunt
performative,0,adventure
performative,0,toy_play
organic,0,vlog
performative,0,roleplay
performative,0,game
performative,0,prank
performative,0,challenge
organic,0,vlog
performative,0,talent
performative,0,roleplay
performative,0,game
organic,0,storytime
performative,0,challenge
performative,0,tutorial
performative,0,game
performative,0,storytime
performative,0,unboxing
performative,0,game
organic,0,storytime
performative,0,game
performative,0,game
performative,0,game
performative,0,game
organic,0,vlog
performative,0,unboxing
no_child,0,unboxing
performative,0,unboxing
performative,0,game
performative,0,challenge
performative,0,game
performative,0,roleplay
performative,0,game
performative,0,roleplay
performative,0,game
performative,0,vlog
performative,0,game
performative,0,game
performative,0,unboxing
performative,0,roleplay
performative,0,game
performative,0,game
performative,0,challenge
performative,0,storytime
performative,0,roleplay
performative,0,reaction
performative,0,game
performative,0,roleplay
organic,0,tutorial
performative,0,game
performative,0,toy_play
performative,0,tutorial
performative,0,game
performative,0,challenge
performative,0,challenge
performative,0,unboxing
performative,0,roleplay
performative,0,game
performative,0,vlog
performative,0,milestone
performative,0,challenge
performative,0,unboxing
performative,0,tutorial
performative,0,challenge
performative,0,unboxing
performative,0,vlog
performative,0,milestone
performative,0,travel
performative,0,challenge
performative,0,game
organic,0,storytime
performative,0,milestone
performative,0,game
performative,0,vlog
organic,0,vlog
organic,0,unboxing
performative,0,unboxing
performative,0,storytime
performative,0,challenge
performative,0,unboxing
performative,0,roleplay
performative,0,toy_play
food,0,toy_play
performative,0,game
performative,0,challenge
performative,0,unboxing
performative,0,reaction
performative,0,milestone
performative,0,tutorial
performative,0,unboxing
performative,0,drama
performative,0,travel
performative,0,unboxing
performative,1,game
performative,0,reaction
performative,0,vlog
performative,0,milestone
performative,0,unboxing
ambiguous,0,other
ambiguous,0,other
ambiguous,0,other
ambiguous,0,other
ambiguous,0,other
performative,0,unboxing
performative,0,unboxing
organic,0,vlog
performative,0,game
performative,0,adventure
performative,0,unboxing
performative,0,dance
performative,0,storytime
performative,0,game
performative,0,storytime
performative,0,roleplay
performative,0,game
performative,0,reaction
performative,0,reaction
performative,0,roleplay
performative,0,unboxing
performative,0,roleplay
performative,0,unboxing
performative,0,unboxing
performative,0,unboxing
performative,0,roleplay
organic,0,vlog
performative,0,unboxing
performative,0,unboxing
performative,0,unboxing
performative,0,contest
performative,0,parody
performative,0,tutorial
performative,0,unboxing
performative,0,challenge
performative,0,unboxing
performative,0,unboxing
performative,0,roleplay
performative,0,roleplay
performative,0,unboxing
performative,0,roleplay
performative,0,unboxing
performative,0,unboxing
performative,0,vlog
performative,0,funny_parody
performative,0,tutorial
performative,0,toy_play
performative,0,unboxing
performative,0,roleplay
performative,0,unboxing
performative,0,unboxing
organic,0,vlog
performative,0,reaction
performative,0,drama
organic,0,vlog
performative,0,unboxing
performative,0,roleplay
performative,0,unboxing
performative,0,unboxing
performative,0,unboxing
organic,0,vlog
organic,0,toy_play
performative,0,unboxing
performative,0,unboxing
performative,0,game
organic,0,vlog
organic,0,vlog
organic,0,vlog
performative,0,game
performative,0,unboxing
organic,0,travel
organic,0,vlog
roleplay,0,roleplay
organic,0,storytime
performative,0,unboxing
performative,0,unboxing
performative,0,game
organic,0,vlog
performative,0,game
performative,0,roleplay
performative,0,unboxing
performative,0,game
performative,0,game
organic,0,vlog
performative,0,game
performative,0,magic_show
performative,0,challenge
performative,0,game
performative,0,game
performative,0,game
performative,0,game
performative,0,roleplay
performative,0,tutorial
performative,0,review
performative,0,game
organic,0,travel
organic,0,vlog
roleplay,0,storytime
roleplay,0,storytime
roleplay,0,storytime
organic,0,travel
performative,0,toy_play
performative,0,game
organic,0,travel
performative,0,toy_play
organic,0,vlog
performative,0,unboxing
performative,0,unboxing
performative,0,unboxing
performative,0,toy_play
performative,0,unboxing
performative,0,roleplay
performative,0,scavenger hunt
performative,0,medical
organic,0,adventure
organic,0,toy_play
performative,0,toy_play
performative,0,game
performative,0,adventure
performative,0,collectible
performative,0,game
performative,0,toy_play
performative,0,toy_play
performative,0,scavenger hunt
organic,0,roleplay
performative,0,rescue
performative,0,toy_play
performative,0,scavenger hunt
performative,0,medical
performative,0,toy_play
performative,0,unboxing
performative,0,game
performative,0,adventure
performative,0,toy_play
performative,0,roleplay
performative,0,collection
performative,0,unboxing
performative,0,scavenger hunt
performative,0,toy_play
performative,0,unboxing
performative,0,roleplay
performative,0,scavenger hunt
performative,0,toy_play
performative,0,unboxing
performative,0,scavenger hunt
performative,0,unboxing
performative,0,storytime
performative,0,reaction
performative,0,unboxing
performative,0,roleplay
performative,0,challenge
performative,0,unboxing
performative,0,toy_play
performative,0,challenge
performative,0,unboxing
performative,0,unboxing
performative,0,unboxing
performative,0,roleplay
organic,0,vlog
performative,0,unboxing
performative,0,unboxing
performative,0,unboxing
educational,0,tutorial
performative,0,game
organic,0,vlog
performative,0,tutorial
performative,0,unboxing
performative,0,unboxing
performative,0,unboxing
performative,0,roleplay
educational,0,tutorial
performative,0,challenge
educational,0,tutorial
performative,0,challenge
performative,0,unboxing
organic,0,vlog
organic,0,travel
performative,0,challenge
performative,0,game
performative,0,unboxing
performative,0,unboxing
educational,0,tutorial
performative,0,unboxing
performative,0,prank
performative,0,unboxing
educational,0,tutorial
organic,0,vlog
performative,0,game
performative,0,game
educational,0,tutorial
performative,0,unboxing
performative,0,game
performative,0,game
performative,0,unboxing
performative,0,storytime
performative,0,game
performance,0,parody
performative,0,game
performance,0,parody
performative,0,unboxing
performative,0,game
performative,0,game
educational,0,tutorial
performative,0,toy_play
performative,0,unboxing
performative,0,unboxing
performative,0,game
performative,0,other
performative,0,other
performative,0,other
performative,0,other
organic,0,travel
organic,0,milestone
performative,0,other
performative,0,parody
organic,0,holiday
performative,0,storytime
performative,0,toy_play
performative,0,reaction
performative,0,other
performative,0,parody
performative,0,game
organic,0,adventure
performative,0,unboxing
performative,0,challenge
performative,1,other
performative,0,game
organic,0,play
performative,0,other
performative,0,reaction
performative,0,toy_play
performative,0,search
performative,0,game
performative,0,unboxing
performative,0,other
performative,0,challenge
performative,0,parody
performative,0,toy_play
performative,0,game
performative,0,other
performative,0,parody
performative,0,other
performative,0,reaction
performative,0,toy_play
performative,0,unboxing
performative,1,parody
performative,0,reaction
performative,0,unboxing
performative,0,challenge
performative,0,other
performative,0,reaction
performative,0,toy_play
performative,0,other
performative,0,storytime
performative,0,unboxing
performative,0,unboxing
performative,0,unboxing
performative,0,unboxing
performative,0,storytime
performative,0,game
performative,0,storytime
performative,0,storytime
performative,0,drama
performative,0,game
performative,0,storytime
performative,0,unboxing
performative,0,roleplay
performative,0,challenge
performative,0,roleplay
performative,0,game
performative,0,roleplay
performative,0,challenge
performative,0,storytime
performative,0,game
performative,0,storytime
performative,0,roleplay
performative,0,game
performative,0,storytime
performative,0,roleplay
performative,0,storytime
performative,0,roleplay
organic,0,tour
performative,0,challenge
performative,0,unboxing
performative,0,storytime
performative,0,storytime
performative,0,game
performative,0,unboxing
organic,0,storytime
performative,0,unboxing
performative,0,unboxing
performative,0,prank
performative,0,challenge
organic,0,tour
organic,0,vlog
performative,0,roleplay
performative,0,unboxing
performative,0,storytime
performative,0,storytime
performative,0,unboxing
performative,0,unboxing
performative,0,unboxing
performative,0,tutorial
performative,0,game
performative,0,toy_play
organic,0,vlog
performative,0,toy_play
performative,0,unboxing
performative,0,unboxing
performative,0,unboxing
performative,0,toy_play
performative,0,roleplay
performative,0,unboxing
performative,0,roleplay
performative,0,unboxing
performative,0,roleplay
performative,0,game
organic,0,travel
performative,0,unboxing
performative,0,unboxing
performative,0,game
performative,0,puzzle
performative,0,tutorial
performative,0,unboxing
performative,0,game
organic,0,vlog
organic,0,game
performative,0,roleplay
performative,0,unboxing
performative,0,unboxing
performative,0,unboxing
performative,0,unboxing
performative,0,game
performative,0,unboxing
performative,0,unboxing
performative,0,challenge
performative,0,challenge
performative,0,reaction
performative,0,unboxing
performative,0,unboxing
performative,0,unboxing
performative,0,comparison
performative,0,game
organic,0,travel
performative,0,roleplay
performative,0,roleplay
performative,0,unboxing
performative,1,reaction
performative,0,comedy
organic,0,vlog
performative,0,unboxing
performative,0,toy_play
performative,0,review
performative,0,unboxing
performative,0,tutorial
performative,0,toy_play
organic,0,vlog
performative,0,storytime
performative,0,toy_play
performative,0,unboxing
performative,0,roleplay
performative,0,unboxing
performative,0,roleplay
performative,0,roleplay
performative,0,unboxing
performative,0,roleplay
performative,0,unboxing
performative,0,roleplay
performative,0,unboxing
organic,0,vlog
performative,0,game
performative,0,surprise
performative,0,unboxing
performative,0,roleplay
performative,0,unboxing
performative,0,game
performative,0,unboxing
performative,0,surprise
performative,0,unboxing
performative,1,surprise
organic,0,toy_play
performative,0,game
organic,0,tutorial
performative,0,other
performative,0,roleplay
performative,0,unboxing
performative,1,other
performative,0,roleplay
performative,0,toy_play
performative,0,storytime
performative,0,game
performative,0,unboxing
organic,0,vlog
organic,0,toy_play
performative,1,game
performative,0,unboxing
performative,0,roleplay
performative,0,surprise
performative,0,storytime
performative,0,roleplay
performative,0,unboxing
performative,0,unboxing
performative,0,toy_play
performative,1,surprise
organic,0,milestone
performative,0,storytime
organic,0,vlog
performative,0,unboxing
performative,1,funny kids video
organic,0,toy_play
performative,0,game
performative,0,game
performative,1,funny kids video
performative,0,surprise
performative,1,drama
performative,0,toy_play
performative,0,roleplay
organic,0,storytime
organic,0,vlog
performative,0,unboxing
performative,0,surprise
performative,0,game
performative,0,toy_play
performative,0,game
performative,0,unboxing
performative,0,toy_play
organic,0,toy_play
performative,0,toy_play
organic,0,vlog
performative,0,toy_play
performative,0,tutorial
performative,0,toy_play
performative,0,game
performative,0,game
performative,0,unboxing
organic,0,vlog
organic,0,vlog
performative,0,game
performative,0,roleplay
performative,0,storytime
performative,1,challenge
performative,0,milestone
performative,0,roleplay
organic,0,vlog
performative,1,challenge
performative,0,parody
organic,0,birthday
performative,0,game
performative,0,toy_play
organic,0,vlog
performative,0,surprise
performative,0,game
performative,1,funny kids video
organic,0,vlog
performative,0,unboxing
performative,0,toy_play
organic,0,game
organic,0,vlog
performative,0,toy_play
performative,0,roleplay
performative,0,prank
organic,0,vlog
performative,0,unboxing
performative,0,game
performative,0,roleplay
performative,0,prank
performative,0,toy_play
performative,0,roleplay
performative,0,unboxing
performative,0,parody
performative,0,game
performative,0,challenge
performative,0,game
organic,0,vlog
performative,0,challenge
performative,0,unboxing
performative,0,challenge
performative,0,unboxing
performative,0,toy_play
performative,0,unboxing
performative,0,parody
performative,0,parody
performative,0,toy_play
performative,0,unboxing
performative,0,parody
performative,0,tutorial
performative,0,unboxing
performative,0,unboxing
performative,0,game
performative,0,unboxing
performative,0,game
performative,0,challenge
performative,0,roleplay
performative,0,unboxing
performative,0,game
performative,0,parody
performative,0,roleplay
performative,0,tutorial
performative,0,roleplay
performative,0,unboxing
performative,0,roleplay
performative,0,game
performative,0,challenge
performative,0,game
performative,0,game
organic,0,vlog
performative,0,storytime
performative,0,game
organic,0,vlog
organic,0,vlog
organic,0,vlog
performative,0,game
performative,0,prank
performative,0,challenge
performative,0,toy_play
performative,0,unboxing
organic,0,vlog
ambiguous,0,storytime
performative,0,challenge
performative,0,game
performative,0,roleplay
performative,0,game
performative,0,game
performative,0,challenge
performative,0,toy_play
organic,0,vlog
ambiguous,0,storytime
performative,0,toy_play
performative,0,unboxing
performative,0,roleplay
performative,0,prank
performative,0,unboxing
performative,0,game
performative,0,toy_play
performative,0,roleplay
performative,0,toy_play
performative,0,roleplay
performative,0,game
performative,0,play
performative,0,unboxing
performative,0,challenge
performative,0,game
performative,0,game
performative,0,storytime
performative,0,tutorial
performative,1,storytime
performative,0,toy_play
organic,0,tutorial
organic,0,vlog
performative,0,toy_play
performative,0,storytime
performative,0,challenge
performative,0,game
performative,0,unboxing
performative,0,roleplay
performative,0,unboxing
performative,0,toy_play
performative,0,unboxing
performative,0,unboxing
performative,0,roleplay
performative,0,unboxing
performative,0,game
performative,0,unboxing
performative,0,storytime
performative,0,unboxing
performative,0,unboxing
performative,0,review
performative,0,roleplay
performative,0,parody
performative,0,unboxing
performative,0,parody
performative,0,game
performative,0,unboxing
performative,0,game
performative,0,parody
performative,0,game
performative,0,toy_play
performative,0,toy_play
performative,0,roleplay
performative,0,roleplay
performative,0,review
performative,0,game
performative,0,toy_play
performative,0,review
performative,0,review
performative,0,milestone
performative,0,milestone
performative,0,game
performative,0,storytime
performative,0,milestone
performative,0,parody
performative,0,unboxing
performative,0,unboxing
performative,0,unboxing
performative,0,game
performative,0,unboxing
performative,0,unboxing
performative,0,unboxing
performative,0,game
performative,0,roleplay
performative,0,parody
performative,0,toy_play
performative,0,toy_play
performative,0,game
performative,0,unboxing
performative,0,unboxing
performative,0,unboxing
performative,0,toy_play
performative,0,storytime
performative,0,game
performative,0,toy_play
organic,0,vlog
performative,0,game
performative,0,unboxing
performative,0,toy_play
performative,0,unboxing
performative,0,parody
performative,0,unboxing
performative,0,game
performative,0,parody
organic,0,vlog
performative,0,toy_play
performative,0,unboxing
performative,0,game
performative,0,toy_play
performative,0,unboxing
organic,0,vlog
performative,0,toy_play
performative,0,unboxing
performative,0,tutorial
performative,0,parody
organic,0,vlog
performative,0,toy_play
performative,0,toy_play
organic,0,vlog
performative,0,review
performative,0,game
performative,0,unboxing
performative,0,game
performative,0,unboxing
performative,0,parody
performative,0,game
performative,0,parody
performative,0,toy_play
organic,0,vlog
performative,0,poetry
performative,0,game
performative,0,review
performative,0,unboxing
performative,0,unboxing
performative,0,unboxing
performative,0,toy_play
performative,0,game
performative,0,parody
performative,0,toy_play
performative,0,parody
performative,0,game
performative,0,unboxing
performative,0,unboxing
performative,0,game
performative,0,game
performative,0,unboxing
organice,0,toy_play
performative,0,game
performative,0,unboxing
performative,0,unboxing
performative,0,game
organic,0,vlog
performative,0,challenge
performative,0,game
performative,0,tutorial
performative,0,roleplay
performative,0,game
performative,0,parody
performative,0,roleplay
performative,0,unboxing
performative,0,unboxing
performative,0,game
organic,0,vlog
performative,0,challenge
performative,0,game
performative,0,unboxing
performative,0,unboxing
performative,0,parody
performative,0,unboxing
organic,0,vlog
organic,0,vlog
performative,0,unboxing
performative,0,unboxing
performative,0,parody
performative,0,unboxing
organic,0,vlog
performative,0,game
performative,0,roleplay
performative,0,parody
performative,0,toy_play
performative,0,unboxing
performative,0,unboxing
performative,0,parody
organic,0,vlog
performative,0,toy_play
performative,0,game
performative,0,unboxing
organic,0,vlog
organic,0,vlog
performative,0,unboxing
organic,0,vlog
performative,0,challenge
organic,0,milestone
performative,0,game
performative,0,unboxing
performative,0,unboxing
performative,0,unboxing
performative,0,unboxing
performative,0,unboxing
performative,0,parody
performative,0,unboxing
performative,0,game
performative,0,roleplay
performative,0,parody
performative,0,play
performative,0,parody
performative,0,unboxing
performative,0,game
performative,0,unboxing
performative,0,unboxing
performative,0,play
performative,0,parody
performative,0,game
organic,0,review
performative,0,parody
performative,0,parody
performative,0,game
performative,0,unboxing
performative,0,parody
performative,0,unboxing
performative,0,unboxing
performative,0,toy_play
organic,0,review
organic,0,review
performative,0,parody
performative,0,game
performative,0,unboxing
performative,0,play
performative,0,roleplay
performative,0,unboxing
performative,1,parody
performative,0,parody
performative,0,parody
performative,0,game
performative,0,parody
organic,0,review
performative,0,unboxing
performative,0,game
performative,0,unboxing
performative,0,unboxing
performative,0,unboxing
performative,0,parody
performative,0,unboxing
performative,0,roleplay
organic,0,vlog
performative,0,unboxing
organic,0,roleplay
performative,0,game
performative,0,unboxing
performative,0,roleplay
performative,0,challenge
performative,0,unboxing
performative,0,parody
performative,0,unboxing
performative,0,unboxing
organic,0,vlog
performative,0,unboxing
performative,0,unboxing
performative,0,unboxing
performative,0,game
performative,0,unboxing
performative,0,parody
performative,0,unboxing
performative,0,unboxing
performative,0,parody
performative,0,review
performative,0,game
performative,0,parody
performative,0,unboxing
performative,0,unboxing
performative,0,parody
performative,0,unboxing
ambiguous,0,other
performative,0,game
organic,0,vlog
performative,0,unboxing
performative,0,unboxing
performative,0,game
performative,0,toy_play
organic,0,vlog
performative,0,parody
performative,0,unboxing
performative,0,parody
performative,0,review
performative,0,game
performative,0,unboxing
performative,0,unboxing
performative,0,unboxing
performative,0,game
performative,0,unboxing
performative,0,game
organic,0,vlog
performative,0,unboxing
performative,0,parody
performative,0,unboxing
performative,0,storytime
performative,0,parody
performative,0,unboxing
performative,0,unboxing
performative,0,unboxing
performative,0,unboxing
performative,0,parody
performative,0,unboxing
performative,0,parody
performative,0,unboxing
performative,0,unboxing
performative,0,parody
performative,0,unboxing
performative,0,parody
performative,0,unboxing
performative,0,unboxing
performative,0,play
performative,0,unboxing
performative,0,unboxing
performative,0,tutorial
performative,0,review
performative,0,unboxing
performative,0,unboxing
performative,0,unboxing
performative,0,parody
performative,0,unboxing
performative,0,parody
performative,0,review
performative,0,storytime
performative,0,review
organic,0,vlog
performative,0,unboxing
performative,0,play
performative,0,parody
performative,0,unboxing
performative,0,parody
performative,0,unboxing
performative,0,parody
performative,0,parody
performative,0,parody
performative,0,unboxing
organic,0,vlog
performative,0,unboxing
organic,0,vlog
performative,0,unboxing
performative,0,parody
performative,0,toy_review
performative,0,unboxing
performative,0,parody
performative,0,unboxing
organic,0,craft
performative,0,milestone
performative,0,game
performative,0,game
performative,0,toy_review
performative,0,unboxing
performative,0,toy_review
performative,0,unboxing
performative,0,unboxing
performative,0,unboxing
performative,0,unboxing
performative,0,unboxing
performative,0,tutorial
organic,0,vlog
performative,0,unboxing
organic,0,unboxing
performative,0,unboxing
performative,0,unboxing
performative,0,unboxing
performative,0,unboxing
performative,0,toy_review
performative,0,unboxing
performative,0,toy_review
performative,0,lego_unboxing
organic,0,science_experiment
organic,0,roleplay
performative,0,unboxing
performative,0,toy_review
performative,0,toy_review
performative,0,parody
performative,0,parody
performative,0,toy_review
performative,0,parody
performative,0,lego_play
performative,0,stunt
performative,0,toy_review
performative,0,parody
performative,0,lego
no_child,0,toy_review
performative,0,game
performative,0,parody
performative,0,toy_review
performative,0,unboxing
performative,0,cooking
performative,0,unboxing
performative,0,unboxing
organic,0,vlog
performative,0,parody
performative,0,unboxing
performative,0,unboxing
performative,0,parody
ambiguous,0,question
performative,0,parody
performative,0,unboxing
organic,0,toy_review
performative,0,toy_review
performative,0,toy_review
performative,0,parody
performative,0,preview
performative,0,unboxing
performative,0,toy_review
organic,0,parody
organic,0,vlog
performative,0,toy_review
organic,0,roleplay
performative,0,toy_review
performative,0,unboxing
performative,0,toy_review
performative,0,toy_review
performative,0,parody
performative,0,unboxing
performative,0,toy_review
performative,0,toy_review
performative,0,unboxing
organic,0,roleplay
performative,0,unboxing
performative,0,toy_review
performative,0,unboxing
performative,0,toy_review
performative,0,toy_review
performative,0,parody
performative,0,unboxing
performative,0,toy_review
performative,0,toy_review
performative,0,unboxing
organic,0,parody
performative,0,reaction
performative,1,parody
performative,0,prank
performative,0,game
performative,0,parody
performative,0,reaction
performative,1,parody
ambiguous,0,challenge
performative,0,toy_play
ambiguous,0,unboxing
organic,0,vlog
performative,0,toy_play
performative,0,unboxing
performative,0,unboxing
organic,0,roleplay
performative,0,toy_play
organic,0,toy_play
performative,0,toy_play
performative,0,unboxing
performative,0,unboxing
performative,0,unboxing
ambiguous,0,reaction
organic,0,vlog
ambiguous,0,tutorial
performative,0,toy_play
performative,0,toy_play
performative,0,toy_play
performative,0,unboxing
organic,0,roleplay
performative,0,unboxing
performative,0,unboxing
organic,0,roleplay
performative,0,toy_play
performative,0,unboxing
organic,0,vlog
performative,0,toy_play
performative,0,unboxing
performative,0,game
performative,0,unboxing
performative,0,tutorial
performative,0,toy_play
performative,0,toy_play
organic,0,roleplay
performative,0,toy_play
performative,0,toy_play
performative,0,toy_play
organic,0,cooking
performative,0,unboxing
organic,0,unboxing
performative,0,unboxing
performative,0,unboxing
performative,0,toy_play
performative,0,roleplay
performative,0,toy_play
performative,0,toy_play
performative,0,toy_play
performative,0,unboxing
performative,0,toy_play
performative,0,unboxing
ambiguous,0,storytime
performative,0,unboxing
performative,0,prank
performative,0,unboxing
performative,0,prank
performative,0,toy_play
performative,0,unboxing
performative,0,review
organic,0,vlog
performative,0,review
performative,0,unboxing
performative,0,prank
performative,0,unboxing
performative,0,parody
performative,0,review
performative,0,parody
performative,0,unboxing
performative,0,unboxing
performative,0,review
performative,0,parody
performative,0,roleplay
performative,0,unboxing
performative,0,unboxing
performative,0,review
performative,0,parody
performative,0,review
performative,0,review
performative,0,unboxing
performative,0,tutorial
performative,0,review
performative,0,parody
performative,0,review
performative,0,unboxing
performative,0,unboxing
performative,0,parody
performative,0,review
performative,0,game
performative,0,review
performative,0,parody
performative,0,music_dance
performative,0,unboxing
performative,0,review
performative,0,unboxing
performative,0,review
performative,0,parody
performative,0,review
performative,0,unboxing
performative,0,unboxing
performative,0,unboxing
performative,0,unboxing
organic,0,review
performative,0,unboxing
organic,0,review
performative,0,roleplay
performative,0,unboxing
organic,0,reaction
performative,0,unboxing
performative,0,roleplay
organic,0,reaction
organic,0,reaction
performative,0,unboxing
organic,0,vlog
organic,0,vlog
performative,0,review
performative,0,roleplay
performative,0,review
performative,0,toy_play
performative,0,toy_play
performative,0,unboxing
performative,0,unboxing
performative,0,unboxing
performative,0,unboxing
performative,0,unboxing
performative,0,review
performative,0,unboxing
performative,0,unboxing
performative,0,review
performative,0,roleplay
performative,0,unboxing
performative,0,review
performative,0,roleplay
performative,0,unboxing
organic,0,vlog
performative,0,unboxing
performative,0,unboxing
performative,0,unboxing
performative,0,toy_play
performative,0,unboxing
performative,0,unboxing
organic,0,vlog
performative,0,unboxing
performative,0,roleplay
performative,0,unboxing
performative,0,roleplay
performative,0,roleplay
performative,0,storytime
organic,0,travel
performative,0,unboxing
organic,0,travel
performative,0,parody
performative,0,toy_play
organic,0,vlog
performative,0,unboxing
performative,0,unboxing
performative,0,toy_play
performative,0,parody
performative,0,unboxing
organic,0,vlog
performative,0,toy_play
performative,0,unboxing
performative,0,review
performative,0,unboxing
performative,0,unboxing
ambiguous,0,other
performative,0,unboxing
performative,0,unboxing
performative,0,review
performative,0,unboxing
ambiguous,0,other
performative,0,unboxing
performative,0,game
performative,0,roleplay
performative,0,review
performative,0,unboxing
performative,0,unboxing
performative,0,unboxing
performative,0,review
performative,0,toy_play
performative,0,unboxing
performative,0,other
performative,0,unboxing
performative,0,other
organic,0,vlog
performative,0,unboxing
performative,0,unboxing
performative,0,game
performative,0,unboxing
performative,0,unboxing
performative,0,unboxing
performative,0,toy_play
performative,0,unboxing
performative,0,game
performative,0,unboxing
performative,0,unboxing
performative,0,unboxing
performative,0,unboxing
organic,0,vlog
performative,0,unboxing
performative,0,other
performative,0,unboxing
performative,0,game
performative,0,unboxing
performative,0,challenge
performative,0,unboxing
performative,0,game
performative,0,tutorial
performative,0,toy_play
performative,0,unboxing
performative,0,unboxing
performative,0,game
performative,0,unboxing
performative,0,game
performative,0,toy_play
ambiguous,0,reaction
performative,0,unboxing
performative,0,game
performative,0,unboxing
performative,0,unboxing
performative,0,unboxing
performative,0,unboxing
performative,0,unboxing
performative,0,parody
performative,0,unboxing
performative,0,unboxing
performative,0,unboxing
performative,0,unboxing
performative,0,parody
performative,0,unboxing
performative,0,unboxing
performative,0,unboxing
performative,0,game
performative,0,unboxing
performative,0,unboxing
performative,0,unboxing
performative,0,unboxing
performative,0,unboxing
performative,1,parody
performative,0,unboxing
performative,0,unboxing
performative,0,parody
performative,0,unboxing
performative,0,game
performative,0,unboxing
performative,0,unboxing
performative,0,toy_play
performative,0,unboxing
performative,0,unboxing
performative,0,toy_play
performative,0,unboxing
performative,0,unboxing
organic,0,vlog
performative,0,unboxing
performative,0,unboxing
performative,0,unboxing
performative,0,unboxing
performative,0,parody
performative,0,unboxing
performative,0,unboxing
performative,0,unboxing
performative,0,toy_play
performative,0,unboxing
performative,0,unboxing
performative,0,game
performative,0,review
performative,0,toy_play
performative,0,parody
performative,0,parody
performative,0,reaction
performative,0,reaction
performative,0,parody
performative,0,parody
performative,0,parody
performative,0,toy_play
performative,0,parody
performative,0,parody
performative,0,toy_play
performative,0,unboxing
performative,0,parody
performative,0,parody
performative,0,unboxing
performative,0,unboxing
performative,0,review
performative,0,unboxing
performative,0,parody
performative,0,toy_play
performative,0,review
performative,0,parody
performative,0,unboxing
performative,0,unboxing
performative,0,review
performative,0,parody
performative,0,unboxing
performative,1,unboxing
organic,0,toy_play
performative,0,unboxing
performative,0,unboxing
performative,0,unboxing
performative,0,review
organic,0,vlog
performative,0,unboxing
performative,0,unboxing
performative,0,reaction
performative,0,unboxing
performative,0,unboxing
performative,0,reaction
performative,0,unboxing
performative,0,unboxing
performative,0,toy_play
performative,0,reaction
performative,0,unboxing
performative,0,unboxing
performative,0,unboxing
performative,0,unboxing
performative,0,reaction
performative,0,unboxing
performative,0,vlog
performative,0,unboxing
performative,0,reaction
performative,0,unboxing
performative,0,unboxing
performative,0,unboxing
performative,0,reaction
performative,0,unboxing
performative,0,unboxing
performative,0,unboxing
performative,0,unboxing
performative,0,unboxing
performative,0,reaction
performative,0,toy_play
performative,0,unboxing
performative,0,unboxing
performative,0,game
performative,0,reaction
performative,0,unboxing
performative,0,unboxing
performative,0,unboxing
performative,0,reaction
performative,0,unboxing
performative,0,reaction
performative,0,unboxing
performative,0,unboxing
performative,0,unboxing
performative,0,reaction
performative,0,game
performative,0,unboxing
performative,0,toy_play
performative,0,reaction
performative,0,unboxing
performative,0,unboxing
performative,0,unboxing
performative,0,parody
performative,0,unboxing
performative,0,unboxing
performative,0,unboxing
performative,0,unboxing
performative,0,parody
performative,0,unboxing
performative,0,unboxing
performative,0,unboxing
performative,0,unboxing
performative,0,unboxing
performative,0,unboxing
performative,0,unboxing
performative,0,unboxing
ambiguous,0,review
performative,0,parody
performative,0,game
performative,0,unboxing
organic,0,vlog
performative,0,unboxing
organic,0,vlog
organic,0,activity
performative,0,unboxing
performative,0,parody
performative,0,review
performative,0,unboxing
performative,0,review
organic,0,vlog
performative,0,unboxing
performative,0,unboxing
performative,0,unboxing
performative,0,parody
performative,0,unboxing
performative,0,unboxing
performative,0,unboxing
performative,0,review
performative,0,review
performative,0,review
organic,0,review
performative,0,review
performative,0,unboxing
performative,0,review
performative,0,unboxing
performative,0,review
performative,0,review
performative,0,review
performative,0,review
performative,0,unboxing
performative,0,unboxing
performative,0,unboxing
performative,0,game
performative,0,toy_play
performative,0,unboxing
performative,0,unboxing
performative,0,toy_play
performative,0,unboxing
performative,0,unboxing
performative,0,unboxing
performative,0,toy_play
performative,0,unboxing
performative,0,parody
performative,0,unboxing
performative,0,unboxing
performative,0,parody
ambiguous,0,review
performative,0,roleplay
performative,0,parody
performative,0,toy_play
organic,0,vlog
performative,0,unboxing
performative,0,unboxing
performative,0,unboxing
performative,0,toy_play
performative,0,roleplay
performative,0,unboxing
performative,0,unboxing
performative,0,unboxing
performative,0,unboxing
performative,0,toy_play
performative,0,roleplay
performative,0,toy_play
performative,0,unboxing
performative,0,unboxing
performative,0,toy_review
performative,0,unboxing
performative,0,unboxing
performative,0,toy_review
performative,0,unboxing
performative,0,toy_review
performative,0,parody
performative,0,unboxing
performative,0,unboxing
performative,0,eggs
performative,0,unboxing
performative,0,toy_review
performative,0,unboxing
performative,0,toy_review
performative,0,unboxing
performative,0,unboxing
performative,0,unboxing
ambiguous,0,reaction
performative,0,toy_play
performative,0,unboxing
performative,0,unboxing
performative,0,toy_play
performative,0,roleplay
organic,0,vlog
performative,0,unboxing
performative,0,reaction
performative,0,roleplay
performative,0,toy_play
performative,0,unboxing
performative,0,roleplay
performative,0,toy_play
performative,0,unboxing
performative,0,unboxing
performative,0,unboxing
performative,0,unboxing
performative,0,unboxing
performative,0,parody
performative,0,unboxing
performative,0,toy_play
performative,0,toy_play
performative,0,unboxing
performative,0,unboxing
performative,0,toy_play
performative,0,unboxing
performative,0,toy_play
performative,0,unboxing
organic,0,vlog
organic,0,vlog
performative,0,parody
performative,0,unboxing
performative,0,toy_play
performative,0,unboxing
performative,0,toy_play
performative,0,unboxing
performative,0,unboxing
performative,0,unboxing
performative,0,toy_play
performative,0,toy_play
performative,0,parody
performative,0,toy_play
performative,0,parody
performative,0,unboxing
performative,0,toy_play
performative,0,unboxing
performative,0,parody
performative,0,parody
performative,0,unboxing
performative,0,unboxing
performative,0,unboxing
performative,0,unboxing
performative,0,challenge
performative,0,unboxing
performative,0,unboxing
performative,0,unboxing
performative,0,toy_play
performative,0,roleplay
performative,0,unboxing
performative,0,unboxing
performative,0,parody
performative,0,unboxing
performative,0,unboxing
performative,0,unboxing
performative,0,unboxing
performative,0,unboxing
performative,0,unboxing
performative,0,tutorial
performative,0,parody
performative,0,parody
performative,0,toy_play
performative,0,unboxing
performative,0,play
performative,0,parody
performative,0,review
performative,0,parody
performative,0,unboxing
performative,0,review
performative,0,toy_play
performative,0,battle
performative,0,unboxing
performative,0,unboxing
performative,0,review
performative,0,unboxing
performative,0,unboxing
performative,0,parody
performative,0,review
performative,0,roleplay
performative,0,review
performative,0,unboxing
performative,0,review
performative,0,unboxing
performative,0,toy_play
performative,0,game
performative,0,unboxing
performative,0,review
performative,0,parody
performative,0,review
performative,0,unboxing
performative,0,unboxing
performative,0,unboxing
performative,0,parody
performative,0,roleplay
performative,0,unboxing
performative,0,parody
performative,0,unboxing
performative,0,unboxing
performative,0,review
performative,0,unboxing
performative,0,parody
organic,0,vlog
performative,0,unboxing
performative,0,parody
performative,0,review
performative,0,unboxing
performative,0,parody
performative,0,tutorial
performative,0,parody
performative,0,toy_play
performative,0,unboxing
performative,0,unboxing
performative,0,parody
performative,0,unboxing
performative,0,parody
performative,0,unboxing
performative,0,parody
performative,0,parody
performative,0,unboxing
performative,0,parody
performative,0,unboxing
performative,0,unboxing
performative,0,unboxing
performative,0,parody
performative,0,unboxing
performative,0,unboxing
performative,0,parody
performative,0,parody
performative,0,parody
performative,0,unboxing
performative,0,review
performative,0,unboxing
organic,0,review
organic,0,vlog
performative,0,review
performative,0,unboxing
organic,0,vlog
performative,0,unboxing
performative,0,unboxing
performative,0,unboxing
performative,0,storytime
performative,0,unboxing
performative,0,game
performative,0,unboxing
performative,0,unboxing
performative,0,unboxing
performative,0,storytime
performative,0,toy_play
performative,0,storytime
performative,0,storytime
performative,0,toy_play
performative,0,unboxing
performative,0,toy_play
performative,0,toy_play
performative,0,unboxing
performative,0,unboxing
performative,0,toy_play
performative,0,storytime
performative,0,toy_play
performative,0,unboxing
performative,0,toy_play
performative,0,storytime
performative,0,unboxing
performative,0,unboxing
performative,0,unboxing
performative,0,challenge
performative,0,toy_play
performative,0,storytime
performative,0,toy_play
performative,0,unboxing
performative,0,toy_play
performative,0,unboxing
performative,0,toy_play
performative,0,storytime
performative,0,unboxing
performative,0,storytime
performative,0,storytime
performative,0,unboxing
performative,0,prank
performative,0,music_dance
performative,0,storytime
performative,0,game
performative,0,unboxing
performative,0,unboxing
performative,0,toy_play
performative,0,storytime
performative,0,unboxing
performative,0,unboxing
performative,0,toy_play
ambiguous,0,unboxing
ambiguous,0,parody
ambiguous,0,unboxing
ambiguous,0,game
ambiguous,0,toy_play
ambiguous,0,vlog
ambiguous,0,parody
ambiguous,0,parody
ambiguous,0,unboxing
ambiguous,0,music_dance
ambiguous,0,parody
ambiguous,0,toy_review
ambiguous,0,unboxing
ambiguous,0,toy_review
ambiguous,0,parody
ambiguous,0,toy_review
ambiguous,0,parody
ambiguous,0,parody
ambiguous,0,parody
ambiguous,0,vlog
ambiguous,0,parody
ambiguous,0,toy_unboxing
ambiguous,0,unboxing
ambiguous,0,parody
ambiguous,0,parody
ambiguous,0,parody
ambiguous,0,toy_review
ambiguous,0,parody
ambiguous,0,parody
ambiguous,0,parody
ambiguous,0,parody
ambiguous,0,parody
ambiguous,0,toy_review
ambiguous,0,parody
ambiguous,0,parody
ambiguous,0,toy_parody
ambiguous,0,parody
ambiguous,0,travel
ambiguous,0,unboxing
ambiguous,0,parody
ambiguous,0,parody
ambiguous,0,toy_parody
ambiguous,0,parody
ambiguous,0,unboxing
ambiguous,0,toy_review
ambiguous,0,parody
ambiguous,0,toy_parody
ambiguous,0,parody
ambiguous,0,action
ambiguous,0,toy_review
performative,0,challenge
performative,0,roleplay
performative,0,unboxing
performative,0,roleplay
performative,0,roleplay
organic,0,vlog
performative,0,roleplay
performative,0,unboxing
performative,0,roleplay
performative,0,unboxing
performative,0,unboxing
performative,0,game
performative,0,roleplay
performative,0,unboxing
performative,0,roleplay
performative,0,roleplay
organic,0,vlog
performative,0,roleplay
performative,0,roleplay
performative,0,roleplay
performative,0,unboxing
performative,0,roleplay
performative,0,roleplay
organic,0,vlog
performative,0,roleplay
performative,0,unboxing
performative,0,unboxing
performative,0,roleplay
performative,0,roleplay
performative,0,review
performative,0,tutorial
performative,0,roleplay
performative,0,review
performative,0,roleplay
performative,0,unboxing
performative,0,unboxing
performative,0,roleplay
performative,0,roleplay
performative,0,review
performative,0,roleplay
performative,0,roleplay
performative,0,unboxing
performative,0,roleplay
performative,0,drama
performative,0,roleplay
organic,0,vlog
performative,0,review
performative,0,roleplay
performative,0,roleplay
performative,0,toy_play
performative,0,toy_play
performative,0,prank
performative,0,toy_play
performative,0,prank
organic,0,storytime
performative,0,toy_play
performative,0,toy_play
performative,0,unboxing
performative,0,game
performative,0,game
performative,0,toy_play
performative,0,party
performative,0,toy_play
performative,0,toy_play
performative,0,unboxing
performative,0,unboxing
performative,0,game
performative,0,toy_play
performative,0,toy_play
performative,0,roleplay
performative,0,toy_play
performative,0,game
performative,0,toy_play
tutorial,0,tutorial
performative,0,game
performative,0,prank
performative,0,toy_play
tutorial,0,tutorial
performative,0,game
performative,0,game
tutorial,0,tutorial
performative,0,toy_play
performative,0,roleplay
performative,0,roleplay
performative,0,unboxing
performative,0,roleplay
performative,0,game
performative,0,game
tutorial,0,tutorial
performative,0,game
tutorial,0,tutorial
performative,1,prank
performative,0,unboxing
performative,0,toy_play
tutorial,0,tutorial
tutorial,0,tutorial
performative,0,toy_play
performative,0,unboxing
performative,0,roleplay
performative,0,roleplay
performative,0,toy_play
performative,0,unboxing
performative,0,tutorial
performative,0,parody
performative,0,parody
performative,0,unboxing
performative,0,unboxing
performative,0,parody
performative,0,unboxing
ambiguous,0,comparison
organic,0,vlog
performative,0,toy_play
performative,0,unboxing
performative,0,parody
performative,0,parody
performative,0,unboxing
performative,0,unboxing
performative,0,parody
performative,0,parody
performative,0,toy_play
performative,0,unboxing
organic,0,parody
organ*ic,0,parody
performative,0,unboxing
performative,0,unboxing
performative,0,unboxing
performative,0,unboxing
performative,0,toy_play
performative,0,unboxing
performative,0,unboxing
performative,0,unboxing
performative,0,unboxing
performative,0,parody
performance,0,parody
performative,0,toy_play
performative,0,unboxing
performative,0,parody
performative,0,parody
organic,0,toy_play
organic,0,toy_play
performative,0,review
performative,0,review
performative,0,unboxing
performative,0,unboxing
performative,0,parody
performative,0,review
performative,0,parody
performative,0,toy_play
performative,0,parody
performative,0,toy_play
performative,0,roleplay
performative,0,unboxing
performative,0,unboxing
performative,0,unboxing
performative,0,unboxing
performative,0,unboxing
performative,0,unboxing
performative,0,unboxing
performative,0,unboxing
performative,0,unboxing
performative,0,toy_play
organic,0,travel
performative,0,storytime
performative,1,drama
performative,1,drama
performative,0,toy_play
performative,1,drama
performative,0,tutorial
organic,0,travel
organic,0,travel
performative,0,storytime
performative,0,storytime
performative,0,tutorial
performative,0,storytime
performative,0,tutorial
performative,0,toy_play
performative,0,toy_play
performative,0,toy_play
performative,0,storytime
performative,0,storytime
performative,0,toy_play
performative,1,prank
performative,0,game
performative,0,game
performative,0,unboxing
performative,0,unboxing
organic,0,storytime
performative,0,toy_play
performative,0,party
performative,0,unboxing
performative,1,drama
performative,0,storytime
organic,0,vlog
performative,0,toy_play
performative,0,toy_play
performative,0,unboxing
organic,0,vlog
no_child,0,storytime
performative,0,toy_play
performative,1,storytime
organic,0,other
performative,0,toy_play
performative,0,parody
tutorial,0,tutorial
performative,0,toy_play
ambiguous,0,other
performative,0,roleplay
performative,0,unboxing
organic,0,vlog
performative,0,tutorial
performative,0,unboxing
performative,0,unboxing
performative,0,review
performative,0,unboxing
performative,0,parody
performative,0,unboxing
performative,0,game
performative,0,unboxing
performative,0,toy_play
performative,0,parody
performative,0,toy_play
organic,0,vlog
performative,0,game
performative,0,toy_play
performative,0,game
performative,0,toy_play
performative,0,review
performative,0,toy_play
performative,0,toy_play
performative,0,toy_play
performative,0,toy_play
tutorial,0,tutorial
performative,0,review
performative,0,parody
performative,0,toy_play
performative,0,comparison
tutorial,0,tutorial
performative,0,unboxing
organic,0,vlog
performative,0,review
performative,0,parody
performative,0,unboxing
performative,0,review
performative,0,unboxing
tutorial,0,tutorial
performative,0,toy_play
tutorial,0,tutorial
ambiguous,0,other
tutorial,0,tutorial
performative,0,toy_play
performative,0,unboxing
performative,0,unboxing
organic,0,roleplay
performative,0,roleplay
organic,0,roleplay
performative,0,toy_play
organic,0,vlog
performative,0,unboxing
performative,0,toy_play
performative,0,unboxing
organic,0,vlog
performative,0,parody
organic,0,roleplay
performative,0,unboxing
performative,0,unboxing
performative,0,parody
tutorial,0,tutorial
performative,0,toy_play
performative,0,roleplay
performative,0,other
performative,0,parody
performative,0,parody
performative,0,parody
performative,0,unboxing
performative,0,comparison
performative,0,toy_play
tutorial,0,tutorial
performative,0,unboxing
tutorial,0,tutorial
tutorial,0,tutorial
performative,0,playset
tutorial,0,tutorial
performative,0,playset
performative,0,storytime
tutorial,0,tutorial
performative,0,parody
performative,0,other
performative,0,parody
performative,0,toy_play
performative,0,parody
performative,0,music_dance
performative,0,parody
performative,0,comparison
tutorial,0,tutorial
performative,0,roleplay
tutorial,0,tutorial
tutorial,0,tutorial
performative,0,toy_play
performative,0,playset
performative,0,unboxing
performative,0,tutorial
performative,0,tutorial
organic,0,toy_play
performative,0,parody
performative,0,toy_play
organic,0,toy_play
performative,0,tutorial
performative,0,toy_play
performative,0,toy_play
performative,0,parody
organic,0,toy_play
performative,0,toy_play
performative,0,tutorial
organic,0,toy_play
performative,0,unboxing
performative,0,tutorial
performative,0,toy_play
organic,0,toy_play
performative,0,unboxing
performative,0,toy_play
organic,0,toy_play
organic,0,toy_play
performative,0,toy_play
performative,0,tutorial
performative,0,unboxing
organic,0,toy_play
performative,0,parody
performative,0,unboxing
organic,0,toy_play
performative,0,parody
performative,0,tutorial
organic,0,toy_play
organic,0,toy_play
performative,0,toy_play
performative,0,toy_play
performative,0,tutorial
organic,0,toy_play
performative,0,tutorial
performative,0,tutorial
performative,0,parody
performative,0,parody
performative,0,unboxing
performative,0,parody
organic,0,toy_play
performative,0,toy_play
performative,0,toy_play
performative,0,unboxing
performative,0,game
performative,0,toy_play
performative,0,milestone
performative,0,parody
organic,0,vlog
performative,0,roleplay
performative,0,tutorial
performative,0,game
performative,0,toy_play
performative,0,toy_play
organic,0,toy_play
performative,0,parody
performative,0,review
performative,0,tutorial
performative,0,parody
performative,0,toy_play
performative,0,toy_play
organic,0,vlog
performative,0,unboxing
performative,0,toy_play
performative,0,parody
performative,0,tutorial
organic,0,toy_play
performative,0,parody
performative,0,unboxing
performative,0,parody
performative,0,tutorial
performative,0,toy_play
organic,0,review
performative,0,tutorial
performative,0,parody
performative,0,review
organic,0,unboxing
performative,0,tutorial
performative,0,review
performative,0,tutorial
performative,0,review
performative,0,tutorial
performative,0,parody
performative,0,toy_play
performative,0,unboxing
performative,0,tutorial
organic,0,review
performative,0,toy_play
organic,0,unboxing
performative,0,toy_play
organic,0,unboxing
performative,0,toy_play
organic,0,unboxing
performative,0,demo
performative,0,parody
performative,0,tutorial
performative,0,parody
performative,0,roleplay
performative,0,roleplay
performative,0,roleplay
performative,0,roleplay
performative,0,unboxing
performative,0,unboxing
performative,0,tutorial
performative,0,tutorial
performative,0,tutorial
performative,0,tutorial
performative,0,tutorial
performative,0,unboxing
performative,0,tutorial
organic,0,vlog
performative,0,unboxing
performative,0,review
performative,0,tutorial
performative,0,tutorial
performative,0,tutorial
performative,0,tutorial
performative,0,unboxing
performative,0,tutorial
performative,0,unboxing
organic,0,review
performative,0,toy_play
performative,0,toy_play
performative,0,review
no_child,0,other
performative,0,review
performative,0,review
performative,0,unboxing
organic,0,review
performative,0,review
performative,0,roleplay
performative,0,review
performative,0,roleplay
performative,0,tutorial
performative,0,review
performative,0,playset
performative,0,unboxing
performative,0,review
performative,0,unboxing
no_child,0,other
no_child,0,other
performative,0,review
performative,0,unboxing
performative,0,toy_play
no_child,0,other
performative,0,review
performative,0,tutorial
performative,0,unboxing
organic,0,review
organic,0,vlog
performative,0,tutorial
performative,0,tutorial
no_child,0,other
performative,0,unboxing
performative,0,unboxing
performative,0,toy_play
performative,0,tutorial
performative,0,unboxing
performative,0,unboxing
organic,0,review
performative,0,unboxing
performative,0,review
performative,0,review
no_child,0,other
performative,0,tutorial
performative,0,tutorial
performative,0,toy_play
organic,0,review
performative,0,roleplay
performative,0,unboxing
performative,0,toy_play
organic,0,vlog
performative,0,toy_play
performative,0,tutorial
performative,0,toy_play
no_child,0,other
no_child,0,other
performative,0,unboxing
performative,0,tutorial
performative,0,unboxing
performative,0,skit
performative,0,review
performative,0,demo
performative,0,review
organic,0,review
no_child,0,other
performative,0,toy_play
organic,0,review
performative,0,unboxing
no_child,0,other
performative,0,review
performative,0,unboxing
performative,0,unboxing
performative,0,unboxing
performative,0,review
performative,1,unboxing
no_child,0,review
no_child,0,review
performative,0,unboxing
performative,0,unboxing
performative,0,unboxing
performative,0,unboxing
performative,0,unboxing
performative,0,unboxing
performative,0,unboxing
performative,0,unboxing
performative,0,tutorial
performative,0,tutorial
no_child,0,review
no_child,0,review
performative,0,toy_play
performative,0,toy_play
performative,0,tutorial
no_child,0,review
performative,0,unboxing
no_child,0,review
no_child,0,review
no_child,0,review
no_child,0,review
no_child,0,review
no_child,0,review
performative,0,toy_play
no_child,0,review
no_child,0,review
performative,0,unboxing
performative,0,toy_play
performative,0,toy_play
performative,0,toy_play
performative,0,toy_play
performative,0,toy_play
performative,0,roleplay
performative,0,unboxing
performative,0,toy_play
performative,0,tutorial
performative,0,tutorial
performative,0,tutorial
no_child,0,review
no_child,0,review
no_child,0,review
no_child,0,review
no_child,0,review
no_child,0,review
no_child,0,toy_play
performative,0,roleplay
no_child,0,review
organic,0,review
performative,0,roleplay
performative,0,toy_play
performative,0,unboxing
performative,0,toy_play
no_child,0,review
no_child,0,review
performative,0,toy_play
performative,0,toy_play
performative,0,toy_play
no_child,0,review
no_child,0,review
no_child,0,review
no_child,0,review
no_child,0,review
no_child,0,review
no_child,0,review
no_child,0,review
performative,0,toy_play
no_child,0,review
no_child,0,review
performative,0,toy_play
performative,0,toy_play
no_child,0,review
performative,0,toy_play
performative,0,toy_play
performative,0,toy_play
organic,0,vlog
organic,0,milestone
organic,0,vlog
organic,0,haul
organic,0,vlog
organic,0,vlog
organic,0,haul
organic,0,haul
performative,0,music_dance
organic,0,haul
organic,0,other
organic,0,haul
performative,0,challenge
organic,0,haul
organic,0,vlog
organic,0,haul
organic,0,vlog
organic,0,haul
organic,0,comedy
organic,0,cooking
organic,0,challenge
organic,0,travel
organic,1,reaction
organic,0,roleplay
organic,0,vlog
organic,0,vlog
organic,0,vlog
no_child,1,storytime
no_child,1,storytime
organic,0,vlog
organic,0,travel
no_child,1,storytime
performative,0,reaction
organic,0,vlog
no_child,1,storytime
no_child,1,drama
no_child,0,unboxing
no_child,0,unboxing
no_child,0,unboxing
no_child,0,unboxing
no_child,0,unboxing
no_child,0,unboxing
no_child,0,unboxing
no_child,0,unboxing
no_child,0,unboxing
no_child,0,unboxing
no_child,0,unboxing
no_child,0,unboxing
no_child,0,unboxing
no_child,0,unboxing
no_child,0,unboxing
no_child,0,unboxing
no_child,0,unboxing
no_child,0,unboxing
no_child,0,unboxing
no_child,0,unboxing
no_child,0,unboxing
no_child,0,unboxing
no_child,0,unboxing
no_child,0,unboxing
no_child,0,unboxing
no_child,0,unboxing
no_child,0,unboxing
no_child,0,unboxing
no_child,0,unboxing
no_child,0,unboxing
no_child,0,unboxing
no_child,0,unboxing
no_child,0,unboxing
no_child,0,unboxing
no_child,0,unboxing
no_child,0,unboxing
no_child,0,unboxing
no_child,0,unboxing
no_child,0,unboxing
ambiguous,0,vlog
ambiguous,0,other
ambiguous,0,other
ambiguous,0,vlog
ambiguous,0,vlog
ambiguous,0,vlog
ambiguous,0,vlog
ambiguous,0,vlog
ambiguous,0,vlog
ambiguous,0,vlog
ambiguous,0,vlog
ambiguous,1,storytime
ambiguous,0,reaction
ambiguous,1,storytime
ambiguous,0,reaction
ambiguous,0,reaction
ambiguous,0,reaction
ambiguous,0,travel
ambiguous,0,reaction
ambiguous,0,milestone
ambiguous,0,birthday
ambiguous,0,reaction
ambiguous,0,reaction
ambiguous,0,reaction
ambiguous,0,reaction
ambiguous,0,reaction
ambiguous,0,reaction
ambiguous,0,reaction
ambiguous,0,reaction
ambiguous,0,reaction
ambiguous,0,reaction
ambiguous,0,reaction
ambiguous,0,storytime
ambiguous,0,challenge
ambiguous,0,challenge
ambiguous,0,challenge
ambiguous,0,challenge
ambiguous,0,challenge
ambiguous,0,challenge
ambiguous,0,challenge
ambiguous,0,challenge
ambiguous,0,challenge
ambiguous,0,challenge
ambiguous,0,challenge
ambiguous,0,challenge
ambiguous,0,challenge
ambiguous,0,challenge
ambiguous,0,challenge
ambiguous,0,challenge
ambiguous,0,challenge
performative,0,challenge
organic,1,vlog
performative,0,challenge
performative,0,challenge
performative,0,roleplay
organic,0,vlog
organic,0,milestone
organic,0,vlog
organic,1,storytime
performative,0,roleplay
organic,0,milestone
organic,0,vlog
ambiguous,0,other
organic,0,storytime
no_child,1,medical
performative,0,challenge
organic,0,reaction
organic,0,vlog
organic,0,milestone
organic,0,vlog
organic,0,storytime
organic,0,vlog
organic,0,milestone
organic,0,vlog
performative,0,challenge
organic,0,milestone
organic,0,milestone
performative,0,tutorial
organic,0,vlog
organic,0,milestone
organic,0,vlog
organic,1,storytime
organic,0,reaction
performative,0,challenge
organic,0,vlog
organic,0,vlog
performative,0,roleplay
performative,0,challenge
performative,0,music_dance
organic,0,vlog
performative,0,rollcall
performative,0,roleplay
performative,0,game
performative,0,tutorial
organic,0,milestone
organic,1,storytime
ambiguous,0,other
organic,0,storytime
performative,0,challenge
organic,0,reaction
performative,0,vlog
organic,0,vlog
organic,0,milestone
organic,0,vlog
organic,0,game
performative,0,drama
organic,0,vlog
organice,0,milestone
organic,0,milestone
organic,0,challenge
organic,0,reaction
organic,0,reaction
no_child,1,reaction
organic,0,reaction
organic,0,reaction
performative,0,storytime
organic,0,milestone
organice,0,milestone
performative,0,toy_play
performative,0,reaction
performative,0,unboxing
performative,0,unboxing
performative,0,milestone
performative,0,unboxing
performative,0,milestone
performative,0,milestone
performative,0,unboxing
performative,0,milestone
performative,0,milestone
performative,0,milestone
performative,0,unboxing
performative,0,milestone
performative,0,milestone
performative,0,milestone
performative,0,milestone
performative,0,milestone
performative,0,milestone
performative,0,milestone
performative,0,milestone
performative,0,milestone
performative,0,milestone
performative,0,milestone
performative,0,milestone
performative,0,milestone
performative,0,milestone
performative,0,milestone
performative,0,milestone
performative,0,milestone
performative,0,milestone
performative,0,milestone
organic,0,vlog
organic,0,vlog
organic,0,vlog
organic,0,vlog
organic,0,vlog
organic,0,vlog
organic,0,vlog
organic,0,vlog
organic,0,vlog
organic,0,vlog
organic,0,vlog
organic,0,vlog
organic,0,vlog
organic,0,vlog
organic,0,vlog
organic,0,vlog
organic,1,storytime
organic,0,vlog
organic,0,vlog
organic,0,vlog
organic,0,vlog
ambiguous,0,reaction
performative,0,challenge
performative,0,challenge
performative,0,tutorial
ambiguous,1,reaction
ambiguous,0,reaction
ambiguous,0,reaction
performative,0,tutorial
organic,1,storytime
ambiguous,0,storytime
performative,0,reaction
ambiguous,0,reaction
performative,0,shopping
organice,0,vlog
organic,1,storytime
ambiguous,0,challenge
organic,0,milestone
ambiguous,1,reaction
organic,1,medical
ambiguous,1,reaction
organic,0,vlog
performative,0,roleplay
organic,0,vlog
organic,0,storytime
organic,0,shopping
organic,0,haul
organic,0,shopping
organic,0,reaction
organic,0,shopping
organic,0,vlog
organic,0,vlog
organic,0,vlog
organic,0,vlog
organic,0,vlog
organic,0,game
organic,0,vlog
organic,0,vlog
organic,0,vlog
organic,0,milestone
organic,0,vlog
organic,0,drama
organic,0,vlog
organic,1,medical
performative,0,roleplay
organic,0,vlog
organic,0,milestone
ambiguous,0,reaction
organic,0,milestone
organic,0,vlog
organic,0,travel
ambiguous,0,reaction
organic,0,vlog
organic,0,milestone
organic,0,vlog
medical,1,medical
organic,0,vlog
ambiguous,0,reaction
organic,0,vlog
organic,1,prank
medical,1,medical
organic,0,vlog
organic,0,milestone
ambiguous,0,reaction
organic,0,vlog
ambiguous,0,reaction
organic,0,vlog
organic,0,vlog
performative,0,tutorial
ambiguous,0,reaction
performative,0,unboxing
organic,0,vlog
ambiguous,0,reaction
organic,0,vlog
organic,0,vlog
organic,0,vlog
performative,0,tutorial
organic,0,travel
performative,0,tutorial
organic,0,vlog
no_child,1,storytime
organic,0,vlog
organic,0,vlog
organic,0,comedy
organic,0,roleplay
organic,0,milestone
organic,0,milestone
organic,0,vlog
organic,0,milestone
performative,0,challenge
organic,0,reaction
organic,0,storytime
organic,0,vlog
organic,0,comedy
organic,0,toy_play
organic,0,vlog
organic,0,milestone
organic,0,milestone
organic,0,milestone
organic,0,milestone
organic,0,milestone
organic,0,vlog
organic,0,comedy
organic,0,toy_play
organic,0,vlog
organic,0,milestone
organic,0,vlog
organic,0,milestone
organic,0,vlog
organic,0,milestone
organic,0,vlog
organic,0,milestone
organic,0,milestone
organic,0,vlog
organic,0,milestone
organic,0,milestone
organic,0,milestone
organic,0,vlog
organic,0,milestone
organic,0,vlog
organic,0,vlog
organic,0,milestone
organic,0,vlog
organic,0,milestone
organic,0,vlog
organic,0,vlog
organic,0,vlog
organic,0,vlog
organic,0,milestone
organic,0,vlog
organic,0,vlog
organic,0,vlog
organic,0,vlog
organic,0,vlog
organic,0,vlog
organic,0,vlog
organic,1,storytime
organic,0,vlog
organic,0,vlog
organic,0,vlog
performative,0,challenge
organic,0,storytime
organic,1,storytime
organic,0,roleplay
organic,0,unboxing
performative,0,roleplay
organic,0,unboxing
performative,0,roleplay
organic,0,unboxing
performative,0,roleplay
organic,0,storytime
organic,0,unboxing
organic,0,unboxing
organic,0,unboxing
performative,0,tutorial
organic,0,milestone
performative,0,roleplay
organic,0,storytime
organic,0,vlog
performative,0,game
organic,0,milestone
performative,0,game
organic,0,storytime
organic,0,vlog
organic,0,storytime
organic,0,storytime
organic,0,storytime
organic,0,storytime
organic,0,milestone
organic,0,vlog
organic,0,vlog
performative,0,tutorial
organic,0,haul
organic,0,tutorial
organic,0,haul
organic,0,tutorial
organic,0,storytime
organic,0,vlog
organic,0,storytime
organic,0,storytime
performative,0,roleplay
organic,0,vlog
performative,0,challenge
organic,0,vlog
performative,0,game
organic,0,vlog
organic,0,storytime
organic,0,storytime
performative,0,challenge
performative,0,game
performative,0,prank
organic,0,vlog
organic,0,vlog
organic,0,vlog
organic,0,storytime
organic,0,vlog
organic,0,vlog
performative,0,storytime
organic,0,milestone
organic,0,milestone
organic,0,storytime
organic,0,vlog
organic,0,milestone
performative,0,challenge
performative,0,storytime
organic,0,milestone
performative,0,prank
organic,0,storytime
organic,0,vlog
organic,0,vlog
organic,0,storytime
organic,0,milestone
organic,0,milestone
organic,0,vlog
organic,0,vlog
organic,0,travel
organic,0,vlog
organic,0,storytime
no_child,1,drama
organic,0,milestone
organic,0,storytime
organic,0,milestone
no_child,1,storytime
ambiguous,0,storytime
organic,0,travel
organic,0,vlog
organic,0,storytime
organic,0,travel
performative,0,challenge
performative,0,roleplay
organic,0,vlog
performative,0,tutorial
performative,0,tutorial
organic,0,vlog
organic,0,vlog
performative,0,tutorial
organici,0,vlog
performative,0,game
performative,0,storytime
organic,0,reaction
organic,1,storytime
performative,0,game
organic,0,challenge
organic,1,storytime
organic,1,storytime
organic,0,vlog
performative,0,dance
performative,0,dance
organic,1,storytime
organic,0,storytime
organic,0,reaction
organic,0,vlog
organic,1,storytime
organic,1,storytime
organic,0,storytime
organic,0,storytime
organic,0,storytime
performative,0,dance
performative,0,hack
performative,0,reaction
ambiguous,0,other
performative,0,dance
organic,0,reaction
organic,0,game
organic,0,storytime
organic,0,storytime
organic,0,storytime
performative,0,challenge
organic,1,storytime
performative,0,prank
organic,0,milestone
organic,0,milestone
organic,0,vlog
organic,0,vlog
performative,0,milestone
organic,0,milestone
organic,0,vlog
performative,0,tutorial
performative,0,game
organic,1,storytime
organic,0,vlog
performative,0,challenge
performative,0,dance
organic,0,vlog
organic,0,vlog
organic,0,vlog
organic,0,vlog
organic,0,vlog
performative,0,prank
organic,0,vlog
organic,0,vlog
performative,0,roleplay
organic,0,vlog
performative,0,roleplay
organic,0,vlog
organic,0,vlog
organic,0,vlog
organic,0,vlog
performative,0,prank
organic,0,vlog
organic,0,milestone
organic,0,milestone
organic,0,milestone
organic,0,milestone
organic,0,milestone
performative,0,unboxing
organic,0,milestone
performative,0,unboxing
organic,0,milestone
organ<ic,0,milestone
organic,0,milestone
performative,0,unboxing
performative,0,unboxing
performative,0,unboxing
performative,0,unboxing
performative,0,unboxing
performative,0,unboxing
performative,0,unboxing
performative,0,unboxing
performative,0,unboxing
performative,0,unboxing
performative,0,unboxing
organic,0,milestone
organic,0,milestone
organic,0,milestone
organic,0,milestone
organic,0,milestone
performative,0,reaction
organic,0,milestone
performative,0,reaction
organic,0,vlog
organic,0,vlog
organic,0,vlog
organic,0,vlog
organic,0,vlog
organic,0,vlog
organic,0,vlog
ambiguous,1,other
organic,0,vlog
organic,0,vlog
organic,0,vlog
organic,0,vlog
organic,0,vlog
organic,0,vlog
organic,0,storytime
organic,0,vlog
organic,0,vlog
organic,0,vlog
organic,0,vlog
organic,0,vlog
organic,0,vlog
organic,0,vlog
organic,0,vlog
organic,0,vlog
no_child,0,other
organic,0,storytime
organic,0,vlog
organic,0,vlog
organic,0,vlog
organic,0,vlog
organic,0,vlog
organic,0,toy_play
organic,0,vlog
organic,0,toy_play
organic,0,vlog
organic,0,milestone
organic,0,vlog
organic,0,vlog
organic,0,vlog
organic,0,toy_play
organic,0,toy_play
organic,0,vlog
organic,0,storytime
organic,0,vlog
organic,0,vlog
organic,0,vlog
organic,0,milestone
organic,0,vlog
performative,0,tutorial
organic,1,storytime
organic,0,vlog
performative,0,challenge
organic,0,vlog
organic,0,vlog
organic,0,milestone
organic,0,vlog
organic,0,storytime
ambiguous,1,storytime
organic,0,milestone
organic,0,milestone
organic,0,milestone
organic,0,milestone
organic,0,milestone
organic,0,milestone
performative,0,challenge
organic,0,storytime
organic,0,shopping haul
organic,0,storytime
performative,0,challenge
performative,0,challenge
organic,0,vlog
organic,0,vlog
organic,0,shopping haul
organic,0,vlog
performative,0,challenge
organic,0,shopping haul
organic,0,vlog
organic,0,travel
organic,0,shopping haul
organic,0,vlog
performative,0,challenge
organic,0,shopping haul
milestone,0,milestone
organic,0,storytime
performative,1,prank
performative,0,challenge
organic,0,vlog
organic,0,milestone
organic,0,storytime
organic,0,storytime
organic,0,vlog
organic,0,milestone
organic,0,shopping haul
organic,0,milestone
organic,0,reaction
organɪc,0,storytime
organic,1,storytime
organic,0,vlog
organic,0,milestone
organic,0,storytime
organic,0,vlog
organic,0,vlog
organic,0,vlog
organic,0,vlog
organic,0,vlog
organic,0,vlog
organic,0,vlog
organic,0,vlog
organic,0,vlog
organic,0,vlog
organic,0,vlog
organic,0,vlog
organic,0,vlog
organic,0,milestone
organic,0,milestone
organic,0,milestone
organic,0,milestone
performative,0,tutorial
organic,0,vlog
performative,0,game
performative,0,roleplay
organic,0,travel
organic,1,reaction
organic,0,milestone
organic,0,vlog
organic,0,vlog
organic,1,storytime
organic,1,storytime
organic,0,storytime
organic,1,storytime
organic,0,roleplay
organic,0,roleplay
organic,0,storytime
performative,0,reaction
organic,1,storytime
organic,0,storytime
organic,0,vlog
organic,0,vlog
organic,0,vlog
organic,0,vlog
performative,0,roleplay
performative,0,game
organic,0,milestone
organic,1,storytime
organic,0,travel
organic,0,vlog
organic,0,storytime
organic,0,storytime
organic,0,storytime
organic,0,milestone
organic,0,vlog
organic,0,vlog
organic,0,vlog
organic,0,vlog
organic,0,vlog
organic,0,music_dance
organic,0,vlog
organic,0,vlog
organic,0,vlog
organic,0,vlog
organic,0,travel
organic,0,storytime
organic,0,storytime
organic,0,storytime
organic,0,storytime
organic,0,other
organic,0,storytime
organic,0,vlog
organic,0,storytime
organic,0,storytime
organic,0,storytime
organic,0,vlog
organic,0,storytime
organic,0,storytime
organic,0,storytime
organic,0,storytime
organic,0,storytime
organic,0,storytime
organic,0,storytime
organic,0,storytime
organic,0,storytime
organic,0,storytime
organic,0,storytime
organic,0,storytime
organic,0,storytime
organic,0,storytime
organic,0,storytime
organic,0,storytime
organic,0,storytime
organic,0,storytime
organic,0,storytime
organic,0,storytime
organic,0,storytime
organic,0,storytime
organic,0,storytime
organic,0,storytime
organic,0,storytime
organic,0,storytime
organic,0,storytime
organic,0,storytime
organic,0,vlog
organic,0,vlog
organic,0,vlog
ambiguous,1,reaction
organic,0,vlog
organic,0,vlog
organic,0,vlog
organic,0,storytime
ambiguous,0,reaction
organic,0,vlog
organic,0,reaction
ambiguous,1,medical
organic,0,vlog
organic,0,vlog
organic,0,vlog
organic,0,vlog
organic,0,vlog
ambiguous,1,storytime
organic,0,storytime
performative,0,roleplay
performative,0,reaction
organic,0,vlog
organic,0,vlog
organic,0,milestone
organic,0,reaction
performative,0,roleplay
performative,0,roleplay
performative,0,roleplay
performative,0,roleplay
organic,0,milestone
organic,0,milestone
organic,1,storytime
organic,0,vlog
organic,0,vlog
organic,0,vlog
organic,0,talk
ambiguous,0,talk
organic,0,milestone
organic,0,vlog
performative,1,reaction
organic,0,vlog
organic,0,vlog
organic,0,vlog
organic,0,storytime
organic,0,storytime
ambiguous,1,storytime
ambiguous,0,talk
ambiguous,1,drama
organic,0,talk
ambiguous,0,reaction
organic,0,vlog
organic,1,storytime
performative,0,prank
organic,1,storytime
performative,0,prank
performative,0,haul
organic,0,vlog
performative,0,storytime
organic,1,storytime
organic,1,storytime
performative,0,haul
organic,0,milestone
organic,1,storytime
performative,0,reaction
performative,0,haul
organic,0,storytime
performative,0,prank
organic,1,storytime
organic,0,milestone
organic,0,milestone
organic,1,storytime
organic,0,storytime
organic,0,milestone
organic,0,vlog
organic,1,vlog
organic,1,storytime
organic,1,storytime
performative,0,haul
organic,0,vlog
organic,0,milestone
organic,0,vlog
organic,1,storytime
organic,0,haul
organic,0,milestone
organic,0,storytime
organic,0,haul
organic,0,milestone
organic,0,storytime
performative,0,haul
organic,1,storytime
organic,0,vlog
performative,0,haul
organic,0,tour
organic,1,storytime
ambiguous,0,storytime
ambiguous,0,announcement
organic,0,storytime
organic,0,storytime
performative,0,storytime
organic,0,milestone
organic,0,vlog
no_child,0,announcement
no_child,0,announcement
organic,0,reaction
no_child,0,update
organic,0,routine
organic,0,vlog
no_child,0,announcement
organic,0,update
organic,0,unboxing
organic,0,unboxing
organic,0,unboxing
no_child,0,challenge
no_child,0,shopping
organic,0,vlog
organic,0,update
organic,0,reaction
no_child,0,drama
no_child,0,shopping
no_child,0,shopping
organic,0,vlog
organic,0,vlog
no_child,0,reaction
no_child,0,reaction
no_child,0,reaction
no_child,0,reaction
no_child,0,reaction
no_child,0,storytime
no_child,1,drama
no_child,0,special
no_child,1,drama
no_child,1,drama
no_child,1,medical
no_child,0,vlog
no_child,0,unboxing
no_child,1,drama
no_child,0,vlog
no_child,0,challenge
no_child,1,drama
no_child,0,storytime
no_child,0,travel
no_child,0,shopping
no_child,0,shopping
no_child,0,shopping
no_child,0,shopping
no_child,0,vlog
no_child,0,vlog
ambiguous,0,other
ambiguous,0,other
ambiguous,0,other
ambiguous,0,other
ambiguous,0,other
ambiguous,0,other
ambiguous,0,other
ambiguous,0,other
ambiguous,0,other
ambiguous,0,other
ambiguous,0,other
ambiguous,0,other
ambiguous,0,other
ambiguous,0,other
ambiguous,0,other
ambiguous,0,other
ambiguous,0,other
ambiguous,0,other
ambiguous,0,other
ambiguous,0,other
ambiguous,0,other
ambiguous,0,other
ambiguous,0,other
ambiguous,0,other
ambiguous,0,other
ambiguous,0,other
ambiguous,0,other
ambiguous,0,other
ambiguous,0,other
ambiguous,0,other
ambiguous,0,other
ambiguous,0,other
ambiguous,0,other
ambiguous,0,other
ambiguous,0,other
ambiguous,0,other
ambiguous,0,other
ambiguous,0,other
ambiguous,0,other
ambiguous,0,other
ambiguous,0,other
ambiguous,0,other
ambiguous,0,other
ambiguous,0,other
ambiguous,0,other
ambiguous,0,other
ambiguous,0,other
ambiguous,0,other
ambiguous,0,other
ambiguous,0,other
ambiguous,0,other
ambiguous,0,other
ambiguous,0,other
performative,0,roleplay
performative,0,craft
performative,0,challenge
performative,0,roleplay
organic,0,vlog
performative,0,shopwithme
organic,0,vlog
no_child,0,medical
no_child,1,medical
organic,0,vlog
organic,0,vlog
organic,0,travel
organic,0,travel
organic,0,storytime
organic,0,shopping
organic,0,shopping
no_child,1,medical
organic,0,vlog
no_child,1,drama
organic,0,vlog
performative,0,unboxing
performative,0,shopwithme
organic,0,reaction
no_child,1,storytime
organic,0,shopping
organic,0,vlog
performative,0,shopping
performative,0,tutorial
organic,0,storytime
performative,0,shopping
organic,0,vlog
organic,0,storytime
performative,0,announcement
organic,0,vlog
organic,0,shopping
performative,0,shopping
no_child,0,medical
organic,0,vlog
organic,0,party
organic,0,holiday
organic,0,announcement
performative,0,challenge
organic,0,party
performative,0,roleplay
performative,0,unboxing
performative,0,roleplay
ambiguous,0,storytime
organic,0,travel
organic,0,event
performative,0,haul
organic,0,vlog
organic,0,vlog
organic,0,shopping
organic,0,storytime
organic,0,shopping
organic,0,shopping
organic,0,milestone
organic,0,vlog
organic,0,vlog
organic,0,event
organic,0,shopping
organic,0,tutorial
organic,0,shopping
organic,0,tour
organic,0,haul
organic,1,medical
organic,0,routine
organic,0,vlog
organic,0,vlog
organic,0,shopping
organic,0,shopping
organic,0,shopping
organic,1,medical
ambiguous,0,storytime
organic,0,haul
organic,0,shopping
organic,0,travel
organic,0,shopping
organic,0,roleplay
organic,0,milestone
organic,0,shopping
organic,0,shopping
organic,0,event
organic,0,travel
organic,1,storytime
organic,0,shopping
organic,0,milestone
organic,0,shopping
organic,0,event
organic,0,shopping
organic,0,milestone
organic,0,shopping
performative,0,challenge
organic,0,event
organic,0,milestone
organic,0,vlog
organic,0,challenge
organic,1,storytime
organic,0,event
organic,0,roleplay
ambiguous,1,storytime
ambiguous,1,storytime
performative,0,challenge
organic,0,vlog
organic,0,milestone
organic,0,vlog
organic,0,milestone
organic,0,vlog
organic,0,milestone
organic,1,vlog
organic,0,vlog
organic,0,milestone
organic,0,vlog
organic,0,vlog
organic,0,milestone
organic,0,vlog
organic,1,vlog
ambiguous,1,storytime
ambiguous,1,unboxing
organic,0,vlog
organic,0,shopping
performative,0,unboxing
organic,0,home_makeover
organic,0,family_routine
performative,0,unboxing
organic,0,family_vlog
organic,0,food_tasting
organic,0,family_routine
performative,0,unboxing
organic,0,family_vlog
organic,0,school_routine
performative,0,unboxing
ambiguous,1,storytime
organic,0,hauls
organic,0,family_vlog
organic,0,family_vlog
no_child,0,travel
organic,0,shopping
organic,0,family_routine
performative,0,unboxing
organic,0,hauls
no_child,0,storytime
performative,0,challenge
no_child,1,storytime
no_child,0,milestone
no_child,0,travel
no_child,0,shopping
no_child,0,storytime
no_child,0,holiday
no_child,0,holiday
performative,0,unboxing
performative,0,challenge
organic,0,vlog
performative,0,unboxing
organic,0,vlog
performative,0,roleplay
organic,0,milestone
organic,0,storytime
no_child,1,medical
performative,0,unboxing
organic,0,vlog
organic,0,vlog
performative,0,unboxing
performative,0,tutorial
performative,0,storytime
organic,0,vlog
performative,0,challenge
organic,0,milestone
organic,1,storytime
no_child,1,drama
performative,0,storytime
no_child,0,educational
organic,0,unboxing
performative,0,unboxing
organic,0,storytime
organic,0,vlog
performative,0,roleplay
organic,0,milestone
organic,0,vlog
organic,0,milestone
organic,0,drama
organic,0,vlog
organic,0,travel
organic,0,vlog
organic,0,milestone
performative,0,shopping
no_child,1,medical
performative,0,unboxing
no_child,1,medical
organic,0,storytime
organic,0,travel
organic,0,milestone
organic,0,vlog
no_child,1,medical
no_child,1,medical
organic,0,milestone
organic,0,unboxing
organic,0,shopping
organic,0,travel
organic,0,vlog
organic,0,vlog
performative,0,tour
organic,0,vlog
organic,0,vlog
organic,0,vlog
performative,0,challenge
organic,0,vlog
organic,0,vlog
organic,0,vlog
performative,0,haul
performative,0,challenge
organic,0,vlog
performative,0,haul
performative,0,haul
organic,0,vlog
performative,0,haul
performative,0,vlog
performative,0,vlog
organic,0,medical
performative,0,haul
organic,0,vlog
organic,0,milestone
organic,0,vlog
organic,0,milestone
organic,0,milestone
organic,0,milestone
performative,0,tutorial
organic,1,vlog
organic,1,vlog
performative,0,tour
performative,0,reaction
organic,0,milestone
performative,0,challenge
organic,0,tutorial
ambiguous,1,storytime
organic,0,milestone
organic,0,storytime
organic,0,storytime
organic,0,medical
performative,0,haul
organic,1,challenge
performative,0,game
performative,0,reaction
performative,0,game
performative,0,tour
organic,0,vlog
organic,0,milestone
organic,0,storytime
organic,0,tour
organic,0,milestone
organic,0,vlog
performative,0,roleplay
organic,0,vlog
performative,0,challenge
organic,1,vlog
performative,0,vlog
performative,0,toy_play
organic,0,vlog
organic,1,medical
performative,0,haul
performative,0,vlog
organic,0,vlog
organic,0,milestone
performative,0,tutorial
organic,0,vlog
organic,0,milestone
performative,0,vlog
organic,0,milestone
performative,0,challenge
organic,1,medical
performative,0,toy_play
organic,0,storytime
performative,0,roleplay
organic,0,travel
performative,0,roleplay
organic,0,milestone
organic,0,haul
performative,0,challenge
organic,0,vlog
performative,0,shopping
performance,0,vlog
performative,1,tutorial
organic,0,milestone
performative,0,vlog
performative,0,party
organic,1,medical
organic,0,vlog
performative,0,vlog
organic,0,milestone
organic,1,storytime
organic,1,vlog
performative,0,roleplay
organic,0,vlog
organic,0,travel
organic,0,family
performative,0,party
organic,1,storytime
organic,0,milestone
organic,0,haul
performative,0,tutorial
organic,0,vlog
performative,0,challenge
organic,0,medical
organic,0,vlog
organic,0,vlog
organic,0,storytime
organic,0,vlog
ambiguous,0,announcement
ambiguous,0,announcement
performative,0,challenge
performative,0,challenge
performative,0,challenge
performative,0,challenge
organic,0,beauty/makeup
performative,0,challenge
organic,0,vlog
organic,0,vlog
organic,0,vlog
organic,0,toy_play
performative,0,toy_play
performative,0,roleplay
organic,0,vlog
organic,0,vlog
organic,0,vlog
organic,0,vlog
organic,0,milestone
ambiguous,1,drama
performative,0,challenge
ambiguous,0,shopping
performative,0,challenge
performative,0,reaction
performative,0,challenge
performative,0,vlog
organic,0,vlog
performative,0,challenge
organic,0,shopping
organic,0,vlog
organic,0,routine
organic,0,review
organic,0,vlog
organic,0,vlog
organic,0,travel
organic,0,review
organic,0,vlog
organic,0,travel
organic,0,vlog
performative,0,other
organic,0,holiday
organic,0,family
organic,0,fun
organic,0,vlog
organic,0,vlog
organic,0,vlog
ambiguous,1,storytime
organic,0,storytime
organic,0,vlog
organic,0,vlog
organic,0,vlog
organic,0,vlog
organic,0,vlog
organic,0,toy_play
organic,0,toy_play
organic,0,toy_play
performative,0,roleplay
performative,0,challenge
organic,0,vlog
performative,0,toy_play
ambiguous,1,drama
organic,0,vlog
performative,0,challenge
organic,0,vlog
organic,0,game
ambiguous,1,drama
performative,0,roleplay
organic,0,milestone
organic,0,storytime
performative,0,roleplay
organic,0,vlog
organic,0,vlog
organic,0,travel
organic,0,vlog
organic,0,vlog
performative,0,reaction
performative,0,roleplay
organic,0,travel
organic,0,misc
organic,0,milestone
performative,0,challenge
organic,0,vlog
organic,0,vlog
ambiguous,1,storytime
organic,0,storytime
organic,0,milestone
organic,0,milestone
organic,0,storytime
organic,0,vlog
organic,0,vlog
organic,0,vlog
organic,0,vlog
organic,0,vlog
performative,0,challenge
organic,0,vlog
performative,0,challenge
performative,0,unboxing
performative,0,roleplay
performative,0,challenge
performative,0,roleplay
organic,0,vlog
organic,0,vlog
organic,0,vlog
organic,0,vlog
performative,0,other
performative,0,roleplay
organic,1,medical
organic,0,vlog
organic,0,vlog
organic,1,vlog
organic,0,vlog
organic,0,vlog
organic,0,vlog
ambiguous,0,announcement
performative,0,storytime
performative,0,haul
organic,0,medical
organic,0,vlog
organic,0,vlog
performative,0,other
organic,0,vlog
performative,0,challenge
organic,0,vlog
organic,0,vlog
organic,0,vlog
organic,0,vlog
ambiguous,1,reaction
performative,0,toy_play
performative,0,challenge
organic,0,vlog
performative,0,game
organic,0,vlog
organic,0,vlog
organic,0,vlog
organic,0,vlog
organic,0,vlog
organic,1,vlog
organic,0,vlog
organic,0,vlog
organic,0,medical
organic,0,storytime
performance,0,toy_play
organic,0,vlog
organic,0,vlog
organic,0,vlog
organic,0,vlog
organic,0,vlog
organic,0,vlog
organic,0,vlog
organic,0,vlog
organic,0,vlog
organic,0,vlog
organic,0,vlog
no_child,0,announcement
organic,0,vlog
organic,1,vlog
organic,0,vlog
organic,0,vlog
organic,0,vlog
organic,1,vlog
organic,0,vlog
organic,1,vlog
organic,0,vlog
organic,0,vlog
organic,0,vlog
organic,0,vlog
organic,1,vlog
organic,1,drama
organic,0,vlog
organic,0,storytime
organic,0,vlog
organic,0,vlog
organic,0,vlog
organic,0,vlog
organic,0,vlog
organic,0,vlog
organic,0,vlog
organic,0,vlog
organic,0,challenge
organic,0,milestone
organic,0,vlog
organic,1,storytime
organic,0,vlog
organic,0,party
organic,0,storytime
organic,0,vlog
organic,0,vlog
organic,0,vlog
organic,0,vlog
organic,1,storytime
organic,1,live
organic,0,vlog
organic,0,vlog
organic,0,vlog
performance,0,storytime
organic,0,vlog
performance,0,storytime
organic,0,tour
organic,0,vlog
performance,0,fun
organic,0,medical
organic,0,storytime
organic,0,vlog
organic,0,vlog
organic,0,vlog
organic,0,vlog
organic,0,holiday
organic,0,holiday
organic,0,vlog
organic,0,medical
organic,0,drama
organic,0,holiday
organic,0,tour
organic,0,vlog
organic,0,vlog
organic,0,cooking
performance,0,challenge
organic,0,vlog
performance,0,family
performance,0,family
performance,0,travel
performance,0,storytime
organic,0,review
organic,0,shopping
performance,0,unboxing
organic,0,holiday
performance,0,unboxing
organic,0,pregnancy
organic,0,shopping
performance,0,challenge
organic,0,vlog
performance,0,challenge
organic,0,update
organic,0,family
performance,0,toy_play
organic,0,tutorial
organic,0,pregnancy
performance,0,challenge
organic,0,vlog
performance,1,drama
organic,0,review
performance,0,challenge
organics,0,family
organic,0,vlog
organic,0,travel
organic,0,vlog
performative,0,toy_play
organic,0,travel
organic,0,holiday
organic,0,holiday
performative,0,unboxing
organic,0,storytime
organic,0,vlog
organic,0,milestone
organic,0,snow
organic,0,medical
organic,0,vlog
organic,0,travel
organic,0,travel
organic,0,travel
organic,0,milestone
organic,0,holiday
organic,0,announcement
organic,0,announcement
organic,0,medical
organic,0,announcement
organic,0,milestone
organic,0,milestone
organic,0,travel
organic,0,milestone
performative,0,toy_play
organic,0,vlog
organic,0,toy_play
organic,0,milestone
organic,0,medical
performative,0,vlog
organic,0,vlog
organic,0,travel
organic,0,milestone
organic,0,holiday
organic,0,holiday
performative,0,unboxing
organic,0,party
organic,1,other
organic,0,milestone
organic,0,holiday
performative,0,roleplay
performative,0,roleplay
performative,0,roleplay
performative,0,roleplay
performative,0,roleplay
organisic,0,milestone
organic,1,milestone
organic,0,vlog
ambiguous,0,reaction
organic,0,travel
organic,0,vlog
organic,1,storytime
organic,0,review
organic,1,storytime
organic,0,tutorial
organic,0,vlog
organic,0,play
organic,1,storytime
organic,0,game
organic,1,storytime
organic,0,haul
organic,0,haul
organic,1,storytime
organic,1,storytime
organic,0,game
organic,0,vlog
organic,0,party
organic,0,lunch
organic,0,travel
organic,0,game
organic,1,storytime
organic,0,haul
organic,0,tutorial
organic,0,howto
organic,0,vlog
organic,0,review
organic,0,challenge
organic,1,storytime
organic,0,travel
organic,0,vlog
organic,0,kids_review
organic,0,craft
organic,0,celebration
organic,0,haul
organic,0,vlog
organic,0,haul
organic,1,storytime
organic,0,travel
organic,0,family
organic,0,challenge
organic,0,family
organic,1,storytime
organic,1,storytime
organic,0,travel
organic,0,storytime
organic,1,storytime
no_child,1,challenge
organic,0,vlog
performative,0,unboxing
organic,0,vlog
performative,0,review
organic,0,vlog
performative,0,game
performative,0,challenge
organic,0,milestone
performative,0,roleplay
organic,0,vlog
organic,0,milestone
performative,0,challenge
performative,0,challenge
performative,0,challenge
performative,0,challenge
performative,0,adventure
organic,0,vlog
performative,0,haul
organic,0,announcement
organic,0,unboxing
organic,0,vlog
performative,0,challenge
performative,0,challenge
performative,0,milestone
performative,0,challenge
performative,0,challenge
performative,0,challenge
performative,0,roleplay
organic,0,vlog
performative,0,toy_play
no_child,0,unboxing
organic,0,review
performative,0,roleplay
performative,0,episode
performative,0,challenge
organic,0,vlog
performative,0,comparison
organic,0,travel
performative,0,tutorial
organic,0,family_vlog
performative,0,challenge
organic,0,family_vlog
performative,0,challenge
performative,0,trick_or_treat
organic,0,house_tour
performative,0,game
no_child,0,unboxing
no_child,0,review
organic,0,milestone
performative,0,episode
performative,0,roleplay
performative,0,unboxing
organic,0,storytime
organic,0,storytime
organic,0,vlog
organic,0,storytime
organic,0,vlog
performative,0,unboxing
organic,0,vlog
performative,0,toy_play
organic,0,storytime
performative,0,challenge
performative,0,challenge
organic,0,storytime
organic,0,vlog
performative,0,unboxing
performative,0,challenge
performative,0,unboxing
performative,0,unboxing
organic,0,storytime
performative,0,other
organic,0,vlog
organic,0,storytime
performative,0,unboxing
performative,0,unboxing
performative,0,tutorial
performative,0,review
performative,0,game
performative,0,toy_play
performative,1,storytime
organic,0,vlog
performative,0,unboxing
organic,0,storytime
ambiguous,0,storytime
performative,0,review
organic,0,storytime
performative,0,game
performative,0,challenge
performative,0,review
performative,0,tutorial
performative,0,toy_play
organic,0,storytime
performative,0,unboxing
organic,0,storytime
organic,0,storytime
performative,0,prank
amiguous,1,storytime
organic,0,vlog
organic,0,storytime
organic,0,travel
organic,0,vlog
organic,0,vlog
other,0,reaction
other,0,storytime
other,0,storytime
performative,0,music_dance
performative,0,music_dance
performative,0,music_dance
other,1,medical
performative,0,game
ambiguous,0,drama
organic,0,vlog
organic,0,vlog
performative,0,music_dance
organic,0,vlog
ambiguous,0,storytime
other,0,storytime
organic,0,vlog
organic,0,vlog
organic,0,storytime
organic,0,vlog
performative,0,craft
organic,0,vlog
organic,0,vlog
organic,0,vlog
performative,0,tutorial
performative,0,milestone
organic,0,vlog
performative,0,toy_play
performative,0,review
other,0,storytime
amiguous,0,storytime
organic,0,vlog
organic,0,vlog
organic,0,vlog
other,1,drama
organic,0,vlog
organic,0,travel
performative,0,tutorial
organic,0,vlog
organic,0,storytime
organic,0,vlog
organic,0,party
performative,0,unboxing
organic,0,vlog
organic,0,vlog
performative,0,craft
organic,0,travel
organic,0,vlog
performative,0,unboxing
organic,0,vlog
organic,0,vlog
organic,0,vlog
organic,0,medical
performative,0,tutorial
organic,0,vlog
performative,0,roleplay
organic,0,vlog
organic,0,vlog
performative,1,tutorial
organic,1,storytime
organic,0,vlog
organic,1,medical
organic,1,medical
organic,0,vlog
performative,0,roleplay
organic,0,vlog
organic,0,vlog
performative,1,prank
organic,0,vlog
performative,0,challenge
performative,0,challenge
performative,0,unboxing
organic,0,vlog
performative,0,toy_play
organic,0,storytime
organic,0,vlog
organic,0,vlog
organic,0,vlog
performative,0,challenge
organic,0,storytime
organic,0,travel
organic,0,travel
organic,0,vlog
performative,0,storytime
performative,1,drama
performative,0,tutorial
organic,0,vlog
performative,0,storytime
performative,1,tutorial
organic,0,vlog
performative,0,science
organic,0,storytime
performative,0,funny_experiments
ambiguous,0,drama
performative,0,challenge
performative,0,toy_play
performative,0,challenge
organic,0,cooking
organic,0,vlog
performative,0,storytime
performative,0,storytime
performative,0,roleplay
performative,0,roleplay
organic,0,vlog
performative,0,challenge
organic,0,vlog
organic,0,tutorial
organic,0,storytime
performative,0,adventure
performative,0,unsboxing
performative,0,toy_play
performative,0,game
performative,0,prank
performative,0,adventure
performative,0,storytime
performative,0,game
performative,0,storytime
performative,0,unboxing
performative,0,game
performative,0,adventure
organic,0,tutorial
organic,0,storytime
performative,0,adventure
performative,0,storytime
organic,0,storytime
organic,0,vlog
performative,0,adventure
performative,0,challenge
performative,0,storytime
organic,0,vlog
performative,0,adventure
organic,0,storytime
organic,0,tutorial
organic,0,educational
organic,0,vlog
organic,0,storytime
organic,0,storytime
organic,0,vlog
performative,0,challenge
performative,0,adventure
performative,0,game
performative,0,challenge
performative,0,challenge
performative,0,toy_play
performative,0,game
performative,0,game
performative,0,educational
performative,0,game
performative,0,storytime
performative,0,challenge
organic,0,vlog
performative,0,storytime
performative,0,roleplay
performative,0,tutorial
organic,0,storytime
organic,0,storytime
performative,0,game
organic,0,storytime
performative,0,game
performative,0,tutorial
performative,0,roleplay
organic,0,storytime
ambiguous,1,storytime
organic,0,vlog
organic,0,storytime
organic,0,vlog
performative,0,roleplay
other,0,vlog
performative,0,tutorial
organic,0,storytime
performative,0,game
educational,0,tutorial
organic,0,storytime
performative,0,toy_play
performative,0,roleplay
performative,0,tutorial
performative,0,game
performative,0,challenge
performative,0,roleplay
organic,0,storytime
performative,0,storytime
performative,0,challenge
performative,0,storytime
performative,0,game
educational,0,tutorial
performative,0,storytime
performative,0,other
performative,0,roleplay
performative,0,storytime
performative,0,toy_play
educational,0,tutorial
ambiguous,1,storytime
performative,0,storytime
performative,0,storytime
performative,0,tutorial
performative,0,challenge
organic,0,storytime
performative,0,storytime
organic,0,storytime
ambiguous,0,storytime
performative,0,adventure
performative,0,roleplay
performative,0,challenge
performative,0,challenge
tutorial,0,tutorial
organic,0,vlog
no_child,0,storytime
performative,0,toy_play
organic,0,storytime
organic,0,storytime
organic,0,vlog
organic,0,storytime
performative,0,adventure
performative,0,roleplay
no_child,0,storytime
no_child,0,storytime
performative,0,toy_play
performative,0,lesson
performative,0,toy_play
performative,0,adventure
performative,0,experiment
performative,0,toy_play
performative,0,experiment
organic,0,vlog
performative,0,toy_play
performative,0,roleplay
organic,0,toy_play
performative,0,toy_play
performative,0,lesson
performative,0,adventure
performative,0,toy_play
organic,0,lesson
performative,0,storytime
no_child,0,storytime
no_child,0,storytime
performative,0,roleplay
performative,0,toy_play
performative,0,challenge
organic,0,storytime
organic,0,storytime
organic,0,vlog
organic,0,vlog
performative,0,adventure
performative,0,toy_play
no_child,0,storytime
organic,0,vlog
performative,0,adventure
performative,0,storytime
organic,0,vlog
organic,0,vlog
performative,0,challenge
performative,0,roleplay
performative,0,toy_play
performative,0,roleplay
performative,0,challenge
organic,0,vlog
performative,0,roleplay
organic,0,vlog
organic,0,vlog
organic,0,vlog
organic,0,vlog
performative,0,storytime
organic,0,vlog
performative,0,roleplay
organic,0,vlog
performative,0,roleplay
performative,0,storytime
performative,0,roleplay
performative,0,roleplay
organic,0,vlog
performative,0,storytime
performative,0,storytime
performative,0,toy_play
organic,0,vlog
organic,0,vlog
performative,0,roleplay
performative,0,roleplay
organic,0,vlog
performative,0,storytime
performative,0,storytime
performative,0,roleplay
organic,0,vlog
organic,0,tutorial
organic,0,educational
organic,0,vlog
organic,0,vlog
organic,0,vlog
performative,0,storytime
organic,0,vlog
organic,0,vlog
organic,0,storytime
organic,0,storytime
performative,0,music_dance
performative,0,tutorial
organic,0,vlog
organic,0,vlog
performative,0,toy_play
organic,0,milestone
performative,0,game
performative,0,roleplay
organic,0,vlog
organic,0,vlog
organic,0,vlog
organic,0,vlog
organic,0,vlog
performative,0,toy_play
performative,0,challenge
performative,0,toy_play
performative,0,roleplay
performative,0,tutorial
performative,0,toy_play
performative,0,roleplay
organic,0,vlog
performative,0,toy_play
performative,0,toy_play
performative,0,toy_play
organic,0,vlog
organic,0,storytime
performative,0,adventure
performative,0,challenge
performative,0,challenge
performative,0,toy_play
performative,0,adventure
performative,0,adventure
organic,0,educational
performative,0,tutorial
performative,0,storytime
organic,0,vlog
organic,0,storytime
performative,0,adventure
performative,0,adventure
performative,0,challenge
performative,0,toy_play
performative,0,toy_play
performative,0,adventure
performative,0,storytime
performative,0,music_dance
performative,0,roleplay
performative,0,storytime
performative,0,music_dance
educational,0,travel
educational,0,tutorial
performative,0,storytime
performative,0,toy_play
educational,0,tutorial
performative,0,challenge
performative,0,roleplay
performative,0,toy_play
performative,0,tutorial
organic,0,storytime
performative,0,challenge
performative,0,challenge
performative,0,tutorial
organic,0,storytime
organic,0,milestone
performative,0,funny
performative,0,challenge
organic,0,travel
teaching,0,tutorial
organic,0,storytime
performative,0,tutorial
organic,0,milestone
storytime,1,storytime
organic,0,vlog
organic,0,tutorial
organic,0,tutorial
performative,0,challenge
performative,0,toy_play
performative,0,toy_play
organic,0,tutorial
organic,0,tutorial
organic,0,storytime
organic,0,tutorial
performative,0,game
organic,0,storytime
performative,0,challenge
organic,0,vlog
organic,0,storytime
performative,0,challenge
organic,0,storytime
organic,0,tutorial
performative,0,challenge
organic,0,tutorial
performative,0,tutorial
performative,0,challenge
organic,0,milestone
organic,0,storytime
organic,0,tutorial
organic,0,tutorial
performative,0,challenge
organic,0,tutorial
performative,0,toy_play
organic,0,storytime
performative,0,challenge
organic,0,storytime
organic,0,vlog
organic,0,tutorial
performative,0,game
organic,0,tutorial
organic,0,vlog
organic,0,storytime
performative,0,toy_play
organic,0,education
organic,0,storytime
performative,0,challenge
organic,0,storytime
performative,0,game
performative,0,toy_play
performative,0,challenge
organic,0,vlog
organic,0,storytime
organic,0,tutorial
performative,0,toy_play
performative,0,medical
organic,0,vlog
organic,0,storytime
organic,0,vlog
organic,0,storytime
organic,0,travel
organic,0,storytime
performative,0,toy_play
organic,0,storytime
organic,0,medical
performative,0,game
performative,0,toy_play
organic,0,vlog
organic,0,storytime
organic,0,educational
organic,0,vlog
performative,0,medical
performative,0,toy_play
organic,0,storytime
performative,0,travel
organic,0,storytime
performative,0,game
performative,0,educational
performative,0,challenge
organic,0,storytime
organic,0,storytime
performative,0,tutorial
performative,0,toy_play
organic,0,vlog
performative,0,medical
performative,0,toy_play
performative,0,tutorial
organic,0,vlog
performative,0,toy_play
performative,0,tutorial
performative,0,toy_play
organic,0,vlog
organic,0,vlog
organic,0,storytime
performative,0,music_dance
organic,0,vlog
organic,0,storytime
performative,0,storytime
organic,0,storytime
performative,0,toy_play
organic,0,tutorial
performative,0,challenge
organic,0,vlog
organic,0,toy_play
organic,0,tutorial
performative,0,roleplay
organic,0,storytime
performative,0,roleplay
organic,0,storytime
organic,0,storytime
organic,0,storytime
performative,0,music_dance
organic,0,vlog
organic,0,storytime
organic,0,storytime
performative,0,music_dance
organic,0,vlog
performative,0,challenge
organic,0,storytime
organic,0,storytime
organic,0,tutorial
roleplay,0,roleplay
organic,0,tutorial
performative,0,challenge
performative,0,storytime
performative,0,toy_play
performative,0,tutorial
performative,0,challenge
organic,0,vlog
performative,0,toy_play
organic,0,storytime
organic,0,vlog
organic,0,storytime
performative,0,challenge
performative,0,roleplay
performative,0,toy_play
performative,0,toy_play
performative,0,roleplay
performative,0,toy_play
organic,0,vlog
performative,0,toy_play
organic,0,storytime
organic,0,vlog
organic,0,storytime
performative,0,toy_play
performative,0,roleplay
performative,0,roleplay
organic,0,tutorial
organic,0,vlog
performative,0,toy_play
performative,0,roleplay
organic,0,educational
organic,0,vlog
organic,0,milestone
organic,0,tutorial
no_child,0,other
organic,0,storytime
organic,0,vlog
organic,0,educational
organic,0,storytime
no_child,0,other
performative,0,game
organic,0,storytime
performative,0,toy_play
organic,0,vlog
no_child,0,other
performative,0,toy_play
performative,0,challenge
no_child,0,other
organic,0,vlog
no_child,0,other
no_child,0,other
no_child,0,other
performative,0,challenge
organic,0,storytime
organic,0,vlog
organic,0,educational
organic,0,storytime
performative,0,roleplay
organic,0,vlog
performative,0,challenge
organic,0,roleplay
performative,0,roleplay
organic,0,tutorial
organic,0,vlog
no_child,0,other
organic,0,storytime
organic,0,tutorial
organic,0,tutorial
organic,0,vlog
performative,0,challenge
organic,0,vlog
performative,0,challenge
organic,0,vlog
performative,0,challenge
organic,0,vlog
organic,0,storytime
performative,0,challenge
performative,0,roleplay
organic,0,vlog
no_child,0,other
performative,0,party
performative,0,roleplay
performative,0,challenge
performative,0,game
performative,0,challenge
organic,0,milestone
organic,0,storytime
performative,0,storytime
organic,0,storytime
organic,0,storytime
organic,1,storytime
organic,0,storytime
performative,0,challenge
performative,0,challenge
performative,0,experiment
performative,0,challenge
performative,0,adventure
performative,0,challenge
performative,0,challenge
organic,0,vlog
performative,0,challenge
organic,0,tutorial
performative,0,challenge
performative,0,tutorial
performative,0,challenge
organic,0,vlog
organic,0,educational
organic,0,storytime
performative,0,adventure
performative,0,challenge
organic,0,tutorial
performative,0,game
organic,0,travel
organic,0,travel
organic,0,storytime
organic,0,vlog
performative,0,toy_play
organic,0,educational
performative,0,roleplay
organic,0,travel
performative,0,challenge
performative,0,roleplay
performative,0,toy_play
performative,0,challenge
performative,0,roleplay
performative,0,roleplay
performative,0,toy_play
performative,0,roleplay
performative,0,challenge
performative,0,roleplay
organic,0,vlog
organic,0,storytime
organic,0,tutorial
performative,0,toy_play
organic,0,storytime
performative,0,storytime
organic,0,milestone
performative,0,toy_play
performative,0,challenge
performative,0,game
performative,0,storytime
organic,0,storytime
organic,0,storytime
organic,0,milestone
performative,0,toy_play
organic,0,tutorial
performative,0,challenge
performative,0,toy_play
performative,0,toy_play
performative,0,challenge
performative,0,storytime
organic,0,storytime
organic,0,travel
organic,0,travel
performative,0,roleplay
organic,0,storytime
organic,0,storytime
performative,0,challenge
organic,0,storytime
performative,0,challenge
performative,0,challenge
organic,0,storytime
organic,0,storytime
performative,0,challenge
organic,0,vlog
performative,0,roleplay
performative,0,challenge
organic,0,tutorial
organic,0,storytime
performative,0,challenge
organic,0,milestone
organic,0,vlog
performative,0,storytime
organic,0,storytime
organic,0,tutorial
organic,0,storytime
organic,0,storytime
organic,0,vlog
performative,0,challenge
organic,0,vlog
organic,0,vlog
organic,0,storytime
performative,0,challenge
organic,0,tutorial
organic,0,tutorial
performative,0,toy_play
performative,0,storytime
performative,0,tutorial
performative,0,toy_play
performative,0,toy_play
organic,0,vlog
performative,0,challenge
performative,0,challenge
performative,0,challenge
performative,0,challenge
organic,0,storytime
performative,0,toy_play
organic,0,storytime
organic,0,travel
organic,0,milestone
performative,0,toy_play
performative,0,toy_play
performative,0,challenge
organic,0,vlog
organic,0,vlog
organic,0,milestone
performative,0,challenge
organic,0,vlog
performative,0,toy_play
performative,0,tutorial
organic,0,milestone
organic,0,vlog
organic,0,travel
organic,0,tutorial
organic,0,vlog
organic,0,milestone
performative,0,tutorial
organic,0,vlog
performative,0,travel
performative,0,challenge
performative,0,roleplay
organic,0,vlog
performative,0,challenge
organic,0,milestone
performative,0,roleplay
performative,0,roleplay
performative,0,toy_play
organic,0,travel
performative,0,roleplay
organic,0,vlog
organic,0,tutorial
organic,0,tutorial
performative,0,toy_play
performative,0,toy_play
performative,0,toy_play
performative,0,challenge
performative,0,challenge
performative,0,toy_play
organic,0,milestone
performative,0,tutorial
performative,0,storytime
performative,0,toy_play
performative,0,tutorial
organic,0,storytime
performative,0,storytime
organic,0,game
performative,0,roleplay
performative,0,roleplay
performative,0,roleplay
performative,0,music_dance
performative,0,challenge
organic,0,vlog
performative,0,toy_play
performative,0,roleplay
performative,0,challenge
performative,0,storytime
performative,0,game
performative,0,roleplay
performative,0,roleplay
performative,0,game
performative,0,roleplay
organic,0,vlog
organic,0,vlog
performative,0,storytime
performative,0,toy_play
performative,0,challenge
organic,0,vlog
organic,0,milestone
organic,0,travel
performative,0,storytime
organic,0,vlog
performative,0,other
organic,0,vlog
performative,0,roleplay
performative,0,roleplay
performative,0,tutorial
organically,0,vlog
performative,0,challenge
organically,0,vlog
performative,0,toy_play
organically,0,storytime
performative,0,toy_play
performative,0,challenge
performative,0,toy_play
performative,0,toy_play
performative,0,roleplay
performative,0,toy_play
performative,0,toy_play
performative,0,storytime
performative,0,challenge
performative,0,challenge
performative,0,game
performative,0,toy_play
organically,0,vlog
performative,0,toy_play
performative,0,milestone
performative,0,roleplay
organically,0,travel
organically,0,storytime
performative,0,roleplay
performative,0,toy_play
performative,0,toy_play
performative,0,storytime
performative,0,challenge
performative,0,roleplay
organic,0,tutorial
organically,0,vlog
organically,0,vlog
performative,0,tutorial
organically,0,storytime
performative,0,game
performative,0,challenge
performative,0,toy_play
performative,0,toy_play
performative,0,toy_play
performative,0,roleplay
performative,0,tutorial
performative,0,milestone
performative,0,roleplay
performative,0,roleplay
performative,0,roleplay
performative,0,roleplay
organic,0,vlog
performative,0,roleplay
performative,0,storytime
organic,0,vlog
organic,0,vlog
performative,0,toy_play
performative,0,challenge
performative,0,toy_play
organic,0,vlog
organic,0,vlog
performative,0,unboxing
performative,0,roleplay
performative,0,roleplay
ambiguous,0,roleplay
performative,0,game
performative,0,toy_play
performative,0,game
performative,0,roleplay
performative,0,reaction
organic,0,vlog
performative,0,game
performative,0,roleplay
performative,0,toy_play
performative,0,challenge
performative,0,toy_play
organic,0,vlog
performative,0,toy_play
performative,0,toy_play
ambiguous,0,reaction
performative,0,storytime
ambiguous,0,storytime
organic,0,vlog
performative,0,challenge
organic,0,vlog
ambiguous,0,storytime
performative,0,roleplay
performative,0,game
performative,0,roleplay
organic,0,vlog
performative,0,challenge
performative,0,toy_play
performative,0,roleplay
performative,0,storytime
performative,0,roleplay
performative,0,storytime
performative,0,roleplay
performative,0,challenge
performative,0,toy_play
organic,0,storytime
performative,0,challenge
organic,0,vlog
organic,0,vlog
performative,0,roleplay
organic,0,storytime
organic,0,vlog
organic,0,milestone
performative,0,storytime
performative,0,storytime
performative,0,music_dance
organic,0,milestone
performative,0,roleplay
performative,0,roleplay
performative,0,roleplay
organic,0,vlog
performative,0,storytime
organic,0,storytime
organic,0,vlog
performative,0,toy_play
organic,0,vlog
performative,0,roleplay
performative,0,toy_play
organic,1,other
performative,0,challenge
performative,0,roleplay
organic,0,vlog
performative,0,prank
performative,0,challenge
organic,0,vlog
performative,0,roleplay
organic,0,storytime
performative,0,toy_play
organic,0,storytime
performative,0,storytime
organic,0,storytime
organic,0,vlog
organic,0,storytime
organic,0,education
organic,0,storytime
performative,0,toy_play
performative,0,storytime
performative,0,toy_play
performative,0,toy_play
organic,0,storytime
performative,0,toy_play
performative,0,toy_play
performative,0,toy_play
performative,0,storytime
performative,0,other
performative,0,toy_play
performative,0,roleplay
performative,0,toy_play
organic,0,vlog
performative,0,storytime
organic,0,toy_play
organic,0,vlog
performative,0,roleplay
performative,0,craft
organic,0,toy_play
performative,0,roleplay
organic,0,vlog
performative,0,roleplay
organic,0,vlog
performative,0,toy_play
performative,1,challenge
organic,0,vlog
organic,0,storytime
organic,0,educational
organic,0,vlog
organic,0,vlog
organic,0,vlog
performative,0,roleplay
organic,0,vlog
organic,0,storytime
performative,0,roleplay
performative,0,craft
organic,0,vlog
performative,0,roleplay
organic,0,vlog
performative,0,roleplay
performative,0,roleplay
performative,0,roleplay
performative,0,toy_play
performative,0,roleplay
organic,0,storytime
organic,0,compilation
organic,0,vlog
performative,0,music_dance
organic,0,travel
performative,0,roleplay
performative,0,toy_play
organic,0,vlog
organic,0,vlog
performative,0,roleplay
organic,0,vlog
organict,0,party
performative,0,game
performative,0,music_dance
performative,0,toy_play
performative,0,unboxing
organic,0,vlog
organic,0,storytime
performative,0,milestone
organic,0,roleplay
performative,0,challenge
organic,0,storytime
performative,0,roleplay
performative,0,roleplay
organic,0,vlog
performative,0,unboxing
organic,0,vlog
organic,0,storytime
performative,0,game
organic,0,vlog
performative,0,roleplay
organic,0,music_dance
organic,0,storytime
performative,0,roleplay
organic,0,storytime
organic,0,vlog
organic,0,storytime
organic,0,storytime
performative,0,roleplay
performative,0,roleplay
performative,0,game
performative,0,toy_play
organic,0,storytime
organic,0,vlog
performative,0,toy_play
organic,0,roleplay
performative,0,unboxing
organic,0,milestone
performative,0,music_dance
performative,0,toy_play
performative,0,roleplay
performative,0,music_dance
performative,1,storytime
performative,0,roleplay
organic,0,storytime
organic,0,storytime
organic,0,storytime
organic,0,vlog
performative,0,game
organic,0,vlog
performative,0,toy_play
organic,0,vlog
performative,0,roleplay
performative,0,milestone
organic,0,storytime
organic,0,vlog
organic,0,vlog
performative,0,toy_play
performative,0,game
organic,0,vlog
performative,0,toy_play
performative,0,roleplay
performative,0,toy_play
organic,0,storytime
organic,0,vlog
performative,0,game
performative,0,toy_play
performative,0,toy_play
performative,0,toy_play
performative,0,toy_play
performative,0,toy_play
organic,0,vlog
performative,0,roleplay
performative,0,toy_play
performative,0,roleplay
performative,0,roleplay
performative,0,roleplay
performative,0,toy_play
performative,0,toy_play
performative,0,storytime
ambiguous,0,roleplay
performative,0,roleplay
ambiguous,0,roleplay
organic,0,vlog
performative,0,toy_play
performative,0,toy_play
organic,0,vlog
organic,0,vlog
performative,0,roleplay
organic,0,vlog
performative,0,roleplay
organic,0,vlog
performative,0,toy_play
organic,0,storytime
performative,0,roleplay
performative,0,roleplay
organic,0,storytime
organic,0,vlog
performative,0,toy_play
organic,0,vlog
organic,0,vlog
performative,0,toy_play
performative,0,toy_play
performative,0,roleplay
organic,0,vlog
organic,0,vlog
performative,0,roleplay
organic,0,vlog
performative,0,roleplay
organic,0,vlog
performative,0,roleplay
performative,0,game
performative,0,roleplay
organic,0,vlog
performative,0,game
organic,0,vlog
organic,0,vlog
organic,0,storytime
organic,0,toy_play
organic,0,toy_play
performative,0,game
performative,0,toy_play
organic,0,vlog
organic,0,vlog
organic,0,toy_play
performative,0,roleplay
performative,0,tutorial
organic,0,storytime
performative,0,tutorial
performative,0,roleplay
organic,0,toy_play
performative,0,game
performative,0,music_dance
performative,0,game
organic,0,storytime
performative,0,storytime
organic,0,game
organic,0,vlog
organic,0,toy_play
organic,0,toy_play
organic,0,vlog
organic,0,vlog
organic,0,vlog
organic,0,vlog
performative,0,roleplay
performative,0,music_dance
organic,0,toy_play
organic,0,vlog
organic,0,vlog
performative,0,tutorial
performative,0,storytime
performative,0,music_dance
organic,0,vlog
performative,0,tutorial
organic,0,vlog
organic,0,vlog
organic,0,vlog
performative,0,toy_play
performative,0,toy_play
organic,0,vlog
organic,0,vlog
performative,0,toy_play
