video_id,num_faces,num_smiles,smile_ratio,saturation,brightness,color_std,red_ratio,yellow_ratio,edge_density,face_area_ratio
kO5pNNTh9IU,2,0,0.0,96.3,164.7,75.0,0.2587,0.0139,0.0692,0.1127
N1PXjVdmMs4,3,0,0.0,116.7,170.7,72.2,0.115,0.0207,0.0503,0.0665
JpImU1yoRYE,6,1,0.167,81.7,191.4,69.9,0.0426,0.0345,0.052,0.2325
K15nbVwNRBU,3,1,0.333,78.1,214.4,70.3,0.017,0.0512,0.0673,0.0599
CstJBEVmloY,6,0,0.0,73.4,221.9,68.0,0.0411,0.0282,0.0638,0.095
dXjVIEATKJI,1,0,0.0,54.7,154.9,71.4,0.0447,0.0123,0.0493,0.1174
83y6_Hmqw9Q,3,0,0.0,38.9,152.9,74.2,0.0098,0.0972,0.0474,0.0166
eP1OgYumpIo,3,0,0.0,52.6,168.8,64.6,0.0603,0.0416,0.0643,0.0284
liUHF6Xzlts,5,0,0.0,76.3,155.5,81.6,0.2376,0.0038,0.0518,0.2151
yLc79OiiFBA,0,0,0,72.5,143.2,76.4,0.1104,0.0039,0.037,0
V27h4Xlsx7k,2,0,0.0,55.9,121.5,69.3,0.0537,0.0243,0.1022,0.0179
s3-3mqD1rvc,2,0,0.0,79.9,140.2,64.8,0.0713,0.0091,0.0412,0.0223
m8MzthLCT7M,3,2,0.667,77.1,176.9,64.6,0.2441,0.0003,0.0305,0.4453
LDqJC-c4jHg,2,2,1.0,82.1,143.1,75.4,0.26,0.0602,0.0265,0.1574
bsmpNhttYqU,1,0,0.0,43.8,151.8,71.1,0.0367,0.0035,0.0187,0.008
JkSvARVUSjc,1,0,0.0,37.3,141.7,72.9,0.0271,0.0077,0.0195,0.1736
KU6fT8BibqY,3,0,0.0,42.4,108.8,79.1,0.0318,0.0013,0.0214,0.1321
AxOs2wubcLA,4,1,0.25,64.5,153.4,73.0,0.0263,0.0197,0.0299,0.1162
P2FtCX1Jyp8,2,0,0.0,133.8,132.3,81.8,0.041,0.1266,0.0815,0.0076
tM-1l0uYNtA,1,0,0.0,41.8,179.4,53.5,0.0253,0.034,0.1934,0.0154
t-nQKe3a2wM,1,0,0.0,78.1,87.6,83.4,0.0691,0.103,0.0375,0.0951
WLyYKildEes,1,1,1.0,81.1,195.4,82.8,0.2738,0.0598,0.0745,0.2063
ejoCdVAJgJk,4,1,0.25,77.4,166.8,71.3,0.1684,0.0309,0.0687,0.1486
iBn5M3mJPLg,1,0,0.0,87.2,127.5,84.0,0.0643,0.1393,0.0786,0.0723
NpbAvA3_t1I,2,0,0.0,101.0,129.8,73.6,0.0725,0.0183,0.0742,0.0549
K5-lDyY3Yfc,2,0,0.0,108.8,143.1,86.9,0.0188,0.0233,0.0951,0.0182
GnXhRjVFn1I,3,0,0.0,80.2,158.7,85.2,0.031,0.0008,0.0384,0.0334
1OFev2REyfM,3,0,0.0,56.4,120.9,85.9,0.0566,0.029,0.0962,0.0431
SaWRKSpMurY,2,0,0.0,140.6,125.5,67.8,0.2417,0.0304,0.076,0.1989
F8rhHf-Q23c,5,0,0.0,169.7,162.2,76.8,0.0374,0.0505,0.0785,0.0174
Dr1-Jhr22jc,6,1,0.167,78.3,158.2,74.4,0.1185,0.009,0.0956,0.078
Ld4VQrUYd08,4,1,0.25,82.6,192.8,75.4,0.1858,0.0378,0.0673,0.1225
HoUwwfPACF4,2,0,0.0,152.0,182.6,87.6,0.276,0.047,0.0757,0.0174
nnSJVMSicaQ,3,3,1.0,177.8,226.3,82.4,0.0329,0.3573,0.0712,0.1673
m1WrpXybEWM,1,0,0.0,157.9,210.4,79.5,0.2422,0.2187,0.1508,0.1247
PtX-N1_Eaj0,3,0,0.0,229.7,205.1,96.0,0.1269,0.2236,0.0513,0.0586
0Fm8pxLA9eI,4,1,0.25,67.4,226.3,71.7,0.1264,0.0424,0.0563,0.1408
sIonITRkiYs,4,0,0.0,188.2,207.1,91.8,0.1712,0.0478,0.0788,0.057
axHot1FvcYc,1,0,0.0,5.5,201.8,99.8,0.0048,0.0185,0.0201,0.0452
75VHfV3Y8Bk,0,0,0,93.3,170.2,84.5,0.0081,0.0965,0.0393,0
8LWobFWuGbc,0,0,0,77.0,147.9,88.8,0.0151,0.002,0.0437,0
OUOmMSw-Fag,1,0,0.0,90.9,221.5,72.6,0.0901,0.0001,0.0479,0.0231
Yppgtexgnrc,1,1,1.0,129.2,199.0,86.9,0.1342,0.0211,0.0587,0.0516
evx4oumzoFo,4,1,0.25,197.3,187.4,85.6,0.2537,0.0325,0.0801,0.0898
N22gmDhQ7LE,5,1,0.2,117.5,197.3,67.6,0.1002,0.0858,0.0943,0.1301
xEqDOXymjZ4,3,1,0.333,110.3,192.9,55.7,0.1049,0.0,0.0425,0.1191
XYZP0DtUSXA,2,0,0.0,134.9,180.1,72.9,0.0549,0.091,0.079,0.057
G-NGMWly-E4,2,0,0.0,24.3,139.1,73.7,0.0935,0.0009,0.038,0.0365
ytwgADBqOdc,2,0,0.0,78.5,155.4,72.8,0.1213,0.03,0.0892,0.0888
z0539CmZXpU,1,0,0.0,88.7,180.7,71.7,0.0694,0.1997,0.0839,0.0094
-6T4DlnPuV4,4,0,0.0,73.6,150.8,79.1,0.1321,0.0186,0.128,0.0978
lf5AzUTD44A,3,0,0.0,125.7,184.4,86.6,0.0074,0.1877,0.0899,0.0204
fSKbLGc0J_Y,5,0,0.0,62.4,118.0,70.8,0.1593,0.0018,0.0349,0.0776
ifF5lUCbFd4,1,1,1.0,64.0,170.8,70.0,0.0203,0.0209,0.173,0.0178
r9IBQ-Th6s4,3,1,0.333,60.5,133.3,61.3,0.1167,0.0159,0.0547,0.1298
E6-_H7jqBYs,5,0,0.0,89.6,131.8,71.1,0.0707,0.0016,0.0667,0.0426
iTooRBH_Mtw,3,2,0.667,76.1,144.7,90.3,0.0702,0.0034,0.032,0.1003
wf-RNPt6w-I,1,0,0.0,48.4,154.2,55.0,0.0729,0.0037,0.0467,0.0139
l9pRxmkIwyY,4,2,0.5,88.0,149.8,74.1,0.1601,0.0263,0.0445,0.0809
upA6CaMVhQ8,1,1,1.0,107.9,185.9,85.6,0.1011,0.03,0.0407,0.0535
jzWag9MsAx4,3,0,0.0,49.9,133.3,59.7,0.0054,0.0058,0.0194,0.2493
A3gKtM0bsIw,1,0,0.0,91.6,153.9,72.8,0.231,0.0621,0.0719,0.0131
0KngJfBoN7Q,3,1,0.333,130.1,190.6,95.1,0.2767,0.1225,0.0624,0.1026
_U2DvVpfDSA,1,0,0.0,76.7,198.8,75.5,0.1744,0.0199,0.0656,0.053
GBnDOueMKJ0,3,2,0.667,106.6,175.8,81.3,0.3389,0.0141,0.0576,0.1441
5L_1dEukGeU,1,0,0.0,59.6,178.9,75.7,0.1061,0.0023,0.0534,0.0018
3orYB7_7OTI,2,0,0.0,102.5,169.4,91.6,0.1515,0.1173,0.0723,0.0182
cIwO_6jHPq0,3,2,0.667,74.7,172.4,72.5,0.0508,0.0118,0.0437,0.0992
OFVPbFQ0QWE,8,2,0.25,107.0,135.8,85.8,0.12,0.0029,0.0505,0.2021
HajrYXDEDFc,4,0,0.0,48.3,151.1,87.8,0.0488,0.0178,0.0993,0.0482
hT9YmV6ccwE,7,0,0.0,50.2,215.2,47.5,0.0117,0.0119,0.0355,0.167
SVdFMZnHgEU,2,0,0.0,49.2,139.3,89.1,0.1273,0.0033,0.053,0.0633
fo95Y2hadaw,2,0,0.0,30.2,139.6,63.4,0.0561,0.0011,0.016,0.0929
jovpzWECNIk,0,0,0,42.6,113.3,68.6,0.111,0.0011,0.0352,0
Ksk_K5PgMZM,3,0,0.0,72.7,162.3,67.6,0.1001,0.0547,0.1084,0.0691
l3_sEhYBErw,2,0,0.0,121.7,172.6,82.2,0.1214,0.1103,0.0915,0.0174
gJMyBTkZZdg,3,0,0.0,105.3,167.0,74.9,0.0655,0.0018,0.0886,0.1157
_aKnXtK8F40,2,0,0.0,45.2,88.6,68.4,0.0396,0.0059,0.0436,0.0593
5JoMNyynQqQ,7,0,0.0,54.7,163.9,76.9,0.0663,0.0266,0.1041,0.0783
ZTpZZE--XXU,3,0,0.0,82.1,132.6,72.4,0.08,0.069,0.0526,0.0342
QXY8H9iZrfo,2,0,0.0,65.2,179.2,82.9,0.1168,0.0164,0.0785,0.0253
MbmD5ZJGzGs,1,0,0.0,48.1,202.3,62.3,0.0613,0.0235,0.0472,0.0408
KA3d8pSiQJE,0,0,0,81.5,126.4,92.4,0.0664,0.051,0.1154,0
zhiAa-QB5G8,0,0,0,65.0,98.5,78.5,0.0676,0.0294,0.0839,0
yJ-6k8VZIAQ,2,0,0.0,48.9,197.1,68.0,0.0733,0.0274,0.0502,0.0245
ARlIjH0ij7c,5,0,0.0,86.0,159.2,80.7,0.0561,0.0351,0.0992,0.0364
RsdGGeDWl_Q,4,0,0.0,99.7,140.4,67.7,0.0378,0.0477,0.1184,0.0146
TBYKtkBUHJU,4,0,0.0,69.0,163.7,72.0,0.1109,0.006,0.0539,0.0284
IqQLkftZTT4,0,0,0,96.4,140.1,80.1,0.0616,0.1536,0.032,0
-Ze43SjmR9w,1,0,0.0,48.6,167.6,78.5,0.0274,0.0311,0.0755,0.0104
5Tbri1Nh42Y,1,0,0.0,44.8,124.9,78.9,0.1196,0.0019,0.0248,0.1134
IC87dy1Nj5Q,0,0,0,106.6,163.8,78.3,0.1097,0.1288,0.0705,0
Ij0fI5kCWv8,1,0,0.0,77.9,193.8,70.9,0.1382,0.0727,0.035,0.0392
9zMxb17DMUM,3,0,0.0,52.1,165.5,91.6,0.0524,0.0077,0.0759,0.0738
puxjOc92kG8,1,0,0.0,73.7,133.8,77.3,0.0818,0.0157,0.081,0.0413
9h51ML21wQs,0,0,0,69.3,94.0,74.4,0.1464,0.0039,0.0568,0
PXi9sVgImLI,0,0,0,52.5,73.1,76.6,0.0053,0.0034,0.0796,0
eFJtAfo05DA,5,0,0.0,56.9,159.2,80.2,0.0573,0.0651,0.1135,0.0152
2wmJOZNzeDE,2,1,0.5,95.0,117.6,85.0,0.1587,0.0018,0.0368,0.0956
myBCVyhq-6Y,2,0,0.0,42.8,106.7,82.6,0.0652,0.0198,0.0587,0.0226
QFjDUpMQPRM,0,0,0,57.5,180.5,80.6,0.1256,0.0143,0.073,0
f7InPXfPsV8,4,0,0.0,143.2,158.2,78.3,0.2364,0.0829,0.1222,0.0693
H9RcqVHvjxM,1,0,0.0,79.5,156.4,91.4,0.0735,0.0737,0.1125,0.1077
7sSjdJGiApQ,2,0,0.0,115.6,158.8,61.8,0.1744,0.0155,0.0387,0.1108
Z4ljzJuLhxQ,2,0,0.0,63.3,183.3,64.8,0.064,0.0292,0.0429,0.032
Hvd8RNd2rwU,4,0,0.0,81.2,159.2,101.9,0.1423,0.0412,0.0487,0.0999
U_9Cw_L5-iU,1,1,1.0,74.0,133.2,58.9,0.1729,0.0345,0.0517,0.0384
4cBocz4j3Ak,3,0,0.0,75.1,205.4,64.0,0.1182,0.0212,0.089,0.1155
DQohzxWg0pU,3,0,0.0,88.6,125.6,63.3,0.1668,0.0801,0.0435,0.1693
Zbot8he4ZCc,0,0,0,38.0,145.1,95.4,0.0584,0.001,0.0695,0
l_mPnIU28uw,4,1,0.25,131.3,175.7,78.4,0.2474,0.021,0.0607,0.1012
bz8Su-pnz38,4,1,0.25,97.9,154.8,89.4,0.0922,0.101,0.053,0.1308
Pj-3zshnyMs,1,1,1.0,80.3,193.2,70.8,0.0652,0.0027,0.045,0.063
zjJaQN2YeCk,3,1,0.333,119.1,189.1,77.2,0.1697,0.1037,0.0277,0.1711
nRbuVaOlUhE,1,0,0.0,45.9,141.8,95.5,0.0816,0.0014,0.0239,0.1024
1gIowbZK3Fg,0,0,0,51.5,133.6,88.5,0.0147,0.0033,0.0642,0
_0nPTofiVDM,2,1,0.5,105.2,178.3,71.2,0.1136,0.0466,0.1099,0.1655
l98sSLPIYlY,3,0,0.0,132.5,195.7,75.5,0.2933,0.1228,0.0478,0.0811
uYncrPomeLw,2,1,0.5,72.6,159.4,84.0,0.146,0.0122,0.0237,0.1241
N3b24Gj3FMQ,2,0,0.0,96.7,170.9,66.7,0.1012,0.096,0.0582,0.0473
-hS-SgbHvGY,3,2,0.667,116.6,193.4,72.3,0.0956,0.0298,0.0647,0.1133
VZTZYD3Dbjc,5,1,0.2,117.2,184.5,74.3,0.3686,0.021,0.0517,0.2709
lQFg2t2e8t0,2,0,0.0,98.6,118.8,84.0,0.0663,0.0203,0.1249,0.1768
DBkcuepQY9I,3,0,0.0,98.1,195.0,59.9,0.1825,0.0976,0.0401,0.0928
rOs-s7nwYYY,3,0,0.0,106.6,174.3,77.7,0.182,0.0297,0.0372,0.0834
H-VGtqrvZ-Q,3,0,0.0,107.3,165.1,63.0,0.2462,0.0129,0.0404,0.0306
k4fZV6Q6Iz0,0,0,0,95.0,176.8,67.2,0.0525,0.0298,0.0676,0
8ni8kdhGTc0,3,1,0.333,145.2,179.8,69.8,0.1436,0.0093,0.0783,0.0861
GgPcIEwcCvI,3,1,0.333,108.5,185.6,79.0,0.2463,0.0302,0.0388,0.1099
TWceX5zCb8k,2,1,0.5,86.0,203.4,54.9,0.0606,0.0236,0.05,0.064
hxdSiqwlgKQ,1,1,1.0,124.9,167.2,69.1,0.3258,0.0437,0.0233,0.1988
6J1PbYwqjJA,2,1,0.5,96.9,162.4,67.1,0.2047,0.0462,0.0375,0.1545
y9jocq0f_HQ,2,0,0.0,144.0,161.0,70.7,0.2718,0.1448,0.0666,0.0621
PtB_A_MuYws,3,1,0.333,102.1,165.1,60.8,0.201,0.095,0.0592,0.1613
C9FbCrLaQnI,5,0,0.0,151.7,150.7,78.0,0.0779,0.0358,0.0815,0.0488
C2zXgfOKlR4,3,0,0.0,81.1,174.9,69.1,0.1339,0.0647,0.0491,0.0179
8QozCBdMsto,3,0,0.0,80.3,166.5,67.7,0.179,0.0214,0.0842,0.0961
OZQHb8T2LQs,0,0,0,134.6,99.1,70.5,0.2256,0.1291,0.1309,0
y7JdT0iOBZg,1,1,1.0,132.8,189.3,76.6,0.4935,0.0376,0.0255,0.0559
NF4M6hEhdFg,2,0,0.0,106.6,147.2,81.0,0.1571,0.0285,0.0762,0.0453
uZvETpj28r0,4,0,0.0,112.6,182.7,74.8,0.1,0.028,0.1041,0.0236
APFj4AYLNG8,2,1,0.5,106.2,176.4,66.5,0.2447,0.0717,0.0428,0.1553
fwzWmokfj6k,3,1,0.333,108.2,156.4,78.1,0.1729,0.0878,0.0608,0.1816
jfpZQyinCBo,0,0,0,85.9,173.4,95.0,0.2495,0.0369,0.0355,0
DLemOYEv7uQ,6,1,0.167,104.3,171.7,66.1,0.1812,0.0434,0.0505,0.1389
W31mqT-3kns,2,0,0.0,89.4,172.0,69.0,0.2144,0.0061,0.0446,0.077
MtPm1Q-oQxk,1,0,0.0,103.1,149.9,69.3,0.163,0.043,0.0484,0.0564
vv-DZJYhluo,2,0,0.0,80.8,177.4,62.7,0.1481,0.0239,0.0369,0.1262
-yzgMPG5IQw,4,0,0.0,120.8,199.7,60.3,0.0685,0.0348,0.0362,0.149
exJnP4DJaho,2,0,0.0,81.3,196.7,57.2,0.0888,0.036,0.0357,0.1921
9Q1-CBB3hrE,1,0,0.0,83.7,131.5,89.6,0.1739,0.0604,0.0307,0.0034
8LDYWm7u8LU,1,0,0.0,83.7,136.0,77.8,0.0963,0.0039,0.08,0.0178
3idRcGP9dDk,4,1,0.25,116.3,166.8,75.4,0.2669,0.0459,0.0452,0.1209
kZay_dYns9s,2,1,0.5,101.9,150.2,58.7,0.3778,0.0061,0.0353,0.099
zaH6iBAuCcY,2,0,0.0,89.5,181.6,75.3,0.2515,0.0273,0.0317,0.084
Q5Go6PKaNNM,1,0,0.0,107.0,146.3,97.4,0.1926,0.1743,0.0099,0.1337
NiCA3cbzrZY,2,2,1.0,125.2,122.4,77.5,0.2898,0.0188,0.0891,0.1135
kvYyScvfItc,4,1,0.25,144.3,144.3,69.4,0.2412,0.1471,0.0437,0.1027
5jdPnc3Zxio,2,1,0.5,119.6,187.2,75.4,0.0996,0.002,0.0275,0.05
-LRalOV71F0,1,0,0.0,59.1,192.2,68.7,0.0713,0.0,0.0287,0.0046
m-qxbgM4mkQ,3,1,0.333,81.8,204.8,69.2,0.128,0.0013,0.0462,0.2352
bXOsZI68mM8,2,1,0.5,63.1,199.3,84.5,0.1271,0.0028,0.0919,0.0591
44zazs8jReY,1,1,1.0,53.6,193.0,79.2,0.0118,0.013,0.0236,0.0317
gECN-BVLAgA,1,1,1.0,46.4,221.2,61.9,0.0262,0.0554,0.0207,0.1997
ZGEZGn9Cm-A,3,1,0.333,84.9,195.4,63.8,0.1096,0.0117,0.0355,0.179
k9cYM5MjmR8,5,1,0.2,79.6,214.3,68.1,0.0538,0.052,0.1004,0.1015
uAvOlS2v9lU,1,1,1.0,97.9,139.5,77.5,0.0649,0.0089,0.0352,0.1608
4YCoxnsB-DI,8,1,0.125,95.1,196.8,78.3,0.2012,0.0512,0.063,0.1846
fAg-5gzgM60,1,1,1.0,137.2,113.5,70.4,0.2501,0.124,0.0278,0.2082
R5fHlscMprQ,2,2,1.0,51.9,174.4,73.3,0.0959,0.0,0.0183,0.2812
dIs2oSWVz6E,3,0,0.0,92.2,160.3,79.3,0.1752,0.0023,0.0697,0.0496
C4_V8r7NGsU,6,0,0.0,93.4,162.5,83.3,0.1729,0.0218,0.135,0.1391
--2RsDMl8yE,3,2,0.667,64.3,180.7,67.9,0.0121,0.0004,0.055,0.3164
_GyWoV485GA,8,1,0.125,60.8,207.2,66.7,0.0922,0.0621,0.06,0.1182
V7BbjRytLVw,2,1,0.5,42.6,218.9,56.6,0.1332,0.0,0.0345,0.1181
QKNATpM6L88,2,1,0.5,52.7,203.1,60.6,0.054,0.006,0.0416,0.2316
2ZTbrhcOG-s,1,1,1.0,39.5,178.5,61.9,0.0718,0.0001,0.0094,0.2276
HpPrH-IFJjo,2,0,0.0,100.8,198.8,67.0,0.1618,0.1199,0.0371,0.0739
uR1BkV_6w1k,1,1,1.0,83.1,176.5,58.3,0.3512,0.0014,0.007,0.2945
9YN0-g-XagA,1,0,0.0,146.8,187.2,82.6,0.3015,0.1896,0.1124,0.0474
wBubUl7qyuM,0,0,0,91.4,189.2,63.6,0.2177,0.0003,0.0052,0
AWjuSvlzAx8,4,1,0.25,74.1,198.5,72.6,0.1409,0.0006,0.044,0.2813
jnX3GR0UGBc,3,1,0.333,58.1,178.0,67.3,0.0267,0.0976,0.0394,0.1294
VDeSaMf3ijI,1,1,1.0,30.8,164.8,71.5,0.0272,0.0048,0.0115,0.1043
D8PjXRLIus8,4,0,0.0,124.2,181.7,96.7,0.3603,0.0004,0.1224,0.0457
46KhG49HKD4,2,1,0.5,35.1,151.5,63.5,0.0135,0.0018,0.0488,0.3432
dAkI1n0Qt2o,0,0,0,50.8,182.3,41.6,0.0208,0.0343,0.0115,0
ClNXWeLuptg,7,0,0.0,132.0,218.2,85.0,0.2133,0.065,0.0907,0.2164
MQk4ANAADUU,3,1,0.333,69.8,189.1,81.0,0.0791,0.0087,0.0892,0.055
g7mzGOfdVLQ,0,0,0,53.1,90.7,70.5,0.0262,0.0097,0.0442,0
IZa6OwLeeKk,4,1,0.25,75.8,177.8,88.4,0.253,0.0041,0.0493,0.1122
vhVRo3RsEJw,2,0,0.0,47.0,199.5,64.0,0.0139,0.0079,0.0199,0.2377
7ERr38CK-9w,4,1,0.25,83.0,174.7,72.5,0.0859,0.0304,0.0326,0.2743
OPZrTetean8,0,0,0,147.7,128.9,74.8,0.0721,0.3842,0.055,0
9J4AvFQwf3w,3,0,0.0,171.1,130.8,84.8,0.1972,0.1493,0.07,0.2169
O6VON2LNNik,0,0,0,150.8,118.1,76.7,0.1282,0.3037,0.0281,0
CMQ9ecDNa4o,2,1,0.5,83.5,179.0,69.6,0.1857,0.0253,0.0282,0.0686
FlnYEd52S4w,7,3,0.429,79.4,209.7,66.3,0.0728,0.0221,0.0708,0.1791
yALEZTPa63A,1,1,1.0,119.0,192.2,79.6,0.1234,0.1504,0.0997,0.1009
JEnUROlAR5Y,3,1,0.333,82.0,164.9,56.9,0.0535,0.0032,0.0277,0.0806
cAgToLiPZrg,1,1,1.0,120.2,109.5,65.7,0.176,0.0722,0.0814,0.2139
-uTPGWzO5dk,11,0,0.0,158.8,205.4,87.8,0.3021,0.0426,0.0803,0.1154
EOLwn7_FcAg,3,0,0.0,65.1,186.5,78.5,0.0815,0.0143,0.086,0.0554
Rbr5O__uzJM,4,0,0.0,68.1,153.5,95.6,0.044,0.0278,0.0912,0.1109
rBA7E-X3Sfc,4,2,0.5,127.4,150.4,87.5,0.3535,0.158,0.019,0.2947
m4X55jZgSNo,3,0,0.0,108.7,196.1,72.5,0.152,0.0931,0.1107,0.1424
RMvy5OHC7VM,6,1,0.167,53.7,190.9,69.2,0.0769,0.025,0.0829,0.1546
mKz93IPhdo8,9,1,0.111,109.5,157.8,80.5,0.1766,0.0699,0.1487,0.1036
Zo3q9S1bRqg,2,1,0.5,105.3,147.8,87.8,0.1763,0.0492,0.1264,0.2114
YBbgO2jR9EM,3,0,0.0,46.4,178.8,65.9,0.0058,0.0022,0.0153,0.1487
v6EufXWaZwc,1,0,0.0,116.3,176.8,69.1,0.0039,0.0399,0.0944,0.009
TByljkqDFnc,3,1,0.333,73.3,154.7,72.4,0.1044,0.0287,0.0753,0.1107
p7uCni_gplQ,1,0,0.0,86.9,171.8,86.8,0.2271,0.0028,0.0578,0.0815
2n3m9CnzYIE,4,1,0.25,83.6,145.1,70.1,0.0554,0.0658,0.0402,0.1338
1sZE5qyiADI,3,1,0.333,86.5,203.3,82.6,0.1386,0.0391,0.0733,0.074
r6pMuptW2NM,0,0,0,88.8,159.5,75.5,0.0026,0.2691,0.0291,0
wP0Qdb0RdQk,1,1,1.0,50.4,149.8,43.9,0.0299,0.0001,0.0962,0.0768
9Bt2vgj-x2w,4,0,0.0,148.2,162.3,75.1,0.1763,0.3029,0.1051,0.0258
_30qOKlwZbA,2,0,0.0,73.4,139.0,69.2,0.0547,0.1449,0.0735,0.05
MbfZ3DFbqDU,2,1,0.5,73.5,112.7,83.4,0.151,0.0266,0.098,0.1079
e8uDjt6TDwA,0,0,0,45.5,76.4,76.1,0.0239,0.0087,0.0296,0
ZUYRjlxC6-8,4,2,0.5,52.9,189.5,58.1,0.0337,0.0029,0.0671,0.392
cbb7ewKomig,1,0,0.0,125.0,163.8,74.5,0.0742,0.0398,0.0733,0.0092
XjZv_kzQ_H0,3,1,0.333,73.4,156.4,70.8,0.0961,0.0017,0.0552,0.1436
2Zkq8pLg0lA,3,0,0.0,41.9,149.9,57.8,0.0468,0.01,0.031,0.1392
viR_0wlYWe0,2,1,0.5,138.5,132.2,69.2,0.0479,0.2168,0.0219,0.0821
KPu1nGJqEQA,2,0,0.0,91.7,151.9,70.0,0.2054,0.1294,0.0251,0.0217
hVP1rWcJlco,0,0,0,49.6,133.5,82.8,0.0314,0.0245,0.093,0
7UQIGW6iltY,0,0,0,81.5,182.4,81.8,0.2495,0.0311,0.0638,0
eWjRmHvhihg,0,0,0,38.1,150.0,82.0,0.0762,0.0054,0.1038,0
pniYvnvmdiY,8,0,0.0,75.3,67.3,51.1,0.1653,0.0565,0.0649,0.0655
2PSTi1pRsq8,0,0,0,155.1,139.9,71.2,0.001,0.114,0.1162,0
-wyneUl95cU,3,0,0.0,126.5,179.7,69.0,0.0815,0.3282,0.0698,0.0191
G1OIePCg1XQ,1,0,0.0,63.8,114.4,74.8,0.1533,0.0118,0.1129,0.0479
4uwLhl3xZoQ,3,0,0.0,103.7,178.9,86.5,0.2384,0.0063,0.0682,0.1314
X-UQRwZI6xU,2,0,0.0,50.8,198.8,69.0,0.0623,0.0,0.1579,0.006
GhMdgMgvpJo,2,0,0.0,103.3,105.7,67.0,0.1728,0.0118,0.0692,0.0948
FGAseF35rr8,1,0,0.0,120.5,150.1,90.7,0.3067,0.2173,0.0209,0.139
i2mcX2NaepQ,1,1,1.0,64.4,115.0,63.6,0.1948,0.0143,0.0195,0.2101
9KBP8ZETpkQ,8,0,0.0,93.5,132.2,57.2,0.023,0.0684,0.1716,0.0637
sGYAJmdJglE,4,0,0.0,60.4,188.2,74.8,0.0514,0.0188,0.1239,0.0576
36r-8ccojbY,3,0,0.0,109.3,149.5,71.9,0.0534,0.0406,0.1628,0.1879
k-7pvtiRGpE,0,0,0,71.8,181.7,78.7,0.0733,0.0023,0.0312,0
pJmrlvXJeHc,4,0,0.0,116.5,120.3,77.4,0.3929,0.0025,0.0064,0.066
DBM1sCIOspA,1,0,0.0,81.1,153.6,82.0,0.1787,0.0145,0.0574,0.0096
V3pqVGUVZ_g,5,0,0.0,65.4,136.2,74.9,0.0171,0.0063,0.0549,0.0266
DmesSbzmoMs,2,0,0.0,103.9,178.0,84.8,0.2267,0.0107,0.085,0.0806
vo4Hp1yRoak,0,0,0,73.3,78.3,60.5,0.1644,0.0114,0.0107,0
4JUXK3YGGmI,1,0,0.0,172.5,164.5,80.0,0.0103,0.1763,0.0989,0.0032
FykDiZB04Zs,0,0,0,95.2,145.5,80.2,0.0538,0.0199,0.1317,0
O4EqFMBndmw,1,0,0.0,33.3,169.5,59.1,0.0009,0.0013,0.0544,0.0037
J44jQ-FswOA,3,2,0.667,86.6,136.8,70.3,0.1787,0.1187,0.0245,0.355
Vd6JyxxpcWs,2,1,0.5,77.0,176.3,65.1,0.1003,0.1117,0.0577,0.2194
AmZ7kCfQ1ok,0,0,0,42.0,137.5,89.1,0.0206,0.0149,0.0822,0
Mau6YPR57_M,0,0,0,92.4,67.5,53.1,0.0344,0.1102,0.0621,0
uA0jE78e-zo,3,0,0.0,78.6,104.1,58.9,0.3247,0.0,0.0124,0.0558
CtRhieRj4Vs,2,1,0.5,43.9,149.6,71.9,0.0127,0.0111,0.0243,0.1189
YY8MNOnE8bg,0,0,0,61.2,123.6,69.9,0.0133,0.0097,0.0632,0
l6-WOb5hyQs,2,1,0.5,107.9,172.3,79.6,0.1369,0.0881,0.086,0.0366
E0BVFjfDm3c,0,0,0,55.3,78.6,75.3,0.0127,0.0028,0.1195,0
k9kBQc9nFew,1,1,1.0,70.9,183.9,84.3,0.0567,0.0009,0.0197,0.1518
vRgQLNqqRiM,6,0,0.0,52.0,118.9,73.3,0.0014,0.0582,0.0276,0.0821
yXKJVa7ueFs,2,0,0.0,82.6,131.5,72.9,0.036,0.0691,0.1469,0.0175
FYOm8X8s9Qs,1,1,1.0,112.6,122.6,66.1,0.3912,0.1025,0.0262,0.2595
x_8Pyg5ASrw,0,0,0,43.6,173.1,43.2,0.0083,0.0085,0.0236,0
r4UvCKfG5_A,1,0,0.0,164.3,77.7,53.7,0.5898,0.0016,0.0096,0.0559
1SlslrMCbWA,4,0,0.0,64.1,159.9,70.8,0.0891,0.0192,0.0737,0.0622
g8yc6KnQQT4,1,1,1.0,79.5,148.3,77.7,0.0882,0.1177,0.0278,0.3059
8ZcvSpaJq7Y,1,1,1.0,89.3,162.6,64.7,0.1837,0.0455,0.0103,0.1932
YGOVM2mHFdc,0,0,0,107.4,98.5,58.5,0.035,0.0181,0.0202,0
MpsYvXCguSU,0,0,0,57.8,163.1,62.3,0.094,0.0076,0.0353,0
17ILDiFwG28,1,1,1.0,58.1,128.8,80.6,0.0041,0.0174,0.0334,0.1978
4LQriHW4bTw,2,1,0.5,55.2,126.8,66.6,0.0062,0.0005,0.0152,0.1708
3YKx2MvLgXw,1,0,0.0,78.3,163.2,73.9,0.1067,0.0047,0.0264,0.0502
HBRDbrVTZdg,3,1,0.333,52.2,154.0,67.0,0.0725,0.0176,0.0394,0.0667
A-QkKraNM2Q,1,0,0.0,99.0,159.1,89.0,0.3703,0.0014,0.0297,0.01
tcKW9Bb-pTQ,2,1,0.5,76.0,107.8,71.3,0.034,0.0279,0.0127,0.1342
f-llqtsHIsc,1,0,0.0,108.0,135.8,67.7,0.2894,0.0003,0.0191,0.0013
WtRjnWDf1LI,1,0,0.0,120.0,53.3,67.7,0.2989,0.0059,0.0296,0.0046
QNkoiHtS8nU,5,0,0.0,43.2,173.8,64.7,0.0786,0.0162,0.042,0.0264
dL-SbE8ZZ8I,2,1,0.5,58.1,113.4,62.7,0.0568,0.079,0.0301,0.2806
vls0l7DhkF4,2,0,0.0,88.3,202.5,50.6,0.2526,0.0408,0.0276,0.0215
KyZEVrNf0UY,1,0,0.0,209.7,92.4,60.9,0.087,0.5831,0.0079,0.0046
6TsPrCOCnkY,1,0,0.0,54.9,163.1,79.5,0.0456,0.0261,0.0528,0.0044
7HgN6RanSAM,0,0,0,94.1,109.5,74.3,0.0859,0.1042,0.0564,0
6vmWw0NlmK0,1,0,0.0,47.3,134.0,82.4,0.0507,0.072,0.0258,0.0154
60AFYb3Rhyg,1,0,0.0,48.8,139.8,68.9,0.0009,0.0002,0.0152,0.0201
LERBoLHMq04,1,1,1.0,59.9,134.0,76.3,0.0016,0.0296,0.0332,0.054
DxApaesUFxo,3,0,0.0,98.3,141.5,69.1,0.058,0.2099,0.0893,0.0825
ZylCVd0Loxg,1,0,0.0,85.2,76.6,61.5,0.2772,0.0036,0.0684,0.0663
qSwSfUmFp3k,4,0,0.0,83.4,133.3,75.8,0.0053,0.0735,0.158,0.016
HcQsHrRQRtU,3,0,0.0,28.1,88.2,88.9,0.0008,0.0003,0.0352,0.0705
5hx_53fOJrs,2,0,0.0,54.6,134.1,76.6,0.0699,0.0015,0.0348,0.0471
_Q-W0GjlZoA,3,0,0.0,56.9,106.3,58.7,0.0528,0.0155,0.0225,0.0426
B_aa5VokVXA,0,0,0,94.6,80.5,65.1,0.1216,0.0371,0.117,0
pmlvfBBklBw,1,0,0.0,120.5,116.1,66.2,0.6462,0.0,0.0172,0.0088
B7LYcwN9RXE,1,0,0.0,94.2,121.5,81.8,0.2957,0.0203,0.0235,0.0213
O5hptG47iO8,1,1,1.0,127.7,117.7,71.8,0.3269,0.0007,0.0152,0.2531
c5KNAXBhvtc,2,1,0.5,96.0,156.6,79.3,0.2103,0.0869,0.0432,0.3097
RGcs7zVH5U4,1,0,0.0,82.3,110.9,71.2,0.0444,0.1856,0.0936,0.0765
xODCXlojGwc,2,0,0.0,79.7,107.3,72.6,0.1012,0.0278,0.0251,0.0385
LuxFXcvPp2w,0,0,0,100.5,100.6,43.5,0.3389,0.0008,0.012,0
NrxceDr-Oig,0,0,0,52.4,104.2,78.5,0.0267,0.0186,0.1527,0
k21xL8UMKFU,1,0,0.0,79.3,128.0,72.3,0.2326,0.0133,0.0463,0.0056
QgMCO2Z9ISE,4,3,0.75,86.8,126.5,72.5,0.0363,0.1327,0.018,0.525
SyPFepqAycM,1,0,0.0,68.0,128.0,58.8,0.003,0.002,0.0729,0.0181
Nz0BdSwBCNY,2,0,0.0,102.6,128.5,71.4,0.25,0.0,0.0181,0.1236
RyjFIGmgyjg,0,0,0,98.3,99.3,73.1,0.0996,0.2315,0.0254,0
ODMzxpnHB3U,3,0,0.0,77.9,76.8,57.3,0.1273,0.0543,0.0337,0.0297
-nF12qPMaaw,2,0,0.0,185.6,205.9,91.7,0.2384,0.0101,0.0658,0.0891
SkJvBXKdf8o,4,0,0.0,134.0,71.5,50.9,0.4896,0.0047,0.0237,0.2111
Eo_gRBNrW_8,1,0,0.0,89.7,182.8,87.8,0.1153,0.0709,0.0515,0.0052
7upvrvwMduY,3,0,0.0,116.2,110.4,78.6,0.0061,0.0031,0.0978,0.028
-Vi3eP8_yaY,2,0,0.0,103.0,137.7,68.3,0.1747,0.0341,0.1009,0.0085
bED4x7jl8JI,2,1,0.5,109.5,202.3,70.7,0.2259,0.0241,0.0369,0.1051
-cQs6_9xdBQ,1,0,0.0,108.4,224.2,66.0,0.0411,0.0123,0.059,0.0231
G0vdSLAeOYc,2,0,0.0,52.2,79.9,60.3,0.0195,0.0493,0.0207,0.0127
wquIgyUjrZo,2,0,0.0,71.6,97.8,69.4,0.1425,0.0053,0.0771,0.036
9_S6EDJtkdI,4,1,0.25,44.6,165.0,54.1,0.0362,0.0012,0.0189,0.2895
iWkpM_EnAvk,1,0,0.0,103.6,184.2,69.0,0.284,0.0921,0.0244,0.0845
GhdR_mcMFQs,2,0,0.0,94.7,81.0,57.3,0.4033,0.0025,0.0219,0.0234
dcD_VAykrkw,0,0,0,53.5,73.3,56.9,0.0227,0.0036,0.0162,0
uPZtcdaZO_E,3,0,0.0,79.5,187.7,80.0,0.0579,0.002,0.0732,0.0161
ce1SrpT59L0,1,0,0.0,97.6,61.7,59.1,0.0164,0.0303,0.0138,0.0077
B6RLoLRm4uA,3,0,0.0,109.2,192.2,82.1,0.1722,0.0091,0.0402,0.2107
Qo6m8KIy1-c,1,1,1.0,94.8,77.4,55.3,0.3016,0.0134,0.0182,0.0421
9AsCJzMXh3Q,2,0,0.0,76.8,188.6,91.7,0.0878,0.0058,0.0299,0.0659
b0RBWMgazYU,5,2,0.4,85.9,175.2,73.9,0.1058,0.0062,0.0605,0.2384
AXZcCNc7ffk,3,0,0.0,44.4,188.3,51.1,0.0358,0.0279,0.0191,0.0761
cDJ2XYK2LBo,2,0,0.0,60.8,172.8,80.3,0.0195,0.0043,0.0604,0.0411
tfgeyLiY55A,1,0,0.0,91.8,71.1,53.1,0.0819,0.0133,0.0503,0.0053
Jsdoa1DlM7o,3,0,0.0,114.5,171.0,76.2,0.2144,0.0168,0.0486,0.0814
_pBD87M7pg4,2,1,0.5,86.9,184.4,63.7,0.0827,0.057,0.0979,0.0908
xN4WNi3xcGw,0,0,0,120.1,88.7,58.6,0.008,0.3967,0.0534,0
I-kyGxahgho,5,0,0.0,84.4,189.8,74.3,0.2057,0.0059,0.0635,0.0774
xvz0w6ofxBQ,4,0,0.0,67.8,164.4,73.7,0.0675,0.0153,0.0372,0.0702
YEPYuwwcu2A,0,0,0,103.4,61.0,56.0,0.0286,0.0348,0.0193,0
9kFnqF3s6to,2,0,0.0,114.6,46.2,52.4,0.0379,0.0235,0.0218,0.0048
GFnzbfB--dw,2,0,0.0,74.3,121.6,81.2,0.1016,0.0106,0.0305,0.0622
nhxyOm6JkGo,3,0,0.0,75.1,70.5,52.8,0.0627,0.0546,0.0205,0.025
8odoPmaNZUY,2,0,0.0,67.0,66.1,56.0,0.0395,0.0151,0.0221,0.0103
FovXJf83Nj8,2,0,0.0,65.1,165.0,81.0,0.0434,0.0144,0.0508,0.0805
i9QonsVeFxg,1,0,0.0,35.2,77.6,69.7,0.0101,0.0101,0.0208,0.0059
PlJXXDNijpI,4,0,0.0,74.6,140.1,74.1,0.0903,0.015,0.0536,0.0835
LWppaJo2oDg,3,0,0.0,54.9,175.2,71.7,0.0757,0.0046,0.064,0.0249
uqsAtKs03O8,3,0,0.0,91.8,81.0,72.1,0.1225,0.0044,0.0151,0.0177
awgGSL0MfEk,1,0,0.0,133.8,94.6,58.0,0.0606,0.0023,0.0256,0.003
n2Jyfr7mvV0,1,0,0.0,82.7,64.6,48.2,0.1904,0.0118,0.0178,0.0216
6E7nxP3iD4c,4,0,0.0,77.5,195.9,81.1,0.1972,0.0192,0.097,0.088
X6cdhaZdVkE,6,0,0.0,131.0,84.0,46.4,0.4526,0.0791,0.0246,0.0696
7bJR-kjBK0U,0,0,0,55.4,83.1,50.3,0.0367,0.009,0.0152,0
GoE1ZdDi7CE,2,0,0.0,67.0,182.4,89.8,0.1023,0.0137,0.039,0.0689
vCCNymSCacA,2,0,0.0,67.0,75.7,68.7,0.0714,0.0046,0.0235,0.0242
_NKsy8LzzLk,1,0,0.0,129.3,202.4,72.8,0.202,0.0052,0.0504,0.0042
BH440mnes_g,0,0,0,103.2,40.8,35.4,0.0598,0.38,0.0129,0
S3benV-TojY,4,0,0.0,69.6,160.8,72.1,0.0709,0.037,0.0318,0.0792
feRWlvv0Cas,0,0,0,42.5,88.1,66.3,0.0304,0.0102,0.0346,0
_ezmceSGPew,3,0,0.0,118.0,179.0,89.0,0.1779,0.0747,0.0477,0.0163
q1S0g4Tr5-s,1,0,0.0,106.1,98.6,77.8,0.0808,0.1891,0.133,0.059
vab2QOHSukU,0,0,0,56.6,143.4,76.9,0.0528,0.0137,0.0231,0
SJGbxtSBJc0,1,0,0.0,49.3,72.2,61.7,0.0221,0.0748,0.0107,0.0078
ANTD0WdKEDI,2,0,0.0,89.8,147.0,52.2,0.0935,0.0037,0.0062,0.0142
0S0yZhQ6SNY,0,0,0,94.3,125.4,55.3,0.2554,0.0256,0.0091,0
t5e33AyELNA,3,1,0.333,93.9,127.4,66.0,0.1417,0.0549,0.1607,0.1615
nNEH1pWO504,6,0,0.0,91.0,166.3,61.7,0.0706,0.0035,0.054,0.0483
n_Y7ODvSWv4,3,1,0.333,69.4,189.9,74.8,0.176,0.0143,0.0728,0.2867
bHtt1P7ah8k,1,0,0.0,98.5,136.2,61.3,0.1612,0.0704,0.0789,0.004
zU4AbKnLX5g,0,0,0,68.6,169.1,60.9,0.0056,0.0066,0.0528,0
S1xRkInDbk8,1,0,0.0,88.2,147.2,53.6,0.0842,0.0001,0.0179,0.1314
gmKFDy7N80M,3,0,0.0,73.1,166.9,77.2,0.1616,0.01,0.0578,0.0512
n-o8IuzsP5I,1,0,0.0,51.2,155.1,65.0,0.0023,0.0032,0.1142,0.0146
afqWhKDXSWI,2,0,0.0,84.1,170.3,56.5,0.2008,0.0013,0.0418,0.1756
OeMTAKrR1xc,5,0,0.0,91.8,153.5,61.6,0.1527,0.0445,0.079,0.0759
okMwAFpkI3A,3,0,0.0,71.7,154.3,62.2,0.0414,0.023,0.0665,0.0833
fqxA7pXpx8g,2,1,0.5,107.4,166.9,73.7,0.1409,0.1335,0.0509,0.228
TRvbHo6woD4,5,0,0.0,123.6,174.0,81.5,0.2283,0.1415,0.0628,0.2316
HCKEIFN5OCY,0,0,0,68.3,158.6,60.8,0.084,0.0045,0.0265,0
vJ7mszZiKKI,5,1,0.2,65.8,200.6,63.1,0.0443,0.0606,0.0987,0.0345
QxbX0vrh9RA,2,1,0.5,121.1,146.1,67.6,0.2037,0.0768,0.1085,0.2348
8veIc6W-lbk,0,0,0,95.7,153.6,59.7,0.1395,0.0234,0.0077,0
kNNba_Zjne4,0,0,0,120.2,208.1,77.1,0.175,0.0347,0.0769,0
eW-eQK3mzCg,1,1,1.0,89.6,139.0,68.2,0.1553,0.0416,0.045,0.1104
2Bqz8FgZFQk,0,0,0,62.9,180.4,67.1,0.0838,0.0391,0.0525,0
-FuALbShAag,2,1,0.5,138.7,162.2,71.1,0.1378,0.2845,0.0891,0.0606
gih0xq_mNoA,1,1,1.0,79.7,138.6,76.8,0.0579,0.0785,0.0348,0.2377
V3bawn5jXQc,1,0,0.0,115.6,194.6,79.1,0.1237,0.0118,0.0351,0.0034
gYo3SSEjOfw,8,0,0.0,102.5,195.9,78.8,0.1943,0.0806,0.0526,0.2033
53fzCoKOMa0,1,0,0.0,86.5,177.0,64.2,0.0989,0.0526,0.0688,0.1383
8StkE0Dq-UY,8,1,0.125,75.8,147.3,66.9,0.0653,0.0088,0.0561,0.1373
rSPLniKSHcA,1,0,0.0,61.6,165.2,79.9,0.1711,0.0092,0.031,0.0049
rIoMDDmn4tU,0,0,0,50.6,148.6,91.1,0.0959,0.0011,0.0578,0
bhFAt0su118,3,0,0.0,162.7,209.7,88.9,0.0431,0.3564,0.0506,0.0912
4PQ_WMZPLW8,2,1,0.5,95.9,74.3,61.1,0.2105,0.0006,0.0245,0.076
cBV2MSa-kgk,0,0,0,82.6,150.4,42.8,0.2151,0.0182,0.016,0
eAcpzYN6onM,1,0,0.0,106.3,74.6,68.7,0.0164,0.3549,0.0446,0.0038
idkK0AOlwTk,2,0,0.0,81.9,155.0,79.0,0.1316,0.0198,0.0712,0.0494
sIIV8odcmqY,1,0,0.0,93.0,161.3,67.4,0.2819,0.0013,0.0196,0.1754
Dyo6MB06KVc,0,0,0,97.9,187.6,76.5,0.0976,0.2424,0.0544,0
NuMFAiqeYUU,2,0,0.0,183.4,177.2,77.0,0.0135,0.7576,0.0159,0.127
DqcmQDPfaTE,6,0,0.0,138.5,149.5,70.4,0.2227,0.1929,0.1065,0.0715
tThTNeP--QA,1,0,0.0,94.4,144.7,82.9,0.138,0.1056,0.23,0.0088
0PMszwiARBg,5,0,0.0,169.5,153.4,74.8,0.1791,0.3087,0.0634,0.019
iwBRwtqXpdE,1,0,0.0,122.6,173.5,78.1,0.2124,0.0936,0.0913,0.0023
pbYnb1_2yHE,0,0,0,97.0,104.9,41.5,0.0003,0.0002,0.0066,0
ApHCFFMXT48,0,0,0,55.7,183.3,57.7,0.0243,0.0,0.0032,0
KkbtPkVVuPE,0,0,0,47.3,142.8,50.5,0.0322,0.0489,0.0236,0
oTKCma0aHvM,3,0,0.0,57.5,91.7,60.0,0.1047,0.0008,0.0524,0.0381
ATZX16KjxbI,1,0,0.0,59.1,181.6,80.9,0.0061,0.0054,0.0904,0.0869
QW-G28BhjXI,3,0,0.0,50.1,68.7,58.7,0.0698,0.0134,0.0185,0.0156
07Pcgi6xT9E,1,1,1.0,86.3,149.4,69.2,0.1075,0.0296,0.0129,0.1146
AGM22meW2Z0,2,0,0.0,117.8,169.2,88.1,0.0498,0.1327,0.0845,0.2231
ptKIYFgDCfw,3,0,0.0,81.3,129.3,74.3,0.0365,0.0798,0.1728,0.0393
Wk9BwBRwAJk,4,2,0.5,148.3,123.4,73.4,0.174,0.3176,0.0243,0.0939
yQtEJ3hqnv4,0,0,0,48.9,126.0,64.1,0.0668,0.0037,0.1305,0
I1SMMdAooj8,2,1,0.5,116.5,192.1,82.0,0.0452,0.2658,0.0838,0.4285
IA9LkSl-kFk,7,1,0.143,159.1,147.1,86.6,0.0981,0.1664,0.0571,0.1258
XujSr5VVmzY,1,1,1.0,88.8,57.3,60.4,0.3352,0.0768,0.0136,0.0779
qxIPXibZxWQ,6,2,0.333,118.8,154.8,72.5,0.114,0.0408,0.049,0.2391
3jmUiNVOvzo,8,1,0.125,97.2,117.3,68.9,0.2113,0.0179,0.0429,0.2258
EGsAo4tljaM,2,0,0.0,48.7,161.5,58.9,0.0219,0.0068,0.0635,0.0963
yRtg422gHHM,0,0,0,86.7,134.5,89.8,0.185,0.1222,0.1029,0
GM038ihfr3A,3,0,0.0,94.8,59.3,52.6,0.1962,0.0692,0.0255,0.1351
v6K-LgcyEl4,1,0,0.0,100.7,184.5,88.5,0.0003,0.0,0.0216,0.0094
Wb8mu9GT33Y,3,1,0.333,82.0,169.8,82.4,0.1456,0.024,0.0511,0.1394
NdRULNAxuao,2,0,0.0,77.4,160.9,91.6,0.005,0.0267,0.0674,0.0085
43elTNKlVdM,1,1,1.0,87.3,192.8,76.1,0.1284,0.0251,0.0044,0.4798
Zs5Tq3o8I1k,4,0,0.0,63.6,153.2,58.3,0.1606,0.0004,0.0297,0.1121
FzyJQIheCTw,0,0,0,28.3,82.0,61.2,0.0033,0.0056,0.0491,0
rnKzGBwoVV8,2,1,0.5,68.2,140.6,67.2,0.1141,0.0243,0.0151,0.1448
ZzlSkyII3uM,3,1,0.333,143.8,182.4,84.4,0.3016,0.1199,0.0892,0.1445
DbqWY60KjBo,1,0,0.0,80.4,62.2,55.8,0.1208,0.0019,0.0255,0.0037
ILLDClEY5sc,2,1,0.5,54.4,164.3,85.9,0.1082,0.0056,0.0461,0.0823
zAsPFQzA2qo,1,0,0.0,101.7,200.8,84.1,0.0407,0.1629,0.0483,0.0809
rwAxvdQO_Y4,2,1,0.5,93.9,184.4,66.4,0.0991,0.0414,0.057,0.1211
_D2Mr6HIO5c,6,2,0.333,74.6,144.5,68.9,0.0065,0.0099,0.0934,0.2115
bndiXyksmTM,0,0,0,74.7,206.9,59.7,0.0387,0.0048,0.0601,0
YYasabDWA8o,4,0,0.0,165.2,61.9,50.0,0.7724,0.0107,0.0086,0.0195
rxhGiV1--fU,3,0,0.0,155.0,162.4,84.2,0.2883,0.1278,0.0458,0.0282
OgJWT4j4tDo,1,0,0.0,59.9,83.0,68.2,0.1422,0.0057,0.0231,0.0084
2sGxX07P6nE,3,0,0.0,115.8,118.5,74.7,0.2186,0.1739,0.1296,0.1336
abr9-2zOKj4,4,3,0.75,91.6,139.6,79.9,0.2012,0.0242,0.0191,0.4727
wxp6peJKOkY,2,0,0.0,84.6,65.9,57.3,0.1517,0.0097,0.0134,0.0102
1-oZvjKuCOs,1,1,1.0,38.3,168.5,83.8,0.0409,0.0011,0.0215,0.1189
2gPBPPTSW3g,3,2,0.667,83.1,195.4,71.3,0.0805,0.0206,0.0254,0.2263
cDtIJO1vJyk,3,0,0.0,105.5,145.7,77.7,0.0621,0.0417,0.0422,0.0809
h7SgKwu4nww,8,3,0.375,70.4,144.9,75.1,0.1805,0.0028,0.0487,0.2346
pyTaQeOeqps,4,1,0.25,99.8,124.5,67.2,0.0763,0.0021,0.0375,0.1589
Sjnk2JSkmwA,2,1,0.5,127.3,129.9,73.4,0.0756,0.0606,0.0173,0.0897
BhZjIpGvQeE,3,1,0.333,83.7,170.2,73.1,0.1379,0.0694,0.0287,0.0936
-ku6z_yGa68,2,0,0.0,96.9,175.7,58.8,0.0103,0.4052,0.0181,0.0229
FmTEcdjQhSA,6,0,0.0,78.9,160.8,69.8,0.0153,0.1571,0.046,0.1558
gB9Q3rGA280,2,0,0.0,80.1,162.0,77.1,0.0352,0.0252,0.0534,0.0326
QiZZf13KWaY,2,1,0.5,67.7,218.3,65.2,0.1329,0.0303,0.0164,0.0868
m91kF-nk-1U,2,1,0.5,67.0,158.5,73.1,0.0684,0.0929,0.0297,0.1214
0VBdWi_OmcI,1,0,0.0,78.5,53.2,40.7,0.1001,0.0987,0.0128,0.0086
jyjx4TzAtaM,4,0,0.0,110.5,100.1,83.1,0.0161,0.0094,0.0437,0.1202
L462aWPcoW8,3,1,0.333,102.9,126.2,75.6,0.1786,0.0387,0.0214,0.1916
gCEvnhHRCsM,1,1,1.0,78.1,73.0,59.3,0.0018,0.0073,0.0099,0.2276
J0U5RgAcaGw,0,0,0,114.7,115.6,60.2,0.0842,0.0362,0.0338,0
3uCK2C2H8LY,1,0,0.0,82.7,118.3,82.0,0.1631,0.0347,0.0658,0.0181
u3ZkuuUOgtU,4,1,0.25,120.1,139.9,103.0,0.0035,0.0013,0.0767,0.0956
ZdhdSqhbz_k,1,0,0.0,133.1,112.0,75.7,0.1135,0.179,0.0594,0.0292
X1cmBizrYcg,3,0,0.0,66.5,119.1,47.5,0.0358,0.067,0.0595,0.0653
E1P72dZOoe4,1,1,1.0,118.6,82.2,68.8,0.2114,0.0453,0.0234,0.0894
Iuehrts17Fk,0,0,0,121.0,96.5,70.9,0.2629,0.0656,0.0243,0
LS6m2w640ug,0,0,0,169.1,122.7,67.4,0.1051,0.0509,0.0152,0
pFL0kdVyoyA,4,0,0.0,138.2,149.3,70.0,0.1874,0.0065,0.0291,0.0503
GFyNT2P4h1g,4,0,0.0,138.9,99.7,79.0,0.1402,0.1077,0.0172,0.1571
BFD-Kj_4faM,2,0,0.0,161.0,130.1,71.4,0.1409,0.0614,0.0425,0.0912
0Y3eatSeaek,1,1,1.0,180.5,217.3,100.7,0.0401,0.2489,0.0555,0.063
3qEVNfhNgVI,1,0,0.0,86.9,100.8,79.0,0.1733,0.0727,0.0589,0.03
-f2C1UJOxSY,2,0,0.0,151.5,151.6,74.9,0.1352,0.0239,0.0604,0.007
sm4cSJuZqds,0,0,0,100.4,129.7,74.8,0.0918,0.0818,0.0383,0
mFHJ1kE58iU,1,1,1.0,117.0,154.0,80.9,0.118,0.014,0.0286,0.0833
5RzAncsQt5o,0,0,0,109.3,145.7,81.1,0.1586,0.0554,0.0456,0
uvoYsDzW2b8,0,0,0,126.2,132.3,87.8,0.3486,0.0435,0.016,0
i6UjkcN2JRo,0,0,0,162.7,88.2,61.5,0.0441,0.0002,0.0319,0
vVQhdSbStGI,1,1,1.0,132.2,150.5,78.0,0.2275,0.248,0.0409,0.1269
EXOyCHnXaMI,1,0,0.0,132.5,193.0,74.5,0.0547,0.2272,0.0264,0.1063
VP_ksmR0n0k,0,0,0,137.2,89.0,57.6,0.4835,0.0114,0.0202,0
M-yCdaaFgDw,0,0,0,131.6,167.2,67.1,0.2768,0.0207,0.0376,0
si7jzIBIC6M,1,0,0.0,175.4,171.3,82.8,0.1053,0.1625,0.0449,0.0068
aIjpNInf0vo,0,0,0,52.8,156.7,63.0,0.0481,0.0325,0.0275,0
anxCjL7NeOk,1,0,0.0,104.9,177.9,88.6,0.1656,0.1241,0.0552,0.0635
gLQaVrk2Bok,2,0,0.0,123.9,106.5,68.0,0.0063,0.1643,0.0431,0.117
yFJX3de_sxE,1,0,0.0,78.0,151.8,76.4,0.0222,0.1165,0.0635,0.005
n2LFHj4ZWvo,1,0,0.0,113.5,122.3,72.9,0.2435,0.0038,0.0495,0.1196
0ICj5omjS_Y,3,0,0.0,91.7,146.1,65.5,0.1,0.0002,0.0297,0.0163
tyfKi1Qp5Yg,0,0,0,141.8,135.2,70.1,0.3631,0.0655,0.0822,0
XoX3zCpCKpM,0,0,0,133.2,187.0,85.0,0.2949,0.0251,0.0504,0
C6lk8v5OqHw,2,1,0.5,121.0,155.0,76.6,0.0912,0.0095,0.0417,0.0765
duAsmW7Zr2A,0,0,0,134.1,151.2,81.5,0.064,0.0213,0.0679,0
-KTalhr7lUk,1,1,1.0,79.7,190.6,87.6,0.2278,0.0798,0.0251,0.0734
zZ8ODlg1M-I,1,1,1.0,147.5,185.2,65.4,0.6333,0.0025,0.0244,0.0599
whSA15g0WWY,2,0,0.0,150.8,96.1,70.6,0.1343,0.0244,0.0354,0.0168
k0AwhMHVQFQ,0,0,0,179.9,180.7,91.7,0.1633,0.1694,0.0606,0
mC747F4aQZk,1,0,0.0,126.0,99.5,73.3,0.037,0.1331,0.0384,0.0034
vqmDPyC-8Do,0,0,0,131.6,98.6,59.7,0.2379,0.0214,0.0396,0
30jaU1yeoVY,2,0,0.0,90.6,170.5,76.4,0.2304,0.0189,0.0322,0.0866
v2UcVdmuW0g,1,0,0.0,107.4,95.3,60.9,0.2544,0.0442,0.0141,0.0384
UZuHoi6sVNA,0,0,0,90.2,186.8,85.1,0.1823,0.0976,0.0293,0
76lIYY9IHvE,3,0,0.0,77.0,168.5,72.4,0.011,0.0035,0.045,0.029
xODkHjqxnvQ,2,0,0.0,85.1,91.0,57.1,0.0334,0.0016,0.0638,0.0264
OqUply4mzEo,1,0,0.0,103.8,195.6,67.8,0.066,0.0305,0.0348,0.0039
gaFmfOn1bhE,0,0,0,104.5,82.0,67.7,0.1678,0.063,0.0244,0
WMf47O3E2HE,1,0,0.0,121.3,92.7,75.1,0.347,0.0732,0.0394,0.0047
EOzsWYRvIEg,0,0,0,95.1,188.0,82.0,0.082,0.0107,0.0577,0
nypmlqXvAqY,2,1,0.5,138.4,175.2,66.9,0.0688,0.0027,0.0479,0.087
U_zHyXPbGTo,3,1,0.333,110.8,121.8,61.7,0.0644,0.0089,0.0687,0.0785
IQxozR6FLsI,1,0,0.0,106.0,149.0,79.4,0.0815,0.063,0.0964,0.0025
xzwY6O-V_E4,0,0,0,135.7,194.7,94.8,0.2555,0.1281,0.0568,0
MzgczMjQ-Uw,2,0,0.0,55.7,156.3,44.8,0.0873,0.0008,0.0244,0.0217
vaIE0MkalZI,5,0,0.0,82.3,123.7,62.8,0.1217,0.0087,0.0404,0.0656
nfNpDV7sBBo,2,2,1.0,90.9,155.6,52.8,0.0326,0.1926,0.0279,0.0985
ul-YvfAfsvw,5,0,0.0,114.7,86.0,59.4,0.4286,0.0017,0.0482,0.0574
UkgqM1j3qBs,4,2,0.5,93.2,181.7,67.3,0.1056,0.153,0.1503,0.0811
jbKIAO2tlfA,3,0,0.0,101.1,176.5,64.8,0.1213,0.0236,0.1361,0.1026
L9__AYV1wOE,1,0,0.0,81.4,218.8,55.8,0.0321,0.0733,0.0322,0.0238
hPgSQfsCtZo,6,0,0.0,88.0,193.0,78.7,0.149,0.0724,0.0733,0.1645
ehDsT9aWlMQ,0,0,0,68.0,101.6,87.0,0.0262,0.1055,0.0878,0
UtFtqHd6Z3g,6,0,0.0,125.6,140.4,69.0,0.2294,0.0455,0.1416,0.2139
ncEYHiiYvk4,10,1,0.1,90.6,182.4,76.9,0.2162,0.0523,0.0806,0.0831
246XtiyIKm0,2,1,0.5,121.8,168.7,79.2,0.2228,0.064,0.0331,0.1409
o-VfZWfmzLQ,2,1,0.5,81.8,146.2,71.7,0.036,0.1587,0.0621,0.104
KkdkmRUjMFM,4,0,0.0,76.2,152.3,71.2,0.1992,0.0043,0.1202,0.0538
y-3sri2fsqc,2,0,0.0,45.4,164.6,60.8,0.0289,0.0138,0.0323,0.0076
_8mKKYl9PWw,6,0,0.0,75.9,119.4,61.2,0.0129,0.0297,0.1249,0.1024
EhtkGtBBFCU,1,0,0.0,65.9,187.4,60.2,0.0396,0.0165,0.0348,0.0064
TD3RXRptpIU,1,1,1.0,94.8,208.9,69.4,0.0849,0.0013,0.0495,0.1139
EXvWW2E6xpo,6,0,0.0,66.3,126.4,63.1,0.0759,0.0081,0.0352,0.0711
uQ7ocxHsaxE,1,0,0.0,62.3,189.5,72.1,0.0632,0.0408,0.1143,0.0413
k0y9e0_KgGg,6,0,0.0,99.7,158.0,71.5,0.1375,0.0757,0.1671,0.1011
LllZitK8nns,6,0,0.0,123.7,168.8,60.9,0.0317,0.4398,0.0847,0.1176
3GSn2zoIHrc,3,0,0.0,78.6,144.6,93.4,0.1237,0.0724,0.1992,0.067
J-b9i0tNEPQ,2,0,0.0,102.1,108.7,80.5,0.0814,0.1692,0.0969,0.1269
2ReiG0mVnrM,0,0,0,49.0,164.1,71.9,0.0286,0.0259,0.0205,0
R2dpkxPn8b0,1,0,0.0,119.6,207.7,76.0,0.1735,0.0849,0.0419,0.0047
3Ct78X-CwKY,4,1,0.25,42.1,151.7,52.6,0.0398,0.0208,0.0658,0.06
j9OkEQ7hw10,3,0,0.0,58.0,137.9,68.6,0.0696,0.0081,0.0973,0.0201
1HEcqladzMY,3,0,0.0,94.8,137.4,78.0,0.0723,0.0363,0.0536,0.0806
8VfKv3loGw4,5,2,0.4,129.6,210.4,66.1,0.1341,0.3925,0.0405,0.1404
cGoACJpiVKY,3,0,0.0,86.4,196.2,86.5,0.066,0.0029,0.0397,0.0422
D3gTHpkv7kE,5,0,0.0,66.3,185.3,76.7,0.0216,0.0649,0.0449,0.076
L5JLbsPYUZQ,1,0,0.0,123.0,101.7,43.3,0.7339,0.0,0.0126,0.0032
3tUPgxTlL4Q,5,0,0.0,114.5,131.8,65.9,0.0409,0.3101,0.1847,0.0277
3QPc_d2WR0g,3,0,0.0,65.5,134.2,50.3,0.0961,0.0008,0.0183,0.0213
gNG6QQNu584,3,0,0.0,116.9,210.4,82.2,0.0774,0.0382,0.0556,0.0896
7yBrC_A6M7E,2,0,0.0,98.3,165.0,87.2,0.056,0.0609,0.0617,0.0518
OrNVImqW86Y,6,1,0.167,82.2,136.6,71.0,0.0988,0.0288,0.0768,0.1083
VGYxZ9eQd-0,5,0,0.0,100.8,139.8,58.9,0.0256,0.1528,0.2096,0.0417
6WKKpWVGOsc,3,2,0.667,151.9,136.7,54.3,0.2348,0.0104,0.0243,0.4444
jV_ChTwnpA4,0,0,0,74.8,185.4,72.0,0.1116,0.0932,0.0282,0
mMgp4T4WjvE,0,0,0,100.4,90.3,76.5,0.3158,0.0372,0.0625,0
48_ME-7XzTY,2,0,0.0,86.7,210.5,78.6,0.0549,0.2227,0.0723,0.0234
65ACpeHxjrk,3,1,0.333,77.7,196.5,72.5,0.1163,0.0646,0.0364,0.1585
sTrXSTi51q4,5,0,0.0,66.2,120.1,92.8,0.1169,0.0338,0.0593,0.0393
p0VoRUmPMP4,2,0,0.0,75.8,194.9,65.6,0.1259,0.0524,0.077,0.0605
UGuR3qJ7es0,5,0,0.0,96.2,167.6,64.4,0.0831,0.0413,0.0155,0.104
x98mkSVak7U,3,0,0.0,169.8,183.5,100.5,0.0622,0.4741,0.0927,0.0617
ErbTIEV9-vo,1,1,1.0,64.4,176.5,63.0,0.0687,0.0057,0.0599,0.1969
Uc7aO7oupY0,2,0,0.0,79.2,165.3,70.0,0.1226,0.0208,0.0378,0.1336
DbWz3llRjCE,2,0,0.0,58.7,172.7,86.8,0.0751,0.0157,0.0628,0.0401
Pw6uG2g3LnA,3,0,0.0,99.2,179.9,88.2,0.0336,0.0634,0.066,0.0786
A2mx5Jtc1Vk,1,0,0.0,42.8,90.0,60.0,0.0342,0.0189,0.0241,0.0144
2VosMoh-iD0,1,0,0.0,58.4,165.8,74.3,0.0825,0.0051,0.0557,0.0564
1kLrLzVhL0Y,1,0,0.0,36.3,127.2,97.3,0.0134,0.0258,0.0792,0.0201
EgLZ9tHsVaI,4,2,0.5,62.1,194.9,84.6,0.0758,0.0141,0.0654,0.1222
OzEHVPo6w9o,2,0,0.0,86.5,164.5,79.5,0.0309,0.0991,0.0446,0.0213
gJTylrn2mkY,3,0,0.0,37.5,192.6,43.6,0.0182,0.0004,0.0437,0.0408
DwopArb0Y04,1,0,0.0,76.3,210.4,83.1,0.1068,0.0936,0.0445,0.0957
cAoTZ8jtN6c,3,0,0.0,95.2,192.0,68.4,0.1258,0.0221,0.0755,0.1292
IDLfBp57ym0,5,0,0.0,79.8,154.2,84.3,0.0362,0.0271,0.08,0.1033
Oy_IN4a9tMA,4,1,0.25,55.2,192.3,60.0,0.0069,0.0535,0.0521,0.1331
3Q23nUNstpc,2,0,0.0,61.1,201.4,58.6,0.0867,0.03,0.0339,0.131
C4R6hDowwcE,2,0,0.0,65.8,161.6,75.1,0.0835,0.0066,0.0808,0.0329
7pZX2IJjmJU,4,0,0.0,47.7,76.2,62.0,0.0406,0.0177,0.0498,0.0139
pmezVzroUNY,5,0,0.0,53.1,190.9,68.2,0.0667,0.0027,0.0488,0.0681
aiq5408M79U,3,0,0.0,40.4,222.9,55.2,0.0373,0.0141,0.0639,0.062
Ak6pSTpRfII,6,0,0.0,60.6,76.6,57.0,0.0119,0.0307,0.0149,0.0673
JT0w0XadA74,1,0,0.0,70.0,216.8,81.4,0.1705,0.0073,0.0409,0.0488
YrLlbu9QSLg,1,0,0.0,72.7,220.5,73.4,0.1115,0.1053,0.0393,0.0115
qYnZUWCNUA0,3,0,0.0,73.7,87.9,60.1,0.0226,0.0735,0.0219,0.014
5tNxOiPwqcQ,2,1,0.5,70.0,138.8,68.4,0.0259,0.146,0.0317,0.0509
_BDkYRCiPxI,5,0,0.0,91.7,74.4,54.2,0.1233,0.0332,0.0189,0.1444
7N6eoKxrsW4,1,0,0.0,84.1,203.4,79.4,0.0255,0.0056,0.1246,0.0488
iCmAYvyoQ88,5,1,0.2,72.5,79.2,57.8,0.0514,0.0871,0.0229,0.2339
6R6F371Hj3k,1,0,0.0,52.4,69.6,52.3,0.0178,0.0045,0.0375,0.0183
QXf5fiEYAmg,3,1,0.333,74.0,157.1,75.4,0.1359,0.0364,0.113,0.0854
mxogJG_xkfU,4,0,0.0,110.3,188.7,87.4,0.2787,0.001,0.0705,0.0392
v3xwXBTdh0c,1,0,0.0,48.4,78.9,53.6,0.0287,0.0391,0.0091,0.0055
QJf_GPbdOhQ,3,0,0.0,110.9,200.8,73.8,0.0951,0.1683,0.0874,0.0373
aPvVY3f8QX8,0,0,0,73.9,141.5,75.6,0.0592,0.0059,0.0198,0
hUci5oAJfZM,7,0,0.0,42.8,160.9,64.0,0.0459,0.029,0.037,0.1839
M4vB2o8Q450,3,1,0.333,49.2,161.3,89.7,0.0348,0.0069,0.0645,0.0749
5J86oUxO8os,3,0,0.0,59.2,155.8,67.7,0.0258,0.0246,0.022,0.116
yXWE5w8So-k,8,0,0.0,37.6,181.3,68.2,0.0626,0.0021,0.1176,0.0503
fns54LfXzI4,1,0,0.0,83.5,82.5,61.5,0.0211,0.03,0.019,0.0066
9hz8TPER1SU,2,0,0.0,79.8,160.5,84.7,0.0883,0.0401,0.1261,0.2298
rzEV7orZe1M,1,0,0.0,42.2,79.9,56.7,0.0088,0.008,0.0172,0.0124
9Q7O1DcqosA,1,1,1.0,76.5,205.2,63.9,0.0708,0.0056,0.0374,0.2158
lpzchjL5KZE,2,1,0.5,103.8,161.6,77.3,0.1033,0.1419,0.051,0.0727
R2wwURvtKGQ,0,0,0,94.3,135.3,78.7,0.2351,0.0229,0.0999,0
GzoYctrYgRo,0,0,0,89.9,222.2,60.4,0.0449,0.0301,0.0339,0
RmyJO2N1aiQ,3,0,0.0,144.7,231.4,86.5,0.0324,0.0116,0.0581,0.0422
puNyD3WS7dI,6,1,0.167,75.2,184.4,76.7,0.0439,0.0307,0.0906,0.0633
C5IVQBLeWBY,5,0,0.0,102.8,189.4,87.9,0.0759,0.0919,0.1262,0.0542
Xdx3zRYXilU,3,1,0.333,65.4,160.9,82.4,0.075,0.0108,0.0589,0.0875
yGH3v-jYVdY,2,0,0.0,89.7,188.3,84.5,0.0732,0.0765,0.1204,0.0082
vdKWgqGIyVw,3,0,0.0,75.4,195.2,88.2,0.0783,0.1378,0.1164,0.0239
H-uqLu50mgo,3,0,0.0,92.7,182.8,86.0,0.2623,0.0579,0.1436,0.0319
Yvo9kcqgZyU,2,0,0.0,142.8,181.4,82.8,0.3834,0.0124,0.1573,0.0517
b2Dj_86P2Jg,6,0,0.0,62.4,177.7,83.8,0.0819,0.0274,0.1601,0.0574
j5ohpNbjp5Q,7,0,0.0,108.5,179.5,91.0,0.1078,0.1247,0.1407,0.048
cCAXRCJMbvQ,0,0,0,199.2,184.7,90.2,0.0432,0.0833,0.082,0
JIw9xpFANxw,2,0,0.0,151.0,191.7,88.5,0.1227,0.0673,0.1022,0.0395
l9MWHEjRffk,4,0,0.0,119.9,194.4,90.3,0.1687,0.1539,0.1069,0.049
L549KgM9xLM,2,0,0.0,72.7,197.0,83.9,0.101,0.0518,0.117,0.0203
CW0YeffEzVA,3,0,0.0,62.5,195.8,80.7,0.051,0.0361,0.1417,0.0521
w28THWTJp6Q,7,0,0.0,65.0,202.5,84.7,0.0517,0.0646,0.1089,0.0352
H8MNJEKMx20,6,1,0.167,121.5,176.1,78.4,0.1073,0.0689,0.2079,0.1215
ZDMN-C3vDRo,5,1,0.2,79.9,175.4,81.7,0.137,0.0301,0.117,0.1126
gJE7pipsBvY,1,0,0.0,81.3,188.7,94.2,0.0852,0.1405,0.1024,0.0068
6UIyoTRmnsA,6,0,0.0,84.2,187.8,87.6,0.0677,0.0974,0.1169,0.0358
CwdDkub4PhI,3,0,0.0,75.4,188.6,86.9,0.0414,0.0516,0.0915,0.0238
IfswITADl90,0,0,0,110.8,194.3,81.7,0.0325,0.0885,0.1301,0
pTY-fEV4I9U,3,0,0.0,154.9,183.6,80.0,0.2596,0.1937,0.1848,0.0093
G-cC38iXevA,4,0,0.0,105.0,221.7,82.4,0.0974,0.1092,0.1383,0.0327
yVn_IP6t7dY,1,1,1.0,79.6,200.7,77.4,0.1555,0.027,0.0864,0.1063
YF1LlbR8ogc,3,1,0.333,96.5,185.3,79.4,0.0865,0.0622,0.0604,0.1103
qiaNI8Kui4c,10,0,0.0,65.9,166.0,82.8,0.07,0.1023,0.2068,0.0395
YUqSzHAkRb8,2,0,0.0,71.3,180.6,81.1,0.0634,0.0577,0.1639,0.0126
eTTMeNZlZK4,4,0,0.0,126.3,193.4,87.6,0.0572,0.0744,0.0832,0.056
Yp_p6OZeR8w,2,0,0.0,88.6,182.9,94.0,0.0815,0.0695,0.0965,0.0098
ydKnLDRnqxc,3,0,0.0,101.0,192.7,93.1,0.3169,0.0231,0.1267,0.0146
n_C8EJW2M_w,1,1,1.0,78.3,182.1,82.1,0.0373,0.085,0.0993,0.1036
tGvtCPq7NY0,5,0,0.0,85.1,189.4,93.5,0.0788,0.1001,0.127,0.021
2zP-MPdhJ68,1,0,0.0,79.9,187.3,85.8,0.0911,0.0513,0.1252,0.0026
4GnNRA4eveM,2,0,0.0,95.7,182.6,91.0,0.0777,0.1003,0.1338,0.0073
p8yONeryMe4,1,0,0.0,40.3,166.8,67.2,0.0082,0.006,0.0925,0.0049
UZ9Fs3gDWrg,5,1,0.2,140.2,185.8,76.8,0.149,0.0788,0.0732,0.1814
TvucxLkx7Ek,8,0,0.0,100.6,210.9,93.2,0.1301,0.0768,0.1033,0.0522
PwvW9Uycagc,4,0,0.0,136.6,176.7,77.6,0.0811,0.0695,0.1823,0.1486
wthRRvLvDn8,0,0,0,44.0,200.4,74.7,0.0323,0.0251,0.1603,0
X80BLC8iKH4,2,0,0.0,92.8,194.5,90.9,0.0711,0.0681,0.1364,0.0226
GBkQqU65bj8,1,0,0.0,91.4,193.8,83.3,0.0665,0.0986,0.1079,0.0046
vqXJvC3hnOI,3,2,0.667,107.0,157.9,83.5,0.1102,0.039,0.151,0.1222
VABiNxHFgH4,4,0,0.0,101.1,212.4,73.7,0.0701,0.0533,0.0981,0.1659
eIe4hD4zMjA,3,0,0.0,51.3,186.6,87.7,0.0277,0.0367,0.094,0.0089
FXpVaVlfd3M,5,0,0.0,79.1,169.8,76.9,0.064,0.081,0.1295,0.0599
h62lH58n780,0,0,0,86.3,189.0,87.2,0.0999,0.0752,0.1227,0
UtU5SeGYA_8,6,0,0.0,100.8,191.0,86.8,0.0954,0.1207,0.1225,0.0361
aUNme2Fygpc,2,0,0.0,105.9,193.8,92.4,0.1093,0.0908,0.1192,0.0208
2oK_EXQZd4k,4,0,0.0,88.7,198.8,83.9,0.0811,0.1125,0.0996,0.0345
ueWFfdfj8dg,2,0,0.0,93.2,175.7,84.7,0.1223,0.0728,0.1517,0.0097
ZS8HqAzwXX8,4,1,0.25,110.3,151.2,85.0,0.2175,0.0547,0.1086,0.0587
CuGrVpdgx9E,8,0,0.0,147.5,189.0,85.8,0.0841,0.2282,0.1391,0.0997
gV5k5GA8QQ0,1,0,0.0,81.6,25.5,26.3,0.0093,0.109,0.0098,0.0043
L-pOCrSENUo,3,0,0.0,130.5,194.7,85.4,0.0622,0.0509,0.1067,0.0181
r0XkU_8LEfQ,1,0,0.0,58.8,72.0,51.9,0.0173,0.042,0.0212,0.0052
tkc7ZvlgMlo,7,0,0.0,38.2,53.8,69.7,0.0212,0.0009,0.0248,0.0746
yfVW-r5gYDk,2,0,0.0,105.8,174.9,76.9,0.1385,0.036,0.0943,0.0144
Iy1t0b2uegM,3,0,0.0,91.7,144.4,83.5,0.1415,0.0455,0.0372,0.0211
AWO60UHe86M,3,0,0.0,123.8,161.4,85.8,0.124,0.1067,0.0762,0.0345
5AzcVGjPTUI,2,1,0.5,52.2,179.6,73.5,0.0895,0.005,0.0699,0.0963
x30xqTly4Lw,1,0,0.0,38.5,81.0,56.7,0.0238,0.008,0.0637,0.004
xtVKbflA-6A,3,0,0.0,92.5,178.6,67.0,0.1553,0.1251,0.0395,0.1246
0wIKqbvMMLA,2,0,0.0,141.9,155.4,82.6,0.0217,0.186,0.1746,0.0141
FS1iKDX3waI,3,0,0.0,80.0,148.5,80.6,0.0645,0.1544,0.0648,0.0223
wozz1YaQX84,2,0,0.0,110.0,103.8,64.3,0.165,0.1872,0.0273,0.0252
Y0uBoEeFBRs,7,0,0.0,89.7,128.7,78.9,0.1422,0.0786,0.0866,0.0956
eG7A3AgmjqY,3,1,0.333,123.3,132.2,81.9,0.2034,0.1672,0.0647,0.1565
1cW-XF3DMKo,4,0,0.0,139.1,125.5,74.0,0.3205,0.0492,0.0799,0.1864
-xS9RbOyFHk,0,0,0,85.9,133.8,74.5,0.0728,0.0371,0.0812,0
do8y54Uo9xw,11,3,0.273,83.3,69.2,48.2,0.0067,0.0072,0.0271,0.3894
Ir4P_-0zZUw,9,0,0.0,153.3,148.3,80.6,0.1413,0.1498,0.0922,0.0551
c-pIQij6t-M,3,0,0.0,129.0,152.4,78.3,0.0743,0.1646,0.1793,0.0126
sJIXqhXMFvQ,5,0,0.0,186.8,117.8,77.8,0.0891,0.2437,0.0731,0.0189
gVEN5uUAa2M,2,1,0.5,95.9,198.8,79.3,0.0815,0.0413,0.0487,0.0607
CeCLuWQdFZ4,2,0,0.0,68.6,73.1,62.2,0.117,0.0034,0.0223,0.0032
doOaEYbUkZQ,2,1,0.5,80.0,164.9,62.6,0.0546,0.0575,0.0782,0.1592
jchnXu_GjFU,4,1,0.25,128.8,116.9,81.4,0.2987,0.2015,0.098,0.1079
pCVHT4pUhXQ,1,0,0.0,111.4,112.0,73.7,0.1878,0.1423,0.0212,0.0367
7MwWVk-6-R8,0,0,0,206.3,51.9,44.6,0.0091,0.0001,0.019,0
X2Vjb_W9DfU,10,0,0.0,67.3,154.7,83.3,0.091,0.0058,0.0833,0.0529
EmHyUTl4Fds,1,1,1.0,66.0,156.3,89.6,0.038,0.0097,0.0141,0.3439
ZiChaWnH7zE,0,0,0,78.0,70.0,51.4,0.1111,0.0117,0.0226,0
QzVzYNrVkxw,4,0,0.0,103.0,155.6,79.0,0.0877,0.1217,0.0494,0.0843
9QGNElKNf-g,4,0,0.0,121.1,172.7,80.0,0.146,0.0622,0.0765,0.0742
bItqSS8LYaE,6,5,0.833,111.1,164.1,71.8,0.1759,0.0747,0.0786,0.1862
rwbozf1GJ-M,0,0,0,122.8,200.4,75.1,0.0831,0.0853,0.0376,0
shGkowjL0iI,1,0,0.0,101.0,125.8,70.6,0.0745,0.0387,0.2134,0.0027
B43WUkSYQew,3,0,0.0,102.7,154.7,69.5,0.0936,0.0658,0.0865,0.0247
1ll3pMEHswU,2,0,0.0,50.8,100.7,75.3,0.0318,0.0161,0.0685,0.0739
PJlAPx4Horw,0,0,0,57.2,80.9,64.3,0.0488,0.028,0.0356,0
unzAmyHdXJQ,1,0,0.0,74.0,184.0,61.0,0.0688,0.0117,0.0096,0.0413
pLjXwTz4yus,2,0,0.0,51.5,114.8,70.7,0.0671,0.0042,0.0549,0.0831
d7Bi22N1jvo,7,0,0.0,91.9,148.9,74.5,0.151,0.061,0.0618,0.2636
pGX5rWtr7nA,9,1,0.111,93.4,122.6,71.9,0.1804,0.0391,0.1411,0.0469
JIf5FXfuGv4,1,0,0.0,86.9,204.4,62.2,0.3125,0.0363,0.0732,0.0042
EKW_unvOhn0,3,2,0.667,61.9,135.6,72.9,0.0178,0.0077,0.0788,0.1373
a8uF_2RxihQ,0,0,0,70.1,129.8,66.7,0.121,0.0013,0.0091,0
xwM0c1rXCMY,3,0,0.0,116.0,188.0,81.8,0.077,0.0988,0.1525,0.0371
bzQTorsZlKE,2,0,0.0,71.4,159.7,81.2,0.0716,0.0136,0.052,0.0325
xPLqh_fFOKU,2,0,0.0,90.8,143.9,56.7,0.0957,0.0617,0.1549,0.0125
n1TGCocBLCk,3,0,0.0,78.4,156.8,76.6,0.122,0.0918,0.0916,0.0396
WBsYThORtug,1,0,0.0,97.0,134.2,84.0,0.0672,0.0617,0.1378,0.0019
HLPKKvlqqo4,3,0,0.0,124.7,176.5,74.8,0.0749,0.0346,0.0642,0.0378
aa_t1X1PrGI,5,1,0.2,124.7,175.7,79.3,0.1177,0.063,0.1308,0.1244
ZcS7eRwi3ik,4,1,0.25,103.8,214.6,71.0,0.2075,0.0522,0.0476,0.2307
ZxTiBeJ85eo,5,3,0.6,158.6,176.8,74.3,0.0986,0.075,0.0799,0.1663
khkAWU1suDw,5,1,0.2,109.0,169.6,68.0,0.1312,0.0396,0.0603,0.1358
C6k6bhug5Rw,3,0,0.0,153.3,194.2,78.3,0.1126,0.3002,0.0861,0.0494
VUQO_8nO3Q4,6,2,0.333,167.7,192.5,83.6,0.1676,0.0265,0.0941,0.1283
yT1v_c_Em88,2,0,0.0,156.3,205.9,89.1,0.2294,0.0095,0.0922,0.0526
cDXBbfZwtzc,7,0,0.0,170.3,204.3,84.1,0.2055,0.1427,0.0658,0.1301
tEbIbj4hWCk,1,0,0.0,128.7,223.5,69.9,0.078,0.0686,0.0463,0.0035
NHk7O3dSDNI,2,1,0.5,119.7,202.8,79.4,0.1496,0.0154,0.0833,0.2244
ao7T_NzGXJs,6,1,0.167,116.9,171.0,75.6,0.0646,0.0688,0.1334,0.0734
xQtsx8TlvE8,12,1,0.083,83.6,179.8,86.4,0.1749,0.1638,0.1191,0.1024
dnhmJbMyB6U,2,1,0.5,156.1,189.1,86.2,0.1914,0.0578,0.1119,0.1039
hn14vcLQOEM,3,2,0.667,111.1,150.4,75.3,0.0734,0.0704,0.0491,0.1544
ZYz8CLZi6MM,3,1,0.333,107.5,109.9,59.6,0.0395,0.0014,0.0519,0.1702
kCZzodbUw8E,2,1,0.5,131.3,146.4,70.3,0.0845,0.0018,0.0466,0.0434
t1sZXPpWTTM,3,0,0.0,135.2,166.6,101.3,0.0951,0.1288,0.0723,0.2889
IHUfZW5PtiE,4,0,0.0,153.5,174.6,101.2,0.3208,0.0237,0.0573,0.0446
eF-oXLYAw0M,1,0,0.0,90.3,146.3,96.5,0.0813,0.159,0.1525,0.0181
13pVAGGfYdE,3,0,0.0,144.7,189.2,78.9,0.1284,0.0746,0.1095,0.0464
k5BqwmNDAj4,1,0,0.0,65.3,102.5,90.5,0.0847,0.0157,0.0888,0.0245
Axo7nU30U7Y,6,1,0.167,89.3,126.3,75.5,0.0662,0.0124,0.0928,0.1727
qOSuz3YYL4A,3,0,0.0,151.8,189.9,89.2,0.0701,0.1415,0.0852,0.0602
S-hX-l_bkBY,2,0,0.0,116.1,171.3,73.6,0.0178,0.0165,0.0703,0.0318
cugQAp5KC2s,0,0,0,129.0,194.3,84.0,0.019,0.3199,0.0509,0
UenSVPkM0NE,1,0,0.0,122.6,121.5,83.0,0.0393,0.1121,0.0911,0.0245
mKUzE-GOdJs,0,0,0,70.7,146.7,61.0,0.1831,0.0057,0.0061,0
c3hihUDgD6s,2,1,0.5,146.7,103.1,79.2,0.008,0.0333,0.0606,0.1546
JMEee2UYQqE,6,0,0.0,126.1,171.4,72.6,0.2039,0.0243,0.0583,0.1381
0sdt7hNzPjg,3,0,0.0,81.1,158.2,68.2,0.0442,0.0721,0.0803,0.0918
C3U42yVCTec,2,0,0.0,170.5,186.5,83.8,0.1402,0.0075,0.0833,0.1473
PpETtTVYsRQ,4,2,0.5,107.2,199.1,88.5,0.2322,0.0211,0.0746,0.1411
dp5hKTTD8Pk,1,1,1.0,104.2,177.2,67.6,0.1733,0.0118,0.0791,0.0646
_wgx0DxU2ao,0,0,0,124.9,139.0,93.2,0.0759,0.0611,0.1399,0
LWR_EGrxtng,3,0,0.0,119.2,189.9,74.0,0.0381,0.1034,0.0748,0.1424
4h6tmuEsG3Y,5,0,0.0,167.6,179.1,92.8,0.2409,0.1148,0.099,0.0669
L2-9X0Rd7kA,5,1,0.2,163.5,182.0,96.0,0.3872,0.0054,0.0615,0.1565
gZhcZL_-rB4,5,0,0.0,97.8,207.3,76.4,0.0602,0.1355,0.0802,0.0345
9iKgt2vJNaI,4,1,0.25,108.9,146.0,77.5,0.2115,0.0554,0.1202,0.0948
XAw2ByLKOFA,2,0,0.0,162.0,199.4,81.6,0.1713,0.0904,0.096,0.0198
hko_aD_eSeo,3,0,0.0,140.6,185.9,83.7,0.1261,0.2124,0.0596,0.0679
QWR235VMO0w,7,0,0.0,122.3,127.8,88.8,0.0201,0.073,0.0457,0.1265
dCB4_Pv54aI,3,1,0.333,137.8,184.3,82.4,0.1572,0.0628,0.1153,0.0751
eCtUOyZ7TwY,3,1,0.333,147.5,198.5,75.7,0.1593,0.0198,0.0716,0.1338
hR2S9vGksM0,0,0,0,64.8,188.0,65.9,0.1725,0.0186,0.0418,0
YOw-rtKgvq0,7,0,0.0,98.2,181.5,81.0,0.0854,0.0271,0.0646,0.1039
EcjnVEPraPA,1,0,0.0,105.1,171.5,71.3,0.0342,0.0021,0.0414,0.0167
FSuh0_Y0Yz8,0,0,0,124.6,81.0,66.5,0.2283,0.0821,0.0591,0
T0Qb0iTyZW0,1,0,0.0,100.0,187.8,74.2,0.1115,0.0656,0.0639,0.0913
IZa7Unmzk1c,3,0,0.0,90.2,188.4,73.9,0.0175,0.1066,0.0637,0.0176
DnITi9PGnv4,2,1,0.5,86.2,139.8,77.9,0.0593,0.0177,0.059,0.0632
p2YcDtSP1Bs,3,0,0.0,85.7,169.9,67.1,0.0261,0.0901,0.1116,0.0595
KW9z1fdxr-k,1,0,0.0,88.2,210.1,66.0,0.0389,0.0069,0.0563,0.043
1a-M2sDTgdU,4,0,0.0,56.0,171.1,82.3,0.0414,0.0202,0.0513,0.0657
ouW5-BOwXt4,4,0,0.0,91.2,157.6,63.5,0.0308,0.0033,0.0546,0.0183
ftyeY_XTSqM,2,0,0.0,89.0,172.1,83.2,0.0281,0.1055,0.052,0.0626
QWa7oXBlRDg,2,1,0.5,126.2,132.0,70.8,0.4423,0.0211,0.0233,0.1444
FoVAdyi23fw,4,0,0.0,143.0,175.9,94.7,0.0239,0.1136,0.0579,0.1202
hrgKYLnlg4Y,1,0,0.0,140.2,53.6,37.8,0.7326,0.001,0.0289,0.0024
OjWuJDVZGiQ,2,0,0.0,90.0,98.5,71.5,0.1036,0.0789,0.1738,0.0984
sUbaFa2cowQ,2,0,0.0,87.1,175.5,90.2,0.0891,0.0239,0.1098,0.0559
ZKbtVc6bz8Q,2,0,0.0,119.7,112.2,80.3,0.0574,0.0638,0.1807,0.0654
kpox7zp5ndE,0,0,0,14.4,139.7,63.8,0.0053,0.0004,0.0221,0
8HRhUHN51gg,4,0,0.0,51.8,194.4,92.7,0.0483,0.005,0.0657,0.1087
pgi4rHlMZwg,4,0,0.0,70.5,175.2,62.3,0.108,0.1443,0.0962,0.1303
vI1dPUBiNY8,3,2,0.667,128.6,104.9,77.3,0.1095,0.015,0.0693,0.2184
v0mJaV0QjXU,2,1,0.5,76.9,133.6,58.8,0.0584,0.0345,0.0165,0.0855
LiH3cuXdpjo,2,0,0.0,76.9,231.8,53.2,0.1349,0.0,0.0424,0.0218
vAu0wKEtxLM,3,0,0.0,79.4,188.4,82.3,0.0193,0.0153,0.0517,0.041
mmpoR77_XxM,2,2,1.0,91.2,137.4,69.9,0.0816,0.0033,0.0385,0.0794
RI4uiG-xnUA,3,0,0.0,59.4,149.7,85.4,0.0513,0.0095,0.0459,0.2163
gDbvHZdXQuU,2,0,0.0,76.5,172.2,56.2,0.0173,0.0033,0.0254,0.1342
y6oaPRrzFEE,4,0,0.0,117.4,181.7,92.5,0.1064,0.0286,0.0658,0.0621
WOOD39QweV4,2,0,0.0,78.4,111.1,73.8,0.0567,0.0201,0.1373,0.008
X3W4le45_Tc,3,0,0.0,74.8,148.5,87.6,0.1583,0.0065,0.0543,0.0494
N3h0IlfwYBU,2,1,0.5,65.3,202.9,73.3,0.0613,0.0081,0.0693,0.1222
X8BFaH65svU,2,0,0.0,92.6,178.1,87.1,0.0194,0.0372,0.0575,0.0357
QnQLXH08x_U,1,0,0.0,106.4,116.8,65.7,0.1332,0.0738,0.012,0.0739
Yro5nyqIcZ0,4,0,0.0,46.8,121.4,93.5,0.0439,0.0139,0.0562,0.0436
X_3HdKEqCiQ,2,1,0.5,96.5,150.7,89.4,0.015,0.0028,0.0444,0.0946
cNHryG0VYYQ,2,0,0.0,30.5,106.3,76.8,0.0599,0.0091,0.0515,0.0481
CHwErh9FBFE,2,0,0.0,100.5,169.1,86.5,0.0529,0.0281,0.0687,0.079
1mDDq6aDEiU,3,0,0.0,97.7,142.9,73.3,0.099,0.0698,0.0577,0.0518
m0jA77o_YAk,2,0,0.0,72.8,146.1,75.4,0.0805,0.1011,0.0603,0.0621
f4tYElI1yoI,3,0,0.0,86.9,187.8,70.4,0.0664,0.0141,0.0625,0.0335
sRSRikafAkA,0,0,0,76.0,183.7,72.7,0.1026,0.0574,0.0463,0
J3E8wKEzXWA,1,1,1.0,37.8,101.6,78.0,0.0971,0.0298,0.0316,0.0465
uED3DBIzMTQ,3,0,0.0,68.6,184.8,85.6,0.132,0.0243,0.0569,0.0603
76kwX4b_eQE,4,0,0.0,120.5,176.0,78.4,0.0524,0.1106,0.0693,0.0312
8SDvU34P0bc,3,0,0.0,126.0,185.2,92.1,0.068,0.1778,0.0592,0.0632
VzG-MaifBhE,1,0,0.0,84.8,98.3,81.3,0.0317,0.0016,0.01,0.0222
VVicS7Iqv9M,3,1,0.333,70.5,161.8,84.4,0.0829,0.0052,0.0655,0.1244
uv9ApWN39f4,4,0,0.0,67.4,62.9,56.0,0.0041,0.0004,0.0316,0.0745
CUujCUQbwM0,2,0,0.0,72.8,187.0,80.8,0.0682,0.0567,0.0575,0.0975
ED3xFj-jDI8,5,0,0.0,114.8,161.1,80.8,0.0264,0.3092,0.1006,0.0837
F-r--lh1PU4,0,0,0,7.8,217.1,52.4,0.0022,0.0004,0.0076,0
voL2b_ywx4M,4,0,0.0,67.4,62.9,55.9,0.0041,0.0004,0.0314,0.0745
4_XGwcuO9NA,4,0,0.0,49.7,148.8,92.2,0.0436,0.0173,0.0818,0.0913
CH8R150spYE,2,0,0.0,81.1,104.6,73.5,0.1952,0.0027,0.0342,0.0949
5LLgaCEOjiY,1,0,0.0,56.2,167.7,87.1,0.0616,0.0014,0.0591,0.0167
IIfzNwLsb9Y,3,0,0.0,64.3,188.0,61.2,0.1075,0.0198,0.0631,0.0628
kMxb-faiKQs,1,0,0.0,54.2,175.5,65.7,0.2084,0.0075,0.0403,0.0064
DClG55jWdK0,2,0,0.0,90.3,133.3,67.1,0.0009,0.0004,0.0526,0.0404
fLbeR45ZBSw,1,0,0.0,51.2,152.1,60.2,0.0053,0.0005,0.0422,0.0222
dIkTJngiDck,2,0,0.0,67.3,164.1,73.5,0.2418,0.002,0.025,0.0295
Y3ouORa4B-4,0,0,0,44.6,147.2,90.4,0.0176,0.0007,0.0481,0
C5g0RZNg54E,0,0,0,37.3,146.3,67.3,0.0309,0.008,0.0517,0
5WqtxV1svb4,0,0,0,58.4,134.5,85.2,0.1841,0.0012,0.0415,0
aTZLsVYYRSE,2,1,0.5,78.9,145.3,77.5,0.0808,0.0594,0.0627,0.1148
6qyiRiAA6NY,6,0,0.0,47.5,179.0,73.1,0.0597,0.0028,0.0759,0.0726
lb1PghkUoko,2,0,0.0,122.6,163.9,71.4,0.357,0.0519,0.0638,0.0498
uQux9d5Vnec,3,0,0.0,62.7,186.1,67.9,0.113,0.0368,0.1071,0.0339
SFGPDX6naEg,0,0,0,65.5,183.8,64.8,0.1114,0.0008,0.0383,0
DRuCwMHx4DU,2,1,0.5,48.8,153.2,58.6,0.0399,0.002,0.0168,0.1542
KoXwINpV7Eo,2,1,0.5,85.5,181.1,74.7,0.1011,0.0393,0.0615,0.1167
ey6L8Nzel1w,2,0,0.0,32.8,158.1,76.4,0.0067,0.0025,0.1134,0.008
4TrTbsWtiyc,1,0,0.0,76.0,155.7,77.0,0.179,0.0045,0.0506,0.0367
SS2EybFL97o,4,0,0.0,98.2,145.9,56.6,0.1113,0.0539,0.0189,0.1048
Nv6LBXVMqBI,1,0,0.0,95.3,145.7,74.4,0.0636,0.0005,0.0415,0.0021
WsMMu62OrGQ,1,0,0.0,39.1,142.8,72.9,0.1002,0.0003,0.0362,0.0549
-RWcNMO39qY,1,1,1.0,167.3,172.0,94.8,0.4927,0.1306,0.0296,0.0574
bCSy2g2l7_Y,3,0,0.0,80.5,171.6,79.2,0.0898,0.0039,0.044,0.0412
usO9JDw9UXA,2,1,0.5,55.6,148.8,93.9,0.1371,0.0,0.0567,0.1318
ZEAPittUI0w,4,0,0.0,65.1,130.2,66.7,0.1209,0.0434,0.0634,0.029
JqD5bHYU44c,1,1,1.0,41.5,135.3,66.6,0.0664,0.001,0.0415,0.0888
EMRm2tdMibg,2,0,0.0,87.7,172.9,69.8,0.1717,0.0029,0.0228,0.083
wVhQ1BWCpi4,2,0,0.0,67.2,111.3,72.4,0.0985,0.0245,0.052,0.0888
NZydQwgtBCc,0,0,0,67.9,189.4,56.3,0.0,0.0,0.0668,0
dgJfL6A0_Gk,1,1,1.0,123.3,162.8,58.1,0.3395,0.078,0.0323,0.124
js64Wn_iDXM,2,0,0.0,87.1,136.0,81.2,0.1089,0.015,0.0594,0.0247
Ud9nfh2yz3A,1,0,0.0,59.0,159.3,74.3,0.2063,0.0052,0.0481,0.0056
IeY1P2SIkEg,1,0,0.0,52.5,132.0,88.5,0.0117,0.0048,0.064,0.0032
mqCcoHjtP8c,3,0,0.0,134.8,167.0,83.1,0.3048,0.1195,0.0845,0.0381
obxYYD96EUc,1,0,0.0,115.9,140.6,80.8,0.241,0.0027,0.0314,0.0082
aOxm5edeSKE,2,0,0.0,57.4,156.6,85.7,0.1051,0.02,0.1076,0.0084
QHbls4rtwzk,1,0,0.0,59.4,156.2,79.1,0.1562,0.0079,0.0616,0.0479
JEQX0lhS_1k,0,0,0,78.4,160.7,68.8,0.183,0.0071,0.0443,0
jM1fAb93e8Y,1,1,1.0,65.3,199.2,58.4,0.0925,0.031,0.0357,0.0785
T6YFeha0jsA,2,0,0.0,77.3,153.3,69.5,0.099,0.0378,0.0413,0.1455
84w3d8sJJ-E,1,1,1.0,78.1,160.0,80.1,0.0318,0.0367,0.0925,0.0379
2mxkugTmwNA,4,0,0.0,81.4,111.1,88.2,0.1354,0.0569,0.0625,0.0386
24AIzTO4d_8,3,1,0.333,49.1,131.6,80.6,0.0625,0.0115,0.0347,0.1168
HCP2UpwIdw0,3,0,0.0,77.3,133.0,73.5,0.0661,0.0454,0.0359,0.011
u4jQcZbIMBQ,1,1,1.0,69.2,128.2,54.4,0.0367,0.0004,0.0132,0.1896
itgFzv7DIjQ,1,1,1.0,98.5,165.5,85.1,0.1982,0.0984,0.0501,0.0359
pgXoCvcRY7c,4,0,0.0,51.7,166.5,64.8,0.0187,0.0188,0.0293,0.0862
yuJxPIml0lI,2,0,0.0,50.3,157.3,74.7,0.0573,0.0111,0.053,0.0139
d1P-4h5tVTg,1,0,0.0,57.8,155.6,65.7,0.0586,0.0201,0.0283,0.0129
jlyMN2JV73s,2,0,0.0,78.0,126.6,74.0,0.0019,0.0209,0.0171,0.0424
F6wLDy2iKrM,4,1,0.25,85.7,136.0,85.0,0.1493,0.0543,0.0422,0.1899
nxurtboAfXU,2,1,0.5,55.3,175.4,65.0,0.0231,0.0005,0.0331,0.0868
aeHYmhNZEno,1,0,0.0,37.9,137.8,82.2,0.0404,0.0079,0.0199,0.0474
5xLdI2MjMkQ,1,0,0.0,44.1,175.4,58.1,0.02,0.0234,0.0149,0.04
Wd83-Q_ibM0,2,0,0.0,70.7,126.3,76.1,0.0064,0.0102,0.0528,0.1482
cteOqd6fULY,4,0,0.0,61.1,140.8,80.7,0.1282,0.0061,0.0461,0.0487
bzen7TqupRs,3,0,0.0,70.5,138.7,63.4,0.06,0.0015,0.0202,0.1458
l0vS6Zd-icY,0,0,0,40.5,125.2,63.8,0.0161,0.0003,0.0172,0
dkIV4KKvk58,0,0,0,82.1,135.9,82.3,0.0473,0.0003,0.016,0
UNguMaiz5QU,2,0,0.0,37.3,136.3,87.2,0.0384,0.0255,0.0292,0.0153
w66cK8uSpyQ,2,0,0.0,61.5,164.9,75.2,0.0761,0.0703,0.0176,0.0076
BgwAUUymkFs,3,1,0.333,81.0,115.1,71.4,0.1231,0.0009,0.019,0.1092
81C7wvUWn-k,5,0,0.0,80.9,139.9,83.8,0.1333,0.0635,0.0463,0.0576
StR6g_WGpNQ,1,0,0.0,30.8,164.2,54.5,0.014,0.002,0.023,0.0317
mx6FB5uz6ks,5,2,0.4,66.2,149.3,81.5,0.07,0.0284,0.0398,0.1535
pSYDrN6Rrjc,1,1,1.0,34.4,154.3,60.4,0.0094,0.0108,0.0186,0.1485
zBg855T4rXc,1,1,1.0,52.9,147.7,74.0,0.0142,0.0174,0.0247,0.136
rq4mNTBbUco,2,0,0.0,67.7,162.1,71.8,0.0713,0.1349,0.0566,0.0167
nEV7VeDpn_A,2,1,0.5,28.3,147.3,81.5,0.0249,0.0016,0.0181,0.0564
sGAX5WTkJrY,1,0,0.0,30.2,172.3,68.5,0.0141,0.0069,0.017,0.0033
j2SbnjuuJ1U,1,0,0.0,26.4,174.8,82.6,0.0264,0.0013,0.0293,0.1262
FNeuKpYEm4M,1,1,1.0,76.3,168.7,73.4,0.0537,0.1206,0.0178,0.0584
7PyLBZd9tjg,3,3,1.0,107.5,108.5,84.4,0.378,0.0363,0.0198,0.2037
RBVf0HJh054,0,0,0,39.7,134.1,80.7,0.0179,0.0119,0.0243,0
lcLPh2DQTno,1,0,0.0,49.4,175.4,77.7,0.0297,0.036,0.0174,0.0234
pyg_aSn-gtE,2,0,0.0,64.5,145.6,55.7,0.1967,0.0308,0.0407,0.0968
riTWSmnD1a8,2,0,0.0,69.1,136.2,68.8,0.0117,0.0085,0.0275,0.0808
o2DZsnLDKS8,2,0,0.0,67.1,151.0,68.9,0.1035,0.0669,0.0128,0.111
kwR9Ir7aUN8,2,0,0.0,95.6,176.5,67.1,0.2961,0.0074,0.0279,0.37
8oIXrxEGL8g,2,1,0.5,59.9,93.7,69.2,0.1451,0.0199,0.0158,0.0927
TNZaHEJxDf4,2,0,0.0,73.4,156.1,75.2,0.1881,0.0127,0.0185,0.0283
pKYHjt5II5A,4,2,0.5,116.6,129.0,75.5,0.2747,0.0441,0.0514,0.1872
vaaPM33316o,1,1,1.0,57.4,118.9,83.6,0.0588,0.0031,0.0283,0.0803
30z5h7PqkNI,2,0,0.0,45.5,165.4,71.7,0.0354,0.0214,0.0489,0.0077
d-7i5VHewPA,2,1,0.5,52.3,131.6,70.9,0.0078,0.0086,0.0234,0.2166
YXGwlPJvhJ4,0,0,0,50.6,138.6,49.9,0.0449,0.0271,0.0796,0
wAdRY47TNJc,0,0,0,66.7,146.0,84.7,0.0876,0.1169,0.0424,0
cCbLEIfHa4s,3,2,0.667,88.0,86.2,68.1,0.0895,0.04,0.0457,0.1081
_Nv1EzMnRpk,1,1,1.0,110.7,169.3,88.5,0.0711,0.0664,0.0724,0.2072
MuClE_GnxMM,2,1,0.5,91.9,150.0,92.1,0.1298,0.0043,0.0706,0.1867
PJPopXo2JNc,4,0,0.0,43.1,184.9,72.5,0.0945,0.0202,0.1025,0.0172
jiFD0wxTPoc,5,1,0.2,143.4,181.5,69.1,0.5648,0.0481,0.0514,0.1815
CbJWLbn3_-E,1,0,0.0,148.2,140.3,88.0,0.1156,0.0423,0.1159,0.0056
j3lFg6TItQs,1,0,0.0,81.2,135.6,67.4,0.0449,0.0431,0.0332,0.0053
rzYe6jdSJbE,2,0,0.0,49.8,122.2,71.9,0.0548,0.0454,0.0901,0.0058
i1ncbGXpC7o,1,0,0.0,166.7,99.1,73.1,0.1263,0.2283,0.0076,0.0029
KLO0WXru-yI,3,1,0.333,112.8,178.9,80.8,0.1773,0.0408,0.06,0.1785
Ib5pvJ9s8qM,1,0,0.0,107.6,156.8,85.9,0.155,0.015,0.0921,0.0344
8SmxKXT9_Ww,1,0,0.0,51.3,139.3,56.1,0.0228,0.0199,0.0524,0.0094
SjNjUCtXB5A,2,1,0.5,76.1,198.8,61.0,0.0248,0.2043,0.0865,0.0661
zMPm5Ybnw6M,0,0,0,60.2,171.3,90.5,0.0721,0.0245,0.0796,0
RZirObOhzSk,2,2,1.0,40.3,174.8,93.9,0.0353,0.0012,0.047,0.118
5KeOJgBrVdE,1,1,1.0,47.2,106.9,61.4,0.0703,0.0152,0.0317,0.0774
m9MmngQecog,1,0,0.0,68.4,132.4,51.8,0.0198,0.1342,0.0323,0.0774
hQpHozkPu6I,1,0,0.0,118.7,189.7,80.1,0.2144,0.0741,0.1489,0.1284
1Zjx4ITQUE0,4,1,0.25,29.9,157.3,95.3,0.0207,0.0061,0.0575,0.0941
E2COdEnqRhc,2,1,0.5,172.7,221.4,96.1,0.0611,0.3105,0.0609,0.08
NnnXziRO0YM,2,1,0.5,72.5,171.7,77.2,0.0808,0.049,0.0535,0.1523
pAy7mI3s4Uw,1,0,0.0,50.9,39.0,42.6,0.0357,0.0457,0.0132,0.0336
UvyjsYC8utM,1,1,1.0,56.3,117.3,81.4,0.0688,0.0154,0.0555,0.1063
263fAaOMzSU,1,0,0.0,184.1,137.9,85.4,0.1125,0.3214,0.0459,0.0189
LGfuWpb8KBs,1,1,1.0,123.1,159.6,91.7,0.2314,0.0117,0.1202,0.1406
62PYfTXB3FU,1,0,0.0,98.5,182.2,84.6,0.0181,0.2693,0.0712,0.0056
RxbmSXxp-k0,2,0,0.0,64.2,125.3,74.4,0.0499,0.1635,0.0231,0.0441
8cCN2NNGzyQ,7,2,0.286,92.7,164.1,85.9,0.0702,0.0974,0.0785,0.1185
L-ty96YVx1E,1,1,1.0,93.8,186.2,91.8,0.0103,0.0548,0.0552,0.0392
90ap_6pukz8,1,0,0.0,99.4,148.8,74.5,0.1386,0.0475,0.0442,0.1383
n1im2gPYoBk,3,0,0.0,102.7,172.6,83.3,0.116,0.0176,0.0875,0.0446
uM-CMVMCAWQ,1,0,0.0,82.6,99.5,76.8,0.0174,0.1792,0.0843,0.1183
1kRtcoaw3J8,2,0,0.0,86.5,136.8,69.3,0.1641,0.0387,0.0702,0.0189
L5gG4HIUxJA,3,0,0.0,113.5,117.3,71.4,0.1897,0.0459,0.0972,0.0336
bRZwIE5G-sk,6,0,0.0,42.2,169.2,83.5,0.0545,0.0148,0.0528,0.0586
NTYQ1VnUUkQ,0,0,0,102.8,151.6,90.5,0.1728,0.033,0.0479,0
V7IVHKEa1T8,3,0,0.0,90.7,155.0,86.8,0.0912,0.0584,0.0834,0.0418
dEo0mGg7HA4,3,1,0.333,69.7,129.5,67.9,0.1079,0.0203,0.0451,0.1128
-2ZhvwO1Uw0,1,0,0.0,92.4,170.3,84.5,0.0933,0.0788,0.0662,0.0384
VeiKrzUsHTc,2,0,0.0,67.7,149.8,87.6,0.0244,0.0077,0.0697,0.0214
gKyif-XFNLQ,1,0,0.0,152.9,194.0,77.2,0.3283,0.1542,0.0452,0.0178
H1oXlZVU3Wg,1,0,0.0,92.5,139.5,64.9,0.2407,0.0424,0.0421,0.0035
ZXlwf4fRYxU,1,0,0.0,57.2,104.6,77.3,0.0658,0.0337,0.0813,0.0626
uYYHTwTWuCY,2,0,0.0,95.6,111.9,91.2,0.0322,0.2162,0.0784,0.078
fgKgybCcTBs,4,0,0.0,112.5,177.5,82.4,0.1369,0.0464,0.1623,0.2137
GgTwMDX6kEg,1,0,0.0,73.4,110.8,92.6,0.1329,0.0226,0.1127,0.026
FGlhhL37860,3,0,0.0,50.6,194.4,57.9,0.1232,0.0029,0.0587,0.1111
QQi9Kh3XetM,4,0,0.0,68.5,185.7,63.9,0.022,0.0622,0.059,0.119
-mG8NLxs0xM,3,1,0.333,78.2,175.9,71.9,0.0885,0.0341,0.1082,0.1553
UWMapkBehm8,2,0,0.0,72.0,161.8,74.3,0.0971,0.0948,0.0865,0.0766
-eArubsrrkE,1,0,0.0,53.4,208.9,65.1,0.068,0.0122,0.0899,0.003
azlJPa4NvJI,2,0,0.0,80.0,175.0,80.7,0.1111,0.0494,0.0704,0.0466
UGSFLPGqckQ,3,0,0.0,84.1,169.1,69.9,0.1603,0.0302,0.0836,0.0769
8rGI4_6tWII,2,0,0.0,71.6,168.0,74.4,0.0304,0.0005,0.046,0.0212
g8kqv_OHOSA,0,0,0,44.1,128.3,56.3,0.0595,0.0097,0.039,0
I03mpZ05b0Q,1,0,0.0,72.6,167.4,71.4,0.0973,0.0042,0.0807,0.0014
TfNwvsS-4pU,1,0,0.0,54.1,161.4,69.2,0.0144,0.0191,0.0886,0.0222
s2abiCs34nU,1,0,0.0,71.7,146.3,77.3,0.062,0.0114,0.0523,0.0117
lkvhFO81TTw,5,0,0.0,52.9,143.0,69.2,0.0476,0.0184,0.0453,0.0837
8bM6CkP192E,4,0,0.0,59.7,158.4,79.1,0.125,0.0006,0.054,0.033
RNu7GlK0a-Y,1,0,0.0,59.7,184.0,72.5,0.0613,0.077,0.067,0.0016
pfR456cxShM,1,0,0.0,77.3,171.7,68.0,0.2039,0.0072,0.0546,0.0029
th9w_upxWDA,0,0,0,71.5,172.7,77.0,0.0598,0.0027,0.0746,0
NCyPWhuOg2o,1,0,0.0,85.3,77.9,78.4,0.0099,0.0046,0.054,0.0638
duJZPZynxcU,1,0,0.0,21.4,119.6,86.4,0.0067,0.0031,0.0516,0.0188
NtBZHPEbyas,0,0,0,55.8,89.0,74.7,0.0482,0.0037,0.074,0
u34b2BsnH80,1,0,0.0,57.4,146.8,84.3,0.0551,0.0055,0.0594,0.1125
3Pbk8RmZBWU,7,1,0.143,99.9,153.4,71.2,0.0921,0.026,0.1168,0.171
3OE3_VPEwHY,1,0,0.0,57.9,104.8,90.6,0.0404,0.0045,0.0774,0.1024
fJGz8DpbDX0,1,0,0.0,94.2,144.5,68.9,0.0308,0.0118,0.0731,0.0075
X1l-gN3kTUw,1,0,0.0,51.1,191.6,65.3,0.0548,0.0024,0.0505,0.0469
B--XsuTSYEE,0,0,0,47.5,111.9,88.2,0.0202,0.0046,0.083,0
uCuvXIgsD3I,5,0,0.0,115.5,108.3,80.1,0.3524,0.0216,0.0576,0.0597
3RTiDTM1elw,1,0,0.0,62.2,196.1,66.5,0.0955,0.0161,0.0564,0.0037
RPmJYPeDJd0,0,0,0,68.7,161.3,73.6,0.065,0.0196,0.0496,0
EgQf1iZSGoE,2,0,0.0,54.6,187.5,71.3,0.0098,0.0001,0.04,0.008
BFcz3ZUtRsg,3,1,0.333,97.7,159.4,74.6,0.217,0.0285,0.1197,0.0706
hfJRhS2WoAM,2,0,0.0,92.2,143.4,66.3,0.1092,0.0104,0.0716,0.0405
ku8GBRNklDg,2,0,0.0,27.5,192.1,52.4,0.0207,0.0014,0.0551,0.0605
puKEmDDHcgY,1,0,0.0,110.2,138.1,75.8,0.0144,0.0055,0.1065,0.0038
DEoO2vKrYqE,3,1,0.333,109.9,151.6,70.8,0.0531,0.1643,0.0656,0.1667
mIPhPWpILbE,2,0,0.0,68.8,119.8,82.8,0.1153,0.0065,0.0707,0.0838
KAQO5o5CNNk,3,0,0.0,30.0,167.6,61.6,0.0265,0.004,0.0398,0.0386
mm6E-SCok5c,2,1,0.5,111.7,156.4,73.7,0.3256,0.0072,0.0528,0.1736
ENNxTA9Gi9k,1,0,0.0,48.2,130.3,92.2,0.0259,0.0043,0.0681,0.0399
QxphzjsCmbk,1,0,0.0,110.2,182.4,78.4,0.1644,0.0136,0.0427,0.1676
a6yAfvrno-A,2,0,0.0,50.2,123.9,80.6,0.1776,0.0005,0.0184,0.382
LV6QswHfLNo,2,1,0.5,122.2,172.7,90.2,0.1214,0.007,0.0319,0.2336
-NCEA5dPH5c,1,0,0.0,124.9,167.1,88.3,0.3807,0.0199,0.1119,0.0204
FuAY8CExjwc,2,1,0.5,93.2,184.4,74.0,0.1112,0.067,0.0371,0.1664
qVrU7g5Di2A,2,0,0.0,99.8,90.5,81.1,0.1229,0.0238,0.0684,0.049
3CdKjWH-0m8,3,0,0.0,83.8,125.2,85.8,0.1254,0.0174,0.103,0.06
oIjxcMs-O28,1,0,0.0,49.2,113.1,84.2,0.0826,0.0089,0.1059,0.0284
LZgaufw7Sl4,7,0,0.0,101.4,170.9,77.5,0.136,0.0253,0.075,0.1313
VvsX-To-DBs,2,0,0.0,70.9,123.3,90.0,0.1632,0.0036,0.1172,0.0849
avvDBjLbEok,1,0,0.0,47.6,115.3,97.0,0.0366,0.001,0.0719,0.0713
GK0xRRc1ok8,1,0,0.0,111.9,140.2,68.1,0.1667,0.2421,0.1031,0.0059
Fjnx321Kv0Y,1,1,1.0,93.4,113.4,79.1,0.1248,0.0482,0.0446,0.2407
vTAVYngKSs0,1,1,1.0,122.3,167.5,76.7,0.0549,0.4014,0.0136,0.3959
hTgdVwMtIgg,7,0,0.0,95.8,167.8,72.3,0.0312,0.0313,0.0693,0.0552
8AbupW_aNmA,2,0,0.0,147.2,135.6,73.1,0.1377,0.0594,0.0571,0.1205
48KJDJD0BkY,1,0,0.0,41.9,141.0,100.7,0.045,0.002,0.0569,0.1024
9KoX61xFqpM,3,1,0.333,90.6,182.5,67.1,0.1376,0.0324,0.1012,0.0411
i5KR3FvoLbs,0,0,0,88.1,173.8,75.4,0.0795,0.0108,0.105,0
xaVb7WMWyvQ,4,1,0.25,64.5,209.0,59.2,0.0721,0.0432,0.0378,0.2248
IFBJPfm1Vh4,8,0,0.0,101.1,118.6,74.2,0.0475,0.1521,0.1261,0.0875
1VhPoB_QO9c,1,0,0.0,179.2,178.4,72.1,0.0411,0.0001,0.0226,0.0261
atWXnnpjyGw,4,1,0.25,92.7,159.4,88.6,0.2424,0.0087,0.0456,0.181
6olMvZoHgIg,6,0,0.0,86.3,171.3,76.0,0.2726,0.0047,0.0743,0.103
O_oDNhlmKBA,5,0,0.0,87.1,190.4,72.8,0.1263,0.0302,0.0786,0.1584
3lMHOY1He_E,3,0,0.0,76.3,127.6,65.3,0.0979,0.0027,0.0471,0.0757
KRB5wOyHplo,2,0,0.0,92.2,158.4,80.3,0.1224,0.0094,0.0705,0.2269
WJMqPOd_RPk,2,0,0.0,100.0,188.8,76.0,0.1203,0.0498,0.0809,0.2019
WtOGf66BHLE,1,0,0.0,88.6,182.7,67.1,0.2496,0.0055,0.1209,0.0355
mwI4aUsxpOg,1,1,1.0,101.9,173.9,63.6,0.0319,0.0045,0.0524,0.2417
y_E57O8Ed7s,2,2,1.0,52.9,203.1,48.1,0.077,0.0003,0.0681,0.176
U4xX9Gp2EKk,1,0,0.0,93.5,187.4,76.6,0.0815,0.0927,0.0248,0.2217
9tJ8MK1HNik,3,1,0.333,106.7,136.0,64.5,0.1424,0.02,0.1403,0.4162
WLOcDj6K6jM,3,0,0.0,107.6,163.7,72.0,0.2722,0.0052,0.0392,0.0504
HT-YugXl_jA,3,1,0.333,128.9,168.8,81.5,0.3745,0.081,0.0697,0.1939
JSG5ROKYTnc,2,0,0.0,85.8,171.7,73.5,0.1825,0.0355,0.0562,0.2949
bYZ2fIpyDFI,1,0,0.0,91.2,214.1,68.1,0.2688,0.0008,0.075,0.0073
zgnZkbDKrzE,3,0,0.0,64.5,161.1,66.7,0.0509,0.0009,0.0361,0.0765
jHzED_XrCEY,0,0,0,83.0,174.5,67.7,0.1263,0.1084,0.0648,0
8iGpBZgTFfk,3,1,0.333,82.9,162.6,60.2,0.1565,0.0012,0.0257,0.2996
rxdBClx0LjU,2,0,0.0,149.2,151.1,71.2,0.0603,0.0667,0.0661,0.0788
SOd86o4kens,3,1,0.333,78.0,206.9,62.3,0.1059,0.0191,0.0674,0.382
qFeme3g3gFo,8,0,0.0,97.6,159.7,65.1,0.1203,0.0061,0.0548,0.0831
yEVcGp0_BUE,1,0,0.0,134.3,178.3,80.0,0.1465,0.0116,0.0623,0.0033
MVyaiooglf0,2,1,0.5,95.2,166.3,74.7,0.2798,0.0076,0.0484,0.1218
y3p6h7ywfa4,1,0,0.0,80.2,144.1,64.6,0.1515,0.019,0.0283,0.0447
bHMryT8FHI0,2,1,0.5,74.0,163.5,73.6,0.0637,0.041,0.0477,0.2141
WDedqBCGwC4,8,3,0.375,99.7,160.0,70.8,0.0505,0.0219,0.0886,0.126
walsgt38SBs,2,1,0.5,102.5,155.0,71.9,0.2918,0.0144,0.0614,0.1632
tabp1mk3jrw,0,0,0,132.4,200.2,66.9,0.0077,0.0065,0.0957,0
hWtWqTlxGlg,2,1,0.5,104.8,187.8,68.0,0.236,0.0024,0.0495,0.1194
Xjp-3jylvj8,3,1,0.333,106.0,154.3,72.0,0.1344,0.0675,0.0609,0.3266
97AQ1r4hMKU,6,2,0.333,128.5,179.7,75.3,0.3338,0.0598,0.0382,0.245
BT3GJDehxxk,2,0,0.0,66.3,184.6,69.6,0.1712,0.0028,0.0426,0.0766
Bpn4juXhiqM,2,2,1.0,87.7,76.6,52.1,0.045,0.0774,0.0457,0.1988
GyzyoA1ra4s,0,0,0,119.9,157.3,81.8,0.0873,0.2081,0.0305,0
Znt4NaJr568,1,0,0.0,113.3,64.0,54.4,0.0782,0.3581,0.0131,0.1923
4E4QQgnUlXo,1,0,0.0,62.9,121.3,82.5,0.1368,0.0033,0.0528,0.1422
k9az9tr-rpU,4,0,0.0,72.6,81.3,78.3,0.1049,0.0193,0.0129,0.3079
PPWob34f_QY,1,1,1.0,95.6,139.5,68.3,0.2581,0.0191,0.0369,0.2316
twXx4kGh65U,3,1,0.333,101.9,142.0,61.0,0.0688,0.0485,0.0535,0.0374
mkr-yyx-78Y,2,0,0.0,63.7,109.5,75.5,0.0098,0.0151,0.0325,0.1697
TW3ggk_2NAk,4,0,0.0,128.3,167.1,86.0,0.3889,0.1108,0.0479,0.1153
U384Sw30uWI,2,1,0.5,97.3,109.1,67.5,0.0843,0.0296,0.039,0.1464
O1yWajt7Ap4,3,1,0.333,162.0,153.3,72.4,0.1978,0.1697,0.0437,0.2081
vbnlZQI3DNk,3,0,0.0,67.3,115.2,62.4,0.0487,0.0239,0.0296,0.3807
DXJT43_VP2c,2,0,0.0,69.3,147.2,75.7,0.0532,0.0467,0.0192,0.1763
DmZIxA1_fT4,1,1,1.0,95.4,149.8,54.7,0.0715,0.1868,0.0226,0.3701
gGOxvKoaGDw,1,0,0.0,122.0,143.6,67.9,0.1588,0.0388,0.0723,0.1896
YXON5vIPef0,2,2,1.0,106.8,105.8,71.9,0.1277,0.1065,0.0267,0.1957
8BQsxw6neUI,1,0,0.0,127.5,187.8,101.7,0.0614,0.0018,0.0482,0.2266
lVS5-GQ91vo,1,0,0.0,137.5,141.6,58.9,0.2777,0.0239,0.0505,0.0106
E-W4eTawrZU,4,2,0.5,83.9,112.2,64.9,0.0439,0.0215,0.0358,0.3697
tDUKH6adf78,2,0,0.0,87.0,167.5,69.4,0.0454,0.0263,0.0553,0.3082
-0mjhhidRJA,1,0,0.0,44.5,110.5,81.9,0.0209,0.0326,0.0154,0.2438
5VyLo4amFqs,2,1,0.5,91.6,157.8,64.3,0.266,0.0299,0.0961,0.0796
27sINSzSxMY,3,1,0.333,79.1,144.6,86.1,0.1964,0.007,0.062,0.0721
6DBKhVsSW9k,1,0,0.0,130.5,189.9,96.9,0.0937,0.0026,0.0466,0.2178
sCxBKt-t1WU,1,0,0.0,164.0,98.1,65.3,0.6055,0.0037,0.0115,0.1754
8Kfmesb2zVk,3,2,0.667,61.2,137.3,66.8,0.0122,0.0709,0.0434,0.1849
QixOgSO80Kk,3,0,0.0,102.9,125.2,61.8,0.1013,0.1116,0.0467,0.3422
ctrXo9sDbf0,2,0,0.0,123.3,113.8,65.2,0.1058,0.1047,0.0406,0.3814
w2QXJNzddVw,3,0,0.0,90.1,115.1,58.1,0.0516,0.0226,0.0417,0.0975
Y9P_KOUxX3M,2,0,0.0,72.7,93.1,62.8,0.0889,0.0426,0.0198,0.1704
vsbMPsLkVa4,1,0,0.0,76.9,162.8,70.0,0.0807,0.0298,0.071,0.0058
xkoTF87N5CI,4,1,0.25,86.5,136.3,67.8,0.0733,0.013,0.2062,0.2205
XHUVRoJQXAo,1,0,0.0,73.3,115.5,73.5,0.1577,0.0064,0.1213,0.1869
K212Pm27bpo,3,2,0.667,71.7,114.7,60.5,0.0938,0.0272,0.0352,0.1547
mIh8jBftz7I,1,1,1.0,166.3,181.1,90.7,0.2727,0.4983,0.0177,0.2584
qIcMfcooetA,1,0,0.0,89.2,145.7,62.9,0.0536,0.0244,0.0552,0.3638
fuLwRVsLMfg,3,1,0.333,167.7,132.5,68.2,0.0903,0.1261,0.0771,0.2407
FNqrmE_mDBY,4,1,0.25,84.3,93.1,54.5,0.0475,0.1239,0.02,0.2266
rKv7i3vjKiI,3,0,0.0,83.6,158.2,71.9,0.05,0.0381,0.0697,0.5675
HjazZNJ878w,1,0,0.0,175.8,126.1,63.2,0.334,0.1643,0.0261,0.121
YwbmMedc2jo,3,1,0.333,90.6,103.8,60.9,0.0787,0.0652,0.0267,0.1776
kdy6LH0bk0Y,5,0,0.0,104.3,131.5,68.4,0.2572,0.1266,0.135,0.0888
k055o7H4-ow,1,0,0.0,57.5,126.3,69.4,0.0214,0.0122,0.1746,0.1502
QVAPZqjXTRw,2,0,0.0,144.1,147.9,73.5,0.0815,0.0604,0.0297,0.1047
eVb345k6J18,1,0,0.0,161.5,177.6,93.6,0.2414,0.2662,0.1034,0.0134
DZm2JpiC7cU,2,1,0.5,114.3,117.1,56.4,0.1214,0.0454,0.0197,0.4583
mRrrXsdQFXU,7,1,0.143,64.0,93.2,62.2,0.0511,0.0207,0.0605,0.2264
1buGpJ02Hcg,3,2,0.667,108.0,99.3,65.7,0.1816,0.1369,0.0754,0.1705
_Bgm4My2NHg,1,1,1.0,72.1,120.7,59.4,0.0416,0.0797,0.0097,0.3675
iATHoji_drQ,1,0,0.0,114.4,137.0,71.5,0.0149,0.065,0.0392,0.1398
Jh3OzJtgwsw,0,0,0,61.2,139.6,77.1,0.0033,0.0913,0.0663,0
zQ8LhywP6wA,4,0,0.0,89.7,188.0,62.2,0.1381,0.0263,0.0611,0.1363
Sr7yaWNNsns,7,0,0.0,98.5,169.4,83.2,0.0738,0.0343,0.1016,0.0612
JRjQPJ8TFQk,1,0,0.0,72.1,203.7,74.3,0.1194,0.0114,0.0771,0.0192
RfAOehytYVI,2,0,0.0,119.4,160.0,71.5,0.2741,0.034,0.1334,0.0172
7KKO3NT8-Tw,1,0,0.0,169.6,168.8,111.4,0.1404,0.453,0.0775,0.0201
wFrXk3Io7UI,5,0,0.0,78.1,161.5,72.4,0.0438,0.0162,0.1113,0.0774
b9Qj4XEbk2k,10,0,0.0,79.2,158.2,67.2,0.0818,0.1768,0.1287,0.1882
MuyB7v-RKLU,1,0,0.0,102.1,174.6,72.7,0.0846,0.1532,0.1714,0.0183
fRIG0jQtXO4,6,0,0.0,124.6,190.0,73.5,0.0651,0.0989,0.1356,0.1859
onIL3Yq7b-w,2,0,0.0,82.8,137.7,63.5,0.0919,0.0197,0.0758,0.0596
iKfE4LSZvBY,4,0,0.0,94.7,154.0,73.3,0.0233,0.1375,0.0924,0.0952
08W8oXL35zc,2,1,0.5,139.7,181.0,75.1,0.0626,0.0225,0.125,0.2066
Sr1dRutRUFs,7,0,0.0,101.0,203.6,75.5,0.0797,0.0556,0.0846,0.032
mt9SaGY_fco,1,0,0.0,125.3,132.8,68.1,0.0526,0.1218,0.0881,0.0046
zTulC0qOXjM,5,1,0.2,108.6,179.4,56.6,0.0672,0.1052,0.0742,0.1594
vA9q0ieXKtc,3,0,0.0,109.5,178.3,72.8,0.0313,0.0679,0.091,0.0974
WvJePRwDW1I,2,0,0.0,103.4,164.6,81.8,0.0808,0.1056,0.0886,0.0837
3jkNdDzr8aI,10,0,0.0,95.8,145.9,74.3,0.0672,0.0805,0.1225,0.0723
-3cjzIvEK2Y,2,0,0.0,143.4,193.8,77.6,0.3002,0.068,0.0585,0.0472
fecAJWhQZW8,4,1,0.25,95.2,197.3,60.1,0.0488,0.0023,0.037,0.0781
cU2TsoXDAhw,1,0,0.0,97.8,148.0,65.1,0.1267,0.0006,0.057,0.0488
Y7omIZIydv0,4,0,0.0,88.3,199.0,78.0,0.0549,0.011,0.0616,0.086
NUso5iFFXW8,6,0,0.0,146.6,139.0,85.7,0.0696,0.0066,0.0916,0.1546
KWYzRTenKfY,1,0,0.0,87.5,142.8,66.6,0.0251,0.1724,0.0565,0.0028
k__XTSmkVc8,2,1,0.5,116.6,126.6,71.9,0.0525,0.0339,0.04,0.1552
MQcpwixXp5o,4,0,0.0,116.0,160.3,73.4,0.2076,0.0455,0.074,0.097
qSw_3MNW5gE,6,0,0.0,104.5,194.2,75.9,0.1983,0.0311,0.0818,0.1348
lICkL49y1FU,5,0,0.0,115.0,162.8,74.1,0.1556,0.0695,0.0886,0.124
U7Yh_Iu6yPQ,3,0,0.0,85.3,167.6,60.6,0.0248,0.0688,0.102,0.0569
fjX1jgfS4yw,5,0,0.0,110.2,123.6,60.6,0.0153,0.1468,0.1311,0.1179
yGIx25FDMyg,4,0,0.0,87.6,168.6,69.9,0.0451,0.0295,0.0687,0.0426
LVAUCnKFcMg,3,0,0.0,76.0,150.9,70.5,0.0918,0.0245,0.1541,0.1014
UQPeC1tEmTg,3,0,0.0,57.6,136.4,55.6,0.0288,0.0166,0.0338,0.0823
Zx9OZEAA0n0,2,0,0.0,72.1,187.0,58.5,0.0463,0.0446,0.0852,0.1562
eTzPNyILiLs,3,0,0.0,100.5,145.5,73.3,0.0863,0.1278,0.0292,0.0259
aX4e-7FlnRw,4,0,0.0,101.5,184.7,76.9,0.2735,0.1048,0.167,0.1609
s-Wic4NWBbo,8,1,0.125,117.2,194.4,77.3,0.1645,0.0087,0.0715,0.2204
GxL2oEtIMEE,1,0,0.0,139.3,220.3,74.5,0.086,0.003,0.0987,0.0875
MHPT-hNF7ZY,2,0,0.0,105.5,170.2,69.2,0.0196,0.2256,0.0634,0.041
lm-ityNOSso,5,0,0.0,77.7,199.7,78.9,0.085,0.1056,0.0719,0.1289
Kc_-JScXyD8,2,0,0.0,81.4,152.3,67.8,0.0562,0.1053,0.0481,0.0159
Cau_KjX91m4,7,0,0.0,130.4,192.4,77.8,0.141,0.1032,0.075,0.0736
hXr-C77Nvjw,3,0,0.0,153.4,76.6,77.0,0.1233,0.0164,0.0364,0.0971
7VpA8hDWZrM,4,0,0.0,124.2,168.7,59.9,0.0125,0.339,0.0367,0.1027
-EG5dKMlBB0,3,0,0.0,154.5,154.2,76.9,0.2605,0.1081,0.0658,0.0988
1xBKtusQJww,4,0,0.0,108.7,195.7,72.1,0.1483,0.0489,0.1038,0.1489
LdwLjNO1sE4,9,0,0.0,105.5,151.8,78.2,0.182,0.0412,0.0997,0.1521
Fmjqa1cR64k,3,0,0.0,77.9,176.0,84.9,0.1309,0.0055,0.0802,0.1251
csYrJMi6d3Y,6,0,0.0,60.1,162.2,69.0,0.1274,0.0014,0.1184,0.1148
Z2zMmROFqWE,4,0,0.0,93.7,156.9,68.1,0.0553,0.0589,0.0647,0.4388
P-jE6P8iBQg,3,0,0.0,119.1,148.6,72.7,0.0499,0.0293,0.0641,0.1433
IR5g9U5EZCo,0,0,0,86.4,100.7,70.2,0.0733,0.04,0.124,0
ilvh7PShS9c,2,0,0.0,59.7,163.9,79.4,0.0346,0.0362,0.0413,0.1894
KDSzCGkhSkM,0,0,0,65.3,111.7,40.3,0.033,0.0164,0.0111,0
6dYiRlbWwy8,1,0,0.0,42.1,178.9,101.4,0.0311,0.0267,0.0701,0.0094
Vrv8JmHvSbA,2,0,0.0,42.2,135.4,83.7,0.0267,0.0141,0.059,0.0197
SxSA-a7zVhI,0,0,0,68.2,118.4,79.2,0.054,0.0201,0.0815,0
JYI95jCLBPk,4,0,0.0,166.9,220.9,86.2,0.0805,0.1371,0.0635,0.2759
Bpz-vM7UW9U,9,0,0.0,135.3,126.6,68.7,0.1498,0.0328,0.0626,0.0502
Q7YTUdvGaT8,2,0,0.0,92.6,80.1,53.6,0.0175,0.0705,0.0374,0.0455
CTqNWDlt7PM,3,0,0.0,127.5,50.2,59.1,0.1042,0.0626,0.0613,0.0138
MRF1vY6RNqY,0,0,0,89.2,167.2,84.5,0.0047,0.0007,0.0068,0
o4x8A04EozY,2,0,0.0,70.4,138.4,91.7,0.0721,0.135,0.0775,0.0081
c65wnT5hM5w,1,0,0.0,120.0,153.4,62.8,0.0263,0.1233,0.0308,0.0035
pfLM6dtAM0g,6,0,0.0,111.7,149.3,82.7,0.0502,0.0265,0.1062,0.1145
9SAi_DX3ZVY,1,1,1.0,112.3,53.7,51.7,0.0384,0.1439,0.01,0.0506
p81SjnAFxps,1,1,1.0,72.4,67.9,54.3,0.0065,0.0076,0.0367,0.0306
zgYs2Qnk3sY,0,0,0,129.2,112.1,74.1,0.0072,0.008,0.0713,0
N8Kgz2wn6f4,4,2,0.5,133.1,161.8,83.9,0.0679,0.0075,0.0811,0.1013
sR0DLq2lMzU,2,0,0.0,177.2,156.1,92.9,0.0097,0.0341,0.0353,0.1253
dph7FUCjvLM,2,0,0.0,141.1,209.2,81.4,0.0207,0.0022,0.0795,0.0147
HhPY-QjxtHQ,2,0,0.0,141.0,144.7,70.2,0.158,0.1212,0.0871,0.0283
JNMGrbHYUUM,1,0,0.0,132.5,161.4,90.4,0.0086,0.2861,0.0246,0.0064
rWK-xy4tq4k,1,0,0.0,47.5,73.5,70.2,0.0236,0.0075,0.0182,0.0325
u-n28E_MHf8,12,0,0.0,112.5,141.4,77.3,0.1514,0.0297,0.0512,0.0611
EXUuKYHyXPY,2,0,0.0,130.9,220.7,88.7,0.0826,0.0468,0.0409,0.0552
Eg8OvSxmEIM,0,0,0,115.5,65.0,58.2,0.0814,0.1453,0.1578,0
-z8LgaxZEdM,6,0,0.0,131.1,175.6,77.0,0.1085,0.0271,0.1489,0.0745
9eE0GTSsNrk,0,0,0,130.3,209.6,87.9,0.098,0.0931,0.0309,0
ahhe_Q210bs,2,0,0.0,80.5,101.3,84.0,0.0219,0.0222,0.0535,0.0108
8s3G77tC28w,1,1,1.0,86.5,195.5,87.8,0.1349,0.0328,0.0373,0.0417
BqbaDMNjCtY,0,0,0,78.0,131.4,105.2,0.0097,0.0713,0.0886,0
aVzVjrpmmJI,1,0,0.0,116.6,121.1,70.6,0.0028,0.1051,0.1175,0.0015
Zf23JqCZxlU,2,0,0.0,78.2,174.8,73.1,0.0618,0.0065,0.128,0.0664
YRzZEXlkdMQ,3,1,0.333,77.3,61.9,47.9,0.1986,0.0003,0.0146,0.1215
7hneK7fOIWA,0,0,0,84.4,165.8,76.1,0.0727,0.0162,0.0938,0
fT3Q00EPJ9c,4,1,0.25,134.7,196.6,79.9,0.0221,0.1175,0.1613,0.0446
WSNPvVFV3JA,3,0,0.0,61.7,105.1,77.1,0.0951,0.0542,0.016,0.0364
uQDzZp3g3kY,3,1,0.333,100.3,175.5,83.0,0.0289,0.1977,0.0845,0.0309
dARtcG5DFkY,1,0,0.0,144.3,127.2,72.9,0.0718,0.0214,0.1032,0.0559
EVavaq5bIQw,1,0,0.0,150.0,168.9,81.6,0.119,0.0703,0.0876,0.0379
C6aKA3C5Ow8,1,0,0.0,140.5,173.2,75.7,0.0564,0.2361,0.0998,0.0038
-AUuDeSALFc,4,0,0.0,177.2,70.1,59.4,0.551,0.0147,0.042,0.0504
IQKsK8HvgN8,1,0,0.0,152.3,193.5,80.9,0.0536,0.0592,0.0594,0.0156
jBNBM1BbzV0,4,0,0.0,170.3,156.6,78.9,0.0544,0.0537,0.2154,0.0221
IHbM6f9u-q0,2,0,0.0,108.6,136.5,62.9,0.0137,0.0147,0.0417,0.0248
KBW69ewEMJ0,2,1,0.5,157.3,215.9,83.3,0.1721,0.0162,0.0463,0.0686
5FYOa4vKyRU,4,0,0.0,184.3,191.6,85.6,0.2246,0.0679,0.0547,0.1293
5hTla05A4zI,4,0,0.0,105.5,185.1,73.0,0.1019,0.1077,0.1455,0.0744
3OVMg6OkWPs,2,1,0.5,95.6,230.9,73.1,0.0178,0.0681,0.0563,0.0833
PiZlwdRiuhI,3,1,0.333,83.9,197.8,56.9,0.0144,0.1501,0.0197,0.12
rHRSpoWNx5c,5,1,0.2,131.5,227.5,88.3,0.0796,0.0737,0.0785,0.0591
tNvznbUydvc,3,1,0.333,134.4,166.2,84.1,0.1,0.0621,0.0761,0.0711
0cqvfMOzok0,2,1,0.5,123.0,214.5,83.1,0.1912,0.0588,0.0369,0.063
Wfg-ucn4AbY,1,0,0.0,48.4,86.4,74.8,0.0563,0.0132,0.05,0.0071
yBQMbRtIMqA,3,1,0.333,74.5,212.1,66.8,0.0475,0.0835,0.1059,0.1399
PWTngGBLd5s,4,0,0.0,81.1,214.3,77.0,0.0497,0.0768,0.0554,0.0578
m-4lcmCw2Ao,3,1,0.333,127.3,172.9,88.5,0.0275,0.0319,0.0548,0.1313
9uaUsWO3Kdw,2,1,0.5,103.4,230.7,78.8,0.037,0.0484,0.0458,0.2488
innGFkO5gRQ,1,1,1.0,161.6,189.2,82.4,0.1103,0.0309,0.0946,0.0803
XjRI6sb6Sz0,4,0,0.0,122.1,194.4,84.6,0.2079,0.0026,0.1124,0.0297
wDKR0bvhN8M,3,0,0.0,115.8,146.3,84.2,0.1061,0.0787,0.1384,0.0319
XyG2CSrpIiU,2,0,0.0,194.1,203.5,87.1,0.354,0.0575,0.0406,0.0402
lNeY88u_nao,4,1,0.25,161.7,201.9,90.6,0.1078,0.1309,0.0671,0.0476
TpFOQDiGnPY,4,0,0.0,77.0,209.4,64.4,0.0558,0.0671,0.049,0.0274
Hr1uJKDqmH8,2,0,0.0,65.4,223.0,58.6,0.076,0.0252,0.0342,0.1198
92EC5Xfpdb4,2,0,0.0,188.8,173.0,84.3,0.0755,0.0376,0.0912,0.0215
GLVhiScF3tI,2,1,0.5,145.2,214.1,78.6,0.0598,0.2948,0.121,0.0651
3kZyqPSnSYY,5,0,0.0,171.6,168.4,89.8,0.0262,0.2527,0.1514,0.0805
rr4yeTaCT3Y,3,0,0.0,163.7,187.9,94.9,0.4811,0.0298,0.106,0.0142
cmceE0byZMs,3,1,0.333,101.4,215.0,67.3,0.0976,0.0703,0.0519,0.0895
h-YbB6UGcmE,1,0,0.0,97.8,187.8,77.5,0.1503,0.0678,0.1351,0.0029
oZIU4fJmJYk,4,1,0.25,163.0,191.5,97.2,0.3484,0.1201,0.0436,0.1521
yHPxRlTauOU,7,0,0.0,103.6,166.5,74.8,0.211,0.0511,0.0729,0.1055
Y4G41bodDGs,2,0,0.0,68.4,236.5,75.2,0.1852,0.0627,0.039,0.0173
gXTWYwiu0Rw,4,1,0.25,121.4,206.3,87.2,0.1154,0.0771,0.0628,0.0618
nkbVraSykmI,4,0,0.0,66.5,192.9,74.1,0.1255,0.0127,0.0909,0.0257
xTwguplFfZk,4,0,0.0,67.8,214.1,53.3,0.0155,0.0294,0.0571,0.0356
9AOs-4tmb2k,2,0,0.0,94.6,195.2,77.8,0.1941,0.0631,0.0678,0.0085
uUzbpOn5F2o,2,1,0.5,95.7,232.2,80.4,0.1392,0.0503,0.0587,0.076
RMTYsmXHkTo,10,1,0.1,114.7,215.0,74.3,0.0642,0.0614,0.0962,0.0815
hci8E9ticg8,2,0,0.0,171.2,199.5,89.3,0.0466,0.3607,0.0814,0.0148
L-kzbjSC214,3,0,0.0,113.8,186.1,85.3,0.1918,0.0623,0.0682,0.0525
pDSWye6ddvo,8,1,0.125,121.5,209.7,76.3,0.1532,0.162,0.0769,0.0781
yj2lH42rnug,2,0,0.0,100.8,189.3,73.3,0.0477,0.068,0.1775,0.0324
tfqNQzi9xMc,2,1,0.5,150.9,184.8,88.3,0.0364,0.3129,0.0931,0.073
ztsoFB9i5Ko,0,0,0,96.1,147.9,72.3,0.0066,0.0885,0.1628,0
QsaATI1BoCg,1,0,0.0,169.3,190.8,87.9,0.0718,0.1602,0.1804,0.009
0ECiqci-Tdw,1,1,1.0,98.0,195.5,57.6,0.332,0.0037,0.0259,0.1218
H7uX6kb8SS0,2,1,0.5,164.9,186.4,76.6,0.0943,0.2884,0.0798,0.0511
NnYIY05C5K4,2,0,0.0,209.3,206.1,89.9,0.7303,0.0563,0.0803,0.0178
JKn1QSQmcLQ,4,2,0.5,165.3,204.1,85.8,0.1056,0.1519,0.0976,0.1239
cxGJKP88hE8,2,0,0.0,39.5,149.4,68.2,0.0542,0.0006,0.0755,0.0142
WyB4NVtonTs,3,0,0.0,39.2,170.2,69.9,0.0193,0.0275,0.0434,0.0286
ClByqa4EOcs,0,0,0,28.9,154.2,75.2,0.0258,0.0003,0.0204,0
52g5nzKO-e8,1,0,0.0,61.3,159.0,64.4,0.1821,0.009,0.0348,0.0059
EJjS4urp18o,0,0,0,64.2,174.8,69.0,0.0275,0.0137,0.029,0
qmAhBP3hx2g,3,0,0.0,119.0,172.8,76.8,0.12,0.1114,0.1293,0.0686
PcusZbBuBig,1,0,0.0,47.6,184.5,58.1,0.0658,0.0056,0.0228,0.0039
t37_FN77JPU,3,0,0.0,75.8,128.9,82.3,0.0459,0.0677,0.1232,0.0147
_wlj8rECGsY,3,0,0.0,66.2,191.1,77.1,0.0178,0.0001,0.0598,0.0284
zwWylxGTlOk,7,0,0.0,75.4,164.8,62.9,0.109,0.0378,0.0815,0.071
S3PziU6vaJ4,3,0,0.0,88.7,200.1,63.5,0.0579,0.0692,0.0438,0.182
ZQYJcVAlQdI,3,0,0.0,69.7,176.8,72.7,0.0157,0.059,0.0243,0.0093
F3DTNnamtI0,8,0,0.0,77.9,162.5,71.2,0.111,0.0173,0.1302,0.0697
J6kj021vKw4,3,0,0.0,54.0,173.5,69.7,0.0039,0.1032,0.0506,0.0732
LuCGb5ZXlDA,1,0,0.0,69.9,149.8,66.5,0.0523,0.0259,0.0529,0.0028
16LtaND9038,4,0,0.0,52.4,153.5,62.9,0.0553,0.0214,0.0882,0.0363
PSkcC7CG51U,1,1,1.0,45.5,174.7,88.0,0.0042,0.0343,0.0125,0.1502
IR5CH_zbUtw,2,0,0.0,93.5,108.1,66.7,0.1381,0.1023,0.0532,0.0384
OGSAGYbsP5E,1,0,0.0,70.7,198.3,76.4,0.0042,0.0665,0.0774,0.0082
dXuMMMtMgLI,2,0,0.0,47.7,136.3,61.4,0.0497,0.0113,0.0708,0.0152
JStnNunJog0,2,1,0.5,53.5,222.0,52.8,0.016,0.0108,0.0461,0.1199
o5NeRoFojxw,1,0,0.0,93.4,167.8,72.6,0.0258,0.127,0.0479,0.0115
cxxmBiAIXGI,1,1,1.0,62.2,183.8,66.5,0.0837,0.0287,0.1073,0.0247
GyHSDeuiOlc,1,0,0.0,91.9,198.9,71.7,0.2811,0.0737,0.0671,0.2063
uBu6nQHYBjY,1,1,1.0,53.0,169.8,81.6,0.0941,0.0106,0.0616,0.0348
P1NM2FM5WcY,0,0,0,31.0,149.8,58.9,0.0154,0.0017,0.0567,0
m4iDAxiTOYA,1,1,1.0,62.3,130.3,85.9,0.1059,0.0197,0.0397,0.2111
TvknIbIIu50,2,0,0.0,76.1,117.3,79.3,0.0623,0.036,0.07,0.0538
BHg8w49lHfQ,1,0,0.0,68.3,157.2,73.6,0.046,0.0374,0.1459,0.0034
3qUpyUeskHI,0,0,0,34.5,206.1,41.3,0.0078,0.0014,0.0129,0
dZNZE00beLQ,2,0,0.0,97.5,129.0,79.1,0.1483,0.0163,0.0639,0.0307
ICHv_00h0_8,1,0,0.0,81.3,118.5,71.4,0.0298,0.1389,0.0565,0.0075
vWKxg7nSmFc,2,1,0.5,34.4,158.2,49.5,0.0156,0.0037,0.0452,0.0454
vhbyTTqVAjE,1,0,0.0,61.0,180.3,61.7,0.0841,0.0094,0.0599,0.0456
lKw2YtGrcrM,2,1,0.5,135.1,183.4,75.5,0.1562,0.0025,0.0265,0.0919
EiqA-xhTJbU,5,0,0.0,64.1,174.6,68.8,0.093,0.0064,0.0679,0.0655
cQmsSfN4SHI,2,1,0.5,54.5,177.5,75.6,0.0324,0.0081,0.0144,0.1475
nAk-mLphCbQ,2,0,0.0,40.5,190.2,58.7,0.0897,0.0008,0.0602,0.013
2YPQrG1lsJw,2,1,0.5,65.9,184.2,92.9,0.1297,0.0034,0.0253,0.1623
hSM9ju-DjxM,1,1,1.0,65.7,179.7,85.9,0.0158,0.0828,0.1262,0.0756
onGhtv4Ez70,4,0,0.0,68.4,170.2,57.1,0.0235,0.0166,0.0781,0.0294
FFs9bQeaic4,2,0,0.0,127.0,104.6,66.0,0.3657,0.0293,0.0469,0.0255
pMVvoEgYkZI,2,0,0.0,90.2,215.2,70.5,0.0838,0.2289,0.0652,0.0124
HOZbtzHz5tI,2,0,0.0,66.5,125.4,78.8,0.138,0.0323,0.0469,0.0124
LSp2_2XX6F4,1,1,1.0,65.7,197.3,59.9,0.0025,0.1825,0.0232,0.0589
DugUutp96ys,1,0,0.0,33.9,222.5,40.5,0.0261,0.0074,0.0074,0.0025
TVAsYVAjisg,1,0,0.0,44.4,159.5,77.0,0.0389,0.0082,0.0608,0.0344
3VpP6UNqmII,1,0,0.0,83.5,203.6,75.6,0.0203,0.0965,0.0197,0.099
vsjWPAR8P_8,3,1,0.333,97.7,177.4,65.1,0.1794,0.0853,0.0814,0.1446
yPmgHBRUdns,1,0,0.0,154.3,176.1,61.1,0.1069,0.0342,0.0288,0.0175
CvLalvGJz9M,2,0,0.0,76.5,211.8,69.3,0.013,0.0072,0.0606,0.0305
FfPKszFfDa8,3,1,0.333,172.0,171.6,76.2,0.1717,0.0377,0.0821,0.1027
JyAekMdvlp4,3,0,0.0,98.5,201.8,56.0,0.1214,0.0199,0.1136,0.0631
2q5CMPGJ358,2,0,0.0,185.0,223.1,90.4,0.0092,0.1796,0.0337,0.0127
K5vMZmqMPNE,3,1,0.333,118.9,173.7,71.2,0.0157,0.1605,0.0829,0.1358
20ICC2-xj0A,2,0,0.0,165.2,211.0,75.1,0.0397,0.3075,0.0625,0.0116
pTumtP8OXz0,2,0,0.0,99.5,231.5,71.6,0.0842,0.0488,0.0568,0.2677
KPYyRsSHRy4,1,0,0.0,156.0,215.3,83.4,0.17,0.2025,0.0813,0.251
Q0401iiN0nI,2,0,0.0,179.4,230.7,93.7,0.0619,0.01,0.0633,0.1381
AB7kXrla_0w,1,0,0.0,220.2,222.3,93.3,0.0301,0.1742,0.0255,0.0421
elCwDB9erLY,1,1,1.0,151.2,201.5,80.4,0.058,0.0751,0.089,0.0317
lHnv2GxFUVE,6,1,0.167,84.8,179.4,73.4,0.019,0.1125,0.0687,0.1157
XcmEf6DK27E,2,0,0.0,114.3,171.2,62.3,0.1338,0.0937,0.0863,0.139
mGd3SNbav6g,4,0,0.0,127.8,235.4,82.6,0.2704,0.1206,0.1571,0.0617
Z0_ECdM9_4Y,2,2,1.0,102.1,216.4,85.4,0.0174,0.087,0.0427,0.1223
luvG7kvJcQY,4,1,0.25,160.4,233.9,94.7,0.2301,0.0664,0.0502,0.0942
vnMLhiz6azo,3,1,0.333,147.9,216.8,79.4,0.0565,0.1267,0.0542,0.051
MB9OO6YkOYE,3,0,0.0,172.1,166.1,77.5,0.0231,0.105,0.1343,0.0457
4dpiSvzkcyU,3,1,0.333,98.7,187.2,79.5,0.1369,0.0126,0.0561,0.1054
-Pd_D1sr4Pc,1,0,0.0,151.9,205.5,87.2,0.0167,0.0447,0.0833,0.0141
c39WLlkyO2w,2,0,0.0,173.6,190.7,86.6,0.1306,0.0554,0.1344,0.1007
TwySyVXi49c,4,0,0.0,148.4,172.1,69.4,0.0246,0.0689,0.0821,0.0325
4HQvxoduX9c,5,0,0.0,124.7,197.5,71.4,0.1892,0.1539,0.0394,0.5756
cr8wrpVD0KE,1,0,0.0,121.1,231.9,72.5,0.0765,0.0168,0.0382,0.017
lzAMwgyYCDk,2,0,0.0,118.3,162.1,74.7,0.0155,0.3618,0.0553,0.0086
XpdcRN3AxB0,3,1,0.333,149.7,181.0,62.4,0.0527,0.348,0.0943,0.065
z2qOW0c-m34,0,0,0,116.3,169.1,98.2,0.432,0.0005,0.173,0
FMTmv1JwXxM,1,0,0.0,123.0,187.2,74.3,0.1039,0.0792,0.0652,0.0569
BaYQ6Y91C3M,2,1,0.5,180.6,217.7,90.5,0.1094,0.0478,0.076,0.0554
q9P15_JXAIM,1,0,0.0,91.3,177.2,111.9,0.037,0.0692,0.0611,0.0181
J3e9n3V799k,2,0,0.0,82.7,231.3,76.7,0.026,0.0695,0.0399,0.1056
8FwxcrRIOEI,1,0,0.0,52.8,163.3,107.6,0.061,0.0303,0.0744,0.026
6QNpyX8fKjA,5,0,0.0,119.4,180.5,93.7,0.0642,0.0875,0.1487,0.0252
nQZtYC9T77U,3,0,0.0,112.6,124.5,82.6,0.2128,0.1008,0.1386,0.1012
KaJYd1LKSS8,1,0,0.0,84.7,135.8,89.8,0.0445,0.121,0.0835,0.1134
jPIPzqN3DH0,4,0,0.0,169.0,204.5,77.0,0.0667,0.305,0.0711,0.0327
K2KfaDyIcF8,2,0,0.0,123.2,202.8,81.3,0.2719,0.0008,0.0329,0.0457
mS-mH2lYHqA,3,1,0.333,47.9,194.1,75.1,0.0626,0.0243,0.0364,0.1504
RMT_Gq0m_3Q,2,0,0.0,106.4,159.4,94.2,0.0759,0.0776,0.0822,0.0506
8kBHXcfO-R4,2,0,0.0,88.0,180.1,105.6,0.0852,0.092,0.0731,0.1289
CT7MW0M8xPg,0,0,0,63.8,198.9,60.4,0.0055,0.0178,0.0844,0
rsz33Uhp_Lg,1,0,0.0,108.5,202.3,77.3,0.1155,0.0073,0.1129,0.0413
JHVYNJMZ5d4,0,0,0,138.2,141.5,92.6,0.0351,0.2142,0.1466,0
aMYxc1APO8g,5,1,0.2,128.0,194.8,85.6,0.1575,0.0402,0.1254,0.1191
jrh7nCLMooM,4,0,0.0,57.0,178.3,74.5,0.042,0.0008,0.0484,0.1111
PZyzD3oERyM,2,0,0.0,133.0,198.4,89.5,0.0562,0.249,0.0814,0.0158
ydVSN811Js4,3,2,0.667,64.7,198.7,70.0,0.1074,0.0098,0.1107,0.1075
XDR4Y8v7hNs,4,0,0.0,88.6,143.9,93.0,0.0659,0.1106,0.1267,0.09
h7iUIWxcbjE,3,3,1.0,111.3,216.1,78.0,0.1701,0.1212,0.0585,0.4596
1hfaX7AuYEw,2,0,0.0,82.3,213.4,71.7,0.0352,0.1457,0.0823,0.1152
197DBgUhpME,3,2,0.667,47.6,178.0,75.2,0.0767,0.0,0.106,0.132
85dQzj-4Xys,2,1,0.5,94.8,188.4,77.4,0.2436,0.0167,0.0815,0.1396
sdq9Di_-L5g,3,1,0.333,186.7,200.9,85.3,0.1095,0.0733,0.0733,0.3763
xvhvTLCcEwI,2,1,0.5,158.5,176.5,85.1,0.1221,0.0502,0.0601,0.1439
09NSaPCzCnI,1,1,1.0,123.8,232.3,75.2,0.044,0.1758,0.0306,0.1111
_ZufHiGoSZw,3,2,0.667,40.8,230.2,51.9,0.0707,0.0031,0.0489,0.0822
T08WNpTyZxw,2,1,0.5,116.3,193.6,85.8,0.1082,0.0773,0.0984,0.0828
QiM9Zy7MImY,4,2,0.5,103.6,206.1,71.7,0.0445,0.0131,0.0933,0.1578
QMYWH1FfsCY,4,0,0.0,131.3,220.0,79.4,0.0188,0.0123,0.0548,0.0318
BnBNPOoNg_I,1,0,0.0,77.8,187.7,69.2,0.0211,0.0727,0.039,0.0025
Wenn6Cmxxnc,4,1,0.25,149.5,219.4,93.9,0.2629,0.0104,0.0653,0.126
8WfbsPczr2I,1,0,0.0,68.5,176.5,106.0,0.2051,0.0335,0.0776,0.1285
o-mXIhbK6os,3,0,0.0,95.3,206.8,67.2,0.0855,0.1387,0.0458,0.0241
WcV398VHr5U,5,1,0.2,102.6,194.3,71.5,0.0575,0.0292,0.0478,0.0649
VUcJJ3fpNSI,1,0,0.0,73.8,215.2,62.7,0.042,0.0059,0.0426,0.017
s_VJvP6dWjs,4,4,1.0,113.3,198.2,77.4,0.041,0.0593,0.0886,0.1653
NvMcqoWOZh8,3,0,0.0,113.3,187.2,80.3,0.164,0.0302,0.0475,0.0261
n__yL6bvcuE,2,1,0.5,68.6,210.8,79.1,0.0704,0.1153,0.0582,0.0823
3v-zUefUGvs,3,2,0.667,135.4,219.1,83.1,0.0489,0.0136,0.0675,0.1535
5YDPYw7PcTU,2,0,0.0,79.6,190.4,66.1,0.0181,0.0031,0.0315,0.083
xtCWf-b-xYw,2,1,0.5,65.6,187.6,67.3,0.0219,0.0019,0.0577,0.0354
fqkkrLaIlnI,4,0,0.0,109.1,197.6,80.9,0.0212,0.1193,0.0905,0.0485
RpGTrMi_Zr8,0,0,0,78.4,212.5,62.7,0.0879,0.0,0.0687,0
vl7MJM-GIog,3,2,0.667,116.5,189.4,75.9,0.0577,0.0178,0.0746,0.1201
UYD6rfRrMS4,4,0,0.0,61.2,148.1,71.2,0.1146,0.0007,0.0896,0.12
7TBjgXd5Eb8,3,0,0.0,114.1,157.3,92.5,0.0253,0.0019,0.0906,0.0439
mLdBKvaKGSo,2,0,0.0,112.2,183.3,77.2,0.1797,0.1684,0.0327,0.0771
HiWbg-ardDQ,2,0,0.0,77.2,207.6,62.1,0.0191,0.0001,0.0532,0.0586
aLV5U_T2XIQ,4,1,0.25,98.3,146.6,72.4,0.0574,0.0217,0.0785,0.0626
MqLXxfzBPRs,4,0,0.0,147.4,145.8,78.0,0.3271,0.0051,0.0774,0.1376
9VcVhmyY0n8,4,1,0.25,98.9,159.8,66.0,0.0228,0.1794,0.0851,0.1136
EiITTO2LS_w,1,0,0.0,145.3,197.3,73.5,0.0004,0.0024,0.1259,0.1043
M4mYQfIO_yc,3,0,0.0,48.2,222.4,58.0,0.0587,0.0015,0.0588,0.0355
ZOXV_R3Nvhs,2,1,0.5,117.1,167.6,80.8,0.1387,0.076,0.1258,0.1178
NUVynNoq7dc,2,1,0.5,93.8,190.3,61.8,0.0274,0.017,0.0312,0.015
EpTd3Tu3GBs,1,1,1.0,90.3,187.8,82.0,0.0629,0.1362,0.1213,0.2397
4rs4R6eRfyc,1,0,0.0,44.3,207.3,64.1,0.0379,0.0006,0.0776,0.0164
lDM-pR8FvL0,2,0,0.0,83.4,204.3,81.4,0.15,0.0524,0.073,0.07
A95ndjUHACY,2,0,0.0,23.9,237.6,64.8,0.0356,0.0026,0.0452,0.0233
YtQgm9SNbyU,5,0,0.0,96.4,227.6,73.0,0.0898,0.0136,0.0656,0.1025
yP5RNN5yTOE,3,0,0.0,96.7,143.2,93.1,0.1295,0.0314,0.1152,0.1732
TOsZ0kF84Tc,1,0,0.0,79.3,140.4,93.2,0.1061,0.0163,0.057,0.0688
mNoo5RMv8do,1,0,0.0,89.4,240.3,63.7,0.1552,0.0342,0.0549,0.0363
qH8dcQx_zW4,2,0,0.0,48.2,219.6,61.7,0.0927,0.0117,0.0349,0.0679
yOX6e1FVxN8,7,1,0.143,94.9,167.7,72.2,0.0941,0.068,0.0725,0.0512
dxexExNzmM0,5,0,0.0,133.7,167.0,75.7,0.1912,0.0512,0.2224,0.1939
uC_xpl6sLYQ,5,0,0.0,66.4,200.8,90.3,0.1974,0.0143,0.0758,0.0623
BOoATrUlI0o,4,0,0.0,132.0,184.2,83.4,0.114,0.0129,0.1211,0.0425
iRedtYQhfc4,3,0,0.0,77.3,208.0,68.3,0.1201,0.0212,0.0578,0.1703
ikhjoa64ejc,2,0,0.0,64.2,149.3,91.7,0.0243,0.1131,0.1352,0.0397
Cuu27XZUep0,0,0,0,91.5,123.8,79.8,0.0522,0.0097,0.107,0
jZgvEfkebpw,5,0,0.0,98.0,176.0,83.5,0.2447,0.0,0.1031,0.1196
gJhtTjLHqmA,2,0,0.0,132.2,149.2,83.2,0.1702,0.0162,0.1587,0.0328
N6nl59p4Yys,1,0,0.0,128.8,208.1,92.4,0.3715,0.0593,0.0822,0.0367
CefMPGbEkxA,3,0,0.0,120.1,214.3,84.0,0.1029,0.0362,0.1161,0.0393
S0NXQp6HBVw,0,0,0,78.1,234.4,67.1,0.1341,0.0269,0.0639,0
7MZaxkt5t1s,2,0,0.0,109.4,137.8,76.9,0.0984,0.2606,0.0583,0.0249
Zo6iQwYshmc,4,0,0.0,89.9,212.2,73.6,0.0409,0.157,0.0557,0.038
sWjvkfJ_QC8,2,0,0.0,142.7,180.2,85.3,0.1434,0.3097,0.0533,0.029
wZ4zZ59qDjg,6,0,0.0,169.4,209.0,81.4,0.0925,0.285,0.1335,0.0849
ehDKw1t0Tr4,0,0,0,83.2,193.8,71.5,0.0365,0.0472,0.1288,0
ZpWULcg1MnQ,4,0,0.0,60.1,191.6,61.8,0.0421,0.0,0.0434,0.2608
KsS3-WEaaGA,4,0,0.0,68.8,210.4,85.2,0.1101,0.0099,0.073,0.1122
sjzaavgIm5U,1,0,0.0,93.0,206.9,67.9,0.1254,0.0091,0.0517,0.0502
6lLGH77bVF8,2,0,0.0,113.8,211.0,88.5,0.2678,0.0497,0.0587,0.0432
S5v8FxsKxH0,2,0,0.0,58.2,236.4,51.8,0.0566,0.0358,0.0337,0.1888
MhjaBVOvmIs,1,0,0.0,122.4,237.5,73.0,0.0489,0.1504,0.1255,0.0189
JH8avjySfdg,1,0,0.0,89.0,185.5,78.1,0.2888,0.0007,0.0318,0.0502
m9K12-AhuzQ,1,1,1.0,103.1,206.4,90.4,0.3505,0.0531,0.1089,0.1329
jstxIgex15k,3,0,0.0,88.4,210.0,78.5,0.0933,0.0463,0.0819,0.012
81V2tE8ds4Y,5,0,0.0,135.5,206.1,86.2,0.3362,0.0511,0.0765,0.0889
-ScJkCVeN2g,2,0,0.0,101.7,215.7,86.7,0.2897,0.0199,0.0766,0.1849
QknT67Jjzsg,8,1,0.125,88.4,190.9,89.4,0.1419,0.0284,0.0962,0.3235
RQQ_nWqwKF0,3,0,0.0,220.4,231.1,106.2,0.0574,0.3219,0.0567,0.0351
son6wI2pK1A,2,0,0.0,71.3,220.6,62.8,0.0854,0.0124,0.0368,0.0607
jTivyHnwi9k,2,0,0.0,69.6,173.9,75.3,0.0912,0.0002,0.0571,0.2308
uKUBGGRwg4M,1,0,0.0,67.4,161.9,58.4,0.0036,0.2038,0.0405,0.0046
ub77_xg3jWE,4,0,0.0,82.2,176.1,87.0,0.2081,0.0038,0.079,0.1355
WF26iasvUlQ,4,2,0.5,74.4,190.4,94.6,0.1585,0.0584,0.0731,0.1128
NpaaLfCQWO0,1,0,0.0,98.8,207.3,74.5,0.1119,0.0186,0.0797,0.0314
1LV6dBq1gmU,5,0,0.0,210.1,200.7,99.0,0.0268,0.2673,0.0689,0.059
iVvDJhtEmLw,3,0,0.0,89.0,202.4,80.1,0.1877,0.0141,0.0357,0.1302
_kNs66ZmwmM,1,0,0.0,107.6,152.5,100.7,0.0491,0.0213,0.0421,0.2616
nDRgPBIfFi0,0,0,0,127.5,234.5,86.5,0.4923,0.024,0.0605,0
xp07_Z2GAJc,2,0,0.0,98.7,188.0,95.0,0.0667,0.0393,0.0302,0.1827
87B0FHbiL3k,1,0,0.0,45.5,220.1,53.7,0.0104,0.0173,0.0306,0.0075
XrMKFPhOSq4,4,0,0.0,125.2,191.2,78.1,0.226,0.0452,0.0947,0.1203
Niinb59QTLI,5,0,0.0,129.7,239.4,81.5,0.079,0.2105,0.0592,0.0484
6OlstIZ1Teg,1,0,0.0,67.2,206.8,81.3,0.054,0.0049,0.0444,0.1139
y3wVvfnF7FY,3,1,0.333,113.2,198.1,79.7,0.1612,0.0122,0.0774,0.2009
ZCaPyagzinU,6,0,0.0,129.2,137.7,72.4,0.081,0.1353,0.0498,0.0662
6oiDHHJ6H1k,1,0,0.0,63.9,174.3,78.6,0.0611,0.0007,0.024,0.0809
X1S5Q32dnmo,4,0,0.0,54.0,156.7,86.3,0.1191,0.0021,0.0305,0.0756
YZgM_sXcVAc,6,1,0.167,120.8,157.3,75.9,0.1548,0.1181,0.1158,0.0929
CKRHJYvkkac,4,0,0.0,114.0,212.4,79.5,0.053,0.1169,0.06,0.0568
ligjhBcCgPw,4,0,0.0,132.5,144.5,68.8,0.1096,0.0876,0.1013,0.1419
mh_vdPGjml8,10,0,0.0,156.1,174.7,88.2,0.1291,0.0699,0.0728,0.1159
E12rp3pGq7A,2,0,0.0,81.9,153.6,69.1,0.1211,0.03,0.0498,0.0717
kdqbVhu0B6Y,1,0,0.0,137.7,177.5,82.6,0.1179,0.0687,0.0725,0.0039
a57NCpj5To8,3,0,0.0,90.0,157.8,71.1,0.0604,0.0642,0.072,0.011
XJyov53JfWA,7,0,0.0,86.8,195.7,79.0,0.0751,0.0394,0.0541,0.0568
N3Gv9R8YSvc,3,1,0.333,132.3,185.8,78.2,0.106,0.1125,0.0832,0.0885
YUuQ3FZQ6TE,6,0,0.0,93.8,192.1,71.6,0.089,0.0909,0.154,0.0715
V9CsoyHAaNU,1,0,0.0,51.1,214.3,64.0,0.0305,0.0329,0.0523,0.0564
PRfSg_ZlU78,8,0,0.0,102.0,194.2,75.6,0.3869,0.0017,0.0857,0.0957
j0DAkfdg7vI,2,0,0.0,67.7,178.0,83.9,0.1913,0.0118,0.1051,0.0501
R-lwCsbyJNY,5,0,0.0,80.5,198.0,73.9,0.0707,0.172,0.0541,0.0654
R0uu5tXUUoU,4,3,0.75,117.7,176.1,90.1,0.1699,0.1227,0.0831,0.1794
nu6DDeqB4eo,3,0,0.0,54.9,204.2,56.5,0.0985,0.0084,0.0553,0.0893
n7d2muTiwG8,6,0,0.0,102.6,150.3,74.0,0.055,0.0441,0.09,0.0701
hJXEdzDwolo,6,1,0.167,89.1,180.1,75.3,0.1682,0.062,0.0608,0.0917
6aLmPpFBEkk,1,0,0.0,73.0,172.3,71.0,0.0566,0.0589,0.1203,0.0038
hCUMSfuzPos,1,0,0.0,65.7,191.2,72.2,0.0989,0.063,0.0504,0.0797
UkmwELCjwpI,2,0,0.0,76.6,145.0,74.1,0.1047,0.0813,0.0742,0.121
5tNZbGFCLac,5,1,0.2,85.9,205.4,75.0,0.0544,0.0102,0.2101,0.2
1QayJ22nDVk,3,2,0.667,108.0,192.8,74.9,0.1076,0.0796,0.0677,0.1473
YgbMytpPRmw,9,0,0.0,90.1,194.2,84.1,0.0934,0.0188,0.105,0.1283
4od9GxVZKsw,2,1,0.5,73.6,195.0,75.2,0.2467,0.0106,0.091,0.0834
GM7M4a2Zsbk,3,0,0.0,64.8,171.8,74.0,0.0268,0.0338,0.071,0.0411
kczLm-nqTbw,4,0,0.0,137.5,163.5,80.7,0.3581,0.0147,0.0702,0.1312
P96uP6noZX0,4,1,0.25,88.6,186.1,81.2,0.1403,0.0278,0.0813,0.1429
nmehklVCEos,2,0,0.0,111.0,195.3,85.9,0.1353,0.079,0.0703,0.0452
D8MW8IGNkJk,2,0,0.0,59.9,197.6,77.4,0.0772,0.0575,0.0719,0.0636
NQoqY6uATek,10,0,0.0,108.7,189.7,71.7,0.0703,0.1216,0.1669,0.098
lWMtA8KvCgU,3,0,0.0,70.8,186.7,80.3,0.0527,0.0268,0.0427,0.0708
qeChecAFbmQ,4,0,0.0,131.7,219.3,85.3,0.1675,0.0153,0.1006,0.0206
1RZcE4hxhCo,4,0,0.0,72.1,178.3,66.3,0.0621,0.0039,0.0368,0.0984
bc9eVDB3qKc,3,0,0.0,82.5,164.2,76.2,0.053,0.0381,0.0763,0.0522
f87wpHN_tQo,3,0,0.0,72.5,193.0,65.6,0.0279,0.0088,0.0974,0.0305
3DGSKsEM8Yw,7,0,0.0,155.1,187.2,76.9,0.1499,0.0577,0.0891,0.1004
phlvEVS00GE,3,0,0.0,109.3,134.4,68.6,0.0521,0.1926,0.2457,0.0471
U3e_cCCqBtU,6,1,0.167,100.6,180.1,70.2,0.1602,0.0399,0.0819,0.1437
nVbqIsnv5-o,9,0,0.0,143.0,213.4,78.4,0.11,0.0295,0.0988,0.1443
pr6ZmLHpN30,4,1,0.25,138.3,158.4,81.4,0.0481,0.0565,0.0643,0.0472
YIpPrbuelt0,1,1,1.0,81.4,155.2,86.4,0.281,0.0248,0.0905,0.1667
HY8RSKw1qzU,3,0,0.0,123.0,201.5,71.0,0.0895,0.0433,0.1013,0.0433
d_e9wZTgHzw,3,0,0.0,80.1,195.2,73.9,0.076,0.0691,0.0876,0.0965
MPGZqmwLr7A,4,0,0.0,114.6,191.8,76.5,0.1679,0.0588,0.1138,0.1683
xwhaFqfDVJg,3,0,0.0,87.3,145.4,91.2,0.0825,0.0244,0.1035,0.125
zFsh94FvjP8,2,0,0.0,111.5,160.0,75.4,0.0985,0.0792,0.0628,0.0508
cxWMmf9QArQ,5,0,0.0,74.8,93.6,77.6,0.0449,0.0467,0.0861,0.0773
u9BNONVCo0E,3,1,0.333,166.2,204.0,78.4,0.6398,0.0659,0.0488,0.2407
6jE0XSVYd4Y,4,0,0.0,97.5,196.5,80.6,0.0788,0.1032,0.0819,0.0736
jGhfEu_SJKw,3,1,0.333,127.7,147.7,81.5,0.0267,0.2729,0.0944,0.1971
dNWGXRbX7Io,3,1,0.333,102.8,202.7,84.0,0.0344,0.0907,0.0559,0.0761
8frIX7vE26Y,2,1,0.5,100.7,173.5,85.8,0.2007,0.1752,0.0622,0.2557
qtwcz5F6n7E,2,0,0.0,77.1,205.9,72.0,0.1341,0.1088,0.0356,0.0275
aijlMS4N1kE,3,1,0.333,105.0,162.9,75.5,0.2287,0.0029,0.0537,0.2904
qPrcx8k-Upg,5,0,0.0,105.8,154.8,78.5,0.1456,0.0543,0.0665,0.0345
rj7a0PGrWX4,3,2,0.667,96.1,197.0,92.6,0.0121,0.0781,0.0297,0.2019
Oya46RkTr8o,1,1,1.0,103.6,197.0,81.4,0.0695,0.0191,0.0216,0.1016
Ov1EiIilB_E,3,1,0.333,82.7,211.2,62.6,0.0588,0.0074,0.0522,0.129
awDwoQkS9tI,2,1,0.5,100.6,153.3,85.2,0.0401,0.2631,0.0866,0.2043
5crKacT4XW8,2,0,0.0,96.6,165.9,85.0,0.1003,0.0211,0.0771,0.0502
gFA-Qz6WcVY,2,0,0.0,98.5,149.5,79.4,0.0831,0.0098,0.121,0.0211
pWl5H--3YsQ,3,0,0.0,70.7,201.7,93.6,0.1477,0.0281,0.0495,0.1412
Ix9zmO2JjVk,3,0,0.0,84.2,199.8,71.7,0.1164,0.0904,0.0275,0.2245
SSOspDdafuw,3,1,0.333,157.4,160.8,78.3,0.123,0.1149,0.1223,0.1538
edZ5z_n1yXg,2,0,0.0,138.2,160.2,63.6,0.1163,0.0011,0.0528,0.0165
Ei_iRzQbUTA,0,0,0,106.8,184.8,77.1,0.0296,0.0333,0.0241,0
cfhSWvgyUIo,1,1,1.0,83.8,184.8,77.2,0.083,0.0005,0.0542,0.2207
w5VcZBKtaAc,2,1,0.5,92.5,159.4,102.0,0.189,0.0317,0.0553,0.0759
csy_lEvtVcs,4,0,0.0,125.6,171.7,100.5,0.0445,0.0116,0.0417,0.1654
40TQ8-vnoTc,6,0,0.0,85.7,171.0,101.5,0.0595,0.0113,0.0323,0.0737
3Swwv6R5iZ0,2,1,0.5,193.7,186.5,92.5,0.0276,0.0024,0.0232,0.0713
_t-RREX_zRc,4,1,0.25,112.2,151.9,83.0,0.0455,0.2772,0.1037,0.2031
eeaD-fubnFg,2,1,0.5,73.4,158.5,70.0,0.0482,0.0331,0.0469,0.1848
Hi0q2Ap4g28,1,0,0.0,154.0,195.5,89.5,0.2812,0.1606,0.0822,0.0549
u9s_j1caR-c,1,1,1.0,183.1,233.5,87.3,0.0953,0.6636,0.0517,0.031
cg0gPgDu-Mk,2,0,0.0,106.8,198.7,77.8,0.1221,0.0216,0.0444,0.038
SK9JXA8TlSY,4,1,0.25,41.9,175.3,82.1,0.0879,0.0103,0.0374,0.06
o6WaiMc1TpM,1,1,1.0,87.0,172.9,103.8,0.0976,0.002,0.0489,0.0329
V3IRmEi5qm4,3,2,0.667,116.3,199.2,90.3,0.1314,0.1574,0.0534,0.173
IMRw6duvX7A,1,0,0.0,79.1,193.4,65.0,0.2786,0.0044,0.1363,0.0039
cpEjL5t7Al0,4,1,0.25,102.1,178.5,84.0,0.1158,0.0209,0.1516,0.0866
lu0ARs4dOfA,1,1,1.0,176.9,203.3,95.1,0.2485,0.3099,0.0678,0.136
Lk0ee5sxA3k,3,1,0.333,114.5,146.9,79.7,0.0289,0.2807,0.084,0.2037
4zT_sSeJzOw,1,1,1.0,122.3,163.8,78.4,0.044,0.0059,0.0561,0.0815
YtpQRTIBttY,2,0,0.0,115.1,182.8,66.7,0.236,0.1847,0.0609,0.0521
kCN6ZIeU05Y,2,0,0.0,52.7,167.3,84.5,0.0285,0.1129,0.0456,0.1019
ICdkJTWYzus,2,1,0.5,66.7,154.2,75.2,0.1031,0.0078,0.0678,0.1964
jYcHJ_B1h6w,5,2,0.4,122.9,163.8,75.4,0.2418,0.0655,0.1159,0.0573
wf6oaqthC3s,3,1,0.333,161.3,203.0,92.1,0.1221,0.2979,0.0352,0.1807
f9CZlRBEJk8,1,1,1.0,115.8,182.2,79.2,0.3008,0.0444,0.1004,0.124
R1k4b34hrsA,0,0,0,97.5,141.8,95.1,0.1261,0.0339,0.02,0
J78JQWHbdXM,1,1,1.0,105.5,199.6,74.4,0.2445,0.1025,0.0393,0.1815
qn6K85m5f4s,1,1,1.0,83.1,122.8,73.5,0.209,0.0252,0.074,0.2091
JcXhD18BfhA,4,2,0.5,106.8,205.6,65.6,0.0613,0.0001,0.0327,0.2978
ibbsIaQpCFQ,1,0,0.0,110.3,170.4,95.3,0.0819,0.0022,0.0646,0.1029
h-sSFPTTEYU,1,0,0.0,162.4,199.8,82.8,0.6085,0.0586,0.0138,0.2691
VS7ybFsiHTs,3,1,0.333,101.5,151.9,82.0,0.0347,0.2757,0.088,0.2001
1cNYe7pVzB0,1,1,1.0,182.6,157.6,87.0,0.0354,0.3298,0.0299,0.0317
9CJENT77Ly8,2,0,0.0,119.2,183.2,71.0,0.1351,0.0157,0.1041,0.0138
ybX1LDsp2rM,4,0,0.0,105.5,69.2,59.6,0.2312,0.0384,0.0329,0.066
cKgdE0wQxfg,0,0,0,56.4,68.7,45.7,0.0472,0.0208,0.0376,0
IRBvyABP1ho,1,0,0.0,108.5,65.7,58.2,0.2939,0.029,0.0181,0.0869
-YajYIC3YUY,5,0,0.0,110.0,167.7,72.4,0.0709,0.0451,0.0618,0.1134
DixOr9Nt_c0,1,0,0.0,90.1,192.9,71.6,0.0153,0.2277,0.0758,0.0689
sZKMyRyIE-M,1,0,0.0,76.2,167.5,53.1,0.0554,0.0179,0.0862,0.0344
TNykw23SJUY,2,1,0.5,86.3,137.8,81.9,0.1444,0.0663,0.0496,0.1263
r5fLlgOT7ZM,2,0,0.0,138.5,76.4,52.8,0.2657,0.1841,0.0394,0.0344
LaobYnrojQg,1,0,0.0,119.3,88.5,56.8,0.0584,0.0465,0.0201,0.012
hZzqnyr_Ev0,1,1,1.0,59.5,79.1,58.3,0.0074,0.0198,0.0329,0.0047
E_0Jz2-5S3c,3,0,0.0,101.7,177.6,81.4,0.1973,0.1405,0.0376,0.0701
2apY0ISBM9I,3,0,0.0,64.1,77.1,57.0,0.0127,0.0373,0.0286,0.0101
omRWTM-YJaA,2,0,0.0,71.5,190.3,65.6,0.0856,0.0453,0.0681,0.0483
EcmrRZiVmFc,4,0,0.0,117.3,98.2,55.3,0.0881,0.0176,0.0472,0.0616
Nm5MkpjsI3o,1,0,0.0,143.1,72.3,50.5,0.046,0.048,0.0274,0.0028
KFyDhIydSR8,3,1,0.333,92.0,159.2,75.3,0.0468,0.1551,0.0866,0.0789
ca9KC8Lrw14,1,0,0.0,57.3,19.8,40.5,0.0199,0.1494,0.0057,0.0207
BTK3U2E3-DE,1,0,0.0,86.2,90.0,57.1,0.037,0.2203,0.0228,0.0136
ADmLf0NWJUk,1,0,0.0,71.7,78.1,57.6,0.0428,0.0184,0.0157,0.0264
PXcTsewQQe0,1,0,0.0,119.3,73.4,51.4,0.028,0.0011,0.0188,0.0088
KgAqPvazCjo,1,1,1.0,71.7,82.7,56.8,0.1742,0.0201,0.0095,0.0594
BJ7Phbv8pDI,1,0,0.0,77.0,162.8,82.1,0.0164,0.0328,0.0702,0.0056
SDFoXX8aRkE,0,0,0,53.1,194.1,78.4,0.0661,0.0107,0.0269,0
dqSLL-3PKuE,5,0,0.0,92.3,162.6,76.5,0.0415,0.0938,0.056,0.1046
dLTefTlJdfI,2,0,0.0,151.8,150.6,92.1,0.1252,0.1805,0.0589,0.0555
uEeEjoz8BYo,1,0,0.0,120.6,186.4,89.3,0.2308,0.1127,0.0364,0.0662
_9N3kFyIXKU,3,2,0.667,80.6,169.3,71.2,0.2246,0.0333,0.0386,0.1729
ElnSyyt6LnU,0,0,0,88.3,43.0,41.5,0.0337,0.1277,0.0138,0
gGnnn5lf4Rk,2,0,0.0,80.2,78.4,52.4,0.0247,0.2231,0.015,0.006
yX64ngLtBZg,1,0,0.0,103.4,68.6,61.0,0.0041,0.3634,0.0181,0.046
BYNidm_kkaQ,2,0,0.0,81.3,87.9,62.1,0.015,0.0359,0.036,0.0207
eeB3cC3KSo0,3,0,0.0,117.1,142.6,70.5,0.0371,0.2832,0.217,0.0142
ZdFEWNBsQcE,2,0,0.0,109.1,38.0,35.5,0.3062,0.0676,0.0071,0.0712
WPhc56zX4tI,2,0,0.0,97.2,28.1,39.3,0.0386,0.2133,0.0071,0.0304
xzxhRLm5hNU,2,0,0.0,62.0,72.3,52.9,0.064,0.0092,0.0226,0.0885
WnkTVXw9Cm8,3,2,0.667,104.9,141.5,72.3,0.1946,0.0589,0.0449,0.1929
XUYi6S18SHo,1,1,1.0,86.5,136.4,69.3,0.0615,0.0441,0.0215,0.0488
oZGv7qKRef0,0,0,0,41.9,93.3,62.2,0.0348,0.003,0.0502,0
SEMjDCd8Cm8,4,1,0.25,92.6,164.3,63.0,0.176,0.0559,0.059,0.0791
7H8RL5jZT08,3,1,0.333,112.8,194.5,72.5,0.1343,0.0166,0.0568,0.1297
RTH1oCit03I,1,0,0.0,55.1,74.2,50.9,0.0286,0.0279,0.0402,0.0167
BJLgMF-zYtM,5,0,0.0,72.4,70.7,60.0,0.0033,0.0008,0.0412,0.0751
wujAEGPVVuA,3,1,0.333,93.5,190.9,78.0,0.3025,0.0038,0.0499,0.1728
1dpXGuLlNAE,1,0,0.0,104.3,68.2,48.2,0.0208,0.1388,0.0353,0.0046
PwxSlxSDKnc,1,0,0.0,45.9,85.8,59.6,0.0161,0.0313,0.0293,0.0028
Cya2YaDxqak,3,0,0.0,109.4,116.0,77.4,0.033,0.1608,0.1018,0.0413
YA1nsR-TiGI,1,0,0.0,120.9,90.3,57.5,0.0252,0.0253,0.0168,0.0251
46ZK78f-PLk,0,0,0,49.7,79.8,55.6,0.0006,0.06,0.0114,0
Vd6IZW-_yOU,2,0,0.0,99.8,76.0,53.5,0.1313,0.0264,0.0167,0.03
THZXtCZdx2M,1,0,0.0,97.9,61.7,48.0,0.3603,0.0219,0.0083,0.0465
X3bl4PDqd4I,1,0,0.0,89.4,66.8,58.7,0.043,0.1075,0.0111,0.0469
lrXX7jpEe4s,2,0,0.0,93.3,66.2,46.3,0.1414,0.0202,0.011,0.0078
1blsZCxIQok,2,1,0.5,33.3,198.5,86.7,0.0384,0.0321,0.0308,0.1725
ndZwmfmOcow,0,0,0,100.9,152.7,73.7,0.0447,0.0044,0.0493,0
SkF8_jxE16M,1,0,0.0,133.3,199.8,78.0,0.0319,0.0264,0.0345,0.0408
cpk0yaxNlxU,1,0,0.0,87.0,64.5,52.9,0.1878,0.0427,0.0264,0.0204
mOedSOzTBVc,1,0,0.0,71.6,166.4,81.3,0.1847,0.0012,0.0587,0.0034
Dppe9DGE04o,2,2,1.0,87.5,212.4,55.7,0.0618,0.0132,0.0454,0.3543
72fFMxXq2TM,1,0,0.0,29.1,91.1,67.5,0.011,0.0003,0.0189,0.0039
pwMTs2Zauzk,4,1,0.25,85.0,163.2,71.8,0.0651,0.0155,0.1614,0.1394
Ew-ONQOUTFc,3,0,0.0,79.7,162.0,69.7,0.053,0.0944,0.0621,0.1048
SDEiYWCcWlg,0,0,0,58.4,211.3,64.0,0.1899,0.0032,0.0372,0
JzJNrwAaj2U,2,0,0.0,78.7,194.9,78.9,0.1154,0.0122,0.0942,0.0206
iRZb7XTxUQY,3,0,0.0,113.7,199.1,85.9,0.1677,0.0452,0.0876,0.0642
_LOOJwIUpNw,2,0,0.0,88.3,78.0,59.4,0.0946,0.0871,0.0167,0.0374
5uRlQYhZS2A,1,0,0.0,99.1,58.3,50.4,0.1409,0.0838,0.0169,0.0384
cTU-tozjI0Y,4,1,0.25,119.7,202.5,76.3,0.0396,0.0172,0.0885,0.105
ej02JvXA6Go,0,0,0,53.4,71.7,52.1,0.1127,0.0028,0.0325,0
HZS2jWEFPuk,3,0,0.0,169.5,188.7,86.2,0.0199,0.2821,0.0496,0.0167
zSzShoxAx8w,0,0,0,38.8,68.7,53.1,0.0507,0.0004,0.0106,0
3g0WPHCiz-0,4,0,0.0,46.3,76.7,56.7,0.0809,0.0022,0.013,0.1181
sRhc98zpvUU,1,0,0.0,127.6,164.0,75.6,0.0536,0.0777,0.0337,0.0938
PecoV5zxLIw,2,0,0.0,43.2,165.5,65.4,0.0343,0.0696,0.0568,0.0159
JbRENIaw5y8,1,0,0.0,132.6,75.3,49.7,0.2825,0.0798,0.0084,0.0016
aUoKM0EKfjk,0,0,0,86.9,58.1,49.9,0.1314,0.0179,0.0323,0
oJbZyq6i8zE,1,0,0.0,56.7,172.3,70.2,0.1247,0.002,0.0705,0.0082
KcuTN0dj-4s,0,0,0,30.8,88.6,63.5,0.0197,0.0032,0.0331,0
gPHDWFyexlU,2,0,0.0,146.5,200.0,84.0,0.0594,0.2413,0.1115,0.0197
6bNCQdZDMes,8,0,0.0,61.2,163.1,71.2,0.0244,0.0652,0.1117,0.0349
sxULarKeNpk,2,0,0.0,77.6,66.3,53.8,0.0488,0.0523,0.0045,0.0349
h2Ax6VbmfBw,1,0,0.0,115.9,178.9,86.1,0.2209,0.0791,0.0504,0.0285
g9WIU4aiIn0,4,0,0.0,94.1,159.0,75.1,0.193,0.1219,0.0379,0.0322
fkgTVsGLdws,1,0,0.0,46.1,207.4,82.6,0.0309,0.0012,0.0475,0.0404
tIhu1fsIw3g,1,0,0.0,42.0,83.9,53.9,0.0025,0.0001,0.0204,0.0017
_444EmK8KyM,1,0,0.0,98.6,125.9,58.0,0.0495,0.056,0.0515,0.046
mXyKT_iQgmI,4,1,0.25,123.7,212.0,66.4,0.1184,0.0125,0.0796,0.0669
iw94Scw2xEo,2,0,0.0,47.9,179.6,65.0,0.0672,0.0034,0.0714,0.028
cIOieRgBsFQ,3,0,0.0,84.8,124.8,66.7,0.0168,0.0177,0.1592,0.0182
ZG99xcwVZWo,1,0,0.0,84.0,109.0,65.5,0.1661,0.0234,0.0082,0.2129
vkx-fY5M1CE,0,0,0,80.4,71.2,63.7,0.1123,0.046,0.0133,0
OaehaTEwcBU,4,0,0.0,146.0,191.3,88.1,0.0831,0.0091,0.0571,0.0757
waC8cmiOzLI,3,0,0.0,62.7,165.8,87.6,0.0373,0.07,0.072,0.0428
mhszVpqPF-k,4,0,0.0,59.3,179.0,86.1,0.1406,0.017,0.071,0.0648
wqsL6Cq3EB8,3,0,0.0,118.3,209.0,78.6,0.0145,0.3311,0.0648,0.1411
xhKY6MUbThs,3,0,0.0,113.8,221.0,73.2,0.0305,0.1271,0.0574,0.1392
Sf1T4sjQmxA,5,1,0.2,143.4,189.8,89.1,0.0915,0.0406,0.0932,0.1868
rkVXM5k8fQI,3,0,0.0,172.9,192.2,87.7,0.1253,0.1488,0.0804,0.0125
1UxnAU5tu-8,4,1,0.25,126.8,174.9,73.6,0.0631,0.0132,0.1826,0.2117
AvQkGo2wAUo,8,1,0.125,102.1,148.8,89.2,0.0754,0.0562,0.0935,0.2231
gQILZcKSOsw,2,0,0.0,132.6,187.2,80.6,0.0391,0.0537,0.0655,0.0224
vDslTFOd_H8,4,1,0.25,118.3,210.5,89.7,0.2594,0.0213,0.0559,0.1058
-BR-1Lrrh28,6,1,0.167,151.1,209.0,81.4,0.1249,0.2705,0.1224,0.179
XUA0x4L-hfA,2,2,1.0,99.0,195.1,73.0,0.0337,0.2125,0.0597,0.1357
Q5LS_XAj2sM,2,1,0.5,98.9,148.0,83.5,0.0518,0.0148,0.0717,0.0244
JUSDbqFWvIU,5,2,0.4,130.7,205.7,93.9,0.0546,0.1539,0.1073,0.2304
cKPeVyHOAl0,4,0,0.0,111.3,194.3,74.8,0.114,0.002,0.0926,0.0237
uFIDct9rQ7M,1,1,1.0,85.3,198.0,83.0,0.1018,0.0342,0.0351,0.097
vUOjidhNSUo,2,0,0.0,76.7,203.8,71.7,0.0672,0.0122,0.031,0.1168
3sRhxeAmSM0,3,0,0.0,133.7,216.8,84.9,0.0415,0.296,0.0579,0.023
27j0tPJh99w,1,0,0.0,185.3,184.2,89.7,0.3051,0.0162,0.0679,0.0261
Q6em8p1kQU4,2,0,0.0,60.3,66.7,78.6,0.1318,0.0121,0.0422,0.0633
hyIdVn85K1A,2,0,0.0,101.8,199.6,81.3,0.098,0.0175,0.0611,0.0935
CcnL-1VSZE8,3,1,0.333,122.5,222.4,89.0,0.1235,0.0284,0.0981,0.1111
TgG9SZPsy6A,1,0,0.0,136.8,208.9,76.1,0.0502,0.0278,0.0835,0.0303
z3-E4ZsvhTU,3,1,0.333,95.3,174.1,65.4,0.258,0.013,0.0437,0.0887
ZXkCB72XUXs,5,3,0.6,107.1,200.8,80.7,0.2047,0.0983,0.0849,0.1403
rpM6DNoXVcs,8,1,0.125,106.2,153.3,84.3,0.1326,0.0422,0.1227,0.165
iNQsyYo4AbY,3,1,0.333,130.2,201.9,86.0,0.1054,0.0303,0.0983,0.0733
1MWvRF2izhs,3,0,0.0,143.9,200.3,81.1,0.0183,0.1053,0.0534,0.1379
72FzY696OsY,0,0,0,88.5,157.1,71.0,0.2165,0.0348,0.0498,0
BRgqmmUvsbo,5,1,0.2,114.5,215.5,80.8,0.06,0.0361,0.0644,0.3141
pa_pCFq3hk4,6,2,0.333,121.5,199.8,79.2,0.1153,0.0869,0.084,0.2968
iRr64f_BBVg,1,0,0.0,92.4,84.8,77.8,0.0674,0.0043,0.0479,0.1556
lySrFFZYJGY,3,2,0.667,141.8,186.4,87.6,0.003,0.0745,0.0504,0.2409
LWk1kzDqTkQ,2,0,0.0,126.3,198.7,100.2,0.0241,0.2381,0.0379,0.0502
3UkDEBd_MxA,2,0,0.0,51.6,154.2,95.3,0.0487,0.1086,0.0367,0.0368
GAFuli2kHCk,1,0,0.0,127.8,118.1,60.0,0.0835,0.1387,0.0499,0.1039
4HD7h9aRF98,3,0,0.0,151.6,213.5,86.9,0.0185,0.0478,0.0976,0.0173
eDujbfC73Uw,4,0,0.0,54.7,154.0,81.0,0.0233,0.0622,0.0335,0.3473
HExFR4l8RUM,3,2,0.667,84.5,190.9,72.5,0.0376,0.078,0.069,0.1427
v_YyRtE2mu0,0,0,0,139.8,187.2,82.3,0.0689,0.0067,0.0732,0
P2KwAZNGwGY,2,1,0.5,153.1,182.8,79.7,0.1461,0.0607,0.1602,0.116
UiCCh3LYuwI,1,0,0.0,115.6,186.5,90.1,0.0228,0.0254,0.062,0.0257
zPLn3mYfZRs,4,1,0.25,134.6,184.8,80.6,0.061,0.0744,0.0739,0.132
kuCFQmJdHNs,3,2,0.667,56.8,146.9,71.1,0.1825,0.0037,0.0754,0.2374
JkpR2SdfcF4,8,0,0.0,115.9,203.0,87.6,0.1191,0.03,0.0741,0.0955
5PrJb-j27ek,1,0,0.0,116.9,210.9,69.9,0.0361,0.2973,0.0571,0.155
rkg-RBqiRw8,1,1,1.0,175.3,193.3,106.0,0.0935,0.1738,0.0629,0.0722
79a8sRjEp7M,3,0,0.0,137.9,203.2,102.5,0.1004,0.1849,0.0852,0.0598
i6B1qmRgQQo,4,1,0.25,123.4,184.2,79.7,0.1274,0.0455,0.0588,0.234
wOVuXogwz10,8,7,0.875,109.4,187.4,79.9,0.0909,0.1828,0.08,0.4636
pg7uRkPDaUs,2,0,0.0,99.2,172.3,82.8,0.032,0.0283,0.1052,0.0649
ppAIBR_BxO4,2,1,0.5,136.1,198.3,82.5,0.1004,0.1281,0.0957,0.1787
56ayjtAL8ss,2,1,0.5,80.3,188.6,84.5,0.0714,0.024,0.0569,0.1034
hSvR8Gt0Xxo,2,1,0.5,118.0,198.6,84.3,0.128,0.0914,0.0995,0.2509
scmWlWtFp7A,2,0,0.0,183.9,188.7,95.9,0.2161,0.3723,0.0966,0.0225
BXp29Yct1jo,6,0,0.0,117.6,165.4,79.1,0.0471,0.1579,0.103,0.2394
9MnojsRkWTg,3,0,0.0,93.8,195.4,82.4,0.0315,0.0555,0.0601,0.0681
PLcnvlbzc-I,2,0,0.0,114.1,190.5,73.1,0.1238,0.1487,0.0559,0.1042
70kZ4Bf1u0g,3,1,0.333,104.0,143.6,83.6,0.0921,0.0031,0.0787,0.0234
VbfanRktD6U,3,1,0.333,129.7,203.0,84.0,0.2195,0.0697,0.1094,0.1428
F9c1Ci5iNxQ,3,1,0.333,69.0,182.3,86.6,0.0385,0.1072,0.0856,0.1012
z-jxnxDOgZo,1,0,0.0,101.4,175.7,81.7,0.2755,0.0578,0.0431,0.0525
5sTcCK2IkJ4,2,0,0.0,65.0,207.3,60.3,0.0674,0.0215,0.0536,0.138
s1Etw0X_h24,5,0,0.0,65.6,200.7,51.6,0.0383,0.0317,0.0594,0.0786
26XB6SeK_SE,8,0,0.0,111.2,173.6,81.7,0.0296,0.0902,0.1021,0.0982
ZMegQp7Gq8g,3,1,0.333,77.8,165.0,70.3,0.0525,0.0902,0.081,0.0216
COw-d6n7KGE,2,0,0.0,44.3,154.3,79.5,0.0096,0.0662,0.1288,0.0317
Lq4UK822eys,1,0,0.0,138.5,158.8,81.3,0.0892,0.1179,0.1166,0.0417
CPZalHvsjZM,0,0,0,136.1,189.5,82.3,0.0567,0.3381,0.1506,0
TdBXl1mJNSs,4,2,0.5,113.1,120.7,76.9,0.0726,0.1631,0.1069,0.1529
ym8zFIA0iw4,2,0,0.0,100.5,165.2,69.3,0.0661,0.1691,0.0519,0.0945
ONt-DPbPwAk,1,0,0.0,126.5,178.8,73.6,0.0161,0.0013,0.027,0.0228
Ruew8LIB1Nk,2,0,0.0,79.1,190.8,66.1,0.0887,0.0629,0.1171,0.0397
XgBgwOVVx0I,0,0,0,71.1,194.3,68.4,0.0936,0.0065,0.0835,0
1BkUFr8X_ek,4,0,0.0,97.5,169.8,84.6,0.0229,0.1432,0.0529,0.0353
EqWyMZKADHI,5,1,0.2,109.8,190.2,77.3,0.2483,0.0223,0.0654,0.1502
7gDnNuAnuNw,3,0,0.0,78.5,164.6,86.5,0.1587,0.08,0.0912,0.0614
Y17DeTYT8F0,1,0,0.0,73.9,142.1,63.8,0.0161,0.0221,0.0648,0.0525
oM2pkJN6bJ4,1,0,0.0,58.7,207.8,71.6,0.0195,0.0562,0.0442,0.0511
2AAKmTL-N74,3,0,0.0,78.3,208.0,84.5,0.0351,0.0776,0.0734,0.026
jORDSj7CxwE,11,2,0.182,123.2,180.4,86.9,0.1556,0.1008,0.0722,0.1827
rI4QRw7z220,1,0,0.0,94.4,179.5,69.6,0.0542,0.0349,0.092,0.0018
6b3qP8lg9pI,3,0,0.0,102.0,149.9,79.8,0.1577,0.0246,0.049,0.1758
GyqKaF4Yyn0,5,0,0.0,84.7,219.4,68.4,0.0833,0.0698,0.0949,0.0327
GdEdHRKw-7E,11,2,0.182,116.1,102.2,65.9,0.0076,0.2841,0.1423,0.2039
DHg3dFCCuTE,3,0,0.0,134.4,207.3,77.2,0.0312,0.1106,0.1058,0.0539
b0JoSf-vU8c,1,0,0.0,79.6,154.4,81.0,0.0228,0.0922,0.0931,0.0028
lwB3XQtTtV0,2,1,0.5,86.8,79.6,58.3,0.0739,0.0242,0.0756,0.1431
y9FLKhfh8JA,2,1,0.5,106.0,178.5,79.0,0.1223,0.0377,0.1243,0.1497
R9DOO8wuFZ8,6,0,0.0,116.8,161.9,82.3,0.1508,0.2088,0.0938,0.0388
jCo36gVhuX8,3,1,0.333,82.1,138.1,76.6,0.0783,0.0468,0.0934,0.1162
M4eXWujIons,3,2,0.667,130.7,201.2,83.1,0.1607,0.1235,0.1115,0.2955
DxHw4UdDJDY,4,1,0.25,112.3,150.3,76.4,0.1679,0.046,0.1202,0.0656
ZbK8ZAA33mI,2,1,0.5,85.6,124.3,71.0,0.2272,0.0259,0.0731,0.1114
cDGZ7v4IcFw,5,1,0.2,82.6,166.3,72.7,0.0416,0.0813,0.0478,0.144
S5zonZiMGEg,2,0,0.0,88.9,205.2,71.1,0.2341,0.0608,0.0425,0.0137
tWH27J358U4,1,0,0.0,56.1,176.4,76.7,0.0767,0.0148,0.0635,0.121
NDQRiZVASv8,3,1,0.333,74.7,144.3,66.8,0.175,0.0056,0.0799,0.168
EvrZoRRiP30,1,1,1.0,63.6,184.1,65.6,0.1615,0.0022,0.1068,0.0925
Yomw6MG2prk,2,1,0.5,101.7,128.9,69.8,0.2099,0.0461,0.1084,0.1558
4bMAzJQNMm4,1,0,0.0,134.6,180.7,82.2,0.1223,0.1206,0.1159,0.0388
6Y744UvxO_4,2,1,0.5,99.6,145.5,78.3,0.1091,0.1538,0.0861,0.0188
5hdA0RrL-qw,1,1,1.0,126.3,149.6,62.4,0.0592,0.2995,0.0776,0.0344
MXVRTa4rJ9M,1,0,0.0,145.3,178.6,82.4,0.2984,0.0735,0.0563,0.1254
CdtkJZljmWA,3,0,0.0,144.2,209.2,89.5,0.1457,0.1886,0.0943,0.0103
xdKQTdENk7s,3,0,0.0,165.4,229.3,93.9,0.0268,0.0689,0.0345,0.1213
s4M_xA-VwhI,8,0,0.0,149.6,208.8,93.9,0.1748,0.3299,0.0845,0.0461
fb72iXnliTY,2,0,0.0,75.3,147.3,96.3,0.1044,0.0313,0.0962,0.0994
VrycJg-kItw,1,0,0.0,90.9,201.0,74.3,0.0949,0.0639,0.0264,0.0151
I1fPoGWxyok,1,0,0.0,166.1,56.4,38.3,0.3655,0.0618,0.0079,0.0329
ySXOmx1lIsI,2,1,0.5,115.3,68.3,55.1,0.4993,0.0277,0.0194,0.0565
1eKSU9UcnTo,1,1,1.0,163.7,93.2,65.2,0.4998,0.02,0.0214,0.0325
-M82ukAIp28,0,0,0,122.6,212.2,85.0,0.16,0.1362,0.0448,0
tJEMVjPpQik,2,0,0.0,146.6,205.3,93.1,0.1245,0.2078,0.0408,0.118
U2NDxNBYARY,1,1,1.0,113.9,199.6,79.5,0.291,0.0175,0.2099,0.062
yC6hcPat6BI,1,0,0.0,94.9,185.1,64.5,0.0036,0.0577,0.0192,0.0122
hb9XDlpt0l0,0,0,0,159.2,68.4,57.5,0.4233,0.0801,0.0051,0
OF_4T2QIRFQ,1,0,0.0,152.0,99.8,66.7,0.0577,0.0384,0.0265,0.0267
kMjHSooxdyE,6,3,0.5,162.7,214.5,85.2,0.1139,0.1684,0.0639,0.1378
wprVvIOtYec,6,0,0.0,121.2,188.4,88.3,0.148,0.0597,0.0464,0.1678
BYcCgb4JFv8,2,0,0.0,152.4,73.8,56.2,0.0851,0.4029,0.0427,0.0084
3bHF8f0DiDI,1,0,0.0,98.6,215.5,83.1,0.1032,0.0098,0.0443,0.0579
TkAyIiXAI9I,4,1,0.25,173.4,209.1,86.5,0.1583,0.2701,0.0506,0.0969
VkwHLOlHxgY,9,0,0.0,117.0,167.0,79.7,0.1205,0.2319,0.0787,0.0631
UpsLFF47_KE,2,0,0.0,80.6,232.1,70.5,0.1393,0.0831,0.0406,0.0302
7GMo2dFP_wg,1,0,0.0,119.4,211.8,83.9,0.0437,0.3272,0.0559,0.0768
Y979ciRSuaI,1,1,1.0,141.5,96.1,63.3,0.1987,0.3744,0.0188,0.0352
jP4SKI9I4w4,2,0,0.0,127.0,222.7,82.6,0.0772,0.0691,0.0798,0.0182
JBbmwQm3AeI,5,0,0.0,119.1,180.4,82.7,0.1478,0.0182,0.0769,0.0373
PK8KMpJSoXY,3,0,0.0,161.6,180.8,73.2,0.23,0.4043,0.2219,0.0127
69WF4mHn3GU,4,1,0.25,114.5,147.6,74.5,0.1933,0.0466,0.0674,0.0459
NM_NjOlu3qs,0,0,0,107.1,161.8,95.3,0.0384,0.0483,0.0672,0
Fskvvja5E3Y,3,0,0.0,97.6,173.3,76.8,0.0566,0.0244,0.0939,0.0931
zC9lzGYl9hM,1,0,0.0,150.6,93.4,76.8,0.0914,0.1227,0.0282,0.0164
MQUmbE-4-q8,1,1,1.0,118.9,84.7,58.2,0.5317,0.0019,0.0147,0.0506
zqwtNz1V-8o,1,0,0.0,147.6,188.8,81.2,0.0783,0.0627,0.0578,0.021
eLmGoqdRKDg,2,0,0.0,68.2,197.0,70.1,0.0997,0.0728,0.037,0.0175
1tkPBB2KhVc,3,0,0.0,123.2,196.0,76.4,0.1271,0.2177,0.1175,0.033
NH6Y4xBrKzc,1,0,0.0,96.3,180.9,83.0,0.1716,0.0313,0.057,0.0039
PMXPw5KowTs,1,0,0.0,116.2,99.3,61.2,0.0187,0.0097,0.0149,0.0175
bzRG598geus,2,0,0.0,96.9,166.8,74.7,0.1451,0.0468,0.0632,0.052
42_65qPfENQ,1,0,0.0,74.1,180.2,63.4,0.023,0.1142,0.0528,0.0646
uuzigraGdjc,2,1,0.5,124.0,151.1,71.6,0.0601,0.2263,0.0971,0.066
pA2USjDRVcY,1,0,0.0,146.3,75.3,57.1,0.3682,0.0065,0.0106,0.0295
CoQMww5TULo,2,0,0.0,90.9,82.3,63.3,0.2284,0.0239,0.0388,0.035
Yvc5lKk4XzM,3,1,0.333,118.0,197.9,71.4,0.0177,0.1608,0.0459,0.0506
97vBm9-rjzg,1,0,0.0,30.1,62.6,50.9,0.0111,0.0008,0.0239,0.0061
wi24QJ8cTw0,1,0,0.0,70.5,194.8,56.4,0.0388,0.0627,0.0339,0.0058
_BNzxHPhcgg,1,1,1.0,154.6,203.2,87.6,0.1761,0.1243,0.0699,0.0996
oSxOH80VCfk,1,0,0.0,66.7,76.3,57.6,0.1275,0.0105,0.0258,0.008
-eni4zyImxA,3,0,0.0,90.3,201.8,87.2,0.1678,0.0552,0.0644,0.0624
-CD5yoNbaw0,2,0,0.0,88.5,40.8,41.2,0.1517,0.0299,0.018,0.0083
5TvSVnRD4WU,1,0,0.0,120.7,171.4,71.7,0.0907,0.141,0.0642,0.0845
pHFlbo8-LCs,4,1,0.25,100.1,149.9,79.6,0.1228,0.0525,0.0944,0.2396
0YDXL8oNa7Y,2,1,0.5,71.1,161.7,60.6,0.1003,0.0034,0.0541,0.2156
SPw6z51Faa8,1,0,0.0,119.4,196.8,81.1,0.1192,0.114,0.0804,0.0317
ZC_ACauKTnE,2,0,0.0,47.6,78.4,67.6,0.0743,0.0105,0.0288,0.1095
KGwy64ITvz4,3,0,0.0,93.4,159.0,79.6,0.2082,0.0077,0.0501,0.0515
SBaNZrzVVx4,3,1,0.333,78.8,195.3,69.7,0.0584,0.1007,0.113,0.0644
sQ4xAKFqRMs,5,0,0.0,68.8,170.7,79.6,0.0129,0.0184,0.1477,0.0165
wIbT5SLhslE,0,0,0,142.7,103.0,62.3,0.2019,0.024,0.0254,0
gt5qNKP8Hs0,3,0,0.0,39.9,196.4,62.2,0.0352,0.0246,0.0972,0.0382
ri1VZm_yos4,2,1,0.5,142.8,184.4,84.9,0.0783,0.123,0.0514,0.1681
Ic29VpOeYGI,3,1,0.333,58.1,193.3,64.9,0.1924,0.0005,0.033,0.0664
GKVZAyDUSTE,2,1,0.5,154.2,176.6,81.5,0.1399,0.3464,0.0702,0.1547
QEA5Zwh97cU,2,0,0.0,83.7,214.5,72.3,0.0995,0.0657,0.062,0.0315
KS-gpdcMg0s,4,1,0.25,52.8,188.5,69.2,0.1026,0.0052,0.0494,0.2875
ameKFpVgKsA,3,0,0.0,47.3,187.0,65.6,0.0389,0.012,0.0247,0.1143
5hBhO40W6ew,3,1,0.333,117.1,159.6,80.0,0.2304,0.0603,0.1172,0.1064
aZuFCx-2dwI,0,0,0,154.8,168.7,73.8,0.262,0.1782,0.0354,0
Q2otpvStrG0,1,0,0.0,80.8,176.7,75.4,0.1106,0.0357,0.0549,0.0292
lou4ntfoVZI,2,0,0.0,127.2,182.6,70.2,0.1469,0.0856,0.0876,0.0088
YfjpL9AvKz4,0,0,0,99.9,152.4,65.7,0.0615,0.0065,0.0508,0
E9tN3afk_1k,5,1,0.2,125.5,160.2,87.9,0.2416,0.057,0.1099,0.1754
9NXIpst22KQ,3,2,0.667,102.8,202.9,78.5,0.0624,0.0365,0.0818,0.1902
ES2hk01vbpA,1,1,1.0,107.7,127.0,87.9,0.197,0.171,0.024,0.1036
ECP8v1PoujU,1,0,0.0,79.1,203.1,66.4,0.1019,0.0346,0.0352,0.0525
DwFCGv_ODsU,3,0,0.0,136.4,137.6,78.0,0.2285,0.0285,0.0439,0.0331
xSlEKHd9nOo,0,0,0,124.6,182.8,59.8,0.3813,0.0005,0.0109,0
eJjLMHxEe9g,4,0,0.0,79.5,174.4,72.2,0.0995,0.0019,0.0525,0.394
eomLieGyR8g,3,1,0.333,85.3,204.3,50.2,0.0332,0.0008,0.0216,0.0853
ImYUU1nDMzM,2,1,0.5,97.5,201.6,66.3,0.0243,0.2558,0.0549,0.0881
JNl9QqJ0z6c,2,0,0.0,84.1,146.0,87.9,0.1488,0.0171,0.0968,0.1832
0i4vLsZRhbU,3,0,0.0,113.8,156.3,86.7,0.1706,0.0973,0.2319,0.0133
QvunpoT6Sjo,1,1,1.0,105.9,158.4,80.6,0.0152,0.0472,0.0235,0.0774
-S3jCZJxXv8,2,1,0.5,112.2,180.9,79.2,0.0622,0.1698,0.0583,0.1401
3nqZ7IgDSfM,0,0,0,76.9,122.6,93.7,0.1527,0.0616,0.1057,0
XRndjahZ1uA,5,4,0.8,90.3,176.5,66.0,0.1267,0.0124,0.1054,0.2865
pocYfFcjK_A,1,0,0.0,145.9,207.9,84.2,0.0179,0.0023,0.048,0.1406
puFTqnbYG8A,3,1,0.333,138.5,176.0,80.1,0.2428,0.1312,0.0492,0.3717
QSl1_YtrI84,2,1,0.5,91.2,186.5,60.6,0.1674,0.0207,0.0247,0.1516
ma1DeyliJss,5,1,0.2,126.5,112.0,85.3,0.1611,0.1273,0.0579,0.0511
71TrD3K0DKE,1,0,0.0,94.9,183.5,68.2,0.1456,0.0506,0.0536,0.002
48rQgH4WITs,1,1,1.0,85.4,169.1,61.6,0.0996,0.0358,0.0604,0.171
T9aA2YAEtgo,4,0,0.0,94.2,160.0,75.9,0.1977,0.0563,0.0645,0.3344
sJYP5aGV2NE,6,0,0.0,77.8,202.4,72.4,0.1133,0.0286,0.0728,0.0309
qi2x85UJD30,4,1,0.25,86.2,188.6,72.1,0.0806,0.0142,0.0571,0.2125
TcF-0NnejsM,0,0,0,101.9,177.3,66.2,0.1365,0.0336,0.0441,0
nd0l46vaEf4,2,1,0.5,103.4,144.8,79.4,0.2365,0.0438,0.0479,0.1433
N5foHCsM5ro,3,0,0.0,91.3,166.2,64.3,0.08,0.0899,0.1067,0.2042
IFLAMRzbO_c,2,0,0.0,105.9,138.6,86.8,0.2281,0.0418,0.0697,0.0169
NAJ8CT5BUHs,2,0,0.0,83.3,206.4,68.1,0.1984,0.0212,0.0369,0.2606
ovw5s1o6x9M,2,1,0.5,101.8,149.5,73.5,0.1869,0.0211,0.1038,0.1159
Drh23BZlA1Y,3,1,0.333,102.5,178.7,78.4,0.0581,0.0908,0.0858,0.0454
M8lDHcN8SDQ,2,0,0.0,96.7,159.9,63.2,0.0578,0.0167,0.0253,0.1216
HWsj1S-PISs,6,0,0.0,116.7,189.1,77.4,0.1197,0.0128,0.062,0.0708
mjpEgXatm2c,4,1,0.25,89.3,151.3,72.1,0.055,0.1365,0.0735,0.1867
F4sQoMLAfac,0,0,0,103.4,171.9,62.3,0.2549,0.0436,0.1103,0
RugZQU2V3As,3,1,0.333,79.3,145.9,74.2,0.041,0.0139,0.176,0.3548
K5CiYMuYnFw,0,0,0,68.7,116.4,64.1,0.1681,0.0188,0.119,0
nSdQM1u3zYg,1,0,0.0,91.9,206.4,76.6,0.0497,0.0827,0.0586,0.0779
T9PR304QLys,1,0,0.0,112.9,177.1,76.4,0.0695,0.0092,0.0562,0.1988
S-K2F97P0KE,5,2,0.4,75.4,180.0,55.6,0.0643,0.0419,0.1048,0.1816
wpVWcFhuLYQ,1,0,0.0,63.6,154.4,71.9,0.0772,0.0272,0.1078,0.2016
sTYRNCAxjBA,1,0,0.0,48.8,158.4,55.7,0.0429,0.0046,0.0629,0.2178
f7VwCyd3q8s,4,0,0.0,71.6,180.7,48.4,0.0883,0.0279,0.0751,0.1149
N8JYGJB7LE4,0,0,0,64.2,141.7,100.1,0.0526,0.0501,0.0685,0
Cj6Nvuk_NEA,2,0,0.0,99.7,196.1,57.4,0.1428,0.2262,0.0847,0.3257
YS4zN9TyQKM,3,0,0.0,72.4,183.7,79.6,0.1291,0.0212,0.0502,0.2053
eH0ys8MB1w4,5,0,0.0,67.3,186.2,59.4,0.0783,0.0241,0.0911,0.0399
36Vp1UYrjJg,4,2,0.5,108.7,171.3,74.8,0.2083,0.0021,0.1142,0.241
nKzxf4BD3jk,3,0,0.0,110.1,119.9,72.1,0.2453,0.1027,0.1149,0.123
i-bZHtpqcRQ,3,0,0.0,50.9,186.8,72.9,0.0851,0.008,0.0603,0.1854
AI8R48AUGKA,0,0,0,63.5,192.0,59.6,0.0436,0.035,0.0714,0
9MT7s8TWCZA,1,0,0.0,156.5,169.1,77.6,0.0693,0.1647,0.1078,0.0069
dIaLUc9eY2s,2,0,0.0,77.0,129.8,64.5,0.0612,0.0513,0.1435,0.2844
MkwVUsj5Xpc,2,1,0.5,82.9,171.4,73.5,0.0474,0.0277,0.0731,0.0379
eWuHhoHZ61Y,3,0,0.0,73.6,149.6,68.8,0.0904,0.0162,0.086,0.1311
SzMk9QV83Us,8,0,0.0,92.4,177.5,83.1,0.0649,0.1027,0.0533,0.101
qPQPQGNH9UQ,1,0,0.0,72.2,193.1,54.4,0.0935,0.0029,0.0837,0.0134
ic_vEj8SLMM,7,0,0.0,103.6,171.2,64.4,0.1868,0.0097,0.1097,0.1648
yOOaw1xbDTo,6,0,0.0,84.5,140.7,67.0,0.1025,0.0185,0.122,0.0996
UpK8O02Dw2E,3,2,0.667,98.6,186.9,73.6,0.3378,0.0064,0.0482,0.3317
IuNnioywl6g,1,0,0.0,119.1,189.6,86.4,0.324,0.0052,0.0398,0.0059
bJWP1UdpuRc,4,0,0.0,89.4,173.9,79.0,0.1369,0.085,0.0743,0.0518
6eYgfrDqr3c,3,1,0.333,62.3,200.8,51.8,0.0336,0.0218,0.0537,0.1785
_XY6aXUCxFA,1,0,0.0,74.3,186.4,57.0,0.131,0.0669,0.0378,0.0042
VFgpeaJd7qo,2,0,0.0,59.3,188.1,54.0,0.1256,0.0035,0.0297,0.0438
scvEdebKwJc,8,1,0.125,162.3,185.8,81.5,0.3031,0.0171,0.0502,0.2078
zHGIxjPO27E,4,0,0.0,72.6,175.4,68.0,0.0279,0.0967,0.1193,0.0588
UJh7N5uyIrQ,4,0,0.0,112.7,164.2,81.3,0.1777,0.0534,0.0734,0.115
OmWBWDSm4QA,3,0,0.0,96.6,147.7,71.3,0.261,0.0117,0.0438,0.1303
wMa7Av_Jdto,7,0,0.0,110.1,169.2,63.6,0.0158,0.0292,0.1327,0.0366
xpsV_0r7Eug,2,0,0.0,52.7,126.1,84.9,0.0436,0.0376,0.1266,0.0159
BwHOwC975e8,4,0,0.0,103.7,125.1,69.0,0.049,0.013,0.1267,0.0418
BJLuAyisaX8,6,1,0.167,75.2,157.3,73.8,0.1575,0.0471,0.0764,0.093
f0j7OitybTU,2,0,0.0,179.8,128.5,76.0,0.4266,0.064,0.0731,0.0631
fu_JIM3XJLA,7,0,0.0,68.6,137.0,65.7,0.1068,0.0098,0.1039,0.1346
TslnE_k74fQ,1,0,0.0,72.0,164.2,40.8,0.1699,0.0003,0.0313,0.0857
DdInfOxJ3Jk,1,1,1.0,66.4,186.7,63.0,0.0168,0.0026,0.065,0.0314
LCvkuPGbOiQ,0,0,0,44.6,175.7,65.0,0.0458,0.0206,0.0734,0
oeGMBAiODpU,5,0,0.0,165.3,177.3,82.8,0.0176,0.011,0.0503,0.0256
xiCPpK75Ego,1,0,0.0,88.6,156.7,59.4,0.1129,0.0062,0.052,0.004
7RP-3PEGa7I,2,0,0.0,82.3,186.4,79.3,0.0688,0.0099,0.0555,0.161
9oA82VG_Dn8,4,0,0.0,92.6,158.8,69.2,0.1741,0.0186,0.0539,0.079
Kpd7n0Ig_wc,3,0,0.0,111.2,134.2,70.8,0.1252,0.1289,0.0944,0.0469
Zd0kpQCB8E8,4,0,0.0,67.7,165.1,69.7,0.0696,0.0358,0.0581,0.0374
A7Yo6YAIJBg,3,0,0.0,99.3,171.9,83.5,0.1352,0.0107,0.0582,0.0717
zr_FXKQ5MmE,5,1,0.2,106.5,191.6,76.4,0.0952,0.0358,0.099,0.1624
070ZJOml1UE,3,0,0.0,64.3,159.1,69.2,0.1008,0.0304,0.0854,0.0547
qM3GKBq3v9Q,3,0,0.0,86.0,163.6,75.2,0.2106,0.028,0.0797,0.0572
Qjk-5obyXzY,3,0,0.0,143.2,172.6,78.8,0.026,0.0273,0.0551,0.0341
0tu7maUeHc0,0,0,0,95.8,175.4,68.1,0.0166,0.054,0.0674,0
LpLmc6pqqxQ,1,0,0.0,110.6,181.3,74.1,0.1129,0.0236,0.0649,0.0285
1iHOP4OgOfo,3,0,0.0,80.4,125.0,94.2,0.1116,0.1227,0.144,0.0404
avLJL3k_Ls0,3,1,0.333,108.1,117.8,68.6,0.2523,0.0691,0.0136,0.1179
-TwYYKzq08g,4,0,0.0,131.2,140.5,87.2,0.2531,0.0475,0.069,0.044
ETURjazHh9E,1,0,0.0,72.5,164.9,71.3,0.1556,0.012,0.07,0.0028
cFPMLWZvTO0,7,1,0.143,101.0,180.2,77.1,0.1691,0.1074,0.0846,0.132
2FKBRLThMN8,4,1,0.25,45.1,194.3,64.2,0.061,0.0254,0.0475,0.0528
erX4d4ygvhw,4,0,0.0,80.4,156.1,66.4,0.111,0.0643,0.0933,0.0546
xepZnUXYdsg,4,0,0.0,96.6,184.6,70.1,0.0735,0.0902,0.0803,0.0903
Wpgez85b7Pg,6,0,0.0,103.9,156.3,82.2,0.2623,0.0585,0.0703,0.0747
55Jq-kRF3oM,4,0,0.0,104.0,140.9,82.9,0.1632,0.0417,0.0624,0.043
U_DKWS_dpU4,4,0,0.0,112.6,181.7,84.6,0.0741,0.1,0.0597,0.1217
90fT-cvwFhg,3,0,0.0,90.9,151.1,67.3,0.0532,0.0015,0.0587,0.0404
fHy7LgHQrS0,3,0,0.0,52.8,197.2,57.6,0.0125,0.0937,0.0412,0.0478
IOfjuTxQBA8,2,0,0.0,79.5,171.6,78.2,0.0688,0.0443,0.0621,0.1834
TKlD-GM4K9I,5,1,0.2,91.7,188.3,72.1,0.1452,0.0247,0.0701,0.1317
-n2Sh8kkz1k,1,0,0.0,53.7,179.9,75.3,0.0781,0.0139,0.0391,0.0207
yxKI3myyM6I,4,0,0.0,71.6,163.9,64.8,0.1746,0.0256,0.0512,0.1456
9ENQexBKSrc,2,0,0.0,48.1,194.4,65.4,0.0695,0.0056,0.0518,0.0251
6AF4iKyf1Tg,1,0,0.0,101.4,213.7,72.2,0.141,0.038,0.0325,0.0359
k2GMC74XWgk,3,1,0.333,75.8,182.2,76.2,0.1056,0.0527,0.0925,0.0775
qezmztWq6Gs,3,0,0.0,98.0,148.4,78.3,0.0917,0.1029,0.0529,0.0338
zTnYfM1i6mY,2,0,0.0,82.3,182.3,80.8,0.0908,0.0508,0.0591,0.0625
ii74XHPM9kw,3,0,0.0,84.2,177.6,82.4,0.0563,0.1726,0.088,0.045
aiGIrrArK90,2,0,0.0,121.6,162.4,76.3,0.0611,0.0477,0.0575,0.0192
gqbyTedswTU,2,1,0.5,104.1,173.8,66.8,0.1554,0.0217,0.0709,0.0611
OI9UHCTmnz0,1,0,0.0,122.1,158.1,87.4,0.2251,0.005,0.041,0.0425
YL-FG-fadYo,4,0,0.0,98.3,167.3,81.4,0.1719,0.029,0.1341,0.0542
OUp8Efi_C8Y,2,1,0.5,101.3,182.8,73.4,0.0394,0.0622,0.0336,0.1714
s4TLFXe6CH0,3,0,0.0,95.2,184.2,71.3,0.0174,0.1657,0.0683,0.0936
6M8zvrWiRnI,2,0,0.0,95.3,146.0,79.7,0.0432,0.1383,0.0649,0.1414
Cw3vvJ0hKQ4,4,0,0.0,138.1,179.7,87.6,0.05,0.2474,0.1081,0.0244
LIFsxbod1r4,6,0,0.0,77.0,162.5,77.9,0.0679,0.0678,0.0558,0.0844
iGMbNnQ2Hm0,5,0,0.0,95.5,155.3,75.7,0.2516,0.0122,0.0549,0.0398
95R-rD3eugE,8,0,0.0,76.9,181.4,71.6,0.0326,0.0787,0.0722,0.0844
7fZ9Yy60IhU,1,0,0.0,139.2,105.4,84.9,0.1299,0.0855,0.0826,0.0303
gcdWjfFhz5M,4,0,0.0,72.2,181.0,71.1,0.0923,0.0584,0.0918,0.0922
TSNtJnhIIcA,4,0,0.0,87.4,155.7,77.2,0.1332,0.0554,0.0782,0.1078
yEAQyt9w0gE,6,1,0.167,101.1,183.2,80.0,0.1561,0.0934,0.1104,0.1488
NyAuKa0pW78,1,0,0.0,81.6,205.7,74.9,0.1417,0.1044,0.0719,0.0189
6-Jt0s_zYgI,2,0,0.0,153.5,207.4,80.4,0.1466,0.1205,0.0772,0.0156
Xjl8mIjIwOk,4,0,0.0,79.7,167.9,76.9,0.0972,0.0845,0.0542,0.0281
AWbdIeue9GU,0,0,0,62.2,138.7,53.4,0.0438,0.0116,0.0524,0
aq1Pukc0nE4,2,0,0.0,131.9,154.9,86.7,0.031,0.0017,0.0443,0.1103
bm8qS0OdcmE,4,0,0.0,171.5,221.1,87.3,0.0799,0.194,0.0902,0.1251
O0cm0t4RhCg,2,0,0.0,122.4,188.3,88.3,0.0831,0.1417,0.0488,0.0662
8nL4iJSgmoA,2,0,0.0,128.0,235.3,83.4,0.0899,0.0247,0.0593,0.113
P4yUk_hueWY,4,0,0.0,167.9,221.0,88.0,0.0469,0.3968,0.0529,0.0717
fkyVji6VKcU,3,0,0.0,125.3,216.2,88.4,0.2361,0.0151,0.0621,0.2764
0jVXtuvwQSg,0,0,0,65.3,158.5,68.4,0.0561,0.0744,0.0504,0
oRzEkEouOpU,2,0,0.0,73.2,211.0,70.7,0.0318,0.0261,0.0407,0.0334
4GB8it4kX24,3,0,0.0,115.6,159.3,71.3,0.2759,0.056,0.026,0.0482
xp9zeI0PbZE,6,0,0.0,107.9,146.1,89.1,0.1075,0.086,0.0844,0.1572
2j5tcKABoxk,1,1,1.0,91.4,145.3,59.9,0.2353,0.001,0.0297,0.0996
E6MVZ4kUt_Q,1,0,0.0,48.4,133.0,78.4,0.0794,0.0033,0.075,0.0092
jLe6-MBYvR8,1,1,1.0,57.4,172.6,70.2,0.0103,0.0468,0.0466,0.186
Eazaew0wRh0,2,1,0.5,92.7,180.2,74.2,0.0984,0.0226,0.0636,0.0879
dwJKih8onTc,4,0,0.0,162.8,173.0,95.2,0.0274,0.1379,0.0616,0.1011
p5P94-WSuXw,4,0,0.0,94.4,184.9,75.2,0.0601,0.1221,0.0514,0.3627
r0NtJxtKnbQ,4,0,0.0,87.5,166.7,65.6,0.0861,0.0673,0.0935,0.1402
QsPd-34-YiA,0,0,0,83.9,128.0,94.7,0.217,0.0541,0.0589,0
vr3hKK9qPn8,2,0,0.0,84.5,173.4,78.0,0.0298,0.1909,0.0539,0.2988
p8mK0AvixUA,3,0,0.0,100.1,155.3,90.9,0.1071,0.0711,0.1084,0.0242
FKykYpwNP0Y,3,1,0.333,156.4,138.4,69.5,0.7301,0.0002,0.0185,0.3103
I68w4k7K5NM,1,0,0.0,78.9,110.9,92.9,0.1038,0.0134,0.1151,0.0237
vK_zBlQ1ka0,2,0,0.0,145.2,223.6,79.2,0.0358,0.083,0.0912,0.1385
eBGlOkyw-vI,9,0,0.0,136.6,142.4,92.2,0.179,0.1876,0.0741,0.1056
oELaNMfqxXk,2,0,0.0,55.3,119.2,95.3,0.1049,0.0169,0.0625,0.1973
q_MuNU-N83I,3,0,0.0,138.4,193.4,70.7,0.0506,0.1494,0.0611,0.0426
vuMZtz4R2Oo,2,0,0.0,91.9,113.1,74.0,0.0568,0.1506,0.0408,0.104
Vjek_Wh-LJE,4,2,0.5,80.1,169.9,72.2,0.0721,0.0429,0.0391,0.3245
6OQYsmUZY24,4,0,0.0,92.4,210.9,71.9,0.1463,0.0948,0.1204,0.0606
WpBXmShQukw,2,1,0.5,193.2,226.8,102.1,0.1223,0.0032,0.0925,0.0458
5ZmPKvS0tcQ,4,0,0.0,190.3,237.4,100.1,0.1693,0.2386,0.0448,0.0799
kYpMRvva5p4,4,0,0.0,94.4,156.8,79.7,0.0838,0.0267,0.0437,0.0265
sK7Vh2y1QtI,1,0,0.0,97.8,82.7,60.2,0.0909,0.2585,0.045,0.2432
fg9pTsbRU-Y,1,0,0.0,129.4,167.7,76.2,0.0423,0.3498,0.0354,0.0863
PISf6H5EP6Y,7,1,0.143,146.3,221.5,80.8,0.0598,0.2178,0.089,0.1589
gRN3fVFpsoo,2,0,0.0,127.3,178.0,82.1,0.1267,0.0741,0.1421,0.0372
Xl0JhNSikiM,1,0,0.0,157.3,221.6,88.4,0.1054,0.1113,0.0822,0.031
9gm0-XgrX10,1,0,0.0,121.8,197.5,79.0,0.1174,0.1161,0.0766,0.0096
p3wnZhhhydg,1,0,0.0,112.5,75.4,59.8,0.0858,0.0403,0.0238,0.0443
kGv14hcHRuA,2,0,0.0,84.5,116.4,92.9,0.1707,0.0028,0.1049,0.1164
b3txWHyRyA8,2,1,0.5,67.0,134.1,77.4,0.0416,0.0415,0.1121,0.0349
vk8064tnNC4,1,0,0.0,62.1,155.0,86.5,0.1068,0.013,0.0837,0.1854
tJJ-r6UdScU,2,1,0.5,137.8,134.5,79.6,0.0922,0.0996,0.0536,0.058
-gF4hJcuciI,2,0,0.0,51.4,162.7,85.3,0.0362,0.0745,0.1037,0.1251
Z5lXUgJNWw0,2,1,0.5,91.6,108.8,66.3,0.063,0.0,0.0099,0.1135
d6wWyePHwKU,2,0,0.0,110.1,151.4,80.1,0.1006,0.1099,0.0211,0.0203
OzHaKRpgoYI,3,0,0.0,83.0,82.1,58.0,0.0579,0.0531,0.0199,0.0768
norrDMAcHbg,1,0,0.0,44.4,187.5,72.3,0.1245,0.0002,0.057,0.0092
PK85W8t9WP4,2,0,0.0,50.4,144.0,99.6,0.036,0.0553,0.0472,0.0966
PvbaxcmTg5U,2,1,0.5,84.4,143.1,75.9,0.0555,0.006,0.0537,0.1115
Yig7EUQvYMs,2,0,0.0,88.6,149.7,73.3,0.0593,0.0414,0.1944,0.0062
jg5V5FXMboI,3,0,0.0,77.4,197.6,61.6,0.0557,0.1203,0.0578,0.0498
geLPiDz39CU,3,0,0.0,92.1,173.5,66.1,0.1961,0.011,0.0294,0.04
m-AXCHZK6Is,1,0,0.0,126.1,154.0,86.4,0.2104,0.0056,0.0783,0.2089
apqDLOJHeaA,0,0,0,72.2,123.4,78.1,0.0333,0.0033,0.0886,0
hmH5PsWrqx0,5,0,0.0,117.7,222.4,68.9,0.0294,0.0367,0.0386,0.0501
pX50RmbpDEo,2,0,0.0,85.6,134.1,70.5,0.0424,0.0295,0.0285,0.1324
hXXlpHSKIPQ,5,0,0.0,88.4,213.3,74.6,0.0601,0.2324,0.0508,0.0602
iWusgRo_ga8,9,0,0.0,102.7,153.8,85.9,0.0504,0.0232,0.0525,0.099
zHSPuuv_v4I,2,0,0.0,74.2,179.4,64.4,0.0422,0.0676,0.0454,0.0269
1ASbN_Tqw6U,1,0,0.0,130.0,140.5,87.0,0.1034,0.1556,0.0967,0.023
-NANd78K4L0,4,1,0.25,144.3,194.5,77.7,0.1475,0.1594,0.0383,0.2556
jC9YtNaFcXA,2,1,0.5,69.9,132.9,65.3,0.1156,0.0056,0.0978,0.0764
8JQ-5SSZOek,5,0,0.0,61.8,151.1,67.3,0.0578,0.0147,0.0506,0.0771
zlUjjQLCTQ4,2,0,0.0,116.7,194.0,81.7,0.0019,0.0001,0.0899,0.0098
_NEZmmA8ztM,3,0,0.0,59.4,131.3,61.3,0.0105,0.0314,0.2152,0.0235
Cq0XG-0z0AI,3,1,0.333,76.5,206.0,62.9,0.187,0.0286,0.0388,0.0695
UqjEKJ7qm-Y,2,0,0.0,62.0,146.7,58.1,0.0301,0.0003,0.1286,0.1201
1deQdKpW85A,1,0,0.0,123.9,72.8,78.1,0.0294,0.0056,0.0098,0.0456
Mdk3cFSeuyg,7,0,0.0,93.6,165.7,71.6,0.0699,0.0045,0.0999,0.038
dpbTFMIY9cc,5,0,0.0,134.4,120.7,85.7,0.2363,0.0212,0.0428,0.1041
4AlB2gdytRU,2,1,0.5,31.9,71.1,61.8,0.0003,0.0036,0.0194,0.3183
ebDvdxoyPaU,5,0,0.0,107.4,100.6,79.0,0.0947,0.0152,0.0365,0.1071
ikUQSXd-xOA,4,0,0.0,69.7,183.5,67.6,0.1725,0.0077,0.0581,0.1028
ggxxbJjQWGs,1,0,0.0,72.9,174.4,80.0,0.2066,0.0229,0.0554,0.0149
WwM5vbqYkPk,3,2,0.667,87.1,166.0,71.0,0.2458,0.0013,0.0315,0.2306
PT1pNeoZlbk,6,0,0.0,111.8,141.6,77.7,0.1448,0.1017,0.0794,0.1129
1_ynXGADv7w,4,0,0.0,120.2,160.1,76.0,0.194,0.0463,0.0875,0.074
Vz5DoeO7bno,4,0,0.0,125.5,145.0,69.2,0.0657,0.3058,0.2715,0.0325
aGUl9kk2Yqs,4,0,0.0,118.9,161.1,82.7,0.0854,0.0213,0.0549,0.0485
kwrOV5aoRWc,6,2,0.333,106.9,97.1,75.8,0.174,0.0101,0.0173,0.3827
SeEQFymHa-o,2,1,0.5,109.3,139.3,80.5,0.0806,0.0851,0.0945,0.0927
G4VBR2_Jd10,5,0,0.0,100.1,150.2,70.7,0.1379,0.0775,0.0706,0.0538
lUWIkhSEjVY,1,0,0.0,92.6,143.4,66.6,0.1044,0.013,0.0688,0.0033
ipihm64VX6o,4,0,0.0,73.2,141.5,70.2,0.091,0.0038,0.0448,0.151
IvKPh1vALso,3,0,0.0,142.5,123.3,84.6,0.0842,0.1505,0.0736,0.0941
nzrLtC8Too0,5,0,0.0,91.8,207.0,67.5,0.1739,0.0135,0.0536,0.0786
Mjomoga3I3A,4,2,0.5,128.3,197.6,96.7,0.0628,0.0522,0.0553,0.1138
COgDa14swpY,4,0,0.0,91.6,136.8,65.6,0.1279,0.0078,0.0581,0.0394
6Ggw9tp988o,2,0,0.0,99.9,154.6,69.6,0.1077,0.0741,0.0522,0.0297
mHCDM0b6Yt8,1,1,1.0,135.1,217.7,82.3,0.097,0.1889,0.0424,0.1485
qpiQEPB-QCM,3,0,0.0,79.2,213.0,73.8,0.0688,0.0657,0.0258,0.0868
6B8SJCiVI4Q,0,0,0,166.6,117.8,70.7,0.0225,0.0009,0.1188,0
iFBmLbDiE0Q,4,0,0.0,56.8,184.2,61.9,0.0859,0.0,0.0402,0.1795
08OoYu25aK4,3,1,0.333,71.3,68.1,76.3,0.022,0.0347,0.031,0.0694
fJnpbBYZAjs,2,0,0.0,31.7,46.2,67.4,0.0266,0.0667,0.0246,0.2913
GRf5OPDTiqo,0,0,0,143.6,70.0,52.8,0.2264,0.0865,0.014,0
EULgWfGnJFI,1,0,0.0,78.5,141.0,73.3,0.1418,0.0383,0.0462,0.0584
Y0LFx9a1-nk,2,1,0.5,78.4,153.9,56.0,0.0754,0.0039,0.0152,0.0621
bO1_NxOj2Z0,1,0,0.0,52.3,149.9,59.8,0.0948,0.0,0.0275,0.0037
wyTMyAZMwms,0,0,0,47.4,61.5,52.6,0.0078,0.0283,0.0372,0
oZ3w2cvPyzw,1,0,0.0,42.4,208.5,63.6,0.0162,0.0228,0.0476,0.0314
6o6jDDlqzMs,0,0,0,81.9,191.2,77.6,0.1802,0.0427,0.0392,0
QQ95Ri-MCyY,1,0,0.0,59.7,164.4,83.3,0.0844,0.0403,0.0352,0.0192
TN--673xwbY,5,0,0.0,58.4,114.3,73.2,0.0618,0.0025,0.0533,0.2385
cjIPFMfq8OQ,2,0,0.0,36.5,23.1,22.8,0.0287,0.0188,0.0071,0.009
N_xSwdteRfE,4,0,0.0,84.0,186.0,76.8,0.1877,0.0536,0.0911,0.0439
ZupHTfAwAHQ,5,1,0.2,84.9,158.2,68.7,0.2356,0.0371,0.017,0.1503
CTNMyZFp1SU,2,0,0.0,97.2,147.4,97.5,0.0268,0.0028,0.0566,0.0371
1-XcqBRsC48,0,0,0,12.3,176.7,112.9,0.0259,0.0009,0.0216,0
RKu5J4gVYjM,2,0,0.0,53.3,66.5,54.7,0.0073,0.0178,0.0252,0.0132
kiHwk5En7s8,0,0,0,58.9,175.1,76.8,0.073,0.0016,0.0244,0
QTHOl_vZt94,2,0,0.0,37.7,202.2,48.7,0.0615,0.0487,0.0489,0.0138
WAuSgQEhUCo,1,0,0.0,139.8,69.9,50.0,0.5244,0.0113,0.0146,0.0082
6bpKTWAxqS4,3,0,0.0,77.9,85.9,63.1,0.1333,0.0144,0.0281,0.0999
TYKgRhwQx4Q,4,0,0.0,75.2,116.7,86.2,0.2069,0.0085,0.0707,0.1045
iY4Yju4Kl90,3,0,0.0,116.4,112.0,73.1,0.1282,0.045,0.1339,0.0459
4QNsEFWLteQ,2,1,0.5,82.8,177.0,69.2,0.1651,0.0077,0.0325,0.1499
0t_pvVaho5I,2,1,0.5,49.0,190.1,59.3,0.1216,0.0,0.0357,0.1861
98dF7LK9VTQ,0,0,0,63.8,136.0,62.9,0.0032,0.0041,0.0754,0
Oz35-yv6x-E,2,0,0.0,58.7,207.5,72.4,0.0798,0.0251,0.0226,0.0367
audACEuizfs,3,0,0.0,49.1,174.5,88.8,0.0166,0.0463,0.0385,0.0426
kMXbF2UFdao,2,1,0.5,88.2,184.6,75.3,0.1384,0.0306,0.0547,0.1062
gby5ILlh3Gw,2,0,0.0,56.9,175.9,77.3,0.105,0.0015,0.0279,0.0738
K9XTQsHI9Ig,1,0,0.0,78.9,72.1,49.4,0.1553,0.0012,0.0306,0.0086
8YZorIGZQGw,9,2,0.222,139.3,177.6,74.8,0.6395,0.0005,0.0652,0.0565
bXDackR9W0w,0,0,0,54.6,175.3,62.9,0.0524,0.0013,0.0338,0
NAHdiuxCPpE,6,0,0.0,63.0,83.5,69.8,0.0956,0.0086,0.0322,0.0606
2EqpTtPb92Q,2,1,0.5,46.1,209.5,63.6,0.0621,0.0001,0.0184,0.1359
DGbQ50mCUIw,2,1,0.5,62.4,171.5,76.0,0.0002,0.0264,0.0334,0.1027
dMQ6QX-WeGw,4,0,0.0,100.1,184.4,86.0,0.339,0.0328,0.0322,0.102
EuH-NVHBSqM,4,0,0.0,50.9,212.4,64.5,0.0434,0.0356,0.0369,0.0622
u4Dlh7QS4GY,2,1,0.5,40.2,119.2,99.6,0.0396,0.0497,0.0289,0.1721
pqjIGupku_g,1,0,0.0,92.6,110.4,67.2,0.2029,0.0255,0.0157,0.0932
t8A7kx8G1wM,2,0,0.0,60.5,197.1,73.4,0.1625,0.0021,0.0366,0.0605
btuR-q1bX2Y,2,0,0.0,46.5,95.9,74.0,0.0639,0.0017,0.0619,0.0377
PQsJbLulSsQ,8,0,0.0,78.5,104.2,74.5,0.2498,0.0031,0.0857,0.1269
qEckM3VuIXo,5,1,0.2,68.6,153.4,81.8,0.0221,0.028,0.0441,0.0911
UiuYt2vQ3EE,5,0,0.0,80.9,156.8,69.1,0.134,0.0187,0.0774,0.0947
heQsq0YesHY,2,0,0.0,77.3,197.3,48.7,0.0361,0.099,0.0206,0.0769
YloFS2a6LU4,6,0,0.0,72.9,167.4,83.7,0.0819,0.0367,0.0542,0.1384
ZTfFmYpXouQ,3,0,0.0,84.4,167.1,60.1,0.0046,0.0011,0.0911,0.0218
joISoz849Tc,2,0,0.0,116.1,152.4,73.5,0.1699,0.0018,0.0315,0.0208
OP9M5GwCf6k,1,0,0.0,72.3,205.6,46.1,0.1178,0.0458,0.0058,0.2734
7ZOXZs-LkTE,1,0,0.0,48.2,174.0,44.4,0.0189,0.0,0.0088,0.053
pQBLpwEKBp0,3,0,0.0,68.9,222.7,61.5,0.1105,0.0515,0.1243,0.0702
vWVaBj4wPBY,2,1,0.5,114.8,161.3,76.2,0.0219,0.0164,0.0577,0.1477
LNG7KlB8bUg,0,0,0,31.7,139.8,87.6,0.0073,0.0177,0.0412,0
ZUF5XxLWM5c,0,0,0,48.6,167.1,76.4,0.0599,0.0,0.0197,0
ZASAeUd2s0c,2,0,0.0,58.9,134.9,86.4,0.0337,0.0007,0.0498,0.0071
V5P9SeFHPhg,0,0,0,97.1,178.5,64.8,0.1173,0.0015,0.2242,0
D3Eq8lPvXP0,3,0,0.0,67.2,177.9,53.6,0.0441,0.0013,0.0513,0.0347
UIsq54opvg8,0,0,0,50.0,139.4,99.6,0.0339,0.0184,0.0603,0
9TvQTXkV7ZA,3,0,0.0,74.9,190.4,65.9,0.0471,0.0805,0.1433,0.052
3QZ-xgQkzFM,2,0,0.0,105.3,166.2,60.9,0.2237,0.056,0.0221,0.1078
JHdHC_K_Vmg,2,0,0.0,102.1,172.3,64.0,0.2624,0.0227,0.024,0.0095
KrJNy3GYsJk,0,0,0,97.9,200.3,53.8,0.2578,0.0001,0.0041,0
NYZQsXzOd7c,4,0,0.0,132.5,183.7,60.6,0.2112,0.1631,0.0256,0.013
oZpvV2SAdKc,1,0,0.0,96.9,174.2,51.6,0.0964,0.0,0.0043,0.0159
xbTD7Hd4SiA,2,1,0.5,116.5,151.6,61.9,0.0155,0.0003,0.0105,0.2823
Hfl2DxrZ38g,2,0,0.0,82.2,201.1,50.9,0.0528,0.0136,0.0064,0.2495
ViHztZunGFc,2,0,0.0,85.7,187.4,49.9,0.0345,0.0039,0.0063,0.3331
V74JOYq4Yck,2,0,0.0,97.2,169.1,49.7,0.0496,0.0303,0.0331,0.0173
OC8tYJWSWcY,3,0,0.0,56.9,179.2,61.9,0.075,0.0026,0.045,0.1164
jln1sr-PYU8,1,0,0.0,83.1,211.3,45.6,0.0755,0.0095,0.004,0.2256
_fIgWVxp9Ts,1,0,0.0,110.1,207.5,53.0,0.3455,0.0676,0.0093,0.1469
DnbQ3GMiT98,3,0,0.0,122.5,153.9,62.6,0.1817,0.003,0.0899,0.0196
7OJooIf_Ai4,7,0,0.0,84.7,193.6,64.6,0.0458,0.0378,0.1007,0.1442
7YpgXjEToa0,3,0,0.0,86.9,172.5,60.2,0.1715,0.0,0.0594,0.1371
xFvEMdbfnr8,3,0,0.0,89.9,179.2,53.0,0.0226,0.0178,0.0362,0.0812
3Us8TbDnlOM,1,0,0.0,85.7,102.9,63.5,0.2612,0.0312,0.0259,0.0192
-Vo44OXsp9U,2,0,0.0,86.9,202.8,56.5,0.0292,0.0003,0.0721,0.0151
hYEbI6VEJOo,1,0,0.0,34.3,227.4,38.4,0.0219,0.0,0.0142,0.0392
3XUnNEoJS80,5,0,0.0,122.9,130.8,67.4,0.0431,0.0808,0.0617,0.0345
sexNjvK_Tk4,3,0,0.0,71.2,200.2,48.6,0.0293,0.0033,0.0252,0.1329
efBZfUx4OMk,3,0,0.0,69.3,170.7,62.9,0.1185,0.0,0.0189,0.305
GRqehg_RXso,4,0,0.0,55.6,177.8,52.6,0.0048,0.0024,0.0338,0.409
6sRwnQElEus,0,0,0,118.3,179.1,71.4,0.0448,0.0255,0.0845,0
v3YkjBKaYDA,1,0,0.0,95.7,152.4,60.6,0.0803,0.0002,0.0645,0.017
R5ExBQCvcVI,0,0,0,72.9,205.3,48.5,0.0311,0.0342,0.0306,0
b5SjTr-0vj0,0,0,0,118.6,173.0,56.5,0.2841,0.0775,0.0138,0
D3-xe1G24zQ,1,0,0.0,81.6,192.2,55.5,0.073,0.0551,0.0405,0.0029
h5269TSdGZs,0,0,0,83.9,151.7,65.2,0.0184,0.0084,0.0591,0
cAEPDXFxXww,2,0,0.0,74.7,171.9,63.2,0.0531,0.0216,0.0409,0.0583
Qk0QJUAuagQ,4,2,0.5,80.1,189.8,51.8,0.0369,0.0,0.0292,0.4297
VZnPP2EJrvM,5,0,0.0,106.6,166.7,64.4,0.0142,0.0094,0.0892,0.0202
dyh5Vb59fbY,2,0,0.0,68.8,159.3,50.3,0.0435,0.0044,0.0235,0.2162
rOlSy-VqKSE,4,0,0.0,74.0,227.5,52.9,0.2116,0.0182,0.0309,0.1218
W7g5vMlagsE,5,0,0.0,74.8,140.1,75.7,0.0493,0.0625,0.0449,0.0573
RpYDcbvitDI,1,0,0.0,134.0,190.4,84.8,0.1616,0.0419,0.0923,0.0711
RFzF-sfY3Eo,8,0,0.0,84.6,133.5,82.6,0.0833,0.032,0.1396,0.0434
p6iPkm_kwjw,6,1,0.167,65.1,161.9,84.2,0.0867,0.0863,0.0949,0.185
PJNgE7_XF7I,8,2,0.25,111.4,131.8,86.1,0.2165,0.0203,0.1461,0.0425
dsXKnFutkjI,1,1,1.0,57.2,77.2,56.5,0.0158,0.0054,0.0327,0.0077
7vRz3a0dZCQ,2,0,0.0,64.0,71.0,56.5,0.0365,0.0023,0.0176,0.0234
y59cNLpnIRc,1,0,0.0,92.5,164.6,58.8,0.1722,0.0414,0.0171,0.005
c83JDkg7xnQ,0,0,0,65.9,162.6,93.3,0.0102,0.001,0.0378,0
Nhh8jlpAwqg,1,1,1.0,51.7,109.8,62.2,0.0023,0.0151,0.0637,0.0447
cpLqFDHkSjg,7,2,0.286,96.3,121.8,85.8,0.0933,0.0281,0.1556,0.1069
xqUbmjSSQ-s,2,1,0.5,57.7,148.1,65.9,0.0135,0.0223,0.0545,0.0623
Ce49ZFLI7HQ,7,0,0.0,117.6,141.1,84.5,0.1272,0.0317,0.0949,0.115
CRVbVEIBmYM,2,0,0.0,100.8,158.3,80.9,0.2956,0.0473,0.118,0.0414
ZnhWdA0WK8E,1,1,1.0,56.1,68.9,45.9,0.0555,0.0107,0.0261,0.0662
VM2_29apftc,2,0,0.0,47.7,79.0,48.4,0.0284,0.0003,0.0099,0.0282
-8nXIF-vQos,3,0,0.0,78.9,173.5,79.8,0.0119,0.0431,0.1125,0.0396
-8yEiFj6xBs,6,0,0.0,97.1,160.4,84.5,0.2155,0.0066,0.129,0.07
hSlKFGpzpSQ,4,0,0.0,65.9,75.8,53.5,0.0347,0.0286,0.0334,0.0427
vm9vTss3iYA,2,1,0.5,57.0,93.2,63.1,0.0933,0.0164,0.0286,0.1407
Nixoo8xeddE,4,0,0.0,129.3,50.9,42.1,0.1298,0.051,0.0227,0.0641
wdjU_fqB-yc,1,0,0.0,95.7,168.7,75.6,0.0283,0.085,0.0761,0.0106
JNdFE2EgQT0,2,0,0.0,97.5,103.4,50.0,0.046,0.0817,0.0255,0.0374
4A9NGMwrcDc,2,1,0.5,83.7,59.1,47.2,0.0721,0.0115,0.0185,0.0825
XLZ_MnxSQxA,8,0,0.0,78.5,173.4,86.6,0.1274,0.0503,0.0796,0.058
u6aiyvavAaU,3,0,0.0,59.0,67.1,51.3,0.13,0.0139,0.0517,0.0186
5tulVAl-EQE,1,0,0.0,83.5,134.4,68.6,0.0229,0.0365,0.1153,0.0043
Z4HhQlI1JCw,2,1,0.5,105.1,189.2,83.1,0.1731,0.0409,0.0897,0.0767
X6zAypJ3j70,3,0,0.0,44.6,77.0,58.1,0.0891,0.0004,0.0394,0.0163
xqvpAtD3iXA,3,0,0.0,41.7,74.9,53.4,0.0276,0.0042,0.0293,0.0145
jli6oCaHVYQ,1,0,0.0,64.0,72.8,50.1,0.0311,0.0008,0.0184,0.0127
tELR7ajIKpw,3,1,0.333,93.3,145.2,76.1,0.0396,0.0621,0.0361,0.3556
Tm4tUNV2HkA,4,1,0.25,53.1,151.1,69.2,0.0664,0.0446,0.1773,0.0595
htkN1omIt0w,2,0,0.0,65.2,75.3,56.2,0.0719,0.0047,0.0225,0.0197
4pbP8qjK6HQ,2,0,0.0,68.5,127.3,85.9,0.0036,0.24,0.021,0.0391
Dqo89D5bGgY,3,0,0.0,65.8,151.0,68.3,0.0685,0.0207,0.0429,0.1424
lxC7TPpuCoU,0,0,0,60.8,60.4,50.9,0.0821,0.0128,0.0299,0
Z7-0_RthPHg,1,0,0.0,73.9,61.0,62.4,0.0894,0.0015,0.0182,0.0056
HoGrFF6g81Y,9,0,0.0,65.9,112.2,72.0,0.0456,0.007,0.1122,0.049
MVk0qFtT1nk,1,0,0.0,40.5,69.5,51.6,0.012,0.002,0.0219,0.0015
qXCuNws12b4,0,0,0,132.8,146.7,68.2,0.0033,0.296,0.0259,0
NiffFg2Bpco,1,1,1.0,103.3,152.2,68.8,0.1275,0.0828,0.0517,0.1043
yvfhjVtDPyM,7,0,0.0,92.7,177.4,84.1,0.2256,0.0009,0.071,0.1106
XpmQqWRnv_U,1,0,0.0,78.2,81.8,53.5,0.0589,0.0227,0.0387,0.0113
loZmp3QgDz8,1,1,1.0,70.2,148.4,60.1,0.0092,0.0338,0.1392,0.1518
iUDqykMVGgc,3,0,0.0,79.4,109.5,77.2,0.0502,0.0298,0.0173,0.4824
PEOa3hZDFhg,1,1,1.0,83.8,146.5,82.2,0.0204,0.018,0.1022,0.046
abUau-7hW4Y,5,0,0.0,72.8,67.3,48.5,0.0402,0.0467,0.0698,0.0414
NGHqEASWZSc,2,0,0.0,39.0,191.9,73.1,0.0146,0.0019,0.0391,0.0274
jUjRJZiM7co,1,0,0.0,103.1,171.4,77.8,0.0434,0.1408,0.066,0.0088
OYaMSbKYVWM,3,0,0.0,91.6,68.0,59.2,0.1163,0.0089,0.0321,0.0297
8lnf4-3c9U4,4,0,0.0,137.8,135.5,70.1,0.2359,0.0188,0.075,0.14
1oAKpuUd1o4,6,2,0.333,134.2,92.7,58.2,0.0231,0.3988,0.1041,0.1667
bK9383sa6JQ,4,0,0.0,86.9,162.8,75.1,0.1401,0.0559,0.0558,0.0177
xxyWXf7HVjU,5,0,0.0,54.5,122.3,78.6,0.0955,0.0081,0.072,0.1913
2wk8nl6w39k,4,0,0.0,90.5,130.5,76.3,0.3863,0.0051,0.0241,0.102
6WixRRsdNvU,0,0,0,119.3,130.8,63.8,0.0467,0.1426,0.0316,0
EBz8nWqqf5Y,0,0,0,155.7,194.6,77.2,0.2671,0.1152,0.0736,0
jBXQqyBizaI,3,0,0.0,114.0,159.8,75.9,0.1467,0.0874,0.0593,0.0196
XBqGEVzK2h0,1,0,0.0,75.1,145.3,83.0,0.1681,0.0151,0.1647,0.0025
C6IHSLDeuoM,2,0,0.0,167.2,209.4,95.4,0.394,0.2095,0.0842,0.1759
3JsLqiKJFJs,3,0,0.0,89.9,129.0,77.9,0.0408,0.2038,0.1075,0.0147
sexzBogcKSM,3,0,0.0,83.4,135.4,93.5,0.1305,0.0805,0.1446,0.0366
QluEfFBwbyE,2,0,0.0,52.3,115.5,88.2,0.0618,0.0298,0.1716,0.0817
j8Y-l6JbNus,3,0,0.0,94.3,153.2,97.3,0.006,0.0154,0.1105,0.0401
Z0Vee0ThZek,1,0,0.0,48.8,98.7,74.2,0.0402,0.0885,0.053,0.0726
X_U5-G43ETE,0,0,0,70.4,98.5,86.2,0.0327,0.139,0.1358,0
xd5g-GiQD_Y,1,0,0.0,43.4,92.3,72.9,0.0193,0.0114,0.0957,0.0169
BcMrKd8B2fw,2,0,0.0,134.1,106.9,65.9,0.4218,0.0076,0.0979,0.0863
7awW06tXjYA,2,0,0.0,105.4,70.2,66.2,0.1669,0.133,0.0878,0.0597
_z59_dvjMI0,4,0,0.0,46.1,159.2,57.8,0.1049,0.0135,0.0387,0.1213
E1a8TNfX7P4,3,0,0.0,105.9,178.6,73.9,0.1688,0.0552,0.1001,0.0614
WVTEb0_OiM8,2,0,0.0,65.9,150.8,71.9,0.0916,0.0071,0.0501,0.0092
UYR3S8K0x8A,2,0,0.0,95.9,145.0,65.8,0.3483,0.014,0.0266,0.0387
YA8zm2jCE6c,3,0,0.0,175.5,220.0,92.4,0.0946,0.0064,0.0377,0.091
-BkigD0aHOU,2,0,0.0,111.3,132.0,84.9,0.2056,0.0713,0.1331,0.0468
Udh7lQ0njwE,2,0,0.0,90.2,106.6,78.9,0.0799,0.0864,0.0996,0.1624
xv77DMALFo4,3,1,0.333,34.3,127.2,53.1,0.0207,0.0048,0.0336,0.0152
ir_BgfHuLXs,0,0,0,35.6,100.8,71.4,0.0821,0.0165,0.0348,0
E0QpCN5tbrg,0,0,0,66.1,86.8,88.0,0.0361,0.0975,0.1406,0
omkuBuEh4aI,1,0,0.0,82.2,114.6,78.6,0.0513,0.1873,0.0587,0.0739
S_pdK8LswCo,2,0,0.0,129.6,75.3,69.5,0.3587,0.0231,0.0782,0.0733
hAKExqvzxf4,1,0,0.0,113.4,50.0,44.3,0.1326,0.005,0.0805,0.0162
DeyyQUR-FmA,3,0,0.0,150.1,116.6,69.8,0.1177,0.0513,0.0842,0.023
KRceHhDfZU8,1,0,0.0,65.6,127.4,92.7,0.1121,0.0226,0.107,0.0237
aoJY3K3F1MU,2,0,0.0,64.9,126.0,77.7,0.104,0.019,0.0641,0.0211
bdOlc5ArdJ0,2,0,0.0,45.6,119.8,65.6,0.0605,0.0043,0.099,0.0286
uBk_IN0OcoE,2,0,0.0,58.6,128.2,93.2,0.0806,0.0944,0.112,0.3338
Grr09LaSHWA,1,0,0.0,77.7,133.1,65.1,0.1969,0.0092,0.0131,0.1352
gYWAqOCZ6DY,0,0,0,87.7,136.0,81.1,0.0697,0.1103,0.1408,0
20VVSOQrkaA,0,0,0,61.3,104.7,85.7,0.0184,0.0158,0.158,0
xwyoq0FQc18,0,0,0,73.9,125.1,76.7,0.057,0.0609,0.0628,0
1EWRHThSvOk,4,1,0.25,176.7,197.3,92.5,0.0809,0.0492,0.0802,0.1294
knIdC_TjyIk,2,0,0.0,49.1,144.6,67.9,0.0782,0.0023,0.0332,0.0358
YinVcByjoxw,2,0,0.0,129.3,196.8,87.4,0.1702,0.1061,0.0888,0.0181
INrddpMtWVQ,0,0,0,93.4,129.9,89.9,0.0901,0.0461,0.1275,0
BaPK9j7Sdqk,3,0,0.0,58.4,105.0,75.0,0.0184,0.065,0.0686,0.1871
_0JBnokwNWk,4,0,0.0,98.1,223.5,67.2,0.0219,0.1381,0.041,0.0211
KXjFpvry2w8,4,0,0.0,103.6,202.2,77.6,0.116,0.1141,0.0774,0.0177
VxJV_or1Btw,1,0,0.0,97.1,188.2,69.5,0.0293,0.0812,0.0222,0.0492
trz1sToPIx4,0,0,0,100.3,100.2,66.3,0.1429,0.1109,0.0935,0
yYux5fRuZhI,2,0,0.0,167.0,212.7,78.9,0.0706,0.1014,0.0463,0.1188
vbOVC7OpOVk,1,0,0.0,132.1,106.6,75.0,0.2897,0.0158,0.0923,0.0602
4b71hhDr_mE,1,0,0.0,136.5,234.7,76.1,0.127,0.1001,0.0452,0.0881
nI2lMSvRVmw,0,0,0,71.4,97.4,80.7,0.0188,0.0718,0.1156,0
Ow_vlWsLVmk,1,1,1.0,148.9,221.8,84.7,0.1478,0.0949,0.0383,0.1056
VhAXxeYj1tk,1,0,0.0,51.3,123.1,87.6,0.0783,0.0081,0.1651,0.0237
0SojzC_4mrM,3,1,0.333,105.9,197.3,73.1,0.1364,0.0455,0.0713,0.082
wTJRh_Puv7o,3,1,0.333,86.3,113.7,81.4,0.0223,0.1147,0.0138,0.0324
hvICc3KWHag,1,0,0.0,140.9,91.7,64.0,0.2486,0.0365,0.0176,0.0035
qiJ6KZCy55c,1,0,0.0,121.6,224.0,76.9,0.0937,0.1929,0.0532,0.1003
gc7tpjKz-ro,0,0,0,192.9,183.8,81.8,0.0869,0.0154,0.0473,0
uk6rnhdvopQ,2,0,0.0,121.8,69.3,75.2,0.279,0.0809,0.083,0.0357
Cce2dm54-fU,2,0,0.0,77.2,170.9,100.3,0.2305,0.005,0.077,0.0622
9N8Zio00xc0,1,0,0.0,74.6,218.6,69.5,0.0359,0.0415,0.0345,0.0201
IR2O462DTt8,2,0,0.0,108.6,223.4,83.0,0.0766,0.064,0.0296,0.1122
TmjOaBid9kM,1,0,0.0,112.1,213.7,80.8,0.091,0.0867,0.0515,0.0167
7rMxLC5tEqk,2,0,0.0,122.5,209.3,90.5,0.358,0.0181,0.0585,0.1245
8fglMs4pDtk,4,0,0.0,76.8,218.3,73.1,0.1258,0.0499,0.0361,0.0168
b9ehRN1_04o,3,0,0.0,108.4,197.5,69.6,0.1035,0.2202,0.083,0.0785
LdCDC2-gkX4,2,0,0.0,79.1,220.0,60.0,0.167,0.0037,0.0313,0.1614
0y157LDbBlo,2,0,0.0,131.2,205.8,83.7,0.0241,0.1213,0.0907,0.0059
D1e7EXHh8tg,2,1,0.5,99.4,184.8,92.6,0.0798,0.0813,0.09,0.0642
dL_Trq-5qaE,2,0,0.0,184.8,220.9,93.4,0.0239,0.087,0.0554,0.0143
36Gx1BdOBvY,2,0,0.0,99.0,209.3,85.6,0.1215,0.1711,0.0279,0.0138
6zdbmO3dp6c,1,0,0.0,131.9,225.3,75.6,0.0457,0.2059,0.0292,0.0075
Bs19syRKGBY,2,1,0.5,169.8,228.6,88.8,0.0923,0.029,0.0294,0.0935
DEsQs2jLEOg,1,0,0.0,99.6,169.8,88.1,0.1888,0.0343,0.11,0.0077
GCT8GhrYREw,1,0,0.0,178.8,95.9,67.8,0.2017,0.1906,0.0188,0.0059
unAYb8hEVsU,0,0,0,184.6,189.7,83.4,0.0821,0.0515,0.1619,0
0Q-PFTUs_oc,1,0,0.0,133.2,181.1,74.2,0.204,0.0148,0.1922,0.0038
qF9nr0ESj78,1,0,0.0,205.3,197.7,90.6,0.0424,0.0524,0.0553,0.0037
JdkMIZb4uhU,1,0,0.0,134.3,108.5,73.1,0.2571,0.0535,0.0176,0.0037
x5LVcmIFHWY,4,1,0.25,150.4,204.3,82.6,0.0908,0.2154,0.0479,0.0967
dFP-7w30IOs,2,1,0.5,134.1,224.6,74.0,0.0234,0.2486,0.0619,0.0973
AdhGlXVvPMI,2,1,0.5,91.7,176.3,87.5,0.0845,0.0992,0.1354,0.0987
jH9y04ZGwO8,1,0,0.0,133.7,211.1,79.1,0.0419,0.5355,0.0864,0.0056
DcCiYdIZnNw,1,0,0.0,120.3,108.4,71.0,0.0099,0.0756,0.018,0.0367
dKT1ybM37P4,4,0,0.0,131.8,165.7,75.2,0.1154,0.0313,0.1641,0.0333
rGLkT_MrRuY,1,0,0.0,118.0,216.9,87.5,0.0092,0.1234,0.0503,0.0299
aNBaGOLb8n0,2,0,0.0,220.5,179.4,92.3,0.016,0.1192,0.0766,0.0265
ayBCU1jC8Jc,2,1,0.5,93.8,232.7,79.8,0.1092,0.1337,0.0591,0.05
yTN1J6askvc,1,0,0.0,75.0,183.0,74.1,0.0031,0.0261,0.0467,0.0109
FOCiUvFfeG0,1,0,0.0,100.0,210.3,69.0,0.0521,0.0009,0.0425,0.0071
SFVxTRmGWeo,1,1,1.0,105.5,208.1,71.0,0.0218,0.1698,0.0335,0.0511
Z0YYGUM6vYQ,2,0,0.0,157.1,100.1,70.5,0.2307,0.24,0.0315,0.0183
1ESlSrQ5l6E,1,0,0.0,106.1,203.6,68.8,0.041,0.2076,0.0451,0.0274
ZHrG8X43p4w,3,0,0.0,97.3,217.9,67.7,0.0945,0.0973,0.0211,0.0513
IQToi5oeouo,3,1,0.333,107.8,160.0,78.6,0.1104,0.0716,0.0459,0.3446
jEe0VqWZKo4,1,0,0.0,175.7,205.3,89.0,0.1575,0.1399,0.0455,0.0039
i-DboW4MXdI,2,0,0.0,133.4,206.6,88.4,0.0569,0.2384,0.0637,0.0353
cFmDtXdQ0w8,0,0,0,107.6,100.2,65.3,0.1198,0.0777,0.0165,0
nIXZIS9aVl4,3,1,0.333,158.2,107.0,72.9,0.1758,0.0202,0.0295,0.104
6az9VQKNPxM,3,0,0.0,86.3,126.2,76.0,0.0534,0.1267,0.1484,0.0796
XcKsQ4nDnOs,3,0,0.0,185.8,211.5,93.5,0.1735,0.3149,0.0535,0.0441
UwzFwpU3AxE,2,0,0.0,105.2,183.2,74.5,0.104,0.046,0.0656,0.042
lRvCt23Tprc,2,1,0.5,167.6,194.4,89.5,0.2115,0.2072,0.0674,0.0876
aPcnHML-kBQ,3,0,0.0,135.2,194.7,87.8,0.176,0.1248,0.0689,0.1135
WRjz6s7YMEQ,3,1,0.333,122.5,118.4,82.4,0.0651,0.0688,0.0593,0.068
DJmpSi6w54A,4,1,0.25,134.4,162.9,85.3,0.1114,0.0725,0.0532,0.0428
4tK7yEHJyOo,2,0,0.0,125.1,187.4,78.9,0.0522,0.1367,0.052,0.0772
8ipO6MKza3g,5,0,0.0,90.0,172.1,70.4,0.0597,0.0675,0.1003,0.0964
JTCp16MjugM,2,0,0.0,115.4,141.6,77.3,0.1047,0.0644,0.1248,0.0398
rW9q5xS0kC4,4,0,0.0,75.2,186.7,65.8,0.0488,0.125,0.0418,0.0621
ZCm_pj1kmLQ,3,1,0.333,127.8,198.6,81.6,0.1449,0.1255,0.1033,0.0746
UYA2axIVfjw,2,1,0.5,107.5,205.1,82.8,0.109,0.0544,0.074,0.0808
TdZFyuJWzn4,5,1,0.2,153.6,164.8,93.3,0.1118,0.144,0.1026,0.0965
rqzCb8zEt4A,3,0,0.0,139.2,186.4,91.6,0.1164,0.1635,0.0899,0.0724
IterrUr-RLI,2,2,1.0,141.5,189.5,95.2,0.0588,0.1623,0.0527,0.1423
4sT1us20vfA,7,0,0.0,65.2,135.0,60.7,0.0222,0.0064,0.1195,0.0288
Rs3w0WuIR0U,2,0,0.0,63.2,194.8,77.3,0.0568,0.0833,0.1125,0.01
5LBCSBgu6P0,2,1,0.5,70.6,109.1,66.2,0.0724,0.1028,0.0516,0.1322
rzHPNBehoRo,3,1,0.333,83.4,161.2,95.9,0.0775,0.0303,0.0578,0.1748
gFEoTUmRaCI,3,1,0.333,123.5,204.6,81.9,0.1108,0.1174,0.0912,0.1995
FqSC4erLrZM,2,1,0.5,119.9,194.4,86.0,0.0243,0.12,0.0834,0.0509
eI2AT1COaCU,4,0,0.0,94.6,167.5,71.2,0.032,0.102,0.0485,0.0796
0zjQLbN7bME,4,0,0.0,123.0,198.2,79.8,0.1801,0.0488,0.1061,0.0858
8W1_rKIuhQc,3,0,0.0,137.0,138.3,80.7,0.256,0.2124,0.0635,0.0603
C0doCdltekM,1,1,1.0,114.3,169.3,85.7,0.0721,0.1056,0.0626,0.0599
d4mnulYzecA,5,0,0.0,159.7,211.8,92.1,0.1161,0.149,0.0952,0.0602
mPLtQ_23YbM,5,0,0.0,130.7,159.7,74.0,0.1438,0.1133,0.0895,0.0342
SE6otD0ZIn8,3,0,0.0,136.5,167.8,75.6,0.1067,0.1756,0.1051,0.0278
DmwibKbuLBg,2,0,0.0,153.3,194.6,82.4,0.0365,0.1541,0.0804,0.016
8EzoqO3JlTA,3,0,0.0,142.2,172.4,81.9,0.1187,0.1185,0.0563,0.0456
cbEq1np-EC4,3,1,0.333,91.1,177.0,72.4,0.0104,0.029,0.0471,0.086
gqjDTw_oaFQ,3,0,0.0,137.6,166.4,80.5,0.1204,0.1572,0.0745,0.006
sbBa3StRCzY,2,1,0.5,132.7,191.4,91.2,0.2124,0.1211,0.0967,0.045
qxKmZRsst0Y,4,0,0.0,98.5,165.4,82.3,0.0557,0.1365,0.07,0.0306
KsaYuPjNmjU,3,2,0.667,87.6,183.1,69.9,0.0178,0.2125,0.0608,0.089
eMtKdJWtNOI,6,0,0.0,127.3,171.6,78.2,0.0314,0.0076,0.0763,0.0419
jy97JQ-b_iU,1,0,0.0,72.5,125.9,65.2,0.0109,0.0435,0.0487,0.2789
CXeNplE_bnc,3,0,0.0,110.6,145.3,79.1,0.0228,0.2552,0.0836,0.1307
traAqvac10U,7,0,0.0,147.0,187.5,86.1,0.1278,0.1177,0.0723,0.1158
PVuWOjYTYEc,3,0,0.0,70.5,143.9,73.7,0.0244,0.0747,0.043,0.2706
ugBN7lOLx-0,3,0,0.0,32.3,166.7,91.4,0.0533,0.0116,0.0755,0.0506
wZxnRhHUfrI,5,2,0.4,76.6,166.6,74.7,0.0744,0.0723,0.0512,0.1396
2fOyQ7GB2y0,2,0,0.0,106.3,191.9,78.4,0.0213,0.0204,0.0507,0.0464
7aE1fxVXPP8,2,2,1.0,44.8,141.0,62.3,0.0642,0.0148,0.0734,0.1859
xpH5gWMF4tM,2,1,0.5,58.7,166.0,64.5,0.0155,0.0656,0.0827,0.0939
otWmD3CmJxE,2,0,0.0,122.4,173.3,79.9,0.0326,0.0951,0.1115,0.0109
E-VsTnSDOPk,7,1,0.143,74.5,161.3,65.1,0.0453,0.0365,0.1001,0.0917
