title_length,word_count,avg_word_length,caps_ratio,caps_word_count,exclamation_count,question_count,has_ellipsis,special_char_ratio,has_numbers,num_count,emoji_count,sentiment_pos,sentiment_neg,sentiment_neu,sentiment_compound,flesch_reading_ease,has_challenge,has_prank,has_surprise,has_emotional_word,has_family_word,has_child_word,has_first_person,has_clickbait_phrase,video_id
43,7,5.285714285714286,0.16666666666666666,0,0,0,False,0.023255813953488372,False,0,0,0.508,0.0,0.492,0.6335,59.745000000000005,True,False,False,False,False,True,False,False,m1WrpXybEWM
28,3,8.666666666666666,0.11538461538461539,0,0,0,False,0.0,False,0,0,0.394,0.0,0.606,0.0772,34.59000000000003,True,False,False,False,False,False,False,False,elmC_4tqp8I
39,6,5.666666666666667,0.14705882352941177,0,0,0,False,0.0,False,0,0,0.0,0.0,1.0,0.0,45.64500000000001,False,False,False,False,True,False,False,False,muoVLVZbf44
38,7,4.571428571428571,0.16129032258064516,0,0,0,False,0.02631578947368421,False,0,0,0.533,0.0,0.467,0.6908,73.84500000000001,False,False,False,False,False,True,False,False,dYZq4_zy25M
34,6,4.833333333333333,0.14814814814814814,0,1,0,False,0.058823529411764705,False,0,0,0.35,0.0,0.65,0.4003,66.40000000000003,False,False,False,False,False,True,False,False,w2mMi0alS5k
23,4,5.0,0.15789473684210525,0,1,0,False,0.043478260869565216,False,0,0,0.0,0.0,1.0,0.0,75.87500000000001,False,False,False,False,True,True,False,False,akW1bVBqwss
30,6,4.166666666666667,0.16666666666666666,0,0,0,False,0.03333333333333333,False,0,0,0.0,0.0,1.0,0.0,66.40000000000003,False,False,False,False,False,True,False,False,ResRoiCduPI
42,5,7.6,0.13513513513513514,0,1,0,False,0.023809523809523808,False,0,0,0.62,0.0,0.38,0.5983,-1.2799999999999727,False,False,False,False,False,False,False,False,HoUwwfPACF4
34,7,4.0,0.19230769230769232,0,1,0,False,0.058823529411764705,False,0,0,0.0,0.0,1.0,0.0,102.045,False,False,False,False,False,True,False,False,Lj9JZvkY19k
37,7,4.428571428571429,0.13333333333333333,0,0,0,False,0.0,True,1,0,0.286,0.0,0.714,0.34,54.70142857142861,False,False,False,False,False,True,False,False,0Fm8pxLA9eI
41,6,6.0,0.14705882352941177,0,1,0,False,0.04878048780487805,False,0,0,0.451,0.0,0.549,0.3164,49.48000000000002,True,False,False,False,False,True,False,False,EycprjLvUCk
47,8,5.0,0.1794871794871795,0,1,0,False,0.02127659574468085,False,0,0,0.339,0.0,0.661,0.5562,65.30000000000001,False,False,False,False,False,True,False,False,p0n3fE-PXWM
42,7,5.142857142857143,0.14285714285714285,0,1,0,False,0.023809523809523808,False,0,0,0.0,0.0,1.0,0.0,42.61571428571432,False,False,False,False,False,True,False,False,f8AdmWvxFyc
41,6,6.0,0.14285714285714285,0,1,0,False,0.024390243902439025,False,0,0,0.324,0.0,0.676,0.3382,17.44500000000002,False,False,True,False,False,False,False,False,IYpPKT46m8I
35,6,5.0,0.17857142857142858,0,1,1,False,0.05714285714285714,False,0,0,0.242,0.0,0.758,0.1511,105.09000000000002,True,False,False,False,False,True,False,False,XXX2r_dWU3A
37,7,4.428571428571429,0.2,0,0,0,False,0.02702702702702703,False,0,0,0.307,0.0,0.693,0.3947,73.84500000000001,False,False,False,False,False,True,False,False,I_4Xw57Lt-k
33,5,5.8,0.17857142857142858,0,1,0,False,0.030303030303030304,False,0,0,0.436,0.0,0.564,0.4753,66.40000000000003,False,False,False,False,False,False,False,False,qRRSzV4WXC0
26,4,5.75,0.13636363636363635,0,1,0,False,0.038461538461538464,False,0,0,0.0,0.552,0.448,-0.5707,118.17500000000001,False,False,False,False,False,True,False,False,fhPaQwEoGGM
29,5,5.0,0.2,0,0,0,False,0.0,False,0,0,0.565,0.0,0.435,0.4404,83.32000000000004,False,False,False,False,False,True,False,False,XYuick59Gs0
45,9,4.111111111111111,0.16666666666666666,0,0,0,False,0.022222222222222223,False,0,0,0.0,0.0,1.0,0.0,71.81500000000001,False,False,False,False,False,True,False,False,3bq2yOr6JqY
35,5,6.2,0.0967741935483871,0,0,0,False,0.0,False,0,0,0.245,0.0,0.755,0.0772,66.40000000000003,True,False,False,False,False,True,False,False,sIonITRkiYs
48,8,5.125,0.15384615384615385,0,1,0,False,0.041666666666666664,False,0,0,0.487,0.0,0.513,0.69,70.33964285714288,False,False,False,False,False,True,False,False,zvdPu2VniM8
55,9,5.222222222222222,0.20454545454545456,1,1,0,False,0.05454545454545454,False,0,0,0.411,0.0,0.589,0.5983,75.87500000000001,True,False,False,False,False,True,False,False,JBcG75_yClI
43,9,3.888888888888889,0.17142857142857143,0,0,0,False,0.0,False,0,0,0.0,0.0,1.0,0.0,75.50000000000003,False,False,False,False,True,False,False,False,H7b4qr0n4ec
49,8,5.25,0.14634146341463414,0,0,0,False,0.02040816326530612,False,0,0,0.255,0.0,0.745,0.34,18.44428571428574,False,False,False,False,False,False,False,False,j665V6VtnxE
38,7,4.571428571428571,0.16129032258064516,0,1,0,False,0.02631578947368421,False,0,0,0.0,0.0,1.0,0.0,42.61571428571432,False,False,False,False,True,True,False,False,9z6bVYcWBZM
37,8,3.75,0.2,0,0,0,False,0.0,False,0,0,0.492,0.0,0.508,0.7003,92.965,False,False,False,False,True,False,False,False,Zl0W2HK_vr4
25,5,4.2,0.19047619047619047,0,0,0,False,0.0,False,0,0,0.375,0.0,0.625,0.34,49.48000000000002,False,False,False,False,False,True,False,False,9ugeJzpj8qE
56,9,5.333333333333333,0.14634146341463414,0,0,0,False,0.07142857142857142,True,1,0,0.346,0.0,0.654,0.4019,42.61571428571432,True,False,False,False,False,True,False,False,nnSJVMSicaQ
32,8,3.125,0.20833333333333334,0,0,0,False,0.03125,False,0,1,0.0,0.0,1.0,0.0,103.04428571428575,False,False,False,False,False,True,False,False,rOR9bCBG_Ig
41,7,5.0,0.14705882352941177,0,0,0,False,0.024390243902439025,False,0,0,0.5,0.0,0.5,0.6124,59.745000000000005,False,False,False,False,False,True,False,False,xfbqLTcdORQ
29,4,6.5,0.15384615384615385,0,0,0,False,0.0,False,0,0,0.434,0.0,0.566,0.3182,12.425000000000011,False,False,False,False,False,False,False,False,PtX-N1_Eaj0
25,4,5.5,0.14285714285714285,0,0,0,False,0.04,False,0,0,0.0,0.0,1.0,0.0,75.87500000000001,False,False,False,False,False,True,False,False,3OhDk73b_xc
42,7,5.142857142857143,0.16666666666666666,0,0,0,False,0.0,False,0,0,0.355,0.0,0.645,0.5106,54.70142857142861,False,False,False,False,False,True,False,False,aXEeGWn2ymY
51,10,4.2,0.1794871794871795,0,0,0,False,0.058823529411764705,False,0,0,0.268,0.0,0.732,0.5106,71.81500000000001,False,False,False,False,False,True,False,False,nzTxCpPTVgQ
52,9,4.888888888888889,0.16279069767441862,0,0,0,False,0.019230769230769232,False,0,0,0.391,0.0,0.609,0.5423,61.24000000000001,False,False,False,False,False,True,False,False,BHnKy53rjrk
47,10,3.8,0.19444444444444445,0,0,0,False,0.0425531914893617,False,0,0,0.268,0.0,0.732,0.5106,82.39000000000001,False,False,False,False,True,True,False,False,lmutDiX_jis
52,10,4.3,0.16666666666666666,0,0,0,False,0.019230769230769232,False,0,0,0.416,0.0,0.584,0.6908,56.70000000000002,False,False,False,False,True,True,False,False,gKnAwqX2KMQ
40,9,3.5555555555555554,0.23333333333333334,0,1,0,False,0.05,False,0,0,0.166,0.0,0.834,0.1511,98.8675,False,False,False,False,False,True,False,False,HVnNNjNfVb8
63,11,4.7272727272727275,0.11764705882352941,0,0,0,False,0.015873015873015872,False,0,0,0.423,0.0,0.577,0.765,78.24500000000002,False,False,False,False,False,True,False,False,u6Ype20iN2k
50,8,5.375,0.14634146341463414,0,0,0,False,0.04,False,0,0,0.505,0.0,0.495,0.4767,31.545000000000016,True,False,False,False,False,True,False,False,y0PP39nXP8E
33,5,5.8,0.13793103448275862,0,0,0,False,0.0,False,0,0,0.245,0.0,0.755,0.0772,83.32000000000004,True,False,False,False,False,True,False,False,0DljmVupXtQ
44,9,4.0,0.19444444444444445,0,0,0,False,0.0,False,0,0,0.589,0.0,0.411,0.8225,94.30000000000001,False,False,False,False,False,True,False,False,mnVjFBNLWyk
55,10,4.6,0.17777777777777778,0,0,0,False,0.01818181818181818,False,0,0,0.204,0.0,0.796,0.3182,56.70000000000002,False,False,False,False,False,True,False,False,300OOrXH4xE
34,5,6.0,0.13333333333333333,0,0,0,False,0.0,False,0,0,0.0,0.0,1.0,0.0,49.48000000000002,False,False,False,False,False,False,False,False,KK6Z4h8psdo
46,10,3.7,0.16666666666666666,0,0,0,False,0.021739130434782608,False,0,0,0.245,0.211,0.544,0.128,84.90000000000003,False,False,False,False,False,True,False,False,rRG5UQOQKOs
50,9,4.666666666666667,0.15,0,0,0,False,0.04,False,0,0,0.0,0.0,1.0,0.0,30.53000000000003,False,False,False,False,False,False,False,False,cGR9SwWY6NI
57,12,3.8333333333333335,0.18181818181818182,0,0,0,False,0.03508771929824561,False,0,0,0.39,0.0,0.61,0.7506,86.70500000000001,False,False,False,False,False,False,False,False,CtajBfsXQME
57,11,4.2727272727272725,0.13333333333333333,0,1,0,False,0.03508771929824561,False,0,0,0.315,0.169,0.515,0.3103,100.24000000000002,True,False,False,False,False,True,False,False,Ug-k6qSNMsk
49,8,5.25,0.07142857142857142,0,0,0,False,0.04081632653061224,True,5,0,0.157,0.0,0.843,0.0772,50.66500000000002,True,False,False,False,False,False,False,False,BcAdidGyDtI
83,14,5.0,0.13043478260869565,0,0,0,False,0.012048192771084338,False,0,0,0.182,0.0,0.818,0.4404,43.963076923076954,False,False,False,False,False,True,False,False,MaUUrb6kAaM
58,11,4.363636363636363,0.30434782608695654,2,0,1,False,0.034482758620689655,False,0,0,0.187,0.0,0.813,0.3182,83.32000000000004,False,False,False,False,False,True,False,False,LmPoZIat1qM
51,8,5.5,0.13636363636363635,0,0,0,False,0.0,False,0,0,0.0,0.0,1.0,0.0,50.66500000000002,False,False,False,False,False,True,False,False,egVIZBUj8yE
55,10,4.6,0.1111111111111111,0,0,0,False,0.01818181818181818,False,0,0,0.365,0.0,0.635,0.5574,84.90000000000003,True,False,False,False,False,True,False,False,WG5M6Ex6KXY
62,9,6.0,0.07547169811320754,0,0,0,False,0.016129032258064516,False,0,0,0.231,0.0,0.769,0.34,56.70000000000002,False,False,False,False,False,True,False,False,L1DSVYZNZEA
53,9,5.0,0.06666666666666667,0,0,0,False,0.0,False,0,0,0.216,0.0,0.784,0.296,75.50000000000003,False,False,False,False,False,False,False,False,OmGpiZun_CI
69,11,5.363636363636363,0.15254237288135594,0,0,0,False,0.0,False,0,0,0.187,0.0,0.813,0.3182,64.9245454545455,False,False,False,False,False,False,False,False,gYlYeytdTF0
40,5,7.2,0.08333333333333333,0,0,0,False,0.0,False,0,0,0.375,0.0,0.625,0.34,15.640000000000015,False,False,False,False,False,True,False,False,4HGwX5b44Yc
52,10,4.3,0.14285714285714285,0,0,0,False,0.019230769230769232,False,0,0,0.0,0.0,1.0,0.0,75.50000000000003,False,False,False,False,False,False,False,False,dRsAyr3W5Fg
46,8,4.875,0.07894736842105263,0,1,0,False,0.021739130434782608,False,0,0,0.0,0.0,1.0,0.0,71.81500000000001,False,False,False,False,False,True,False,False,upA6CaMVhQ8
82,16,4.1875,0.09090909090909091,0,0,0,False,0.012195121951219513,False,0,0,0.393,0.0,0.607,0.8126,67.53000000000003,False,False,False,False,False,True,False,False,CPUnGrGelMY
60,9,5.777777777777778,0.019230769230769232,0,0,0,False,0.0,False,0,0,0.14,0.0,0.86,0.0772,47.30000000000004,True,False,False,False,False,True,False,False,FQRkcX4alRU
53,9,5.0,0.022222222222222223,0,0,0,False,0.0,False,0,0,0.412,0.0,0.588,0.5994,75.50000000000003,False,False,False,False,False,True,False,False,FLREgTQLY0E
49,10,4.0,0.2,0,0,0,False,0.0,False,0,0,0.0,0.0,1.0,0.0,95.165,False,False,False,False,False,True,False,False,1TNxX6_DOAM
66,11,5.090909090909091,0.017857142857142856,0,0,0,False,0.0,False,0,0,0.173,0.0,0.827,0.2716,80.30636363636367,False,False,False,False,False,True,False,False,w90n68RIrk4
53,9,5.0,0.08888888888888889,0,0,0,False,0.0,False,0,0,0.545,0.0,0.455,0.7351,75.50000000000003,False,False,False,False,False,True,False,False,YSA2f19ABPk
57,9,5.444444444444445,0.02040816326530612,0,0,0,False,0.0,False,0,0,0.369,0.0,0.631,0.4767,56.70000000000002,False,False,True,False,False,True,False,False,HYxeOBCYOkU
51,10,4.2,0.07317073170731707,0,0,0,False,0.0196078431372549,False,0,0,0.244,0.0,0.756,0.4404,75.50000000000003,False,False,False,False,False,True,False,False,ie0c4NcDONE
66,11,5.090909090909091,0.07272727272727272,0,1,0,False,0.015151515151515152,False,0,0,0.227,0.135,0.639,0.3164,64.9245454545455,False,False,False,False,False,True,False,False,sBMmTcTjgSU
54,9,5.111111111111111,0.13333333333333333,0,0,0,False,0.018518518518518517,False,0,0,0.535,0.0,0.465,0.7096,56.70000000000002,False,False,False,False,False,True,False,False,QUN4f-EgwaE
54,8,5.875,0.13333333333333333,0,0,0,False,0.037037037037037035,False,0,0,0.624,0.0,0.376,0.8074,61.24000000000001,False,False,False,False,False,True,False,False,ejGg-c6ykj4
47,9,4.333333333333333,0.10256410256410256,0,0,0,False,0.0,False,0,0,0.201,0.136,0.663,0.1742,94.30000000000001,False,False,False,False,False,True,False,False,WChHF6bpuUs
53,10,4.4,0.09302325581395349,0,0,0,False,0.018867924528301886,False,0,0,0.244,0.0,0.756,0.4404,66.10000000000002,False,False,False,False,False,True,False,False,3LvL03U9F8I
34,8,3.375,0.12,0,0,0,False,0.029411764705882353,True,1,0,0.231,0.0,0.769,0.2732,103.54,False,False,True,False,False,False,False,False,A9gcIpnsZlw
42,6,6.166666666666667,0.10810810810810811,0,0,0,False,0.0,False,0,0,0.0,0.0,1.0,0.0,59.745000000000005,False,False,False,False,False,False,False,False,othDdo-VnXc
34,5,6.0,0.1,0,0,0,False,0.0,False,0,0,0.688,0.0,0.312,0.765,66.40000000000003,False,False,False,False,False,True,False,False,X7Y53AFtGZQ
54,10,4.5,0.044444444444444446,0,0,0,False,0.0,False,0,0,0.394,0.0,0.606,0.6369,86.70500000000001,False,False,False,False,False,False,False,False,cqTR56kupLw
46,9,4.222222222222222,0.05263157894736842,0,0,0,False,0.0,False,0,0,0.406,0.0,0.594,0.5831,94.30000000000001,False,False,False,False,False,False,False,False,cdlEJ5vnB2M
51,8,5.5,0.11363636363636363,0,0,0,False,0.0,False,0,0,0.635,0.0,0.365,0.8271,71.81500000000001,False,False,False,False,False,False,False,False,8hhU-jyUxCo
66,12,4.416666666666667,0.018867924528301886,0,0,0,False,0.0,False,0,0,0.422,0.0,0.578,0.8074,88.905,False,False,False,False,False,True,False,False,Wz--wtGlJtM
70,12,4.916666666666667,0.034482758620689655,0,0,0,False,0.014285714285714285,False,0,0,0.497,0.0,0.503,0.836,72.61545454545457,False,False,False,False,False,False,False,False,ryn2v1m0iwA
39,7,4.714285714285714,0.36363636363636365,2,0,0,False,0.0,False,0,0,0.0,0.0,1.0,0.0,78.87285714285717,False,False,False,False,False,False,False,False,SA8kwyIepzs
58,9,5.555555555555555,0.06,0,0,0,False,0.0,False,0,0,0.586,0.0,0.414,0.8176,37.900000000000034,False,False,False,False,False,True,False,False,ZzlK-R5Graw
48,8,5.125,0.0975609756097561,0,0,0,False,0.0,False,0,0,0.157,0.0,0.843,0.0772,92.965,True,False,False,False,False,True,False,False,zKF8dFsJMmM
62,10,5.3,0.07692307692307693,0,0,0,False,0.016129032258064516,False,0,0,0.0,0.0,1.0,0.0,47.30000000000004,False,False,False,False,False,True,False,False,rjBae3OAF38
41,8,4.25,0.029411764705882353,0,0,0,False,0.0,False,0,0,0.459,0.0,0.541,0.6249,92.965,False,False,False,False,False,True,False,False,nhkIV54orN0
60,8,6.625,0.09615384615384616,0,1,0,False,0.016666666666666666,False,0,0,0.635,0.0,0.365,0.8268,61.24000000000001,False,False,False,False,False,True,False,False,2NW4Ye_BF7U
28,5,4.8,0.041666666666666664,0,0,0,False,0.0,False,0,0,0.365,0.0,0.635,0.3182,66.40000000000003,False,False,False,False,False,True,False,False,MmsPeLGSbn8
41,7,5.0,0.02857142857142857,0,0,0,False,0.0,False,0,0,0.51,0.0,0.49,0.6369,78.87285714285717,False,False,False,False,False,True,False,False,yAwJ3vRieUY
42,8,4.375,0.15151515151515152,0,1,0,False,0.047619047619047616,False,0,0,0.0,0.0,1.0,0.0,90.95857142857145,False,False,False,False,False,True,False,False,AaFd-ttv138
29,5,5.0,0.20833333333333334,0,0,0,False,0.034482758620689655,False,0,0,0.0,0.0,1.0,0.0,83.32000000000004,False,False,False,False,False,False,False,False,1UG1rWvqvaU
46,10,3.7,0.1111111111111111,0,0,0,False,0.021739130434782608,False,0,0,0.244,0.0,0.756,0.4404,75.50000000000003,False,False,False,False,False,False,False,False,2OjZCZuZeW0
31,5,5.4,0.037037037037037035,0,0,0,False,0.0,False,0,0,0.245,0.0,0.755,0.0772,83.32000000000004,True,False,False,False,False,True,False,False,jwGbPQLRYoQ
42,6,6.166666666666667,0.10810810810810811,0,0,0,False,0.0,False,0,0,0.506,0.0,0.494,0.4767,45.64500000000001,False,False,False,False,False,False,False,False,_qHdcAOlnzo
42,8,4.375,0.21212121212121213,0,2,0,False,0.047619047619047616,False,0,0,0.39,0.0,0.61,0.6688,97.025,False,False,False,False,False,False,False,False,s6w6-LHv62E
35,5,6.2,0.0967741935483871,0,0,0,False,0.0,False,0,0,0.245,0.0,0.755,0.0772,66.40000000000003,True,False,False,False,False,True,False,False,NFfptLhpg0c
26,5,4.4,0.05,0,0,0,False,0.0,True,1,0,0.245,0.0,0.755,0.0772,100.24000000000002,True,False,False,False,False,True,False,False,8SfLFObzibI
60,11,4.545454545454546,0.0625,0,1,0,False,0.03333333333333333,False,0,0,0.242,0.0,0.758,0.4926,69.78500000000001,False,False,False,False,False,True,False,False,pDPwQYSRIj8
30,7,3.4285714285714284,0.2727272727272727,0,0,1,False,0.06666666666666667,False,0,0,0.388,0.0,0.612,0.5859,116.14500000000001,False,False,False,False,False,True,False,False,37Ucqqyd9_8
55,10,4.6,0.17777777777777778,0,0,0,False,0.01818181818181818,False,0,0,0.204,0.0,0.796,0.3182,56.70000000000002,False,False,False,False,False,True,False,False,KKqe5vP2oEs
56,10,4.7,0.02127659574468085,0,0,0,False,0.0,False,0,0,0.412,0.0,0.588,0.6808,78.24500000000002,False,False,False,False,False,False,False,False,WJDlNBkDpOM
39,7,4.714285714285714,0.03125,0,0,0,False,0.02564102564102564,False,0,0,0.0,0.0,1.0,0.0,66.7871428571429,False,False,False,False,False,False,False,False,evx4oumzoFo
40,7,4.857142857142857,0.030303030303030304,0,0,0,False,0.025,False,0,0,0.341,0.0,0.659,0.4767,78.87285714285717,False,False,False,False,False,False,False,False,qMkhRHNyByo
43,6,6.333333333333333,0.027777777777777776,0,0,0,False,0.046511627906976744,False,0,0,0.583,0.0,0.417,0.6808,59.745000000000005,False,False,False,False,False,True,False,False,IPPMUUNe-Bs
44,7,5.428571428571429,0.08333333333333333,0,0,0,False,0.0,True,1,0,0.675,0.0,0.325,0.8074,90.95857142857145,False,False,False,False,False,True,False,False,5pv7bGfKhf0
65,13,4.076923076923077,0.1346153846153846,0,0,0,False,0.015384615384615385,False,0,0,0.172,0.0,0.828,0.3612,81.85500000000002,False,False,False,False,True,False,False,False,m-x-MnL4e1s
38,6,5.5,0.030303030303030304,0,0,0,False,0.0,False,0,0,0.39,0.0,0.61,0.4939,73.84500000000001,False,False,False,False,False,True,False,False,28hxtdax69o
59,11,4.454545454545454,0.041666666666666664,0,0,0,False,0.01694915254237288,False,0,0,0.392,0.0,0.608,0.7003,95.165,False,False,False,False,False,True,False,False,uz022saE0mY
66,12,4.583333333333333,0.10909090909090909,1,0,0,False,0.0,False,0,0,0.346,0.0,0.654,0.6486,103.00500000000001,False,False,False,False,False,True,False,False,OUOmMSw-Fag
43,8,4.5,0.027777777777777776,0,0,0,False,0.0,False,0,0,0.307,0.0,0.693,0.4767,92.965,False,False,False,False,False,False,False,False,JlxzgM9SKgY
42,7,5.142857142857143,0.47058823529411764,3,0,0,False,0.047619047619047616,False,0,0,0.559,0.0,0.441,0.7456,90.95857142857145,False,False,False,False,True,False,True,False,xEqDOXymjZ4
40,6,5.833333333333333,0.11764705882352941,0,0,0,False,0.025,False,0,0,0.0,0.0,1.0,0.0,-18.19999999999996,False,False,False,False,False,False,False,False,kE3e5qTAiTY
47,8,5.0,0.05,0,0,0,False,0.0,False,0,0,0.247,0.0,0.753,0.3182,61.24000000000001,False,False,False,False,False,False,False,False,TIhJMaBfOik
43,7,5.285714285714286,0.02702702702702703,0,0,0,False,0.0,False,0,0,0.341,0.0,0.659,0.4767,90.95857142857145,False,False,False,False,False,True,False,False,sE6pvYcpUhk
43,6,6.333333333333333,0.02631578947368421,0,0,0,False,0.0,False,0,0,0.383,0.0,0.617,0.4767,45.64500000000001,False,False,False,False,False,False,False,False,KoKwAvymrk8
54,10,4.5,0.022222222222222223,0,0,0,False,0.0,False,0,0,0.563,0.0,0.437,0.8405,78.24500000000002,False,False,False,False,False,False,False,False,NXhpDEhOuCI
38,7,4.571428571428571,0.03125,0,0,0,False,0.0,False,0,0,0.341,0.0,0.659,0.4767,103.04428571428575,False,False,False,False,False,False,False,False,jTqRevnLY0A
39,7,4.714285714285714,0.09375,0,0,0,False,0.0,True,1,0,0.294,0.0,0.706,0.3612,66.7871428571429,False,False,False,False,False,False,False,False,cqOEZAnpZCU
40,7,4.857142857142857,0.058823529411764705,0,0,0,False,0.0,False,0,0,0.326,0.0,0.674,0.4404,78.87285714285717,False,False,False,False,False,True,False,False,23YGjzPUloo
47,8,5.0,0.125,1,0,0,False,0.0,False,0,0,0.314,0.0,0.686,0.4939,61.24000000000001,False,False,False,False,False,False,False,False,I4AsiP04kuA
61,10,5.2,0.019230769230769232,0,0,0,False,0.0,False,0,0,0.228,0.184,0.588,0.1531,86.70500000000001,False,False,False,False,False,False,False,False,SaxoN7HBTXY
44,6,6.5,0.08108108108108109,1,0,0,False,0.045454545454545456,False,0,0,0.0,0.0,1.0,0.0,59.745000000000005,False,False,False,False,False,True,False,False,XYZP0DtUSXA
60,9,5.777777777777778,0.019230769230769232,0,0,0,False,0.0,False,0,0,0.436,0.113,0.451,0.6486,75.50000000000003,False,False,False,False,False,False,False,False,dZKOc_I1r48
41,7,5.0,0.08571428571428572,0,0,0,False,0.0,False,0,0,0.178,0.0,0.822,0.0772,66.7871428571429,True,False,False,False,True,False,False,False,-ja-gY5xo9g
45,7,5.571428571428571,0.10256410256410256,0,0,0,False,0.0,False,0,0,0.519,0.0,0.481,0.6597,66.7871428571429,False,False,False,False,False,True,False,False,wKTC45A-D-U
23,4,5.0,0.05,0,0,0,False,0.0,False,0,0,0.0,0.0,1.0,0.0,118.17500000000001,False,False,False,False,False,False,False,False,o_ob0aPS7-Q
40,8,4.125,0.09375,0,0,0,False,0.025,False,0,0,0.445,0.212,0.342,0.5267,82.39000000000001,False,False,False,False,False,False,False,False,JFpJ9u-LNI4
40,7,4.857142857142857,0.029411764705882353,0,0,0,False,0.0,False,0,0,0.341,0.0,0.659,0.4767,103.04428571428575,False,False,False,False,False,False,False,False,smer0I8ib3Y
36,6,5.166666666666667,0.0967741935483871,0,0,0,False,0.0,False,0,0,0.0,0.0,1.0,0.0,87.94500000000002,False,False,False,False,False,True,False,False,kWfXdWg29tY
34,5,6.0,0.1,0,0,0,False,0.0,False,0,0,0.437,0.0,0.563,0.4767,66.40000000000003,False,False,False,False,False,False,False,False,Yppgtexgnrc
56,9,5.333333333333333,0.0851063829787234,0,0,0,False,0.017857142857142856,False,0,0,0.386,0.0,0.614,0.5267,71.81500000000001,True,False,False,False,False,False,False,False,BflYVPHQuTc
56,10,4.7,0.06382978723404255,0,0,0,False,0.0,False,0,0,0.256,0.0,0.744,0.4767,86.70500000000001,False,False,False,False,False,False,False,False,G0uL8ViB4X8
32,6,4.5,0.14814814814814814,0,0,0,False,0.0,False,0,0,0.336,0.29,0.374,0.128,73.84500000000001,False,False,False,True,False,False,False,False,N22gmDhQ7LE
57,11,4.2727272727272725,0.0425531914893617,0,0,0,False,0.0,False,0,0,0.392,0.0,0.608,0.7003,103.37909090909093,False,False,False,False,False,False,False,False,3sujWWE-G_E
38,8,3.875,0.16666666666666666,0,0,0,False,0.02631578947368421,False,0,0,0.307,0.0,0.693,0.4767,103.04428571428575,False,False,False,False,False,False,False,False,pX64se-0ROM
55,9,5.222222222222222,0.02127659574468085,0,0,0,False,0.0,False,0,0,0.0,0.259,0.741,-0.4215,66.10000000000002,False,False,False,False,False,True,False,False,qiiZqObnV70
40,7,4.857142857142857,0.8484848484848485,5,0,0,False,0.025,False,0,0,0.0,0.0,1.0,0.0,59.745000000000005,False,False,False,False,False,True,False,False,8CrNqS7_FNM
43,8,4.5,0.027777777777777776,0,0,0,False,0.0,False,0,0,0.231,0.0,0.769,0.2732,82.39000000000001,False,False,False,False,False,False,False,False,JZs8jR9UK58
58,12,3.9166666666666665,0.043478260869565216,0,0,0,False,0.017241379310344827,False,0,0,0.225,0.0,0.775,0.4939,72.61545454545457,False,False,False,False,False,True,False,False,UDK-OT170wQ
48,8,5.125,0.125,0,0,0,False,0.020833333333333332,False,0,0,0.283,0.244,0.472,0.128,75.87500000000001,False,False,False,False,False,False,False,False,RqCRgfPJdzw
42,8,4.375,0.2222222222222222,0,0,0,False,0.09523809523809523,True,1,0,0.263,0.0,0.737,0.3612,78.87285714285717,False,False,False,False,False,False,False,False,euCB8qU4Y0I
42,8,4.375,0.05714285714285714,0,0,0,False,0.0,False,0,0,0.512,0.0,0.488,0.743,103.54,False,False,False,False,False,False,False,False,kx8-1ZwGy9k
47,10,3.8,0.17142857142857143,0,0,0,False,0.06382978723404255,False,0,0,0.256,0.0,0.744,0.4767,103.54,False,False,False,False,False,False,True,False,noD9yv9Nwz4
50,9,4.666666666666667,0.07142857142857142,0,0,0,False,0.0,False,0,0,0.344,0.0,0.656,0.6369,66.10000000000002,False,False,False,False,False,True,False,False,GaNNaoJvB78
44,7,5.428571428571429,0.10526315789473684,0,0,0,False,0.0,False,0,0,0.178,0.0,0.822,0.0772,90.95857142857145,True,False,False,False,False,True,False,False,3482CP2zGWo
64,11,4.909090909090909,0.05660377358490566,0,0,0,False,0.015625,False,0,0,0.529,0.0,0.471,0.8402,72.61545454545457,False,False,False,False,False,False,False,False,R6O4JMjEiyQ
39,6,5.666666666666667,0.058823529411764705,0,0,0,False,0.0,False,0,0,0.0,0.0,1.0,0.0,73.84500000000001,False,False,False,False,False,True,False,False,R0clRNh9dMQ
54,9,5.111111111111111,0.08888888888888889,0,0,0,False,0.018518518518518517,False,0,0,0.386,0.0,0.614,0.5267,71.81500000000001,True,False,False,False,False,False,False,False,ZVfu7FcbKfU
44,8,4.5,0.1388888888888889,0,0,0,False,0.0,False,0,0,0.263,0.0,0.737,0.3612,92.965,False,False,False,False,False,True,False,False,vKU6RO2UUHw
47,9,4.333333333333333,0.13513513513513514,0,0,0,False,0.02127659574468085,True,1,0,0.279,0.0,0.721,0.4767,84.90000000000003,False,False,False,False,False,False,False,False,droT2DV2KiI
84,12,6.083333333333333,0.041666666666666664,0,0,0,False,0.011904761904761904,False,0,0,0.0,0.0,1.0,0.0,72.61545454545457,False,False,False,False,False,False,False,False,IBjrKi3qjac
69,11,5.0,0.01818181818181818,0,0,0,False,0.0,False,0,0,0.0,0.0,1.0,0.0,87.99727272727276,False,False,False,False,False,False,False,False,VxMysuk_MLs
13,3,3.6666666666666665,1.0,3,0,0,False,0.0,False,0,0,0.0,0.0,1.0,0.0,62.79000000000002,False,False,False,False,False,False,False,False,axHot1FvcYc
16,2,7.5,1.0,2,1,0,False,0.0625,False,0,0,0.0,0.714,0.286,-0.3595,77.90500000000002,False,False,False,False,False,False,False,False,75VHfV3Y8Bk
38,10,2.9,0.07692307692307693,0,0,0,False,0.07894736842105263,False,0,0,0.0,0.0,1.0,0.0,103.04428571428575,False,False,False,False,False,False,False,False,8LWobFWuGbc
27,5,4.6,1.0,4,1,0,False,0.07407407407407407,False,0,1,0.0,0.0,1.0,0.0,75.87500000000001,False,False,False,False,False,False,True,False,KZg088RWqSY
46,9,4.222222222222222,0.4473684210526316,2,0,0,False,0.0,False,0,0,0.479,0.0,0.521,0.7531,75.50000000000003,False,False,True,False,True,False,True,False,Zp9YxoqSZ1s
67,13,4.230769230769231,0.27450980392156865,1,0,0,True,0.05970149253731343,False,0,1,0.122,0.245,0.633,-0.4404,74.805,False,False,False,False,False,False,True,False,YMcU2Mu2AMo
57,12,3.8333333333333335,0.20930232558139536,2,0,0,False,0.05263157894736842,False,0,0,0.113,0.184,0.703,-0.2539,95.68818181818183,False,False,False,False,False,False,False,False,mfKNyifHG2w
41,6,6.0,0.06451612903225806,0,0,0,False,0.12195121951219512,False,0,0,0.0,0.0,1.0,0.0,87.94500000000002,False,False,False,False,False,False,False,False,b8MeqeCs2o8
37,6,5.333333333333333,0.2,0,0,0,False,0.05405405405405406,False,0,0,0.0,0.0,1.0,0.0,59.745000000000005,False,False,False,False,False,False,True,False,nEpZHuVY480
38,6,5.5,0.06666666666666667,0,0,1,False,0.07894736842105263,False,0,0,0.0,0.0,1.0,0.0,48.690000000000026,False,False,False,False,False,False,False,False,ro7RGZG_JBQ
60,11,4.545454545454546,0.7708333333333334,8,0,0,False,0.03333333333333333,False,0,0,0.0,0.254,0.746,-0.5267,64.9245454545455,False,False,False,False,False,False,False,False,yzk8TO6xNnc
43,6,6.333333333333333,0.7272727272727273,3,2,0,False,0.11627906976744186,False,0,0,0.0,0.0,1.0,0.0,15.640000000000015,False,False,False,False,False,False,False,False,XGZ0RaxsMiU
56,9,5.333333333333333,0.6222222222222222,6,0,0,False,0.05357142857142857,False,0,0,0.0,0.242,0.758,-0.3724,66.10000000000002,False,False,False,False,True,False,False,False,ObfP4lefNIw
69,14,4.0,0.8409090909090909,7,1,0,False,0.08695652173913043,True,3,0,0.0,0.0,1.0,0.0,89.6067307692308,False,False,False,False,False,False,False,False,fnr-n6TOdws
51,11,3.727272727272727,1.0,8,0,0,False,0.058823529411764705,True,2,0,0.41,0.0,0.59,0.7404,95.165,False,False,False,False,False,False,False,False,Vm9CXBp7FEU
35,8,3.5,1.0,8,2,0,False,0.05714285714285714,False,0,0,0.0,0.292,0.708,-0.4374,114.11500000000001,False,False,False,False,False,True,True,False,Pu91nM1OSzI
72,13,4.615384615384615,0.7755102040816326,7,1,0,False,0.08333333333333333,True,2,0,0.4,0.0,0.6,0.8087,80.89500000000001,False,False,True,False,False,True,False,False,BDyKAgGGFJk
79,16,4.0,0.7735849056603774,9,0,0,False,0.06329113924050633,True,3,0,0.0,0.0,1.0,0.0,90.09000000000002,False,False,False,False,False,False,False,False,zEBtIvhy9BU
52,11,3.8181818181818183,0.5405405405405406,5,0,0,False,0.038461538461538464,True,2,0,0.0,0.0,1.0,0.0,95.68818181818183,False,False,False,False,False,True,False,False,DLiYmmjJ_Xk
41,7,5.0,0.6129032258064516,4,1,0,False,0.0975609756097561,False,0,0,0.0,0.0,1.0,0.0,82.42535714285715,False,False,False,False,False,False,False,False,tSFr1psC328
50,9,4.666666666666667,1.0,8,3,0,False,0.06,False,0,0,0.271,0.0,0.729,0.4545,75.50000000000003,False,False,False,False,False,True,True,False,JXuJqd-Gfis
32,7,3.7142857142857144,0.5416666666666666,4,0,0,False,0.0625,False,0,0,0.0,0.521,0.479,-0.6633,115.13000000000002,False,False,False,False,False,False,False,False,bh_6FqKQh5g
42,7,5.142857142857143,0.7352941176470589,5,0,0,False,0.047619047619047616,False,0,0,0.0,0.0,1.0,0.0,66.7871428571429,False,False,False,False,True,False,False,False,fNtr7PvExhg
38,7,4.571428571428571,0.7333333333333333,4,0,0,False,0.05263157894736842,False,0,0,0.0,0.0,1.0,0.0,66.7871428571429,False,False,False,False,False,False,False,False,meJVCqsgPsI
36,7,4.285714285714286,0.5,4,0,0,False,0.05555555555555555,False,0,0,0.35,0.0,0.65,0.4995,78.87285714285717,False,False,False,False,False,False,True,False,SOL9cQT5oOw
27,5,4.6,1.0,5,1,0,False,0.037037037037037035,False,0,0,0.0,0.0,1.0,0.0,100.24000000000002,False,False,False,False,True,False,True,False,8rSYY9Du1Zo
37,6,5.333333333333333,0.4666666666666667,2,0,0,False,0.05405405405405406,False,0,0,0.0,0.0,1.0,0.0,73.84500000000001,False,False,False,False,False,False,False,False,bfPdWB5Y0LI
45,8,4.75,0.5555555555555556,5,0,0,False,0.044444444444444446,False,0,0,0.327,0.0,0.673,0.5267,92.965,False,False,False,False,False,False,True,False,af4Yxh_rzVI
38,7,4.571428571428571,0.5333333333333333,4,0,0,False,0.05263157894736842,False,0,0,0.0,0.313,0.687,-0.4084,78.87285714285717,False,False,False,False,False,True,False,False,AdKIMBoqlPo
22,4,4.75,1.0,4,3,0,False,0.13636363636363635,False,0,0,0.0,0.588,0.412,-0.6458,97.025,False,False,False,False,False,False,False,False,ircQHUTdSzk
54,8,5.875,0.6511627906976745,6,0,2,False,0.07407407407407407,False,0,0,0.0,0.236,0.764,-0.2869,50.66500000000002,False,False,False,False,False,True,True,False,Knddykb1OfI
26,4,5.75,1.0,4,1,0,False,0.038461538461538464,False,0,0,0.0,0.0,1.0,0.0,54.72500000000002,False,False,False,False,True,False,True,False,xs7yuf9cwuk
28,6,3.8333333333333335,1.0,6,1,2,False,0.10714285714285714,False,0,0,0.492,0.0,0.508,0.7052,116.14500000000001,False,False,False,False,False,True,False,False,1Bi8Y1Yf_Nk
20,3,6.0,1.0,3,2,0,False,0.1,False,0,0,0.0,0.0,1.0,0.0,62.79000000000002,False,False,False,False,True,False,False,False,R823UJDd8iQ
31,5,5.4,1.0,5,3,0,False,0.12903225806451613,False,0,0,0.0,0.427,0.573,-0.4563,83.32000000000004,False,False,False,False,False,False,True,False,eCrBFfg_pdQ
27,5,4.6,1.0,5,1,0,False,0.037037037037037035,False,0,0,0.0,0.0,1.0,0.0,83.32000000000004,False,False,False,False,True,True,False,False,cIfWWC3xi7c
21,5,3.4,1.0,4,2,0,False,0.09523809523809523,False,0,0,0.0,0.505,0.495,-0.6229,83.32000000000004,False,False,False,False,False,False,False,False,na2PilEm1kk
30,6,4.166666666666667,1.0,6,1,0,False,0.03333333333333333,False,0,0,0.0,0.0,1.0,0.0,102.045,False,False,False,False,True,False,False,False,sQEWdkk7yJ8
23,3,7.0,1.0,3,1,0,False,0.043478260869565216,False,0,0,0.824,0.0,0.176,0.5707,62.79000000000002,False,False,True,False,False,True,False,False,YK27I_pR5zY
14,3,4.0,1.0,3,0,0,False,0.0,False,0,0,0.0,0.0,1.0,0.0,34.59000000000003,False,False,False,False,False,False,True,False,YCWX_iqXzJY
19,3,5.666666666666667,1.0,3,1,0,False,0.05263157894736842,False,0,0,0.0,0.0,1.0,0.0,90.99000000000004,False,False,False,False,False,False,False,False,vY2uokRzKuI
37,4,8.5,1.0,3,2,0,False,0.05405405405405406,True,1,0,0.572,0.0,0.428,0.6145,33.57500000000002,False,False,False,False,False,False,False,False,Y4yorAD3PcI
21,3,6.333333333333333,1.0,2,1,0,False,0.047619047619047616,False,0,0,0.545,0.0,0.455,0.3382,62.79000000000002,False,False,True,False,False,False,False,False,a7ZZI21yIp8
28,5,4.8,1.0,5,2,0,False,0.10714285714285714,False,0,0,0.626,0.0,0.374,0.6157,66.40000000000003,False,False,False,True,True,False,True,False,26bpMYeBSr4
29,4,6.5,1.0,4,1,0,False,0.06896551724137931,False,0,0,0.0,0.0,1.0,0.0,75.87500000000001,False,False,False,False,True,False,False,False,z8gEbnULzFU
28,5,4.8,1.0,5,1,0,False,0.03571428571428571,False,0,0,0.61,0.0,0.39,0.5707,83.32000000000004,False,False,True,False,True,False,True,False,twsB8qvyLT8
23,5,3.8,1.0,5,1,0,False,0.043478260869565216,True,1,0,0.0,0.487,0.513,-0.5848,117.16000000000003,False,False,False,False,False,False,False,False,wUkh28GNHpk
49,7,6.142857142857143,0.6,4,1,0,False,0.061224489795918366,False,0,0,0.342,0.0,0.658,0.481,58.25392857142859,False,False,False,False,True,False,False,False,z7ZEI6w1oSY
32,6,4.5,1.0,5,1,0,False,0.03125,True,1,0,0.0,0.0,1.0,0.0,102.045,False,False,False,False,False,True,False,False,Rhv0JPViO1s
23,5,3.8,1.0,5,1,0,False,0.043478260869565216,False,0,0,0.0,0.0,1.0,0.0,100.24000000000002,False,False,False,False,True,False,False,False,myyFVVNVLaM
33,8,3.25,1.0,6,2,0,False,0.09090909090909091,True,1,1,0.0,0.0,1.0,0.0,103.04428571428575,False,False,False,False,False,False,False,False,1_ad6JD3Lw4
23,4,5.0,1.0,4,2,0,False,0.08695652173913043,False,0,0,0.8,0.0,0.2,0.8395,118.17500000000001,False,False,False,False,False,False,False,False,oXPSYShd07E
29,6,4.0,1.0,6,0,3,False,0.10344827586206896,False,0,0,0.0,0.434,0.566,-0.5913,102.045,False,False,False,False,False,False,False,False,h8qUZMy0lK0
46,7,5.714285714285714,0.36666666666666664,2,1,0,False,0.21739130434782608,False,0,2,0.0,0.0,1.0,0.0,49.48000000000002,False,False,False,False,False,False,False,False,P6U9PYFVh80
40,8,4.125,0.13333333333333333,0,0,0,False,0.025,True,1,0,0.0,0.0,1.0,0.0,29.515000000000015,False,False,False,False,True,False,False,False,i1zve0LNwYE
32,7,3.7142857142857144,0.13636363636363635,0,1,0,False,0.09375,True,1,2,0.527,0.0,0.473,0.7712,83.32000000000004,False,False,False,False,False,True,False,False,79X_eQcyNNs
30,6,4.166666666666667,0.625,3,1,0,False,0.03333333333333333,False,0,0,0.0,0.392,0.608,-0.4981,102.045,False,False,False,False,True,True,False,False,GsIop0v26vM
29,6,4.0,0.4090909090909091,1,1,0,False,0.06896551724137931,False,0,1,0.0,0.0,1.0,0.0,100.24000000000002,False,False,False,False,True,False,False,False,YQAd7g4mv4o
39,6,5.666666666666667,0.15625,0,1,0,False,0.05128205128205128,False,0,0,0.418,0.0,0.582,0.5562,15.640000000000015,False,False,False,False,False,False,False,False,n_QjCCnYyek
48,9,4.444444444444445,0.17647058823529413,0,1,0,False,0.041666666666666664,True,1,1,0.44,0.0,0.56,0.7424,50.66500000000002,False,False,False,False,True,False,False,False,5pyQ3JJteV4
5,1,5.0,0.25,0,1,0,False,0.2,False,0,0,1.0,0.0,0.0,0.4574,121.22000000000003,False,False,False,False,False,False,False,False,N_j2WBB0Yy4
88,15,4.933333333333334,0.14285714285714285,0,0,0,False,0.022727272727272728,True,1,0,0.085,0.0,0.915,0.0772,41.553571428571445,True,False,False,False,False,False,False,False,AXMpoVgbiTU
56,13,3.3846153846153846,0.3157894736842105,1,0,0,False,0.0,True,2,0,0.212,0.083,0.705,0.4588,76.50153846153849,True,False,False,False,True,False,False,False,u46brjCgwEk
63,13,3.923076923076923,0.42857142857142855,3,0,0,False,0.015873015873015872,True,1,0,0.0,0.0,1.0,0.0,74.805,False,False,False,False,False,False,True,False,ev4APwBbpok
47,10,3.8,0.38235294117647056,2,0,0,False,0.0425531914893617,True,1,0,0.0,0.0,1.0,0.0,56.70000000000002,False,False,False,False,True,False,False,False,5jIFKYTKqd0
39,6,5.666666666666667,0.6333333333333333,2,0,0,False,0.05128205128205128,True,1,0,0.0,0.44,0.56,-0.6037,31.545000000000016,True,False,False,False,False,False,False,False,-hy2DkBPusU
21,4,4.5,0.5882352941176471,2,1,0,False,0.047619047619047616,False,0,0,0.0,0.0,1.0,0.0,97.025,False,False,False,False,False,False,False,False,RlcPPeHYCW0
39,8,4.0,0.16666666666666666,0,0,0,False,0.05128205128205128,False,0,1,0.0,0.0,1.0,0.0,90.95857142857145,False,False,False,False,False,True,False,False,3aHFTRw9V9s
26,5,4.4,0.18181818181818182,0,0,0,False,0.0,False,0,0,0.0,0.459,0.541,-0.5267,100.24000000000002,False,False,False,False,False,True,False,False,bqLRiUHdM10
30,7,3.4285714285714284,0.30434782608695654,0,0,1,False,0.03333333333333333,False,0,0,0.0,0.0,1.0,0.0,115.13000000000002,False,False,False,False,False,False,True,False,VS5ZdQWrSMI
34,7,4.0,0.15384615384615385,0,0,0,False,0.0,True,1,0,0.0,0.0,1.0,0.0,54.70142857142861,False,False,False,False,True,False,False,False,rEltjx3PgWs
39,7,4.714285714285714,0.4838709677419355,2,2,0,False,0.05128205128205128,False,0,0,0.0,0.399,0.601,-0.6103,94.51107142857143,False,False,False,False,False,False,True,False,NJouo4G03Ak
50,11,3.6363636363636362,0.8333333333333334,5,2,0,False,0.08,False,0,0,0.0,0.0,1.0,0.0,86.70500000000001,False,False,False,False,False,True,True,False,MrAzHJEhv6o
28,4,6.25,0.36363636363636365,1,2,0,False,0.10714285714285714,False,0,0,0.0,0.0,1.0,0.0,75.87500000000001,False,False,False,False,False,False,False,False,DvSM90MZBgI
43,8,4.5,0.41935483870967744,2,0,0,False,0.06976744186046512,True,1,0,0.0,0.0,1.0,0.0,66.7871428571429,False,False,False,False,True,False,False,False,330ncdNYTsc
57,8,6.25,0.06976744186046512,0,0,0,False,0.05263157894736842,True,1,0,0.286,0.0,0.714,0.4215,50.66500000000002,False,False,False,False,False,False,False,False,u5Cg5Tg2yD0
83,14,4.928571428571429,0.25757575757575757,2,1,0,False,0.012048192771084338,True,1,0,0.0,0.0,1.0,0.0,48.65857142857146,False,False,False,False,True,False,True,False,HeGDeE8NrEM
54,6,8.166666666666666,0.07317073170731707,0,0,0,False,0.07407407407407407,True,1,0,0.0,0.0,1.0,0.0,45.64500000000001,False,False,False,False,False,True,False,False,0W714gEBoVM
74,8,8.375,0.22033898305084745,1,0,0,False,0.05405405405405406,True,1,0,0.0,0.0,1.0,0.0,29.515000000000015,False,False,False,False,False,True,False,False,spOv-Ohiceo
49,7,6.142857142857143,0.17142857142857143,0,0,0,False,0.08163265306122448,True,1,0,0.0,0.0,1.0,0.0,78.87285714285717,False,False,False,False,False,False,False,False,t4e8BzNXqMo
65,10,5.6,0.1875,0,0,0,False,0.06153846153846154,True,1,0,0.194,0.25,0.556,-0.2023,69.78500000000001,False,False,False,False,False,True,False,False,L2PGtE4uSME
41,7,5.0,0.38235294117647056,1,1,0,False,0.024390243902439025,False,0,0,0.0,0.0,1.0,0.0,54.70142857142861,False,False,False,False,False,True,False,False,8dcxJ3qZyHc
47,7,5.857142857142857,0.18181818181818182,0,0,0,False,0.0851063829787234,True,1,0,0.0,0.0,1.0,0.0,78.87285714285717,False,False,False,False,False,False,False,False,n5N7pl0nO9A
37,8,3.75,0.23076923076923078,1,0,1,False,0.10810810810810811,False,0,0,0.0,0.278,0.722,-0.4019,87.94500000000002,False,False,False,False,False,False,False,False,tCui9y5zHyA
35,6,5.0,0.16,0,0,0,False,0.02857142857142857,True,1,0,0.0,0.0,1.0,0.0,66.40000000000003,False,False,False,False,False,False,False,False,TSxOsF6EPhg
54,8,5.875,0.19047619047619047,0,1,0,False,0.09259259259259259,False,0,0,0.222,0.0,0.778,0.2481,65.30000000000001,False,True,False,False,True,False,False,False,QaKHNWAyxEs
52,7,6.571428571428571,0.07894736842105263,0,0,0,False,0.07692307692307693,True,1,0,0.0,0.0,1.0,0.0,42.61571428571432,False,False,False,False,False,False,False,False,6jaytbsp79k
41,7,5.0,0.6428571428571429,4,2,0,False,0.17073170731707318,False,0,1,0.0,0.0,1.0,0.0,73.84500000000001,False,False,False,False,False,False,False,False,tp4ZJOZlwHQ
23,4,5.0,1.0,4,1,2,False,0.13043478260869565,False,0,0,0.0,0.0,1.0,0.0,118.17500000000001,False,False,False,False,False,False,False,False,52K1iagb5jY
48,7,6.0,0.425,3,0,0,False,0.041666666666666664,False,0,0,0.336,0.0,0.664,0.4648,54.70142857142861,False,False,False,False,False,False,False,False,S6VTZXN0dA8
36,7,4.285714285714286,0.3448275862068966,1,0,0,False,0.027777777777777776,False,0,0,0.0,0.0,1.0,0.0,66.7871428571429,False,False,False,False,False,False,False,False,naYLr89a-tA
12,2,5.5,1.0,2,3,0,False,0.25,False,0,0,0.0,0.0,1.0,0.0,120.20500000000001,False,False,False,False,False,False,False,False,MgPWLeDNOyQ
31,5,5.4,0.30434782608695654,1,2,0,False,0.12903225806451613,False,0,0,0.0,0.0,1.0,0.0,83.32000000000004,False,False,False,False,False,False,False,False,XusJ1qrnqPU
40,7,4.714285714285714,0.4230769230769231,1,1,0,False,0.125,True,1,0,0.0,0.0,1.0,0.0,73.84500000000001,False,False,False,False,False,True,False,False,V5yQfC9QqI8
48,9,4.444444444444445,0.5128205128205128,3,0,0,False,0.020833333333333332,False,0,0,0.0,0.0,1.0,0.0,75.50000000000003,False,False,False,False,False,True,False,False,QRDJ8Ftxo8I
42,7,5.142857142857143,0.34285714285714286,1,1,0,False,0.023809523809523808,False,0,0,0.374,0.0,0.626,0.5562,42.61571428571432,False,False,False,False,True,False,False,False,uzF9fU-FFW4
35,6,5.0,0.5172413793103449,2,1,0,False,0.02857142857142857,False,0,0,0.0,0.399,0.601,-0.5147,59.745000000000005,False,False,False,False,False,False,False,False,VTHhprZ_hwM
19,3,5.666666666666667,0.17647058823529413,0,0,0,False,0.0,False,0,0,0.0,0.0,1.0,0.0,62.79000000000002,False,False,False,False,False,False,False,False,yLtTH5h4snU
46,9,4.222222222222222,0.13793103448275862,0,0,0,False,0.043478260869565216,True,3,0,0.252,0.0,0.748,0.4019,82.39000000000001,True,False,False,False,False,True,False,False,bkVjo4pqbEE
40,7,4.857142857142857,0.38235294117647056,2,0,0,False,0.0,False,0,0,0.31,0.0,0.69,0.4019,78.87285714285717,False,False,False,False,False,False,False,False,bD9Pa7ZuXDM
30,4,6.75,0.125,0,1,0,False,0.1,False,0,0,0.387,0.0,0.613,0.2244,12.425000000000011,False,False,False,True,False,False,False,False,McmW36hgL5I
13,2,6.0,0.16666666666666666,0,0,0,False,0.0,False,0,0,0.0,0.0,1.0,0.0,35.60500000000002,False,False,False,False,True,False,False,False,qJQ43WmSE4U
49,8,5.25,0.38461538461538464,1,1,0,False,0.061224489795918366,False,0,0,0.255,0.0,0.745,0.3382,78.87285714285717,False,False,True,False,False,False,False,False,ozswgsyVmMs
61,10,5.2,0.08888888888888889,0,0,0,True,0.11475409836065574,False,0,1,0.0,0.357,0.643,-0.6771,54.72500000000002,False,False,False,False,False,False,False,False,bsmpNhttYqU
50,8,5.375,0.08571428571428572,0,0,0,True,0.12,True,1,0,0.0,0.286,0.714,-0.4215,66.7871428571429,False,False,False,False,False,False,False,False,wxRmo3VFXEM
49,9,4.555555555555555,0.08333333333333333,0,0,0,True,0.10204081632653061,False,0,0,0.0,0.223,0.777,-0.3182,92.965,False,False,True,False,False,False,True,False,aaDUqlf-_uE
43,8,4.375,0.09375,0,0,0,False,0.06976744186046512,False,0,1,0.0,0.216,0.784,-0.296,73.84500000000001,False,False,False,False,False,True,True,False,PFKMTufQ384
67,13,4.230769230769231,0.11320754716981132,1,0,0,False,0.029850746268656716,False,0,0,0.0,0.0,1.0,0.0,88.905,False,False,False,False,False,False,True,False,M2RHNF3C7dU
59,12,4.0,0.06666666666666667,0,0,0,False,0.05084745762711865,False,0,0,0.0,0.161,0.839,-0.2755,80.30636363636367,False,False,False,False,False,False,True,False,tqX973Wjiu0
65,11,4.909090909090909,0.13725490196078433,0,0,0,False,0.046153846153846156,False,0,1,0.0,0.0,1.0,0.0,47.30000000000004,False,False,False,False,True,False,True,False,mH8Wt3-tKbA
51,8,5.5,0.17073170731707318,0,1,0,False,0.058823529411764705,False,0,0,0.363,0.0,0.637,0.6114,66.7871428571429,False,False,False,False,False,False,False,False,m8MzthLCT7M
49,8,5.25,0.15789473684210525,0,0,1,False,0.08163265306122448,False,0,0,0.0,0.0,1.0,0.0,59.745000000000005,False,False,False,False,False,False,False,False,QESOetRQDUg
51,8,5.5,0.0975609756097561,0,1,0,False,0.058823529411764705,False,0,0,0.0,0.0,1.0,0.0,78.87285714285717,False,False,False,False,False,False,False,False,KU6fT8BibqY
64,11,4.909090909090909,0.16,0,1,0,False,0.0625,False,0,1,0.264,0.0,0.736,0.5562,47.30000000000004,False,False,False,False,False,False,False,False,tHzt0Gm3IHs
48,7,6.0,0.15,0,0,0,False,0.041666666666666664,False,0,0,0.0,0.0,1.0,0.0,45.64500000000001,False,False,False,False,False,False,False,False,5SRjFqY0rVY
62,10,5.3,0.06,0,0,0,False,0.04838709677419355,False,0,0,0.0,0.0,1.0,0.0,66.10000000000002,False,False,False,False,False,False,False,False,3uJOtbFG97I
49,8,5.25,0.11428571428571428,0,1,0,True,0.14285714285714285,False,0,0,0.255,0.0,0.745,0.3404,78.87285714285717,False,False,False,False,True,False,False,False,jq9J5Ku9haE
68,14,3.9285714285714284,0.23529411764705882,2,0,0,False,0.058823529411764705,False,0,0,0.153,0.08,0.767,0.3682,74.805,False,False,False,True,False,True,True,False,82UMarhx7ws
50,10,4.1,0.08333333333333333,0,0,0,False,0.1,False,0,1,0.185,0.0,0.815,0.3612,71.81500000000001,False,False,False,False,False,False,False,False,nG3oIxWy4dA
64,11,4.909090909090909,0.17647058823529413,0,0,0,False,0.046875,False,0,0,0.0,0.225,0.775,-0.4404,28.50000000000003,False,False,False,False,False,False,True,False,WAVUDJvqYOY
66,10,5.7,0.18181818181818182,1,0,0,False,0.030303030303030304,False,0,0,0.0,0.0,1.0,0.0,37.900000000000034,False,False,False,False,False,False,True,False,Klp0WSBZksg
47,9,4.333333333333333,0.08333333333333333,0,0,0,False,0.06382978723404255,False,0,0,0.0,0.209,0.791,-0.2755,92.965,False,False,False,False,False,False,True,False,BqZi0V_ggb4
41,7,5.0,0.12121212121212122,0,0,0,False,0.04878048780487805,False,0,0,0.0,0.0,1.0,0.0,45.64500000000001,False,False,False,False,False,False,True,False,s7VSRWBeWKw
60,11,4.545454545454546,0.06521739130434782,0,1,0,False,0.06666666666666667,False,0,0,0.0,0.253,0.747,-0.5255,78.24500000000002,False,False,False,False,False,False,False,False,AxOs2wubcLA
45,6,6.666666666666667,0.16666666666666666,0,1,0,False,0.08888888888888889,False,0,0,0.0,0.0,1.0,0.0,15.640000000000015,False,False,False,False,False,False,False,False,4oKnxarCcCc
67,11,5.181818181818182,0.16981132075471697,0,0,0,False,0.05970149253731343,False,0,0,0.218,0.0,0.782,0.4201,69.78500000000001,False,False,False,False,False,True,False,False,WYK9fLXP3HE
45,7,5.428571428571429,0.6875,4,0,0,True,0.13333333333333333,False,0,0,0.0,0.0,1.0,0.0,59.745000000000005,False,False,False,False,True,False,True,False,p6H-9BH8kSI
51,9,4.777777777777778,0.10256410256410256,0,0,1,False,0.0784313725490196,False,0,0,0.0,0.0,1.0,0.0,82.39000000000001,False,False,False,False,False,True,False,False,ZyfBKf0vMJk
39,7,4.714285714285714,0.14285714285714285,0,1,0,False,0.07692307692307693,True,1,0,0.0,0.0,1.0,0.0,87.94500000000002,False,False,False,False,False,False,False,False,hD2dcns5zYQ
51,9,4.777777777777778,0.175,0,0,0,False,0.0392156862745098,True,1,0,0.0,0.0,1.0,0.0,71.81500000000001,False,False,False,False,False,True,True,False,Pd7s_S2WeCw
49,9,4.444444444444445,0.08108108108108109,0,0,0,False,0.061224489795918366,False,0,1,0.0,0.237,0.763,-0.4767,78.87285714285717,False,False,False,False,False,False,True,False,zobwlCgG4hY
61,12,4.166666666666667,0.1702127659574468,0,0,0,False,0.04918032786885246,False,0,0,0.209,0.0,0.791,0.4404,80.30636363636367,False,False,False,False,False,False,True,False,LDqJC-c4jHg
45,9,4.111111111111111,0.08823529411764706,0,0,0,False,0.06666666666666667,False,0,1,0.0,0.0,1.0,0.0,78.87285714285717,False,False,False,False,False,False,False,False,N4z8G5KT7yM
39,6,5.5,0.1724137931034483,0,0,0,False,0.10256410256410256,False,0,0,0.0,0.0,1.0,0.0,12.425000000000011,False,False,False,False,True,False,False,False,LCqtP67dT_k
45,8,4.75,0.08571428571428572,0,0,0,False,0.06666666666666667,False,0,0,0.0,0.206,0.794,-0.2057,78.87285714285717,False,False,False,False,False,False,True,False,JkSvARVUSjc
60,11,4.545454545454546,0.14893617021276595,0,1,0,False,0.05,False,0,0,0.261,0.215,0.523,0.2003,78.24500000000002,False,False,False,False,False,False,False,False,1XcrcclbvpE
49,7,6.142857142857143,0.07692307692307693,0,0,0,False,0.08163265306122448,False,0,0,0.0,0.0,1.0,0.0,59.745000000000005,False,False,False,False,False,False,False,False,OcZdS9ryqtA
51,9,4.777777777777778,0.15,0,1,0,False,0.058823529411764705,False,0,0,0.0,0.0,1.0,0.0,61.24000000000001,False,False,False,False,False,False,True,False,U_cIMg80Yj0
57,10,4.7,0.3488372093023256,2,1,0,False,0.07017543859649122,False,0,1,0.178,0.205,0.617,-0.1007,18.940000000000026,False,False,False,False,True,False,True,False,7Q7DqQ-yCso
36,5,6.4,0.13793103448275862,0,0,0,False,0.08333333333333333,False,0,1,0.529,0.0,0.471,0.5423,6.390000000000015,False,False,True,False,False,False,False,False,iRdDblUk5E8
42,6,6.0,0.6666666666666666,3,1,0,False,0.14285714285714285,False,0,1,0.126,0.428,0.446,-0.7756,12.425000000000011,False,False,True,False,False,False,False,False,hvYmCQhQUVM
61,10,5.2,0.24489795918367346,1,1,0,False,0.04918032786885246,False,0,0,0.0,0.293,0.707,-0.5754,75.50000000000003,False,False,False,False,False,False,False,False,hepubVrG7Tk
66,12,4.583333333333333,0.2692307692307692,1,0,0,False,0.030303030303030304,True,1,0,0.252,0.0,0.748,0.5719,64.9245454545455,False,False,False,False,False,False,False,False,TYvNDkFar6w
43,8,4.375,0.09375,0,0,0,False,0.06976744186046512,False,0,0,0.225,0.0,0.775,0.4939,87.94500000000002,False,False,False,False,False,False,False,False,LdvprKHvAQk
33,5,5.8,0.16666666666666666,0,1,0,False,0.09090909090909091,True,1,0,0.0,0.0,1.0,0.0,54.72500000000002,False,False,False,False,False,True,True,False,BhW0BBQciaA
67,11,5.181818181818182,0.48148148148148145,3,1,0,False,0.04477611940298507,False,0,0,0.238,0.0,0.762,0.481,69.78500000000001,False,False,True,False,False,False,True,False,EaagF_E9kUw
36,6,5.166666666666667,0.125,0,0,0,True,0.16666666666666666,True,1,0,0.0,0.0,1.0,0.0,83.32000000000004,False,False,False,False,False,False,False,False,nto8th-4ZNk
62,11,4.7272727272727275,0.24,1,0,0,False,0.03225806451612903,False,0,0,0.0,0.237,0.763,-0.4767,86.70500000000001,False,False,False,False,False,False,True,False,eK86GZ4csfk
44,7,5.428571428571429,0.17142857142857143,0,1,0,False,0.06818181818181818,False,0,0,0.4,0.0,0.6,0.6114,59.745000000000005,False,False,False,False,True,False,False,False,1SA_QtqK0do
43,7,5.285714285714286,0.027777777777777776,0,0,0,False,0.023255813953488372,False,0,1,0.231,0.0,0.769,0.2023,45.64500000000001,False,False,False,False,False,False,False,False,jFeOqq9UcM0
48,9,4.444444444444445,0.13513513513513514,0,0,0,False,0.0625,False,0,0,0.0,0.431,0.569,-0.6486,82.39000000000001,False,False,False,False,False,False,False,False,4C787yde7NA
42,5,7.6,0.14285714285714285,0,0,0,False,0.07142857142857142,False,0,0,0.0,0.286,0.714,-0.1531,-8.724999999999994,False,False,False,False,False,False,False,False,innHqAF1PWQ
42,6,6.166666666666667,0.17647058823529413,0,1,0,False,0.07142857142857142,False,0,0,0.0,0.0,1.0,0.0,32.56000000000003,False,False,False,False,False,False,False,False,3p76E1RsNa4
25,6,3.3333333333333335,0.5,1,1,0,False,0.08,False,0,0,0.0,0.285,0.715,-0.2481,100.24000000000002,False,False,False,False,False,False,False,False,NiVFHjEuHFk
33,5,5.8,0.15384615384615385,0,1,0,False,0.09090909090909091,False,0,0,0.321,0.0,0.679,0.2244,49.48000000000002,False,False,False,True,False,False,False,False,w3MDMxAwEJM
50,10,4.1,0.5384615384615384,3,1,0,False,0.04,False,0,0,0.189,0.0,0.811,0.2714,70.66750000000002,False,False,False,False,True,False,False,False,peM-n_gaMl4
53,11,3.909090909090909,0.5609756097560976,4,1,0,False,0.03773584905660377,False,0,0,0.38,0.0,0.62,0.6731,74.86000000000003,False,False,False,False,True,True,False,False,K8LE0BkrPWQ
58,13,3.5384615384615383,0.5909090909090909,5,0,0,False,0.017241379310344827,True,1,0,0.111,0.213,0.676,-0.3952,74.805,False,False,False,False,True,False,False,False,zF-9eEmtOl0
44,8,4.625,0.16129032258064516,0,1,0,False,0.045454545454545456,True,2,0,0.23,0.0,0.77,0.2714,18.44428571428574,False,False,False,False,True,False,False,False,xnWv_tXtDds
56,11,4.181818181818182,0.5909090909090909,3,0,0,False,0.017857142857142856,True,1,0,0.153,0.0,0.847,0.2023,61.32500000000002,False,False,False,False,True,False,False,False,ABag4c5zTZo
73,13,4.6923076923076925,0.6949152542372882,6,1,0,False,0.0273972602739726,False,0,0,0.148,0.0,0.852,0.2714,73.84500000000001,False,False,False,False,True,False,False,False,gktHroK26ao
61,12,4.166666666666667,0.6086956521739131,4,1,0,False,0.03278688524590164,True,1,0,0.16,0.0,0.84,0.2714,62.81613636363636,True,False,False,False,True,False,False,False,8BEE6-s9qoE
52,10,4.3,0.5714285714285714,3,0,0,False,0.019230769230769232,False,0,0,0.167,0.0,0.833,0.2023,56.70000000000002,False,False,False,False,True,False,False,False,5A41v7qgIyI
50,9,4.666666666666667,0.5609756097560976,2,0,0,False,0.02,False,0,0,0.184,0.0,0.816,0.2023,40.09,False,False,False,False,True,False,False,False,YtVnW-ml_UE
56,11,4.181818181818182,0.5909090909090909,3,0,0,False,0.017857142857142856,True,1,0,0.111,0.335,0.554,-0.6841,44.405,False,False,False,False,True,False,False,False,gVaUJj-awKo
47,9,4.333333333333333,0.5263157894736842,2,0,0,False,0.02127659574468085,False,0,0,0.184,0.0,0.816,0.2023,50.66500000000002,False,False,False,False,True,False,False,False,KljjTQj0nO4
54,10,4.5,0.5909090909090909,3,0,0,False,0.018518518518518517,False,0,0,0.167,0.0,0.833,0.2023,56.70000000000002,False,False,False,False,True,False,False,False,939s33tb3z8
56,12,3.75,0.5909090909090909,5,0,0,False,0.017857142857142856,False,0,0,0.118,0.227,0.655,-0.3952,72.61545454545457,False,False,False,False,True,False,False,False,DSaHSODY44k
15,3,4.333333333333333,0.25,0,1,0,False,0.06666666666666667,False,0,0,0.666,0.0,0.334,0.6114,90.99000000000004,False,False,False,False,False,False,False,False,-DrVtTBrEYQ
27,5,4.6,0.25,0,0,0,True,0.1111111111111111,False,0,0,0.0,0.355,0.645,-0.296,83.32000000000004,False,False,False,False,False,False,False,False,A5XUTw4QoBY
25,4,5.5,0.21052631578947367,0,0,0,True,0.12,False,0,0,0.0,0.0,1.0,0.0,54.72500000000002,False,False,False,False,True,False,True,False,gWr_eHYOuTM
37,5,6.6,1.0,5,0,0,False,0.0,False,0,0,0.245,0.0,0.755,0.0772,32.56000000000003,True,False,False,False,True,False,False,False,ZA3i4oAGBXw
39,6,5.666666666666667,0.15625,0,1,0,False,0.05128205128205128,False,0,0,0.467,0.314,0.219,0.2714,15.640000000000015,False,False,False,False,True,False,False,False,ldTPPkCFvHk
37,6,5.333333333333333,1.0,6,1,0,False,0.05405405405405406,False,0,0,0.0,0.0,1.0,0.0,87.94500000000002,False,False,False,False,False,False,False,False,AQpWn7YtXiw
26,3,8.0,0.13043478260869565,0,1,0,False,0.038461538461538464,False,0,0,0.8,0.0,0.2,0.4574,6.390000000000015,False,False,True,True,False,True,False,False,Tm1jIn2Yg0s
22,3,6.666666666666667,1.0,3,1,0,False,0.045454545454545456,False,0,0,0.8,0.0,0.2,0.4574,6.390000000000015,False,False,True,True,False,False,False,False,PXyGfF6LNq4
35,6,5.0,1.0,6,2,0,False,0.05714285714285714,False,0,0,0.0,0.611,0.389,-0.7412,87.94500000000002,False,False,False,False,False,False,False,False,cqa9HFWV3Jg
33,4,7.5,0.7857142857142857,3,0,0,False,0.06060606060606061,False,0,0,0.591,0.0,0.409,0.6523,-29.87499999999997,False,False,False,False,True,False,False,False,NmawPdOfQk8
15,2,7.0,0.15384615384615385,0,1,0,False,0.06666666666666667,False,0,0,0.8,0.0,0.2,0.6114,35.60500000000002,False,False,False,False,False,True,False,False,4_WcVlqDnr4
28,7,3.142857142857143,0.9,4,0,0,False,0.03571428571428571,True,1,0,0.0,0.0,1.0,0.0,87.94500000000002,False,False,False,False,False,False,False,False,swAGQ3xiZXE
26,5,4.4,1.0,4,2,0,False,0.07692307692307693,True,1,0,0.0,0.0,1.0,0.0,66.40000000000003,True,False,False,False,False,False,False,False,ObKzg3l5Ipg
55,10,4.6,0.09523809523809523,0,0,0,True,0.07272727272727272,False,0,0,0.0,0.0,1.0,0.0,86.70500000000001,False,False,False,False,False,False,True,False,C-COOXes8tQ
52,8,5.625,0.09523809523809523,0,0,0,True,0.057692307692307696,False,0,0,0.0,0.0,1.0,0.0,40.09,False,False,False,False,False,False,False,False,BF8ttjkqvNU
30,6,4.166666666666667,0.36363636363636365,1,0,0,True,0.1,False,0,0,0.0,0.0,1.0,0.0,87.94500000000002,False,False,False,False,False,False,True,False,Rl8SGHPmAgo
54,9,5.111111111111111,1.0,9,1,0,False,0.07407407407407407,False,0,0,0.0,0.245,0.755,-0.3802,84.90000000000003,False,False,False,False,False,True,False,False,2oZ3800LWZc
24,4,5.25,1.0,4,2,0,False,0.08333333333333333,False,0,0,0.472,0.0,0.528,0.3987,75.87500000000001,False,False,True,False,False,False,False,False,AiX5a_gmn28
27,3,8.333333333333334,1.0,3,2,0,False,0.07407407407407407,False,0,0,0.0,0.599,0.401,-0.4559,6.390000000000015,False,False,False,False,False,False,False,False,Vio6TZhgsq0
16,3,4.666666666666667,1.0,3,2,0,False,0.125,False,0,0,0.0,0.0,1.0,0.0,90.99000000000004,False,False,False,False,False,False,False,False,aBJraUMHPuE
12,2,5.5,1.0,2,2,0,False,0.16666666666666666,False,0,0,0.0,0.0,1.0,0.0,77.90500000000002,False,False,False,False,False,False,False,False,9KD8Pd8dQYA
27,5,4.6,0.25,0,0,0,True,0.1111111111111111,False,0,0,0.0,0.0,1.0,0.0,83.32000000000004,False,False,False,False,True,False,True,False,2Itsr-pJMuI
35,6,5.0,1.0,6,1,0,False,0.02857142857142857,False,0,0,0.456,0.0,0.544,0.636,73.84500000000001,False,False,False,False,False,False,False,False,uk7jzfjtnz0
26,3,8.0,1.0,3,0,0,False,0.0,False,0,0,0.0,0.0,1.0,0.0,6.390000000000015,False,False,False,False,True,False,False,False,n-KJDgwf130
23,3,7.0,1.0,3,1,0,False,0.043478260869565216,False,0,0,0.0,0.443,0.557,-0.1511,34.59000000000003,False,False,False,False,False,True,False,False,xHbDWbaxNx4
34,5,6.0,1.0,5,1,0,False,0.029411764705882353,False,0,0,0.393,0.0,0.607,0.3802,66.40000000000003,False,False,False,False,False,False,False,True,MTsME8PkhLc
33,6,4.666666666666667,0.2222222222222222,0,1,0,False,0.030303030303030304,False,0,0,0.0,0.0,1.0,0.0,102.045,False,False,False,False,False,True,True,False,zYrGG6ud-3A
37,8,3.75,1.0,8,1,0,False,0.02702702702702703,False,0,0,0.0,0.0,1.0,0.0,103.54,False,False,False,False,False,True,True,False,OdLST-SQe0o
32,6,4.5,1.0,6,1,0,False,0.03125,False,0,0,0.0,0.23,0.77,-0.126,87.94500000000002,False,False,False,False,False,False,True,False,Su0RrYIURTY
36,5,6.4,0.1724137931034483,0,1,0,False,0.08333333333333333,False,0,0,0.285,0.421,0.294,-0.3382,15.640000000000015,False,False,False,False,True,False,True,False,gYaBL_mloJM
20,3,6.0,0.2,0,0,0,False,0.1,True,2,0,0.0,0.0,1.0,0.0,119.19000000000003,False,False,False,False,False,False,False,False,kfN86abecoI
44,7,5.428571428571429,0.17142857142857143,0,1,0,False,0.022727272727272728,True,1,0,0.505,0.0,0.495,0.6239,54.70142857142861,False,False,False,False,False,True,False,False,PXlSWodhKCE
12,2,5.5,0.2222222222222222,0,0,1,False,0.16666666666666666,False,0,0,0.714,0.0,0.286,0.3612,77.90500000000002,False,False,False,False,False,False,False,False,LSf2BSgTSZk
30,5,5.2,0.17391304347826086,0,1,0,False,0.03333333333333333,True,1,0,0.0,0.428,0.572,-0.4574,66.40000000000003,False,False,False,False,True,False,False,False,XCr0GoQxMNw
21,4,4.5,1.0,3,2,0,False,0.09523809523809523,True,1,0,0.0,0.606,0.394,-0.6825,75.87500000000001,True,False,False,False,True,False,False,False,HeOZB-Q8new
43,8,4.5,0.26666666666666666,1,1,0,True,0.11627906976744186,True,1,1,0.0,0.0,1.0,0.0,94.51107142857143,False,False,False,False,False,True,False,False,K8wBthUFORA
73,10,6.4,0.16393442622950818,0,1,0,False,0.0410958904109589,False,0,0,0.0,0.47,0.53,-0.7959,52.86500000000001,False,False,False,False,False,False,True,False,WDDU9xqoDxc
40,7,4.857142857142857,0.3548387096774194,2,1,1,False,0.075,False,0,0,0.0,0.0,1.0,0.0,34.59000000000003,False,False,False,False,True,False,True,False,RlzVxp0hRuY
48,7,6.0,0.36585365853658536,1,1,0,False,0.020833333333333332,False,0,0,0.0,0.0,1.0,0.0,18.44428571428574,False,False,False,False,True,False,True,False,sMwucSjhW48
32,6,4.5,1.0,5,2,0,False,0.09375,False,0,1,0.344,0.0,0.656,0.3853,83.32000000000004,True,False,False,False,False,False,True,False,0Y34TJnsPTk
38,7,4.571428571428571,0.7333333333333333,3,1,0,False,0.05263157894736842,False,0,0,0.389,0.0,0.611,0.5893,45.64500000000001,False,False,False,False,False,False,True,False,4MvU77R3e3s
41,5,7.4,1.0,5,1,0,False,0.024390243902439025,False,0,0,0.0,0.0,1.0,0.0,32.56000000000003,False,False,False,False,False,False,False,False,SI5Nbo8v-lE
22,3,6.666666666666667,1.0,3,1,0,False,0.045454545454545456,False,0,0,0.0,0.0,1.0,0.0,34.59000000000003,False,False,False,False,False,False,False,False,lGVLKnjj6Pw
62,12,4.25,0.1875,0,0,0,False,0.04838709677419355,False,0,1,0.0,0.0,1.0,0.0,87.99727272727276,False,False,False,False,False,True,True,False,eTl5pAYIOCI
40,7,4.857142857142857,0.2,0,1,0,False,0.1,False,0,1,0.0,0.379,0.621,-0.7263,73.84500000000001,False,False,False,False,False,False,True,False,yv-GLYYXwwY
37,5,6.6,0.28125,1,1,0,False,0.02702702702702703,False,0,0,0.0,0.508,0.492,-0.628,15.640000000000015,False,False,False,False,False,False,False,False,Ls50JMWzzvw
45,7,5.571428571428571,0.5294117647058824,3,2,1,False,0.1111111111111111,False,0,0,0.407,0.0,0.593,0.627,82.42535714285715,False,False,False,False,False,False,False,False,LdwZNshKPHk
34,4,7.75,0.13333333333333333,0,1,0,False,0.029411764705882353,False,0,0,0.682,0.0,0.318,0.5093,-29.87499999999997,True,False,False,False,True,False,False,False,_MjmJjAk550
34,7,3.857142857142857,0.19230769230769232,0,0,0,False,0.029411764705882353,False,0,1,0.0,0.307,0.693,-0.4767,102.045,False,False,False,False,False,False,False,False,HNA0FUsRM-4
38,6,5.5,0.16129032258064516,0,1,0,False,0.05263157894736842,False,0,1,0.0,0.0,1.0,0.0,15.640000000000015,False,False,False,False,False,False,True,False,713NZbSyQpk
30,8,2.875,0.19047619047619047,1,1,0,False,0.06666666666666667,False,0,1,0.0,0.0,1.0,0.0,103.04428571428575,False,False,False,False,False,False,True,False,uSsZ2TCySY4
53,9,5.0,0.2558139534883721,1,1,0,False,0.03773584905660377,False,0,1,0.252,0.229,0.519,0.0923,29.515000000000015,False,False,False,False,True,False,True,False,VJDUsR6cS_8
33,6,4.666666666666667,0.19230769230769232,0,1,0,False,0.06060606060606061,False,0,1,0.325,0.0,0.675,0.4389,32.56000000000003,False,False,False,False,False,False,True,False,-erDPHZyRRk
53,9,5.0,0.18604651162790697,0,1,0,False,0.03773584905660377,False,0,0,0.375,0.0,0.625,0.4926,71.81500000000001,False,False,True,False,True,False,True,False,EO47tChpE1E
30,5,5.2,0.18181818181818182,0,1,1,False,0.13333333333333333,False,0,0,0.0,0.0,1.0,0.0,54.72500000000002,False,False,False,False,False,False,True,False,6N3I5yBKsuc
41,7,5.0,0.29411764705882354,1,1,0,False,0.024390243902439025,False,0,0,0.31,0.224,0.466,0.2323,78.87285714285717,False,False,False,True,False,False,False,False,lWbMuKWIt_w
40,8,4.125,0.43333333333333335,3,0,0,False,0.075,False,0,1,0.0,0.435,0.565,-0.7865,90.95857142857145,False,False,False,True,True,True,True,False,TmCNjEZ6pu4
48,9,4.444444444444445,0.20588235294117646,1,1,0,False,0.08333333333333333,True,1,1,0.249,0.0,0.751,0.4574,70.33964285714288,False,False,False,False,False,True,False,False,RkELbJi28B0
40,8,4.125,0.12903225806451613,0,0,0,False,0.05,False,0,1,0.0,0.279,0.721,-0.4767,73.84500000000001,False,False,False,False,False,False,False,False,BuNuycu9XwI
48,9,4.444444444444445,0.20588235294117646,0,2,0,False,0.08333333333333333,True,1,1,0.448,0.0,0.552,0.7568,97.025,False,False,False,False,True,False,False,False,XS8gwXux60w
52,9,4.888888888888889,0.1891891891891892,0,2,0,False,0.11538461538461539,True,1,1,0.267,0.0,0.733,0.508,75.87500000000001,False,False,False,False,True,True,True,False,qrGys0hh3og
50,8,5.375,0.35135135135135137,1,0,0,False,0.1,True,1,1,0.518,0.0,0.482,0.9158,66.7871428571429,False,False,False,False,False,False,False,False,xoQy0-XD-EE
64,11,4.909090909090909,0.4375,3,1,0,True,0.09375,False,0,1,0.25,0.0,0.75,0.5147,69.78500000000001,False,False,False,False,False,True,True,False,dKOixDVWD1U
21,5,3.4,1.0,5,2,0,False,0.09523809523809523,False,0,0,0.0,0.0,1.0,0.0,49.48000000000002,False,False,False,False,True,False,True,False,jk2VeNyVHYU
53,10,4.4,0.2,0,1,0,False,0.07547169811320754,False,0,0,0.0,0.217,0.783,-0.3595,91.78000000000003,False,False,False,False,False,False,True,False,e_9IckCJOjc
59,9,5.666666666666667,0.20408163265306123,1,1,0,False,0.03389830508474576,False,0,0,0.0,0.0,1.0,0.0,37.900000000000034,False,False,False,False,False,False,False,False,SMwiypFMcA4
22,5,3.6,1.0,5,2,0,False,0.09090909090909091,False,0,0,0.0,0.0,1.0,0.0,117.16000000000003,False,False,False,False,False,False,True,False,Ru26mhp1iCs
22,3,6.666666666666667,1.0,3,2,0,False,0.09090909090909091,False,0,0,0.0,0.0,1.0,0.0,90.99000000000004,False,False,False,False,False,False,False,False,YMZAGHg1SNg
64,10,5.5,0.19230769230769232,0,1,0,False,0.046875,False,0,0,0.463,0.0,0.537,0.784,32.56000000000003,False,False,False,False,False,False,False,False,VfengyO7NTU
40,7,4.857142857142857,1.0,6,1,0,False,0.075,False,0,1,0.27,0.0,0.73,0.3802,59.745000000000005,False,False,False,False,False,False,False,False,mAzBIFMOBzM
38,6,5.5,1.0,6,2,0,False,0.07894736842105263,False,0,0,0.0,0.0,1.0,0.0,87.94500000000002,False,False,False,False,False,False,False,False,0ZqxNTm_ga0
24,5,4.0,0.25,0,0,0,False,0.0,False,0,0,0.0,0.0,1.0,0.0,66.40000000000003,False,False,False,False,True,False,False,False,7odB2k8QlsA
29,4,6.5,1.0,4,2,0,False,0.06896551724137931,False,0,0,0.0,0.421,0.579,-0.2924,33.57500000000002,False,False,False,False,False,False,False,False,Z0ixEr0EIL0
32,6,4.5,0.37037037037037035,1,0,0,False,0.0,False,0,0,0.378,0.0,0.622,0.4648,102.045,False,False,False,False,False,True,False,True,YNxFCukEu4I
41,8,4.25,0.53125,3,1,0,False,0.04878048780487805,False,0,0,0.0,0.0,1.0,0.0,103.54,False,False,False,False,False,True,False,False,UwWxMil2VP8
32,5,5.6,1.0,5,1,0,False,0.03125,False,0,0,0.61,0.0,0.39,0.5707,66.40000000000003,False,False,True,False,False,False,False,False,b8N1sWx9gq0
56,11,4.181818181818182,0.24390243902439024,0,1,1,False,0.07142857142857142,True,1,0,0.0,0.0,1.0,0.0,95.68818181818183,False,False,False,False,False,False,True,False,znPrn4wyrKk
70,11,5.363636363636363,0.6938775510204082,5,4,0,False,0.11428571428571428,True,1,1,0.512,0.0,0.488,0.8568,74.86000000000003,False,False,True,False,False,True,False,False,yFqnTsSczrQ
55,10,4.6,0.5365853658536586,4,1,0,False,0.09090909090909091,False,0,1,0.404,0.088,0.508,0.8338,75.50000000000003,False,False,False,False,False,True,False,False,9cn1NnY7Rsg
48,7,6.0,0.7142857142857143,4,2,0,False,0.14583333333333334,False,0,0,0.275,0.347,0.378,-0.2385,45.64500000000001,False,False,False,True,False,True,False,False,PJbEWNcZCxY
37,7,4.428571428571429,1.0,4,2,0,False,0.10810810810810811,False,0,1,0.0,0.0,1.0,0.0,49.48000000000002,False,False,False,False,False,False,True,False,F4Hw-142yjM
54,10,4.5,0.717948717948718,4,2,0,False,0.1111111111111111,False,0,1,0.0,0.397,0.603,-0.8367,98.8675,False,False,False,False,False,False,False,False,4dSLX71UPro
47,9,4.333333333333333,0.20588235294117646,0,1,0,True,0.10638297872340426,False,0,0,0.223,0.183,0.595,0.1215,108.26750000000001,False,False,False,False,False,False,False,False,eEvTydW0sTA
25,4,5.5,1.0,3,2,0,False,0.12,False,0,1,0.49,0.0,0.51,0.4374,6.390000000000015,False,False,False,False,True,False,False,False,FAgVzNJH1TY
34,5,6.0,1.0,5,1,0,False,0.029411764705882353,False,0,0,0.285,0.0,0.715,0.1511,66.40000000000003,True,False,False,False,False,False,False,False,ozHAmNTZL_s
34,5,6.0,0.09090909090909091,0,0,0,False,0.029411764705882353,True,2,1,0.0,0.0,1.0,0.0,49.48000000000002,False,False,False,False,False,False,False,False,Ed6XJfRnzjo
41,9,3.6666666666666665,0.18181818181818182,0,0,0,False,0.0,False,0,0,0.0,0.0,1.0,0.0,94.30000000000001,False,False,False,False,False,False,True,False,TPYy0LGMSkk
45,9,4.111111111111111,0.7567567567567568,3,0,0,False,0.0,False,0,0,0.0,0.0,1.0,0.0,84.90000000000003,False,False,False,False,False,False,True,False,hHAfJyl49tg
34,7,4.0,1.0,6,0,0,False,0.029411764705882353,False,0,0,0.0,0.0,1.0,0.0,90.95857142857145,False,False,False,False,False,False,True,False,-6T4DlnPuV4
30,4,6.75,0.2222222222222222,1,0,0,False,0.0,False,0,0,0.0,0.348,0.652,-0.1531,54.72500000000002,False,False,False,False,False,False,False,False,6fpr_hiC2Yk
62,10,5.3,0.3018867924528302,1,0,0,False,0.0,False,0,0,0.0,0.264,0.736,-0.4995,61.32500000000002,False,False,False,False,False,False,True,False,c6EAOl-lb5A
54,10,4.5,0.4,1,0,0,False,0.0,False,0,0,0.0,0.151,0.849,-0.1531,86.70500000000001,False,False,False,False,False,False,True,False,WtugtBO3Lqs
55,10,4.6,0.34782608695652173,1,0,0,False,0.0,False,0,0,0.167,0.0,0.833,0.2023,78.24500000000002,False,False,False,False,False,False,True,False,Kx4dEkCmGfg
46,12,2.9166666666666665,0.38235294117647056,2,0,0,False,0.021739130434782608,False,0,0,0.0,0.211,0.789,-0.4466,95.68818181818183,False,False,False,False,False,False,True,False,DvKKIyK27oY
53,12,3.5,0.5952380952380952,3,0,0,False,0.0,False,0,0,0.0,0.127,0.873,-0.1531,95.955,False,False,False,False,False,False,True,False,z0539CmZXpU
40,7,4.857142857142857,0.45454545454545453,1,0,0,False,0.025,False,0,0,0.0,0.0,1.0,0.0,78.87285714285717,False,False,False,False,False,True,True,False,n1ILaInOqPQ
48,8,5.125,0.23076923076923078,1,0,0,False,0.041666666666666664,False,0,0,0.216,0.219,0.564,-0.0085,82.39000000000001,False,False,False,False,False,False,True,False,7cVy2LsqKeQ
28,6,3.8333333333333335,0.5909090909090909,2,0,0,False,0.03571428571428571,False,0,1,0.308,0.399,0.293,-0.0601,83.32000000000004,False,False,False,False,False,False,True,False,Rgikv7DpueA
42,7,5.142857142857143,0.34285714285714286,1,0,0,False,0.023809523809523808,False,0,0,0.0,0.318,0.682,-0.4215,54.70142857142861,False,False,False,False,False,False,True,False,h2C47Vp_JxM
39,6,5.666666666666667,0.5757575757575758,1,0,0,False,0.02564102564102564,False,0,0,0.0,0.318,0.682,-0.3254,45.64500000000001,False,False,False,False,False,False,True,False,B3HDK2LLvWg
37,6,5.333333333333333,0.6,2,2,0,False,0.05405405405405406,False,0,0,0.215,0.331,0.454,-0.254,73.84500000000001,False,False,True,False,False,False,True,False,y8-5j6t3JLw
38,8,3.875,0.3548387096774194,1,0,0,False,0.0,False,0,0,0.0,0.456,0.544,-0.6166,82.39000000000001,False,False,False,False,False,False,True,False,ytwgADBqOdc
22,5,3.6,0.6428571428571429,1,2,0,False,0.18181818181818182,False,0,1,0.0,0.559,0.441,-0.8233,97.025,False,False,False,False,False,False,True,False,STwggaRf-Yo
28,5,4.8,0.4166666666666667,2,0,0,False,0.0,False,0,0,0.0,0.368,0.632,-0.3254,100.24000000000002,False,True,False,False,False,False,True,False,lbk7zVnZi2k
22,3,6.666666666666667,0.10526315789473684,0,0,0,False,0.045454545454545456,False,0,1,0.0,0.5,0.5,-0.25,-48.994999999999976,False,False,False,False,False,False,False,False,-WnkIYBIJZ0
24,4,5.25,0.2222222222222222,0,0,0,True,0.125,False,0,0,0.345,0.291,0.364,0.0772,97.025,False,False,True,False,False,False,True,False,VoZlX5LfRaQ
74,13,4.769230769230769,0.36538461538461536,2,0,0,False,0.08108108108108109,True,2,1,0.13,0.0,0.87,0.2732,81.85500000000002,False,False,True,False,False,True,True,False,DunBnQnzkJM
34,5,6.0,0.16666666666666666,0,0,0,False,0.0,False,0,0,0.0,0.0,1.0,0.0,32.56000000000003,False,False,False,False,False,False,True,False,7h93alv7Yuw
28,5,4.8,0.6,2,0,0,False,0.14285714285714285,False,0,0,0.0,0.344,0.656,-0.2732,100.24000000000002,False,False,False,False,False,False,True,False,u3UFrvBp4-E
16,5,2.4,0.6363636363636364,1,0,0,False,0.0625,False,0,1,0.457,0.0,0.543,0.6369,118.17500000000001,False,False,False,False,False,False,True,False,lf5AzUTD44A
24,5,4.0,0.9473684210526315,3,0,0,False,0.041666666666666664,False,0,1,0.372,0.274,0.354,0.2732,75.87500000000001,False,False,False,False,False,False,True,False,G-NGMWly-E4
31,7,3.5714285714285716,1.0,5,0,0,True,0.16129032258064516,True,1,1,0.0,0.0,1.0,0.0,102.045,False,False,False,False,False,False,True,False,swwonFPtqOY
44,9,4.0,0.21875,0,0,0,False,0.09090909090909091,False,0,1,0.232,0.436,0.331,-0.4019,82.39000000000001,False,False,False,True,False,False,True,False,bC8hknXHJUg
20,3,6.0,1.0,2,0,0,False,0.15,False,0,1,0.602,0.0,0.398,0.6739,35.60500000000002,False,False,False,False,False,False,False,False,Gi_rf4fn2s8
47,8,5.0,0.3142857142857143,1,0,0,True,0.10638297872340426,False,0,0,0.0,0.501,0.499,-0.7213,86.45000000000002,False,False,False,False,False,False,True,False,MFOY2GBDw0k
59,11,4.454545454545454,0.17777777777777778,0,0,0,False,0.06779661016949153,False,0,1,0.324,0.173,0.503,0.4019,52.86500000000001,False,False,False,True,False,False,True,False,6JtumTpXqPQ
18,5,2.8,1.0,2,0,0,False,0.1111111111111111,False,0,1,0.0,0.0,1.0,0.0,118.17500000000001,False,False,False,False,False,False,True,False,7AFGRJYKI9s
50,8,5.375,0.15789473684210525,0,0,0,False,0.06,True,1,0,0.346,0.0,0.654,0.5719,18.44428571428574,False,False,False,False,False,False,False,False,KK9nTBB5SE4
26,3,8.0,0.13636363636363635,0,0,0,True,0.07692307692307693,False,0,1,0.341,0.496,0.163,-0.2263,6.390000000000015,False,False,False,True,False,False,False,False,eIaJ6TAlZXo
21,5,3.4,0.7333333333333333,2,0,0,True,0.09523809523809523,False,0,0,0.552,0.0,0.448,0.7125,117.16000000000003,False,False,False,False,False,False,True,False,S5cCGpv1h64
31,5,5.4,0.25925925925925924,1,0,0,False,0.0,False,0,0,0.431,0.0,0.569,0.4648,49.48000000000002,False,False,False,False,False,False,True,True,nEPY04KbFME
35,8,3.5,0.75,4,0,0,False,0.0,False,0,0,0.0,0.0,1.0,0.0,114.11500000000001,False,False,False,False,False,False,True,False,6FmxL228VMM
46,9,4.222222222222222,0.5,4,0,0,False,0.0,False,0,0,0.0,0.494,0.506,-0.7804,94.30000000000001,False,False,False,False,True,True,False,False,b7URfBXdvoI
44,7,5.428571428571429,0.7027027027027027,4,0,0,False,0.022727272727272728,False,0,0,0.0,0.364,0.636,-0.5319,66.7871428571429,False,False,True,False,True,True,False,False,rOxoQDNqmwA
51,9,4.777777777777778,0.5263157894736842,2,0,0,False,0.058823529411764705,True,1,0,0.235,0.252,0.513,-0.0601,84.90000000000003,False,False,True,False,False,False,False,False,frPM0JDRtVs
11,2,5.0,0.25,0,0,0,True,0.18181818181818182,False,0,0,0.0,0.0,1.0,0.0,77.90500000000002,False,False,False,False,False,False,False,False,57_79k4t_v8
24,5,4.0,0.47368421052631576,1,0,1,False,0.041666666666666664,False,0,0,0.0,0.0,1.0,0.0,83.32000000000004,False,False,False,False,False,False,True,False,eotRaVpFguw
44,7,5.428571428571429,0.5945945945945946,2,0,0,False,0.022727272727272728,False,0,0,0.0,0.341,0.659,-0.4767,66.7871428571429,False,False,False,False,False,False,False,True,3sebQvMiLuM
42,10,3.3,0.59375,3,0,0,False,0.023809523809523808,False,0,1,0.0,0.196,0.804,-0.347,94.30000000000001,False,False,False,False,False,False,True,False,DVqTNEWu3I0
56,13,3.3846153846153846,0.6744186046511628,3,0,0,False,0.017857142857142856,False,0,1,0.319,0.077,0.604,0.6597,88.905,False,False,False,False,False,False,True,False,NCB2JPN052M
34,4,7.75,1.0,4,0,0,False,0.0,False,0,0,0.0,0.474,0.526,-0.4019,54.72500000000002,False,False,False,False,False,False,False,False,n4CnvzWiirw
37,8,3.75,0.25925925925925924,0,0,0,False,0.08108108108108109,False,0,1,0.296,0.27,0.435,0.1531,78.87285714285717,False,False,False,True,False,False,True,False,7xVy7AwNzSw
18,5,2.8,0.36363636363636365,0,0,0,True,0.16666666666666666,False,0,0,0.0,0.0,1.0,0.0,117.16000000000003,False,False,False,False,False,False,True,False,L8kzINmV18U
23,5,3.8,1.0,4,0,0,False,0.043478260869565216,False,0,0,0.0,0.4,0.6,-0.516,97.025,False,False,False,False,False,False,True,False,OkR3VOiG5Xw
21,5,3.4,0.47058823529411764,1,0,0,False,0.0,False,0,0,0.0,0.502,0.498,-0.6174,100.24000000000002,False,False,False,False,False,False,True,False,nBMzP0gBNOs
51,8,5.5,0.16666666666666666,0,0,0,False,0.0196078431372549,True,1,0,0.0,0.0,1.0,0.0,71.81500000000001,False,False,False,False,True,True,True,False,Y2JzBV3Epl4
37,7,4.428571428571429,0.23333333333333334,0,0,0,False,0.02702702702702703,False,0,0,0.239,0.0,0.761,0.2235,90.95857142857145,False,False,False,False,True,False,True,False,gBFOFzMzNjc
40,7,4.857142857142857,0.15625,0,0,0,False,0.0,True,1,0,0.268,0.0,0.732,0.296,42.61571428571432,True,False,False,False,False,False,False,False,1FPJxGYElBo
22,4,4.75,0.47368421052631576,1,0,0,False,0.0,False,0,0,0.0,0.561,0.439,-0.5904,75.87500000000001,False,False,False,False,False,False,True,False,sNjMajr2kdQ
19,4,4.0,0.5625,1,0,0,False,0.0,False,0,0,0.0,0.0,1.0,0.0,75.87500000000001,False,False,False,False,False,False,True,False,5PmEkNxwOs0
40,8,4.125,0.2,0,0,1,False,0.075,False,0,0,0.293,0.0,0.707,0.4404,78.87285714285717,False,False,False,False,True,False,False,False,Ld4VQrUYd08
40,7,4.857142857142857,0.15151515151515152,0,0,0,False,0.025,False,0,0,0.0,0.0,1.0,0.0,78.87285714285717,False,False,False,False,True,False,True,False,912-R9SppzU
31,7,3.5714285714285716,0.21739130434782608,0,0,0,False,0.0,True,1,0,0.0,0.268,0.732,-0.296,90.95857142857145,True,False,False,False,True,False,True,False,zI3HnQMKtMY
51,8,5.5,0.17073170731707318,0,0,0,False,0.058823529411764705,False,0,0,0.0,0.0,1.0,0.0,61.24000000000001,False,False,False,False,True,False,True,False,Dr1-Jhr22jc
33,6,4.666666666666667,0.7307692307692307,3,0,0,False,0.0,True,1,0,0.0,0.648,0.352,-0.8109,73.84500000000001,True,False,False,False,False,False,False,False,2G87uyT2cwY
49,8,5.25,0.5128205128205128,3,0,1,False,0.061224489795918366,False,0,0,0.7,0.0,0.3,0.913,61.24000000000001,False,False,False,False,False,False,False,False,RdG4h9g5MCE
38,9,3.3333333333333335,0.5666666666666667,3,0,0,False,0.0,False,0,0,0.0,0.0,1.0,0.0,94.30000000000001,False,False,False,False,False,False,True,False,27OE6OZzi_c
51,9,4.777777777777778,0.1,0,0,0,False,0.058823529411764705,False,0,0,0.0,0.0,1.0,0.0,84.90000000000003,False,True,False,False,False,False,True,False,ZXB5nC1TgZo
40,7,4.857142857142857,0.5,3,0,0,False,0.0,False,0,0,0.0,0.0,1.0,0.0,66.7871428571429,False,False,False,False,True,True,True,False,YBk4FgzLnzY
47,8,5.0,0.1891891891891892,0,0,0,False,0.02127659574468085,True,1,0,0.0,0.0,1.0,0.0,50.66500000000002,True,False,False,False,False,False,True,False,_njm8mdRpq0
31,7,3.5714285714285716,0.5238095238095238,2,0,0,False,0.0,True,2,0,0.0,0.268,0.732,-0.296,90.95857142857145,True,False,False,False,False,False,False,False,YPkS9f0WfE0
40,6,5.833333333333333,0.5588235294117647,3,0,0,False,0.025,False,0,0,0.0,0.0,1.0,0.0,59.745000000000005,False,False,False,False,True,False,True,False,G0h_-seyrIQ
42,7,5.142857142857143,0.16666666666666666,0,0,0,False,0.0,False,0,0,0.704,0.0,0.296,0.8591,78.87285714285717,False,False,False,False,False,True,True,False,QU5YCoqLev4
48,8,5.125,0.3611111111111111,2,1,0,False,0.0625,True,1,0,0.0,0.302,0.698,-0.4633,61.24000000000001,True,False,False,False,True,False,False,False,DeUay9mljOA
43,9,3.888888888888889,0.42857142857142855,2,0,0,False,0.0,False,0,0,0.0,0.2,0.8,-0.25,84.90000000000003,False,False,False,False,False,False,True,False,a0AtIPjDcOg
46,6,6.833333333333333,0.5,2,0,0,False,0.021739130434782608,True,1,0,0.526,0.0,0.474,0.5319,31.545000000000016,False,False,True,True,True,True,True,False,S8XxN1sfd3Q
44,8,4.625,0.17142857142857143,0,0,0,False,0.0,True,1,0,0.0,0.0,1.0,0.0,61.24000000000001,True,False,False,False,True,False,True,False,5lCSOH4xj-4
53,10,4.4,0.18181818181818182,0,0,0,False,0.0,False,0,0,0.0,0.0,1.0,0.0,78.24500000000002,False,False,False,False,True,True,True,False,3h-nCUzRcBY
37,7,4.428571428571429,0.5483870967741935,3,0,0,False,0.0,False,0,0,0.0,0.0,1.0,0.0,103.04428571428575,False,False,False,False,True,False,True,False,jxHJndEKIew
51,10,4.2,0.1951219512195122,0,0,1,False,0.0196078431372549,False,0,0,0.217,0.0,0.783,0.3612,78.24500000000002,False,False,False,False,False,False,True,False,SaWRKSpMurY
44,10,3.5,0.21875,0,0,0,False,0.022727272727272728,True,1,0,0.256,0.0,0.744,0.4767,103.625,False,False,False,False,True,False,True,False,cEB9Y3rAC4E
36,9,3.111111111111111,0.3076923076923077,0,0,0,False,0.0,True,1,0,0.0,0.0,1.0,0.0,94.30000000000001,True,False,False,False,True,False,True,False,locvWmtZ6pg
36,7,4.285714285714286,0.6,3,0,0,False,0.0,False,0,0,0.0,0.408,0.592,-0.6289,66.7871428571429,False,False,False,False,True,False,False,False,wbr3Cr5Tg8w
30,7,3.4285714285714284,0.5,1,0,0,False,0.0,False,0,0,0.0,0.0,1.0,0.0,90.95857142857145,False,False,False,False,False,False,True,False,lsKOY8b15Sg
69,13,4.384615384615385,0.18181818181818182,0,0,1,False,0.028985507246376812,False,0,0,0.0,0.0,1.0,0.0,76.59134615384617,False,False,False,False,False,False,True,False,-LooUJlcdjU
19,5,3.0,0.8333333333333334,2,0,0,False,0.0,True,2,0,0.0,0.0,1.0,0.0,100.24000000000002,True,False,False,False,False,False,False,False,ELZNfgG4Iq4
9,2,4.0,0.2857142857142857,0,0,0,False,0.1111111111111111,False,0,0,0.0,0.565,0.435,-0.0772,77.90500000000002,False,False,False,False,False,False,False,False,fmILonOGUoE
16,4,3.25,1.0,2,1,0,False,0.0625,False,0,0,0.0,0.0,1.0,0.0,97.025,False,False,False,False,False,False,True,False,prHLZOFP2Fw
16,3,4.666666666666667,1.0,3,0,1,False,0.0625,False,0,0,0.0,0.0,1.0,0.0,90.99000000000004,False,False,False,False,False,False,False,False,sic_A9CZxzw
13,4,2.5,1.0,3,0,0,False,0.15384615384615385,False,0,1,0.0,0.0,1.0,0.0,119.19000000000003,False,False,False,False,False,False,True,False,9IdXa-BWssg
36,8,3.625,0.6206896551724138,4,0,0,False,0.0,False,0,0,0.0,0.327,0.673,-0.5267,92.965,False,False,False,False,False,False,False,False,0X2Bno5ehig
33,8,3.25,0.5769230769230769,2,0,0,False,0.0,False,0,0,0.0,0.0,1.0,0.0,103.54,False,False,False,False,False,False,True,False,l7dzf4eFeAc
37,10,2.8,0.4642857142857143,2,0,0,False,0.0,False,0,0,0.0,0.299,0.701,-0.5904,112.08500000000001,False,True,False,False,True,False,True,False,PxM89TOiNcQ
44,7,5.428571428571429,0.42105263157894735,2,0,0,False,0.0,False,0,0,0.492,0.0,0.508,0.5904,54.70142857142861,False,False,False,False,True,False,True,False,QaF1r2qdV_E
26,4,5.75,0.18181818181818182,0,0,0,False,0.038461538461538464,False,0,0,0.0,0.348,0.652,-0.1531,75.87500000000001,False,False,False,False,True,False,True,False,5B7hEY7z194
45,8,4.75,0.19444444444444445,0,0,0,False,0.0,True,1,0,0.468,0.215,0.316,0.6124,92.965,True,False,False,False,False,False,False,False,F5njPH3jHHA
51,7,6.428571428571429,0.13953488372093023,0,0,0,False,0.0392156862745098,False,0,0,0.211,0.0,0.789,0.1531,6.35857142857148,False,False,False,True,True,False,True,False,AIGxl8c02lM
50,11,3.6363636363636362,0.5641025641025641,2,1,0,False,0.02,False,0,0,0.225,0.104,0.67,0.3869,95.68818181818183,False,False,False,False,True,False,True,False,omX4HNf6eB4
34,7,4.0,0.64,4,1,0,False,0.08823529411764706,False,0,0,0.0,0.35,0.65,-0.4981,106.59678571428573,False,False,False,False,True,False,True,False,mkgTZ6YorkE
55,11,4.090909090909091,0.16279069767441862,0,0,0,False,0.0,True,1,0,0.0,0.0,1.0,0.0,64.9245454545455,True,False,False,False,True,False,True,False,-eRZXgOlKyw
36,6,5.166666666666667,0.4642857142857143,2,0,0,False,0.0,True,1,0,0.0,0.353,0.647,-0.4084,59.745000000000005,True,False,False,False,True,False,True,False,FEgD8kBywsQ
35,6,5.0,0.43333333333333335,1,0,0,False,0.0,False,0,0,0.0,0.0,1.0,0.0,45.64500000000001,False,False,False,False,False,False,True,False,F8rhHf-Q23c
35,7,4.142857142857143,0.9310344827586207,6,0,0,False,0.0,False,0,0,0.0,0.579,0.421,-0.7824,103.04428571428575,False,False,False,False,False,True,False,True,68UdNKiljq4
34,8,3.375,0.782608695652174,3,0,0,False,0.029411764705882353,True,2,0,0.323,0.0,0.677,0.516,92.965,False,False,False,False,False,False,True,False,DqCtwpT1Z50
42,7,5.142857142857143,0.5833333333333334,4,0,0,False,0.0,False,0,0,0.0,0.328,0.672,-0.4466,78.87285714285717,False,False,False,False,True,False,True,False,HEOlk36wa34
28,6,3.8333333333333335,0.2857142857142857,0,2,0,False,0.07142857142857142,False,0,0,0.0,0.0,1.0,0.0,87.94500000000002,False,False,False,True,False,False,True,False,bA7MPkZTerQ
53,10,4.4,1.0,9,2,2,False,0.09433962264150944,True,1,0,0.0,0.0,1.0,0.0,74.86000000000003,False,False,False,False,False,False,True,False,fwlaeoR8tF8
72,13,4.615384615384615,1.0,13,1,2,False,0.041666666666666664,True,1,0,0.293,0.0,0.707,0.5502,89.51692307692309,False,False,True,False,True,True,True,False,-scJfGVZmOg
58,10,4.9,1.0,10,0,1,False,0.034482758620689655,False,0,0,0.189,0.0,0.811,0.2732,83.32000000000004,False,False,True,False,False,True,True,False,YcFDpXB_Dlc
56,11,4.181818181818182,0.6222222222222222,7,0,0,False,0.017857142857142856,False,0,0,0.174,0.0,0.826,0.2732,86.70500000000001,False,False,True,False,False,True,False,False,UWOGmWKCvls
65,11,5.0,1.0,10,1,2,False,0.046153846153846156,True,1,0,0.216,0.0,0.784,0.4122,70.50704545454548,False,False,True,False,True,True,True,False,scqwF7V822M
33,7,3.857142857142857,1.0,6,2,0,False,0.12121212121212122,False,0,0,0.0,0.0,1.0,0.0,90.95857142857145,False,False,False,False,True,False,False,False,9M2wFqBryqk
97,17,4.764705882352941,0.7105263157894737,11,2,0,False,0.05154639175257732,False,0,0,0.252,0.129,0.618,0.4184,88.72514705882354,False,False,False,False,False,True,True,False,9qLzHlQTPdM
82,17,3.8823529411764706,0.5409836065573771,7,2,1,False,0.04878048780487805,True,1,0,0.256,0.0,0.744,0.7592,98.25250000000001,False,False,False,False,False,False,False,False,vq-RTb-c1B8
85,17,4.0,0.532258064516129,7,2,1,False,0.058823529411764705,True,1,0,0.256,0.0,0.744,0.7592,86.42250000000001,False,False,False,False,True,False,False,False,N4pr-6SgiI0
81,12,5.833333333333333,0.453125,4,4,0,False,0.07407407407407407,False,0,0,0.265,0.0,0.735,0.6083,66.79500000000002,False,False,False,False,True,False,True,False,w5PbeVC6G1o
50,7,6.285714285714286,1.0,7,1,4,True,0.16,False,0,0,0.0,0.0,1.0,0.0,54.70142857142861,False,False,False,False,True,False,False,False,C30ml1NdNUY
87,15,4.866666666666666,0.4117647058823529,6,2,0,False,0.05747126436781609,False,0,0,0.0,0.0,1.0,0.0,75.14250000000001,False,False,False,False,True,False,True,False,M8zHfg-9y24
78,14,4.642857142857143,0.3333333333333333,1,2,0,False,0.0641025641025641,False,0,0,0.482,0.0,0.518,0.8083,84.9157142857143,False,False,False,True,False,False,True,False,3lH8ig69i8s
86,15,4.8,0.3181818181818182,2,2,0,False,0.046511627906976744,True,1,0,0.156,0.0,0.844,0.3786,75.14250000000001,False,False,False,False,True,True,False,False,LVyFlYWfkWY
96,16,5.0625,0.46153846153846156,7,3,0,False,0.03125,False,0,0,0.293,0.0,0.707,0.7012,55.952500000000015,False,False,True,False,False,True,True,False,z-fhNhqBJeE
97,16,5.125,0.5569620253164557,6,0,0,False,0.030927835051546393,False,0,0,0.313,0.0,0.687,0.7481,50.610000000000014,False,False,True,False,False,False,False,False,NPwQUCfT83E
48,11,3.4545454545454546,0.21621621621621623,0,0,0,False,0.020833333333333332,False,0,0,0.0,0.333,0.667,-0.5423,95.68818181818183,False,False,False,False,True,False,True,False,HVwAPFS3n9U
62,11,4.7272727272727275,1.0,9,1,0,False,0.016129032258064516,True,1,0,0.271,0.0,0.729,0.5754,72.61545454545457,False,False,False,False,False,False,False,False,VP0lzUmOwp0
43,9,3.888888888888889,1.0,9,1,0,False,0.046511627906976744,False,0,0,0.489,0.0,0.511,0.7712,89.46750000000003,False,False,False,False,True,False,True,False,k5fk7H2DKN8
73,11,5.7272727272727275,0.1774193548387097,1,1,0,False,0.0136986301369863,False,0,0,0.0,0.0,1.0,0.0,34.160909090909115,False,False,False,False,False,True,False,False,x3fqa77Sbi0
94,20,3.75,0.44285714285714284,6,0,0,False,0.02127659574468085,True,3,0,0.0,0.0,1.0,0.0,90.08833333333334,False,False,False,False,False,True,False,False,cLyirZcyoXM
98,19,4.2105263157894735,0.68,10,1,0,False,0.030612244897959183,True,1,0,0.232,0.0,0.768,0.7544,84.90000000000003,False,False,False,False,False,False,False,False,29wDvgYSm3c
81,14,4.857142857142857,0.3125,2,1,0,False,0.04938271604938271,False,0,0,0.318,0.0,0.682,0.68,69.99384615384618,False,False,False,False,False,True,False,False,DO0N1Nifios
91,16,4.75,0.5205479452054794,7,1,0,False,0.03296703296703297,False,0,0,0.0,0.0,1.0,0.0,56.25000000000003,False,False,False,True,True,True,True,False,0ZciHoWld08
52,9,4.888888888888889,1.0,8,2,0,False,0.038461538461538464,False,0,0,0.237,0.0,0.763,0.3578,84.90000000000003,False,False,True,False,False,True,False,False,Rk3oNAvvw0E
83,15,4.6,0.2,1,1,0,False,0.024096385542168676,True,1,0,0.0,0.0,1.0,0.0,86.42250000000001,False,False,False,False,False,False,False,False,bJNeIS7Yn4E
94,18,4.277777777777778,0.6933333333333334,11,2,0,False,0.02127659574468085,False,0,0,0.337,0.0,0.663,0.8462,80.20000000000003,False,False,True,False,False,True,True,False,26ySRQ8yiHM
95,18,4.333333333333333,0.34210526315789475,4,1,0,False,0.021052631578947368,False,0,0,0.0,0.128,0.872,-0.3595,75.50000000000003,False,False,False,False,False,True,True,False,N0xhtdgb7WA
99,19,4.2631578947368425,0.19230769230769232,0,0,1,False,0.030303030303030304,False,0,0,0.126,0.0,0.874,0.3818,89.60000000000004,False,False,False,True,False,True,True,False,L__AGNjyj2Q
83,15,4.6,0.16129032258064516,1,3,0,False,0.03614457831325301,True,2,0,0.212,0.0,0.788,0.5826,88.96000000000004,False,False,False,False,False,True,False,False,0lDeLq7u2HM
62,11,4.7272727272727275,0.43137254901960786,3,0,0,False,0.016129032258064516,False,0,0,0.353,0.27,0.378,0.368,61.32500000000002,False,False,True,True,True,False,False,False,deUmXsCE3_4
100,17,4.9411764705882355,0.5375,6,2,0,False,0.04,False,0,0,0.0,0.0,1.0,0.0,68.81926470588238,False,False,False,False,True,False,False,False,_GoRIfBjuu0
100,19,4.315789473684211,0.6623376623376623,9,1,0,False,0.02,True,3,0,0.0,0.119,0.881,-0.3453,61.400000000000034,False,False,False,False,True,True,False,False,TUHxhnTbCu0
83,17,3.9411764705882355,0.15873015873015872,0,1,0,False,0.024096385542168676,True,2,0,0.0,0.0,1.0,0.0,82.39000000000001,False,False,False,False,False,True,True,False,fSC40SGhLbE
69,15,3.6666666666666665,0.4583333333333333,3,0,0,False,0.043478260869565216,True,4,0,0.152,0.0,0.848,0.3612,71.76785714285715,False,False,False,False,False,False,False,False,DYrrkaGxd4I
43,8,4.5,1.0,7,1,0,False,0.023255813953488372,False,0,0,0.363,0.0,0.637,0.6114,71.81500000000001,False,False,False,False,False,False,False,False,hl3tMDXCmQg
75,12,5.333333333333333,0.5409836065573771,6,3,0,False,0.04,False,0,0,0.25,0.0,0.75,0.5684,59.745000000000005,False,False,False,False,True,True,False,False,FYspCgk_RLo
63,12,4.333333333333333,1.0,10,0,0,False,0.015873015873015872,True,1,0,0.17,0.23,0.6,-0.25,80.30636363636367,False,False,True,True,False,False,True,False,vWLzJipdJs0
77,14,4.571428571428571,0.5238095238095238,6,0,0,False,0.012987012987012988,False,0,0,0.332,0.176,0.492,0.5423,63.486153846153854,False,False,False,True,True,True,False,False,4lTfGCJXWts
100,18,4.611111111111111,0.2962962962962963,4,1,0,False,0.02,False,0,0,0.0,0.0,1.0,0.0,38.960441176470624,False,False,False,True,True,False,True,False,ft5Td_UaSsw
97,14,6.0,0.2804878048780488,3,2,0,False,0.020618556701030927,False,0,0,0.182,0.0,0.818,0.4374,36.572857142857174,False,False,False,False,True,True,False,False,YwXsXFIhSrA
99,14,6.142857142857143,0.2962962962962963,2,4,0,False,0.050505050505050504,False,0,0,0.142,0.225,0.633,-0.3753,39.74435897435899,False,False,False,False,False,False,False,False,mRz_xqnRIWY
96,15,5.466666666666667,0.5555555555555556,8,1,0,False,0.010416666666666666,False,0,0,0.0,0.0,1.0,0.0,46.942499999999995,False,False,False,False,False,False,False,False,tFBLp1CjrKY
86,15,4.8,0.6714285714285714,8,2,0,False,0.023255813953488372,False,0,0,0.0,0.0,1.0,0.0,69.5025,False,False,False,False,True,False,True,False,jYNGEh61iFk
32,7,3.7142857142857144,1.0,6,0,0,False,0.0625,False,0,0,0.0,0.543,0.457,-0.7125,59.745000000000005,False,False,False,False,False,False,True,False,Yd6b9nQS3x8
100,18,4.611111111111111,0.5316455696202531,8,0,2,False,0.03,True,1,0,0.0,0.0,1.0,0.0,66.10000000000002,False,False,False,False,True,True,True,False,b3BvZKvEXkc
82,17,3.8823529411764706,1.0,16,1,0,False,0.036585365853658534,False,0,0,0.0,0.176,0.824,-0.5307,82.39000000000001,False,False,False,False,False,True,True,False,gqKAZJVFQ10
98,15,5.6,0.9615384615384616,14,4,0,False,0.061224489795918366,False,0,0,0.235,0.0,0.765,0.6487,58.2225,False,False,False,False,True,False,True,False,egD9Ct09Su4
43,7,5.285714285714286,1.0,6,2,0,False,0.046511627906976744,False,0,0,0.0,0.0,1.0,0.0,3.344999999999999,False,False,False,False,False,False,True,False,uz5KWcbpaHE
59,11,4.454545454545454,0.10204081632653061,0,0,0,False,0.0,False,0,0,0.281,0.0,0.719,0.5994,57.23363636363638,False,False,False,False,False,False,False,False,Vv1YnuKsa1o
67,12,4.666666666666667,0.05357142857142857,1,0,0,False,0.0,False,0,0,0.0,0.0,1.0,0.0,67.75500000000001,False,False,False,False,False,True,True,False,0j1z8Ht-tOk
35,7,4.142857142857143,0.0,0,1,0,False,0.02857142857142857,False,0,0,0.4,0.0,0.6,0.6114,90.95857142857145,False,False,False,False,False,False,False,False,-gKzyjUMQKE
68,11,5.2727272727272725,0.125,0,0,0,False,0.014705882352941176,True,1,0,0.18,0.0,0.82,0.296,35.94500000000002,False,False,False,False,False,False,False,False,7T7RuQ81Fxo
60,9,5.777777777777778,0.23529411764705882,1,0,0,False,0.016666666666666666,False,0,1,0.0,0.0,1.0,0.0,40.09,False,False,False,False,False,False,False,False,5hfuKZpVNOg
65,11,5.0,0.10909090909090909,0,0,0,False,0.0,False,0,0,0.0,0.0,1.0,0.0,72.61545454545457,False,False,False,False,False,True,True,False,O48FTYVza3s
75,14,4.428571428571429,0.2033898305084746,1,1,0,False,0.04,False,0,0,0.0,0.0,1.0,0.0,63.57596153846157,False,False,False,False,False,False,True,False,EiwSpY-W9I4
61,12,4.166666666666667,0.04081632653061224,0,0,0,False,0.01639344262295082,False,0,1,0.0,0.0,1.0,0.0,72.61545454545457,False,False,False,False,False,False,True,False,x0YA-1DNPEE
59,13,3.6153846153846154,0.2222222222222222,0,0,0,False,0.03389830508474576,False,0,1,0.0,0.161,0.839,-0.3612,64.9245454545455,False,False,False,False,True,False,True,False,hUAkBjXXabw
53,10,4.4,0.18181818181818182,0,0,0,False,0.0,False,0,0,0.0,0.0,1.0,0.0,86.70500000000001,False,False,False,False,False,False,True,False,5ew8CVAF1Ds
43,8,4.5,0.11764705882352941,0,0,0,False,0.023255813953488372,True,1,0,0.0,0.0,1.0,0.0,50.66500000000002,False,False,False,False,False,False,True,False,kpB3Y4uxk7o
52,8,5.625,0.23255813953488372,1,1,0,False,0.038461538461538464,False,0,0,0.185,0.0,0.815,0.1511,40.09,False,False,False,False,False,False,False,False,9se0OZHL7g8
55,7,7.0,0.12244897959183673,0,0,0,False,0.0,False,0,0,0.0,0.0,1.0,0.0,30.53000000000003,False,False,False,False,False,False,False,False,Pdxt62_spwI
39,7,4.714285714285714,0.28125,1,0,0,False,0.0,True,1,0,0.0,0.259,0.741,-0.2732,54.70142857142861,False,False,False,False,False,False,False,False,V3BDsFS7YAk
56,10,4.7,0.1276595744680851,0,0,0,False,0.0,False,0,0,0.216,0.261,0.523,-0.1779,69.78500000000001,False,False,False,False,True,False,True,False,52Acdfceq0Q
62,9,5.777777777777778,0.21568627450980393,1,0,0,False,0.016129032258064516,False,0,0,0.292,0.0,0.708,0.5106,40.09,False,False,False,False,False,False,False,False,mxSGlRNnLnE
67,12,4.666666666666667,0.29411764705882354,1,0,0,False,0.04477611940298507,True,1,0,0.197,0.0,0.803,0.4019,72.61545454545457,False,False,False,False,False,False,True,False,xn6zUwGGws8
37,5,6.6,0.15151515151515152,0,0,0,False,0.0,False,0,0,0.0,0.0,1.0,0.0,32.56000000000003,False,False,False,False,False,False,False,False,MYOFRYJmuwY
58,9,5.555555555555555,0.043478260869565216,0,0,1,True,0.06896551724137931,False,0,0,0.322,0.0,0.678,0.5859,75.50000000000003,False,False,False,False,True,False,False,False,olBUsuXGkyw
67,11,5.181818181818182,0.07272727272727272,0,0,0,False,0.029850746268656716,False,0,0,0.0,0.0,1.0,0.0,49.54272727272729,False,False,False,False,False,False,False,False,QRUUA2lTCD0
47,7,5.857142857142857,0.3902439024390244,2,0,0,False,0.0,False,0,0,0.0,0.0,1.0,0.0,54.70142857142861,False,False,False,False,False,False,False,False,gHgEGk8hGoc
51,7,6.428571428571429,0.28888888888888886,1,0,0,False,0.0,False,0,0,0.0,0.0,1.0,0.0,42.61571428571432,False,False,False,False,False,False,False,False,RaqBCm6gt_Y
51,8,5.5,0.29545454545454547,1,0,0,False,0.0,False,0,0,0.0,0.0,1.0,0.0,50.66500000000002,False,False,False,False,False,False,True,False,upLY7oA_H1g
62,11,4.7272727272727275,0.19230769230769232,0,0,0,False,0.0,False,0,0,0.0,0.0,1.0,0.0,80.30636363636367,False,False,False,False,False,True,True,False,Ro9h_6wQ56A
44,8,4.625,0.21621621621621623,0,0,0,False,0.0,False,0,0,0.0,0.0,1.0,0.0,82.39000000000001,False,False,False,False,False,False,False,False,r4sshKRdseY
54,11,4.0,0.2857142857142857,2,0,0,False,0.0,True,1,0,0.459,0.0,0.541,0.824,87.99727272727276,False,False,False,False,False,True,False,False,zHwsW5wtDA0
55,10,4.6,0.391304347826087,3,0,0,False,0.0,False,0,0,0.217,0.0,0.783,0.3612,78.24500000000002,False,False,False,False,False,False,True,False,SVadXVsUuZU
49,7,6.142857142857143,0.2558139534883721,1,0,0,False,0.0,False,0,0,0.0,0.289,0.711,-0.347,54.70142857142861,False,False,False,False,False,False,False,False,hsO_p8GykXo
52,9,4.888888888888889,0.3333333333333333,2,1,1,False,0.038461538461538464,False,0,0,0.471,0.0,0.529,0.7371,84.90000000000003,False,False,False,False,False,False,False,False,oFkgsWNKIGE
38,8,3.875,0.25806451612903225,0,0,0,False,0.0,False,0,0,0.0,0.0,1.0,0.0,103.54,False,False,False,False,False,False,True,False,Ct63aEgzuFE
47,6,7.0,0.3333333333333333,1,0,0,False,0.0,False,0,0,0.0,0.0,1.0,0.0,31.545000000000016,False,False,False,False,False,False,False,False,-yW75VB5Dh4
57,8,6.25,0.12244897959183673,0,1,0,False,0.017543859649122806,False,0,0,0.0,0.0,1.0,0.0,29.515000000000015,False,False,False,False,False,False,False,False,bMSG2YYRbX4
66,11,5.090909090909091,0.4727272727272727,3,0,0,False,0.015151515151515152,False,0,0,0.0,0.0,1.0,0.0,44.405,False,False,False,False,False,False,False,False,xKrwtPxs7RE
39,5,7.0,0.5,2,1,0,False,0.02564102564102564,False,0,0,0.347,0.305,0.348,0.0923,-1.2799999999999727,False,False,False,False,False,False,False,False,0Ox03DbuYFY
57,10,4.8,0.2127659574468085,1,0,0,False,0.017543859649122806,False,0,0,0.231,0.0,0.769,0.4019,52.86500000000001,False,False,False,False,False,False,False,False,PhqvBXff4Dg
66,10,5.7,0.2653061224489796,1,0,0,False,0.06060606060606061,True,1,1,0.666,0.0,0.334,0.9317,66.10000000000002,False,False,False,False,False,False,False,False,WavsyMlILK4
55,9,5.222222222222222,0.20930232558139536,1,0,1,True,0.07272727272727272,False,0,0,0.192,0.0,0.808,0.2263,80.06750000000002,False,False,False,False,False,False,False,False,bZvusPh5JUU
46,7,5.714285714285714,0.18421052631578946,0,0,0,True,0.043478260869565216,False,0,0,0.297,0.154,0.549,0.3182,54.70142857142861,False,False,False,False,False,False,False,False,iRoR-2hl-BQ
30,4,6.75,0.14814814814814814,0,0,0,False,0.0,False,0,0,0.444,0.0,0.556,0.34,-29.87499999999997,False,False,False,False,True,False,False,False,h6eLDyBuujc
34,7,4.0,0.07142857142857142,0,0,0,False,0.0,False,0,0,0.0,0.0,1.0,0.0,66.7871428571429,False,False,False,False,True,False,True,False,-3lTzFteZng
43,7,5.285714285714286,0.16216216216216217,1,0,0,False,0.0,False,0,0,0.0,0.0,1.0,0.0,78.87285714285717,False,False,False,False,False,False,False,False,h-QLYtjo6eI
58,9,5.555555555555555,0.16,1,0,0,False,0.0,False,0,0,0.0,0.0,1.0,0.0,66.10000000000002,False,False,False,False,False,False,False,False,AhFHklmw_HQ
38,6,5.5,0.36363636363636365,2,0,0,False,0.0,False,0,0,0.0,0.0,1.0,0.0,59.745000000000005,False,False,False,False,False,False,False,False,S1btSe6S20E
46,6,6.833333333333333,0.07692307692307693,0,0,0,False,0.043478260869565216,False,0,0,0.398,0.0,0.602,0.5106,31.545000000000016,False,False,False,False,False,False,False,False,msFAW87fsp0
43,7,5.285714285714286,0.24324324324324326,1,0,0,False,0.0,False,0,0,0.0,0.0,1.0,0.0,66.7871428571429,False,False,False,False,False,False,False,False,YqJ1jxMtCRw
57,10,4.8,0.25,1,0,0,False,0.0,False,0,0,0.0,0.0,1.0,0.0,69.78500000000001,False,False,False,False,False,True,True,False,4MMyPsBWbOU
49,12,3.1666666666666665,0.3684210526315789,1,0,0,False,0.0,False,0,0,0.0,0.0,1.0,0.0,103.00500000000001,False,False,False,False,True,True,False,False,_gfD4_mkQMs
52,7,6.571428571428571,0.13333333333333333,0,0,0,False,0.019230769230769232,False,0,0,0.326,0.0,0.674,0.4404,30.53000000000003,False,False,False,False,False,False,False,False,wxzp2XnefF0
48,7,6.0,0.23809523809523808,1,0,0,False,0.0,False,0,0,0.0,0.0,1.0,0.0,42.61571428571432,False,False,False,False,False,False,False,False,izHdCn8f5m4
55,7,7.0,0.5106382978723404,3,0,0,False,0.03636363636363636,False,0,0,0.0,0.0,1.0,0.0,-10.754999999999995,False,False,False,False,True,False,False,False,RTXaI-LyZgQ
84,17,4.0,0.16393442622950818,2,0,0,False,0.08333333333333333,False,0,2,0.135,0.131,0.735,0.0258,67.53000000000003,False,False,False,False,True,False,True,False,NpbAvA3_t1I
69,12,4.833333333333333,0.14,2,0,0,True,0.11594202898550725,False,0,1,0.0,0.0,1.0,0.0,52.86500000000001,False,False,False,False,True,False,True,False,rBvyyIFiclg
82,17,3.8823529411764706,0.3392857142857143,3,0,0,False,0.08536585365853659,True,2,2,0.358,0.116,0.526,0.7531,76.50153846153849,False,False,True,False,False,True,True,False,uH8wIPDAYlI
88,17,4.235294117647059,0.08823529411764706,1,0,0,False,0.045454545454545456,False,0,1,0.0,0.0,1.0,0.0,73.17000000000003,False,False,False,False,True,True,True,False,gACJI4W8HfE
70,12,4.916666666666667,0.2916666666666667,2,0,0,False,0.08571428571428572,True,3,2,0.426,0.0,0.574,0.7531,69.78500000000001,False,False,True,False,True,True,True,False,nIFCwowxyVA
73,13,4.6923076923076925,0.24528301886792453,2,0,0,False,0.1095890410958904,False,0,1,0.0,0.379,0.621,-0.7865,44.405,False,False,False,True,False,False,False,False,meN2l9yAw3Y
53,9,5.0,0.40540540540540543,3,3,0,True,0.1509433962264151,False,0,0,0.328,0.0,0.672,0.6006,82.39000000000001,False,False,False,False,True,True,True,False,bIOtjjsbWj8
56,11,4.181818181818182,0.13953488372093023,2,0,0,True,0.05357142857142857,False,0,0,0.0,0.0,1.0,0.0,69.78500000000001,False,False,False,False,True,True,True,False,ejoCdVAJgJk
85,19,3.526315789473684,0.08196721311475409,2,0,0,True,0.07058823529411765,False,0,0,0.0,0.0,1.0,0.0,63.69500000000001,False,False,False,False,False,True,True,False,xmZ9vKyaAFg
53,10,4.4,0.24390243902439024,2,0,0,False,0.05660377358490566,False,0,1,0.23,0.169,0.601,0.2732,71.81500000000001,False,False,True,False,True,False,False,False,GnXhRjVFn1I
62,11,4.636363636363637,0.13333333333333333,1,0,0,True,0.0967741935483871,False,0,0,0.0,0.206,0.794,-0.3818,57.940000000000026,False,False,False,False,True,False,True,False,ZHTuGsusztg
76,14,4.5,0.38596491228070173,6,0,0,True,0.07894736842105263,False,0,0,0.0,0.323,0.677,-0.694,76.50153846153849,False,False,False,True,False,True,True,False,vs9tK7YdvLA
48,8,5.125,0.0,0,0,0,False,0.08333333333333333,False,0,1,0.186,0.0,0.814,0.1531,17.44500000000002,False,False,False,True,False,False,False,False,0usnvTZcsCs
59,10,5.0,0.5833333333333334,5,0,0,False,0.03389830508474576,False,0,0,0.274,0.183,0.543,0.3254,61.24000000000001,False,False,True,False,False,True,True,False,nQos2BVHmXM
54,9,5.111111111111111,0.40476190476190477,2,0,0,True,0.07407407407407407,False,0,0,0.0,0.0,1.0,0.0,61.24000000000001,False,False,False,False,False,False,False,False,JL2T1nxUt8Y
68,11,5.2727272727272725,0.5111111111111111,3,0,0,False,0.11764705882352941,True,2,1,0.0,0.0,1.0,0.0,28.50000000000003,False,False,False,False,True,True,False,False,oAVl_cSB2z0
31,7,3.5714285714285716,0.3333333333333333,1,0,0,False,0.03225806451612903,False,0,0,0.0,0.286,0.714,-0.34,103.04428571428575,False,False,False,False,False,False,True,False,Wz-tKwlO8FI
53,8,5.75,0.1388888888888889,1,0,1,True,0.18867924528301888,False,0,1,0.304,0.216,0.48,0.2732,48.690000000000026,False,False,True,False,False,False,False,False,KhPA2ZKREqs
71,12,5.0,0.12280701754385964,2,0,0,False,0.04225352112676056,False,0,1,0.204,0.122,0.673,0.3254,61.32500000000002,False,False,False,False,True,True,True,False,1v4SZce3N-Q
33,8,3.25,0.23076923076923078,1,0,0,False,0.0,False,0,0,0.302,0.0,0.698,0.4648,103.54,False,False,False,False,True,False,True,True,ZW58Tcj-lAI
100,16,5.3125,0.19230769230769232,2,0,0,False,0.05,True,1,0,0.0,0.339,0.661,-0.8001,11.130000000000024,False,False,False,False,False,True,True,False,1OFev2REyfM
47,8,5.0,0.029411764705882353,0,0,0,True,0.1276595744680851,False,0,1,0.0,0.224,0.776,-0.3818,66.7871428571429,False,False,False,True,False,False,True,False,4hpAwAoJFVI
48,10,3.9,0.10810810810810811,1,0,0,True,0.041666666666666664,False,0,0,0.0,0.196,0.804,-0.296,86.70500000000001,False,False,False,False,False,True,True,False,ZMh6tPXSWB8
50,10,4.0,0.23529411764705882,1,0,0,True,0.1,True,1,0,0.237,0.0,0.763,0.4215,91.78000000000003,False,False,False,False,True,True,True,False,SwBQZ3ym_H8
53,9,4.888888888888889,0.24390243902439024,2,0,0,False,0.05660377358490566,False,0,1,0.497,0.171,0.331,0.7096,50.66500000000002,False,False,True,False,True,True,True,False,bw_r4z935Xo
44,8,4.625,0.16666666666666666,1,0,0,True,0.022727272727272728,False,0,0,0.0,0.0,1.0,0.0,82.39000000000001,False,False,False,False,False,False,False,False,SL71smapi_w
44,8,4.625,0.5517241379310345,3,0,0,True,0.1590909090909091,True,1,1,0.0,0.0,1.0,0.0,90.95857142857145,False,False,False,False,False,True,True,False,rD0iosGzFCA
42,7,5.142857142857143,0.03125,0,0,0,True,0.09523809523809523,False,0,0,0.0,0.0,1.0,0.0,54.70142857142861,False,False,False,False,False,False,False,False,gROLkGHX5vg
39,6,5.666666666666667,0.25925925925925924,1,0,0,True,0.1794871794871795,False,0,0,0.0,0.0,1.0,0.0,49.48000000000002,False,False,False,False,True,False,True,False,iBn5M3mJPLg
66,11,5.090909090909091,0.20454545454545456,2,0,0,True,0.12121212121212122,True,2,0,0.174,0.0,0.826,0.2732,52.86500000000001,False,False,False,False,False,True,True,False,vEo_L5RHb94
63,11,4.818181818181818,0.14285714285714285,1,0,0,True,0.14285714285714285,True,2,0,0.0,0.0,1.0,0.0,69.78500000000001,False,False,False,False,False,True,False,False,hh3TcPltPLE
66,9,6.444444444444445,0.2916666666666667,2,0,0,False,0.09090909090909091,True,3,2,0.391,0.0,0.609,0.6289,75.50000000000003,False,False,True,False,True,True,True,False,K5-lDyY3Yfc
71,13,4.538461538461538,0.40816326530612246,4,0,0,False,0.07042253521126761,True,3,0,0.0,0.0,1.0,0.0,67.75500000000001,False,False,False,False,True,True,True,False,F31ytcWFosg
46,7,5.714285714285714,0.15789473684210525,1,0,0,True,0.043478260869565216,False,0,0,0.0,0.0,1.0,0.0,42.61571428571432,False,False,False,False,False,True,True,False,RZlaqCoEcSg
34,7,4.0,0.37037037037037035,1,0,0,False,0.029411764705882353,False,0,1,0.0,0.489,0.511,-0.7715,59.745000000000005,False,False,False,True,False,False,False,False,UJREQnoTtNA
68,14,3.9285714285714284,0.125,1,0,0,True,0.10294117647058823,False,0,1,0.232,0.0,0.768,0.4973,87.94500000000002,False,False,False,False,False,False,False,False,LLxsIkv9LK0
97,17,4.764705882352941,0.20270270270270271,2,0,0,False,0.07216494845360824,False,0,2,0.354,0.236,0.41,0.2885,37.455384615384645,False,False,False,True,False,False,True,False,p-R8XGdv2FI
71,12,5.0,0.2830188679245283,3,1,1,False,0.08450704225352113,True,1,0,0.494,0.0,0.506,0.8947,55.12522727272727,False,False,False,False,True,True,False,False,uCqNk_9_7Uo
34,5,6.0,0.27586206896551724,1,0,0,False,0.029411764705882353,False,0,1,0.0,0.375,0.625,-0.34,33.57500000000002,False,False,False,False,False,False,False,False,DHsuU2GpkQs
21,6,2.6666666666666665,0.13333333333333333,0,0,1,False,0.047619047619047616,False,0,0,0.0,0.0,1.0,0.0,102.045,False,False,False,False,False,False,True,False,dYDLcOUaPW8
39,7,4.714285714285714,0.21428571428571427,1,0,0,True,0.1282051282051282,False,0,0,0.0,0.0,1.0,0.0,90.95857142857145,False,False,False,False,False,True,True,False,hL5SUzkGKRw
34,7,4.0,0.047619047619047616,0,0,0,True,0.20588235294117646,False,0,0,0.0,0.0,1.0,0.0,102.045,False,False,False,False,True,False,True,False,wsOcs371Gy8
38,7,4.571428571428571,0.3333333333333333,2,0,0,False,0.05263157894736842,False,0,0,0.0,0.25,0.75,-0.25,90.95857142857145,False,False,False,False,False,True,False,False,cu61fY3pIwk
31,6,4.333333333333333,0.0,0,0,0,False,0.03225806451612903,False,0,0,0.0,0.623,0.377,-0.765,73.84500000000001,False,False,False,False,False,True,True,False,qQmRhOZ3Hyg
84,15,4.666666666666667,0.24242424242424243,2,0,0,True,0.047619047619047616,False,0,0,0.0,0.0,1.0,0.0,71.76785714285715,False,False,False,False,True,True,True,False,w6RHvFFaf0s
84,15,4.666666666666667,0.171875,1,0,0,False,0.05952380952380952,True,1,0,0.0,0.0,1.0,0.0,77.81071428571428,False,False,False,False,False,True,True,False,pELFBZwM32M
70,11,5.454545454545454,0.19298245614035087,2,0,0,False,0.04285714285714286,False,0,0,0.0,0.0,1.0,0.0,61.32500000000002,False,False,False,False,False,True,True,False,6oHuQfTxByc
63,13,3.923076923076923,0.30434782608695654,3,1,0,False,0.06349206349206349,True,1,0,0.0,0.0,1.0,0.0,88.905,False,False,False,False,False,True,True,False,WVUQO22vff0
58,9,5.555555555555555,0.14634146341463414,1,0,0,True,0.15517241379310345,False,0,0,0.0,0.364,0.636,-0.4588,65.30000000000001,False,False,False,False,False,True,True,False,i6nLJtDJVtM
44,9,4.0,0.5172413793103449,3,0,0,True,0.1590909090909091,False,0,1,0.275,0.0,0.725,0.4648,78.87285714285717,False,False,False,False,False,False,True,False,y1rY_i2VAI0
79,15,4.333333333333333,0.2033898305084746,0,0,0,False,0.0759493670886076,False,0,2,0.219,0.138,0.643,0.5423,56.97846153846157,False,False,False,False,True,False,False,False,J6L8CMk6HxY
82,15,4.533333333333333,0.20967741935483872,0,0,0,False,0.07317073170731707,False,0,1,0.119,0.13,0.751,-0.0772,50.470769230769264,False,False,False,True,True,False,False,False,sLRk8iJ7UTs
65,11,5.0,0.16279069767441862,0,0,0,False,0.12307692307692308,True,1,1,0.261,0.0,0.739,0.7184,56.70000000000002,False,False,False,False,True,False,True,False,R6QLAK1y5_w
72,15,3.8666666666666667,0.22641509433962265,0,0,0,False,0.06944444444444445,False,0,1,0.143,0.0,0.857,0.4588,60.70500000000001,False,False,False,False,True,False,False,False,pPp0P47Yx2U
60,11,4.545454545454546,0.18181818181818182,0,0,0,False,0.1,False,0,2,0.309,0.0,0.691,0.8176,50.66500000000002,False,False,False,False,True,True,False,False,3EARQKz0J_E
42,8,4.375,0.1875,0,0,0,False,0.07142857142857142,False,0,1,0.214,0.0,0.786,0.4588,59.745000000000005,False,False,False,False,True,False,False,False,4JdeiPRWsgw
32,6,4.5,0.625,3,1,0,False,0.09375,False,0,1,0.0,0.432,0.568,-0.7263,49.48000000000002,False,False,False,False,True,False,False,False,-eif4CEpMls
51,10,4.1,0.21621621621621623,0,0,0,False,0.0784313725490196,False,0,2,0.244,0.0,0.756,0.6705,61.24000000000001,False,False,False,False,True,False,False,False,ViFXf7xktnw
51,11,3.6363636363636362,0.2571428571428571,0,0,0,False,0.09803921568627451,False,0,1,0.176,0.0,0.824,0.4588,84.90000000000003,False,False,False,False,True,False,False,False,ICfJpxiyIVM
73,10,6.3,1.0,9,0,1,False,0.0958904109589041,False,0,1,0.314,0.0,0.686,0.7824,0.30000000000001137,False,False,False,True,True,False,False,False,OlSpHwx9x9k
37,7,4.428571428571429,0.20833333333333334,0,0,0,False,0.1891891891891892,False,0,1,0.2,0.0,0.8,0.4588,66.40000000000003,False,False,False,False,True,False,False,False,UyENasvru7k
29,5,5.0,0.19047619047619047,0,0,0,False,0.13793103448275862,False,0,1,0.245,0.0,0.755,0.3818,33.57500000000002,False,False,False,False,True,False,False,False,qaeLGvwZxY4
36,6,5.0,0.5185185185185185,2,0,0,False,0.08333333333333333,False,0,1,0.224,0.0,0.776,0.3818,49.48000000000002,False,False,False,False,True,False,False,False,xDPYVQnm-34
69,13,4.384615384615385,0.20408163265306123,0,0,0,False,0.11594202898550725,False,0,2,0.216,0.0,0.784,0.6705,61.32500000000002,False,False,False,False,True,False,False,False,c-Uvzs9N-IM
96,18,4.388888888888889,0.875,12,0,0,False,0.07291666666666667,False,0,0,0.214,0.0,0.786,0.6633,53.639285714285734,False,False,True,False,True,False,False,False,6vLtmlhViOA
66,11,5.090909090909091,0.16326530612244897,0,0,0,False,0.10606060606060606,False,0,0,0.0,0.0,1.0,0.0,40.09,False,False,False,False,True,False,False,False,iSE6ynfk5Yg
99,18,4.5,1.0,17,0,0,False,0.050505050505050504,False,0,1,0.088,0.0,0.912,0.3612,70.14470588235295,False,False,False,False,True,False,False,False,fMLLWNiR8ks
58,10,4.9,0.1951219512195122,0,0,0,False,0.13793103448275862,False,0,1,0.274,0.0,0.726,0.5994,40.09,False,False,False,False,True,False,False,False,WtHME9Z1ulw
36,6,5.166666666666667,0.17391304347826086,0,0,0,False,0.2222222222222222,False,0,1,0.244,0.0,0.756,0.6369,54.72500000000002,False,False,False,False,True,False,False,False,cLk2BPmSDbk
90,17,4.352941176470588,0.21212121212121213,0,0,0,False,0.08888888888888889,False,0,0,0.126,0.0,0.874,0.3818,47.59642857142859,False,False,False,False,True,False,False,False,zbpC9jb_bEA
95,19,4.052631578947368,0.2318840579710145,0,0,0,False,0.08421052631578947,False,0,1,0.196,0.0,0.804,0.6808,84.845,False,False,False,False,True,False,False,False,MKf58yYvn7k
85,15,4.733333333333333,0.20634920634920634,0,0,0,False,0.09411764705882353,False,0,1,0.228,0.0,0.772,0.6808,43.963076923076954,False,False,False,False,True,False,False,False,PyKsGE4IPEA
48,9,4.444444444444445,0.2,0,0,0,False,0.10416666666666667,False,0,1,0.161,0.0,0.839,0.3612,42.61571428571432,False,False,False,False,True,False,False,False,R3-_BatvULU
49,8,5.25,0.16216216216216217,0,0,0,False,0.10204081632653061,False,0,1,0.214,0.0,0.786,0.4588,45.64500000000001,False,False,False,False,True,False,False,False,L4wS7QBa7NI
60,11,4.545454545454546,0.8,7,0,0,False,0.08333333333333333,False,0,2,0.318,0.0,0.682,0.7865,56.70000000000002,False,False,True,False,True,True,False,False,8E1cZ__XRgY
61,13,3.769230769230769,0.25,0,0,0,False,0.08196721311475409,False,0,1,0.158,0.0,0.842,0.4588,80.30636363636367,False,False,False,False,True,False,False,False,3QmN8y7_YFg
73,14,4.285714285714286,0.8269230769230769,9,0,0,False,0.1095890410958904,False,0,2,0.222,0.0,0.778,0.7184,41.8518181818182,False,False,False,False,True,False,False,False,GopHhh51joo
72,13,4.615384615384615,0.17647058823529413,0,0,0,False,0.125,False,0,3,0.241,0.0,0.759,0.6908,47.30000000000004,False,False,False,False,True,True,False,False,PWDyiC6iSCE
52,10,4.3,0.2,0,0,0,False,0.23076923076923078,True,1,2,0.189,0.0,0.811,0.6369,73.84500000000001,False,False,False,False,True,False,False,False,37YPiH-R0hU
59,11,4.363636363636363,0.20512820512820512,0,0,0,False,0.13559322033898305,True,1,0,0.176,0.0,0.824,0.4939,71.81500000000001,False,False,False,False,True,False,False,False,Nw0MzQSMDks
50,9,4.666666666666667,0.1875,0,0,0,False,0.18,True,1,1,0.0,0.0,1.0,0.0,59.745000000000005,False,False,False,False,True,False,False,False,MD8RXC1Z58M
70,13,4.461538461538462,0.21739130434782608,0,0,0,False,0.15714285714285714,True,1,2,0.238,0.0,0.762,0.802,69.78500000000001,False,False,False,False,True,False,False,False,r0AJL-CNLYs
59,12,4.0,0.21052631578947367,0,0,0,False,0.15254237288135594,True,1,1,0.0,0.0,1.0,0.0,71.81500000000001,False,False,False,False,True,False,False,False,ZDMMatZfTJ0
72,14,4.214285714285714,0.2,0,0,0,False,0.125,False,0,2,0.167,0.0,0.833,0.6369,64.9245454545455,False,False,False,False,True,False,False,False,5QmlL6oR1f0
36,6,5.166666666666667,0.19047619047619047,0,0,0,False,0.25,True,1,2,0.244,0.0,0.756,0.6369,54.72500000000002,False,False,False,False,True,False,False,False,UIqs1IM35V0
47,8,5.0,1.0,6,0,0,False,0.1702127659574468,False,0,1,0.219,0.0,0.781,0.6369,45.64500000000001,False,False,False,False,True,False,False,False,gZKp5uHWWlc
47,8,5.0,0.7428571428571429,4,0,0,False,0.10638297872340426,False,0,1,0.244,0.0,0.756,0.4404,17.44500000000002,False,False,False,False,True,False,False,False,0suQ9d06kro
100,19,4.315789473684211,0.21333333333333335,0,0,0,False,0.07,False,0,1,0.283,0.0,0.717,0.7845,47.83250000000001,False,False,False,True,True,False,False,False,b3f4H1QQUMM
61,10,5.0,0.1951219512195122,0,0,0,False,0.13114754098360656,True,1,1,0.273,0.0,0.727,0.7184,75.50000000000003,False,False,False,False,True,False,False,False,gziZSEPhR_U
68,13,4.3076923076923075,0.25,1,1,0,False,0.11764705882352941,False,0,1,0.202,0.125,0.673,0.3802,52.86500000000001,False,False,False,False,True,False,False,False,FCTUg59oVh8
59,11,4.363636363636363,0.21428571428571427,0,0,0,False,0.1016949152542373,False,0,1,0.0,0.0,1.0,0.0,47.30000000000004,False,False,False,False,True,False,False,False,8yAIW8drJnY
45,8,4.75,1.0,6,0,0,False,0.13333333333333333,False,0,1,0.16,0.191,0.649,-0.1613,73.84500000000001,False,True,False,False,True,False,False,True,ncYHjMWDTfQ
74,14,4.357142857142857,0.2,0,0,1,False,0.08108108108108109,False,0,1,0.0,0.172,0.828,-0.4404,57.23363636363638,False,False,False,True,True,False,False,False,uAtVLfc3ejk
42,6,6.166666666666667,0.21428571428571427,0,0,0,False,0.21428571428571427,False,0,1,0.244,0.0,0.756,0.6369,33.57500000000002,False,False,False,False,True,False,False,False,zIr4TUmIvQA
74,12,5.25,0.17857142857142858,0,0,0,False,0.0945945945945946,False,0,2,0.31,0.0,0.69,0.802,52.86500000000001,False,False,False,False,True,False,False,False,k6_o9YKY9ow
42,8,4.375,0.2,0,0,0,False,0.11904761904761904,False,0,1,0.214,0.0,0.786,0.4588,87.94500000000002,False,False,False,False,True,False,False,False,LBAVuzyvBxQ
72,12,5.083333333333333,0.17647058823529413,0,0,1,False,0.1388888888888889,False,0,2,0.15,0.207,0.643,-0.1531,42.46750000000003,False,False,False,False,True,False,False,False,UVgRsoapDtk
72,14,4.214285714285714,0.19607843137254902,0,0,0,False,0.1111111111111111,False,0,1,0.301,0.0,0.699,0.6808,61.32500000000002,False,False,False,False,True,False,False,False,48zRzWheu90
70,13,4.384615384615385,0.13725490196078433,0,0,0,False,0.08571428571428572,False,0,3,0.158,0.0,0.842,0.4588,37.900000000000034,False,False,False,False,True,False,False,False,9WSv8yo-SKQ
100,17,4.882352941176471,0.2077922077922078,0,0,0,False,0.06,False,0,1,0.375,0.0,0.625,0.9217,63.69500000000001,False,False,False,False,True,True,False,False,Qcc4OqhBj0k
65,11,4.909090909090909,0.06521739130434782,1,0,0,False,0.12307692307692308,False,0,2,0.098,0.0,0.902,0.0772,69.78500000000001,False,False,False,False,True,False,True,False,KkK8p_FvEHk
96,14,5.857142857142857,0.06666666666666667,1,0,0,False,0.07291666666666667,False,0,2,0.0,0.14,0.86,-0.3818,47.59642857142859,False,False,False,False,True,False,False,False,4dJEMbNyGcc
96,15,5.4,0.07042253521126761,1,0,2,False,0.10416666666666667,False,0,2,0.143,0.114,0.744,0.168,60.76000000000002,False,False,False,False,True,False,False,False,XuDm5Gwv7DY
86,15,4.733333333333333,0.047619047619047616,0,0,2,False,0.09302325581395349,False,0,1,0.0,0.278,0.722,-0.7319,57.06826923076926,False,False,False,False,True,True,False,False,9idHbf99xxc
89,14,5.357142857142857,0.09523809523809523,1,0,0,False,0.0898876404494382,True,1,2,0.453,0.0,0.547,0.9081,65.72500000000001,False,False,False,False,True,False,False,False,YachaIevGcI
88,14,5.285714285714286,0.06153846153846154,0,0,0,False,0.10227272727272728,False,0,2,0.137,0.0,0.863,0.4019,46.60500000000002,False,False,False,False,True,False,False,False,8-vFMN0Ro3Y
89,13,5.846153846153846,0.05970149253731343,1,0,2,False,0.10112359550561797,False,0,1,0.0,0.0,1.0,0.0,70.08365384615385,False,False,False,False,True,False,False,False,mlOcaS7Ol6I
88,13,5.769230769230769,0.05970149253731343,1,0,2,False,0.09090909090909091,False,0,1,0.0,0.165,0.835,-0.4515,38.595,False,False,False,False,True,False,False,False,PNNIqR35VhI
77,11,6.0,0.06779661016949153,1,0,0,False,0.09090909090909091,False,0,2,0.097,0.208,0.694,-0.34,34.160909090909115,False,False,False,False,True,False,False,False,BRgVgh5uKo4
78,11,6.090909090909091,0.05,1,0,0,False,0.08974358974358974,False,0,2,0.0,0.157,0.843,-0.3818,64.9245454545455,False,False,False,False,True,False,False,False,f9USJbhJ6k8
82,13,5.3076923076923075,0.05,1,0,1,False,0.0975609756097561,True,1,1,0.0,0.0,1.0,0.0,83.09903846153848,False,False,False,False,True,False,False,False,g2m1tfaDOJ4
88,12,6.333333333333333,0.08823529411764706,1,0,0,False,0.09090909090909091,False,0,2,0.206,0.255,0.539,0.0,32.504999999999995,False,False,False,False,True,False,False,False,JrD-R1JJ4uU
88,13,5.769230769230769,0.06060606060606061,1,0,0,False,0.10227272727272728,False,0,2,0.25,0.0,0.75,0.7184,56.97846153846157,False,False,False,False,True,False,False,False,fiStWGsuaqM
99,15,5.6,0.03896103896103896,1,0,1,False,0.0707070707070707,False,0,1,0.0,0.133,0.867,-0.3818,63.86250000000001,False,True,False,False,True,False,False,False,LHPE-MRkQNQ
90,14,5.428571428571429,0.057971014492753624,1,0,1,False,0.07777777777777778,False,0,1,0.0,0.29,0.71,-0.6486,42.61571428571432,False,False,False,False,True,False,True,False,LW8C6Wfaxe4
88,13,5.769230769230769,0.058823529411764705,1,0,1,False,0.07954545454545454,False,0,1,0.0,0.148,0.852,-0.3818,45.64500000000001,False,False,False,False,True,False,False,False,_32H2FHka4w
74,12,5.166666666666667,0.03636363636363636,0,0,0,False,0.0945945945945946,False,0,2,0.0,0.31,0.69,-0.743,60.70500000000001,False,False,False,False,True,False,False,False,nL7ghjWhwus
77,10,6.7,0.06666666666666667,1,0,0,False,0.09090909090909091,False,0,2,0.0,0.375,0.625,-0.7351,10.564999999999998,False,False,False,False,True,False,False,False,wXbMMppsLgA
96,11,7.545454545454546,0.0410958904109589,1,0,0,False,0.10416666666666667,False,0,2,0.107,0.107,0.785,0.0,18.77909090909094,False,False,False,False,True,True,False,False,r8XFiJBGqDY
79,12,5.583333333333333,0.05,1,0,0,False,0.08860759493670886,False,0,2,0.0,0.275,0.725,-0.6908,60.70500000000001,False,False,False,False,True,False,False,False,TBoEFCabO3M
100,12,7.416666666666667,0.05,1,0,1,False,0.09,False,0,2,0.166,0.117,0.717,0.2732,3.344999999999999,False,False,False,False,True,True,False,False,LudM5dD5IAA
100,16,5.3125,0.038461538461538464,1,0,0,False,0.07,False,0,2,0.0,0.331,0.669,-0.836,50.610000000000014,False,False,False,False,True,False,True,False,aBgxy3lyrB4
93,13,6.153846153846154,0.0410958904109589,1,0,0,False,0.07526881720430108,False,0,2,0.0,0.2,0.8,-0.5423,63.486153846153854,False,True,False,False,True,False,False,False,yOUj_1r7D4U
100,13,6.769230769230769,0.0375,0,0,1,False,0.08,False,0,1,0.0,0.148,0.852,-0.3818,37.54519230769233,False,False,False,False,True,False,False,False,X23qGFx324k
93,15,5.2,0.04225352112676056,1,0,0,False,0.07526881720430108,False,0,2,0.0,0.241,0.759,-0.6908,61.890000000000015,False,False,False,False,True,False,True,False,OQd7McOtEYo
85,15,4.666666666666667,0.04918032786885246,1,0,0,False,0.10588235294117647,False,0,1,0.34,0.0,0.66,0.8689,43.963076923076954,False,False,False,False,True,True,False,False,zIj3P7iM_Fc
100,15,5.733333333333333,0.05194805194805195,1,0,0,False,0.09,False,0,3,0.098,0.148,0.754,-0.128,61.890000000000015,False,False,False,False,True,False,False,False,QMpDGqFDr78
77,10,6.7,0.06666666666666667,1,0,0,False,0.09090909090909091,False,0,2,0.0,0.235,0.765,-0.4588,44.405,False,False,False,False,True,False,False,False,cB-nVz8w7uI
87,12,6.25,0.045454545454545456,1,0,0,False,0.10344827586206896,False,0,2,0.332,0.193,0.475,0.6249,46.60500000000002,False,False,False,False,True,False,False,False,Geuy8yruNR8
76,14,4.428571428571429,0.07142857142857142,1,0,1,False,0.07894736842105263,False,0,1,0.148,0.0,0.852,0.3818,76.59134615384617,False,False,False,False,True,True,False,False,FYJBc19TgXs
89,14,5.357142857142857,0.05970149253731343,1,0,1,False,0.0898876404494382,False,0,2,0.121,0.117,0.762,0.0258,60.74428571428575,False,False,False,False,True,False,False,False,gp8sOHhrSqs
85,12,6.083333333333333,0.045454545454545456,1,0,0,False,0.08235294117647059,False,0,2,0.229,0.198,0.573,0.2023,46.60500000000002,False,False,False,False,True,False,False,False,NW0IsZKF-yE
79,13,5.076923076923077,0.06779661016949153,1,0,0,False,0.08860759493670886,False,0,2,0.109,0.289,0.602,-0.5859,53.655,False,False,False,False,True,False,False,False,KEt5Wu8cLco
91,15,5.066666666666666,0.045454545454545456,1,0,0,False,0.08791208791208792,True,1,2,0.102,0.219,0.679,-0.4767,65.72500000000001,False,False,False,False,True,False,False,False,2xRFk2E5dOw
92,12,6.666666666666667,0.05714285714285714,1,0,0,False,0.08695652173913043,True,1,2,0.079,0.189,0.732,-0.4215,39.55500000000001,True,False,False,False,True,False,False,True,9FSmxfAE3cw
99,14,6.071428571428571,0.039473684210526314,1,0,2,False,0.09090909090909091,False,0,1,0.169,0.242,0.589,-0.4329,30.53000000000003,False,False,False,False,True,False,False,False,W5BzCOVAuak
78,12,5.416666666666667,0.07142857142857142,1,0,2,False,0.11538461538461539,False,0,1,0.14,0.109,0.751,0.1926,59.745000000000005,False,False,False,False,True,False,True,False,tm_hZoj9XJw
99,14,6.071428571428571,0.03896103896103896,1,0,1,False,0.08080808080808081,False,0,1,0.0,0.133,0.867,-0.3818,54.70142857142861,False,False,False,False,True,False,False,False,wySznRlWtuc
68,10,5.8,0.058823529411764705,1,0,0,False,0.10294117647058823,False,0,2,0.0,0.237,0.763,-0.4767,44.405,False,False,False,False,True,False,False,False,TILp5cBTPIs
92,14,5.571428571428571,0.04477611940298507,1,0,0,False,0.11956521739130435,False,0,3,0.404,0.0,0.596,0.8591,59.68214285714288,False,False,False,False,True,False,False,False,oFL8Qe5k0Ws
80,11,6.2727272727272725,0.06896551724137931,1,0,0,False,0.1375,False,0,3,0.0,0.123,0.877,-0.2732,64.9245454545455,False,True,False,False,True,False,False,False,jHfNM-HvQlM
87,11,6.909090909090909,0.045454545454545456,1,0,0,False,0.11494252873563218,False,0,3,0.35,0.118,0.532,0.7269,57.23363636363638,False,False,False,False,True,False,False,False,DBa0Md7hwRI
93,15,5.2,0.028985507246376812,0,0,1,False,0.0967741935483871,False,0,2,0.385,0.078,0.537,0.8519,72.83000000000003,True,False,False,False,True,False,True,False,RaHX18Nrvsg
68,9,6.555555555555555,0.057692307692307696,1,0,0,False,0.10294117647058823,False,0,1,0.0,0.178,0.822,-0.3818,37.900000000000034,False,False,False,False,True,False,False,False,RTXq_EUBigU
100,14,6.142857142857143,0.05128205128205128,1,0,0,False,0.08,False,0,2,0.389,0.0,0.611,0.8807,35.5107142857143,False,False,False,False,True,False,False,False,0q8eE4j1KPs
99,14,6.071428571428571,0.05194805194805195,1,0,0,False,0.06060606060606061,True,1,2,0.059,0.086,0.856,-0.1531,53.639285714285734,True,True,False,False,True,False,False,False,xJFLMVBnY5s
85,13,5.538461538461538,0.047619047619047616,1,0,1,False,0.10588235294117647,False,0,2,0.275,0.156,0.569,0.3612,59.745000000000005,False,False,False,False,True,True,False,False,_1dfNKGa5S0
99,14,6.142857142857143,0.039473684210526314,1,0,0,False,0.10101010101010101,False,0,1,0.266,0.149,0.586,0.3818,37.455384615384645,False,False,False,False,True,False,False,False,P4DLvmhMgTg
100,12,7.416666666666667,0.05194805194805195,1,0,0,False,0.11,True,1,3,0.234,0.326,0.44,-0.5423,3.3972727272727354,False,False,True,True,True,False,False,False,yRUasX-XjX0
100,13,6.769230769230769,0.05128205128205128,0,0,0,False,0.1,False,0,3,0.0,0.222,0.778,-0.6908,43.963076923076954,False,True,False,False,True,False,True,False,nKIYGavVjVY
66,9,6.444444444444445,0.23076923076923078,3,2,0,False,0.045454545454545456,True,1,0,0.593,0.0,0.407,0.9045,19.100000000000023,False,False,False,False,False,False,False,False,N2eRhl6Jor8
64,10,5.5,0.5490196078431373,3,2,1,False,0.046875,True,1,0,0.0,0.388,0.612,-0.7729,57.940000000000026,False,False,False,False,False,False,False,False,EtH_MR36aqI
64,9,6.222222222222222,0.6363636363636364,5,1,0,False,0.015625,False,0,0,0.562,0.0,0.438,0.8742,19.100000000000023,False,False,False,False,False,False,False,False,xafUrVMWY_M
90,14,5.5,0.19444444444444445,1,2,0,False,0.05555555555555555,False,0,0,0.261,0.127,0.612,0.5599,45.64500000000001,False,False,False,False,True,False,False,False,orNTguJIquQ
84,16,4.3125,0.13846153846153847,1,2,0,False,0.047619047619047616,False,0,0,0.242,0.0,0.758,0.6988,72.83000000000003,False,False,False,False,False,False,False,False,vJZ3WOc_S64
48,8,5.125,0.6666666666666666,5,1,0,False,0.020833333333333332,True,1,0,0.413,0.0,0.587,0.7118,61.24000000000001,False,False,False,False,False,False,False,False,6NZbTqM-PnQ
65,10,5.6,0.21568627450980393,1,2,0,False,0.07692307692307693,False,0,0,0.245,0.0,0.755,0.4436,23.00000000000003,False,False,False,True,False,False,False,False,kRV1iCsXolQ
52,9,4.888888888888889,0.27906976744186046,2,1,0,False,0.019230769230769232,False,0,0,0.0,0.259,0.741,-0.4199,75.50000000000003,False,False,False,False,False,False,False,False,m-hF1ctKUwM
70,11,5.454545454545454,0.3684210526315789,3,2,0,False,0.04285714285714286,False,0,0,0.51,0.0,0.49,0.8847,70.50704545454548,False,False,False,False,False,False,False,False,Tl3CZhPoTv4
92,18,4.166666666666667,0.22535211267605634,3,2,0,False,0.043478260869565216,False,0,0,0.201,0.0,0.799,0.6467,85.09666666666669,False,False,False,False,False,False,False,False,jaXa0gy6Ygc
71,12,5.0,0.05454545454545454,0,2,0,False,0.07042253521126761,False,0,0,0.283,0.17,0.547,0.4723,66.40000000000003,False,False,False,False,False,False,False,False,YjqCCAz7lmI
49,8,5.25,0.425,3,1,1,False,0.04081632653061224,False,0,0,0.0,0.0,1.0,0.0,40.09,False,False,False,False,True,False,True,False,N5xdAheCTXE
43,8,4.5,0.3225806451612903,2,4,0,False,0.11627906976744186,False,0,0,0.384,0.0,0.616,0.6562,118.17500000000001,False,False,False,False,False,False,False,False,OkvsjgHzSoI
85,14,5.142857142857143,0.29411764705882354,2,3,0,False,0.047058823529411764,False,0,0,0.507,0.0,0.493,0.9064,59.26743589743592,False,False,False,False,False,False,False,False,qJbVowwzOSY
83,13,5.461538461538462,0.16666666666666666,0,2,0,False,0.060240963855421686,False,0,0,0.194,0.0,0.806,0.4374,39.7434090909091,False,False,False,False,True,False,False,False,kDP6GhC8GPI
85,16,4.375,0.3230769230769231,2,2,0,False,0.058823529411764705,False,0,0,0.234,0.0,0.766,0.508,87.28404761904761,False,False,True,False,False,False,False,False,N6TmgOZKNIw
96,17,4.705882352941177,0.28169014084507044,2,2,0,False,0.052083333333333336,True,1,0,0.249,0.0,0.751,0.6103,81.24119047619048,False,False,False,False,False,False,False,False,lt72oEtWokI
87,13,5.769230769230769,0.35714285714285715,3,3,0,False,0.05747126436781609,False,0,0,0.326,0.0,0.674,0.6496,55.12522727272727,False,False,True,False,False,False,False,False,FQY1jo11cvg
82,13,5.384615384615385,0.16417910447761194,0,1,0,False,0.036585365853658534,False,0,0,0.136,0.0,0.864,0.2244,55.12522727272727,False,False,False,False,True,False,False,False,3zHYjVpl67Y
60,11,4.545454545454546,0.34782608695652173,2,1,0,False,0.06666666666666667,False,0,0,0.116,0.233,0.651,-0.3869,75.87500000000001,False,False,False,False,False,False,True,False,44AWskqcbS8
75,14,4.428571428571429,0.3448275862068966,4,1,0,False,0.05333333333333334,False,0,0,0.092,0.217,0.691,-0.4868,70.50704545454548,False,False,False,False,False,False,False,False,KKPbRO1WbxE
69,13,4.384615384615385,0.17391304347826086,0,2,0,False,0.057971014492753624,True,3,0,0.0,0.293,0.707,-0.717,73.84500000000001,True,False,False,False,False,False,True,False,VLMWenPpy3M
73,12,5.166666666666667,0.29310344827586204,2,2,0,False,0.0547945205479452,False,0,0,0.438,0.22,0.343,0.6229,57.940000000000026,False,False,False,False,False,False,True,False,IsoofJSQPcc
83,14,5.0,0.1791044776119403,0,1,0,False,0.03614457831325301,False,0,0,0.405,0.0,0.595,0.7574,59.745000000000005,False,False,False,False,False,False,True,False,SkAHvpJvtE0
74,14,4.357142857142857,0.2037037037037037,0,2,1,False,0.0945945945945946,False,0,0,0.086,0.268,0.646,-0.658,82.92500000000001,False,False,False,False,False,False,True,False,dREP2r_jzNw
86,15,4.8,0.31343283582089554,3,2,0,False,0.05813953488372093,False,0,0,0.432,0.0,0.568,0.8449,75.87500000000001,False,False,False,False,False,False,False,False,RRuzwjA7Aas
64,12,4.416666666666667,0.4,2,1,0,False,0.046875,False,0,0,0.482,0.0,0.518,0.8104,57.940000000000026,False,False,True,False,False,False,False,False,3DZyNe3-law
71,13,4.538461538461538,0.3090909090909091,2,2,0,False,0.056338028169014086,False,0,0,0.154,0.0,0.846,0.2924,80.0587878787879,False,False,False,False,True,False,False,False,OEGEb47-c2M
62,10,5.3,0.25,1,1,0,False,0.03225806451612903,True,1,0,0.0,0.0,1.0,0.0,44.405,False,False,False,False,False,False,False,False,7_BKA9XvNdE
63,10,5.4,0.17307692307692307,0,1,0,False,0.031746031746031744,False,0,0,0.0,0.0,1.0,0.0,19.100000000000023,False,False,False,False,False,False,True,False,RzhIkqTGzMY
75,15,4.066666666666666,0.4482758620689655,4,1,0,False,0.04,False,0,0,0.253,0.0,0.747,0.6957,76.50153846153849,False,False,False,False,False,False,False,False,_bQw8g1pPqs
67,10,5.8,0.3090909090909091,1,1,0,False,0.04477611940298507,False,0,0,0.475,0.0,0.525,0.8034,19.100000000000023,False,False,False,False,False,False,False,False,9TDeMoo9QvE
73,13,4.6923076923076925,0.3448275862068966,2,2,0,False,0.0410958904109589,False,0,0,0.256,0.157,0.588,0.4312,80.89500000000001,False,False,False,False,False,False,False,False,GihyUaeWeqg
66,11,5.090909090909091,0.3018867924528302,3,1,0,False,0.045454545454545456,False,0,0,0.346,0.0,0.654,0.743,61.32500000000002,False,False,False,False,False,False,True,False,4YvV2aVzYv8
51,9,4.777777777777778,0.375,2,1,0,False,0.058823529411764705,False,0,0,0.0,0.0,1.0,0.0,71.81500000000001,False,False,False,False,False,False,False,False,x3n5iNz663s
52,9,4.888888888888889,0.35714285714285715,2,1,0,False,0.038461538461538464,False,0,0,0.0,0.0,1.0,0.0,71.81500000000001,False,False,False,False,False,False,True,False,SU4-1TBdZTk
52,8,5.625,0.27906976744186046,2,1,0,False,0.038461538461538464,False,0,0,0.0,0.0,1.0,0.0,42.61571428571432,False,False,False,False,False,False,False,False,bCo9hoU0NpA
68,11,5.2727272727272725,0.3018867924528302,1,1,0,False,0.029411764705882353,True,1,0,0.208,0.0,0.792,0.3869,27.485000000000014,False,False,False,True,False,False,True,False,X6B4q9bhvm0
58,10,4.9,0.044444444444444446,0,1,0,False,0.06896551724137931,False,0,0,0.458,0.0,0.542,0.7756,75.87500000000001,False,False,False,False,False,False,False,False,IxvTGAF5jHQ
65,10,5.6,0.20754716981132076,1,1,0,False,0.046153846153846156,False,0,0,0.174,0.0,0.826,0.2244,44.150000000000006,False,False,False,False,False,False,False,False,95i_yXkqIFs
80,13,5.230769230769231,0.125,1,2,0,False,0.05,False,0,0,0.441,0.0,0.559,0.7835,72.36787878787882,False,False,True,False,False,False,True,False,MaDbI67-YBk
78,14,4.642857142857143,0.32786885245901637,4,1,0,False,0.05128205128205128,False,0,0,0.353,0.0,0.647,0.7609,87.94500000000002,False,False,False,False,False,False,True,False,Qzpi5Kk6oc0
67,11,5.181818181818182,0.05660377358490566,0,1,1,False,0.05970149253731343,False,0,0,0.286,0.154,0.56,0.2244,51.867500000000035,False,False,False,False,False,False,False,False,vaBfN316VGk
79,13,5.153846153846154,0.21875,1,1,0,False,0.0379746835443038,False,0,0,0.211,0.252,0.537,-0.4135,47.434318181818185,False,False,False,True,False,False,False,False,VMs-gPx4Bdw
79,13,5.153846153846154,0.1746031746031746,1,1,1,False,0.05063291139240506,False,0,0,0.295,0.0,0.705,0.7213,32.05250000000001,False,False,False,False,False,False,False,False,fIbPp7eWqf0
73,12,5.166666666666667,0.375,3,4,0,False,0.0821917808219178,False,0,0,0.201,0.0,0.799,0.4153,76.55166666666669,False,False,False,False,False,False,True,False,Eu3u5gJOxqM
56,11,4.181818181818182,0.07142857142857142,0,1,1,False,0.07142857142857142,False,0,0,0.159,0.0,0.841,0.2244,89.46750000000003,False,False,False,False,False,False,False,False,F8XDoVUJDbg
60,12,4.083333333333333,0.20454545454545456,2,1,1,False,0.06666666666666667,True,1,0,0.147,0.0,0.853,0.2244,74.86000000000003,False,False,False,False,False,False,True,False,JLJBZ12J9OU
68,11,5.2727272727272725,0.2727272727272727,2,1,0,False,0.04411764705882353,False,0,0,0.535,0.0,0.465,0.8478,61.26750000000001,False,False,False,False,False,False,False,False,GpJfZI3Jiu0
58,10,4.9,0.06521739130434782,0,1,0,False,0.05172413793103448,False,0,0,0.514,0.0,0.486,0.75,54.72500000000002,False,False,False,False,False,False,True,False,EWFV-GcyGxQ
37,8,3.75,0.2413793103448276,0,0,0,False,0.02702702702702703,False,0,1,0.0,0.0,1.0,0.0,78.87285714285717,False,False,False,False,False,False,False,False,CL2KJcwn6bE
49,10,4.0,0.21621621621621623,0,0,0,False,0.061224489795918366,False,0,2,0.33,0.0,0.67,0.7096,82.39000000000001,False,False,False,False,False,True,False,False,SWVDzAMqiI8
50,10,4.1,0.225,0,0,0,False,0.02,False,0,1,0.2,0.0,0.8,0.4588,84.90000000000003,False,False,False,False,False,False,False,False,dFD0490Ct-k
66,13,4.153846153846154,0.22641509433962265,0,0,0,False,0.015151515151515152,False,0,1,0.167,0.0,0.833,0.4588,81.85500000000002,False,False,False,False,False,False,False,False,xbGzS23eKCk
52,9,4.777777777777778,0.20930232558139536,0,0,0,False,0.0,False,0,0,0.0,0.0,1.0,0.0,94.30000000000001,False,False,False,False,False,False,False,False,hYHYFteNz3g
62,12,4.25,0.22,0,0,0,False,0.016129032258064516,False,0,1,0.312,0.0,0.688,0.7096,80.30636363636367,False,False,False,False,False,False,False,False,kxyOhenwKJM
53,9,5.0,0.18181818181818182,0,0,0,False,0.018867924528301886,False,0,1,0.338,0.0,0.662,0.6249,82.39000000000001,False,False,True,False,False,True,False,False,kMfqYWlolSw
33,7,3.857142857142857,0.23076923076923078,0,0,0,False,0.030303030303030304,False,0,1,0.389,0.0,0.611,0.6249,87.94500000000002,False,False,True,False,False,False,False,False,oxRyiPydBmY
34,7,4.0,0.23076923076923078,0,0,0,False,0.058823529411764705,False,0,1,0.0,0.0,1.0,0.0,59.745000000000005,False,False,False,False,False,False,False,False,V7uhZVdlvD8
20,4,4.25,0.23076923076923078,0,0,0,False,0.2,False,0,1,0.161,0.0,0.839,0.3182,90.99000000000004,False,False,False,False,False,False,False,False,rE4e0Pt1RpQ
55,10,4.5,0.20454545454545456,0,0,0,False,0.01818181818181818,False,0,1,0.497,0.0,0.503,0.7845,75.50000000000003,False,False,True,False,False,True,False,False,sxrJEQ1g0gQ
28,5,4.6,0.21739130434782608,0,0,0,False,0.0,False,0,0,0.0,0.437,0.563,-0.4767,66.40000000000003,False,False,False,False,False,False,False,False,B_EBus3fsig
50,10,4.1,0.225,0,0,0,False,0.02,False,0,1,0.0,0.0,1.0,0.0,84.90000000000003,False,False,False,False,False,False,False,False,fjpyikCKqY4
54,12,3.5833333333333335,0.24390243902439024,0,0,0,False,0.037037037037037035,False,0,2,0.404,0.0,0.596,0.8316,86.70500000000001,False,False,False,False,False,False,False,False,WNr7XJ7qP9Y
50,10,4.0,0.25,0,0,0,False,0.0,False,0,0,0.0,0.0,1.0,0.0,69.78500000000001,False,False,False,False,False,False,False,False,qrBjKgSFWAk
37,7,4.428571428571429,0.2,0,0,0,False,0.02702702702702703,False,0,1,0.25,0.0,0.75,0.4588,45.64500000000001,False,False,False,False,True,False,False,False,S92sV54db5U
57,11,4.2727272727272725,0.23255813953488372,0,0,0,False,0.07017543859649122,False,0,1,0.0,0.0,1.0,0.0,103.625,False,False,False,False,False,False,False,False,WPhK5boP74E
33,7,3.857142857142857,0.2,0,0,0,False,0.030303030303030304,True,1,1,0.0,0.286,0.714,-0.4215,102.045,False,False,False,False,False,False,False,False,x6UnxMp7osk
19,4,3.75,0.26666666666666666,0,0,0,False,0.0,False,0,0,0.0,0.0,1.0,0.0,54.72500000000002,False,False,False,False,False,False,False,False,j7mdDquUo6s
39,7,4.571428571428571,0.21875,0,0,0,False,0.0,False,0,0,0.0,0.0,1.0,0.0,103.04428571428575,False,False,False,False,False,False,False,False,UfzsA5Sq_nk
40,7,4.714285714285714,0.21212121212121213,0,0,0,False,0.0,False,0,0,0.0,0.0,1.0,0.0,90.95857142857145,False,False,False,False,False,False,False,False,HBkkXPO2I6M
44,9,4.0,0.20588235294117646,0,0,0,False,0.045454545454545456,False,0,1,0.538,0.0,0.462,0.9325,78.87285714285717,False,False,False,False,False,False,False,False,1cIYHV8LJ58
47,8,4.875,0.18421052631578946,0,0,0,False,0.02127659574468085,False,0,1,0.453,0.0,0.547,0.7003,42.61571428571432,False,False,False,False,False,False,False,False,zp0KTwKu2-g
44,8,4.625,0.17647058823529413,0,0,0,False,0.022727272727272728,True,1,1,0.231,0.0,0.769,0.4588,30.53000000000003,False,False,False,False,True,False,False,False,0eqM6mWUK1E
33,7,3.857142857142857,0.24,0,0,0,False,0.06060606060606061,False,0,1,0.0,0.0,1.0,0.0,59.745000000000005,False,False,False,False,False,False,False,False,dL64zBKHJ7A
43,7,5.285714285714286,0.16666666666666666,0,0,0,False,0.023255813953488372,False,0,1,0.25,0.0,0.75,0.4588,87.94500000000002,False,False,False,False,False,False,False,False,o6HA1_boeFA
45,7,5.428571428571429,0.18421052631578946,0,0,0,False,0.0,False,0,0,0.0,0.302,0.698,-0.3818,30.53000000000003,False,False,False,True,False,False,False,False,GTrmxQBkS4w
42,9,3.6666666666666665,0.2727272727272727,0,0,0,False,0.0,False,0,0,0.0,0.0,1.0,0.0,103.70000000000002,False,False,False,False,False,False,False,False,W2USq_eYpfs
43,9,3.7777777777777777,0.2647058823529412,0,0,0,False,0.0,False,0,0,0.0,0.0,1.0,0.0,66.10000000000002,False,False,False,False,False,False,False,False,tdAisyYOCGc
31,6,4.333333333333333,0.043478260869565216,0,0,0,False,0.0967741935483871,False,0,1,0.231,0.0,0.769,0.4588,66.40000000000003,False,False,False,False,False,False,False,False,zS7LeMbr1yw
37,7,4.285714285714286,0.23333333333333334,0,0,0,False,0.0,False,0,0,0.0,0.0,1.0,0.0,90.95857142857145,False,False,False,False,False,False,False,False,pUQGiCd1EtM
35,6,5.0,0.1724137931034483,0,0,0,False,0.02857142857142857,False,0,1,0.273,0.0,0.727,0.4588,100.24000000000002,False,False,False,False,False,False,False,False,L8_cJkp8FEE
32,7,3.5714285714285716,0.28,0,0,0,False,0.0,False,0,0,0.0,0.0,1.0,0.0,66.7871428571429,False,False,False,False,True,False,False,False,TzcfAH4uIKs
51,10,4.2,0.11904761904761904,0,0,0,False,0.0,False,0,0,0.0,0.0,1.0,0.0,78.24500000000002,False,False,False,False,False,False,False,False,mrA-j9fYgPc
20,5,3.2,0.26666666666666666,0,0,0,False,0.05,False,0,0,0.51,0.0,0.49,0.8074,97.025,False,False,False,False,False,False,False,False,fBKNjSny04Q
48,9,4.333333333333333,0.20512820512820512,0,0,0,False,0.0,False,0,0,0.0,0.0,1.0,0.0,94.30000000000001,False,False,False,False,False,False,False,False,_qiDaGV6xkE
41,8,4.125,0.24242424242424243,0,0,0,False,0.0,False,0,0,0.0,0.0,1.0,0.0,82.39000000000001,False,False,False,False,False,False,False,False,012XAi6q9vQ
56,10,4.6,0.21739130434782608,0,0,0,False,0.0,False,0,0,0.0,0.0,1.0,0.0,78.24500000000002,False,False,False,False,False,False,False,False,t_bzav8Gfhg
43,8,4.375,0.20588235294117646,0,0,0,False,0.023255813953488372,False,0,1,0.417,0.0,0.583,0.6124,90.95857142857145,False,False,True,False,False,True,False,False,nkOMRwjl5nA
21,2,9.5,0.10526315789473684,0,0,0,False,0.0,False,0,0,0.0,0.0,1.0,0.0,-48.994999999999976,False,False,False,False,False,True,False,False,xAhU6hxyYcI
35,8,3.5,0.19230769230769232,0,0,0,False,0.05714285714285714,False,0,1,0.0,0.0,1.0,0.0,103.04428571428575,False,False,False,False,False,False,False,False,jTRtcGCpBg0
23,6,3.0,0.29411764705882354,0,0,0,False,0.043478260869565216,False,0,1,0.273,0.0,0.727,0.4588,83.32000000000004,False,False,False,False,False,False,False,False,eRiul58aEIE
22,4,4.75,0.15789473684210525,0,0,0,False,0.0,False,0,0,0.0,0.0,1.0,0.0,97.025,False,False,False,False,True,False,False,False,_GlNXPBa8NQ
51,10,4.1,0.24390243902439024,0,0,0,False,0.0,False,0,0,0.0,0.0,1.0,0.0,61.32500000000002,False,False,False,False,False,False,False,False,460HBjcNico
22,2,10.0,0.1,0,0,0,False,0.0,False,0,0,0.643,0.0,0.357,0.2023,-91.29499999999996,False,False,False,False,False,False,False,False,JBiv7svEE2o
35,7,4.0,0.25,0,0,0,False,0.0,False,0,0,0.348,0.0,0.652,0.4939,90.95857142857145,False,False,False,False,False,False,False,False,RyJH2vU1TVc
47,9,4.222222222222222,0.21052631578947367,0,0,0,False,0.0,False,0,0,0.0,0.0,1.0,0.0,66.10000000000002,False,False,False,False,False,False,False,False,KzCMVuklssw
46,7,5.571428571428571,0.1794871794871795,0,0,0,False,0.0,False,0,0,0.0,0.0,1.0,0.0,54.70142857142861,False,False,False,False,True,False,False,False,Nus2aN_-6OE
44,10,3.4,0.29411764705882354,0,0,0,False,0.0,False,0,0,0.0,0.0,1.0,0.0,103.625,False,False,False,False,False,False,False,False,g0_PlrvPsTM
28,6,3.6666666666666665,0.2727272727272727,0,0,0,False,0.0,False,0,0,0.0,0.0,1.0,0.0,73.84500000000001,False,False,False,False,True,False,False,False,4JRNFi2G1HY
51,8,5.5,0.0,0,0,0,False,0.4117647058823529,False,0,0,0.0,0.0,1.0,0.0,115.13000000000002,False,False,False,False,False,False,False,False,Kx-ksutdwBY
96,17,4.705882352941177,0.0,0,0,0,False,0.3958333333333333,False,0,0,0.0,0.0,1.0,0.0,107.01000000000002,False,False,False,False,False,False,False,False,Gbr8E7QgmKs
36,6,5.166666666666667,0.0,0,0,0,False,0.4166666666666667,False,0,0,0.0,0.0,1.0,0.0,117.16000000000003,False,False,False,False,False,False,False,False,iG-jzHIusgo
70,14,4.071428571428571,0.0,0,0,0,False,0.37142857142857144,False,0,0,0.0,0.0,1.0,0.0,110.055,False,False,False,False,False,False,False,False,wR6D67qV10g
52,10,4.3,0.0,0,0,0,False,0.38461538461538464,False,0,0,0.0,0.0,1.0,0.0,113.10000000000002,False,False,False,False,False,False,False,False,XXjaFsTUX_U
74,12,5.25,0.0,0,0,0,False,0.36486486486486486,False,0,0,0.0,0.0,1.0,0.0,111.07000000000002,False,False,False,False,False,False,False,False,Ym35tjVs-h0
90,16,4.6875,0.0,0,0,0,False,0.34444444444444444,False,0,0,0.0,0.0,1.0,0.0,107.01000000000002,False,False,False,False,False,False,False,False,_B2DiOEoFJE
32,7,3.7142857142857144,0.0,0,0,0,False,0.3125,False,0,0,0.0,0.0,1.0,0.0,116.14500000000001,False,False,False,False,False,False,False,False,8X7u3-e_Awg
83,16,4.25,0.0,0,0,0,False,0.3493975903614458,False,0,0,0.0,0.0,1.0,0.0,107.01000000000002,False,False,False,False,False,False,False,False,tN6gk4GU1s4
40,7,4.857142857142857,0.0,0,0,0,False,0.375,False,0,0,0.0,0.0,1.0,0.0,116.14500000000001,False,False,False,False,False,False,False,False,BgqDUvgfNjU
24,5,4.0,0.0,0,0,0,False,0.375,False,0,0,0.0,0.0,1.0,0.0,118.17500000000001,False,False,False,False,False,False,False,False,KoXceI5RNQ0
44,8,4.625,0.0,0,0,1,False,0.4318181818181818,False,0,0,0.0,0.0,1.0,0.0,115.13000000000002,False,False,False,False,False,False,False,False,ZsbHALOVmnY
85,17,4.0588235294117645,0.0,0,0,0,False,0.3176470588235294,True,1,0,0.0,0.0,1.0,0.0,107.01000000000002,False,False,False,False,False,False,False,False,MDSV8pqZwik
79,15,4.333333333333333,0.0,0,0,0,False,0.31645569620253167,False,0,0,0.0,0.0,1.0,0.0,108.025,False,False,False,False,False,False,False,False,yGTkuXaABP8
90,17,4.352941176470588,0.0,0,0,0,False,0.4,True,1,0,0.0,0.0,1.0,0.0,107.01000000000002,False,False,False,False,False,False,False,False,dOOClveo49U
100,20,4.05,0.0,0,0,0,False,0.36,False,0,0,0.0,0.0,1.0,0.0,102.95000000000002,False,False,False,False,False,False,False,False,1P4EeayASUY
75,15,4.066666666666666,0.0,0,0,0,False,0.37333333333333335,False,0,0,0.0,0.0,1.0,0.0,109.04000000000002,False,False,False,False,False,False,False,False,jFlXz7ldK8w
72,13,4.615384615384615,0.05128205128205128,0,0,0,False,0.2361111111111111,True,1,0,0.0,0.0,1.0,0.0,95.68818181818183,False,False,False,False,False,False,False,False,qGW7IGinbKo
100,17,4.9411764705882355,0.0,0,0,0,False,0.35,False,0,0,0.0,0.0,1.0,0.0,104.98000000000002,False,False,False,False,False,False,False,False,zblGLwL0Toc
72,13,4.615384615384615,0.0,0,0,0,False,0.375,False,0,0,0.0,0.0,1.0,0.0,110.055,False,False,False,False,False,False,False,False,1UfslQ8evVs
76,13,4.923076923076923,0.0,0,0,0,False,0.39473684210526316,False,0,0,0.0,0.0,1.0,0.0,110.055,False,False,False,False,False,False,False,False,OQnbDuSWpIA
71,14,4.142857142857143,0.0,0,0,0,False,0.3380281690140845,False,0,0,0.0,0.0,1.0,0.0,109.04000000000002,False,False,False,False,False,False,False,False,PLGlYbNbonc
50,10,4.1,0.0,0,0,0,False,0.36,True,1,0,0.0,0.0,1.0,0.0,113.10000000000002,False,False,False,False,False,False,False,False,SK4TuYlYpDg
70,15,3.7333333333333334,0.058823529411764705,1,0,0,False,0.3,True,1,0,0.0,0.0,1.0,0.0,109.04000000000002,False,False,False,False,False,False,False,False,a_4nZaTHKCg
67,12,4.666666666666667,0.0,0,0,0,False,0.40298507462686567,False,0,0,0.0,0.0,1.0,0.0,111.07000000000002,False,False,False,False,False,False,False,False,0IesaF4twvA
34,8,3.375,0.0,0,0,0,False,0.35294117647058826,False,0,1,0.238,0.0,0.762,0.3612,116.14500000000001,False,False,False,False,False,False,False,False,i11oy-SPNbQ
69,11,5.363636363636363,0.10869565217391304,0,0,0,False,0.18840579710144928,False,0,0,0.0,0.0,1.0,0.0,75.50000000000003,False,False,False,False,False,False,False,False,wXC2NpsODeM
60,10,5.1,0.0,0,0,0,False,0.4,False,0,0,0.0,0.0,1.0,0.0,113.10000000000002,False,False,False,False,False,False,False,False,NCMXhfEo1bo
65,15,3.4,0.0,0,0,0,False,0.3384615384615385,False,0,1,0.143,0.0,0.857,0.3612,110.055,False,False,False,False,False,False,False,False,0BBvoXrqWvU
46,8,4.875,0.0,0,0,0,False,0.41304347826086957,False,0,1,0.238,0.0,0.762,0.3612,116.14500000000001,False,False,False,False,False,False,False,False,XMcIMPvHt8Q
76,14,4.5,0.0,0,0,0,False,0.35526315789473684,False,0,0,0.0,0.0,1.0,0.0,109.04000000000002,False,False,False,False,False,False,False,False,jo_Ji8C5deg
81,13,5.3076923076923075,0.0,0,0,0,False,0.3950617283950617,False,0,0,0.0,0.0,1.0,0.0,111.07000000000002,False,False,False,False,False,False,False,False,Z6X0h50KVW4
38,7,4.571428571428571,0.0,0,0,0,False,0.3684210526315789,False,0,1,0.4,0.0,0.6,0.7184,117.16000000000003,False,False,False,False,False,False,False,False,8rCum0TcgDU
86,13,5.6923076923076925,0.018867924528301886,0,0,0,False,0.2441860465116279,False,0,0,0.0,0.0,1.0,0.0,57.23363636363638,False,False,False,False,False,False,False,False,XPkTI27ZKb4
69,12,4.833333333333333,0.11627906976744186,0,0,0,False,0.21739130434782608,False,0,0,0.0,0.0,1.0,0.0,78.24500000000002,False,False,False,False,True,False,True,False,cBTHlB8_EH4
39,8,4.0,0.0,0,0,0,False,0.3076923076923077,False,0,0,0.0,0.0,1.0,0.0,115.13000000000002,False,False,False,False,False,False,False,False,wQopeEIHZ3M
47,8,5.0,0.0,0,0,0,False,0.44680851063829785,False,0,0,0.0,0.0,1.0,0.0,115.13000000000002,False,False,False,False,False,False,False,False,Ty2hJfWFmgA
95,20,3.8,0.0,0,0,0,False,0.3157894736842105,False,0,0,0.0,0.0,1.0,0.0,103.965,False,False,False,False,False,False,False,False,4avEZbRZQH4
69,15,3.6666666666666665,0.0,0,0,0,False,0.34782608695652173,False,0,0,0.0,0.0,1.0,0.0,109.04000000000002,False,False,False,False,False,False,False,False,gQeMeRNjIj0
78,14,4.642857142857143,0.0,0,0,0,False,0.358974358974359,False,0,0,0.0,0.0,1.0,0.0,109.04000000000002,False,False,False,False,False,False,False,False,XjuXa0_yY6c
88,17,4.235294117647059,0.0,0,0,0,False,0.32954545454545453,False,0,1,0.128,0.0,0.872,0.3612,108.025,False,False,False,False,False,False,False,False,ZJ8npvQN2a4
62,10,5.3,0.0,0,0,0,False,0.4032258064516129,False,0,0,0.0,0.0,1.0,0.0,113.10000000000002,False,False,False,False,False,False,False,False,OpSvJcPnLZw
70,15,3.7333333333333334,0.0,0,0,0,False,0.32857142857142857,True,1,0,0.0,0.0,1.0,0.0,109.04000000000002,False,False,False,False,False,False,False,False,l9hRGsdFVH8
45,8,4.75,0.0,0,0,0,False,0.35555555555555557,False,0,0,0.0,0.0,1.0,0.0,115.13000000000002,False,False,False,False,False,False,False,False,xKAJ7kTqQVo
33,7,3.857142857142857,0.0,0,0,0,False,0.36363636363636365,False,0,1,0.4,0.0,0.6,0.7184,117.16000000000003,False,False,False,False,False,False,False,False,igh1WscMqKU
92,16,4.8125,0.0,0,0,0,False,0.358695652173913,False,0,0,0.0,0.0,1.0,0.0,107.01000000000002,False,False,False,False,False,False,False,False,gD73hfpxk-4
91,18,4.111111111111111,0.0,0,0,0,False,0.38461538461538464,True,1,0,0.0,0.0,1.0,0.0,105.995,False,False,False,False,False,False,False,False,oiWSpibmLKQ
61,10,5.2,0.0,0,0,0,False,0.3770491803278688,False,0,0,0.0,0.0,1.0,0.0,113.10000000000002,False,False,False,False,False,False,False,False,m4m4Rqqjq7Q
49,10,4.0,0.0,0,0,0,False,0.3673469387755102,False,0,0,0.0,0.0,1.0,0.0,113.10000000000002,False,False,False,False,False,False,False,False,-17kbiP9et0
61,11,4.636363636363637,0.0,0,0,0,False,0.3770491803278688,False,0,0,0.0,0.0,1.0,0.0,112.08500000000001,False,False,False,False,False,False,False,False,Fish9JA6XmA
34,6,4.833333333333333,0.038461538461538464,0,0,0,True,0.08823529411764706,False,0,0,0.0,0.0,1.0,0.0,73.84500000000001,False,False,False,False,False,False,True,False,TXeje0ZDrAs
10,2,4.5,0.125,0,0,0,False,0.1,False,0,0,0.0,0.0,1.0,0.0,120.20500000000001,False,False,False,False,False,False,False,False,dVJjAQKOCzI
30,5,5.2,1.0,5,0,0,False,0.0,False,0,0,0.0,0.0,1.0,0.0,66.40000000000003,False,False,False,False,False,False,False,False,4TY8OQG8JBI
18,3,5.333333333333333,1.0,3,0,0,True,0.16666666666666666,False,0,0,0.0,0.0,1.0,0.0,62.79000000000002,False,False,False,False,False,False,True,False,W9JKlxYVelA
21,3,6.333333333333333,1.0,3,0,0,True,0.23809523809523808,False,0,0,0.0,0.0,1.0,0.0,62.79000000000002,False,False,False,False,False,False,False,False,ekAiInxKFn4
42,6,6.166666666666667,1.0,6,3,0,False,0.09523809523809523,False,0,0,0.373,0.0,0.627,0.4545,59.745000000000005,False,False,False,False,False,False,True,False,8Qeq35EMcUk
42,6,6.166666666666667,1.0,6,3,0,False,0.16666666666666666,False,0,0,0.209,0.373,0.418,-0.3769,73.84500000000001,False,False,False,False,False,False,True,False,n4DwNPfjd1Y
32,5,5.6,1.0,5,0,0,True,0.09375,False,0,0,0.0,0.0,1.0,0.0,66.40000000000003,False,False,False,False,False,False,False,False,uhZOUY3Magw
22,4,4.75,1.0,4,3,0,False,0.13636363636363635,False,0,0,0.0,0.0,1.0,0.0,75.87500000000001,False,False,False,False,False,False,True,False,NS60p6i6eOw
33,5,5.8,1.0,5,3,0,False,0.21212121212121213,False,0,0,0.0,0.0,1.0,0.0,66.40000000000003,False,False,False,False,False,False,False,False,Ol-IcdEM69s
59,9,5.666666666666667,1.0,8,3,0,False,0.11864406779661017,True,1,0,0.35,0.0,0.65,0.6496,61.26750000000001,False,False,False,False,True,False,False,False,ey_yThwa9zs
79,10,7.0,1.0,10,3,0,False,0.08860759493670886,False,0,0,0.142,0.316,0.542,-0.5528,27.485000000000014,False,False,True,False,False,True,True,False,GEAFJibTnGc
28,7,3.142857142857143,1.0,5,3,0,False,0.10714285714285714,False,0,0,0.0,0.0,1.0,0.0,115.13000000000002,False,False,False,False,False,False,False,False,A4NaqspB0z8
37,7,4.428571428571429,1.0,6,0,0,True,0.16216216216216217,False,0,0,0.0,0.389,0.611,-0.2924,90.95857142857145,False,False,False,False,False,False,True,False,FcuHn_yRAYk
67,12,4.666666666666667,1.0,12,3,3,False,0.14925373134328357,False,0,0,0.338,0.0,0.662,0.7661,87.94500000000002,False,False,False,False,False,True,True,False,9FuBBiz934o
31,6,4.333333333333333,1.0,6,0,0,True,0.0967741935483871,False,0,0,0.0,0.0,1.0,0.0,73.84500000000001,False,False,False,False,False,False,True,False,gVWw3LPs2tQ
53,7,6.714285714285714,1.0,7,0,0,False,0.07547169811320754,False,0,0,0.0,0.0,1.0,0.0,54.70142857142861,False,False,False,False,False,False,False,False,buDUHXHTvrM
32,4,7.25,1.0,3,3,0,False,0.21875,True,1,0,0.639,0.0,0.361,0.7437,12.425000000000011,False,False,False,False,False,False,False,False,0EaoARcw3yw
47,5,8.6,1.0,5,3,0,True,0.14893617021276595,False,0,0,0.0,0.0,1.0,0.0,52.01750000000001,False,False,False,False,False,False,True,False,Lz9rYL_AKww
17,3,5.0,1.0,3,3,0,False,0.17647058823529413,False,0,0,0.0,0.0,1.0,0.0,119.19000000000003,False,False,False,False,False,False,False,False,UL59zv8Ftzg
51,11,3.727272727272727,1.0,11,0,0,True,0.058823529411764705,False,0,0,0.0,0.0,1.0,0.0,103.37909090909093,False,False,False,False,False,True,True,False,8W_Nn_qP5uQ
74,12,5.25,1.0,12,3,3,False,0.14864864864864866,False,0,0,0.0,0.0,1.0,0.0,94.995,False,False,False,False,False,False,True,True,oKCih0Bclb4
59,8,6.5,1.0,8,3,0,False,0.11864406779661017,False,0,0,0.298,0.0,0.702,0.4545,61.24000000000001,False,False,False,False,False,True,True,False,hRdysac16-I
75,12,5.333333333333333,1.0,12,3,0,False,0.09333333333333334,False,0,0,0.0,0.0,1.0,0.0,80.89500000000001,False,False,False,False,False,True,True,False,0Sv_KDCXnnU
55,9,5.222222222222222,1.0,8,3,0,True,0.14545454545454545,True,2,0,0.0,0.0,1.0,0.0,98.8675,False,False,False,False,False,False,True,False,Mg6qEbCh5wA
46,5,8.4,1.0,5,3,0,False,0.15217391304347827,False,0,0,0.631,0.0,0.369,0.6297,-18.19999999999996,True,False,False,False,True,False,False,False,4KLqQ2IEb2Y
16,3,4.666666666666667,1.0,3,0,0,True,0.25,False,0,0,0.0,0.394,0.606,-0.0772,90.99000000000004,False,False,False,False,False,False,False,False,yxl7CyaBqRg
54,7,6.857142857142857,1.0,7,0,0,True,0.12962962962962962,False,0,0,0.0,0.0,1.0,0.0,34.08250000000001,False,False,False,False,True,False,False,False,GueV9cuX2G8
49,7,6.142857142857143,1.0,7,3,0,False,0.14285714285714285,False,0,0,0.0,0.0,1.0,0.0,42.61571428571432,False,False,False,False,True,False,False,False,pJUnz_97d6E
41,5,7.4,1.0,5,3,0,False,0.1951219512195122,False,0,0,0.607,0.165,0.228,0.5959,32.56000000000003,False,False,False,True,False,False,False,False,eo9lnHCrm2A
59,12,4.0,1.0,11,3,0,False,0.11864406779661017,True,1,0,0.0,0.0,1.0,0.0,109.09500000000001,False,False,False,False,False,False,True,False,M0UYH2GXJng
46,7,5.714285714285714,1.0,6,0,0,True,0.13043478260869565,False,0,0,0.0,0.0,1.0,0.0,66.7871428571429,False,False,False,False,True,False,True,False,wRYyFXLFkGc
58,9,5.555555555555555,1.0,8,0,0,True,0.13793103448275862,False,0,0,0.281,0.0,0.719,0.481,56.70000000000002,False,False,False,False,True,False,True,True,F_A_YpSrj54
52,6,7.833333333333333,1.0,6,3,0,False,0.15384615384615385,False,0,0,0.417,0.0,0.583,0.5538,17.44500000000002,False,False,False,False,True,False,True,False,pOdmsbrTsVs
72,10,6.3,1.0,9,3,0,False,0.09722222222222222,False,0,0,0.436,0.0,0.564,0.7332,27.485000000000014,False,False,False,False,True,False,True,False,zAcqcC6EQhg
21,4,4.5,1.0,4,3,0,False,0.14285714285714285,False,0,0,0.0,0.0,1.0,0.0,97.025,False,False,False,False,False,False,True,False,V0eyIW4Yd7Q
61,8,6.75,1.0,8,0,0,True,0.13114754098360656,True,1,0,0.0,0.508,0.492,-0.7351,40.09,False,False,False,True,False,True,False,False,t9_jSnxAyBE
15,2,7.0,1.0,2,0,0,True,0.26666666666666666,False,0,0,0.0,0.0,1.0,0.0,77.90500000000002,False,False,False,False,False,False,False,False,YgvCP-XMqTU
60,11,4.545454545454546,1.0,10,1,0,False,0.08333333333333333,False,0,0,0.0,0.0,1.0,0.0,80.30636363636367,False,False,False,False,False,False,False,False,qecVjvtamEw
25,5,4.2,1.0,5,3,0,False,0.12,False,0,0,0.0,0.435,0.565,-0.4724,83.32000000000004,False,False,False,False,False,False,True,False,kO5pNNTh9IU
43,8,4.5,1.0,8,0,0,True,0.11627906976744186,False,0,0,0.0,0.307,0.693,-0.4767,71.81500000000001,False,False,False,False,False,False,False,False,piqblGap92s
22,2,10.5,1.0,2,0,0,True,0.13636363636363635,False,0,0,0.796,0.0,0.204,0.5994,-48.994999999999976,False,False,False,False,True,False,False,False,1fHiDkBvRSk
24,5,4.0,1.0,5,1,0,False,0.041666666666666664,False,0,0,0.0,0.42,0.58,-0.4389,100.24000000000002,False,False,False,False,False,False,False,False,ike-P6qFAzs
17,3,5.0,1.0,3,3,0,False,0.23529411764705882,False,0,0,0.0,0.635,0.365,-0.5386,119.19000000000003,False,False,False,False,False,False,False,False,IkgFaBwItRc
50,7,6.285714285714286,1.0,7,3,0,False,0.06,True,1,0,0.0,0.367,0.633,-0.5386,54.70142857142861,False,False,False,False,False,False,False,False,bS4blcjlALc
68,8,7.625,1.0,7,0,0,True,0.11764705882352941,False,0,0,0.444,0.0,0.556,0.5859,33.57500000000002,False,False,False,False,False,True,False,False,jVKfMSCaJA4
42,7,5.142857142857143,1.0,7,0,0,True,0.07142857142857142,False,0,0,0.0,0.0,1.0,0.0,66.7871428571429,False,False,False,False,False,False,True,False,0KqGn9YMDcg
54,10,4.5,1.0,10,3,0,False,0.05555555555555555,False,0,0,0.0,0.0,1.0,0.0,86.70500000000001,False,False,False,False,False,True,False,False,vzaWr2XS8mY
52,11,3.8181818181818183,1.0,11,0,0,True,0.038461538461538464,False,0,0,0.0,0.0,1.0,0.0,103.37909090909093,False,False,False,False,False,False,True,False,oJDg3W0GA2E
20,5,3.2,1.0,4,0,0,True,0.15,False,0,0,0.487,0.0,0.513,0.5859,117.16000000000003,False,False,False,False,False,False,True,False,N1PXjVdmMs4
57,11,4.2727272727272725,0.0425531914893617,0,0,0,False,0.0,False,0,0,0.0,0.0,1.0,0.0,80.30636363636367,False,False,False,False,False,False,False,False,o_YzwW5yF9A
55,10,4.6,1.0,9,0,0,False,0.03636363636363636,False,0,0,0.161,0.255,0.584,-0.3182,52.86500000000001,False,False,False,False,False,False,True,False,Sr4YP1dzxn0
55,8,6.0,1.0,8,1,0,False,0.05454545454545454,False,0,0,0.358,0.225,0.417,0.1506,71.81500000000001,False,False,True,False,False,False,False,False,poSv100mHYo
67,12,4.583333333333333,0.8823529411764706,10,1,0,False,0.05970149253731343,False,0,0,0.0,0.47,0.53,-0.8707,74.805,False,False,True,False,True,False,False,False,UFNXpGWcZE8
61,11,4.636363636363637,1.0,11,1,0,False,0.03278688524590164,False,0,0,0.0,0.451,0.549,-0.8122,72.61545454545457,False,False,True,False,True,False,False,False,WLCIk1r3LJw
33,6,4.666666666666667,1.0,6,1,0,False,0.030303030303030304,False,0,0,0.0,0.484,0.516,-0.69,59.745000000000005,False,False,False,False,True,False,True,False,gyouYv320CQ
36,6,5.166666666666667,0.41379310344827586,2,1,0,False,0.05555555555555555,False,0,0,0.0,0.681,0.319,-0.8599,59.745000000000005,False,False,False,False,True,False,False,False,nMQvn8ayA2E
31,6,4.333333333333333,0.8,4,1,0,False,0.03225806451612903,False,0,0,0.0,0.703,0.297,-0.8875,87.94500000000002,False,False,False,False,True,False,True,False,OrVjr2RgPkk
31,7,3.5714285714285716,0.5217391304347826,2,1,0,False,0.06451612903225806,False,0,1,0.183,0.33,0.487,-0.5307,87.94500000000002,False,False,False,False,True,False,False,False,nh4dz40rvsY
46,8,4.875,0.5675675675675675,3,1,0,False,0.043478260869565216,False,0,0,0.0,0.56,0.44,-0.8236,82.39000000000001,False,False,False,False,True,False,False,False,KFedQtcjB7Q
58,11,4.363636363636363,1.0,11,1,0,False,0.034482758620689655,False,0,0,0.0,0.451,0.549,-0.8122,72.61545454545457,False,False,True,False,True,False,True,False,ZbbyiiWoSwE
30,8,2.875,1.0,8,1,0,False,0.03333333333333333,True,1,0,0.0,0.0,1.0,0.0,114.11500000000001,False,False,False,False,False,False,False,False,7kp7ifB8FUw
58,13,3.5384615384615383,1.0,11,1,0,False,0.034482758620689655,True,1,0,0.0,0.374,0.626,-0.762,96.02461538461542,False,False,False,False,True,True,False,False,UviR7rhvtdg
45,8,4.75,1.0,7,0,0,False,0.06666666666666667,False,0,1,0.294,0.217,0.49,0.2732,42.61571428571432,False,False,False,False,True,False,True,False,9DXetvgVosg
30,6,4.0,0.08695652173913043,0,0,0,False,0.03333333333333333,False,0,1,0.292,0.431,0.278,-0.25,83.32000000000004,False,False,False,False,False,False,False,False,1l1m2NLje0M
74,15,4.0,0.6724137931034483,7,1,0,False,0.02702702702702703,False,0,0,0.163,0.202,0.635,-0.2003,84.9157142857143,False,False,False,False,True,False,True,False,_tSbZyNHPLA
30,6,4.166666666666667,1.0,6,1,0,False,0.03333333333333333,False,0,0,0.0,0.0,1.0,0.0,102.045,False,False,False,False,False,False,False,False,b105wrNLITc
57,11,4.2727272727272725,0.45652173913043476,3,1,0,False,0.017543859649122806,False,0,0,0.0,0.496,0.504,-0.8705,80.30636363636367,False,False,False,False,False,False,True,False,pj7E1ve8bhg
52,10,4.3,0.6666666666666666,4,1,0,False,0.019230769230769232,False,0,0,0.0,0.314,0.686,-0.628,86.70500000000001,False,False,False,False,False,False,True,False,pF6S2mDw9wg
47,11,3.3636363636363638,0.4594594594594595,2,0,0,False,0.0,False,0,0,0.0,0.277,0.723,-0.5904,95.68818181818183,False,False,False,False,False,False,True,False,yX6OPft5bSs
21,5,3.4,1.0,5,1,0,False,0.047619047619047616,False,0,0,0.0,0.54,0.46,-0.69,83.32000000000004,False,False,False,False,False,False,False,False,aD2lP8AyZng
42,8,4.375,0.20588235294117646,0,0,0,False,0.023809523809523808,False,0,0,0.0,0.307,0.693,-0.4767,92.965,False,False,False,False,False,False,False,False,-hQwDiWiZ8k
64,11,4.909090909090909,0.2,0,1,0,False,0.0625,False,0,0,0.0,0.23,0.77,-0.4574,69.78500000000001,False,False,True,False,True,False,False,False,qHgq8g9tST8
50,9,4.666666666666667,0.025,0,0,0,False,0.04,False,0,0,0.0,0.0,1.0,0.0,75.50000000000003,False,False,False,False,False,False,True,False,4lnatT2Xd4A
41,6,6.0,0.4857142857142857,2,1,0,False,0.024390243902439025,False,0,0,0.562,0.0,0.438,0.628,31.545000000000016,False,False,False,False,True,False,True,False,stJHcpFF7jM
49,9,4.555555555555555,0.40540540540540543,2,2,0,True,0.08163265306122448,False,0,0,0.144,0.297,0.559,-0.4436,94.30000000000001,False,False,False,False,False,True,True,False,6ngyD-XVJ1U
56,11,4.181818181818182,0.22727272727272727,0,0,1,False,0.017857142857142856,True,1,0,0.0,0.206,0.794,-0.3818,95.68818181818183,False,False,False,False,False,False,False,False,P2-8ofDOnqw
43,8,4.5,0.65625,4,0,0,False,0.046511627906976744,True,1,0,0.0,0.377,0.623,-0.6408,71.81500000000001,False,False,False,False,False,False,True,False,E3UTWuVGPP8
45,9,4.111111111111111,0.0,0,0,0,False,0.022222222222222223,False,0,1,0.236,0.371,0.393,-0.34,71.81500000000001,False,False,False,False,True,False,True,False,z-GxoO0MEWc
40,9,3.5555555555555554,0.3225806451612903,1,1,0,False,0.025,False,0,0,0.0,0.0,1.0,0.0,94.30000000000001,False,False,False,False,False,False,True,False,yCP9E8KnLlI
35,7,4.142857142857143,0.4444444444444444,2,0,0,False,0.05714285714285714,False,0,0,0.0,0.368,0.632,-0.5423,90.95857142857145,False,False,False,False,False,False,True,False,JtX25I0xshA
55,10,4.6,1.0,10,1,0,False,0.03636363636363636,False,0,0,0.248,0.281,0.47,0.2714,95.165,False,False,True,False,False,False,False,False,VbNfDhD6D-s
47,8,5.0,0.5428571428571428,2,0,0,False,0.10638297872340426,False,0,1,0.208,0.402,0.39,-0.667,54.70142857142861,False,False,False,False,False,False,True,False,cS0mO2_WutA
49,9,4.555555555555555,0.5384615384615384,4,1,0,False,0.04081632653061224,False,0,0,0.0,0.526,0.474,-0.8298,75.50000000000003,False,False,False,False,True,False,False,False,4hSpYIX8ZHA
29,5,5.0,0.08333333333333333,1,0,0,False,0.0,True,1,0,0.0,0.467,0.533,-0.5423,83.32000000000004,False,False,False,False,False,False,False,False,Fs6Nmp5OuD8
61,11,4.636363636363637,0.46938775510204084,3,1,0,False,0.03278688524590164,False,0,0,0.0,0.413,0.587,-0.745,80.30636363636367,False,False,False,False,True,False,False,False,hFF8JJ6nfm0
50,9,4.666666666666667,0.5128205128205128,4,0,0,False,0.04,True,1,0,0.0,0.33,0.67,-0.6037,71.81500000000001,False,False,False,False,False,True,False,False,m9d1UkW5m5c
53,9,5.0,1.0,9,0,0,False,0.03773584905660377,False,0,0,0.144,0.396,0.459,-0.5093,75.50000000000003,False,False,True,False,False,False,False,False,-t3eGnCj08M
44,8,4.625,0.2571428571428571,1,1,0,False,0.045454545454545456,False,0,0,0.0,0.495,0.505,-0.7088,82.39000000000001,False,False,False,False,True,True,False,False,YhAQrYYGGx4
58,10,4.9,0.2708333333333333,1,0,0,False,0.017241379310344827,False,0,0,0.0,0.231,0.769,-0.4019,78.24500000000002,False,False,True,False,True,False,False,False,xaVldUYjkwc
29,6,4.0,0.391304347826087,1,0,0,False,0.034482758620689655,False,0,1,0.341,0.252,0.407,0.2732,49.48000000000002,False,False,False,False,False,False,True,False,x-gfrFRbVs8
69,14,4.0,0.2962962962962963,1,0,0,True,0.028985507246376812,False,0,1,0.0,0.397,0.603,-0.8494,76.50153846153849,False,False,True,False,False,False,False,False,zur0A_RNQ_0
42,8,4.375,0.7037037037037037,4,1,0,False,0.07142857142857142,True,2,0,0.0,0.0,1.0,0.0,114.11500000000001,False,False,False,False,False,False,False,False,DjfDw-jxrqI
25,4,5.5,0.0,0,0,0,False,0.08,False,0,1,0.339,0.5,0.161,-0.25,6.390000000000015,False,False,False,False,True,False,True,False,ojFXAHpbU-E
56,10,4.7,0.5,3,0,0,False,0.017857142857142856,False,0,0,0.0,0.344,0.656,-0.4939,78.24500000000002,False,False,False,False,True,False,False,False,jmZoZ3vm3RE
58,12,3.9166666666666665,0.2391304347826087,0,0,1,False,0.017241379310344827,False,0,0,0.0,0.0,1.0,0.0,88.905,False,False,False,False,False,False,False,False,vXn4F-HGBrk
46,10,3.7,0.3333333333333333,1,1,0,False,0.06521739130434782,True,3,0,0.0,0.0,1.0,0.0,112.08500000000001,False,False,False,False,False,False,True,False,GehZsPEX4GY
86,15,4.8,0.37681159420289856,3,0,0,False,0.023255813953488372,True,1,0,0.0,0.162,0.838,-0.4019,65.72500000000001,False,False,True,False,True,False,False,False,d-WSRBWE8HI
88,16,4.5625,0.5714285714285714,6,0,0,False,0.022727272727272728,True,1,0,0.0,0.153,0.847,-0.4019,67.53000000000003,False,False,True,False,True,False,False,False,jlrvT0M_sA0
58,11,4.363636363636363,0.21739130434782608,2,0,0,False,0.034482758620689655,False,0,1,0.209,0.344,0.447,-0.4084,78.24500000000002,False,False,False,True,True,False,False,False,_FYuDzGAbSA
88,15,4.933333333333334,0.22580645161290322,1,0,0,False,0.09090909090909091,True,1,2,0.242,0.186,0.572,0.3703,54.70142857142861,False,False,False,False,True,False,True,False,oiDtiCI6c7g
85,18,3.7777777777777777,0.3333333333333333,1,0,0,True,0.08235294117647059,True,1,1,0.0,0.196,0.804,-0.5261,98.25250000000001,False,False,False,False,False,True,True,False,_UDMYK4NTeY
80,19,3.263157894736842,0.5918367346938775,7,1,0,False,0.1125,True,1,2,0.0,0.406,0.594,-0.9123,103.3425,False,False,False,False,False,False,True,False,on7UNfpc4L8
70,17,3.176470588235294,0.358974358974359,2,2,0,False,0.11428571428571428,True,4,0,0.212,0.0,0.788,0.6505,95.73000000000002,False,False,False,False,False,False,False,True,6DRLPMNC7LM
36,6,5.166666666666667,1.0,5,0,0,False,0.05555555555555555,True,1,0,0.0,0.37,0.63,-0.4466,83.32000000000004,False,False,False,False,False,False,False,False,-n0pdaa6GM4
73,15,3.933333333333333,0.7045454545454546,5,0,0,False,0.1232876712328767,True,3,3,0.177,0.0,0.823,0.5106,101.27068181818181,False,False,False,False,False,False,True,False,Iko7P3P4FsY
42,7,5.142857142857143,0.2,1,3,0,False,0.16666666666666666,True,1,0,0.0,0.0,1.0,0.0,87.94500000000002,False,False,False,False,False,False,True,True,jhXhrPa6bBA
54,11,4.0,0.45454545454545453,2,0,0,True,0.12962962962962962,True,1,1,0.211,0.219,0.57,-0.0343,108.26750000000001,False,False,False,False,False,False,True,False,KediKGAZhfk
55,13,3.3076923076923075,0.5151515151515151,3,0,1,False,0.10909090909090909,True,1,0,0.0,0.0,1.0,0.0,103.625,False,False,False,False,False,False,True,False,UodCkZU37qM
85,13,5.615384615384615,0.3870967741935484,3,0,0,True,0.08235294117647059,True,1,0,0.132,0.296,0.573,-0.434,55.12522727272727,False,False,False,False,False,False,True,False,FoYybFOjWso
65,12,4.5,0.3953488372093023,2,0,0,True,0.1076923076923077,True,1,0,0.0,0.0,1.0,0.0,89.46750000000003,False,False,False,False,True,False,True,False,ZUCpN33jaMM
87,13,5.538461538461538,0.23809523809523808,1,0,0,False,0.05747126436781609,True,1,1,0.152,0.327,0.521,-0.5719,87.94500000000002,False,False,False,False,False,False,False,False,HmBLk0_DXAg
98,19,4.2105263157894735,0.39705882352941174,3,0,0,False,0.08163265306122448,True,1,3,0.104,0.218,0.679,-0.4939,78.87285714285717,False,False,False,False,False,True,True,False,seMWpKudb3A
28,6,3.8333333333333335,0.4,1,0,0,False,0.07142857142857142,True,2,0,0.0,0.0,1.0,0.0,100.24000000000002,True,False,False,False,False,False,True,False,mRnLDYBFXsk
71,15,3.8,0.2916666666666667,1,0,0,False,0.07042253521126761,True,1,2,0.124,0.15,0.726,-0.1396,81.85500000000002,False,False,False,True,False,False,True,False,HpMU02nB7T4
85,13,5.615384615384615,0.25806451612903225,0,0,0,False,0.08235294117647059,True,1,0,0.0,0.0,1.0,0.0,73.84500000000001,False,False,False,False,False,False,False,False,jhqUTpZedWs
51,10,4.2,0.3333333333333333,1,0,0,True,0.09803921568627451,True,1,0,0.0,0.237,0.763,-0.4215,89.46750000000003,False,False,False,False,False,False,True,False,yaIJyCzBhpo
25,6,3.3333333333333335,1.0,4,0,0,False,0.08,True,2,0,0.0,0.0,1.0,0.0,117.16000000000003,False,False,False,False,False,False,True,False,ZIx2dHjZP_Q
79,14,4.714285714285714,0.23636363636363636,1,0,0,True,0.06329113924050633,True,2,1,0.27,0.0,0.73,0.5859,81.85500000000002,False,False,True,False,True,True,True,False,JXhfqXFum2Q
65,10,5.6,0.3695652173913043,2,0,0,False,0.09230769230769231,True,1,2,0.217,0.266,0.517,0.0173,50.66500000000002,False,False,False,False,True,False,False,False,1hPcUybOH1s
78,17,3.6470588235294117,0.5,6,0,0,False,0.07692307692307693,True,1,0,0.116,0.0,0.884,0.2732,96.11442307692309,False,False,True,False,False,False,True,False,GzEpWldvMYY
33,6,4.5,1.0,5,0,0,False,0.12121212121212122,True,1,1,0.0,0.0,1.0,0.0,83.32000000000004,False,False,False,False,False,False,False,True,ybNx2QTmoS8
55,9,5.222222222222222,0.43243243243243246,2,0,0,False,0.10909090909090909,True,1,1,0.0,0.0,1.0,0.0,66.7871428571429,False,False,False,False,False,False,True,False,UDFN27pyyHM
31,6,4.333333333333333,1.0,5,0,0,False,0.06451612903225806,True,1,0,0.0,0.0,1.0,0.0,83.32000000000004,False,False,False,False,False,False,False,False,M0OAsMBx_0Y
32,6,4.5,1.0,5,0,0,False,0.0625,True,1,0,0.0,0.0,1.0,0.0,66.40000000000003,False,False,False,False,False,False,False,False,d7mnMXEvcF8
83,12,5.916666666666667,0.23333333333333334,1,0,0,False,0.08433734939759036,True,1,0,0.0,0.0,1.0,0.0,62.81613636363636,False,False,False,False,False,False,True,False,d_lZ82C2X6k
29,5,5.0,0.5,1,2,0,True,0.3103448275862069,True,1,1,0.309,0.0,0.691,0.555,119.19000000000003,False,False,False,False,False,False,False,False,tVdnQaHmTVo
78,14,4.571428571428571,0.21428571428571427,1,0,0,False,0.05128205128205128,True,1,0,0.236,0.0,0.764,0.4019,66.79500000000002,False,False,True,True,True,False,False,False,ftGDrseUhvU
32,6,4.5,1.0,4,0,0,False,0.09375,True,1,0,0.0,0.0,1.0,0.0,100.24000000000002,False,False,False,False,False,False,False,False,LyoB-nsdxrg
80,16,4.0625,0.37037037037037035,2,1,0,False,0.0875,True,1,0,0.0,0.0,1.0,0.0,89.51692307692309,False,False,False,False,True,False,True,False,OzrXHmGuHBw
58,12,3.9166666666666665,0.3076923076923077,1,0,0,False,0.06896551724137931,True,1,0,0.0,0.0,1.0,0.0,103.625,False,True,False,False,False,False,False,False,4CDE8eQPMNg
71,14,4.142857142857143,0.34615384615384615,2,0,0,False,0.028169014084507043,True,1,0,0.0,0.109,0.891,-0.1513,50.470769230769264,False,False,False,False,True,False,True,False,ibwWB6Wg4lk
25,6,3.3333333333333335,1.0,4,0,0,False,0.08,True,2,0,0.0,0.0,1.0,0.0,117.16000000000003,False,False,False,False,False,False,True,False,i1KacFJSdiQ
31,6,4.333333333333333,0.5882352941176471,2,0,0,False,0.16129032258064516,True,1,0,0.0,0.0,1.0,0.0,117.16000000000003,False,False,False,False,False,False,False,False,0bGo8bVUMTQ
73,13,4.6923076923076925,0.21153846153846154,1,0,0,False,0.0684931506849315,True,1,0,0.0,0.0,1.0,0.0,72.61545454545457,False,False,False,False,False,False,False,False,HyIXKP6nmYY
73,14,4.285714285714286,0.27450980392156865,1,0,0,False,0.0684931506849315,True,1,1,0.0,0.254,0.746,-0.5829,62.81613636363636,False,False,False,True,False,False,True,False,2aIRjm1OMzs
100,19,4.2631578947368425,0.28169014084507044,2,0,0,False,0.06,True,1,1,0.0,0.382,0.618,-0.8359,99.00000000000001,False,False,False,True,False,False,True,False,XiUHrf3V-aA
77,14,4.571428571428571,0.25925925925925924,1,0,0,False,0.05194805194805195,True,2,0,0.174,0.195,0.632,-0.1027,66.79500000000002,True,False,False,False,False,False,True,False,A81oF2xVUUo
76,14,4.5,0.27450980392156865,1,2,0,False,0.10526315789473684,True,1,0,0.0,0.0,1.0,0.0,76.50153846153849,False,False,False,False,False,False,True,False,h9lA54IOXHA
59,9,5.666666666666667,0.2619047619047619,1,0,0,False,0.0847457627118644,True,1,1,0.236,0.315,0.449,-0.1027,54.72500000000002,False,False,False,False,False,False,True,False,xISWzpYK8Wc
74,12,5.25,0.5,4,0,0,True,0.0945945945945946,True,1,1,0.201,0.145,0.654,0.296,66.40000000000003,False,False,False,False,False,False,True,False,G6mtxtJTPFU
47,8,5.0,0.16666666666666666,1,0,0,False,0.1276595744680851,True,1,0,0.0,0.149,0.851,-0.0572,103.54,False,False,False,False,False,False,False,False,6G9LipCSWmE
42,7,5.142857142857143,0.3,1,0,0,False,0.047619047619047616,True,1,0,0.0,0.0,1.0,0.0,59.745000000000005,False,False,False,False,False,False,True,False,SaufHYjOXng
69,11,5.363636363636363,0.375,3,1,0,False,0.10144927536231885,True,1,2,0.0,0.0,1.0,0.0,61.24000000000001,False,False,False,False,False,True,False,False,IUMUP7I2Wv8
60,10,5.1,0.2564102564102564,1,0,0,False,0.1,True,2,1,0.301,0.0,0.699,0.6486,75.87500000000001,False,False,False,False,False,True,False,False,umc94eFhQj8
57,9,5.444444444444445,0.24390243902439024,1,0,0,False,0.07017543859649122,True,1,0,0.0,0.279,0.721,-0.4767,58.25392857142859,False,False,False,False,False,False,True,False,wRILjMtIGpk
94,17,4.588235294117647,0.22727272727272727,1,0,0,False,0.0851063829787234,True,1,0,0.11,0.0,0.89,0.2732,76.59134615384617,False,False,True,False,False,True,False,False,lqjpuiFnN0I
70,13,4.461538461538462,0.30612244897959184,0,0,0,False,0.07142857142857142,True,1,0,0.0,0.0,1.0,0.0,102.53230769230771,False,False,False,False,False,False,True,False,36dx1RpJ6eQ
96,17,4.705882352941177,0.3188405797101449,3,0,0,False,0.07291666666666667,True,1,1,0.0,0.101,0.899,-0.2263,75.19833333333334,False,False,False,False,False,False,True,False,AG5MRX4yIzM
37,9,3.2222222222222223,1.0,5,0,0,False,0.13513513513513514,True,1,2,0.194,0.273,0.533,-0.1633,100.24000000000002,False,False,False,False,False,False,False,False,nGP5sRHbafc
29,6,3.6666666666666665,0.09523809523809523,0,0,0,False,0.034482758620689655,False,0,1,0.302,0.0,0.698,0.3818,100.24000000000002,False,False,False,False,False,False,False,False,IeRsWo7MPkI
21,5,3.2,0.0625,0,0,0,False,0.0,False,0,0,0.0,0.0,1.0,0.0,83.32000000000004,False,False,False,False,False,False,False,False,Iu_ZKsCeK94
35,6,4.833333333333333,0.06896551724137931,0,0,0,False,0.0,False,0,0,0.0,0.0,1.0,0.0,73.84500000000001,False,False,False,False,False,False,False,False,mb314m-cMeY
40,7,4.714285714285714,0.030303030303030304,0,0,0,False,0.0,False,0,0,0.0,0.0,1.0,0.0,66.7871428571429,False,False,False,False,False,False,False,False,xXMqaKw9OFg
33,6,4.666666666666667,0.15384615384615385,0,0,0,False,0.06060606060606061,False,0,1,0.0,0.0,1.0,0.0,32.56000000000003,False,False,False,False,False,False,False,False,CVsD5FW8UMY
38,7,4.428571428571429,0.03225806451612903,0,0,0,False,0.0,False,0,0,0.0,0.0,1.0,0.0,103.04428571428575,False,False,False,False,False,False,False,False,Ub1xr7dBqmc
33,7,3.7142857142857144,0.23076923076923078,0,0,0,False,0.0,False,0,0,0.0,0.0,1.0,0.0,78.87285714285717,False,False,False,False,False,False,False,False,eR7asAV-SV4
38,7,4.428571428571429,0.06451612903225806,0,0,0,False,0.0,False,0,0,0.0,0.0,1.0,0.0,66.7871428571429,False,False,False,False,False,False,False,False,pWNmHgnImew
14,2,6.5,0.07692307692307693,0,0,0,False,0.0,False,0,0,0.0,0.0,1.0,0.0,-6.694999999999993,False,False,False,False,True,False,False,False,gtqkR5oYs0g
39,8,3.875,0.03225806451612903,0,0,0,False,0.0,False,0,0,0.0,0.0,1.0,0.0,71.81500000000001,False,False,False,False,False,False,False,False,a-I_-Y89tw0
46,8,4.75,0.02631578947368421,0,0,0,False,0.0,False,0,0,0.0,0.0,1.0,0.0,71.81500000000001,False,False,False,False,False,False,False,False,dPL-dBey3jU
14,3,3.6666666666666665,0.1,0,0,0,False,0.07142857142857142,False,0,1,0.0,0.0,1.0,0.0,120.20500000000001,False,False,False,False,False,True,False,False,OJ5GQspndtE
29,6,3.8333333333333335,0.043478260869565216,0,0,0,False,0.0,False,0,0,0.0,0.0,1.0,0.0,116.14500000000001,False,False,False,False,False,False,False,False,LsgIsEhnS7A
29,6,3.8333333333333335,0.043478260869565216,0,0,0,False,0.0,False,0,0,0.0,0.0,1.0,0.0,116.14500000000001,False,False,False,False,False,False,False,False,jtt2QW4oe44
22,4,4.5,0.05555555555555555,0,0,0,False,0.0,False,0,0,0.0,0.0,1.0,0.0,118.17500000000001,False,False,False,False,False,False,False,False,H-QE2gQ1hcY
21,4,4.25,0.17647058823529413,0,0,0,False,0.0,False,0,0,0.0,0.0,1.0,0.0,97.025,False,False,False,False,False,False,False,False,PNZl-2Cby8U
17,4,3.25,0.07692307692307693,0,0,0,False,0.0,False,0,0,0.0,0.0,1.0,0.0,97.025,False,False,False,False,False,False,False,False,3UbZGvqVwCQ
18,4,3.5,0.0,0,0,0,False,0.0,False,0,0,0.0,0.0,1.0,0.0,118.17500000000001,False,False,False,False,False,False,False,False,j0WixEBs-oA
29,7,3.142857142857143,0.09090909090909091,0,0,0,False,0.0,False,0,0,0.0,0.0,1.0,0.0,90.95857142857145,False,False,False,False,False,False,False,False,f8Q9qSwHEg8
46,9,4.111111111111111,0.10810810810810811,0,0,0,False,0.0,False,0,0,0.0,0.0,1.0,0.0,84.90000000000003,False,False,False,False,False,False,False,False,yyaCzCGn5J4
21,4,4.25,0.058823529411764705,0,0,0,False,0.0,False,0,0,0.0,0.0,1.0,0.0,97.025,False,False,False,False,False,False,False,False,dBP02d4Raks
22,4,4.5,0.05555555555555555,0,0,0,False,0.0,False,0,0,0.0,0.0,1.0,0.0,97.025,False,False,False,False,False,False,False,False,z3C17y_-_aM
38,5,6.6,0.15151515151515152,0,0,0,False,0.0,False,0,0,0.452,0.0,0.548,0.5106,32.56000000000003,False,False,False,False,False,False,False,False,mBJsBTYqHJM
26,5,4.4,0.045454545454545456,0,0,0,False,0.0,False,0,0,0.0,0.0,1.0,0.0,83.32000000000004,False,False,False,False,False,True,True,False,q2MVr1Yauuw
20,5,3.0,0.06666666666666667,0,0,0,False,0.0,False,0,0,0.0,0.0,1.0,0.0,100.24000000000002,False,False,False,False,False,False,False,False,NUiBRsRmaXc
46,8,4.875,0.02564102564102564,0,0,0,False,0.0,False,0,0,0.545,0.0,0.455,0.802,61.24000000000001,False,False,False,False,False,True,True,False,Na2YV47MK08
25,4,5.25,0.047619047619047616,0,0,0,False,0.0,False,0,0,0.0,0.0,1.0,0.0,75.87500000000001,False,False,False,False,False,False,True,False,m7jsf1DdcKI
40,7,4.857142857142857,0.03125,0,0,0,False,0.05,False,0,1,0.0,0.0,1.0,0.0,59.745000000000005,False,False,False,False,False,False,False,False,49JXjCkAdkc
26,6,3.3333333333333335,0.05,0,0,0,False,0.0,False,0,0,0.0,0.0,1.0,0.0,102.045,False,False,False,False,False,False,False,False,62TZqdYo8os
51,10,4.1,0.04878048780487805,0,0,0,False,0.0,False,0,0,0.0,0.28,0.72,-0.5423,86.70500000000001,False,False,False,False,False,False,False,False,CfPHgzC6WzI
19,4,3.75,0.06666666666666667,0,0,0,False,0.0,False,0,0,0.0,0.0,1.0,0.0,75.87500000000001,False,False,False,False,False,False,False,False,W4lVHH03n0Y
34,7,4.0,0.03571428571428571,0,0,0,False,0.0,False,0,0,0.0,0.0,1.0,0.0,78.87285714285717,False,False,False,False,False,False,True,False,JMFDNb5G5mc
46,8,4.75,0.10526315789473684,0,0,0,False,0.0,False,0,0,0.0,0.0,1.0,0.0,82.39000000000001,False,False,False,False,False,False,False,False,uq-nqUAg-HM
37,6,5.166666666666667,0.03225806451612903,0,0,0,False,0.0,False,0,0,0.0,0.0,1.0,0.0,59.745000000000005,False,False,False,False,False,False,False,False,V_IlMOYN4Qg
35,5,6.0,0.13793103448275862,0,0,0,False,0.02857142857142857,False,0,0,0.0,0.0,1.0,0.0,49.48000000000002,False,False,False,False,False,False,False,False,ZP-T_ueZh-g
25,5,4.0,0.05,0,0,0,False,0.0,False,0,0,0.0,0.0,1.0,0.0,100.24000000000002,False,False,False,False,False,False,False,False,bR7KWG_fw78
34,7,3.857142857142857,0.037037037037037035,0,0,0,False,0.0,False,0,0,0.0,0.0,1.0,0.0,78.87285714285717,False,False,False,False,False,False,False,False,uiqwl_3venA
23,5,3.6,0.05555555555555555,0,0,0,False,0.0,False,0,0,0.0,0.0,1.0,0.0,117.16000000000003,False,False,False,False,False,False,False,False,7R_oU_eGLPk
36,6,5.0,0.03333333333333333,0,0,0,False,0.0,False,0,0,0.0,0.0,1.0,0.0,45.64500000000001,False,False,False,True,False,False,False,False,LnD-gbCK9tA
50,9,4.555555555555555,0.024390243902439025,0,0,0,False,0.0,False,0,0,0.0,0.0,1.0,0.0,66.10000000000002,False,False,False,False,False,False,True,False,k4essySEql8
43,8,4.5,0.027777777777777776,0,0,0,False,0.0,False,0,0,0.0,0.0,1.0,0.0,82.39000000000001,False,False,False,False,False,False,False,False,QHtWMUptCh8
57,8,6.125,0.02127659574468085,0,0,0,False,0.03508771929824561,False,0,0,0.0,0.0,1.0,0.0,50.66500000000002,False,False,False,False,False,False,False,False,FhkkCdS5USU
39,8,3.875,0.03225806451612903,0,0,0,False,0.0,False,0,0,0.0,0.0,1.0,0.0,71.81500000000001,False,False,False,False,False,False,False,False,sTSD0zdXDVU
58,12,3.9166666666666665,0.08108108108108109,0,0,0,False,0.034482758620689655,True,3,0,0.0,0.0,1.0,0.0,64.9245454545455,False,False,False,False,False,False,False,False,Cp69T119lFo
35,6,4.833333333333333,0.0,0,0,0,False,0.0,False,0,0,0.0,0.0,1.0,0.0,45.64500000000001,False,False,False,False,False,False,False,False,eeq0sPQkxMU
43,8,4.375,0.02857142857142857,0,0,0,False,0.0,False,0,0,0.0,0.0,1.0,0.0,71.81500000000001,False,False,False,False,False,False,True,False,dP1Mwdp5RQY
35,6,4.833333333333333,0.14285714285714285,0,0,0,False,0.02857142857142857,False,0,0,0.0,0.0,1.0,0.0,73.84500000000001,False,False,False,False,False,False,False,False,xomnN68Vgvs
38,6,5.333333333333333,0.03125,0,0,0,False,0.0,False,0,0,0.0,0.0,1.0,0.0,73.84500000000001,False,False,False,False,False,False,False,False,ehdKyJLPzZQ
29,6,3.8333333333333335,0.043478260869565216,0,0,0,False,0.0,False,0,0,0.0,0.0,1.0,0.0,116.14500000000001,False,False,False,False,False,False,False,False,_qlThL5S6wc
37,7,4.285714285714286,0.03333333333333333,0,0,0,False,0.0,False,0,0,0.0,0.0,1.0,0.0,78.87285714285717,False,False,False,False,False,False,False,False,lg36B80qKgM
98,14,6.0,0.0,0,0,0,False,0.2857142857142857,False,0,0,0.0,0.0,1.0,0.0,81.85500000000002,False,False,False,False,False,False,False,False,PIsfIugx0u8
91,14,5.5,0.0,0,0,0,False,0.31868131868131866,False,0,0,0.0,0.0,1.0,0.0,110.055,False,False,False,False,False,False,False,False,ZKOfUljbEKU
99,16,5.25,0.0,0,0,0,False,0.2828282828282828,False,0,0,0.0,0.0,1.0,0.0,90.13250000000001,False,False,False,False,False,False,False,False,P48mq8a25Gk
98,14,6.0,0.0,0,0,0,False,0.22448979591836735,False,0,0,0.0,0.0,1.0,0.0,53.639285714285734,False,False,False,False,True,False,False,False,fS-Mo0c7mTw
100,16,5.3125,0.0,0,0,0,False,0.26,False,0,0,0.0,0.0,1.0,0.0,90.13250000000001,False,False,False,False,False,False,False,False,uCKAB2OSLhQ
100,15,5.733333333333333,0.0,0,0,0,False,0.34,False,0,0,0.0,0.0,1.0,0.0,96.02461538461542,False,False,False,False,False,False,False,False,7XgfhKhP6Y8
100,13,6.769230769230769,0.017241379310344827,0,0,0,False,0.3,False,0,0,0.0,0.0,1.0,0.0,76.50153846153849,False,False,False,False,False,False,False,False,wUd8UeP3zfw
100,16,5.25,0.0,0,0,0,False,0.31,False,0,0,0.123,0.0,0.877,0.2732,101.37000000000002,False,False,True,False,False,False,False,False,8p3cLxArmpY
96,16,5.0625,0.02040816326530612,0,0,0,False,0.3333333333333333,False,0,0,0.0,0.0,1.0,0.0,95.73000000000002,False,False,False,False,False,False,False,False,fk3_DYJjgkc
97,10,8.8,0.0,0,0,0,False,0.4020618556701031,False,0,0,0.0,0.0,1.0,0.0,112.08500000000001,False,False,False,False,False,False,False,False,dR_PlFjS-iA
99,14,6.071428571428571,0.0,0,0,0,False,0.29292929292929293,False,0,1,0.0,0.0,1.0,0.0,76.50153846153849,False,False,False,False,False,False,False,False,YSIVsS5otZA
100,15,5.733333333333333,0.02666666666666667,0,0,0,False,0.11,False,0,0,0.29,0.0,0.71,0.6486,47.59642857142859,False,False,False,False,False,False,False,False,ccpniqTLaRs
97,14,5.928571428571429,0.02,0,0,0,False,0.3402061855670103,False,0,0,0.0,0.0,1.0,0.0,95.93928571428573,False,False,False,False,False,False,False,False,1SqK7dFUI2s
94,17,4.588235294117647,0.0,0,0,0,False,0.20212765957446807,False,0,0,0.144,0.0,0.856,0.4019,84.845,False,False,False,False,False,False,False,False,eZQbSmGzyyU
99,16,5.1875,0.019230769230769232,0,0,0,False,0.31313131313131315,False,0,0,0.18,0.0,0.82,0.5106,105.995,False,False,False,False,False,False,False,False,v0aJc2EcHIU
100,15,5.733333333333333,0.016129032258064516,0,0,0,False,0.24,False,0,1,0.286,0.0,0.714,0.6808,61.890000000000015,False,False,False,False,True,False,False,False,uG6Oj1P8hyA
99,15,5.6,0.038461538461538464,0,0,0,False,0.32323232323232326,False,0,0,0.162,0.0,0.838,0.4019,109.04000000000002,False,False,False,False,False,False,False,False,3JiMQIVug9I
100,18,4.611111111111111,0.014705882352941176,0,0,0,False,0.14,True,1,0,0.137,0.0,0.863,0.4019,37.25750000000002,False,False,False,False,True,False,True,False,-cgXJHZbvaI
99,13,6.6923076923076925,0.01818181818181818,0,0,0,False,0.32323232323232326,False,0,0,0.0,0.0,1.0,0.0,96.02461538461542,False,False,False,False,False,False,False,False,qVpbopjeBKc
97,14,6.0,0.0,0,0,0,False,0.38144329896907214,False,0,0,0.0,0.0,1.0,0.0,101.98214285714286,False,False,False,False,False,False,False,False,gbDDyYTugKo
98,14,6.071428571428571,0.020833333333333332,0,0,0,False,0.37755102040816324,False,0,0,0.0,0.0,1.0,0.0,101.98214285714286,False,False,False,False,False,False,False,False,U1x_YAYYm24
100,11,8.181818181818182,0.03076923076923077,0,0,0,False,0.25,False,0,0,0.0,0.0,1.0,0.0,49.54272727272729,False,False,False,True,False,False,False,False,c9Hm8fdfp2I
100,10,9.1,0.0,0,0,0,False,0.36,False,0,1,0.106,0.0,0.894,0.0772,86.70500000000001,False,False,False,False,True,False,False,False,jC4p3smDN90
100,14,6.214285714285714,0.0,0,0,0,False,0.34,False,0,0,0.0,0.0,1.0,0.0,89.89642857142859,False,False,False,False,True,False,False,False,lNR9G-qY074
100,12,7.416666666666667,0.015384615384615385,0,0,0,False,0.24,False,0,0,0.0,0.0,1.0,0.0,67.75500000000001,False,False,False,False,False,False,False,False,smJ_XZdjrEo
98,15,5.533333333333333,0.012345679012345678,0,0,0,False,0.02040816326530612,False,0,0,0.293,0.0,0.707,0.6597,29.467857142857156,False,False,False,True,True,False,True,False,mXe2y2q6s4E
100,11,8.090909090909092,0.0,0,0,0,False,0.17,False,0,0,0.213,0.0,0.787,0.4019,64.9245454545455,False,False,False,False,False,False,False,False,vAwtB7G_f_U
100,12,7.416666666666667,0.01818181818181818,0,0,0,False,0.34,False,0,0,0.0,0.0,1.0,0.0,95.955,False,False,False,False,False,False,False,False,kPKJRlw5TzA
100,13,6.6923076923076925,0.0,0,0,0,False,0.28,False,0,0,0.178,0.0,0.822,0.3818,56.97846153846157,False,False,False,False,True,False,False,False,E9Q7iK6wVfA
56,9,5.222222222222222,0.022222222222222223,0,0,0,False,0.03571428571428571,False,0,0,0.0,0.0,1.0,0.0,-2.2099999999999795,False,False,False,False,True,False,False,False,ayulkQmyFgo
100,18,4.611111111111111,0.03225806451612903,0,0,0,False,0.18,True,1,0,0.0,0.0,1.0,0.0,68.9825,False,False,False,False,False,False,False,False,zqvRn6pmGOk
100,12,7.416666666666667,0.0,0,0,0,False,0.41,False,0,0,0.0,0.0,1.0,0.0,110.055,False,False,False,False,False,False,False,False,LOWP5I7JVf0
98,13,6.615384615384615,0.0,0,0,0,False,0.21428571428571427,False,0,0,0.0,0.0,1.0,0.0,69.99384615384618,False,False,False,False,False,False,False,False,wAEnURTzlKw
97,15,5.466666666666667,0.05,0,0,0,False,0.2268041237113402,False,0,0,0.0,0.0,1.0,0.0,77.81071428571428,False,False,False,False,False,False,False,False,NPdZ92eljU4
99,14,6.142857142857143,0.08333333333333333,0,0,0,False,0.26262626262626265,False,0,0,0.0,0.0,1.0,0.0,95.93928571428573,False,False,False,False,False,False,False,False,LRgzYbqbATc
99,16,5.25,0.025974025974025976,0,0,0,False,0.04040404040404041,True,2,0,0.0,0.0,1.0,0.0,63.69500000000001,False,False,False,False,False,False,False,False,xTvyQ0cfXO0
100,13,6.769230769230769,0.0,0,0,0,False,0.37,False,0,1,0.0,0.101,0.899,-0.2263,102.53230769230771,False,False,False,False,False,False,False,False,n9sChdesLIk
100,15,5.733333333333333,0.015625,0,0,0,False,0.22,False,0,0,0.172,0.0,0.828,0.4404,84.45000000000003,False,False,False,False,False,False,False,False,jJwmrhJ4P9k
100,14,6.142857142857143,0.02857142857142857,0,0,0,False,0.16,False,0,0,0.294,0.0,0.706,0.6124,71.76785714285715,False,False,False,False,False,False,False,False,FK27mAb7AVU
99,13,6.6923076923076925,0.0,0,0,0,False,0.13131313131313133,False,0,0,0.0,0.0,1.0,0.0,56.97846153846157,False,False,False,False,False,False,False,False,y8L8Zh3yDVc
97,14,6.0,0.01639344262295082,0,0,0,False,0.23711340206185566,False,0,0,0.0,0.0,1.0,0.0,77.81071428571428,False,False,False,False,False,False,False,False,yTetsqKBZSM
99,16,5.25,0.019230769230769232,0,0,0,False,0.32323232323232326,False,0,0,0.153,0.0,0.847,0.4019,95.73000000000002,False,False,False,False,False,True,False,False,2hysh45Rxd0
98,14,6.071428571428571,0.0,0,0,0,False,0.22448979591836735,False,0,0,0.355,0.0,0.645,0.765,71.76785714285715,False,False,False,False,False,False,False,False,HAFAN2kMDIM
100,12,7.333333333333333,0.0,0,0,0,False,0.33,False,0,0,0.0,0.0,1.0,0.0,103.00500000000001,False,False,False,False,False,False,False,False,qjeJl1hnd5w
100,13,6.6923076923076925,0.0,0,0,0,False,0.31,False,0,0,0.0,0.0,1.0,0.0,89.51692307692309,False,False,False,False,False,False,False,False,fwIJIkERkuY
98,10,8.8,0.0,0,0,0,False,0.32653061224489793,False,0,0,0.0,0.0,1.0,0.0,78.24500000000002,False,False,False,False,False,False,False,False,OpnXmjFuFEI
100,14,6.214285714285714,0.0,0,0,0,False,0.24,False,0,1,0.128,0.232,0.64,-0.3818,77.81071428571428,False,False,False,False,False,False,False,False,YCox4bxHuYA
96,17,4.705882352941177,0.0392156862745098,0,0,0,False,0.3020833333333333,False,0,0,0.0,0.0,1.0,0.0,104.98000000000002,False,False,False,False,False,False,False,False,hREpw9O5fXk
100,16,5.3125,0.016129032258064516,0,0,0,False,0.23,False,0,0,0.0,0.198,0.802,-0.5719,58.4075,False,False,False,False,False,False,False,False,9QXaers2vCo
98,10,8.8,0.011904761904761904,0,0,0,False,0.04081632653061224,False,0,0,0.0,0.0,1.0,0.0,35.94500000000002,False,False,False,False,True,False,False,False,JLf9gyED0BQ
43,8,4.5,0.2,0,0,0,False,0.023255813953488372,False,0,1,0.0,0.0,1.0,0.0,42.61571428571432,False,False,False,False,False,False,False,False,17fhNJMzgGk
44,10,3.5,0.24242424242424243,0,0,0,False,0.045454545454545456,False,0,1,0.0,0.0,1.0,0.0,71.81500000000001,False,False,False,False,False,False,False,False,3MbMiaLDaxo
37,7,4.428571428571429,0.2,0,0,0,False,0.02702702702702703,False,0,1,0.252,0.0,0.748,0.4019,59.745000000000005,False,False,False,False,False,False,False,False,2Ha2RBvED7s
57,10,4.8,0.19148936170212766,0,0,0,False,0.017543859649122806,False,0,1,0.0,0.345,0.655,-0.7003,56.70000000000002,False,False,False,False,False,False,False,False,mO7-DKRkAHw
52,8,5.625,0.13953488372093023,0,0,0,False,0.038461538461538464,False,0,0,0.483,0.0,0.517,0.6808,3.344999999999999,False,False,False,False,False,False,False,False,HtKKF6J5M_0
41,7,5.0,0.17647058823529413,0,0,0,False,0.024390243902439025,False,0,1,0.0,0.0,1.0,0.0,45.64500000000001,False,False,False,False,False,False,False,False,RheKYka2aDs
40,8,4.0,0.22580645161290322,0,0,0,False,0.025,False,0,1,0.0,0.219,0.781,-0.4215,115.13000000000002,False,False,False,False,False,False,False,False,7Yi9AqkPAJI
39,8,4.0,0.22580645161290322,0,0,0,False,0.02564102564102564,False,0,1,0.231,0.0,0.769,0.4588,103.04428571428575,False,False,False,False,False,False,False,False,n-KtqSrNMIc
53,9,4.888888888888889,0.18604651162790697,0,0,0,False,0.018867924528301886,False,0,1,0.0,0.0,1.0,0.0,61.24000000000001,False,False,False,False,False,False,False,False,ra4j5K-UrBk
43,8,4.5,0.20588235294117646,0,1,0,False,0.046511627906976744,False,0,1,0.0,0.404,0.596,-0.7263,66.7871428571429,False,False,False,False,False,False,False,False,nlf3j1_q74I
30,7,3.2857142857142856,0.2727272727272727,0,0,0,False,0.03333333333333333,False,0,1,0.25,0.0,0.75,0.4588,116.14500000000001,False,False,False,False,False,False,False,False,r9KDKUqhTk0
47,10,3.8,0.25,0,1,0,False,0.0425531914893617,False,0,1,0.0,0.356,0.644,-0.7263,103.70000000000002,False,False,False,False,False,False,False,False,UrmXsmC07xQ
46,9,4.222222222222222,0.23529411764705882,0,1,1,False,0.08695652173913043,False,0,1,0.0,0.212,0.788,-0.4003,71.81500000000001,False,False,False,False,False,False,False,False,-x0ovphlajo
33,6,4.666666666666667,0.18518518518518517,0,0,0,False,0.030303030303030304,False,0,1,0.273,0.0,0.727,0.4588,66.40000000000003,False,False,False,False,False,False,False,False,0XdAWUgOVB4
33,7,3.857142857142857,0.23076923076923078,0,0,0,False,0.030303030303030304,False,0,1,0.0,0.0,1.0,0.0,73.84500000000001,False,False,False,False,False,False,False,False,nZ0O2SddzDA
46,8,4.875,0.1891891891891892,0,1,0,False,0.043478260869565216,False,0,1,0.0,0.0,1.0,0.0,78.87285714285717,False,False,False,False,False,False,False,False,YxvfqJ6pHuk
46,9,4.222222222222222,0.027777777777777776,0,0,0,False,0.043478260869565216,False,0,2,0.0,0.464,0.536,-0.8316,78.87285714285717,False,False,False,True,False,True,False,False,sConxaUuasc
49,11,3.5454545454545454,0.21621621621621623,0,1,0,False,0.04081632653061224,False,0,1,0.0,0.337,0.663,-0.7263,103.625,False,False,False,False,False,False,False,False,7HqAPqDfwsc
32,7,3.7142857142857144,0.24,0,0,0,False,0.03125,False,0,1,0.25,0.0,0.75,0.4588,73.84500000000001,False,False,False,False,False,False,False,False,3RYhfpUCuu0
35,7,4.142857142857143,0.21428571428571427,0,0,0,False,0.02857142857142857,False,0,1,0.0,0.42,0.58,-0.7003,102.045,False,False,False,False,False,False,False,False,oNsCndeCs6c
39,9,3.3333333333333335,0.27586206896551724,0,0,0,False,0.02564102564102564,False,0,1,0.0,0.367,0.633,-0.7003,103.54,False,False,False,False,False,False,False,False,bvI8e7hU5mk
41,8,4.25,0.21875,0,0,1,False,0.04878048780487805,False,0,1,0.231,0.0,0.769,0.4588,66.7871428571429,False,False,False,False,False,False,False,False,1t_7WAqAzfw
38,7,4.571428571428571,0.2,0,0,0,False,0.05263157894736842,False,0,1,0.408,0.0,0.592,0.7351,59.745000000000005,False,False,False,False,False,False,False,False,1I3zji_55EI
61,12,4.166666666666667,0.2127659574468085,0,1,0,False,0.04918032786885246,False,0,1,0.184,0.158,0.658,0.1007,66.40000000000003,False,False,False,False,False,False,False,False,TnmB1tmBMuk
41,8,4.25,0.21212121212121213,0,0,0,False,0.024390243902439025,False,0,1,0.0,0.0,1.0,0.0,66.7871428571429,False,False,False,False,False,False,False,False,sDZp1PJYoKQ
45,9,4.111111111111111,0.20588235294117646,0,0,0,False,0.06666666666666667,False,0,1,0.183,0.146,0.671,0.1531,66.7871428571429,False,False,False,False,False,False,False,False,1-WSePPDWwU
53,10,4.4,0.1951219512195122,0,1,0,False,0.05660377358490566,False,0,1,0.235,0.177,0.589,0.2003,33.57500000000002,False,False,False,False,False,False,False,False,0tJ0GjvVyXI
37,7,4.428571428571429,0.2,0,0,0,False,0.02702702702702703,False,0,1,0.0,0.42,0.58,-0.7003,59.745000000000005,False,False,False,False,False,False,False,False,IHZybq4KMOk
49,10,4.0,0.19444444444444445,0,0,0,False,0.08163265306122448,False,0,2,0.19,0.297,0.513,-0.4767,54.70142857142861,False,False,True,True,False,False,False,False,kiM__l4ETis
51,11,3.727272727272727,0.25,0,0,0,False,0.0196078431372549,False,0,1,0.0,0.326,0.674,-0.7003,69.78500000000001,False,False,False,False,False,False,False,False,UCgfAtrV2_8
35,8,3.5,0.25925925925925924,0,0,0,False,0.02857142857142857,False,0,1,0.231,0.0,0.769,0.4588,78.87285714285717,False,False,False,False,False,False,False,False,D3nye6s78w4
45,8,4.75,0.16216216216216217,0,0,0,False,0.022222222222222223,False,0,1,0.104,0.377,0.519,-0.6369,30.53000000000003,False,False,False,True,True,False,False,False,1nMFcLvsOQw
49,9,4.555555555555555,0.18421052631578946,0,1,0,False,0.061224489795918366,False,0,1,0.382,0.0,0.618,0.7345,54.70142857142861,False,False,False,False,False,False,False,False,fDVY7_qylXw
53,10,4.4,0.21428571428571427,0,1,0,False,0.03773584905660377,False,0,1,0.0,0.356,0.644,-0.7263,94.30000000000001,False,False,False,False,False,False,False,False,acSl32FXdUs
45,11,3.1818181818181817,0.25,0,0,0,False,0.06666666666666667,False,0,2,0.412,0.0,0.588,0.8126,103.54,False,False,False,False,False,False,False,False,CBCjQ7b-YUQ
33,6,4.666666666666667,0.18518518518518517,0,0,0,False,0.030303030303030304,False,0,1,0.0,0.583,0.417,-0.8126,66.40000000000003,False,False,False,False,False,False,False,False,_WEJnkYIAdY
44,7,5.428571428571429,0.16666666666666666,0,1,0,False,0.045454545454545456,False,0,1,0.109,0.415,0.476,-0.6696,48.690000000000026,False,False,False,True,False,False,False,False,35S63oszdwM
33,6,4.666666666666667,0.19230769230769232,0,0,0,False,0.06060606060606061,False,0,1,0.0,0.255,0.745,-0.34,66.40000000000003,False,False,False,False,False,False,False,False,CX9fEROPpTw
32,6,4.5,0.2,0,0,0,False,0.0625,False,0,1,0.231,0.0,0.769,0.4588,83.32000000000004,False,False,False,False,False,False,False,False,Fujo1qOzarQ
33,7,3.857142857142857,0.23076923076923078,0,0,0,False,0.030303030303030304,False,0,1,0.0,0.0,1.0,0.0,73.84500000000001,False,False,False,False,True,False,False,False,_XSHYs8UA3w
41,9,3.6666666666666665,0.21875,0,0,0,False,0.024390243902439025,False,0,0,0.0,0.292,0.708,-0.5106,84.90000000000003,False,False,False,False,False,False,False,False,lpbDwMC4DV4
29,7,3.2857142857142856,0.2727272727272727,0,0,0,False,0.034482758620689655,False,0,1,0.0,0.42,0.58,-0.7003,116.14500000000001,False,False,False,False,False,False,False,False,DdkD8taiDr0
23,5,3.8,0.2777777777777778,0,0,0,False,0.043478260869565216,False,0,1,0.259,0.0,0.741,0.4215,117.16000000000003,False,False,False,False,False,False,False,False,ZZ4W_6MorSQ
58,11,4.363636363636363,0.1956521739130435,0,1,0,False,0.034482758620689655,False,0,1,0.141,0.306,0.553,-0.5093,86.70500000000001,False,False,False,False,True,False,True,False,m6B7us_DyYQ
38,8,3.875,0.23333333333333334,0,0,0,False,0.02631578947368421,False,0,1,0.0,0.392,0.608,-0.7003,90.95857142857145,False,False,False,False,False,False,False,False,veJv7oRsHuY
60,11,4.545454545454546,0.20833333333333334,0,0,0,False,0.03333333333333333,False,0,1,0.0,0.0,1.0,0.0,78.24500000000002,False,False,False,False,False,False,False,False,eZnYyCb7pkQ
47,10,3.8,0.24324324324324326,0,0,0,False,0.02127659574468085,False,0,1,0.0,0.174,0.826,-0.2732,84.90000000000003,False,False,False,False,False,False,False,False,XZJ0-xJ6kSA
30,5,5.2,0.2,0,0,0,False,0.03333333333333333,False,0,1,0.259,0.0,0.741,0.4215,83.32000000000004,False,False,False,False,False,False,False,False,mKqaXgGm1AU
50,8,5.375,0.19047619047619047,0,0,0,False,0.02,False,0,1,0.0,0.0,1.0,0.0,61.24000000000001,False,False,False,False,False,False,False,False,XAzB4zbUkIU
57,12,3.8333333333333335,0.25,0,0,0,False,0.03508771929824561,False,0,0,0.0,0.179,0.821,-0.34,95.68818181818183,False,False,False,False,False,False,False,False,Hn2ZlU6Ch7Q
79,15,4.333333333333333,1.0,13,0,0,False,0.012658227848101266,False,0,0,0.0,0.168,0.832,-0.4278,47.59642857142859,False,False,False,False,False,False,False,False,g5XwZpq9PEY
50,11,3.6363636363636362,1.0,9,0,0,False,0.02,False,0,0,0.0,0.0,1.0,0.0,78.24500000000002,False,False,False,False,False,False,True,False,5jIudXyEObQ
57,11,4.2727272727272725,1.0,10,0,0,False,0.017543859649122806,False,0,0,0.33,0.0,0.67,0.7125,86.70500000000001,False,False,False,False,False,False,False,False,_wbwoX3Ygs8
39,8,4.0,1.0,8,0,0,False,0.0,False,0,0,0.0,0.146,0.854,-0.0516,92.965,False,False,False,False,False,False,False,False,sXHzQlH7YuI
47,8,5.0,1.0,7,0,0,False,0.02127659574468085,False,0,0,0.231,0.28,0.489,-0.1531,66.7871428571429,False,False,True,False,False,False,True,False,yqoKROrpcZc
76,14,4.5,1.0,13,0,0,False,0.013157894736842105,False,0,0,0.0,0.0,1.0,0.0,76.50153846153849,False,False,False,False,False,False,True,False,odRnHsSq4xc
33,5,5.8,1.0,5,0,0,False,0.0,False,0,0,0.0,0.0,1.0,0.0,32.56000000000003,False,False,False,False,False,False,False,False,IG2tTpjHbcc
54,11,4.0,1.0,9,0,0,False,0.018518518518518517,True,1,0,0.0,0.0,1.0,0.0,86.70500000000001,False,False,False,False,False,False,False,False,vIkZfVnafh4
36,8,3.625,1.0,7,0,0,False,0.027777777777777776,False,0,0,0.0,0.0,1.0,0.0,78.87285714285717,False,False,False,False,False,False,True,False,IyMVa5Gbs24
95,14,5.857142857142857,1.0,12,0,0,False,0.010526315789473684,False,0,0,0.0,0.0,1.0,0.0,30.947692307692336,False,False,False,False,False,False,False,False,0vqm8cnHhHM
94,20,3.75,1.0,18,0,0,False,0.010638297872340425,True,1,0,0.0,0.0,1.0,0.0,67.32894736842107,False,False,False,False,True,False,True,False,cgN1bYuUy_U
49,10,4.0,1.0,7,0,0,False,0.04081632653061224,True,1,0,0.505,0.0,0.495,0.8468,71.81500000000001,False,False,False,False,False,True,False,False,2jPgXkQeAbg
52,11,3.8181818181818183,1.0,11,0,1,False,0.019230769230769232,False,0,0,0.0,0.0,1.0,0.0,80.30636363636367,False,False,False,False,False,False,False,False,-84H_2fT4uo
88,18,3.9444444444444446,1.0,16,0,0,False,0.011363636363636364,False,0,0,0.153,0.0,0.847,0.4694,70.14470588235295,False,False,False,False,False,False,True,False,c24MaJcCIac
45,7,5.571428571428571,1.0,7,0,0,False,0.0,False,0,0,0.468,0.0,0.532,0.5267,78.87285714285717,False,False,True,False,False,True,False,False,tfUHN2z4gns
13,2,6.0,1.0,2,0,0,False,0.0,False,0,0,1.0,0.0,0.0,0.5267,77.90500000000002,False,False,True,False,False,False,False,False,AlWqGH6VHAI
76,17,3.5294117647058822,1.0,15,0,0,False,0.013157894736842105,True,1,0,0.0,0.421,0.579,-0.9171,90.13250000000001,False,False,False,False,False,False,True,False,ltv1F3Z2T_g
65,11,5.0,1.0,10,0,0,False,0.015384615384615385,False,0,0,0.0,0.0,1.0,0.0,44.405,False,False,False,False,True,True,False,False,sciXF3KQuEU
25,5,4.2,1.0,5,2,0,False,0.08,False,0,0,0.473,0.0,0.527,0.555,83.32000000000004,False,False,False,False,False,False,True,False,iwIGcYGqCB0
61,13,3.769230769230769,1.0,12,0,0,False,0.01639344262295082,False,0,0,0.0,0.237,0.763,-0.5766,81.85500000000002,False,False,False,False,False,True,True,False,CXr11ZDyGLU
72,15,3.8666666666666667,1.0,13,0,0,False,0.013888888888888888,False,0,0,0.0,0.0,1.0,0.0,83.85357142857143,False,False,False,False,True,False,True,False,SJmQrR1mD70
60,12,4.083333333333333,1.0,12,0,0,False,0.0,False,0,0,0.0,0.0,1.0,0.0,95.955,False,False,False,False,False,False,False,False,ZFpfIaXmc6g
45,6,6.666666666666667,1.0,6,0,0,True,0.08888888888888889,False,0,0,0.0,0.0,1.0,0.0,59.745000000000005,False,False,False,False,False,False,False,False,RRkRVKZg-r4
73,13,4.6923076923076925,1.0,12,0,0,False,0.0136986301369863,False,0,0,0.0,0.411,0.589,-0.8256,81.85500000000002,False,False,False,False,False,False,True,True,MeuslINUJmQ
54,9,5.111111111111111,1.0,8,0,0,False,0.018518518518518517,False,0,0,0.0,0.324,0.676,-0.5904,40.09,False,False,False,False,True,False,False,True,IJEW-nOkb7c
86,17,4.117647058823529,1.0,14,0,0,False,0.03488372093023256,True,3,0,0.15,0.0,0.85,0.4278,70.14470588235295,False,False,True,False,False,False,False,False,kb_C6TfqdKE
42,7,5.142857142857143,1.0,6,0,0,False,0.023809523809523808,False,0,0,0.0,0.0,1.0,0.0,73.84500000000001,False,False,False,False,False,False,False,False,s_fNgDFI_Zo
54,8,5.875,1.0,7,0,0,False,0.018518518518518517,False,0,0,0.548,0.0,0.452,0.8056,42.61571428571432,False,False,False,False,True,False,False,False,qEW-_dUfRXY
51,8,5.5,1.0,7,0,0,False,0.0196078431372549,False,0,0,0.354,0.0,0.646,0.5904,42.61571428571432,False,False,False,False,True,False,False,False,-OPNanFd948
69,12,4.833333333333333,1.0,10,0,0,False,0.028985507246376812,False,0,0,0.184,0.335,0.481,-0.4278,27.485000000000014,False,False,False,False,True,False,True,False,-za3tuFVA7g
27,5,4.6,1.0,5,0,0,False,0.0,False,0,0,0.42,0.0,0.58,0.4404,100.24000000000002,False,False,False,False,False,False,False,False,d8pN3cXndkw
95,15,5.4,1.0,12,0,0,False,0.031578947368421054,False,0,0,0.0,0.0,1.0,0.0,39.55500000000001,False,False,False,False,False,False,False,False,z752vyuPVIM
63,12,4.333333333333333,1.0,11,0,0,False,0.015873015873015872,False,0,0,0.0,0.0,1.0,0.0,72.61545454545457,False,False,False,False,False,False,False,False,nPEXWiKvv-c
56,11,4.181818181818182,1.0,9,3,0,False,0.07142857142857142,True,1,0,0.367,0.0,0.633,0.7788,52.86500000000001,False,False,False,False,False,False,True,False,Isl5XqjKK9U
92,17,4.470588235294118,1.0,15,0,0,False,0.021739130434782608,False,0,0,0.311,0.0,0.689,0.7761,61.890000000000015,False,False,False,False,False,False,False,False,9SF0H1dDJps
70,14,4.071428571428571,1.0,11,0,0,False,0.014285714285714285,False,0,0,0.135,0.0,0.865,0.2577,89.51692307692309,False,False,False,False,False,False,True,False,xB9HaWbZ-9o
95,16,5.0,1.0,15,0,0,False,0.010526315789473684,False,0,0,0.401,0.0,0.599,0.8271,56.25000000000003,False,False,True,False,True,True,False,False,z2Fr0QZT1uM
42,8,4.375,1.0,7,0,0,False,0.023809523809523808,False,0,0,0.0,0.36,0.64,-0.6037,66.7871428571429,False,False,False,False,True,False,False,False,KOzkhVoDzx8
98,20,3.95,1.0,17,0,0,False,0.02040816326530612,False,0,0,0.196,0.17,0.634,0.1842,56.965,False,False,False,False,False,False,True,True,aOdBcPGOQrY
80,15,4.4,1.0,13,0,0,False,0.05,False,0,0,0.0,0.0,1.0,0.0,50.470769230769264,False,False,False,False,True,False,False,False,ikxpGDyN2j4
99,20,4.0,1.0,19,0,0,False,0.010101010101010102,False,0,0,0.206,0.0,0.794,0.7125,67.32894736842107,False,False,True,False,False,False,False,False,UKzz53bMzK0
99,15,5.666666666666667,1.0,13,0,0,False,0.020202020202020204,False,0,0,0.173,0.0,0.827,0.4466,-8.098461538461521,False,False,False,False,True,False,True,False,mqnwDDf1MgY
51,8,5.5,1.0,7,0,0,False,0.0196078431372549,False,0,0,0.0,0.0,1.0,0.0,18.44428571428574,False,False,False,False,False,False,False,False,Dq8r5Y12E4Q
94,19,4.0,1.0,16,0,0,True,0.0425531914893617,False,0,0,0.0,0.0,1.0,0.0,56.965,False,False,False,False,True,False,True,False,wJ6AinYdkTE
92,17,4.470588235294118,1.0,15,0,0,False,0.043478260869565216,False,0,0,0.242,0.114,0.644,0.4183,73.17000000000003,False,False,True,False,False,False,True,False,ZJ0JOBJPXTc
40,8,4.125,1.0,8,0,0,False,0.0,False,0,0,0.3,0.0,0.7,0.4588,82.39000000000001,False,False,False,False,False,False,True,False,9SfbEOAELTw
84,15,4.666666666666667,1.0,12,0,0,False,0.011904761904761904,True,1,0,0.494,0.0,0.506,0.9135,35.5107142857143,False,False,True,False,False,False,True,False,F_bGA2yEtqA
58,11,4.363636363636363,1.0,10,0,0,False,0.017241379310344827,False,0,0,0.0,0.227,0.773,-0.4466,61.32500000000002,False,False,False,False,False,False,False,False,qpDRELt8o_k
72,13,4.615384615384615,1.0,12,3,3,False,0.09722222222222222,False,0,0,0.444,0.0,0.556,0.8684,81.85500000000002,False,False,False,False,False,False,False,False,tmkZrXTsdRQ
53,9,5.0,1.0,8,0,0,False,0.018867924528301886,False,0,0,0.48,0.0,0.52,0.7555,71.81500000000001,False,False,False,False,True,False,False,False,_HMy-M1UaKE
37,6,5.333333333333333,0.4074074074074074,1,1,0,False,0.02702702702702703,True,1,0,0.427,0.0,0.573,0.5754,73.84500000000001,False,False,False,False,False,False,True,False,Bq8jV4libsM
52,8,5.625,0.15555555555555556,0,0,0,False,0.0,False,0,0,0.255,0.0,0.745,0.34,71.81500000000001,False,False,False,False,False,False,False,False,OOPPD31t7lk
28,4,6.25,0.16666666666666666,0,1,0,False,0.03571428571428571,False,0,0,0.0,0.0,1.0,0.0,12.425000000000011,False,False,False,False,False,False,False,False,Xtmu0iRdIJw
39,6,5.666666666666667,0.14705882352941177,0,0,0,False,0.0,False,0,0,0.0,0.0,1.0,0.0,17.44500000000002,False,False,False,False,False,False,False,False,WyIUPj4ZBKE
32,5,5.6,0.14814814814814814,0,1,0,False,0.03125,False,0,0,0.0,0.0,1.0,0.0,32.56000000000003,False,False,False,False,False,False,False,False,PI7PRxmsapc
48,7,6.0,0.15,0,2,0,False,0.041666666666666664,False,0,0,0.0,0.0,1.0,0.0,30.53000000000003,False,False,False,False,False,True,True,False,ArnxbEmly7I
49,8,5.25,0.1794871794871795,0,1,0,False,0.061224489795918366,False,0,0,0.27,0.0,0.73,0.3802,61.24000000000001,False,False,False,False,True,True,False,False,5kEQxYEO5fo
42,7,5.142857142857143,0.3235294117647059,1,2,0,False,0.047619047619047616,False,0,0,0.0,0.0,1.0,0.0,34.08250000000001,False,False,False,False,False,False,True,False,jwrOYZHFtL4
22,4,4.75,0.5294117647058824,1,2,0,False,0.09090909090909091,False,0,0,0.0,0.0,1.0,0.0,75.87500000000001,False,False,False,False,False,False,True,False,tf1edF_KCgk
28,6,3.8333333333333335,0.6363636363636364,3,1,0,False,0.03571428571428571,False,0,0,0.0,0.0,1.0,0.0,87.94500000000002,False,False,False,False,False,False,False,False,qz_VxbsdMa0
52,11,3.8181818181818183,0.2682926829268293,0,1,0,False,0.019230769230769232,False,0,0,0.0,0.0,1.0,0.0,87.99727272727276,False,False,False,False,False,False,False,False,6oFSjq8sdgc
40,9,3.5555555555555554,0.25,0,2,0,False,0.075,True,1,0,0.222,0.0,0.778,0.3147,108.26750000000001,False,False,False,False,False,False,False,False,u-d37pk3dgY
30,7,3.4285714285714284,0.5714285714285714,1,1,0,False,0.1,False,0,0,0.267,0.0,0.733,0.2914,102.045,False,False,False,False,False,False,True,False,r3zt7o8tQto
39,7,4.714285714285714,0.3333333333333333,1,2,0,False,0.07692307692307693,False,0,0,0.0,0.0,1.0,0.0,103.04428571428575,False,False,False,False,False,False,False,False,gy4FaR9tvIk
32,6,4.5,0.5833333333333334,3,3,0,False,0.09375,False,0,0,0.396,0.0,0.604,0.5067,73.84500000000001,False,False,False,False,False,False,False,False,7zMhMph6KRY
36,6,5.166666666666667,0.3448275862068966,1,2,0,False,0.05555555555555555,False,0,0,0.0,0.0,1.0,0.0,73.84500000000001,False,False,False,False,False,False,True,False,kzS8zowqcOU
61,8,6.75,0.27450980392156865,1,3,0,False,0.04918032786885246,False,0,0,0.496,0.0,0.504,0.7104,18.940000000000026,False,False,False,True,False,False,True,False,oZJ5eAQr7EQ
30,5,5.2,0.5454545454545454,2,3,0,False,0.13333333333333333,False,0,0,0.0,0.0,1.0,0.0,100.24000000000002,False,False,False,False,False,False,False,False,9H2JOQ_btM4
14,3,4.0,0.4,1,1,0,False,0.14285714285714285,False,0,0,0.0,0.711,0.289,-0.7112,90.99000000000004,False,False,False,False,False,False,False,False,qbB3TrMjzuU
45,8,4.75,0.17142857142857143,0,2,0,False,0.06666666666666667,False,0,0,0.0,0.254,0.746,-0.3365,92.965,False,False,False,False,False,False,False,False,-qOigARs8qw
22,4,4.75,0.5,1,1,0,False,0.045454545454545456,False,0,0,0.631,0.0,0.369,0.729,97.025,False,False,False,False,False,False,False,False,uJva3QRvgww
38,6,5.5,0.3793103448275862,2,3,0,False,0.10526315789473684,False,0,0,0.478,0.0,0.522,0.6784,76.89000000000003,False,False,False,False,False,True,False,False,VVFB8UkDOSM
28,5,4.8,0.34782608695652173,1,1,0,False,0.03571428571428571,False,0,0,0.374,0.0,0.626,0.3382,66.40000000000003,False,False,True,False,False,False,True,False,1IbGgFI0vKU
19,3,5.666666666666667,0.8125,2,1,0,False,0.05263157894736842,False,0,0,0.0,0.0,1.0,0.0,62.79000000000002,False,False,False,False,False,False,False,False,Fjo7GSoDK_E
15,3,4.333333333333333,0.2727272727272727,0,2,0,False,0.13333333333333333,False,0,0,0.0,0.629,0.371,-0.5242,119.19000000000003,False,False,False,False,False,False,False,False,ChMUljqjGLg
46,8,4.875,0.19444444444444445,0,3,0,False,0.06521739130434782,False,0,0,0.7,0.0,0.3,0.9131,75.87500000000001,False,False,False,False,False,False,False,False,AzL0hfM_q_I
67,13,4.230769230769231,0.18,0,1,0,False,0.07462686567164178,False,0,2,0.0,0.0,1.0,0.0,44.405,False,False,False,False,False,False,False,False,HQQieL8GYQY
39,7,4.714285714285714,0.14285714285714285,0,1,0,False,0.1282051282051282,False,0,2,0.411,0.0,0.589,0.5983,32.56000000000003,False,False,False,False,True,False,False,False,3kemVIrUJcs
72,12,5.083333333333333,0.18333333333333332,0,0,0,False,0.013888888888888888,False,0,0,0.173,0.0,0.827,0.3182,41.8518181818182,False,False,False,False,False,False,False,False,iOwd8Fz8UQM
44,8,4.625,0.17142857142857143,0,1,0,False,0.045454545454545456,False,0,0,0.0,0.0,1.0,0.0,61.24000000000001,False,False,False,False,True,False,False,False,W2-GRvaPiiM
100,21,3.8095238095238093,0.22666666666666666,1,0,0,False,0.04,True,1,2,0.134,0.0,0.866,0.5267,60.19176470588238,False,False,False,False,False,False,False,False,vQUA4QHWgQA
55,9,5.222222222222222,0.15555555555555556,0,1,0,False,0.01818181818181818,True,1,0,0.0,0.0,1.0,0.0,47.30000000000004,False,False,False,False,False,False,False,False,gr2UsZj8KN8
49,10,4.0,0.24324324324324326,0,1,0,False,0.04081632653061224,True,1,0,0.285,0.0,0.715,0.5562,95.165,False,False,False,False,False,False,False,False,w3XS78iO2yw
22,5,3.6,0.35294117647058826,1,1,0,False,0.045454545454545456,False,0,0,0.0,0.0,1.0,0.0,117.16000000000003,False,False,False,False,False,False,False,False,_seb6KT9AAk
39,7,4.714285714285714,0.3548387096774194,1,2,0,False,0.05128205128205128,False,0,0,0.0,0.0,1.0,0.0,94.51107142857143,False,False,False,False,False,False,False,False,u2YaJ7zdFDw
38,7,4.571428571428571,0.32142857142857145,1,1,2,False,0.10526315789473684,False,0,0,0.0,0.0,1.0,0.0,118.6825,False,False,False,False,False,False,False,False,jRbhReB3DJg
57,8,6.25,0.17391304347826086,0,0,2,False,0.07017543859649122,False,0,0,0.0,0.644,0.356,-0.8426,29.515000000000015,False,False,False,False,False,True,False,False,gAfghCLC2j8
54,9,5.111111111111111,0.20454545454545456,0,1,1,False,0.037037037037037035,False,0,0,0.0,0.613,0.387,-0.8588,66.10000000000002,False,False,False,False,False,True,False,False,9OuK3FxGge8
43,8,4.5,0.24242424242424243,0,2,0,False,0.06976744186046512,False,0,0,0.406,0.0,0.594,0.6988,103.54,False,False,False,False,False,False,False,True,pYkQxCf_2XQ
30,6,4.166666666666667,0.25,0,1,0,False,0.03333333333333333,False,0,0,0.555,0.0,0.445,0.6114,105.09000000000002,False,False,False,False,False,True,False,False,hntpZCz81WI
40,5,7.2,0.15151515151515152,0,1,0,False,0.075,False,0,0,0.0,0.0,1.0,0.0,32.56000000000003,False,False,False,False,False,False,False,False,2po8-wQN3Co
68,10,5.9,0.22413793103448276,1,0,0,False,0.014705882352941176,False,0,0,0.437,0.0,0.563,0.7351,61.32500000000002,False,False,False,False,False,False,False,False,_P9qUr0VemA
63,12,4.333333333333333,0.30612244897959184,2,3,0,False,0.047619047619047616,False,0,0,0.0,0.0,1.0,0.0,94.995,False,False,False,False,True,False,False,False,qXVmhAXWDNc
99,16,5.25,0.1625,0,0,0,False,0.04040404040404041,False,0,0,0.0,0.0,1.0,0.0,50.610000000000014,False,False,False,False,False,False,False,False,6h-H88miMCU
48,8,5.125,0.175,0,1,0,False,0.020833333333333332,False,0,0,0.0,0.0,1.0,0.0,61.24000000000001,False,False,False,False,False,True,False,False,BHVxe0CsG0Q
56,8,6.125,0.16666666666666666,0,3,0,False,0.05357142857142857,True,1,0,0.338,0.0,0.662,0.5538,50.66500000000002,False,False,False,False,False,False,True,False,ABTIJRfl2eI
79,13,5.153846153846154,0.16417910447761194,0,0,0,False,0.0,False,0,0,0.0,0.0,1.0,0.0,56.97846153846157,False,False,False,False,True,True,False,False,6R0J-j_Ht4o
42,7,5.142857142857143,0.14705882352941177,0,2,0,False,0.047619047619047616,False,0,0,0.0,0.0,1.0,0.0,70.33964285714288,False,False,False,False,False,False,True,False,yTa_jB9JwYg
49,7,6.142857142857143,0.16666666666666666,0,1,0,False,0.02040816326530612,False,0,0,0.0,0.0,1.0,0.0,58.25392857142859,False,False,False,False,False,False,False,False,QTmJDxix2uM
21,4,4.5,0.5882352941176471,2,0,0,False,0.047619047619047616,False,0,0,0.0,0.561,0.439,-0.5904,118.17500000000001,False,False,False,False,False,False,False,False,dDxOzaoCEF4
59,10,5.0,0.12,0,0,0,False,0.0,False,0,0,0.0,0.0,1.0,0.0,95.165,False,False,False,False,False,False,False,False,COni5jaAI7o
84,14,5.071428571428571,0.10294117647058823,0,0,0,False,0.03571428571428571,False,0,1,0.287,0.085,0.628,0.5423,49.54272727272729,True,False,False,False,True,False,False,False,b1Ta_dr32s0
67,11,5.181818181818182,0.6481481481481481,6,0,0,False,0.04477611940298507,False,0,1,0.27,0.0,0.73,0.3254,56.70000000000002,True,False,False,False,True,False,False,False,nvCjj0SzkLM
55,8,6.0,1.0,6,0,0,False,0.03636363636363636,False,0,1,0.404,0.0,0.596,0.4707,17.44500000000002,True,False,False,False,True,False,False,False,lmLd3-FkJrY
51,9,4.777777777777778,0.15,0,0,0,False,0.058823529411764705,False,0,0,0.29,0.0,0.71,0.5423,54.70142857142861,True,False,False,False,True,False,False,False,TJDxXL5NFko
73,12,5.166666666666667,0.15,0,0,0,False,0.0273972602739726,False,0,1,0.193,0.096,0.711,0.4404,44.405,False,False,False,False,True,False,False,False,BaN5-T7tenU
90,15,5.0,0.08571428571428572,0,0,0,False,0.05555555555555555,False,0,1,0.262,0.198,0.54,0.5423,49.54272727272729,False,False,False,False,True,False,False,False,_E5mrX53ZNo
55,8,6.0,0.13333333333333333,0,0,0,False,0.05454545454545454,False,0,0,0.31,0.0,0.69,0.5423,31.545000000000016,True,False,False,False,True,False,False,False,9RRxTeftfwY
60,9,5.777777777777778,0.13725490196078433,0,0,0,False,0.016666666666666666,False,0,0,0.14,0.0,0.86,0.0772,50.66500000000002,True,False,False,False,True,False,False,False,lo9PTYlRrME
52,8,5.625,0.11627906976744186,0,0,0,False,0.038461538461538464,False,0,1,0.242,0.121,0.637,0.4404,45.64500000000001,False,False,False,False,True,False,False,False,5H1KPAns4M0
63,10,5.4,0.13725490196078433,0,0,0,False,0.047619047619047616,False,0,1,0.193,0.096,0.711,0.4404,50.66500000000002,False,False,False,False,True,False,False,False,qzJW8J5Xhv8
52,8,5.625,0.11904761904761904,0,0,0,False,0.057692307692307696,False,0,1,0.176,0.0,0.824,0.4939,45.64500000000001,False,False,False,False,True,False,False,False,yxlxMCF6luw
61,10,5.2,0.14583333333333334,0,0,0,False,0.06557377049180328,False,0,1,0.281,0.076,0.643,0.7269,42.61571428571432,False,False,False,False,True,False,False,False,wDZRCIHfHjc
85,16,4.375,0.4090909090909091,3,0,0,False,0.047058823529411764,False,0,0,0.182,0.0,0.818,0.3254,60.70500000000001,True,False,False,False,True,False,False,False,EQRfRcf1GIs
52,10,4.3,1.0,6,0,1,False,0.07692307692307693,False,0,1,0.311,0.101,0.587,0.6037,45.64500000000001,True,False,False,False,True,False,False,False,fns3nKn8rkA
75,13,4.846153846153846,1.0,10,0,0,False,0.06666666666666667,False,0,2,0.257,0.252,0.491,0.0428,61.32500000000002,True,True,False,False,True,False,False,False,Vf4JhreiU-Y
60,9,5.777777777777778,1.0,8,0,0,False,0.016666666666666666,False,0,0,0.367,0.0,0.633,0.4707,29.515000000000015,True,False,False,False,True,False,False,False,-AEMpVVyIpM
70,11,5.454545454545454,0.6896551724137931,6,0,0,False,0.02857142857142857,False,0,1,0.356,0.095,0.549,0.6408,37.900000000000034,True,False,False,False,True,False,False,False,3Ts3VzW09Vs
49,9,4.555555555555555,0.7368421052631579,5,0,0,False,0.061224489795918366,False,0,1,0.329,0.107,0.564,0.6037,42.61571428571432,True,False,False,False,True,False,False,False,8exb5OhH5AY
53,8,5.75,0.4772727272727273,2,0,0,False,0.03773584905660377,False,0,0,0.357,0.0,0.643,0.3254,45.64500000000001,True,False,False,False,True,False,False,False,payHpwIu3aE
55,8,5.875,0.5813953488372093,3,0,0,False,0.07272727272727272,False,0,1,0.294,0.0,0.706,0.3254,31.545000000000016,True,False,False,False,True,False,False,False,cEoyTBUhC90
72,11,5.636363636363637,0.15,0,0,0,False,0.027777777777777776,False,0,0,0.0,0.208,0.792,-0.3875,47.30000000000004,False,False,False,False,True,False,False,False,KYuZb-B8rIQ
44,7,5.428571428571429,0.7058823529411765,3,0,0,False,0.09090909090909091,False,0,1,0.225,0.0,0.775,0.2577,32.56000000000003,True,False,False,False,True,False,False,False,cgrhdh-o2nk
76,13,4.923076923076923,0.14754098360655737,0,0,0,False,0.039473684210526314,False,0,1,0.091,0.0,0.909,0.0772,72.61545454545457,True,False,False,False,True,False,False,False,Vhbdtb_lgZg
52,8,5.5,0.55,3,0,0,False,0.07692307692307693,False,0,1,0.247,0.267,0.486,-0.1449,45.64500000000001,True,False,False,False,True,False,False,False,pi4_pSdmQBg
49,8,5.25,0.5384615384615384,3,0,0,False,0.061224489795918366,False,0,1,0.426,0.078,0.495,0.8143,45.64500000000001,True,False,False,False,True,False,False,False,Vi0jYDV6tZU
69,11,5.363636363636363,0.6785714285714286,5,0,0,False,0.043478260869565216,False,0,1,0.374,0.0,0.626,0.5213,50.66500000000002,True,False,False,False,True,False,False,False,p_zSUQIFDtM
93,16,4.8125,0.40540540540540543,3,0,0,False,0.03225806451612903,False,0,1,0.085,0.243,0.671,-0.5813,50.470769230769264,True,False,False,False,True,False,False,False,hQG3VCxOnSE
65,8,7.25,1.0,7,0,0,False,0.015384615384615385,False,0,0,0.225,0.0,0.775,0.2577,6.35857142857148,True,False,False,False,False,False,False,False,cOG8WDY3Jyk
99,16,5.25,1.0,13,0,0,False,0.020202020202020204,True,1,0,0.225,0.0,0.775,0.4707,41.553571428571445,True,False,False,False,False,False,False,False,q4GBk0kPdhQ
99,16,5.25,1.0,13,0,0,False,0.030303030303030304,False,0,0,0.119,0.0,0.881,0.2577,50.470769230769264,True,False,False,False,False,False,False,False,70l9oazRNv4
97,15,5.533333333333333,1.0,12,0,0,False,0.020618556701030927,True,1,0,0.238,0.0,0.762,0.4707,50.470769230769264,True,False,False,False,False,False,False,False,kFr-lH5eWeA
97,11,7.909090909090909,1.0,10,0,0,False,0.07216494845360824,False,0,0,0.0,0.0,1.0,0.0,10.564999999999998,False,False,False,False,False,False,False,False,2oLvYqVeRjQ
100,16,5.3125,0.6375,8,0,0,False,0.05,False,0,0,0.0,0.0,1.0,0.0,53.639285714285734,False,False,False,False,False,False,False,False,RH8LlcxO4Jw
88,16,4.5625,1.0,12,0,0,False,0.045454545454545456,False,0,0,0.213,0.0,0.787,0.4707,60.70500000000001,True,False,False,False,False,False,False,False,GP5RV4DB7vc
90,13,6.0,0.8289473684210527,9,0,0,False,0.022222222222222223,False,0,0,0.233,0.0,0.767,0.3254,41.8518181818182,True,False,False,False,False,False,False,False,foq_E-cw-0s
96,15,5.466666666666667,1.0,13,0,0,False,0.020833333333333332,False,0,0,0.238,0.0,0.762,0.4707,37.455384615384645,True,False,False,False,False,False,False,False,VrqTlVsR3O8
94,16,4.9375,0.8767123287671232,10,0,0,False,0.0425531914893617,True,1,1,0.231,0.292,0.476,-0.368,59.68214285714288,True,False,False,False,False,False,False,False,AuVfG2y5vW8
96,17,4.705882352941177,1.0,12,0,0,False,0.041666666666666664,True,1,0,0.303,0.0,0.697,0.6248,69.99384615384618,True,False,False,False,False,False,False,False,Ap2LdDCYAtE
86,13,5.6923076923076925,1.0,10,0,0,False,0.03488372093023256,False,0,1,0.0,0.167,0.833,-0.34,35.94500000000002,False,False,False,False,False,False,False,False,_C7w4VL4_pQ
100,14,6.214285714285714,0.9880952380952381,11,0,0,False,0.02,True,1,1,0.255,0.243,0.502,-0.1781,32.504999999999995,True,False,False,False,False,False,False,False,D8fzBXXiSHU
100,17,4.9411764705882355,0.05263157894736842,0,1,0,False,0.05,True,1,0,0.162,0.0,0.838,0.2244,50.56057692307695,True,False,False,False,False,False,False,False,xRjX30YUeCs
92,14,5.642857142857143,0.1506849315068493,0,0,0,False,0.06521739130434782,False,0,0,0.178,0.0,0.822,0.1531,41.8518181818182,True,False,False,False,False,False,False,False,Ds_LCblNFYw
82,12,5.916666666666667,1.0,10,0,0,False,0.036585365853658534,False,0,0,0.156,0.0,0.844,0.2577,44.405,True,False,False,False,False,False,False,False,jUoSOSzLWNQ
96,13,6.461538461538462,1.0,11,0,0,False,0.020833333333333332,False,0,1,0.266,0.253,0.48,-0.1781,26.470000000000027,True,False,False,False,False,False,False,False,x3I7gBE9w0Y
86,13,5.6923076923076925,0.16901408450704225,0,2,0,False,0.03488372093023256,False,0,0,0.272,0.0,0.728,0.6688,59.745000000000005,False,False,False,False,False,False,False,False,sgORaJKFItA
54,8,5.875,1.0,7,0,0,False,0.018518518518518517,False,0,0,0.0,0.0,1.0,0.0,54.70142857142861,False,False,False,False,False,False,False,False,BS5k6vkoKvw
66,9,6.444444444444445,0.09433962264150944,0,1,0,False,0.07575757575757576,False,0,0,0.491,0.0,0.509,0.5848,54.72500000000002,True,False,False,False,True,False,False,False,5xzBBFn2fC4
76,11,6.0,0.09836065573770492,0,1,0,False,0.06578947368421052,False,0,0,0.42,0.0,0.58,0.5848,41.02000000000004,True,False,False,False,True,False,False,False,VHvOXTGkKEw
100,16,5.3125,0.0759493670886076,0,1,1,False,0.06,False,0,0,0.308,0.0,0.692,0.5848,60.76000000000002,True,False,False,False,True,False,False,False,rJ2fm59G6FA
100,15,5.733333333333333,0.05063291139240506,0,1,1,False,0.07,False,0,0,0.171,0.134,0.695,0.1759,51.026904761904774,False,False,False,False,True,False,False,False,9UusDiQtV_A
64,9,6.222222222222222,0.09803921568627451,0,1,0,False,0.078125,False,0,0,0.491,0.0,0.509,0.5848,44.150000000000006,True,False,False,False,True,False,False,False,acYRcOg9fOg
75,12,5.333333333333333,0.10526315789473684,0,0,2,False,0.09333333333333334,False,0,0,0.258,0.232,0.51,-0.3094,80.0587878787879,True,False,False,False,True,False,False,False,g6RxEToQgyk
92,14,5.642857142857143,0.04054054054054054,0,1,0,False,0.05434782608695652,False,0,0,0.246,0.153,0.601,0.1759,70.08365384615385,True,False,False,True,True,False,True,False,MUgwMBx4aPU
95,15,5.4,0.09722222222222222,0,2,0,False,0.09473684210526316,False,0,0,0.125,0.304,0.57,-0.5816,72.83000000000003,False,False,False,False,True,False,False,False,7cOcREQF4a4
100,16,5.3125,0.14102564102564102,0,1,1,False,0.07,False,0,0,0.362,0.114,0.524,0.69,69.15547619047621,True,False,False,False,True,False,False,False,5ciGGpT9rNc
87,11,7.0,0.09722222222222222,0,0,1,False,0.05747126436781609,False,0,0,0.481,0.0,0.519,0.7506,15.640000000000015,True,False,False,False,True,False,False,False,lrzTyjVm9so
77,11,6.090909090909091,0.13114754098360656,0,1,1,False,0.07792207792207792,False,0,0,0.191,0.22,0.589,-0.3382,59.63166666666669,True,False,False,False,True,False,False,False,qEgrwSlIF8U
95,15,5.4,0.039473684210526314,0,1,0,False,0.05263157894736842,False,0,1,0.402,0.155,0.443,0.7644,43.963076923076954,True,False,False,False,True,False,False,False,WUNEq2Ra2bw
82,13,5.384615384615385,0.140625,0,2,1,False,0.07317073170731707,False,0,0,0.571,0.0,0.429,0.8997,60.367019230769245,True,False,False,False,True,False,False,False,cuH_HVHbJko
96,17,4.705882352941177,0.10810810810810811,0,0,1,False,0.0625,False,0,0,0.451,0.0,0.549,0.8658,77.1025,True,False,False,False,True,False,False,False,A2PRh1zu-WU
100,18,4.611111111111111,0.18181818181818182,1,1,1,False,0.06,False,0,0,0.202,0.122,0.676,0.2003,81.64803921568628,True,False,False,False,True,False,False,False,zy0WnxItV3c
98,15,5.6,0.1282051282051282,0,1,1,False,0.061224489795918366,False,0,0,0.326,0.0,0.674,0.5848,69.15547619047621,True,False,False,False,True,False,False,False,fyjliaq7HBU
83,12,6.0,0.109375,0,1,1,False,0.0963855421686747,False,0,1,0.408,0.081,0.511,0.7712,59.63166666666669,True,False,False,False,True,False,False,False,ziFZRYREg3g
88,11,7.090909090909091,0.10294117647058823,0,1,0,False,0.11363636363636363,False,0,1,0.367,0.0,0.633,0.5848,12.425000000000011,True,False,False,False,True,False,False,False,Ki6eqmf57eo
92,13,6.153846153846154,0.136986301369863,0,1,1,False,0.07608695652173914,False,0,0,0.335,0.145,0.52,0.3164,54.72500000000002,True,False,False,False,True,False,False,False,Sj33vyf9pq0
83,13,5.461538461538462,0.13846153846153847,0,1,1,False,0.07228915662650602,False,0,0,0.261,0.157,0.582,0.2003,75.87500000000001,True,False,False,False,True,False,False,False,a-1nMj6jNGQ
78,10,6.9,0.0967741935483871,0,1,1,False,0.08974358974358974,False,0,0,0.388,0.229,0.383,0.1223,42.46750000000003,True,False,False,False,True,False,False,False,XAsB8CGL_o0
100,16,5.3125,0.12658227848101267,0,1,1,False,0.06,False,0,0,0.362,0.0,0.638,0.75,54.70142857142861,True,False,False,False,True,False,False,False,uqh-TvZ-Nkw
88,12,6.416666666666667,0.08571428571428572,0,1,1,False,0.07954545454545454,False,0,0,0.548,0.0,0.452,0.8268,49.29515151515153,True,False,False,False,True,False,False,False,LMy5vTHepZc
77,11,6.090909090909091,0.09836065573770492,0,1,1,False,0.07792207792207792,False,0,0,0.42,0.0,0.58,0.5848,49.48000000000002,True,False,False,False,True,False,False,False,oMk3ibSXZl0
96,15,5.466666666666667,0.07894736842105263,0,1,1,False,0.0625,False,0,0,0.297,0.139,0.564,0.2714,75.19833333333334,True,False,False,False,True,False,False,False,5kuzFnOfJPo
85,11,6.818181818181818,0.08695652173913043,0,1,1,False,0.07058823529411765,False,0,0,0.551,0.0,0.449,0.7644,32.56000000000003,True,False,False,False,True,False,False,False,1Qr8gKVitog
87,13,5.769230769230769,0.10144927536231885,0,2,0,False,0.06896551724137931,False,0,0,0.216,0.323,0.462,-0.4738,52.69500000000002,True,False,False,False,True,False,False,False,bA6QRDtm89s
94,13,6.3076923076923075,0.10526315789473684,0,1,1,False,0.06382978723404255,False,0,0,0.367,0.0,0.633,0.5848,54.72500000000002,True,False,False,False,True,False,False,False,IclEAQnACHQ
100,14,6.214285714285714,0.1111111111111111,0,2,0,False,0.06,False,0,0,0.285,0.0,0.715,0.5837,52.75974358974361,True,False,False,True,True,False,False,False,gtmz5UJR3wk
95,16,5.0,0.08,0,2,0,False,0.05263157894736842,False,0,0,0.368,0.0,0.632,0.7639,58.2225,True,False,False,False,True,False,False,False,eB0RVryaOy4
91,11,7.363636363636363,0.0958904109589041,0,1,0,False,0.08791208791208792,False,0,0,0.42,0.0,0.58,0.5848,7.180000000000035,True,False,False,False,True,False,False,False,2bM9eVTQbWs
96,14,5.928571428571429,0.09090909090909091,0,1,0,False,0.0625,False,0,0,0.394,0.163,0.444,0.4003,63.57596153846157,True,False,False,False,True,False,False,False,N0BTqCZSj4Y
92,17,4.470588235294118,0.056338028169014086,0,1,1,False,0.05434782608695652,False,0,0,0.252,0.15,0.598,0.3382,77.1025,False,False,False,False,True,False,False,False,UGRMJFB-WJE
92,14,5.642857142857143,0.08108108108108109,0,2,0,False,0.05434782608695652,False,0,0,0.392,0.151,0.457,0.6467,50.56057692307695,True,False,False,True,True,False,False,False,iaE7z5wtcc4
69,8,7.75,0.08771929824561403,0,1,0,False,0.07246376811594203,False,0,0,0.428,0.0,0.572,0.5411,1.8500000000000227,True,False,False,False,True,False,False,False,OzQShzhWihg
79,11,6.2727272727272725,0.07936507936507936,0,1,1,False,0.0759493670886076,False,0,0,0.562,0.0,0.438,0.7901,51.17166666666668,True,False,False,False,True,False,False,False,6SHjnJPGM7I
95,16,5.0,0.04054054054054054,0,0,1,False,0.06315789473684211,False,0,0,0.365,0.087,0.548,0.7269,80.78250000000001,True,False,False,False,True,False,False,False,ffBCiUn1ZPA
89,13,5.923076923076923,0.11428571428571428,0,1,1,False,0.07865168539325842,False,0,0,0.509,0.124,0.367,0.8122,47.67500000000001,True,False,False,False,True,False,False,False,Y7df5OD-OZQ
100,15,5.733333333333333,0.0625,0,1,1,False,0.06,False,0,0,0.257,0.0,0.743,0.5411,81.24119047619048,True,False,False,False,True,False,False,False,VaTGQfJ-Oio
100,15,5.733333333333333,0.125,0,1,1,False,0.06,False,0,0,0.326,0.0,0.674,0.5848,63.11261904761906,True,False,False,False,True,False,False,False,nxhIz1svdZs
81,13,5.3076923076923075,0.06349206349206349,0,0,2,False,0.07407407407407407,False,0,0,0.437,0.0,0.563,0.7757,75.87500000000001,True,False,False,False,True,False,False,False,xP_KS74PaXE
100,16,5.3125,0.12658227848101267,0,1,1,False,0.06,False,0,0,0.243,0.0,0.757,0.5411,83.32000000000004,True,False,False,False,True,False,False,False,VAuvwUz1RlQ
85,15,4.733333333333333,0.12307692307692308,0,0,2,False,0.07058823529411765,False,0,0,0.28,0.196,0.525,-0.2406,81.24119047619048,True,False,False,False,True,False,False,False,NP1TkKKKjsk
83,12,6.0,0.09090909090909091,0,1,1,False,0.07228915662650602,False,0,0,0.335,0.202,0.463,-0.0752,56.98606060606062,True,False,False,False,True,False,False,False,-EhqsXHnwHg
99,13,6.6923076923076925,0.09876543209876543,0,2,0,False,0.06060606060606061,False,0,0,0.424,0.166,0.41,0.4626,45.64500000000001,True,False,False,False,True,False,False,False,jsVU4rPmLRs
90,13,6.0,0.14084507042253522,0,1,1,False,0.07777777777777778,False,0,0,0.417,0.131,0.452,0.69,61.775000000000006,True,False,False,False,True,False,False,False,uOYmkyNhJo0
74,11,5.818181818181818,0.10344827586206896,0,1,1,False,0.08108108108108109,False,0,0,0.509,0.0,0.491,0.807,49.48000000000002,True,False,False,False,True,False,False,False,wqR8xRAROfg
76,10,6.7,0.0967741935483871,0,1,0,False,0.06578947368421052,False,0,0,0.4,0.186,0.414,0.2714,42.46750000000003,True,False,False,False,True,False,False,False,i2kwvgVij8Y
83,11,6.636363636363637,0.09090909090909091,0,1,1,False,0.08433734939759036,False,0,0,0.578,0.0,0.422,0.8221,51.17166666666668,True,False,False,False,True,False,False,False,EG3n40T8iOo
89,11,7.181818181818182,0.08450704225352113,0,1,1,False,0.0898876404494382,False,0,0,0.562,0.0,0.438,0.7901,25.791666666666686,True,False,False,False,True,False,False,False,oO9CLNcyMv4
47,6,7.0,0.12195121951219512,0,0,0,False,0.02127659574468085,False,0,0,0.0,0.0,1.0,0.0,49.48000000000002,False,False,False,False,False,False,False,False,CKgBeKtRNxU
72,9,7.111111111111111,0.125,0,0,0,False,0.027777777777777776,True,2,0,0.0,0.0,1.0,0.0,47.30000000000004,False,False,False,False,False,False,False,False,owcs1Muce3g
20,3,6.0,0.15384615384615385,0,0,0,False,0.1,True,3,0,0.0,0.0,1.0,0.0,90.99000000000004,False,False,False,False,False,False,False,False,N3hfIL_0J-Y
23,4,5.0,0.15,0,0,0,False,0.0,False,0,0,0.0,0.0,1.0,0.0,54.72500000000002,False,False,False,False,False,False,False,False,EDp2plb4p0o
19,3,5.666666666666667,0.15384615384615385,0,0,0,False,0.0,True,1,0,0.0,0.0,1.0,0.0,90.99000000000004,False,False,False,False,False,False,False,False,EIP0BlZd27Q
77,10,5.0,0.1836734693877551,0,0,0,False,0.012987012987012988,False,0,0,0.0,0.0,1.0,0.0,66.10000000000002,False,False,False,False,False,False,False,False,BhjMtj50AdI
60,10,5.1,0.1702127659574468,0,0,0,False,0.06666666666666667,False,0,0,0.0,0.0,1.0,0.0,40.09,False,False,False,False,True,False,False,False,cEVRlA73-7s
55,7,6.857142857142857,0.1276595744680851,0,0,0,False,0.01818181818181818,False,0,0,0.0,0.0,1.0,0.0,73.84500000000001,False,False,False,True,False,False,False,False,4TE8Kw6ytLs
33,5,5.8,0.14814814814814814,0,0,0,False,0.06060606060606061,False,0,0,0.429,0.0,0.571,0.4588,33.57500000000002,False,False,False,False,False,False,False,False,YSqCh3lKE2g
17,3,5.0,0.18181818181818182,0,0,0,False,0.0,True,1,0,0.649,0.0,0.351,0.5719,34.59000000000003,False,False,False,False,False,False,False,False,yyRd9IGK0HI
15,2,7.0,0.14285714285714285,0,0,0,False,0.0,False,0,0,0.787,0.0,0.213,0.5719,-6.694999999999993,False,False,False,False,False,False,False,False,RbPWl6Y8EeI
72,10,6.3,0.14754098360655737,0,0,0,False,0.027777777777777776,False,0,0,0.0,0.0,1.0,0.0,66.10000000000002,False,False,False,True,False,False,False,False,WtRjitlOtf8
43,7,5.285714285714286,0.16666666666666666,0,0,0,False,0.023255813953488372,False,0,0,0.0,0.0,1.0,0.0,59.745000000000005,False,False,False,False,False,False,False,False,drmG1V4qWVM
41,7,5.0,0.18181818181818182,0,0,0,False,0.04878048780487805,False,0,0,0.0,0.0,1.0,0.0,78.87285714285717,False,False,False,False,False,False,False,False,KHe6iMoCQZs
49,9,4.555555555555555,0.0,0,0,0,False,0.3469387755102041,False,0,0,0.0,0.0,1.0,0.0,115.13000000000002,False,False,False,False,False,False,False,False,YfezreEXgD0
86,16,4.4375,0.14285714285714285,0,0,0,False,0.16279069767441862,True,1,0,0.0,0.0,1.0,0.0,60.70500000000001,False,False,False,False,False,False,False,False,68IMSno9iCc
39,5,7.0,0.11764705882352941,0,0,0,False,0.02564102564102564,False,0,0,0.0,0.0,1.0,0.0,-8.724999999999994,False,False,False,False,False,False,False,False,o1XIAKdrr6E
18,4,3.75,0.26666666666666666,0,0,0,False,0.0,False,0,0,0.0,0.0,1.0,0.0,54.72500000000002,False,False,False,False,False,False,False,False,SBqJUQ-2bE0
16,3,4.666666666666667,0.2,0,0,0,False,0.0,True,1,0,0.649,0.0,0.351,0.5719,62.79000000000002,False,False,False,False,False,False,False,False,kQ10js9qe64
95,16,5.0,0.18421052631578946,1,0,0,False,0.042105263157894736,False,0,0,0.267,0.0,0.733,0.6249,18.405,False,False,False,False,False,False,False,False,HeO6oKUoodw
73,9,7.222222222222222,0.1111111111111111,0,0,0,False,0.0273972602739726,False,0,0,0.0,0.0,1.0,0.0,30.53000000000003,False,False,False,False,False,False,False,False,NhRHdMMiDZY
99,17,4.882352941176471,0.18181818181818182,1,0,0,False,0.06060606060606061,False,0,0,0.254,0.0,0.746,0.6249,18.405,False,False,False,False,False,False,False,False,OjxH9YaxExE
45,7,5.571428571428571,0.15789473684210525,0,0,0,False,0.022222222222222223,False,0,0,0.0,0.0,1.0,0.0,31.545000000000016,False,False,False,False,False,False,False,False,D4puoKQ6beM
52,8,5.625,0.1282051282051282,0,0,0,False,0.038461538461538464,True,1,0,0.0,0.0,1.0,0.0,31.545000000000016,False,False,False,False,False,False,False,False,unKPJJX6JTg
99,17,4.882352941176471,0.17721518987341772,1,0,0,False,0.04040404040404041,False,0,0,0.254,0.0,0.746,0.6249,4.916923076923098,False,False,False,False,False,False,False,False,7dunKQmOcKY
99,13,6.6923076923076925,0.11904761904761904,0,0,0,False,0.030303030303030304,False,0,0,0.0,0.0,1.0,0.0,19.025000000000006,False,False,False,False,False,False,False,False,zm9MzV809Hc
35,5,6.2,0.13333333333333333,0,0,0,False,0.02857142857142857,False,0,0,0.0,0.0,1.0,0.0,75.87500000000001,False,False,False,False,False,False,False,False,ZmtCpP-lkAo
89,14,5.428571428571429,0.14864864864864866,0,0,0,False,0.02247191011235955,False,0,0,0.0,0.0,1.0,0.0,11.355000000000018,False,False,False,False,False,False,False,False,7U56fAETRb4
40,7,4.857142857142857,0.17647058823529413,0,0,0,False,0.0,False,0,0,0.0,0.0,1.0,0.0,66.7871428571429,False,False,False,False,True,False,False,False,uPqC81HHVtw
90,15,5.066666666666666,0.14492753623188406,0,0,0,False,0.03333333333333333,True,1,0,0.0,0.125,0.875,-0.25,30.947692307692336,False,False,False,False,False,False,False,False,EpEkgnszBAM
67,8,7.5,0.09090909090909091,0,0,0,False,0.014925373134328358,True,1,0,0.0,0.0,1.0,0.0,8.365000000000009,False,False,False,False,False,False,False,False,zvwOJTuqlxk
46,8,4.875,0.11764705882352941,0,0,0,False,0.08695652173913043,True,1,0,0.0,0.0,1.0,0.0,90.95857142857145,False,False,False,False,False,False,False,False,uCyuP1a-kPs
19,4,4.0,0.25,0,0,0,False,0.0,True,1,0,0.552,0.0,0.448,0.5719,97.025,False,False,False,False,False,False,False,False,2XeapeObWLM
34,7,4.0,0.22727272727272727,0,0,0,False,0.0,True,2,0,0.0,0.0,1.0,0.0,115.13000000000002,False,False,False,False,False,False,False,False,8rcDamMFWQA
35,6,4.833333333333333,0.17857142857142858,0,0,0,False,0.02857142857142857,False,0,0,0.0,0.0,1.0,0.0,117.16000000000003,False,False,False,False,False,False,False,False,A8h547Ya9vM
34,6,4.666666666666667,0.18518518518518517,0,0,0,False,0.029411764705882353,False,0,0,0.0,0.0,1.0,0.0,83.32000000000004,False,False,False,False,False,False,False,False,JNLQWHtD3xE
32,5,5.4,0.15384615384615385,0,0,0,False,0.03125,False,0,0,0.0,0.0,1.0,0.0,97.025,False,False,False,False,False,False,False,False,j7osAWP4fHo
40,7,4.714285714285714,0.16129032258064516,0,0,0,False,0.05,False,0,0,0.31,0.0,0.69,0.4019,73.84500000000001,False,False,False,False,True,False,False,False,Y7KNHAmFNiE
37,7,4.285714285714286,0.20689655172413793,0,0,0,False,0.02702702702702703,False,0,0,0.0,0.0,1.0,0.0,102.045,False,False,False,False,False,False,False,False,ELfKZXNH8yw
30,5,5.0,0.16666666666666666,0,0,0,False,0.03333333333333333,False,0,0,0.0,0.0,1.0,0.0,118.17500000000001,False,False,False,False,False,False,False,False,eehXUkJLvx0
34,6,4.666666666666667,0.18518518518518517,0,0,0,False,0.029411764705882353,False,0,0,0.438,0.0,0.562,0.5994,83.32000000000004,False,False,False,False,False,False,False,False,f-CW4_o-x4o
40,6,5.666666666666667,0.15151515151515152,0,0,0,False,0.025,False,0,0,0.0,0.0,1.0,0.0,83.32000000000004,False,False,False,False,False,False,False,False,SlrWPvgD4ok
37,6,5.0,0.1724137931034483,0,0,0,False,0.02702702702702703,False,0,0,0.0,0.0,1.0,0.0,83.32000000000004,False,False,False,False,False,False,False,False,QAD7epDdfIc
36,7,4.142857142857143,0.17857142857142858,0,0,0,False,0.027777777777777776,False,0,0,0.0,0.0,1.0,0.0,102.045,False,False,False,False,False,True,False,False,twJEkHCER1A
51,11,3.6363636363636362,0.1891891891891892,0,0,0,False,0.058823529411764705,False,0,0,0.0,0.0,1.0,0.0,82.39000000000001,False,False,False,False,True,False,False,False,4AnHPI4ZL28
42,6,6.0,0.14285714285714285,0,0,0,False,0.023809523809523808,False,0,0,0.0,0.0,1.0,0.0,32.56000000000003,False,False,False,False,False,False,False,False,cd5qTIvPULM
44,8,4.5,0.14705882352941177,0,0,1,False,0.045454545454545456,False,0,0,0.0,0.0,1.0,0.0,73.84500000000001,False,False,False,False,False,False,False,False,ZouAqpH8eYw
38,6,5.333333333333333,0.16129032258064516,0,0,0,False,0.02631578947368421,False,0,0,0.0,0.0,1.0,0.0,32.56000000000003,False,False,False,False,False,False,False,False,RHXhjCA1qgg
38,7,4.571428571428571,0.2,0,0,0,False,0.05263157894736842,False,0,0,0.31,0.0,0.69,0.4019,59.745000000000005,False,False,False,False,True,False,False,False,mhna5MPdWnk
38,6,5.5,0.15625,0,0,0,False,0.02631578947368421,False,0,0,0.0,0.0,1.0,0.0,66.40000000000003,False,False,False,False,False,False,False,False,O1ukGI69qq8
25,5,4.0,0.0,0,0,0,False,0.12,False,0,1,0.462,0.0,0.538,0.7184,54.72500000000002,False,False,False,False,True,False,False,False,nZc2yXDvdrs
15,3,4.333333333333333,0.08333333333333333,0,0,0,False,0.0,True,1,0,0.0,0.0,1.0,0.0,34.59000000000003,False,False,False,False,False,False,False,False,6kAZEJph6Z0
15,3,4.333333333333333,0.08333333333333333,0,0,0,False,0.0,True,1,0,0.0,0.0,1.0,0.0,34.59000000000003,False,False,False,False,False,False,False,False,Jfbx25wlKuo
13,2,6.0,0.08333333333333333,0,0,0,False,0.0,False,0,0,0.0,0.0,1.0,0.0,-6.694999999999993,False,False,False,False,False,False,False,False,9X8KE0xKr58
12,2,5.5,0.09090909090909091,0,0,0,False,0.0,False,0,0,0.0,0.0,1.0,0.0,-6.694999999999993,False,False,False,False,False,False,True,False,Gb_G8kdgxRk
88,12,6.416666666666667,0.2835820895522388,1,0,0,False,0.03409090909090909,True,2,0,0.557,0.0,0.443,0.8425,-9.794999999999959,False,False,False,False,True,False,False,False,th41fUxVgGs
99,17,4.882352941176471,0.18666666666666668,0,0,0,False,0.010101010101010102,True,2,0,0.454,0.0,0.546,0.8689,40.2858823529412,False,False,False,False,True,False,True,True,zWUc3EkFMd4
99,18,4.555555555555555,0.15151515151515152,0,0,0,False,0.010101010101010102,True,4,1,0.587,0.049,0.364,0.967,25.35647058823531,False,False,False,False,True,False,True,False,ZuwlWL_Z6-g
99,18,4.555555555555555,0.15151515151515152,0,0,0,False,0.010101010101010102,True,4,1,0.587,0.049,0.364,0.967,25.35647058823531,False,False,False,False,True,False,True,False,Y68WR-Pj9Gw
99,15,5.666666666666667,0.21739130434782608,0,0,0,False,0.050505050505050504,True,4,0,0.502,0.0,0.498,0.8779,39.33000000000001,False,False,False,False,True,False,False,False,RkWw1Vj-UDU
93,18,4.222222222222222,0.14705882352941177,0,0,0,False,0.010752688172043012,True,2,1,0.635,0.047,0.319,0.975,30.332941176470626,False,False,False,False,True,False,True,False,TXJ0FemQZ8I
95,15,5.4,0.1891891891891892,0,0,0,False,0.021052631578947368,True,2,1,0.346,0.074,0.581,0.7926,22.410000000000025,False,False,False,False,True,False,True,False,DIIJ9PlEFco
100,18,4.611111111111111,0.18666666666666668,0,0,0,False,0.01,True,2,0,0.435,0.0,0.565,0.8689,38.16500000000002,False,False,False,False,True,False,True,True,yJKuoV9xxH4
100,18,4.611111111111111,0.18666666666666668,0,0,0,False,0.01,True,2,0,0.435,0.0,0.565,0.8689,38.16500000000002,False,False,False,False,True,False,True,True,hfjixgqEyek
96,18,4.388888888888889,0.19718309859154928,0,0,0,False,0.020833333333333332,True,2,1,0.449,0.058,0.492,0.9136,45.26235294117649,False,False,False,False,True,False,True,True,iGldf_6FqEQ
99,17,4.882352941176471,0.16901408450704225,0,0,0,False,0.020202020202020204,True,3,1,0.278,0.073,0.649,0.659,40.2858823529412,False,False,False,False,True,False,True,False,yVDVaF90UAM
100,18,4.611111111111111,0.18666666666666668,0,0,0,False,0.01,True,2,0,0.435,0.0,0.565,0.8689,38.16500000000002,False,False,False,False,True,False,True,True,e5Li5uQsvL8
100,18,4.611111111111111,0.18666666666666668,0,0,0,False,0.01,True,2,0,0.435,0.0,0.565,0.8689,38.16500000000002,False,False,False,False,True,False,True,True,-wATZ39-_rs
100,18,4.611111111111111,0.18666666666666668,0,0,0,False,0.01,True,2,0,0.435,0.0,0.565,0.8689,38.16500000000002,False,False,False,False,True,False,True,True,e7hGS0bOWI4
100,16,5.3125,0.22535211267605634,1,0,0,False,0.03,True,3,0,0.378,0.0,0.622,0.7845,31.97,False,False,False,False,False,False,False,True,DgrvNtEXii8
100,20,4.05,0.21428571428571427,0,0,0,False,0.02,True,4,0,0.298,0.0,0.702,0.7351,59.63500000000003,False,False,False,False,True,False,True,True,7GbGFhuCSZk
100,18,4.611111111111111,0.18666666666666668,0,0,0,False,0.01,True,2,0,0.435,0.0,0.565,0.8689,38.16500000000002,False,False,False,False,True,False,True,True,nfL9VeIvp6w
100,18,4.611111111111111,0.18666666666666668,0,0,0,False,0.01,True,2,0,0.435,0.0,0.565,0.8689,38.16500000000002,False,False,False,False,True,False,True,True,Uxi1WqBGrME
96,19,4.105263157894737,0.17142857142857143,0,0,0,False,0.010416666666666666,True,2,1,0.502,0.053,0.445,0.9448,38.16500000000002,False,False,False,False,True,False,True,False,BEVmVf_hItY
96,18,4.388888888888889,0.22857142857142856,0,0,0,False,0.010416666666666666,True,3,0,0.38,0.0,0.62,0.8481,38.16500000000002,False,False,False,False,True,False,True,False,GHb_sQARIgw
94,17,4.588235294117647,0.20588235294117646,0,0,0,False,0.02127659574468085,True,2,0,0.444,0.0,0.556,0.8555,35.309411764705914,False,False,False,False,True,False,True,True,daNuqQF6mbY
100,18,4.611111111111111,0.18666666666666668,0,0,0,False,0.01,True,2,0,0.435,0.0,0.565,0.8689,38.16500000000002,False,False,False,False,True,False,True,True,0ebI_ZKz7ms
100,16,5.3125,0.2054794520547945,1,0,0,False,0.01,True,3,0,0.485,0.0,0.515,0.8834,16.107500000000016,False,False,False,False,False,False,False,True,h899dFlnToY
89,16,4.625,0.22727272727272727,0,0,0,False,0.011235955056179775,True,2,1,0.542,0.055,0.403,0.9509,42.545000000000016,False,False,False,False,True,False,True,False,zJC5Ytm31Ho
100,18,4.611111111111111,0.18666666666666668,0,0,0,False,0.01,True,2,0,0.435,0.0,0.565,0.8689,38.16500000000002,False,False,False,False,True,False,True,True,jtfNM-oHrA8
87,16,4.5,0.21875,0,0,0,False,0.011494252873563218,True,2,1,0.351,0.069,0.58,0.8313,42.545000000000016,False,False,False,False,True,False,True,False,r_EDNoShmPQ
83,16,4.25,0.13333333333333333,0,0,0,False,0.012048192771084338,True,2,1,0.668,0.049,0.284,0.975,33.690000000000026,False,False,False,False,False,False,False,False,tfphMjXPBzc
92,14,5.642857142857143,0.18055555555555555,0,0,0,False,0.0,True,2,0,0.501,0.0,0.499,0.8425,5.296428571428578,False,False,False,False,False,False,False,False,e-SCSUUOXrw
90,17,4.352941176470588,0.18181818181818182,0,0,0,False,0.011111111111111112,True,2,1,0.468,0.06,0.472,0.918,31.97,False,False,False,False,True,False,True,False,k7Q60-V4qaI
89,17,4.294117647058823,0.18181818181818182,0,0,0,False,0.011235955056179775,True,2,1,0.468,0.06,0.472,0.918,31.97,False,False,False,False,True,False,True,False,tVmoA3jTwgA
92,14,5.642857142857143,0.18055555555555555,0,0,0,False,0.0,True,2,0,0.501,0.0,0.499,0.8425,5.296428571428578,False,False,False,False,False,False,False,False,udd7tubxPkc
88,16,4.5625,0.16666666666666666,0,0,0,False,0.022727272727272728,True,3,0,0.356,0.0,0.644,0.7351,53.120000000000005,False,False,False,False,True,False,True,True,1mf5qi6l2zU
98,18,4.5,0.136986301369863,0,0,0,False,0.01020408163265306,True,2,1,0.51,0.055,0.435,0.9403,25.35647058823531,False,False,False,False,True,False,True,False,hguOg_mHPPw
93,18,4.222222222222222,0.14705882352941177,0,0,0,False,0.010752688172043012,True,2,1,0.635,0.047,0.319,0.975,30.332941176470626,False,False,False,False,True,False,True,False,Ag1ED9ycKUg
100,16,5.3125,0.14285714285714285,0,0,0,False,0.01,True,2,0,0.472,0.086,0.442,0.9198,26.682500000000005,False,False,False,False,True,False,True,False,oRxau4wAwc8
99,16,5.25,0.19480519480519481,1,0,0,False,0.0,True,2,0,0.636,0.0,0.364,0.9477,16.107500000000016,False,False,False,False,False,False,False,False,CDWSE9PyxPE
100,18,4.611111111111111,0.18666666666666668,0,0,0,False,0.01,True,2,0,0.435,0.0,0.565,0.8689,38.16500000000002,False,False,False,False,True,False,True,True,IlO2vvpA1DE
100,16,5.3125,0.2054794520547945,1,0,0,False,0.01,True,3,0,0.485,0.0,0.515,0.8834,16.107500000000016,False,False,False,False,False,False,False,True,gjxkwF6Vas4
100,16,5.3125,0.22535211267605634,1,0,0,False,0.03,True,3,0,0.378,0.0,0.622,0.7845,31.97,False,False,False,False,False,False,False,True,yyLdqRI8_v8
100,16,5.3125,0.2054794520547945,1,0,0,False,0.01,True,3,0,0.485,0.0,0.515,0.8834,16.107500000000016,False,False,False,False,False,False,False,True,hBdXJMip-nM
94,17,4.588235294117647,0.17647058823529413,0,0,0,False,0.031914893617021274,True,2,0,0.555,0.0,0.445,0.932,-0.7464285714285381,False,False,False,False,True,False,True,False,XoX5zJLapo8
98,15,5.6,0.4025974025974026,3,0,0,False,0.030612244897959183,True,1,3,0.236,0.198,0.566,0.5525,56.25000000000003,False,False,False,False,False,False,False,True,Zv19vn3LtQ4
88,15,4.933333333333334,0.19402985074626866,0,0,0,False,0.0,True,2,0,0.581,0.0,0.419,0.9162,22.410000000000025,False,False,False,False,False,False,False,False,vVd13k5WvgI
99,18,4.555555555555555,0.20270270270270271,0,0,0,False,0.010101010101010102,True,2,1,0.425,0.061,0.514,0.8843,33.465,False,False,False,False,False,False,True,False,08xsMU1LcqY
95,17,4.647058823529412,0.20270270270270271,0,0,0,False,0.010526315789473684,True,1,1,0.439,0.063,0.498,0.8843,25.35647058823531,False,False,False,False,True,False,True,False,zO3nIIbO1nI
94,15,5.333333333333333,0.1780821917808219,0,0,0,False,0.0,True,2,0,0.574,0.0,0.426,0.91,16.77000000000001,False,False,False,False,True,False,True,True,42uIelukEog
92,15,5.2,0.18571428571428572,0,0,0,False,0.010869565217391304,True,2,1,0.418,0.07,0.512,0.8603,5.490000000000009,False,False,False,False,True,False,True,False,XpWVXIHdjeY
93,14,5.714285714285714,0.21212121212121213,0,0,0,False,0.03225806451612903,True,3,0,0.604,0.0,0.396,0.9136,11.339285714285722,False,False,False,False,True,False,True,False,HJiUzGX58N8
99,18,4.555555555555555,0.15151515151515152,0,0,0,False,0.010101010101010102,True,4,1,0.587,0.049,0.364,0.967,25.35647058823531,False,False,False,False,True,False,True,False,a_0qGPc4PHk
100,18,4.611111111111111,0.18666666666666668,0,0,0,False,0.01,True,2,0,0.435,0.0,0.565,0.8689,38.16500000000002,False,False,False,False,True,False,True,True,Lf22Z3OoCDE
28,6,3.8333333333333335,0.22727272727272727,0,0,0,False,0.03571428571428571,False,0,0,0.351,0.0,0.649,0.4019,83.32000000000004,False,False,False,False,False,False,True,False,EKNHMhbZQsU
47,9,4.333333333333333,0.25,0,2,0,False,0.06382978723404255,False,0,0,0.0,0.0,1.0,0.0,98.8675,False,False,False,False,True,False,True,False,NX5dc4SEaAI
47,8,5.0,0.17142857142857143,0,2,0,False,0.10638297872340426,False,0,0,0.0,0.0,1.0,0.0,70.33964285714288,False,False,False,False,False,False,False,False,URPnzeD8BFk
58,11,4.363636363636363,0.15555555555555556,0,0,0,False,0.05172413793103448,False,0,0,0.0,0.0,1.0,0.0,37.900000000000034,False,False,False,False,False,False,True,False,3BE3XLDFJgk
43,6,6.333333333333333,0.17647058823529413,0,3,0,False,0.09302325581395349,False,0,0,0.0,0.0,1.0,0.0,45.64500000000001,False,False,False,False,False,False,False,False,sG2vnK9hidY
80,15,4.4,0.1746031746031746,0,0,0,False,0.0375,False,0,0,0.286,0.0,0.714,0.6369,71.76785714285715,False,False,False,False,False,False,True,False,6fPfjQbaIFc
67,15,3.533333333333333,0.24,0,0,0,False,0.04477611940298507,False,0,0,0.0,0.167,0.833,-0.4215,89.51692307692309,False,False,False,False,False,False,True,False,oGlgCh-kLy8
82,13,5.384615384615385,0.1111111111111111,0,1,0,False,0.07317073170731707,True,1,0,0.156,0.185,0.659,-0.126,34.160909090909115,False,False,False,False,False,False,False,False,hZvOUdCl2V0
81,12,5.833333333333333,0.125,0,0,0,False,0.06172839506172839,True,1,0,0.0,0.0,1.0,0.0,26.470000000000027,False,False,False,False,False,False,False,False,iO-esCwRq4w
73,16,3.625,0.16981132075471697,0,0,0,False,0.0273972602739726,True,1,0,0.0,0.0,1.0,0.0,83.85357142857143,False,False,False,False,True,False,False,False,DD494QqzsYc
42,6,6.166666666666667,0.21875,0,0,0,True,0.11904761904761904,False,0,0,0.0,0.0,1.0,0.0,62.79000000000002,False,False,False,False,False,False,False,False,STj72gznXaI
55,9,5.222222222222222,0.13333333333333333,0,1,0,False,0.03636363636363636,False,0,0,0.23,0.0,0.77,0.3382,29.515000000000015,False,False,True,False,False,False,True,False,sl5T3ENh1EA
55,10,4.6,0.17073170731707318,0,0,0,False,0.03636363636363636,True,1,0,0.0,0.318,0.682,-0.6369,29.515000000000015,False,False,False,False,True,False,False,False,7D16aKs6cC8
48,7,6.0,0.12195121951219512,0,0,0,False,0.020833333333333332,False,0,0,0.0,0.294,0.706,-0.3612,18.44428571428574,False,False,False,False,False,False,True,False,xjbsUGpsZSo
42,7,5.142857142857143,0.15151515151515152,0,0,0,False,0.07142857142857142,False,0,0,0.0,0.0,1.0,0.0,32.56000000000003,False,False,False,True,False,False,False,False,iiOVpnz4UJ4
34,6,4.833333333333333,0.17857142857142858,0,1,0,False,0.029411764705882353,False,0,0,0.411,0.0,0.589,0.5411,45.64500000000001,False,False,False,False,False,False,True,False,oSIFh_iE8OM
46,7,5.714285714285714,0.11428571428571428,0,0,0,False,0.021739130434782608,True,1,0,0.0,0.0,1.0,0.0,45.64500000000001,False,False,False,False,False,False,False,False,v5fUi5hbf7s
61,12,4.166666666666667,0.18181818181818182,0,0,0,False,0.03278688524590164,True,2,0,0.0,0.0,1.0,0.0,44.405,False,False,False,False,True,False,False,False,JbD9USnd1tE
74,12,5.25,0.1694915254237288,0,0,0,False,0.05405405405405406,False,0,0,0.471,0.0,0.529,0.7906,52.86500000000001,False,False,False,False,False,False,False,False,fKvT3tCbBX0
73,12,5.166666666666667,0.15789473684210525,0,0,0,False,0.0684931506849315,False,0,0,0.0,0.0,1.0,0.0,69.78500000000001,False,False,False,False,False,False,True,False,SxAdFpMhYQU
47,8,5.0,0.21621621621621623,0,0,0,False,0.06382978723404255,False,0,0,0.0,0.0,1.0,0.0,78.87285714285717,False,False,False,False,False,True,False,False,WfbfNXo1rKk
69,14,4.0,0.1509433962264151,0,0,0,False,0.043478260869565216,False,0,0,0.0,0.0,1.0,0.0,74.805,False,False,False,False,True,False,True,False,0cYyAR1np-k
28,5,4.8,0.19047619047619047,0,0,0,True,0.10714285714285714,False,0,0,0.365,0.0,0.635,0.3182,117.16000000000003,False,False,False,False,False,False,False,True,8J48pfOUy2A
40,6,5.833333333333333,0.14705882352941177,0,0,0,False,0.025,False,0,0,0.0,0.0,1.0,0.0,49.48000000000002,False,False,False,False,False,True,False,False,ZSDymJErdCA
38,7,4.571428571428571,0.7741935483870968,4,0,0,False,0.02631578947368421,False,0,0,0.0,0.0,1.0,0.0,87.94500000000002,False,False,False,False,False,False,False,False,KGIT5NaiUkg
59,11,4.454545454545454,0.24444444444444444,2,0,0,False,0.06779661016949153,False,0,0,0.208,0.0,0.792,0.3885,47.30000000000004,False,False,False,False,False,False,False,False,AFoERDvrG-g
69,14,4.0,0.22641509433962265,2,0,0,False,0.043478260869565216,False,0,0,0.0,0.0,1.0,0.0,67.75500000000001,False,False,False,False,False,False,True,False,6XU8pd5BtNk
31,5,5.4,0.2608695652173913,0,0,0,True,0.12903225806451613,False,0,0,0.376,0.348,0.275,0.079,85.85750000000003,False,False,False,False,False,False,False,False,1hAN4kjYJbM
68,14,3.9285714285714284,0.4,3,1,0,False,0.07352941176470588,False,0,0,0.0,0.0,1.0,0.0,103.00500000000001,False,False,False,False,False,False,False,False,ttWKDF6UItc
68,13,4.3076923076923075,0.1836734693877551,0,0,0,False,0.04411764705882353,True,1,0,0.0,0.104,0.896,-0.1027,52.86500000000001,False,False,False,False,False,False,False,False,zrGGP2aomxU
55,11,4.090909090909091,0.18421052631578946,0,1,0,False,0.09090909090909091,True,1,0,0.0,0.0,1.0,0.0,50.66500000000002,False,False,False,False,False,False,False,False,dcFCFIvdn7g
27,5,4.6,0.6666666666666666,2,1,1,False,0.07407407407407407,False,0,0,0.0,0.0,1.0,0.0,83.32000000000004,False,False,False,False,False,False,False,False,nPVGFuB8jWQ
40,7,4.857142857142857,1.0,5,1,1,False,0.075,False,0,0,0.387,0.195,0.418,0.5093,59.745000000000005,False,False,False,False,False,False,True,False,aMNvuVupX8k
13,3,3.6666666666666665,1.0,3,1,0,False,0.07692307692307693,False,0,0,0.0,0.0,1.0,0.0,119.19000000000003,False,False,False,False,False,False,False,False,BMgs9-PQclY
53,11,3.909090909090909,0.21428571428571427,0,0,0,False,0.018867924528301886,False,0,0,0.0,0.0,1.0,0.0,78.24500000000002,False,False,False,False,False,False,True,False,X0H3GPz9i4o
23,3,7.0,0.125,0,2,0,False,0.13043478260869565,True,1,0,0.0,0.0,1.0,0.0,62.79000000000002,False,False,False,False,False,True,False,False,rxPGSRmHhCI
46,11,3.272727272727273,1.0,9,0,0,True,0.08695652173913043,False,0,0,0.0,0.0,1.0,0.0,116.6525,False,False,False,False,False,False,True,False,5OSjGETe7hc
32,6,4.5,1.0,6,1,0,False,0.03125,False,0,0,0.0,0.0,1.0,0.0,87.94500000000002,False,False,False,False,False,False,False,False,SOZbSY12zPY
40,8,4.125,1.0,8,1,1,False,0.05,False,0,0,0.0,0.263,0.737,-0.3595,97.025,False,False,False,False,False,False,False,False,GWZ2JM94sVc
36,8,3.625,1.0,8,0,1,False,0.027777777777777776,False,0,0,0.375,0.0,0.625,0.6369,103.54,False,False,False,False,False,False,False,False,k6js--mvfUE
39,7,4.714285714285714,1.0,7,1,0,False,0.02564102564102564,False,0,0,0.0,0.325,0.675,-0.4389,78.87285714285717,False,False,False,False,False,False,True,False,6SBF-tc9mXY
28,5,4.8,1.0,5,2,0,False,0.07142857142857142,False,0,0,0.0,0.0,1.0,0.0,117.16000000000003,False,False,False,False,False,False,False,False,vxQKbK17cc0
39,7,4.714285714285714,0.16129032258064516,0,0,0,False,0.05128205128205128,False,0,0,0.0,0.241,0.759,-0.2263,32.56000000000003,False,False,False,False,False,False,True,False,MNXago3_kIo
44,6,6.5,0.1111111111111111,0,1,0,False,0.06818181818181818,False,0,0,0.57,0.0,0.43,0.6476,15.640000000000015,True,False,False,False,False,False,False,False,SRUjlOCALSQ
79,12,5.666666666666667,0.43548387096774194,3,1,0,False,0.0759493670886076,False,0,0,0.0,0.0,1.0,0.0,35.94500000000002,False,False,False,False,False,False,False,False,puNoxIHB6iQ
19,3,5.666666666666667,0.1875,0,1,0,False,0.05263157894736842,False,0,0,0.0,0.0,1.0,0.0,90.99000000000004,False,False,False,False,False,False,False,False,3UMNG8mQjp8
39,8,4.0,0.6774193548387096,4,1,0,False,0.02564102564102564,False,0,0,0.0,0.315,0.685,-0.4981,82.39000000000001,False,False,False,False,False,False,True,False,BdQLRwdN_DE
52,10,4.3,0.16666666666666666,0,1,0,False,0.019230769230769232,False,0,0,0.0,0.0,1.0,0.0,66.40000000000003,False,False,False,False,False,False,True,False,JC6lsAeucYU
60,10,5.1,0.17391304347826086,0,1,0,False,0.08333333333333333,False,0,0,0.24,0.12,0.64,0.3595,66.10000000000002,False,False,False,False,False,False,False,False,eNWVB6l-hbg
39,6,5.666666666666667,1.0,5,2,0,False,0.10256410256410256,False,0,0,0.0,0.396,0.604,-0.508,87.94500000000002,False,False,False,False,False,False,False,False,vt7qNOjkNjs
32,5,5.6,1.0,5,0,0,False,0.0625,False,0,0,0.0,0.0,1.0,0.0,66.40000000000003,False,False,False,True,False,False,False,False,ayHjl0H4gCE
22,4,4.75,1.0,4,0,0,False,0.0,False,0,0,0.0,0.0,1.0,0.0,54.72500000000002,False,False,False,False,False,False,False,False,bhcjawkesoI
32,6,4.5,0.0,0,0,0,False,0.03125,False,0,0,0.375,0.0,0.625,0.4588,87.94500000000002,False,False,False,True,False,False,False,False,fzqaIB2_RAk
17,3,5.0,1.0,3,0,0,False,0.0,True,1,0,0.0,0.0,1.0,0.0,62.79000000000002,False,False,False,False,False,False,False,False,2AZ7nhAsAbI
14,2,6.5,0.0,0,0,0,False,0.0,True,1,0,0.0,0.0,1.0,0.0,-6.694999999999993,False,False,False,False,False,False,False,False,qdfb3QcHxlo
14,3,4.0,1.0,3,0,0,False,0.0,False,0,0,0.0,0.0,1.0,0.0,62.79000000000002,False,False,False,False,False,False,False,False,xFPgUUP7Nq8
15,3,4.333333333333333,0.14285714285714285,0,0,0,False,0.0,True,2,0,0.0,0.0,1.0,0.0,62.79000000000002,False,False,False,False,False,False,False,False,Kqn4kEN4d-Q
53,10,4.4,0.19047619047619047,0,0,0,False,0.03773584905660377,False,0,0,0.0,0.0,1.0,0.0,50.66500000000002,False,False,False,False,True,False,False,False,Dc9opKVeAt4
45,8,4.75,0.16666666666666666,0,0,0,False,0.044444444444444446,False,0,0,0.0,0.0,1.0,0.0,3.344999999999999,False,False,False,True,True,False,False,False,MZ7BnUgKyXQ
49,10,4.0,0.21052631578947367,0,0,0,False,0.04081632653061224,False,0,0,0.0,0.0,1.0,0.0,61.24000000000001,False,False,False,False,True,False,False,False,z2gQaxjrBt8
46,9,4.222222222222222,0.19444444444444445,0,0,0,False,0.043478260869565216,False,0,0,0.0,0.0,1.0,0.0,18.44428571428574,False,False,False,True,True,False,True,False,3mIuVHM3EOQ
53,10,4.4,0.19047619047619047,0,0,0,False,0.03773584905660377,False,0,0,0.0,0.0,1.0,0.0,40.09,False,False,False,False,True,False,False,False,PCpKgjtwvd0
50,9,4.666666666666667,0.15,0,0,0,False,0.04,False,0,0,0.292,0.222,0.486,0.25,6.35857142857148,False,False,False,True,True,False,False,False,cx8LneNK6i4
57,11,4.2727272727272725,0.2,0,0,0,False,0.03508771929824561,False,0,0,0.0,0.0,1.0,0.0,66.10000000000002,False,False,False,False,True,True,False,False,Y33bAcwUO_A
56,10,4.7,0.17777777777777778,0,0,0,False,0.03571428571428571,False,0,0,0.174,0.0,0.826,0.2263,40.09,False,False,False,False,True,False,False,False,OmNiAteIJAo
53,9,5.0,0.16279069767441862,0,0,0,False,0.03773584905660377,False,0,0,0.245,0.0,0.755,0.3818,-5.727142857142809,False,False,False,True,True,False,False,False,xKa7Zv0cdMc
52,10,4.3,0.1951219512195122,0,0,0,False,0.038461538461538464,False,0,0,0.0,0.0,1.0,0.0,50.66500000000002,False,False,False,False,True,False,False,False,NYSvxlanhfE
51,11,3.727272727272727,0.20512820512820512,0,0,0,False,0.0392156862745098,False,0,0,0.0,0.0,1.0,0.0,47.30000000000004,False,False,False,True,True,False,False,False,dDNk-qzq-y4
54,10,4.5,0.18604651162790697,0,0,0,False,0.037037037037037035,False,0,0,0.0,0.211,0.789,-0.34,40.09,False,False,False,False,True,False,False,False,_00UszJSQ4g
56,9,5.333333333333333,0.13043478260869565,0,0,0,False,0.03571428571428571,False,0,0,0.2,0.0,0.8,0.25,6.35857142857148,False,False,False,True,True,False,False,False,YSUYofIs4DI
54,11,4.0,0.21428571428571427,0,0,0,False,0.037037037037037035,False,0,0,0.0,0.0,1.0,0.0,56.70000000000002,False,False,False,False,True,False,False,False,Ihsn0wNHErE
52,9,4.888888888888889,0.14285714285714285,0,0,0,False,0.038461538461538464,False,0,0,0.0,0.0,1.0,0.0,6.35857142857148,False,False,False,True,True,False,False,False,Kx0ZH5kd3Ng
56,10,4.7,0.17777777777777778,0,0,0,False,0.03571428571428571,False,0,0,0.0,0.0,1.0,0.0,29.515000000000015,False,False,False,False,True,False,False,False,hXqAi0csI6w
50,8,5.375,0.14634146341463414,0,0,0,False,0.04,False,0,0,0.0,0.0,1.0,0.0,-10.754999999999995,False,False,False,True,True,False,False,False,bR1-UMvNm0w
51,10,4.2,0.2,0,0,0,False,0.0392156862745098,False,0,0,0.0,0.0,1.0,0.0,50.66500000000002,False,False,False,False,True,False,False,False,OXqXi8jJKpU
47,9,4.333333333333333,0.16216216216216217,0,0,0,False,0.0425531914893617,False,0,0,0.0,0.259,0.741,-0.4215,30.53000000000003,False,False,False,True,True,False,False,False,nGDdupaJBRM
50,10,4.1,0.20512820512820512,0,0,0,False,0.04,False,0,0,0.0,0.0,1.0,0.0,61.24000000000001,False,False,False,False,True,False,False,False,aAL2Sx0vY0U
80,14,4.785714285714286,0.13114754098360656,0,0,0,False,0.075,False,0,1,0.162,0.0,0.838,0.4019,19.025000000000006,False,False,False,True,True,False,False,False,QqbZUMJqqWw
60,10,5.1,0.12244897959183673,0,0,0,False,0.03333333333333333,False,0,0,0.0,0.274,0.726,-0.5267,-2.2099999999999795,False,False,False,True,True,False,False,False,bMyb3DzrXds
48,8,5.125,0.15384615384615385,0,0,0,False,0.041666666666666664,False,0,0,0.0,0.0,1.0,0.0,-10.754999999999995,False,False,False,True,True,False,False,False,xGLV9lNRBdA
42,8,4.375,0.18181818181818182,0,0,0,False,0.047619047619047616,False,0,0,0.0,0.0,1.0,0.0,59.745000000000005,False,False,False,False,False,False,False,False,1BDr-QIwgoU
45,8,4.75,0.16666666666666666,0,0,0,False,0.044444444444444446,False,0,0,0.0,0.0,1.0,0.0,45.64500000000001,False,False,False,False,False,False,False,False,TVPfQJSriiE
56,7,7.142857142857143,0.14,0,0,0,False,0.0,False,0,0,0.268,0.0,0.732,0.296,30.53000000000003,False,False,False,False,True,False,False,False,Fqp34BHxCIE
24,3,7.333333333333333,0.14285714285714285,0,0,0,False,0.041666666666666664,False,0,0,0.0,0.0,1.0,0.0,6.390000000000015,False,False,False,False,True,False,False,False,H-eVs51869w
26,6,3.5,1.0,5,1,0,False,0.07692307692307693,False,0,0,0.0,0.0,1.0,0.0,83.32000000000004,False,False,False,False,True,False,True,False,Q8x8B3iCQXI
99,16,5.25,0.16049382716049382,0,0,0,False,0.030303030303030304,False,0,0,0.0,0.091,0.909,-0.128,47.83250000000001,False,False,False,False,True,False,False,False,MBcW1sKLvtc
50,11,3.6363636363636362,1.0,10,1,0,False,0.04,False,0,0,0.0,0.0,1.0,0.0,78.24500000000002,False,False,False,False,True,False,True,False,mvuTeo__BKo
35,7,4.142857142857143,1.0,6,1,0,False,0.05714285714285714,False,0,0,0.0,0.0,1.0,0.0,45.64500000000001,False,False,False,False,True,False,True,False,V1gGbcR0ZNA
42,9,3.7777777777777777,1.0,8,1,0,False,0.047619047619047616,False,0,0,0.0,0.0,1.0,0.0,61.24000000000001,False,False,False,False,True,False,True,False,RhMhNC7eheQ
32,7,3.7142857142857144,1.0,6,1,0,False,0.0625,False,0,0,0.465,0.0,0.535,0.7371,73.84500000000001,False,False,False,False,True,False,True,False,gIr9wh2Wdw8
44,9,4.0,0.23529411764705882,0,0,0,False,0.045454545454545456,False,0,0,0.0,0.0,1.0,0.0,42.61571428571432,False,False,False,False,True,False,False,False,s4LgayXjv7k
76,13,4.923076923076923,0.2,0,2,0,False,0.05263157894736842,False,0,0,0.0,0.0,1.0,0.0,34.160909090909115,False,False,False,False,True,False,False,False,BhOb0YCzIVw
59,10,5.0,0.1956521739130435,0,2,0,False,0.06779661016949153,False,0,0,0.0,0.0,1.0,0.0,18.940000000000026,False,False,False,False,True,False,False,False,mjXEM1JPC1Y
33,7,3.857142857142857,1.0,6,0,0,False,0.030303030303030304,False,0,0,0.396,0.0,0.604,0.6037,73.84500000000001,False,False,False,False,True,True,True,False,2Ua785n_piE
50,11,3.6363636363636362,0.6944444444444444,6,1,0,False,0.06,True,1,0,0.238,0.0,0.762,0.481,66.10000000000002,False,False,False,False,True,False,False,False,4aTyJay2T0w
42,7,5.142857142857143,1.0,6,0,0,False,0.023809523809523808,False,0,0,0.425,0.0,0.575,0.6633,17.44500000000002,False,False,False,False,True,False,True,False,aPxnfOJNq4Q
36,7,4.285714285714286,1.0,6,0,0,False,0.0,False,0,0,0.0,0.0,1.0,0.0,66.7871428571429,False,False,False,False,True,False,True,False,9Mww7ZSXMUA
40,7,4.857142857142857,1.0,6,0,0,False,0.0,False,0,0,0.0,0.0,1.0,0.0,54.70142857142861,False,False,False,False,True,False,True,False,YgnyjPuB64o
57,12,3.8333333333333335,0.23255813953488372,0,1,0,False,0.05263157894736842,False,0,0,0.0,0.147,0.853,-0.2244,83.32000000000004,False,False,False,False,True,True,True,False,JkeV6IZ2Q8U
53,9,5.0,0.16666666666666666,0,1,0,False,0.05660377358490566,False,0,0,0.0,0.0,1.0,0.0,42.61571428571432,False,False,False,False,True,False,False,False,K0UFhPzEV-g
45,9,4.111111111111111,0.20588235294117646,0,1,0,False,0.06666666666666667,False,0,0,0.0,0.0,1.0,0.0,66.7871428571429,False,False,False,False,True,False,False,False,BtXaVfSPvEs
58,12,3.9166666666666665,0.22727272727272727,0,1,0,False,0.05172413793103448,False,0,0,0.0,0.0,1.0,0.0,57.940000000000026,False,False,False,False,True,False,True,False,i0hqRZRpRC8
27,6,3.6666666666666665,1.0,4,0,0,False,0.0,True,1,0,0.0,0.0,1.0,0.0,73.84500000000001,False,False,False,False,True,False,True,False,2wKcbRKv5jE
42,7,5.142857142857143,1.0,5,0,0,False,0.0,False,0,0,0.341,0.0,0.659,0.4767,30.53000000000003,False,False,False,False,True,False,True,False,eSDJ9iF1fkc
52,9,4.888888888888889,0.17073170731707318,0,1,0,False,0.057692307692307696,False,0,0,0.0,0.272,0.728,-0.4574,42.61571428571432,False,False,False,False,True,False,False,False,S9lsShlQYkE
50,11,3.6363636363636362,0.24324324324324326,0,1,0,False,0.06,False,0,0,0.174,0.245,0.581,-0.2714,75.50000000000003,False,False,False,False,True,False,True,False,5QvG1HdVpjY
63,12,4.333333333333333,0.20408163265306123,0,1,0,False,0.047619047619047616,False,0,0,0.0,0.0,1.0,0.0,83.32000000000004,False,False,False,False,True,True,False,False,-kSFMTk84n8
92,15,5.133333333333334,0.04918032786885246,0,0,0,False,0.17391304347826086,False,0,1,0.231,0.0,0.769,0.4939,69.99384615384618,False,False,False,False,True,False,False,False,cPOtaX-vA0w
94,15,5.266666666666667,0.045454545454545456,0,0,0,False,0.13829787234042554,False,0,1,0.269,0.0,0.731,0.7096,69.99384615384618,False,False,False,False,True,False,False,False,OJpCrFkt_v0
95,20,3.8,0.05357142857142857,0,0,0,False,0.21052631578947367,False,0,1,0.061,0.0,0.939,0.0772,89.865,False,False,False,False,True,False,False,False,e5XdQXuwP_A
97,15,5.533333333333333,0.046875,0,0,0,False,0.1958762886597938,False,0,1,0.15,0.0,0.85,0.4588,56.97846153846157,False,False,False,False,True,False,False,False,aFDmYzXl9_s
94,19,4.0,0.08928571428571429,0,0,0,False,0.2127659574468085,False,0,1,0.125,0.0,0.875,0.4588,79.5575,False,False,False,False,True,False,False,False,14LwXx0TM5g
89,16,4.5625,0.10344827586206896,0,0,0,False,0.16853932584269662,False,0,1,0.158,0.0,0.842,0.4588,60.70500000000001,False,False,False,False,True,False,False,False,w3VaENEckPE
95,18,4.333333333333333,0.08771929824561403,0,0,0,False,0.22105263157894736,False,0,1,0.126,0.0,0.874,0.3818,78.81000000000003,False,False,False,False,True,False,False,False,vGnR2nsDetA
93,19,3.9473684210526314,0.08928571428571429,0,0,0,False,0.20430107526881722,False,0,1,0.125,0.0,0.875,0.4588,80.09764705882354,False,False,False,False,True,False,False,False,_REhxAA-YF4
99,19,4.2631578947368425,0.08333333333333333,0,0,0,False,0.21212121212121213,False,0,1,0.125,0.0,0.875,0.4588,80.09764705882354,False,False,False,False,True,False,False,False,bfjW3NopGjQ
92,15,5.2,0.047619047619047616,0,0,0,False,0.16304347826086957,False,0,0,0.3,0.0,0.7,0.8074,60.70500000000001,False,False,False,False,True,False,False,False,OmA5vrswDD8
97,16,5.0625,0.046875,0,0,0,False,0.17525773195876287,False,0,1,0.0,0.0,1.0,0.0,50.610000000000014,False,False,False,False,True,False,False,False,FIZOLe13td8
99,19,4.2631578947368425,0.05,0,0,0,False,0.21212121212121213,False,0,1,0.125,0.0,0.875,0.4588,85.16499999999999,False,False,False,False,True,False,False,False,h8H7OM34hVE
98,17,4.823529411764706,0.05357142857142857,0,1,0,False,0.2653061224489796,False,0,2,0.231,0.0,0.769,0.7424,83.09903846153848,False,False,False,False,True,False,False,False,ckU2AGkV5II
97,18,4.444444444444445,0.05263157894736842,0,0,0,False,0.23711340206185566,False,0,1,0.224,0.0,0.776,0.6705,79.5575,False,False,False,False,True,False,False,False,SOgxVEeNPnU
77,16,3.875,0.06382978723404255,0,0,0,False,0.19480519480519481,False,0,0,0.241,0.0,0.759,0.6908,77.81071428571428,False,False,False,False,True,False,False,False,QR5-71b73L0
100,18,4.555555555555555,0.03225806451612903,0,0,1,False,0.2,False,0,1,0.13,0.0,0.87,0.4588,86.42250000000001,False,False,False,False,True,False,False,False,DsLQD229OiA
91,14,5.571428571428571,0.05172413793103448,0,0,0,False,0.21978021978021978,False,0,1,0.143,0.0,0.857,0.4588,67.75500000000001,False,False,False,False,True,False,False,False,afdV8VBadoc
90,19,3.789473684210526,0.06,0,0,0,False,0.24444444444444444,False,0,2,0.125,0.0,0.875,0.4588,78.81000000000003,False,False,False,False,True,False,False,False,zjUYBLa94oo
77,14,4.571428571428571,0.06666666666666667,0,0,0,False,0.24675324675324675,False,0,1,0.158,0.0,0.842,0.4588,74.805,False,False,False,False,True,False,False,False,Zg8dzJJlaBw
92,15,5.2,0.09090909090909091,0,0,0,False,0.13043478260869565,False,0,1,0.15,0.0,0.85,0.4588,26.470000000000027,False,False,False,False,True,False,False,False,9ngv_2k9PvI
96,14,5.857142857142857,0.07352941176470588,0,0,0,False,0.14583333333333334,False,0,1,0.158,0.0,0.842,0.4588,41.8518181818182,False,False,False,False,True,False,False,False,_dmuh9JILPs
87,18,3.888888888888889,0.06,0,0,0,False,0.22988505747126436,False,0,1,0.067,0.0,0.933,0.0772,79.5575,False,False,False,False,True,False,False,False,D7n_FIJ_SKs
92,18,4.111111111111111,0.11290322580645161,0,0,0,False,0.13043478260869565,False,0,1,0.13,0.0,0.87,0.4588,78.81000000000003,False,False,False,False,True,False,False,False,J4VJhPE5r7g
94,20,3.75,0.08928571428571429,0,0,0,False,0.20212765957446807,False,0,1,0.194,0.0,0.806,0.7184,80.09764705882354,False,False,False,False,True,False,False,False,UIWyj6XTzmM
80,14,4.785714285714286,0.058823529411764705,0,0,0,False,0.2,False,0,1,0.158,0.0,0.842,0.4588,74.805,False,False,False,False,True,False,False,False,XJyAXfUQyZM
98,21,3.7142857142857144,0.05357142857142857,0,0,0,False,0.22448979591836735,False,0,1,0.115,0.0,0.885,0.4588,85.13947368421054,False,False,False,False,True,False,False,False,GquDP3TNNaE
92,17,4.470588235294118,0.05263157894736842,0,0,0,False,0.20652173913043478,False,0,1,0.136,0.0,0.864,0.4588,73.17000000000003,False,False,False,False,True,False,False,False,7gs4E1EoA7g
94,18,4.277777777777778,0.0967741935483871,0,0,0,False,0.1595744680851064,False,0,1,0.13,0.0,0.87,0.4588,56.25000000000003,False,False,False,False,True,False,False,False,r0sajVl8FHE
94,16,4.9375,0.05,0,0,0,False,0.20212765957446807,False,0,1,0.0,0.116,0.884,-0.2732,77.81071428571428,False,False,False,True,True,False,False,False,q5QO7SMkiDI
90,15,5.066666666666666,0.06557377049180328,0,0,0,False,0.16666666666666666,False,0,2,0.234,0.0,0.766,0.7003,74.805,False,False,False,False,False,False,False,False,Zb0FqY5kD08
87,14,5.285714285714286,0.1267605633802817,0,0,0,False,0.034482758620689655,False,0,1,0.275,0.0,0.725,0.6908,67.75500000000001,False,False,False,False,False,False,False,False,noOxBMvukgE
94,15,5.333333333333333,0.09375,0,1,0,False,0.1702127659574468,False,0,0,0.162,0.0,0.838,0.4389,83.09903846153848,False,False,False,False,False,False,False,False,HPgBapXEv0c
98,16,5.1875,0.07692307692307693,0,0,0,False,0.1836734693877551,False,0,1,0.0,0.116,0.884,-0.2732,63.486153846153854,False,False,False,False,True,False,False,False,F4nhJDvGLKM
69,14,3.9285714285714284,0.1590909090909091,0,0,0,False,0.15942028985507245,False,0,1,0.391,0.0,0.609,0.8402,80.30636363636367,False,False,False,False,True,False,False,False,m__-r6Gi3P0
99,20,4.0,0.031746031746031744,0,0,0,False,0.1717171717171717,False,0,2,0.214,0.0,0.786,0.7184,68.9825,False,False,False,False,True,False,False,False,QIsHTOfT38M
88,15,4.933333333333334,0.08064516129032258,0,0,0,False,0.13636363636363635,False,0,1,0.15,0.0,0.85,0.4588,60.70500000000001,False,False,False,False,True,False,False,False,O2x2DhyvFrI
91,17,4.411764705882353,0.05660377358490566,0,0,0,False,0.24175824175824176,False,0,1,0.136,0.0,0.864,0.4588,84.45000000000003,False,False,False,False,True,False,False,False,E1Qvf9erWZg
82,17,3.8823529411764706,0.10638297872340426,0,0,0,False,0.23170731707317074,False,0,1,0.136,0.0,0.864,0.4588,77.81071428571428,False,False,False,False,True,False,False,False,ykoy1lvpFWI
97,17,4.764705882352941,0.05172413793103448,0,1,0,False,0.23711340206185566,False,0,1,0.0,0.17,0.83,-0.5411,86.42250000000001,False,False,False,False,True,False,False,False,rC2rOCv823A
79,15,4.266666666666667,0.061224489795918366,0,0,0,False,0.189873417721519,False,0,1,0.15,0.0,0.85,0.4588,76.50153846153849,False,False,False,False,True,False,False,False,DY24oUryOQQ
80,17,3.764705882352941,0.10869565217391304,0,0,0,False,0.225,False,0,1,0.136,0.0,0.864,0.4588,77.81071428571428,False,False,False,False,True,False,False,False,YArLJT5nNMw
89,17,4.294117647058823,0.058823529411764705,0,0,0,False,0.24719101123595505,False,0,1,0.071,0.0,0.929,0.0772,90.09000000000002,False,False,False,False,True,False,False,False,NYHV5GWadS8
86,17,4.117647058823529,0.08928571428571429,0,0,0,False,0.16279069767441862,False,0,1,0.136,0.0,0.864,0.4588,77.81071428571428,False,False,False,False,True,False,False,False,4Re18ngs2gc
78,14,4.642857142857143,0.09615384615384616,0,0,0,False,0.16666666666666666,False,0,1,0.158,0.0,0.842,0.4588,72.61545454545457,False,False,False,False,True,False,False,False,QGjpW54P6os
99,19,4.2631578947368425,0.03636363636363636,0,0,0,False,0.26262626262626265,False,0,1,0.125,0.0,0.875,0.4588,95.02705882352943,False,False,False,False,False,False,False,False,RpEU0c8-Ldw
96,20,3.8,0.09090909090909091,0,0,0,False,0.21875,False,0,1,0.12,0.0,0.88,0.4588,90.05058823529413,False,False,False,False,True,False,False,False,r27eBcg0LK0
87,17,4.176470588235294,0.09433962264150944,0,0,0,False,0.20689655172413793,False,0,1,0.136,0.0,0.864,0.4588,78.81000000000003,False,False,False,False,True,False,False,False,9G8GMsh_aj0
88,18,3.9444444444444446,0.08928571428571429,0,0,0,False,0.17045454545454544,False,0,1,0.13,0.0,0.87,0.4588,78.81000000000003,False,False,False,False,True,False,False,False,8T1rgxzgUyE
86,18,3.8333333333333335,0.1111111111111111,0,0,0,False,0.1744186046511628,False,0,1,0.0,0.104,0.896,-0.2732,67.53000000000003,False,False,False,False,True,False,False,False,4XBAZ5Ivtgc
92,19,3.8947368421052633,0.10909090909090909,0,0,0,False,0.20652173913043478,False,0,1,0.064,0.0,0.936,0.0772,68.9825,False,False,False,False,True,False,False,False,JfDOMyj0b_Q
81,14,4.857142857142857,0.18032786885245902,0,0,0,False,0.037037037037037035,True,1,0,0.447,0.0,0.553,0.836,53.655,False,False,False,False,True,False,False,False,FsBrCqozAFw
69,12,4.833333333333333,0.17307692307692307,0,0,0,False,0.057971014492753624,True,1,0,0.276,0.0,0.724,0.6369,26.470000000000027,False,False,False,False,False,False,False,False,sP3BZUQBUZE
72,12,5.083333333333333,0.23728813559322035,1,0,0,False,0.027777777777777776,False,0,0,0.0,0.238,0.762,-0.5319,64.9245454545455,False,False,False,False,False,False,False,False,WClYPufq5ec
58,11,4.363636363636363,0.20930232558139536,0,1,1,False,0.05172413793103448,True,1,0,0.282,0.0,0.718,0.3687,101.27068181818181,False,False,False,False,False,False,False,False,CHmv2qMLvgI
71,13,4.538461538461538,0.17307692307692307,0,0,0,False,0.014084507042253521,True,2,0,0.0,0.0,1.0,0.0,53.655,True,False,False,False,True,True,False,False,Th1N7aTROP8
58,11,4.363636363636363,0.19047619047619047,0,0,0,False,0.034482758620689655,True,1,0,0.0,0.0,1.0,0.0,80.30636363636367,False,False,False,False,False,False,False,False,nfQ7rTt_CXY
91,15,5.133333333333334,0.18461538461538463,0,0,0,False,0.07692307692307693,True,2,0,0.0,0.0,1.0,0.0,63.486153846153854,False,False,False,False,False,False,False,False,d0MN8pWL1s4
74,15,4.0,0.2,0,0,0,False,0.06756756756756757,False,0,0,0.378,0.0,0.622,0.836,60.70500000000001,False,False,False,False,False,False,False,False,rsfwcuWi5ng
98,14,6.071428571428571,0.1375,0,1,0,False,0.05102040816326531,False,0,0,0.139,0.0,0.861,0.2714,-10.754999999999995,False,False,False,False,False,False,False,False,CvklePWnVMA
95,17,4.647058823529412,0.16666666666666666,1,0,0,False,0.06315789473684211,True,1,0,0.286,0.0,0.714,0.7184,35.5107142857143,False,False,False,False,False,False,False,False,lfYgrishSwE
86,14,5.214285714285714,0.15151515151515152,0,0,0,False,0.03488372093023256,True,1,0,0.122,0.0,0.878,0.2023,63.486153846153854,False,False,False,False,False,False,False,False,ro6sGkCNFC0
93,16,4.875,0.16901408450704225,0,0,0,False,0.06451612903225806,True,1,0,0.219,0.0,0.781,0.6369,44.97000000000003,False,False,False,False,False,False,False,False,e_x1pICJZK0
99,16,5.25,0.14864864864864866,0,0,0,False,0.06060606060606061,True,1,0,0.219,0.0,0.781,0.6369,17.382142857142867,False,False,False,False,False,False,False,False,wxqWqjc2F0E
84,14,5.071428571428571,0.16129032258064516,0,0,0,False,0.05952380952380952,True,1,0,0.0,0.0,1.0,0.0,37.455384615384645,False,False,False,False,False,False,False,False,SetuGVtO9xA
89,18,4.0,0.22807017543859648,0,0,0,False,0.10112359550561797,True,2,0,0.223,0.0,0.777,0.5574,92.965,False,False,False,False,False,False,False,False,juNF1njjnuc
99,19,4.2631578947368425,0.2054794520547945,0,0,0,False,0.0707070707070707,True,1,0,0.135,0.0,0.865,0.4215,82.39000000000001,False,False,False,False,False,False,False,False,H53LhmxJho8
96,19,4.105263157894737,0.2,0,0,0,False,0.08333333333333333,False,0,0,0.0,0.0,1.0,0.0,66.5275,False,False,False,False,False,False,False,False,ncbzV6OWPss
91,17,4.352941176470588,0.17647058823529413,0,0,0,False,0.06593406593406594,False,0,0,0.208,0.0,0.792,0.6369,54.70142857142861,False,False,False,False,False,False,False,False,nl_u4aZrh2I
89,17,4.294117647058823,0.22058823529411764,0,0,0,False,0.056179775280898875,False,0,0,0.208,0.0,0.792,0.6369,78.81000000000003,False,False,False,False,False,False,False,False,5ktI-HVyN4Q
99,20,4.0,0.2571428571428571,1,0,0,False,0.08080808080808081,True,1,0,0.087,0.0,0.913,0.2023,60.19176470588238,False,False,False,False,False,False,False,False,fxzuIQEFtY8
95,14,5.857142857142857,0.17567567567567569,1,0,0,False,0.07368421052631578,True,1,0,0.0,0.0,1.0,0.0,17.932307692307717,False,False,False,False,False,False,False,False,WvXHH7Jhg_Y
82,15,4.533333333333333,0.20634920634920634,1,0,0,False,0.06097560975609756,False,0,1,0.0,0.0,1.0,0.0,39.55500000000001,False,False,False,False,False,False,False,False,mO6jXJ-uebw
85,18,3.7777777777777777,0.22807017543859648,0,0,0,False,0.08235294117647059,True,1,0,0.198,0.0,0.802,0.6369,73.17000000000003,False,False,False,False,False,False,False,False,i4brxlyjUzM
95,19,4.052631578947368,0.21212121212121213,0,0,0,False,0.07368421052631578,True,1,0,0.189,0.0,0.811,0.6369,60.19176470588238,False,False,False,False,False,False,False,False,z8_Ry6SsiC8
98,18,4.5,0.35714285714285715,3,0,0,False,0.07142857142857142,True,1,0,0.225,0.0,0.775,0.7125,42.545000000000016,False,False,False,False,False,False,False,False,R_BJF5VVYuo
76,14,4.5,0.18032786885245902,0,0,0,False,0.02631578947368421,False,0,0,0.0,0.0,1.0,0.0,43.963076923076954,False,False,False,False,False,False,False,False,oIiWmnVvZLA
85,16,4.375,0.18032786885245902,0,0,0,False,0.058823529411764705,True,1,0,0.219,0.0,0.781,0.6369,43.963076923076954,False,False,False,False,False,False,False,False,TuB7XKKe81c
96,15,5.466666666666667,0.19444444444444445,0,0,0,False,0.0625,True,1,0,0.27,0.0,0.73,0.5859,43.963076923076954,False,False,False,False,False,False,False,False,8df6i1G9G0M
89,13,5.923076923076923,0.1917808219178082,0,0,0,False,0.0449438202247191,False,0,0,0.0,0.0,1.0,0.0,32.504999999999995,False,False,False,False,False,False,False,False,jax6yZsvAXQ
60,9,5.777777777777778,0.20408163265306123,1,1,0,False,0.05,False,0,0,0.0,0.0,1.0,0.0,40.09,False,False,False,False,False,False,False,False,Zc_vqWE4Etc
94,15,5.333333333333333,0.2361111111111111,1,0,0,False,0.0425531914893617,True,1,0,0.167,0.0,0.833,0.4215,30.947692307692336,False,False,False,False,False,False,False,False,SgPEwVYHsmE
92,15,5.2,0.1917808219178082,0,0,0,False,0.05434782608695652,False,0,0,0.114,0.0,0.886,0.2023,47.59642857142859,False,False,False,False,False,False,False,False,DqGf5T7NAK4
100,16,5.3125,0.2727272727272727,1,0,0,False,0.04,True,1,0,0.0,0.0,1.0,0.0,39.33000000000001,False,False,False,False,True,False,False,False,f1Xxc-1PECE
93,17,4.529411764705882,0.19402985074626866,0,1,1,False,0.053763440860215055,True,2,0,0.0,0.215,0.785,-0.6588,77.1025,False,False,False,False,False,False,False,False,aIJ0UTI9d9M
100,16,5.3125,0.17333333333333334,0,0,0,False,0.06,True,1,0,0.0,0.0,1.0,0.0,53.639285714285734,False,False,False,False,False,False,False,False,1xrlZgNlJU8
86,13,5.6923076923076925,0.17142857142857143,0,0,0,False,0.046511627906976744,False,0,0,0.0,0.0,1.0,0.0,60.70500000000001,False,False,False,False,False,False,False,False,sfjSAEBhTIA
95,17,4.647058823529412,0.2054794520547945,1,0,0,False,0.05263157894736842,True,1,0,0.0,0.0,1.0,0.0,73.17000000000003,False,False,False,False,False,False,False,False,8eCp86W6fgU
84,13,5.538461538461538,0.171875,0,1,0,False,0.047619047619047616,True,1,0,0.0,0.0,1.0,0.0,59.745000000000005,False,False,False,False,False,False,False,False,D7icuddlLxU
91,19,3.8421052631578947,0.25757575757575757,1,0,0,False,0.06593406593406594,True,1,0,0.332,0.061,0.608,0.8455,33.690000000000026,False,False,False,False,False,False,False,False,3Fo4C843EA4
80,15,4.4,0.19672131147540983,0,0,0,False,0.0625,False,0,0,0.223,0.085,0.691,0.5574,63.486153846153854,False,False,False,False,False,False,False,False,0KXyY70yIgA
71,15,3.8,0.2692307692307692,1,0,0,False,0.07042253521126761,False,0,0,0.231,0.0,0.769,0.6369,60.70500000000001,False,False,False,False,False,False,False,False,fgvH8fcd3MM
80,15,4.4,0.21818181818181817,1,0,0,False,0.05,True,3,0,0.24,0.0,0.76,0.4767,47.59642857142859,False,False,False,False,False,False,False,False,FvDbaBzJowg
43,8,4.5,0.45714285714285713,3,0,1,False,0.023255813953488372,False,0,0,0.0,0.0,1.0,0.0,92.965,False,False,False,False,False,False,False,False,LKzuonm1swo
53,9,5.0,0.23255813953488372,1,1,0,False,0.03773584905660377,False,0,0,0.0,0.0,1.0,0.0,47.30000000000004,False,False,False,False,False,False,False,False,BJ7bhI1eZ4I
59,9,5.666666666666667,0.625,4,0,0,False,0.05084745762711865,False,0,1,0.0,0.0,1.0,0.0,8.365000000000009,False,False,False,False,False,False,False,False,6eSZJPbOYJM
97,15,5.533333333333333,0.2236842105263158,1,0,0,False,0.07216494845360824,False,0,0,0.209,0.0,0.791,0.5719,25.455000000000013,False,False,False,False,False,False,False,False,cz1623QTE3I
100,17,4.9411764705882355,0.175,0,0,0,False,0.04,False,0,0,0.318,0.0,0.682,0.7906,47.83250000000001,False,False,False,False,False,False,False,False,qNFXDkuGGMY
78,17,3.6470588235294117,0.15789473684210525,0,0,0,False,0.038461538461538464,True,1,0,0.0,0.0,1.0,0.0,59.68214285714288,True,False,False,False,False,False,True,False,Awi6q8G-gtk
65,10,5.6,0.16363636363636364,0,0,0,False,0.015384615384615385,False,0,0,0.0,0.0,1.0,0.0,37.900000000000034,False,False,False,False,False,False,False,False,Wos5-WB42Fc
86,14,5.214285714285714,0.1323529411764706,0,0,0,False,0.05813953488372093,False,0,0,0.156,0.0,0.844,0.34,53.655,False,False,False,False,False,False,False,False,2C_YfaSVzII
59,10,4.9,0.13636363636363635,0,0,0,False,0.01694915254237288,True,1,0,0.0,0.0,1.0,0.0,56.70000000000002,False,False,False,False,False,False,False,False,IrK8PaCopz8
25,4,5.5,0.19047619047619047,0,0,0,False,0.04,False,0,0,0.0,0.0,1.0,0.0,54.72500000000002,False,False,False,False,False,False,False,False,xtDSLw7ddT8
10,1,10.0,1.0,1,0,0,False,0.0,False,0,0,0.0,0.0,1.0,0.0,-47.97999999999996,False,False,False,False,False,False,False,False,h_2jI3L4HYc
17,3,5.0,0.14285714285714285,0,0,0,False,0.0,True,1,0,0.0,0.0,1.0,0.0,34.59000000000003,False,False,False,False,False,False,False,False,Z6ZNU8PjQek
12,2,5.5,1.0,1,0,0,False,0.0,True,1,0,0.0,0.0,1.0,0.0,77.90500000000002,False,False,False,False,False,False,False,False,qAumh9qUY0o
18,3,5.333333333333333,1.0,2,0,0,False,0.05555555555555555,False,0,1,0.583,0.0,0.417,0.6369,-6.694999999999993,False,False,False,False,False,False,False,False,DlrBN8FPJsc
28,4,6.25,0.14285714285714285,0,0,0,False,0.0,True,1,0,0.0,0.0,1.0,0.0,-8.724999999999994,False,False,False,False,False,False,False,False,WTzOVMIg7n0
12,2,5.5,0.18181818181818182,0,0,0,False,0.0,False,0,0,0.0,0.0,1.0,0.0,120.20500000000001,False,False,False,False,False,False,False,False,5qvITOOJxcY
24,3,7.333333333333333,0.13636363636363635,0,0,0,False,0.0,False,0,0,0.0,0.0,1.0,0.0,34.59000000000003,False,False,False,False,False,False,False,False,keffeSubM5Y
16,2,7.5,0.13333333333333333,0,0,0,False,0.0,False,0,0,0.0,0.0,1.0,0.0,-48.994999999999976,False,False,False,False,False,False,False,False,oAXvMusGGfw
24,4,5.25,0.21052631578947367,0,0,0,False,0.08333333333333333,False,0,0,0.0,0.0,1.0,0.0,97.025,False,False,False,False,False,False,False,False,f9VpRkaaB0M
20,3,6.0,0.14285714285714285,0,0,0,False,0.0,True,1,0,0.0,0.0,1.0,0.0,34.59000000000003,False,False,False,False,False,False,False,False,99R4KsleHo0
64,11,4.818181818181818,0.1836734693877551,1,0,0,False,0.0625,False,0,0,0.0,0.0,1.0,0.0,18.77909090909094,False,False,False,False,False,False,True,False,jBKeUWaqkok
56,9,5.111111111111111,0.17391304347826086,0,0,0,False,0.0,False,0,0,0.238,0.0,0.762,0.3612,9.700000000000017,False,False,False,False,False,False,False,False,gKDHPI4hUcw
17,4,3.5,0.2,0,0,0,False,0.0,True,1,0,0.0,0.0,1.0,0.0,97.025,False,False,False,False,False,False,False,False,VvOUfiQ8R2E
24,4,5.25,1.0,4,0,0,False,0.0,False,0,0,0.0,0.0,1.0,0.0,54.72500000000002,False,False,False,False,False,False,False,False,PcdgeB9k_Lk
20,4,4.25,1.0,4,0,0,False,0.0,False,0,0,0.0,0.0,1.0,0.0,97.025,False,False,False,False,False,False,False,False,wHnbtrUhBZU
53,9,5.0,0.3953488372093023,3,0,0,False,0.03773584905660377,False,0,0,0.0,0.0,1.0,0.0,75.50000000000003,False,False,False,False,False,False,False,False,qoh26BkpiJc
16,2,7.5,0.13333333333333333,0,0,0,False,0.0,False,0,0,0.787,0.0,0.213,0.5719,-48.994999999999976,False,False,False,False,True,False,False,False,PPyubyVWYyQ
42,7,5.142857142857143,0.2222222222222222,1,0,0,False,0.0,False,0,0,0.0,0.0,1.0,0.0,30.53000000000003,False,False,False,False,True,False,True,False,mr035KH_XtY
42,8,4.375,0.15151515151515152,0,0,0,False,0.023809523809523808,True,1,0,0.0,0.0,1.0,0.0,92.965,False,False,False,False,False,False,False,False,LY8F08WSFDs
55,11,4.090909090909091,0.20930232558139536,0,1,0,False,0.03636363636363636,False,0,1,0.0,0.0,1.0,0.0,74.86000000000003,False,False,False,False,True,True,True,False,8Ss-09LcTCU
57,9,5.444444444444445,0.15217391304347827,0,0,0,False,0.05263157894736842,False,0,0,0.0,0.0,1.0,0.0,18.940000000000026,False,False,False,False,False,False,False,False,5TXyEpZaAc4
54,12,3.5833333333333335,0.17073170731707318,0,0,0,False,0.018518518518518517,True,1,1,0.0,0.0,1.0,0.0,80.30636363636367,False,False,False,False,True,False,False,False,nutXWyoMXs8
49,11,3.5454545454545454,0.21621621621621623,0,0,0,False,0.02040816326530612,True,1,1,0.0,0.0,1.0,0.0,78.24500000000002,False,False,False,False,True,False,False,False,RL2YrpDNudU
33,5,5.8,0.14285714285714285,0,0,0,False,0.030303030303030304,False,0,0,0.0,0.0,1.0,0.0,66.40000000000003,False,False,False,False,False,False,False,False,WY2ecMpZE_E
49,8,5.25,0.15,0,1,0,False,0.04081632653061224,False,0,0,0.0,0.0,1.0,0.0,50.66500000000002,False,False,False,False,False,False,False,False,VcO7ami--wc
53,8,5.75,0.13636363636363635,0,0,0,False,0.03773584905660377,False,0,0,0.0,0.0,1.0,0.0,71.81500000000001,False,False,False,False,False,False,False,False,6wDW4pmIKwA
54,10,4.5,0.13636363636363635,0,0,0,False,0.0,True,1,0,0.0,0.0,1.0,0.0,44.405,False,False,False,False,True,False,False,False,y2aHt9nZmIE
83,14,4.928571428571429,0.5303030303030303,7,0,0,False,0.024096385542168676,True,1,0,0.244,0.0,0.756,0.6369,65.72500000000001,False,False,False,False,True,False,False,False,1-V_6XYatTs
99,17,4.882352941176471,0.14814814814814814,0,0,0,False,0.020202020202020204,False,0,0,0.0,0.0,1.0,0.0,50.2388235294118,False,False,False,False,True,False,False,False,tIz6NzxOjdo
45,8,4.75,0.17142857142857143,0,0,0,False,0.022222222222222223,True,2,0,0.307,0.0,0.693,0.4767,61.24000000000001,False,False,False,False,False,False,False,False,bW6LWM4JCg4
39,6,5.666666666666667,0.13793103448275862,0,1,0,False,0.02564102564102564,True,1,0,0.0,0.0,1.0,0.0,45.64500000000001,False,False,False,False,False,False,True,False,oK804ihdKYc
63,12,4.333333333333333,0.3617021276595745,2,1,0,False,0.047619047619047616,True,2,0,0.0,0.0,1.0,0.0,64.9245454545455,False,False,False,False,True,False,False,False,btHrQODxSf8
51,11,3.727272727272727,0.13513513513513514,0,1,0,False,0.0392156862745098,True,1,1,0.0,0.0,1.0,0.0,66.40000000000003,False,False,False,False,True,False,False,False,N_Wy-hnj5N0
56,11,4.181818181818182,0.20930232558139536,0,0,0,False,0.03571428571428571,True,1,0,0.248,0.0,0.752,0.5106,57.23363636363638,False,False,False,False,False,False,False,False,ce6qo1-3I1k
72,12,5.083333333333333,0.6666666666666666,6,0,0,False,0.013888888888888888,False,0,1,0.34,0.0,0.66,0.769,49.54272727272729,False,False,False,False,True,False,False,False,v5QCJ7ds9Jo
53,9,5.0,1.0,9,0,0,False,0.03773584905660377,False,0,0,0.344,0.0,0.656,0.6369,66.10000000000002,False,False,False,False,False,False,False,False,DeOAe3DnvSs
90,17,4.352941176470588,0.1506849315068493,0,0,0,False,0.011111111111111112,False,0,1,0.0,0.0,1.0,0.0,63.69500000000001,False,False,False,False,True,False,False,False,9Yx3-DdhLjw
80,13,5.153846153846154,0.6885245901639344,8,1,0,False,0.075,False,0,1,0.0,0.0,1.0,0.0,66.79500000000002,False,False,False,False,True,True,False,False,uzLALHHdQ2I
54,10,4.5,0.18181818181818182,0,0,0,False,0.018518518518518517,False,0,1,0.0,0.0,1.0,0.0,56.70000000000002,False,False,False,False,True,False,False,False,YQobZTxaRro
74,11,5.818181818181818,0.26666666666666666,1,0,0,False,0.05405405405405406,False,0,0,0.0,0.0,1.0,0.0,57.23363636363638,False,False,False,False,False,False,False,False,VDlUnxO-sSY
52,8,5.625,0.29545454545454547,1,0,0,False,0.019230769230769232,False,0,0,0.0,0.0,1.0,0.0,50.66500000000002,False,False,False,False,False,False,False,False,FaJvP9yfryI
81,12,5.666666666666667,0.2923076923076923,2,0,0,False,0.037037037037037035,False,0,1,0.0,0.222,0.778,-0.4824,41.8518181818182,False,False,False,False,True,False,False,False,A62eFV0Em78
76,13,4.923076923076923,0.1694915254237288,1,2,0,False,0.05263157894736842,True,1,0,0.166,0.0,0.834,0.3365,73.84500000000001,False,False,False,False,True,True,False,False,WXFMDKSd2PE
70,14,4.071428571428571,0.2692307692307692,2,0,0,False,0.04285714285714286,True,1,0,0.375,0.0,0.625,0.802,60.70500000000001,False,False,False,False,True,False,False,False,YHtZztsqG_8
99,18,4.5,0.15384615384615385,0,0,0,False,0.020202020202020204,True,1,1,0.114,0.159,0.727,-0.25,45.26235294117649,False,False,False,False,True,False,False,False,mmsJSsc81tE
100,18,4.555555555555555,0.15384615384615385,0,0,0,False,0.03,True,1,1,0.114,0.159,0.727,-0.25,45.26235294117649,False,False,False,False,True,False,False,False,M_XfgBJFN1E
64,11,4.818181818181818,0.6274509803921569,6,1,0,False,0.03125,False,0,1,0.0,0.0,1.0,0.0,41.02000000000004,False,False,False,False,True,False,True,False,jbyucHyiwy4
77,16,3.8125,0.19298245614035087,0,1,0,False,0.05194805194805195,False,0,1,0.0,0.234,0.766,-0.68,63.57596153846157,False,False,False,False,True,False,False,False,wIIRqbt4w5Q
66,13,4.153846153846154,0.21568627450980393,1,0,0,False,0.045454545454545456,False,0,0,0.0,0.0,1.0,0.0,89.51692307692309,False,False,False,False,False,False,False,False,5afW9Ig02KU
51,9,4.666666666666667,0.17073170731707318,0,0,0,False,0.0196078431372549,False,0,1,0.0,0.0,1.0,0.0,50.66500000000002,False,False,False,False,True,False,False,False,iBf1Z-nAjkk
90,15,4.933333333333334,0.375,3,0,0,False,0.022222222222222223,False,0,1,0.383,0.0,0.617,0.8429,29.467857142857156,False,False,False,False,True,False,False,False,ICg3TWR_0SE
71,10,6.0,0.6724137931034483,5,0,0,False,0.028169014084507043,False,0,1,0.0,0.0,1.0,0.0,19.100000000000023,False,False,False,False,True,False,False,False,dJDhBnh4G74
73,15,3.8,0.21428571428571427,0,0,0,False,0.0136986301369863,False,0,1,0.0,0.0,1.0,0.0,77.81071428571428,False,False,False,False,True,False,False,False,U9Fibef6R8I
55,9,5.0,0.16279069767441862,0,1,0,False,0.03636363636363636,False,0,1,0.0,0.272,0.728,-0.4574,44.150000000000006,False,False,True,False,True,False,False,False,DtotLfQswbE
62,11,4.545454545454546,0.6521739130434783,6,1,1,False,0.06451612903225806,False,0,1,0.0,0.0,1.0,0.0,66.40000000000003,False,False,False,False,True,False,False,False,wBxBXBwubo0
46,7,5.571428571428571,0.5135135135135135,2,2,0,False,0.043478260869565216,False,0,0,0.57,0.0,0.43,0.7661,30.53000000000003,False,False,False,False,True,False,True,False,ZwE1887_qNI
92,16,4.8125,0.08333333333333333,0,2,0,False,0.043478260869565216,True,1,0,0.166,0.0,0.834,0.4559,50.610000000000014,False,False,False,False,False,False,False,True,DASuN1350Ag
65,12,4.5,0.125,0,2,0,False,0.06153846153846154,True,2,0,0.0,0.0,1.0,0.0,81.85500000000002,False,False,False,False,False,False,False,True,i3ebHQy4_cc
35,7,4.142857142857143,0.1724137931034483,0,0,0,False,0.0,False,0,0,0.0,0.268,0.732,-0.296,103.04428571428575,False,False,False,False,False,False,True,False,InBApcjXL-E
54,9,5.111111111111111,0.21428571428571427,2,1,0,False,0.037037037037037035,True,2,0,0.0,0.351,0.649,-0.6514,66.10000000000002,False,False,False,True,False,False,False,False,GEUtWD7-0T0
54,9,5.111111111111111,0.21428571428571427,2,1,0,False,0.037037037037037035,True,2,0,0.0,0.351,0.649,-0.6514,66.10000000000002,False,False,False,True,False,False,False,False,0A53IhDyDyc
34,6,4.833333333333333,0.10714285714285714,0,0,0,False,0.029411764705882353,False,0,0,0.0,0.0,1.0,0.0,59.745000000000005,False,False,False,False,False,False,False,False,EKzt8NI4v3k
25,5,4.2,0.05555555555555555,0,0,0,False,0.0,True,1,0,0.0,0.0,1.0,0.0,66.40000000000003,False,False,False,False,False,False,True,False,9G8uuFNLX98
38,7,4.571428571428571,0.25,1,0,0,False,0.0,False,0,0,0.0,0.0,1.0,0.0,66.7871428571429,False,False,False,False,False,True,False,False,i3K2-OOZbPU
31,5,5.4,0.18518518518518517,0,0,0,False,0.0,False,0,0,0.0,0.0,1.0,0.0,83.32000000000004,False,False,False,False,False,False,False,False,rxm0QkbQLXQ
55,7,7.0,0.29545454545454547,2,2,0,False,0.09090909090909091,False,0,0,0.376,0.0,0.624,0.5599,42.61571428571432,False,False,False,False,False,False,False,False,Gke4nWgz0aQ
28,4,6.25,0.16,0,0,0,False,0.0,False,0,0,0.0,0.0,1.0,0.0,54.72500000000002,False,False,False,False,False,False,False,False,aqrp3YQYJJc
17,3,5.0,0.2,0,0,0,False,0.0,False,0,0,0.0,0.0,1.0,0.0,62.79000000000002,False,False,False,False,False,False,False,False,M9kR00QAL9M
50,6,7.5,0.13953488372093023,0,0,0,False,0.04,False,0,0,0.0,0.0,1.0,0.0,-24.85499999999996,False,False,False,False,False,False,False,False,xtxRNlIa6PY
33,4,7.5,0.14285714285714285,0,0,0,False,0.06060606060606061,False,0,0,0.0,0.0,1.0,0.0,-29.87499999999997,False,False,False,False,False,False,False,False,tczL8_8hi08
32,5,5.6,0.14814814814814814,0,0,0,False,0.0,True,1,0,0.0,0.0,1.0,0.0,83.32000000000004,False,False,False,False,False,False,False,False,2jxL46yka14
63,10,5.4,0.2857142857142857,3,4,1,False,0.07936507936507936,False,0,0,0.392,0.0,0.608,0.7783,59.63166666666669,False,False,False,False,False,False,False,False,0e-VadRY070
46,6,6.833333333333333,0.1111111111111111,1,0,0,False,0.06521739130434782,True,2,0,0.0,0.0,1.0,0.0,87.94500000000002,False,False,False,False,False,False,False,False,FncG4KolmIc
92,14,5.642857142857143,0.136986301369863,1,0,1,False,0.06521739130434782,False,0,0,0.0,0.122,0.878,-0.2023,57.06826923076926,False,False,False,False,False,False,False,False,yZISfZj3Neo
49,8,5.25,0.1,0,0,0,False,0.02040816326530612,True,1,0,0.0,0.0,1.0,0.0,61.24000000000001,False,False,False,False,False,False,False,False,7advboAxvqE
49,7,6.142857142857143,0.40476190476190477,3,0,0,False,0.02040816326530612,False,0,0,0.0,0.0,1.0,0.0,70.33964285714288,False,False,False,False,False,False,False,False,V-toJP2q_mA
48,7,6.0,0.32432432432432434,2,4,0,False,0.10416666666666667,False,0,0,0.0,0.0,1.0,0.0,66.7871428571429,False,False,False,False,False,False,False,True,vye_fxrSpeg
62,10,5.3,0.32653061224489793,2,2,1,False,0.06451612903225806,False,0,0,0.367,0.168,0.465,0.4559,66.40000000000003,False,False,False,False,False,False,False,False,ahCLCu-RLao
38,8,3.875,0.06666666666666667,0,0,1,False,0.02631578947368421,False,0,0,0.0,0.247,0.753,-0.3182,97.025,False,False,False,False,False,False,True,False,AvY8XFAHTcQ
56,8,6.125,0.30612244897959184,2,0,0,False,0.0,False,0,0,0.0,0.408,0.592,-0.7034,40.09,False,False,False,False,False,False,False,False,K5yys0et03M
25,4,5.5,0.13636363636363635,0,0,0,False,0.0,False,0,0,0.0,0.0,1.0,0.0,75.87500000000001,False,False,False,False,False,False,False,False,_uDkELOyEUs
30,6,4.166666666666667,0.16,0,0,0,False,0.0,False,0,0,0.0,0.0,1.0,0.0,87.94500000000002,False,False,False,False,False,False,False,False,h6_IX4XHDaI
31,6,4.333333333333333,0.04,0,0,0,False,0.03225806451612903,False,0,1,0.273,0.0,0.727,0.4588,83.32000000000004,False,False,False,False,False,True,True,False,TCznjzvT1_c
32,7,3.7142857142857144,0.04,0,0,0,False,0.03125,False,0,1,0.157,0.0,0.843,0.0772,102.045,False,False,False,False,False,False,True,True,NdVwdMQdJfA
15,4,3.0,0.1,0,0,0,False,0.13333333333333333,False,0,1,0.4,0.0,0.6,0.7184,119.19000000000003,False,False,False,False,False,False,True,False,iJn-vvr271c
28,6,3.8333333333333335,0.045454545454545456,0,0,0,False,0.03571428571428571,False,0,1,0.386,0.263,0.351,0.4767,83.32000000000004,False,False,False,True,False,False,False,False,cwzUdpzGUtU
46,9,4.222222222222222,0.06060606060606061,0,1,0,False,0.10869565217391304,False,0,1,0.517,0.0,0.483,0.9304,82.39000000000001,False,False,False,False,False,False,True,False,oN1e9_dXylc
16,5,2.4,0.1,0,0,0,False,0.125,False,0,1,0.0,0.0,1.0,0.0,118.17500000000001,False,False,False,False,False,False,True,False,JR2yw0dHX34
24,5,4.0,0.15,0,0,0,False,0.0,False,0,0,0.0,0.0,1.0,0.0,83.32000000000004,False,False,False,False,False,False,False,False,egLK1xGpqKk
16,5,2.4,0.1,0,0,0,False,0.125,False,0,1,0.0,0.0,1.0,0.0,118.17500000000001,False,False,False,False,False,False,True,False,gQoCw4PIsQ4
20,5,3.2,0.0625,0,0,0,False,0.0,False,0,0,0.0,0.0,1.0,0.0,117.16000000000003,False,False,False,False,False,False,False,False,YQxSAOwOvoY
26,5,4.4,0.05,0,0,0,False,0.07692307692307693,False,0,1,0.467,0.0,0.533,0.7845,75.87500000000001,False,False,True,False,True,False,True,False,p_jqJe3fegk
28,6,3.8333333333333335,0.043478260869565216,0,0,0,False,0.0,False,0,0,0.382,0.0,0.618,0.4754,73.84500000000001,False,False,False,False,False,False,True,False,JiihLNyQw3E
20,5,3.2,0.07142857142857142,0,0,0,False,0.1,False,0,1,0.0,0.492,0.508,-0.7003,75.87500000000001,False,False,False,False,False,False,False,False,9YzY4Q_UPiU
27,7,3.0,0.05263157894736842,0,0,0,False,0.07407407407407407,False,0,2,0.0,0.453,0.547,-0.7003,100.24000000000002,False,False,False,False,True,False,True,False,-FSoN8IwdA4
27,6,3.6666666666666665,0.05,0,0,0,False,0.07407407407407407,False,0,2,0.0,0.0,1.0,0.0,75.87500000000001,False,False,False,False,False,True,False,False,qB7-Pe4cL0o
38,7,4.571428571428571,0.03125,0,0,0,False,0.0,False,0,0,0.0,0.0,1.0,0.0,90.95857142857145,False,False,False,False,False,True,False,False,0ky2H9bA_y0
37,10,2.8,0.08,0,0,0,False,0.08108108108108109,False,0,0,0.591,0.0,0.409,0.9377,113.10000000000002,False,False,False,False,False,False,True,False,bEdWFRKYhGw
20,4,4.25,0.058823529411764705,0,0,0,False,0.0,False,0,0,0.559,0.0,0.441,0.5859,75.87500000000001,False,False,False,False,False,False,False,False,tMfvZcaZUOQ
37,7,4.428571428571429,0.037037037037037035,0,0,0,False,0.10810810810810811,False,0,2,0.0,0.231,0.769,-0.34,87.94500000000002,False,False,False,False,False,False,True,False,t22eQdPJDtk
38,9,3.3333333333333335,0.03333333333333333,0,0,0,False,0.0,False,0,0,0.339,0.0,0.661,0.6249,103.70000000000002,False,False,False,False,True,False,True,False,MmyUFnHw-Fk
36,8,3.625,0.03571428571428571,0,0,0,False,0.027777777777777776,False,0,1,0.232,0.22,0.549,0.296,103.04428571428575,False,False,False,False,True,False,True,False,YEi_Tg-181M
13,4,2.5,0.14285714285714285,0,0,0,False,0.23076923076923078,False,0,2,0.674,0.0,0.326,0.7351,77.90500000000002,False,False,False,False,False,False,False,False,4ou19hOxKH8
16,4,3.25,0.18181818181818182,0,0,0,False,0.125,False,0,1,0.0,0.71,0.29,-0.9287,90.99000000000004,False,False,False,False,False,False,False,False,682yLhEdrvA
28,7,3.142857142857143,0.05263157894736842,0,0,0,False,0.10714285714285714,False,0,2,0.457,0.0,0.543,0.8508,66.40000000000003,False,False,False,False,False,False,False,False,26EDjKE2jTw
26,7,2.857142857142857,0.05263157894736842,0,0,0,False,0.038461538461538464,False,0,1,0.0,0.0,1.0,0.0,116.14500000000001,False,False,False,False,False,False,True,False,WZfQKU9xCMY
47,11,3.3636363636363638,0.029411764705882353,0,0,0,False,0.06382978723404255,False,0,1,0.0,0.0,1.0,0.0,103.625,False,False,False,False,False,False,True,False,F8yyPrKB474
24,7,2.5714285714285716,0.058823529411764705,0,0,0,False,0.041666666666666664,False,0,1,0.0,0.0,1.0,0.0,102.045,False,False,False,False,False,False,True,False,oV0C6LChBro
13,3,3.6666666666666665,0.1,0,0,0,False,0.07692307692307693,False,0,0,0.314,0.0,0.686,0.4939,119.19000000000003,False,False,False,False,False,False,False,False,s_ObDnS9g5Y
22,6,2.8333333333333335,0.11764705882352941,0,0,0,False,0.0,False,0,0,0.0,0.0,1.0,0.0,102.045,False,False,False,False,False,False,True,False,_BaF9u7FPYM
51,10,4.2,0.02857142857142857,0,0,0,False,0.13725490196078433,False,0,1,0.0,0.145,0.855,-0.296,94.30000000000001,False,False,False,False,False,False,False,False,n2dzwJtZHa8
26,7,2.857142857142857,0.0,0,0,0,False,0.07692307692307693,False,0,2,0.319,0.0,0.681,0.5777,117.16000000000003,False,False,False,False,False,False,False,False,HmswOS79AO4
38,8,3.875,0.1,0,0,0,False,0.02631578947368421,False,0,0,0.0,0.0,1.0,0.0,114.11500000000001,False,False,False,False,False,True,True,False,FWKeiftK87U
23,6,3.0,0.0625,0,0,0,False,0.08695652173913043,False,0,1,0.0,0.277,0.723,-0.3182,117.16000000000003,False,False,False,False,False,False,False,False,-WvuL7DDGrc
42,10,3.3,0.03333333333333333,0,0,0,False,0.07142857142857142,False,0,2,0.313,0.117,0.57,0.5346,103.54,False,False,False,False,False,False,True,True,2h0g2_QrfMk
28,6,3.8333333333333335,0.047619047619047616,0,0,0,False,0.07142857142857142,False,0,0,0.0,0.0,1.0,0.0,66.40000000000003,False,False,False,False,False,False,True,False,-eVvhVQm5Co
28,5,4.8,0.045454545454545456,0,0,0,False,0.07142857142857142,False,0,1,0.0,0.569,0.431,-0.8971,83.32000000000004,False,False,False,True,False,False,False,False,O4Xa8mjxsm8
41,8,4.25,0.030303030303030304,0,0,0,False,0.024390243902439025,False,0,0,0.346,0.0,0.654,0.5719,82.39000000000001,False,False,False,False,False,False,True,False,hJuzWiaZ41E
47,11,3.3636363636363638,0.058823529411764705,0,0,0,False,0.06382978723404255,False,0,1,0.0,0.0,1.0,0.0,94.30000000000001,False,False,False,False,False,False,True,False,DifnsyFoygA
45,7,5.571428571428571,0.02857142857142857,0,0,0,False,0.08888888888888889,False,0,0,0.464,0.0,0.536,0.7783,59.745000000000005,False,False,False,False,False,False,True,False,py1AJxbb9P8
44,10,3.5,0.029411764705882353,0,0,0,False,0.022727272727272728,False,0,0,0.0,0.0,1.0,0.0,94.30000000000001,False,False,False,False,False,False,True,False,Leh6o_Rc118
25,5,4.2,0.05,0,0,1,False,0.04,False,0,0,0.512,0.0,0.488,0.6369,117.16000000000003,False,False,False,False,False,False,False,False,heWKRdZ2fKY
13,4,2.5,0.1,0,0,0,False,0.0,False,0,0,0.0,0.0,1.0,0.0,118.17500000000001,False,False,False,False,False,False,True,False,YIJn5HVT68E
33,8,3.25,0.04,0,0,0,False,0.030303030303030304,False,0,1,0.0,0.279,0.721,-0.4767,115.13000000000002,False,False,False,False,False,False,True,False,e7KCMp8jUvU
15,4,3.0,0.1,0,0,0,False,0.13333333333333333,False,0,1,0.0,0.0,1.0,0.0,118.17500000000001,False,False,False,False,False,False,False,False,ZjGxZeyfGI4
67,13,4.230769230769231,0.0392156862745098,0,0,0,False,0.05970149253731343,False,0,1,0.0,0.202,0.798,-0.5106,60.70500000000001,False,False,False,False,True,False,True,False,IJmD4sb-gF4
67,15,3.533333333333333,0.058823529411764705,0,0,0,False,0.029850746268656716,False,0,2,0.0,0.0,1.0,0.0,76.50153846153849,False,False,False,False,False,False,True,False,OumYlc4PUek
23,6,3.0,0.058823529411764705,0,0,0,False,0.043478260869565216,False,0,0,0.235,0.176,0.588,0.2023,100.24000000000002,False,False,False,True,False,False,True,False,OUM1QIMWEfY
39,10,3.0,0.034482758620689655,0,0,0,False,0.02564102564102564,False,0,1,0.313,0.0,0.687,0.6249,103.70000000000002,False,False,False,False,True,False,True,False,BZRtk8h2JFk
39,8,4.0,0.03125,0,0,0,False,0.0,False,0,0,0.0,0.0,1.0,0.0,92.965,False,False,False,False,False,False,True,False,Z9T-XiddbBc
39,9,3.4444444444444446,0.03333333333333333,0,0,0,False,0.02564102564102564,False,0,0,0.211,0.0,0.789,0.4939,92.965,False,False,False,False,False,False,True,False,nfgYqAX604k
52,12,3.4166666666666665,0.05,0,0,0,False,0.019230769230769232,False,0,1,0.193,0.096,0.711,0.4404,103.37909090909093,False,False,False,False,False,False,True,False,2UYtF0Yk750
38,8,3.875,0.6666666666666666,4,1,0,False,0.07894736842105263,True,1,0,0.0,0.466,0.534,-0.6414,82.42535714285715,False,False,False,False,True,False,False,False,v9F4RA7jmqA
56,12,3.75,0.7906976744186046,8,0,0,False,0.017857142857142856,True,1,0,0.277,0.0,0.723,0.6379,80.30636363636367,False,False,False,False,True,False,True,False,QL4VvatAYUA
70,13,4.461538461538462,0.8301886792452831,9,0,0,True,0.05714285714285714,True,1,0,0.222,0.0,0.778,0.5319,66.79500000000002,False,False,False,False,True,False,True,False,xYSZwLrfh7o
44,8,4.625,0.7352941176470589,4,0,0,False,0.045454545454545456,True,1,0,0.0,0.309,0.691,-0.4824,66.7871428571429,False,False,False,False,True,False,False,False,0pCTZV314N4
62,10,5.3,0.8043478260869565,6,1,0,True,0.0967741935483871,True,1,0,0.0,0.0,1.0,0.0,53.39000000000004,False,False,False,False,True,False,False,False,akgeTgmu_xk
65,14,3.7142857142857144,0.5909090909090909,5,2,0,False,0.1076923076923077,True,1,1,0.0,0.239,0.761,-0.6908,82.92500000000001,False,False,False,True,True,False,True,False,6ifpGyPFs7o
40,8,4.125,0.7,3,0,0,False,0.05,True,1,0,0.0,0.0,1.0,0.0,54.70142857142861,False,False,False,False,True,False,True,False,pjLNSGGaJHU
45,9,4.111111111111111,0.7428571428571429,4,0,0,False,0.022222222222222223,True,1,0,0.0,0.306,0.694,-0.5473,61.24000000000001,False,False,False,False,True,False,True,False,oUkHQWorvGI
48,10,3.9,0.7567567567567568,6,0,0,False,0.020833333333333332,True,1,0,0.0,0.0,1.0,0.0,75.50000000000003,False,False,False,False,True,False,False,False,v9foUJheUIY
52,11,3.8181818181818183,0.75,5,0,0,True,0.07692307692307693,True,2,0,0.0,0.0,1.0,0.0,91.78000000000003,False,False,False,False,True,False,True,False,Sn-2VBBEmSo
74,14,4.357142857142857,0.8363636363636363,8,1,0,False,0.06756756756756757,True,1,0,0.0,0.0,1.0,0.0,55.12522727272727,False,False,False,False,True,False,False,False,69sKmuOpgzc
65,15,3.4,0.8,9,0,0,True,0.07692307692307693,True,1,1,0.176,0.255,0.569,-0.2023,89.6067307692308,False,False,False,False,True,False,True,False,jh27HkvTsjo
55,11,4.090909090909091,0.7567567567567568,7,1,0,True,0.12727272727272726,True,1,0,0.0,0.171,0.829,-0.2632,91.78000000000003,False,False,False,False,True,False,False,False,ZtlR4ZRoJIo
42,9,3.6666666666666665,0.6785714285714286,4,0,0,True,0.09523809523809523,True,1,1,0.0,0.0,1.0,0.0,78.87285714285717,False,False,False,False,True,False,False,False,GdUxMWJn9xw
78,16,3.9375,0.5892857142857143,7,1,0,False,0.0641025641025641,True,2,0,0.0,0.0,1.0,0.0,78.87285714285717,False,False,False,False,True,False,True,False,hVl1mjd_e2s
38,8,3.875,0.6785714285714286,3,0,0,False,0.02631578947368421,True,2,0,0.0,0.0,1.0,0.0,66.7871428571429,False,False,False,False,True,False,False,False,FP_r_iWhkxU
72,13,4.615384615384615,0.8269230769230769,7,1,0,True,0.09722222222222222,True,1,0,0.0,0.265,0.735,-0.6514,87.749696969697,False,False,False,False,True,False,True,False,eVYTqvjypbo
42,9,3.7777777777777777,0.7,4,1,0,False,0.07142857142857142,True,1,1,0.0,0.314,0.686,-0.628,94.51107142857143,False,False,False,False,True,False,False,True,yVM32QBIjT8
82,14,4.928571428571429,0.7241379310344828,8,2,1,True,0.12195121951219512,True,1,0,0.21,0.129,0.661,0.3578,86.39778846153847,False,False,False,False,True,False,False,False,1iwWrnO2tj4
42,9,3.7777777777777777,0.7096774193548387,5,0,0,False,0.047619047619047616,True,1,0,0.0,0.0,1.0,0.0,71.81500000000001,False,False,False,False,True,False,False,False,XXx4TWEVNAs
75,14,4.428571428571429,0.8301886792452831,9,0,0,True,0.09333333333333334,True,2,1,0.0,0.075,0.925,-0.0572,80.89500000000001,False,False,False,False,True,False,False,False,6GD7s2hQTVI
49,11,3.5454545454545454,0.71875,5,3,0,False,0.12244897959183673,True,1,1,0.0,0.0,1.0,0.0,86.45000000000002,False,False,False,False,True,False,False,False,20i9lV8Tl6Y
69,13,4.384615384615385,0.6730769230769231,6,0,0,False,0.057971014492753624,True,1,0,0.0,0.0,1.0,0.0,49.54272727272729,False,False,False,False,True,False,False,False,IgmhMQOBbv4
66,13,4.153846153846154,0.8125,6,0,0,False,0.045454545454545456,True,2,0,0.0,0.0,1.0,0.0,44.405,False,False,False,False,True,False,False,False,P8grJSGZ4z4
87,18,3.888888888888889,0.8448275862068966,10,2,2,False,0.09195402298850575,True,3,0,0.0,0.0,1.0,0.0,79.80916666666668,False,False,False,False,True,False,True,False,v11WX0cr4OM
66,15,3.466666666666667,0.8163265306122449,9,0,0,False,0.030303030303030304,True,1,0,0.0,0.173,0.827,-0.4466,83.0092307692308,False,False,False,False,True,False,True,False,LzxhCXOzqhY
74,16,3.625,0.5098039215686274,5,0,1,False,0.08108108108108109,True,1,0,0.0,0.0,1.0,0.0,90.95857142857145,False,False,False,False,True,True,True,False,Tcf2sNoZFBw
63,12,4.333333333333333,0.8043478260869565,6,0,0,False,0.07936507936507936,True,1,0,0.0,0.0,1.0,0.0,37.900000000000034,False,False,False,False,True,False,False,False,-XppN4OV4U0
95,18,4.333333333333333,0.8767123287671232,13,0,0,False,0.042105263157894736,True,1,0,0.0,0.0,1.0,0.0,68.9825,False,False,False,False,True,False,False,False,VA_orzSqIeg
72,15,3.8666666666666667,0.8301886792452831,9,1,0,False,0.05555555555555555,True,1,0,0.0,0.173,0.827,-0.4451,73.84500000000001,False,False,False,False,True,False,False,False,7vDYVr9bmQg
98,21,3.7142857142857144,0.875,14,0,0,True,0.05102040816326531,True,1,1,0.0,0.321,0.679,-0.8877,70.14470588235295,False,False,False,False,True,False,False,False,4jFSYj4sn9E
56,11,4.181818181818182,0.7906976744186046,5,0,0,False,0.03571428571428571,True,1,0,0.0,0.0,1.0,0.0,56.70000000000002,False,False,False,False,True,True,True,False,8a5BxPVOkec
91,14,5.571428571428571,0.8676470588235294,8,1,1,True,0.0989010989010989,True,1,0,0.194,0.0,0.806,0.481,11.088181818181852,False,False,True,False,True,True,False,False,iU8ugUzTmmQ
81,17,3.823529411764706,0.85,11,1,0,False,0.04938271604938271,True,1,0,0.0,0.0,1.0,0.0,84.9157142857143,False,False,False,False,True,False,False,False,YMRq2Ux1u7U
62,11,4.7272727272727275,0.8125,6,1,0,False,0.04838709677419355,True,1,0,0.0,0.0,1.0,0.0,47.30000000000004,False,False,False,False,True,True,False,False,bomHIQAD7lI
37,8,3.75,0.6666666666666666,4,0,1,False,0.05405405405405406,True,1,0,0.0,0.0,1.0,0.0,94.51107142857143,False,False,False,False,True,False,False,False,-NFKHKZtV9o
67,13,4.230769230769231,0.7954545454545454,8,1,1,True,0.14925373134328357,True,1,0,0.202,0.168,0.63,0.1539,95.44060606060609,False,False,False,False,True,True,False,False,BmNuNWI3a1E
75,17,3.4705882352941178,0.8301886792452831,10,1,1,False,0.06666666666666667,True,1,0,0.0,0.338,0.662,-0.8252,87.28404761904761,False,False,False,False,True,False,True,False,WlIhSoNUlBI
85,18,3.7777777777777777,0.7258064516129032,9,0,1,False,0.058823529411764705,True,1,0,0.128,0.0,0.872,0.3612,77.1025,False,False,False,False,True,False,True,False,NC2I3_d7yqw
66,14,3.7857142857142856,0.8085106382978723,8,1,1,False,0.07575757575757576,True,1,0,0.0,0.199,0.801,-0.4981,78.19795454545455,False,False,False,False,True,True,False,False,yYJtYh1L0K0
39,8,4.0,0.7,4,0,0,False,0.02564102564102564,True,1,0,0.0,0.0,1.0,0.0,66.7871428571429,False,False,False,False,True,False,False,False,YvK5fuzb8V8
66,12,4.583333333333333,0.8235294117647058,7,1,0,False,0.045454545454545456,True,1,0,0.0,0.273,0.727,-0.628,66.40000000000003,False,False,False,False,True,False,False,False,2VZUIqsYCac
73,13,4.6923076923076925,0.8448275862068966,8,0,0,False,0.0273972602739726,True,1,0,0.0,0.0,1.0,0.0,57.23363636363638,False,False,False,False,True,False,False,False,Sd-4ZKRfqEE
67,13,4.230769230769231,0.82,7,0,0,False,0.05970149253731343,True,1,0,0.222,0.0,0.778,0.5319,61.32500000000002,False,False,False,False,True,True,False,False,v1NgIyW-LOU
84,19,3.4210526315789473,0.8448275862068966,13,1,0,True,0.07142857142857142,True,1,0,0.162,0.137,0.701,0.1511,96.57745098039217,False,False,False,False,True,False,True,False,0NcJZ8ApNR0
69,15,3.6666666666666665,0.8085106382978723,9,1,1,False,0.10144927536231885,True,1,0,0.0,0.0,1.0,0.0,87.94500000000002,False,False,False,False,True,False,False,False,WW42SkNCcNA
44,9,4.0,0.7,4,0,3,False,0.11363636363636363,True,1,0,0.0,0.379,0.621,-0.7071,78.87285714285717,False,False,False,False,True,False,False,False,v6_GhGlhL_E
42,9,3.7777777777777777,0.6896551724137931,4,3,0,False,0.09523809523809523,True,1,0,0.0,0.328,0.672,-0.6006,86.45000000000002,False,False,False,False,True,False,True,False,XMbDZvqDVxU
83,15,4.6,0.8448275862068966,9,3,1,True,0.12048192771084337,True,1,0,0.0,0.186,0.814,-0.4954,87.94500000000002,False,False,False,False,True,False,True,False,PJpcN1C7rjE
84,20,3.25,0.8448275862068966,11,1,1,False,0.05952380952380952,True,2,0,0.0,0.145,0.855,-0.4981,101.55392156862746,False,False,False,False,True,False,True,False,jJUlZAK6p8E
42,7,5.142857142857143,0.05555555555555555,0,0,0,False,0.0,False,0,0,0.0,0.0,1.0,0.0,54.70142857142861,False,False,False,False,False,False,False,False,hJSQa3Xsnz4
80,14,4.785714285714286,0.05970149253731343,0,0,0,False,0.0,False,0,0,0.0,0.0,1.0,0.0,29.467857142857156,False,False,False,False,False,False,True,False,iF4u7MRS6m0
96,15,5.466666666666667,1.0,15,0,0,False,0.041666666666666664,False,0,0,0.186,0.0,0.814,0.4939,52.58250000000001,False,False,False,False,True,True,False,False,nOLN1fyRIXk
39,6,5.666666666666667,1.0,6,0,0,False,0.02564102564102564,False,0,0,0.0,0.0,1.0,0.0,87.94500000000002,False,False,False,False,False,False,False,False,yKQLjF9aPQ0
45,6,6.666666666666667,1.0,6,0,0,False,0.022222222222222223,False,0,0,0.0,0.0,1.0,0.0,102.045,False,False,False,False,False,False,False,False,W72PtWxS5Tg
30,5,5.2,1.0,5,0,0,False,0.03333333333333333,False,0,0,0.0,0.0,1.0,0.0,100.24000000000002,False,False,False,False,False,False,False,False,AbbOSU3mSFw
32,5,5.6,1.0,5,0,0,False,0.0,False,0,0,0.0,0.0,1.0,0.0,49.48000000000002,False,False,False,False,False,False,False,False,tuOkgkzFgW8
37,6,5.333333333333333,1.0,6,0,0,False,0.0,False,0,0,0.0,0.0,1.0,0.0,59.745000000000005,False,False,False,False,False,False,False,False,sriZMZWZiQQ
44,7,5.428571428571429,1.0,6,0,0,False,0.022727272727272728,False,0,0,0.0,0.0,1.0,0.0,17.44500000000002,False,False,False,False,False,False,False,False,8iJpiyQxvMk
42,7,5.142857142857143,1.0,7,0,0,False,0.0,False,0,0,0.0,0.0,1.0,0.0,66.7871428571429,False,False,False,False,False,False,False,False,Kj-6yS4rS9I
24,4,5.25,1.0,4,0,0,False,0.0,False,0,0,0.0,0.0,1.0,0.0,33.57500000000002,False,False,False,False,False,False,False,False,HlnNFXFwmHs
42,6,6.166666666666667,1.0,6,0,0,False,0.023809523809523808,True,1,0,0.0,0.0,1.0,0.0,87.94500000000002,False,False,False,False,False,False,False,False,w-WlCCBeQEU
61,11,4.636363636363637,1.0,10,0,0,False,0.04918032786885246,True,1,0,0.261,0.0,0.739,0.5473,85.88886363636365,False,False,False,False,False,False,False,False,trOsr0TVhsc
33,6,4.666666666666667,1.0,6,0,0,False,0.030303030303030304,False,0,0,0.0,0.0,1.0,0.0,73.84500000000001,False,False,False,False,False,False,False,False,Ns-mDPPfK74
47,8,5.0,1.0,8,0,0,False,0.02127659574468085,False,0,0,0.0,0.0,1.0,0.0,82.39000000000001,False,False,False,False,False,False,False,False,R16RJUEjQ_I
56,12,3.75,1.0,11,0,0,False,0.05357142857142857,True,2,0,0.0,0.0,1.0,0.0,60.70500000000001,False,False,False,False,False,False,False,False,TjUvGi9AKBM
34,7,4.0,1.0,6,0,0,False,0.029411764705882353,False,0,0,0.0,0.0,1.0,0.0,73.84500000000001,False,False,False,False,False,False,False,False,84-3S8yWZv4
55,9,5.222222222222222,1.0,9,0,0,False,0.01818181818181818,False,0,0,0.0,0.0,1.0,0.0,75.50000000000003,False,False,False,False,False,False,False,False,SCUtCZdwwcs
38,6,5.5,1.0,6,0,0,False,0.0,False,0,0,0.0,0.0,1.0,0.0,73.84500000000001,False,False,False,False,False,False,False,False,p0g7evskXX8
30,6,4.166666666666667,1.0,6,0,0,False,0.0,False,0,0,0.0,0.0,1.0,0.0,73.84500000000001,False,False,False,False,False,False,False,False,hCglyEYhxWQ
40,7,4.857142857142857,1.0,6,0,0,False,0.025,True,1,0,0.0,0.0,1.0,0.0,54.70142857142861,False,False,False,False,False,False,False,False,kEliepHQPnI
41,7,5.0,1.0,7,0,0,False,0.024390243902439025,False,0,0,0.0,0.0,1.0,0.0,66.7871428571429,False,False,False,False,False,False,False,False,tE8Trrw2lSY
43,6,6.333333333333333,1.0,6,0,0,False,0.023255813953488372,False,0,0,0.0,0.0,1.0,0.0,31.545000000000016,False,False,False,False,False,False,False,False,7UARTAL5dWY
40,7,4.857142857142857,1.0,7,0,0,False,0.0,False,0,0,0.394,0.0,0.606,0.5994,90.95857142857145,False,False,False,False,False,False,False,False,xQ2Lq1W_3rM
32,6,4.5,1.0,6,0,0,False,0.0,False,0,0,0.0,0.419,0.581,-0.5574,73.84500000000001,False,False,False,False,False,False,False,False,GBb4ehb3m1g
41,6,6.0,1.0,6,0,0,False,0.0,False,0,0,0.0,0.0,1.0,0.0,-10.754999999999995,False,False,False,False,False,False,False,False,_Rf-LY_JgMg
37,5,6.6,1.0,5,0,0,False,0.02702702702702703,False,0,0,0.0,0.0,1.0,0.0,15.640000000000015,False,False,False,False,False,False,False,False,xnuxKiUSV0Y
65,10,5.6,1.0,10,0,0,False,0.015384615384615385,False,0,0,0.126,0.0,0.874,0.0772,52.86500000000001,True,False,False,False,False,False,False,False,SymINxzNyk0
51,7,6.428571428571429,1.0,7,0,0,False,0.0196078431372549,False,0,0,0.0,0.0,1.0,0.0,66.7871428571429,False,False,False,False,False,False,False,False,vwGY8nM_sEM
40,7,4.857142857142857,1.0,7,0,0,False,0.0,False,0,0,0.0,0.0,1.0,0.0,54.70142857142861,False,False,False,False,False,False,False,False,253_sZL3Q7w
51,9,4.777777777777778,1.0,8,0,0,False,0.0392156862745098,False,0,0,0.0,0.0,1.0,0.0,61.24000000000001,False,False,False,False,False,False,False,False,N2PA7jBwoVA
31,5,5.4,1.0,5,0,0,False,0.0,False,0,0,0.0,0.0,1.0,0.0,49.48000000000002,False,False,False,False,True,False,False,False,_ZkPkrx2czU
51,9,4.777777777777778,1.0,9,0,0,False,0.0196078431372549,False,0,0,0.0,0.0,1.0,0.0,84.90000000000003,False,False,False,False,False,False,False,False,gHZkVoQ8ZBs
53,8,5.75,1.0,8,0,0,False,0.018867924528301886,True,1,0,0.0,0.0,1.0,0.0,61.24000000000001,False,False,False,False,False,False,False,False,KAdWlCt1iPE
57,8,6.25,1.0,8,0,0,False,0.017543859649122806,False,0,0,0.0,0.0,1.0,0.0,61.24000000000001,False,False,False,False,False,False,False,False,8fnsQeinYnI
52,8,5.625,1.0,7,0,0,False,0.038461538461538464,False,0,0,0.0,0.335,0.665,-0.5473,54.70142857142861,False,False,False,False,False,False,False,False,ozsg0it_qPs
55,9,5.222222222222222,1.0,9,0,0,False,0.01818181818181818,False,0,0,0.0,0.0,1.0,0.0,37.900000000000034,False,False,False,False,True,False,True,False,3uBhPL7QAGA
48,9,4.444444444444445,1.0,8,0,0,False,0.041666666666666664,False,0,0,0.0,0.0,1.0,0.0,82.39000000000001,False,False,False,False,False,False,False,False,4CkRkIRYDqg
34,5,6.0,1.0,5,0,0,False,0.08823529411764706,False,0,0,0.0,0.0,1.0,0.0,49.48000000000002,False,False,False,False,False,False,False,False,IqMrakpUvBo
28,5,4.8,1.0,5,0,0,False,0.0,False,0,0,0.0,0.0,1.0,0.0,32.56000000000003,False,False,False,False,False,False,False,False,Mba9HG5zP8I
54,10,4.5,1.0,10,0,0,False,0.037037037037037035,False,0,0,0.0,0.0,1.0,0.0,66.40000000000003,False,False,False,False,False,False,False,False,ddo4MaMKtzE
31,5,5.4,1.0,5,0,0,False,0.0,False,0,0,0.0,0.0,1.0,0.0,83.32000000000004,False,False,False,False,False,False,False,False,Jf1lggSQUuw
31,5,5.4,1.0,5,0,0,False,0.0,False,0,0,0.0,0.0,1.0,0.0,100.24000000000002,False,False,False,False,False,False,False,False,Vggn_gD4EkQ
44,7,5.428571428571429,1.0,7,0,0,False,0.0,False,0,0,0.0,0.0,1.0,0.0,78.87285714285717,False,False,False,False,False,False,False,False,yk1Qdh8LgqM
35,6,5.0,1.0,6,0,0,False,0.0,False,0,0,0.0,0.0,1.0,0.0,87.94500000000002,False,False,False,False,False,False,False,False,srS63cNuduk
31,5,5.4,1.0,5,0,0,False,0.0,False,0,0,0.0,0.0,1.0,0.0,66.40000000000003,False,False,False,False,False,False,False,False,SgJ3nU_QXMo
33,5,5.8,1.0,5,0,0,False,0.0,False,0,0,0.0,0.0,1.0,0.0,66.40000000000003,False,False,False,False,False,False,False,False,HQ8hRpGgSgw
25,4,5.5,1.0,4,0,0,False,0.0,False,0,0,0.0,0.0,1.0,0.0,118.17500000000001,False,False,False,False,False,False,False,False,3BQXmUmSWfc
46,8,4.875,1.0,8,0,0,False,0.021739130434782608,False,0,0,0.289,0.0,0.711,0.431,71.81500000000001,False,False,False,False,False,False,False,False,iBlBPfKMFtw
38,6,5.5,1.0,6,0,0,False,0.0,True,1,0,0.0,0.0,1.0,0.0,73.84500000000001,False,False,False,True,False,False,False,False,pdWAU55xnpA
71,12,5.0,0.3888888888888889,2,2,0,False,0.07042253521126761,True,1,0,0.341,0.0,0.659,0.6351,55.12522727272727,True,False,False,False,False,True,False,False,pmsDckQHgqc
47,8,5.0,0.5,2,1,0,False,0.0425531914893617,True,1,1,0.484,0.203,0.313,0.5411,18.44428571428574,False,False,False,False,False,False,False,False,KcmdVw6_hF8
81,13,5.3076923076923075,0.16666666666666666,0,2,0,False,0.04938271604938271,True,2,1,0.0,0.0,1.0,0.0,32.05250000000001,False,False,False,False,True,False,False,False,-v_QM5xCqok
64,12,4.416666666666667,0.2653061224489796,1,1,0,False,0.046875,True,1,0,0.191,0.0,0.809,0.3802,62.81613636363636,False,False,False,False,False,True,False,False,wMQUmFOj4GU
54,8,5.875,0.6444444444444445,4,1,0,False,0.037037037037037035,False,0,0,0.0,0.0,1.0,0.0,82.39000000000001,False,False,False,False,False,False,False,False,2HACr_4jxnw
35,7,4.142857142857143,0.5555555555555556,3,1,1,False,0.05714285714285714,False,0,0,0.405,0.0,0.595,0.6239,78.87285714285717,False,False,False,False,False,True,False,False,lan7SImM3dg
74,14,4.357142857142857,0.2777777777777778,1,1,0,False,0.06756756756756757,True,1,0,0.254,0.073,0.674,0.5411,64.9245454545455,True,False,False,False,False,True,False,False,HGoxW4J07aA
56,10,4.7,0.3953488372093023,2,1,0,False,0.05357142857142857,True,1,0,0.237,0.0,0.763,0.4208,47.30000000000004,False,True,False,False,True,False,False,False,MI6klpH7lnk
50,11,3.6363636363636362,0.23684210526315788,1,1,0,False,0.04,False,0,0,0.0,0.0,1.0,0.0,80.30636363636367,False,False,False,False,False,False,True,False,7tp1bTB-DZw
39,9,3.4444444444444446,1.0,7,1,0,False,0.02564102564102564,True,2,0,0.0,0.0,1.0,0.0,84.90000000000003,False,False,False,False,False,False,True,False,_pdNo08jEKc
77,14,4.571428571428571,0.3559322033898305,2,2,1,False,0.05194805194805195,True,1,0,0.213,0.0,0.787,0.5449,50.56057692307695,False,False,False,False,False,True,False,False,6l5j1LoUGSs
58,9,5.555555555555555,0.5,4,4,0,False,0.06896551724137931,False,0,0,0.621,0.083,0.296,0.8779,42.46750000000003,False,False,False,False,False,True,False,False,1rb562ygAFQ
43,7,5.285714285714286,0.4,1,1,0,False,0.046511627906976744,False,0,0,0.312,0.268,0.419,0.1343,54.70142857142861,False,True,False,False,True,False,False,False,HJ1VbPn3_fI
49,9,4.555555555555555,0.28205128205128205,1,1,0,False,0.04081632653061224,False,0,0,0.275,0.142,0.584,0.3802,71.81500000000001,False,False,False,False,False,False,False,False,xLPCa3vMGaw
38,7,4.571428571428571,1.0,6,0,0,False,0.05263157894736842,True,2,0,0.0,0.244,0.756,-0.2342,115.13000000000002,False,False,False,False,False,False,False,False,bS0HTbiwWLQ
53,9,5.0,1.0,9,1,0,False,0.03773584905660377,False,0,0,0.0,0.0,1.0,0.0,84.90000000000003,False,False,False,False,False,True,False,False,rjldV3QWrlo
63,10,5.4,0.15384615384615385,0,1,0,False,0.031746031746031744,False,0,0,0.203,0.0,0.797,0.3164,52.86500000000001,False,False,False,False,True,False,True,False,daL2STCfFHw
82,15,4.533333333333333,0.3114754098360656,3,1,0,True,0.06097560975609756,True,1,1,0.0,0.406,0.594,-0.8825,76.50153846153849,False,False,False,False,False,False,False,False,qEndNN0_I4Y
57,8,6.25,0.4418604651162791,3,3,3,False,0.12280701754385964,False,0,0,0.272,0.0,0.728,0.3851,33.57500000000002,False,False,False,False,False,False,False,False,jysWgdRvrAI
66,10,5.7,0.37254901960784315,2,2,0,False,0.09090909090909091,False,0,1,0.0,0.0,1.0,0.0,44.150000000000006,False,False,False,False,False,False,False,False,XtEnNn0_O9U
36,7,4.285714285714286,0.7407407407407407,4,3,0,False,0.08333333333333333,False,0,0,0.0,0.0,1.0,0.0,90.95857142857145,False,False,False,False,False,False,True,False,GfRLww1X1l4
64,13,4.0,0.3958333333333333,3,3,0,False,0.046875,True,1,0,0.0,0.0,1.0,0.0,70.08365384615385,False,False,False,True,False,True,True,False,aY7WnM_jePY
30,5,5.2,0.6086956521739131,3,3,0,False,0.1,False,0,0,0.0,0.0,1.0,0.0,66.40000000000003,False,False,False,False,False,False,False,False,cP275sCwjAQ
34,6,4.833333333333333,1.0,6,3,0,False,0.08823529411764706,False,0,0,0.0,0.0,1.0,0.0,73.84500000000001,False,False,False,False,False,True,False,False,0Qr80yhfX9A
50,10,4.1,0.5128205128205128,4,1,0,False,0.04,False,0,0,0.0,0.0,1.0,0.0,84.90000000000003,False,False,False,False,False,False,False,False,x7L8vu8RJek
83,12,6.0,0.13432835820895522,0,2,0,False,0.04819277108433735,True,1,0,0.178,0.0,0.822,0.3365,16.670681818181833,False,False,False,False,False,True,False,False,u6SDSDpT6sM
38,6,5.5,0.71875,3,1,0,False,0.02631578947368421,False,0,0,0.0,0.0,1.0,0.0,45.64500000000001,False,False,False,False,True,True,True,False,9wQIB4nt-M8
95,16,5.0,0.21333333333333335,2,1,0,False,0.021052631578947368,True,2,0,0.442,0.0,0.558,0.8832,50.66500000000002,False,False,False,False,False,False,False,False,5p26J8CN8W8
33,7,3.857142857142857,0.5833333333333334,3,1,0,False,0.030303030303030304,True,1,0,0.0,0.35,0.65,-0.4981,90.95857142857145,True,False,False,False,False,False,True,False,t3W18D6GNqc
69,11,5.363636363636363,0.23076923076923078,1,1,0,False,0.07246376811594203,True,1,1,0.35,0.0,0.65,0.7118,35.94500000000002,False,False,False,False,False,False,False,False,ulCDE5xkGKc
76,10,6.7,0.1935483870967742,1,2,0,False,0.039473684210526314,True,1,0,0.23,0.0,0.77,0.3987,7.180000000000035,False,False,True,False,True,False,False,False,DYCtpn0vos4
61,10,5.2,0.45098039215686275,3,0,1,False,0.01639344262295082,False,0,0,0.159,0.0,0.841,0.1779,69.78500000000001,False,False,False,False,False,False,True,False,UHQKgE8xEBM
51,8,5.5,0.3488372093023256,2,1,0,False,0.0196078431372549,False,0,0,0.491,0.0,0.509,0.6996,61.24000000000001,False,False,False,False,False,False,False,False,XMFEJsmsBVo
47,10,3.8,0.3235294117647059,1,1,0,False,0.0851063829787234,False,0,1,0.124,0.186,0.69,-0.2244,94.30000000000001,False,False,False,False,False,False,False,False,19Z3jYpHRxs
55,8,6.0,0.14893617021276595,0,1,0,False,0.01818181818181818,False,0,0,0.298,0.0,0.702,0.4534,29.515000000000015,False,False,False,False,True,False,False,False,YngUk5HSGzM
68,11,5.2727272727272725,0.5,3,1,0,False,0.029411764705882353,False,0,0,0.0,0.472,0.528,-0.8425,72.61545454545457,False,False,False,False,False,False,True,False,jKIUhc_cy1Y
59,9,5.666666666666667,0.22916666666666666,1,1,0,False,0.05084745762711865,False,0,0,0.114,0.271,0.615,-0.4186,29.515000000000015,True,False,False,False,False,False,False,False,4rSLPbfvm7M
64,12,4.416666666666667,0.375,0,2,1,False,0.078125,False,0,0,0.207,0.097,0.695,0.3786,93.57977272727274,False,False,False,False,False,True,True,False,AO4yEYuTvzw
59,12,4.0,0.19148936170212766,0,0,0,False,0.01694915254237288,False,0,0,0.252,0.0,0.748,0.5719,80.30636363636367,False,False,False,False,False,True,False,False,74XpGXGqQbQ
58,11,4.363636363636363,0.425531914893617,2,0,0,False,0.017241379310344827,False,0,0,0.318,0.0,0.682,0.4939,61.32500000000002,True,False,False,False,False,False,False,False,6IfL2KiaTLM
67,12,4.666666666666667,0.3076923076923077,2,1,0,False,0.05970149253731343,False,0,0,0.191,0.0,0.809,0.3802,57.23363636363638,False,False,False,False,False,False,False,False,-17EKIvWY04
80,14,4.785714285714286,0.12307692307692308,0,1,0,False,0.0125,True,1,0,0.0,0.0,1.0,0.0,78.87285714285717,False,False,False,False,False,True,False,False,Q6kVPDD6cog
54,10,4.5,0.43902439024390244,3,1,1,False,0.037037037037037035,True,1,0,0.0,0.28,0.72,-0.5411,100.24000000000002,False,False,False,False,False,False,True,False,dYCXc0NQKrg
67,14,3.857142857142857,0.2857142857142857,2,2,1,False,0.05970149253731343,True,1,0,0.0,0.305,0.695,-0.7729,70.08365384615385,False,False,False,False,False,True,True,False,tna9XaZP-MY
90,13,6.0,0.5263157894736842,6,2,0,False,0.022222222222222223,False,0,0,0.227,0.0,0.773,0.5449,44.05288461538464,False,False,False,False,False,True,False,False,sBuh8ny3fV4
45,9,4.111111111111111,1.0,6,0,0,False,0.08888888888888889,True,5,0,0.0,0.0,1.0,0.0,94.30000000000001,False,False,False,False,False,False,False,False,viurF6fz9Xg
68,11,5.2727272727272725,0.7321428571428571,7,1,1,False,0.029411764705882353,False,0,0,0.189,0.0,0.811,0.3237,78.19795454545455,True,False,False,False,False,False,False,False,HAXnwTJQ1C0
53,9,5.0,1.0,9,1,0,False,0.03773584905660377,False,0,0,0.0,0.0,1.0,0.0,75.50000000000003,False,False,False,False,False,False,False,False,W4CKckBJb-M
53,8,5.75,0.75,6,2,0,False,0.03773584905660377,False,0,0,0.212,0.0,0.788,0.2225,54.72500000000002,True,False,False,False,False,True,False,False,zAq_4sOOVcU
50,9,4.666666666666667,0.8536585365853658,6,1,0,False,0.02,False,0,0,0.283,0.258,0.459,0.1007,75.50000000000003,False,False,False,False,False,False,True,False,5b4ryBiWjXs
74,11,5.7272727272727275,0.19047619047619047,1,0,0,False,0.0,False,0,0,0.0,0.0,1.0,0.0,57.23363636363638,False,False,False,False,False,False,False,False,LuiAtCo7JXo
39,6,5.5,0.5151515151515151,2,0,0,False,0.0,False,0,0,0.367,0.0,0.633,0.4404,87.94500000000002,False,False,False,False,False,False,False,False,vlvMrfUuxOo
47,7,5.857142857142857,0.21951219512195122,1,0,0,False,0.0,False,0,0,0.333,0.0,0.667,0.4588,30.53000000000003,False,False,False,False,True,False,False,False,eS4LW8-Broo
43,9,3.888888888888889,0.22857142857142856,1,0,0,False,0.0,False,0,0,0.507,0.0,0.493,0.802,94.30000000000001,False,False,False,False,True,False,False,False,2lMpynFTsYA
41,5,7.4,0.1891891891891892,1,0,0,False,0.0,False,0,0,0.0,0.0,1.0,0.0,-18.19999999999996,False,False,False,False,False,False,False,False,3p1nenorjBI
55,10,4.6,0.21739130434782608,1,0,0,False,0.0,False,0,0,0.536,0.0,0.464,0.7964,69.78500000000001,False,False,False,False,False,True,False,False,UEquV-6e6Qw
40,7,4.857142857142857,0.25,1,0,0,False,0.0,True,1,0,0.0,0.0,1.0,0.0,78.87285714285717,False,False,False,False,False,False,False,False,9CryIuAErGg
41,8,4.0,0.3125,1,0,0,False,0.0,False,0,0,0.247,0.0,0.753,0.3182,92.965,False,False,False,False,False,False,True,False,efVvjnFHyI0
35,6,5.0,0.26666666666666666,1,0,0,False,0.0,False,0,0,0.315,0.0,0.685,0.3182,73.84500000000001,False,False,False,False,True,False,False,False,2m_MpdnlGPY
34,7,3.857142857142857,0.2962962962962963,1,0,0,False,0.0,False,0,0,0.345,0.2,0.455,0.3818,90.95857142857145,False,False,False,False,False,False,False,False,86TI72WuCO0
41,7,5.0,0.20588235294117646,1,0,0,False,0.0,True,1,0,0.2,0.0,0.8,0.128,42.61571428571432,False,False,False,False,True,False,False,False,RDSKWEIWC2g
55,9,5.222222222222222,0.23255813953488372,1,0,0,False,0.0,True,1,0,0.304,0.0,0.696,0.5423,37.900000000000034,False,False,False,False,False,True,True,False,ZK6QGynC6y4
31,8,3.0,0.4166666666666667,1,0,0,False,0.0,False,0,0,0.0,0.0,1.0,0.0,103.54,False,False,False,False,False,False,True,False,CKMrooq2MUk
39,7,4.714285714285714,0.2727272727272727,1,0,0,False,0.0,False,0,0,0.0,0.0,1.0,0.0,42.61571428571432,False,False,False,False,False,False,False,False,gqHj5tn2Tno
52,9,4.888888888888889,0.21428571428571427,1,0,0,False,0.0,True,1,0,0.259,0.0,0.741,0.4215,66.10000000000002,False,False,False,False,False,True,True,False,AdXC7kOhWHY
53,9,4.888888888888889,0.22727272727272727,1,0,0,False,0.0,False,0,0,0.597,0.0,0.403,0.836,84.90000000000003,False,False,False,False,True,True,False,False,FWNGOoTLERQ
51,8,5.5,0.21428571428571427,1,0,0,False,0.0,True,1,0,0.0,0.0,1.0,0.0,50.66500000000002,False,False,False,False,False,False,False,False,yL4IsyLWptE
40,6,5.833333333333333,0.22857142857142856,1,0,0,False,0.0,False,0,0,0.306,0.0,0.694,0.296,59.745000000000005,False,False,False,False,False,False,False,False,0cBLiKAF1Lo
41,8,4.25,0.3235294117647059,2,0,0,False,0.0,False,0,0,0.0,0.0,1.0,0.0,92.965,False,False,False,True,False,False,True,False,gC01FwZWI14
31,6,4.333333333333333,0.25,1,2,0,False,0.06451612903225806,False,0,0,0.0,0.0,1.0,0.0,73.84500000000001,False,False,False,False,True,False,False,False,mMdVYH0aE70
45,8,4.625,0.21621621621621623,1,0,0,False,0.0,False,0,0,0.0,0.0,1.0,0.0,71.81500000000001,False,False,False,False,False,False,False,False,ocQCbKbCSR4
36,6,5.166666666666667,0.2903225806451613,2,0,0,False,0.0,False,0,0,0.398,0.0,0.602,0.5106,73.84500000000001,False,False,False,False,False,False,False,False,-BTLLavzovo
46,8,4.875,0.24324324324324326,1,2,0,False,0.043478260869565216,False,0,0,0.0,0.0,1.0,0.0,82.39000000000001,False,False,False,False,False,False,True,False,rPQJ3ufJd0w
39,6,5.666666666666667,0.23529411764705882,1,0,0,False,0.0,False,0,0,0.0,0.0,1.0,0.0,31.545000000000016,False,False,False,False,True,True,False,False,USxATbQUjkc
20,4,4.25,0.4,1,1,0,False,0.1,False,0,0,0.0,0.0,1.0,0.0,97.025,False,False,False,False,False,False,False,False,dRJjOT-E574
36,7,4.285714285714286,0.3,1,0,0,False,0.0,False,0,0,0.0,0.0,1.0,0.0,78.87285714285717,False,False,False,False,False,False,False,False,p6aItwhbIxI
37,8,3.75,0.3333333333333333,1,0,0,False,0.0,False,0,0,0.0,0.0,1.0,0.0,71.81500000000001,False,False,False,False,False,False,True,False,nHFsXDWL_pU
35,7,4.142857142857143,0.20689655172413793,1,0,0,False,0.0,False,0,0,0.0,0.0,1.0,0.0,54.70142857142861,False,False,False,False,True,False,False,False,YFZXrC9fvv4
31,5,5.4,0.2222222222222222,1,0,0,False,0.0,False,0,0,0.0,0.0,1.0,0.0,66.40000000000003,False,False,False,False,False,False,False,False,LQ_2n7eK7e8
38,7,4.428571428571429,0.25806451612903225,1,0,0,False,0.0,False,0,0,0.457,0.0,0.543,0.4939,78.87285714285717,True,False,False,False,False,True,False,False,nv24GccPY_E
31,6,4.333333333333333,0.3076923076923077,1,0,0,False,0.0,False,0,0,0.315,0.0,0.685,0.3182,59.745000000000005,False,False,False,False,False,False,True,False,-OZqryUcelM
16,2,6.5,0.3076923076923077,1,0,0,False,0.0,False,0,0,0.0,0.0,1.0,0.0,77.90500000000002,False,False,False,False,False,False,False,False,636v5uHq96I
31,6,4.333333333333333,0.28,1,0,0,False,0.0,True,1,0,0.0,0.0,1.0,0.0,73.84500000000001,False,False,False,False,False,False,False,False,hew-O1wP-qo
59,10,4.9,0.24489795918367346,1,0,0,False,0.0,False,0,0,0.226,0.0,0.774,0.3869,69.78500000000001,False,False,False,False,True,False,False,False,QpAXP4eoDMA
33,5,5.8,0.2413793103448276,1,0,0,False,0.0,False,0,0,0.452,0.0,0.548,0.5106,83.32000000000004,False,False,False,False,True,True,False,False,_2SBYtpIUEM
34,6,4.833333333333333,0.3103448275862069,1,0,0,False,0.0,False,0,0,0.398,0.0,0.602,0.5106,87.94500000000002,False,False,False,False,False,True,False,False,DX8O1CPTF6c
40,7,4.857142857142857,0.23529411764705882,1,0,0,False,0.0,False,0,0,0.326,0.0,0.674,0.4404,66.7871428571429,False,False,False,False,True,False,False,False,4q6jCLJhOzk
28,6,3.8333333333333335,0.3333333333333333,1,1,0,False,0.07142857142857142,False,0,0,0.242,0.0,0.758,0.1511,87.94500000000002,False,False,False,False,False,False,True,False,osvcMi6utiA
33,5,5.8,0.25,1,0,0,False,0.030303030303030304,False,0,0,0.452,0.0,0.548,0.5106,66.40000000000003,False,False,False,False,False,True,False,False,pcJGR9BbdtA
26,5,4.2,0.3333333333333333,1,0,0,False,0.0,False,0,0,0.452,0.0,0.548,0.5106,100.24000000000002,False,False,False,False,False,False,False,False,FiFIMh8NlfQ
35,7,4.0,0.2962962962962963,1,0,0,False,0.0,True,1,0,0.0,0.0,1.0,0.0,90.95857142857145,False,False,False,False,False,False,False,False,r0MWa4i1M3o
35,5,6.2,0.22580645161290322,1,0,0,False,0.0,False,0,0,0.0,0.0,1.0,0.0,-1.2799999999999727,False,False,False,False,False,True,False,False,ZBAG0S7viM8
34,5,6.0,0.43333333333333335,2,0,0,False,0.0,False,0,0,0.0,0.0,1.0,0.0,49.48000000000002,False,False,False,False,False,False,False,False,2slsEueaZ9w
33,6,4.666666666666667,0.2857142857142857,1,0,0,False,0.0,False,0,0,0.398,0.0,0.602,0.5106,87.94500000000002,False,False,False,False,False,True,False,False,F0EWh5yQ7Ro
29,5,5.0,0.28,1,0,0,False,0.0,False,0,0,0.528,0.287,0.185,0.3818,49.48000000000002,False,False,False,False,False,True,False,False,VBzuf4_LbJk
23,4,4.75,0.3157894736842105,1,0,0,False,0.0,False,0,0,0.343,0.358,0.299,-0.0258,75.87500000000001,False,False,False,False,False,False,False,False,6lFlwq4iN38
31,5,5.2,0.2692307692307692,1,0,0,False,0.0,False,0,0,0.355,0.0,0.645,0.296,83.32000000000004,False,False,False,False,False,False,False,False,5hhuOMcEy1M
39,6,5.5,0.18181818181818182,1,0,0,False,0.0,False,0,0,0.0,0.0,1.0,0.0,59.745000000000005,False,False,False,False,True,False,False,False,drDQN6BXvGg
43,8,4.5,0.2222222222222222,1,0,0,False,0.0,False,0,0,0.0,0.0,1.0,0.0,82.39000000000001,False,False,False,False,False,False,False,False,EWzCtKA4vOM
32,5,5.6,0.2962962962962963,1,0,0,False,0.03125,False,0,0,0.344,0.0,0.656,0.2732,66.40000000000003,False,False,True,False,False,False,False,False,Isl-gaRWbIU
23,5,3.8,0.3125,0,0,0,True,0.13043478260869565,False,0,0,0.0,0.0,1.0,0.0,117.16000000000003,False,False,False,False,False,False,True,False,NcXV11Bcb3M
39,6,5.666666666666667,0.4375,1,0,0,False,0.05128205128205128,False,0,0,0.0,0.0,1.0,0.0,45.64500000000001,False,False,False,False,False,False,False,False,P2MS9inevCk
37,6,5.333333333333333,0.1935483870967742,0,0,0,False,0.02702702702702703,False,0,1,0.0,0.0,1.0,0.0,66.40000000000003,False,False,False,False,False,False,False,False,bRgBm80ibD4
55,10,4.6,0.17777777777777778,0,1,0,False,0.01818181818181818,False,0,0,0.0,0.424,0.576,-0.7088,78.24500000000002,False,False,False,False,False,False,True,True,XH47hpIjrcc
55,9,5.222222222222222,0.17777777777777778,0,1,0,False,0.03636363636363636,False,0,0,0.285,0.26,0.455,0.1007,89.46750000000003,False,False,False,False,True,False,True,False,G1uV3zE1uzE
55,10,4.6,0.15,0,1,0,False,0.07272727272727272,True,1,0,0.339,0.304,0.357,0.1511,89.46750000000003,False,False,False,False,False,False,False,False,hKfEXdiBKQ0
41,7,5.0,0.21212121212121213,0,0,0,False,0.04878048780487805,False,0,0,0.262,0.271,0.467,-0.0258,78.87285714285717,False,False,False,False,False,False,True,False,1RVh72SCqiI
35,6,5.0,0.3103448275862069,1,1,0,False,0.02857142857142857,False,0,0,0.0,0.0,1.0,0.0,59.745000000000005,False,False,False,False,False,False,True,False,G92De7K8w5c
27,4,6.0,0.3181818181818182,0,0,0,False,0.07407407407407407,False,0,0,0.0,0.508,0.492,-0.4767,75.87500000000001,False,False,False,False,False,False,False,False,uF8H4ZETnqs
34,6,4.833333333333333,0.1724137931034483,0,0,0,False,0.0,False,0,0,0.324,0.0,0.676,0.34,116.14500000000001,False,False,False,False,False,True,True,False,xkHJG2sL8Q4
43,8,4.5,0.34285714285714286,1,0,0,False,0.023255813953488372,False,0,0,0.316,0.462,0.222,-0.5622,103.54,False,False,False,False,False,True,True,False,dkXCjl-hzoA
9,3,2.3333333333333335,0.42857142857142855,0,0,0,False,0.0,False,0,0,0.0,0.0,1.0,0.0,119.19000000000003,False,False,False,False,False,False,True,False,EXSPx7dJ8VI
44,7,5.428571428571429,0.16216216216216217,0,0,0,False,0.022727272727272728,False,0,0,0.726,0.0,0.274,0.891,66.7871428571429,False,False,False,False,False,False,False,False,5GqhGGh01gs
51,8,5.5,0.14634146341463414,0,0,0,False,0.0392156862745098,True,1,0,0.0,0.504,0.496,-0.7269,50.66500000000002,False,False,False,False,False,False,False,False,bPDNRXapaSY
39,8,4.0,0.25,1,1,0,False,0.07692307692307693,True,1,0,0.0,0.0,1.0,0.0,92.965,False,False,False,True,False,False,False,False,PRTQ2riRvEc
53,7,6.714285714285714,0.16279069767441862,0,1,0,False,0.07547169811320754,False,0,0,0.557,0.0,0.443,0.7424,54.70142857142861,False,False,False,False,False,True,False,False,HximplPHseY
44,7,5.428571428571429,0.13157894736842105,0,0,0,False,0.0,False,0,0,0.0,0.0,1.0,0.0,90.95857142857145,False,False,False,False,False,False,False,False,ek95pUePkao
23,4,5.0,0.3157894736842105,0,1,0,False,0.043478260869565216,False,0,0,0.0,0.0,1.0,0.0,75.87500000000001,False,False,False,False,False,True,False,False,GdNfauJtO40
42,9,3.7777777777777777,0.18181818181818182,0,0,0,False,0.023809523809523808,False,0,0,0.292,0.0,0.708,0.5106,103.54,False,False,False,False,False,False,True,False,M4rVO__2nnY
48,8,5.0,0.22857142857142856,0,1,0,False,0.10416666666666667,False,0,0,0.0,0.527,0.473,-0.7712,75.87500000000001,False,False,False,True,False,False,True,False,02XzpemmVBI
38,7,4.571428571428571,0.13793103448275862,0,0,0,False,0.05263157894736842,True,1,0,0.0,0.524,0.476,-0.6705,90.95857142857145,False,False,False,False,True,False,False,False,PiH7OmX7X1M
39,7,4.714285714285714,0.2903225806451613,1,0,0,False,0.05128205128205128,False,0,0,0.0,0.0,1.0,0.0,78.87285714285717,False,False,False,False,False,False,False,False,0O04qPLoKJ0
55,9,5.222222222222222,0.13333333333333333,0,0,0,False,0.03636363636363636,False,0,2,0.375,0.0,0.625,0.4939,54.70142857142861,True,False,False,False,False,False,False,False,LOB80GUlT7I
55,10,4.6,0.19047619047619047,0,1,0,False,0.05454545454545454,True,1,0,0.285,0.0,0.715,0.5562,100.24000000000002,False,False,False,False,False,False,False,False,4YjzvUQokqU
62,10,5.3,0.4,2,0,0,False,0.04838709677419355,False,0,0,0.0,0.0,1.0,0.0,78.24500000000002,False,False,False,False,False,False,False,False,J5BsLSQw6tU
50,10,4.1,0.15,0,0,0,False,0.02,False,0,0,0.0,0.0,1.0,0.0,95.165,False,False,False,False,True,False,True,False,BCjD3SD_2iM
54,9,5.111111111111111,0.19047619047619047,0,0,0,False,0.05555555555555555,True,1,0,0.0,0.166,0.834,-0.1511,75.50000000000003,False,False,False,False,False,True,False,False,n3vZnvYU-zs
51,9,4.777777777777778,0.5,2,0,0,False,0.0784313725490196,True,3,0,0.0,0.0,1.0,0.0,84.90000000000003,False,False,False,False,False,False,False,False,3gMhBOnijHs
55,10,4.6,0.25,0,0,0,False,0.05454545454545454,True,3,0,0.318,0.0,0.682,0.6369,86.70500000000001,False,False,False,False,True,False,False,False,_cwut01RLew
38,8,3.875,0.23333333333333334,0,0,0,False,0.02631578947368421,False,0,1,0.242,0.121,0.637,0.4404,78.87285714285717,False,False,False,False,False,False,False,False,AYbQIObj1SI
34,7,4.0,0.25,1,0,0,False,0.0,False,0,0,0.451,0.0,0.549,0.7125,90.95857142857145,False,False,False,False,False,False,True,False,xGlynm_BwG0
32,5,5.6,0.15384615384615385,0,1,0,False,0.0625,False,0,0,0.285,0.0,0.715,0.1511,100.24000000000002,False,False,False,False,False,False,False,False,SDDSUUEHwkc
71,11,5.545454545454546,0.3620689655172414,4,0,0,False,0.04225352112676056,False,0,0,0.151,0.285,0.565,-0.4824,57.23363636363638,False,False,False,False,False,False,False,False,2K8mSVr7ngU
62,10,5.3,0.25,0,1,0,False,0.016129032258064516,False,0,0,0.203,0.0,0.797,0.3164,57.940000000000026,False,False,False,False,True,True,False,False,uNcjGDiIBH8
63,10,5.4,0.26,0,0,1,False,0.06349206349206349,False,0,0,0.0,0.0,1.0,0.0,57.940000000000026,False,False,False,False,True,False,False,False,7ug60ABbCu8
29,5,5.0,0.4,1,0,0,False,0.034482758620689655,True,1,0,0.0,0.0,1.0,0.0,12.425000000000011,False,False,False,False,False,False,False,False,xa81Dod_FuQ
52,7,6.571428571428571,0.35714285714285715,1,1,0,False,0.07692307692307693,False,0,0,0.0,0.0,1.0,0.0,46.1682142857143,False,False,False,False,True,False,False,False,iH9knVibpcc
79,13,5.153846153846154,0.1896551724137931,0,0,0,True,0.0759493670886076,True,2,0,0.0,0.0,1.0,0.0,56.97846153846157,False,False,False,False,True,False,False,False,L76tvZH5g2Y
56,9,5.333333333333333,0.36363636363636365,1,0,0,False,0.05357142857142857,True,1,0,0.0,0.0,1.0,0.0,47.30000000000004,False,False,False,False,True,True,False,False,_VnWe_iHn44
67,10,5.8,0.3076923076923077,2,1,0,False,0.07462686567164178,True,1,0,0.249,0.0,0.751,0.4574,35.94500000000002,False,False,False,False,True,True,False,False,5eh0Kl3BQQs
24,5,4.0,0.21052631578947367,0,0,1,False,0.041666666666666664,False,0,0,0.0,0.0,1.0,0.0,83.32000000000004,False,False,False,False,False,False,False,False,bKMq2se1UyU
60,11,4.545454545454546,0.1590909090909091,0,1,0,False,0.06666666666666667,True,2,0,0.137,0.137,0.726,0.0,91.78000000000003,False,False,False,False,True,False,False,False,gHrLKlu2UZA
63,9,6.111111111111111,0.23529411764705882,0,2,0,False,0.06349206349206349,False,0,0,0.276,0.276,0.448,0.3786,51.867500000000035,False,False,False,False,False,True,False,False,aJqV1fk7HeM
43,8,4.5,0.18181818181818182,0,0,0,False,0.046511627906976744,True,1,0,0.0,0.386,0.614,-0.6597,71.81500000000001,False,False,False,False,False,False,False,False,M2eImie9C_g
52,10,4.3,0.225,1,0,1,False,0.038461538461538464,True,1,0,0.152,0.297,0.552,-0.4767,47.30000000000004,False,False,False,False,False,False,False,False,AaF2Iz9wvwo
33,6,4.666666666666667,0.37037037037037035,2,0,0,False,0.030303030303030304,False,0,0,0.306,0.0,0.694,0.296,32.56000000000003,False,False,False,False,False,False,False,False,Y4-EwSK_vIY
75,13,4.846153846153846,0.22950819672131148,1,1,0,False,0.02666666666666667,False,0,0,0.0,0.21,0.79,-0.4926,53.655,False,False,False,False,False,True,False,False,A2GpxacIM4g
91,16,4.75,0.22535211267605634,1,1,0,False,0.054945054945054944,False,0,0,0.267,0.0,0.733,0.6239,52.58250000000001,False,False,False,False,True,True,True,False,NgodMUfVh-I
61,8,6.75,0.26,1,1,0,False,0.06557377049180328,False,0,0,0.0,0.479,0.521,-0.6711,44.150000000000006,False,False,False,False,False,False,True,False,UVfVzoERrDc
87,14,5.285714285714286,0.3,2,2,0,False,0.04597701149425287,False,0,0,0.116,0.19,0.694,-0.3147,75.19833333333334,False,False,False,False,False,True,False,False,KPmB6gTIxEI
43,5,7.8,0.21052631578947367,0,1,0,False,0.023255813953488372,False,0,0,0.0,0.0,1.0,0.0,15.640000000000015,False,False,False,False,False,False,True,False,XGTFgr6wPJo
58,10,4.9,0.36585365853658536,2,3,0,False,0.10344827586206896,True,2,0,0.0,0.0,1.0,0.0,78.24500000000002,False,False,False,False,False,False,True,False,JyXK_RkDz68
41,8,4.125,0.03125,0,1,0,False,0.024390243902439025,False,0,0,0.299,0.0,0.701,0.4574,92.965,False,False,False,False,False,True,True,False,R2nKqfJ3vmA
54,10,4.5,0.20454545454545456,0,1,0,False,0.018518518518518517,False,0,0,0.237,0.0,0.763,0.4199,86.70500000000001,False,False,False,False,False,False,True,False,Zm88d_Bfvx8
78,13,5.076923076923077,0.7833333333333333,8,4,0,False,0.07692307692307693,False,0,0,0.0,0.0,1.0,0.0,80.89500000000001,False,False,False,False,False,True,True,False,AAjdSQneTtE
24,3,7.333333333333333,1.0,3,1,0,False,0.041666666666666664,False,0,0,0.0,0.0,1.0,0.0,6.390000000000015,False,False,False,False,False,False,False,False,DV_WtDEYujk
49,8,5.25,0.4473684210526316,1,4,0,False,0.08163265306122448,False,0,0,0.356,0.0,0.644,0.5951,82.39000000000001,False,False,False,False,False,False,True,False,jzH8grjRahE
42,6,6.166666666666667,0.5862068965517241,2,0,3,False,0.09523809523809523,True,1,0,0.0,0.0,1.0,0.0,73.84500000000001,False,False,False,False,False,False,False,True,tXUSKA3_U1M
38,5,6.8,0.5333333333333333,3,4,0,False,0.10526315789473684,False,0,0,0.0,0.0,1.0,0.0,66.40000000000003,False,False,False,False,False,False,False,False,3yoDSUmZRGE
22,4,4.75,1.0,4,3,0,False,0.18181818181818182,False,0,0,0.0,0.0,1.0,0.0,118.17500000000001,False,False,False,False,False,False,False,False,hHQsMipsEfM
60,10,5.1,0.6086956521739131,5,4,0,False,0.08333333333333333,False,0,0,0.0,0.0,1.0,0.0,51.867500000000035,False,False,False,False,False,False,True,False,0B3-YbTtmdY
39,6,5.666666666666667,0.39285714285714285,2,4,0,False,0.1282051282051282,True,1,0,0.0,0.0,1.0,0.0,73.84500000000001,False,False,False,False,False,False,False,False,-scu0FG7cmo
43,8,4.5,0.3939393939393939,2,3,0,False,0.06976744186046512,False,0,0,0.0,0.0,1.0,0.0,82.39000000000001,False,False,False,False,False,False,True,False,eKOOS2LBsDM
38,7,4.571428571428571,1.0,7,1,0,False,0.02631578947368421,False,0,0,0.0,0.0,1.0,0.0,78.87285714285717,False,False,False,False,False,False,True,False,z1rwWlFV1l0
48,8,5.125,0.47368421052631576,3,1,0,False,0.0625,False,0,0,0.33,0.0,0.67,0.7118,50.66500000000002,False,False,False,False,False,False,True,False,tgrlmbIFRuI
26,4,5.75,1.0,4,3,0,False,0.11538461538461539,False,0,0,0.0,0.0,1.0,0.0,54.72500000000002,False,False,False,False,False,False,False,False,gXocDiOMGuQ
92,15,5.2,0.4788732394366197,6,4,0,False,0.06521739130434782,True,1,0,0.0,0.0,1.0,0.0,92.06250000000001,False,False,False,False,False,True,True,False,oNqPAuwKwfE
90,18,4.055555555555555,0.42424242424242425,3,4,0,False,0.07777777777777778,False,0,0,0.0,0.0,1.0,0.0,71.81500000000001,False,False,False,False,False,False,True,False,CCBi6nclBi8
53,9,5.0,0.5853658536585366,5,4,0,False,0.07547169811320754,False,0,0,0.0,0.0,1.0,0.0,80.06750000000002,False,False,False,False,False,True,True,False,J-7nWbftF3A
89,18,4.0,0.38235294117647056,5,4,0,False,0.0449438202247191,False,0,0,0.113,0.256,0.63,-0.5269,94.30000000000001,False,False,False,False,False,False,True,False,0VJ6_QkwCVI
84,13,5.538461538461538,0.5074626865671642,5,5,0,False,0.05952380952380952,False,0,0,0.0,0.0,1.0,0.0,72.2828205128205,False,False,False,False,False,True,False,False,TS3keT65k_k
58,8,6.375,0.6956521739130435,6,4,0,False,0.08620689655172414,False,0,0,0.532,0.0,0.468,0.7804,54.72500000000002,True,False,False,False,True,False,True,False,0FNNw1dUQ3M
78,13,5.076923076923077,0.46551724137931033,5,4,0,False,0.10256410256410256,False,0,0,0.262,0.0,0.738,0.6449,73.84500000000001,False,False,False,False,False,False,False,False,m1XC7SxfVZc
65,9,6.333333333333333,0.5849056603773585,5,4,0,False,0.06153846153846154,False,0,0,0.0,0.0,1.0,0.0,42.46750000000003,False,False,False,False,True,False,True,False,ckOQ1-rA388
48,8,5.125,0.7027027027027027,6,4,0,False,0.08333333333333333,False,0,0,0.0,0.0,1.0,0.0,65.30000000000001,False,False,False,False,False,False,True,False,j7g30_QHf4U
62,9,6.0,0.64,5,4,0,False,0.06451612903225806,False,0,0,0.388,0.0,0.612,0.7243,42.46750000000003,False,False,False,False,False,False,False,False,uUopq8dZVDU
33,6,4.666666666666667,0.6956521739130435,3,4,1,False,0.15151515151515152,False,0,0,0.0,0.0,1.0,0.0,87.94500000000002,False,False,False,False,False,False,False,False,ZIlTo-KwAZs
75,13,4.846153846153846,0.44642857142857145,3,4,0,False,0.09333333333333334,False,0,0,0.498,0.0,0.502,0.8721,63.57596153846157,False,False,False,False,True,True,True,False,MwY165S9Omo
99,16,5.25,0.38961038961038963,4,5,0,False,0.050505050505050504,True,1,0,0.0,0.146,0.854,-0.3753,58.65916666666669,False,False,False,False,False,False,False,False,_EzUHMeYXVc
54,9,5.111111111111111,0.5641025641025641,4,4,0,False,0.09259259259259259,True,1,0,0.0,0.0,1.0,0.0,89.46750000000003,False,False,False,False,False,False,True,False,hyKhptqtJc8
68,11,5.2727272727272725,0.3333333333333333,2,4,0,False,0.08823529411764706,True,1,0,0.0,0.0,1.0,0.0,44.405,False,False,False,False,False,False,False,False,9SwZ-6UTCdI
95,14,5.785714285714286,0.5866666666666667,8,4,0,False,0.06315789473684211,False,0,0,0.369,0.0,0.631,0.7922,60.74428571428575,True,False,False,False,False,False,True,False,KLSW1DCU4Yk
83,12,5.916666666666667,0.25,2,4,1,False,0.08433734939759036,False,0,0,0.0,0.284,0.716,-0.6562,59.745000000000005,False,False,False,False,False,False,True,False,yVq6b_Clobc
53,8,5.75,0.9761904761904762,6,3,0,False,0.07547169811320754,False,0,0,0.0,0.407,0.593,-0.7012,8.365000000000009,False,False,False,False,False,True,False,False,Y5UT7vpui98
52,7,6.571428571428571,1.0,7,3,0,False,0.11538461538461539,False,0,0,0.0,0.0,1.0,0.0,66.7871428571429,False,False,False,True,False,False,False,False,j13Mz4oJbxc
60,9,5.777777777777778,0.782608695652174,6,3,1,False,0.08333333333333333,True,1,0,0.304,0.199,0.497,0.3561,61.26750000000001,False,False,False,False,False,False,False,False,Vc0ShRzeqos
25,4,5.5,1.0,4,3,0,False,0.16,False,0,0,0.0,0.0,1.0,0.0,54.72500000000002,False,False,False,False,False,False,False,False,Gu2Zl5WJkjM
56,8,6.125,0.5681818181818182,3,4,0,False,0.08928571428571429,False,0,0,0.412,0.0,0.588,0.7097,65.30000000000001,False,False,False,False,True,False,True,False,zWbiH1ui13w
48,10,3.9,1.0,10,3,0,False,0.08333333333333333,False,0,0,0.0,0.383,0.617,-0.6093,112.08500000000001,False,False,False,False,False,False,False,False,e2jfUfgyhSk
64,12,4.416666666666667,0.6326530612244898,7,4,0,False,0.0625,False,0,0,0.0,0.0,1.0,0.0,109.09500000000001,False,False,False,False,True,False,True,False,Buu_j5hvz30
60,8,6.625,1.0,8,3,0,False,0.05,False,0,0,0.0,0.291,0.709,-0.4359,50.66500000000002,False,False,False,False,False,False,True,False,SGAFlOsln5k
59,8,6.5,0.5957446808510638,4,4,0,False,0.0847457627118644,False,0,0,0.508,0.168,0.324,0.7379,44.150000000000006,True,False,False,False,True,False,False,False,Tre9ooBRoA8
51,10,4.2,0.631578947368421,4,4,0,False,0.0784313725490196,False,0,0,0.0,0.0,1.0,0.0,91.78000000000003,False,False,False,False,False,False,True,False,lZEwluqMLDw
42,9,3.7777777777777777,1.0,8,4,0,False,0.09523809523809523,False,0,0,0.0,0.447,0.553,-0.6876,103.70000000000002,False,False,False,False,False,False,True,False,ZUKBarcXSO0
63,11,4.818181818181818,0.6666666666666666,7,2,1,False,0.07936507936507936,False,0,0,0.42,0.0,0.58,0.7592,85.88886363636365,False,False,True,False,True,False,True,False,yrGuXiZ6IUo
86,12,6.25,0.16901408450704225,0,2,0,False,0.046511627906976744,False,0,0,0.505,0.0,0.495,0.8475,59.745000000000005,False,False,True,False,False,False,False,False,bJWloAoZWv8
44,7,5.428571428571429,0.5,3,4,0,False,0.09090909090909091,False,0,0,0.0,0.0,1.0,0.0,70.33964285714288,False,False,False,False,False,False,False,False,eHhAiI-sopo
60,11,4.545454545454546,0.20833333333333334,2,1,0,False,0.03333333333333333,False,0,0,0.37,0.0,0.63,0.6476,72.61545454545457,False,False,False,False,False,False,False,False,Ie5ljo8wtuk
68,12,4.75,0.5294117647058824,5,4,0,False,0.058823529411764705,True,1,0,0.0,0.0,1.0,0.0,45.64500000000001,False,False,False,False,False,False,True,False,GZBrV_ClwJM
51,10,4.2,0.5,5,4,0,False,0.0784313725490196,False,0,0,0.332,0.0,0.668,0.6671,91.78000000000003,False,False,False,False,False,False,False,False,oUHWUNm7TPM
40,7,4.714285714285714,0.12903225806451613,0,0,0,False,0.05,False,0,0,0.326,0.0,0.674,0.4404,59.745000000000005,False,False,False,False,True,True,False,False,f_v5ecyeSow
72,11,5.636363636363637,0.10416666666666667,0,2,0,False,0.08333333333333333,True,2,0,0.415,0.0,0.585,0.7494,57.940000000000026,False,False,False,False,True,True,False,False,R0bLBz2CNwA
69,12,4.833333333333333,0.16363636363636364,0,0,0,False,0.043478260869565216,False,0,0,0.209,0.0,0.791,0.4404,35.94500000000002,False,False,False,True,True,True,True,False,4qvTM1dwz3g
53,9,5.0,0.18181818181818182,0,0,0,False,0.018867924528301886,False,0,0,0.417,0.11,0.472,0.5994,40.09,False,False,False,False,True,True,False,False,JTc-0-Iy2Q4
89,14,5.428571428571429,0.136986301369863,0,0,0,False,0.033707865168539325,False,0,0,0.188,0.0,0.812,0.4588,77.81071428571428,False,False,False,False,False,True,False,False,cLii8VG04m8
76,14,4.5,0.13559322033898305,0,0,0,False,0.02631578947368421,True,1,0,0.182,0.0,0.818,0.4404,74.805,False,False,False,False,True,True,False,False,gYgf2CRRsRQ
86,15,4.8,0.1323529411764706,0,0,0,False,0.03488372093023256,True,1,0,0.172,0.0,0.828,0.4404,63.486153846153854,False,False,False,False,True,True,False,False,mKfzkYkM3YM
90,14,5.5,0.13513513513513514,0,0,0,False,0.03333333333333333,False,0,0,0.298,0.0,0.702,0.6249,53.655,False,False,False,False,True,True,False,False,LhGYVLUSsrU
86,13,5.6923076923076925,0.11428571428571428,0,0,0,False,0.046511627906976744,False,0,0,0.195,0.0,0.805,0.4404,41.8518181818182,False,False,False,False,True,True,False,False,U6S-CuSsfA8
95,16,5.0,0.07792207792207792,0,0,0,False,0.031578947368421054,False,0,0,0.162,0.0,0.838,0.4404,71.76785714285715,False,False,False,False,True,True,False,False,GPHaI6XC_wE
92,14,5.642857142857143,0.08571428571428572,0,0,0,False,0.06521739130434782,True,2,0,0.182,0.0,0.818,0.4404,46.60500000000002,False,False,False,False,True,True,False,False,lYIfrcmnybY
99,16,5.25,0.1625,0,0,0,False,0.04040404040404041,False,0,0,0.162,0.0,0.838,0.4404,71.76785714285715,False,False,False,False,True,True,False,False,3iRbAfcCw_M
100,14,6.214285714285714,0.08536585365853659,0,0,0,False,0.05,False,0,0,0.0,0.0,1.0,0.0,56.97846153846157,False,False,False,True,False,False,False,False,1toFqwVdB5s
91,13,6.076923076923077,0.14666666666666667,0,1,0,False,0.04395604395604396,False,0,0,0.337,0.0,0.663,0.68,45.64500000000001,True,False,False,False,True,True,False,False,7yC2hrsCjHQ
64,10,5.5,0.14893617021276595,0,0,0,False,0.0625,True,1,0,0.244,0.0,0.756,0.4404,71.81500000000001,False,False,False,False,True,True,False,False,CmDbKutvBcI
94,12,6.916666666666667,0.10126582278481013,0,0,0,False,0.0425531914893617,False,0,0,0.346,0.0,0.654,0.6486,19.025000000000006,False,False,False,True,True,True,False,False,1EiV8AZ_ry0
64,12,4.416666666666667,0.19607843137254902,0,0,0,False,0.03125,False,0,0,0.209,0.0,0.791,0.4404,78.24500000000002,False,False,False,False,True,True,False,False,qJ1-xl5l6_k
74,9,7.333333333333333,0.08333333333333333,0,0,0,False,0.05405405405405406,True,1,0,0.47,0.0,0.53,0.7351,-2.2099999999999795,False,False,False,True,True,True,False,False,5XF_dEqYNDE
97,15,5.533333333333333,0.1282051282051282,0,0,0,False,0.05154639175257732,False,0,0,0.283,0.075,0.642,0.5994,37.455384615384645,False,False,False,False,True,True,False,False,6pA7p-ni28c
92,17,4.470588235294118,0.18055555555555555,0,0,0,False,0.043478260869565216,False,0,0,0.153,0.0,0.847,0.4404,67.53000000000003,False,False,False,False,True,True,False,False,_0AmSfRsyW4
66,8,7.375,0.12,0,1,0,False,0.07575757575757576,True,1,0,0.313,0.0,0.687,0.4926,6.35857142857148,False,False,False,False,True,True,False,False,apjxmS9-mUU
53,10,4.4,0.20930232558139536,0,0,0,False,0.018867924528301886,False,0,0,0.365,0.0,0.635,0.5574,75.50000000000003,False,False,False,False,True,True,True,False,BhmSLrG0-sM
63,9,6.111111111111111,0.19230769230769232,1,0,0,False,0.047619047619047616,False,0,0,0.23,0.214,0.556,0.0516,29.515000000000015,False,False,False,False,True,True,False,False,3PKUbw2UJ1I
55,11,4.090909090909091,0.18181818181818182,0,0,0,False,0.01818181818181818,False,0,0,0.371,0.0,0.629,0.6486,52.86500000000001,False,False,False,False,True,True,False,False,EMeAGqmZ1IU
95,17,4.647058823529412,0.14666666666666667,0,0,0,False,0.042105263157894736,False,0,0,0.239,0.0,0.761,0.5719,43.963076923076954,False,False,False,False,True,True,False,False,wKsJK3bkZXE
99,16,5.25,0.14814814814814814,1,0,0,False,0.030303030303030304,False,0,0,0.404,0.0,0.596,0.8316,44.97000000000003,False,False,False,False,True,True,False,False,1NzD_HDX9IU
97,18,4.444444444444445,0.16883116883116883,0,0,0,False,0.030927835051546393,False,0,0,0.146,0.0,0.854,0.4404,50.610000000000014,False,False,False,False,True,True,False,False,l_wR5RKMOGE
86,16,4.4375,0.18181818181818182,0,0,0,False,0.05813953488372093,False,0,0,0.162,0.0,0.838,0.4404,46.60500000000002,False,False,False,False,True,True,False,False,wZe5BxXNwqc
70,12,4.916666666666667,0.20689655172413793,1,0,0,False,0.014285714285714285,False,0,0,0.477,0.0,0.523,0.802,57.23363636363638,False,False,False,False,True,True,False,False,7luJWYC0Fxs
68,14,3.9285714285714284,0.2037037037037037,0,0,0,False,0.014705882352941176,False,0,0,0.415,0.0,0.585,0.7783,83.0092307692308,False,False,False,False,True,True,False,False,TVh2L-HD4eM
71,13,4.538461538461538,0.19642857142857142,1,0,0,False,0.04225352112676056,False,0,0,0.195,0.0,0.805,0.4404,44.405,False,False,False,False,True,True,False,False,UKyUdeOQ4Cw
51,9,4.777777777777778,0.14285714285714285,0,0,0,False,0.0196078431372549,False,0,0,0.266,0.0,0.734,0.4404,61.24000000000001,False,False,False,False,True,True,False,False,CPjI_ozU0nc
85,15,4.733333333333333,0.17391304347826086,0,0,0,False,0.023529411764705882,False,0,0,0.41,0.067,0.524,0.802,69.99384615384618,False,False,False,False,True,True,False,False,Rk_H-L0aa1w
95,14,5.857142857142857,0.12162162162162163,0,0,0,False,0.08421052631578947,False,0,0,0.182,0.0,0.818,0.4404,63.486153846153854,False,False,False,True,True,True,True,False,qvxRJqTmSFc
92,14,5.642857142857143,0.09333333333333334,0,0,0,False,0.043478260869565216,False,0,0,0.278,0.097,0.625,0.4939,56.97846153846157,False,False,False,False,True,True,False,False,d33FuB4_o6o
68,12,4.75,0.16363636363636364,0,0,0,False,0.029411764705882353,False,0,0,0.331,0.106,0.562,0.5574,69.78500000000001,False,False,False,False,True,True,False,False,b1DFHFbAWoM
97,17,4.764705882352941,0.1643835616438356,0,1,0,False,0.07216494845360824,True,1,0,0.23,0.0,0.77,0.5411,50.56057692307695,True,False,False,True,True,True,True,False,XiQzdVLGcfw
98,15,5.6,0.12345679012345678,0,0,0,False,0.030612244897959183,False,0,0,0.162,0.112,0.726,0.2263,37.455384615384645,False,False,False,False,True,True,False,False,F0a6LPdxdXM
86,12,6.25,0.14084507042253522,1,0,0,False,0.046511627906976744,False,0,0,0.209,0.0,0.791,0.4404,34.160909090909115,False,False,False,False,True,True,False,False,T3AHjvtRKSo
99,20,4.0,0.18421052631578946,0,0,1,False,0.030303030303030304,True,1,0,0.189,0.0,0.811,0.4939,66.36500000000001,True,False,False,False,True,True,False,False,ArJb6ILx7z4
99,19,4.2631578947368425,0.12162162162162163,0,1,0,False,0.0707070707070707,False,0,0,0.151,0.0,0.849,0.4926,48.65857142857146,False,False,False,True,True,True,True,False,XP0Iub3MJnk
94,18,4.277777777777778,0.16666666666666666,1,1,0,False,0.05319148936170213,False,0,0,0.276,0.0,0.724,0.7263,69.5025,False,False,False,True,True,True,True,False,g_DRbmxymrA
94,14,5.714285714285714,0.10666666666666667,0,0,0,False,0.05319148936170213,False,0,0,0.43,0.0,0.57,0.8074,46.60500000000002,False,False,True,False,True,True,False,False,QU5t8aaNp98
85,15,4.733333333333333,0.16417910447761194,0,0,0,False,0.047058823529411764,False,0,0,0.159,0.126,0.714,0.1531,53.655,False,False,False,False,True,True,False,False,QyJRi9O1cdo
82,13,5.384615384615385,0.14705882352941177,0,0,0,False,0.024390243902439025,False,0,0,0.195,0.0,0.805,0.4404,25.455000000000013,False,False,False,True,True,True,False,False,Dg5B-pavrzQ
54,10,4.5,0.1590909090909091,0,0,0,False,0.018518518518518517,False,0,0,0.244,0.0,0.756,0.4404,56.70000000000002,False,False,False,False,True,True,False,False,LJ9tgxd70NM
92,18,4.166666666666667,0.18309859154929578,0,0,0,False,0.043478260869565216,False,0,0,0.345,0.0,0.655,0.7845,53.639285714285734,False,False,True,False,True,True,False,False,ph1EwydRGPk
89,17,4.294117647058823,0.16901408450704225,0,0,0,False,0.02247191011235955,False,0,0,0.261,0.0,0.739,0.6486,78.81000000000003,False,False,False,False,True,True,False,False,FaY3fPP5CgM
83,13,5.461538461538462,0.16666666666666666,0,0,0,False,0.04819277108433735,True,1,0,0.337,0.0,0.663,0.6808,49.54272727272729,False,False,False,False,True,True,False,False,AXwfE3LUe-c
93,19,3.9473684210526314,0.1643835616438356,0,0,0,False,0.021505376344086023,False,0,0,0.267,0.0,0.733,0.7351,65.16823529411766,False,False,False,False,True,True,False,False,gF9QB9eHWUw
67,12,4.666666666666667,0.24074074074074073,0,1,0,False,0.029850746268656716,False,0,0,0.0,0.201,0.799,-0.416,74.805,False,False,False,False,False,False,True,False,WLyYKildEes
34,8,3.375,0.2916666666666667,0,0,0,False,0.058823529411764705,True,1,0,0.0,0.0,1.0,0.0,103.54,False,False,False,False,False,False,True,False,HD5gMDK6IRA
30,6,4.166666666666667,0.391304347826087,1,0,0,False,0.06666666666666667,False,0,0,0.446,0.0,0.554,0.6166,116.14500000000001,False,False,False,False,False,False,True,False,ds4CZwcLsU0
42,8,4.375,0.2222222222222222,0,0,0,False,0.047619047619047616,True,2,0,0.213,0.0,0.787,0.2263,103.54,False,False,False,False,False,False,True,False,FFnsGNBP4GA
32,6,4.5,0.28,0,0,0,False,0.0625,False,0,0,0.0,0.0,1.0,0.0,102.045,False,False,False,False,True,False,True,False,t-nQKe3a2wM
42,7,5.142857142857143,0.2,0,1,0,False,0.023809523809523808,False,0,0,0.0,0.0,1.0,0.0,30.53000000000003,False,False,False,False,False,False,True,False,yq7j2mVb_g8
58,10,4.9,0.41025641025641024,3,2,0,False,0.08620689655172414,True,3,0,0.0,0.0,1.0,0.0,91.78000000000003,False,False,False,False,False,False,True,False,Dm3Xj0IIYtk
82,13,5.384615384615385,0.3584905660377358,3,4,0,False,0.10975609756097561,True,4,0,0.386,0.0,0.614,0.7846,59.745000000000005,True,False,False,False,False,False,True,False,EtyYZWEi9JY
36,6,5.166666666666667,0.20833333333333334,1,1,0,False,0.05555555555555555,True,2,0,0.0,0.0,1.0,0.0,45.64500000000001,False,False,False,False,False,False,False,False,B6ZH-QBP2vI
62,11,4.7272727272727275,0.3125,2,0,0,False,0.06451612903225806,False,0,0,0.145,0.0,0.855,0.1779,64.9245454545455,False,False,False,False,False,False,True,False,hiyiVDl6vYM
54,10,4.5,0.5,4,2,0,False,0.07407407407407407,True,1,0,0.0,0.0,1.0,0.0,69.78500000000001,False,False,False,False,False,False,True,False,ImoBxNRFH-4
60,9,5.777777777777778,0.2926829268292683,1,0,0,True,0.11666666666666667,True,2,0,0.191,0.275,0.534,-0.2732,89.46750000000003,False,False,False,False,False,False,False,False,NbCLWgWXt98
60,11,4.545454545454546,0.4186046511627907,2,1,0,False,0.05,True,1,0,0.166,0.0,0.834,0.2481,80.30636363636367,False,False,False,False,False,False,True,False,BsMaqGk8TLc
62,11,4.7272727272727275,0.45,2,2,0,False,0.11290322580645161,True,2,0,0.204,0.262,0.534,-0.2462,87.749696969697,False,False,False,False,False,False,False,False,UUPG6qXauWI
60,10,5.1,0.4,1,2,0,False,0.06666666666666667,True,1,0,0.0,0.0,1.0,0.0,52.86500000000001,True,False,False,False,False,False,True,False,MB4jbobs0zI
62,11,4.7272727272727275,0.3617021276595745,3,2,0,False,0.08064516129032258,False,0,0,0.445,0.0,0.555,0.8029,66.40000000000003,False,False,False,False,False,False,True,False,Il0Tx25s_4Y
44,8,4.625,0.20689655172413793,0,2,0,False,0.09090909090909091,True,2,0,0.464,0.0,0.536,0.6351,92.965,False,False,False,False,False,False,True,False,A8TG-vxWXd4
45,9,4.111111111111111,0.2647058823529412,1,2,0,False,0.044444444444444446,True,1,0,0.0,0.0,1.0,0.0,75.50000000000003,False,False,False,False,False,False,True,False,UTnihpJBk-w
68,11,5.2727272727272725,0.20408163265306123,0,2,0,False,0.058823529411764705,True,2,0,0.558,0.0,0.442,0.8774,80.30636363636367,False,False,False,False,False,False,True,False,LRXTwMcW83U
54,8,5.875,0.15384615384615385,0,2,0,False,0.07407407407407407,True,2,0,0.454,0.0,0.546,0.6103,40.09,False,False,False,False,False,False,False,False,oeX27ugZgEM
50,7,6.285714285714286,0.16666666666666666,0,2,0,False,0.04,False,0,0,0.0,0.0,1.0,0.0,66.7871428571429,False,False,False,False,False,False,True,False,6Eoff_6i0qg
58,10,4.9,0.225,0,0,0,True,0.08620689655172414,True,2,0,0.0,0.25,0.75,-0.4588,78.24500000000002,False,False,False,False,False,False,True,False,4_rvwxCZAbw
45,8,4.75,0.22580645161290322,0,1,0,False,0.06666666666666667,True,2,0,0.393,0.0,0.607,0.4389,71.81500000000001,False,False,False,False,False,False,True,False,rvML95k2_RI
61,11,4.636363636363637,0.4489795918367347,3,2,0,False,0.03278688524590164,False,0,0,0.356,0.0,0.644,0.7592,80.30636363636367,False,False,False,False,False,False,True,False,tM-1l0uYNtA
37,6,5.333333333333333,0.20833333333333334,0,2,0,False,0.10810810810810811,True,2,0,0.0,0.0,1.0,0.0,45.64500000000001,False,False,False,False,False,False,False,False,Tj7R7AJnixk
40,8,4.125,0.25806451612903225,0,2,0,False,0.05,False,0,0,0.319,0.0,0.681,0.508,103.54,False,False,False,False,False,False,True,False,-2VE8lvAM8s
63,11,4.818181818181818,0.32653061224489793,2,0,0,False,0.06349206349206349,False,0,0,0.145,0.0,0.855,0.1779,72.61545454545457,False,False,False,False,False,False,True,False,q33l9x6Ie1s
36,6,5.166666666666667,0.21739130434782608,0,2,0,False,0.1111111111111111,True,2,0,0.396,0.0,0.604,0.508,59.745000000000005,False,False,False,False,False,False,False,False,8A9LRCYhy1k
36,7,4.285714285714286,0.4090909090909091,1,2,0,False,0.1111111111111111,True,2,0,0.0,0.0,1.0,0.0,78.87285714285717,False,False,False,False,False,False,True,False,WJyqqLoSAlM
67,12,4.666666666666667,0.3333333333333333,3,0,0,False,0.08955223880597014,True,3,0,0.147,0.0,0.853,0.2263,88.905,False,False,False,False,False,False,True,False,W2Pl-fT7M80
40,8,4.125,0.28,0,2,0,False,0.1,True,2,0,0.406,0.0,0.594,0.6988,92.965,False,False,False,False,False,False,True,False,klxwjdiubGM
42,8,4.375,0.28125,1,2,0,False,0.047619047619047616,True,1,0,0.319,0.0,0.681,0.508,82.39000000000001,False,False,False,False,False,False,True,False,hqxoampddAw
37,7,4.428571428571429,0.2608695652173913,0,2,0,False,0.10810810810810811,True,2,0,0.0,0.0,1.0,0.0,78.87285714285717,False,False,False,False,False,False,True,False,bOLNFxkpbWc
75,13,4.846153846153846,0.2857142857142857,1,1,0,False,0.04,True,2,0,0.0,0.0,1.0,0.0,76.50153846153849,False,False,False,False,False,False,False,False,0sMQWxXSH_4
93,15,5.266666666666667,0.47761194029850745,4,0,0,False,0.07526881720430108,True,2,0,0.217,0.0,0.783,0.3818,60.74428571428575,False,False,False,False,False,False,True,False,aoujd-7HdAs
37,6,5.333333333333333,0.5,2,2,0,False,0.05405405405405406,False,0,0,0.0,0.0,1.0,0.0,87.94500000000002,False,False,False,False,False,False,False,False,hVnVvuBhlqY
46,8,4.875,0.21875,0,1,0,False,0.06521739130434782,True,2,0,0.0,0.0,1.0,0.0,71.81500000000001,False,False,False,False,False,False,True,False,0nWGJSRJ2Lo
44,7,5.428571428571429,0.2,0,2,0,False,0.09090909090909091,True,2,0,0.0,0.374,0.626,-0.555,54.70142857142861,False,False,False,False,False,False,True,False,XMgtEaJIslo
54,9,5.111111111111111,0.21621621621621623,0,2,0,False,0.09259259259259259,True,2,0,0.237,0.0,0.763,0.3578,75.50000000000003,False,False,False,False,False,False,True,False,mikfkpr7a-M
49,9,4.555555555555555,0.4358974358974359,2,2,0,False,0.04081632653061224,False,0,0,0.222,0.0,0.778,0.3147,75.50000000000003,False,False,False,False,False,False,True,False,F5_Zw2gA198
51,9,4.777777777777778,0.21951219512195122,0,2,0,False,0.0392156862745098,False,0,0,0.363,0.0,0.637,0.4559,56.70000000000002,False,False,False,False,False,False,True,False,vXhcSCbiecQ
38,7,4.571428571428571,0.23333333333333334,0,2,0,False,0.05263157894736842,False,0,0,0.0,0.0,1.0,0.0,103.04428571428575,False,False,False,False,False,False,True,False,o2O4TPBCu30
45,8,4.75,0.5277777777777778,2,2,0,False,0.044444444444444446,False,0,0,0.246,0.0,0.754,0.3147,61.24000000000001,False,False,False,False,False,False,True,False,fKyo86iDTTk
53,7,6.714285714285714,0.6097560975609756,4,2,0,False,0.11320754716981132,False,0,0,0.0,0.0,1.0,0.0,34.08250000000001,False,False,False,False,False,False,False,False,ndeypHKhiRw
34,6,4.833333333333333,0.4074074074074074,1,2,0,False,0.058823529411764705,False,0,0,0.0,0.0,1.0,0.0,102.045,False,False,False,False,False,False,True,False,D4A7hWTPzko
35,6,5.0,0.21428571428571427,0,0,0,False,0.05714285714285714,False,0,0,0.0,0.0,1.0,0.0,87.94500000000002,False,False,False,False,False,False,True,False,dKnL9a8YH1g
76,13,4.923076923076923,0.44642857142857145,4,2,0,True,0.10526315789473684,False,0,0,0.16,0.0,0.84,0.3147,70.08365384615385,False,False,False,False,False,False,True,False,9H6m5oQa8qA
56,9,5.333333333333333,0.3684210526315789,1,2,0,False,0.08928571428571429,True,2,0,0.332,0.118,0.55,0.5743,84.90000000000003,False,False,False,False,False,False,True,False,6U1v87Qpuuo
54,11,4.0,0.25,0,2,0,False,0.037037037037037035,True,1,0,0.0,0.0,1.0,0.0,95.68818181818183,False,False,False,False,False,False,True,False,woL6_BZYP9Q
38,7,4.571428571428571,0.25,0,2,0,False,0.10526315789473684,True,2,0,0.0,0.0,1.0,0.0,78.87285714285717,False,False,False,False,False,False,True,False,P2FtCX1Jyp8
51,7,6.428571428571429,0.7727272727272727,5,1,0,False,0.0196078431372549,False,0,0,0.0,0.0,1.0,0.0,115.13000000000002,False,False,False,False,False,False,False,False,ACJA1yLPV1k
41,8,4.25,0.12903225806451613,1,0,0,False,0.07317073170731707,False,0,0,0.0,0.0,1.0,0.0,115.13000000000002,False,False,False,False,False,False,False,False,lvu6dAG90IM
55,8,6.0,0.047619047619047616,0,0,0,False,0.03636363636363636,True,1,0,0.0,0.0,1.0,0.0,115.13000000000002,False,False,False,False,False,False,False,False,brVJrLHlDmc
56,10,4.7,0.14634146341463414,1,0,0,False,0.07142857142857142,True,1,0,0.0,0.0,1.0,0.0,94.30000000000001,False,False,False,False,False,False,False,False,RynjmvdEZqE
41,8,4.25,0.16666666666666666,1,0,0,False,0.04878048780487805,True,1,0,0.0,0.0,1.0,0.0,115.13000000000002,False,False,False,False,False,False,False,False,kVOwtKOqfqk
86,12,6.25,0.43243243243243246,4,1,0,False,0.011627906976744186,False,0,0,0.0,0.0,1.0,0.0,87.94500000000002,False,False,False,False,False,False,False,False,1KNxdSasGE0
54,8,5.875,0.1111111111111111,1,0,0,False,0.037037037037037035,False,0,0,0.0,0.0,1.0,0.0,115.13000000000002,False,False,False,False,False,False,False,False,-kfx7ryTr7k
54,9,5.111111111111111,0.18181818181818182,1,1,0,False,0.037037037037037035,False,0,0,0.0,0.0,1.0,0.0,114.11500000000001,False,False,False,False,False,False,False,False,zuhdxaAAWxg
39,8,4.0,0.14285714285714285,1,0,0,False,0.05128205128205128,True,1,0,0.0,0.0,1.0,0.0,114.11500000000001,False,False,False,False,False,False,False,False,YxHgM7fqFMk
40,9,3.5555555555555554,1.0,7,0,0,False,0.05,True,1,0,0.0,0.0,1.0,0.0,114.11500000000001,False,False,False,False,False,False,False,False,Uf4R1U-KNTY
48,10,3.9,0.21621621621621623,1,0,0,False,0.041666666666666664,False,0,0,0.0,0.0,1.0,0.0,113.10000000000002,False,False,False,False,False,False,False,False,Kam23ZmleuE
42,7,5.0,0.16129032258064516,1,0,0,False,0.047619047619047616,True,1,0,0.0,0.0,1.0,0.0,116.14500000000001,False,False,False,False,False,False,False,False,9poMZlaepSE
38,5,6.8,0.15151515151515152,0,0,0,False,0.02631578947368421,False,0,0,0.0,0.0,1.0,0.0,117.16000000000003,False,False,False,False,False,False,False,False,b8pvWitXYS0
50,8,5.375,0.6097560975609756,3,0,0,False,0.04,False,0,0,0.0,0.0,1.0,0.0,115.13000000000002,False,False,False,False,False,False,False,False,DnGvJ-9-rRY
56,11,4.181818181818182,0.5476190476190477,3,0,0,False,0.05357142857142857,True,1,0,0.0,0.0,1.0,0.0,113.10000000000002,False,False,False,False,False,False,False,False,jgVImPP0e8A
64,12,4.416666666666667,0.6274509803921569,5,0,1,False,0.015625,True,1,0,0.0,0.0,1.0,0.0,116.14500000000001,False,False,False,False,False,False,False,False,C_iqfNpeU4o
52,11,3.8181818181818183,0.6341463414634146,5,0,0,False,0.019230769230769232,False,0,0,0.0,0.0,1.0,0.0,112.08500000000001,False,False,False,False,False,False,False,False,DM9EGjXlS9o
59,8,6.5,0.7450980392156863,6,0,1,False,0.01694915254237288,False,0,0,0.0,0.0,1.0,0.0,118.17500000000001,False,False,False,False,False,False,False,False,z9eS9-8rXns
56,13,3.3846153846153846,0.09523809523809523,0,0,0,False,0.017857142857142856,True,1,0,0.0,0.0,1.0,0.0,110.055,False,False,False,False,False,False,False,False,Kr3Y48vyjB8
71,14,4.142857142857143,0.12280701754385964,0,0,0,False,0.014084507042253521,False,0,0,0.0,0.0,1.0,0.0,109.04000000000002,False,False,False,False,False,False,False,False,tw6lGHkXbf8
84,16,4.3125,0.24242424242424243,1,0,0,False,0.03571428571428571,False,0,0,0.0,0.0,1.0,0.0,109.04000000000002,False,False,False,False,False,False,False,False,zdV606ONvfc
38,7,4.571428571428571,0.45161290322580644,2,0,0,False,0.02631578947368421,False,0,0,0.0,0.0,1.0,0.0,116.14500000000001,False,False,False,False,False,False,False,False,r0xlOR9-5sU
43,8,4.5,0.16666666666666666,0,0,0,False,0.0,False,0,0,0.0,0.0,1.0,0.0,114.11500000000001,False,False,False,False,False,False,False,False,_p8KqdDWmAY
38,8,3.875,0.12903225806451613,0,0,0,False,0.0,False,0,0,0.0,0.0,1.0,0.0,114.11500000000001,False,False,False,False,False,False,False,False,wQHmm9CPLGM
32,7,3.7142857142857144,0.6923076923076923,3,0,0,False,0.0,False,0,0,0.0,0.0,1.0,0.0,115.13000000000002,False,False,False,False,False,False,False,False,tP4yu8jvmmQ
68,13,4.3076923076923075,0.41818181818181815,3,0,0,False,0.014705882352941176,False,0,0,0.0,0.0,1.0,0.0,110.055,False,False,False,False,False,False,False,False,hTUhrkPXYX4
27,6,3.6666666666666665,0.6363636363636364,2,0,0,False,0.0,False,0,0,0.0,0.0,1.0,0.0,116.14500000000001,False,False,False,False,False,False,False,False,CwPq_r2fPP8
51,11,3.727272727272727,0.725,5,1,0,False,0.0196078431372549,False,0,0,0.0,0.0,1.0,0.0,117.16000000000003,False,False,False,False,False,False,False,False,jcuq0x6gC6A
62,10,5.3,0.39215686274509803,2,1,1,False,0.03225806451612903,False,0,0,0.0,0.0,1.0,0.0,117.16000000000003,False,False,False,False,False,False,False,False,OL7fyvubzxA
60,11,4.545454545454546,0.16326530612244897,0,0,0,False,0.016666666666666666,False,0,0,0.0,0.0,1.0,0.0,112.08500000000001,False,False,False,False,False,False,False,False,DZ-t1zYb2Y8
34,7,4.0,0.17857142857142858,0,0,0,False,0.0,False,0,0,0.0,0.0,1.0,0.0,115.13000000000002,False,False,False,False,False,False,False,False,POFuX-J9wlU
57,11,4.2727272727272725,0.13636363636363635,0,0,0,False,0.017543859649122806,True,1,0,0.0,0.0,1.0,0.0,112.08500000000001,False,False,False,False,False,False,False,False,h0tx-5zN3n8
30,6,4.166666666666667,0.16,0,0,0,False,0.0,False,0,0,0.0,0.0,1.0,0.0,116.14500000000001,False,False,False,False,False,False,False,False,xjD2xjALvpo
46,10,3.7,0.19444444444444445,0,0,0,False,0.021739130434782608,False,0,0,0.0,0.0,1.0,0.0,113.10000000000002,False,False,False,False,False,False,False,False,eZQRt-JS59o
44,10,3.5,0.15151515151515152,0,0,0,False,0.022727272727272728,True,1,0,0.0,0.0,1.0,0.0,113.10000000000002,False,False,False,False,False,False,False,False,tAGqztaDEUE
47,10,3.8,0.16216216216216217,0,0,0,False,0.02127659574468085,False,0,0,0.0,0.0,1.0,0.0,113.10000000000002,False,False,False,False,False,False,False,False,BO0cWIF5C4k
56,10,4.7,0.08695652173913043,0,0,0,False,0.017857142857142856,False,0,0,0.0,0.0,1.0,0.0,113.10000000000002,False,False,False,False,False,False,False,False,08AhiQijNnk
39,7,4.714285714285714,0.15151515151515152,0,0,0,False,0.0,False,0,0,0.0,0.0,1.0,0.0,115.13000000000002,False,False,False,False,False,False,False,False,j-LgiXVeBPQ
26,5,4.4,0.7272727272727273,2,0,0,False,0.0,False,0,0,0.0,0.0,1.0,0.0,117.16000000000003,False,False,False,False,False,False,False,False,Yb_4T0tbcbs
60,9,5.777777777777778,0.84,6,2,0,False,0.03333333333333333,False,0,0,0.0,0.0,1.0,0.0,117.66750000000002,False,False,False,False,False,False,False,False,cynvAVLeVWc
27,5,4.6,0.09090909090909091,0,0,0,False,0.037037037037037035,False,0,0,0.0,0.0,1.0,0.0,118.17500000000001,False,False,False,False,False,False,False,False,ET8S1RPVA_o
46,8,4.875,0.8055555555555556,5,0,0,False,0.043478260869565216,True,1,0,0.0,0.0,1.0,0.0,115.13000000000002,False,False,False,False,False,False,False,False,oy3kObMMVfg
46,9,4.222222222222222,0.13513513513513514,0,0,0,False,0.021739130434782608,False,0,0,0.0,0.0,1.0,0.0,114.11500000000001,False,False,False,False,False,False,False,False,-bRuvl-AxuA
43,7,5.285714285714286,0.08333333333333333,0,0,0,False,0.023255813953488372,False,0,0,0.0,0.0,1.0,0.0,116.14500000000001,False,False,False,False,False,False,False,False,o5CZpI3zvug
35,5,6.2,1.0,5,0,0,False,0.0,False,0,0,0.0,0.0,1.0,0.0,117.16000000000003,False,False,False,False,False,False,False,False,qwjuTWBDW6s
45,9,4.111111111111111,0.0967741935483871,0,0,0,False,0.044444444444444446,True,2,0,0.0,0.0,1.0,0.0,114.11500000000001,False,False,False,False,False,False,False,False,nF5NwpDuD88
45,9,4.111111111111111,0.1111111111111111,0,0,0,False,0.022222222222222223,False,0,0,0.0,0.0,1.0,0.0,114.11500000000001,False,False,False,False,False,False,False,False,6XwsPugHjuQ
48,8,5.125,0.05128205128205128,0,0,0,False,0.020833333333333332,True,1,0,0.0,0.0,1.0,0.0,115.13000000000002,False,False,False,False,False,False,False,False,_ItKNirlIY8
33,6,4.666666666666667,0.2962962962962963,2,0,0,False,0.030303030303030304,False,0,0,0.0,0.0,1.0,0.0,117.16000000000003,False,False,False,False,False,False,False,False,UVJGTuojslk
47,6,7.0,0.04878048780487805,0,0,0,False,0.02127659574468085,False,0,0,0.0,0.0,1.0,0.0,117.16000000000003,False,False,False,False,False,False,False,False,6owK7JXFuDg
82,13,5.384615384615385,0.10294117647058823,0,0,0,False,0.024390243902439025,False,0,0,0.236,0.0,0.764,0.5719,34.160909090909115,False,True,False,False,False,False,False,False,74WnDk2aq6c
81,15,4.466666666666667,0.28125,3,0,0,True,0.037037037037037035,False,0,0,0.331,0.162,0.507,0.6124,63.486153846153854,False,False,False,False,False,False,False,True,PzTIGpjWe20
51,8,5.5,0.11627906976744186,0,0,0,False,0.0196078431372549,False,0,0,0.375,0.0,0.625,0.6369,42.61571428571432,False,True,False,False,False,False,False,False,-NSHVWKCA14
83,14,5.0,0.13043478260869565,0,0,0,False,0.012048192771084338,False,0,0,0.159,0.184,0.657,-0.12,50.470769230769264,False,False,False,False,False,False,False,False,uyoTgl3rE70
68,10,5.9,0.10344827586206896,0,0,0,False,0.014705882352941176,False,0,0,0.47,0.0,0.53,0.7964,19.100000000000023,False,False,False,False,False,False,False,False,Yk5E2mdhQnw
92,15,5.2,0.11842105263157894,0,0,0,False,0.021739130434782608,False,0,0,0.205,0.0,0.795,0.5574,30.947692307692336,False,False,False,False,False,False,False,False,WFxkp_mbY0Q
71,12,5.0,0.13559322033898305,0,0,0,False,0.014084507042253521,False,0,0,0.415,0.0,0.585,0.7964,49.54272727272729,False,False,False,False,False,False,False,False,XR7qNmEpfNE
89,15,5.0,0.1232876712328767,0,0,0,False,0.02247191011235955,False,0,0,0.457,0.0,0.543,0.8779,56.97846153846157,False,True,False,False,False,False,False,False,Z6taVgXbDgo
78,11,6.181818181818182,0.13432835820895522,0,0,0,False,0.01282051282051282,False,0,0,0.265,0.0,0.735,0.5574,27.485000000000014,False,False,False,False,False,False,False,False,VJ5qwaSFToI
89,14,5.428571428571429,0.0945945945945946,0,0,0,False,0.02247191011235955,False,0,0,0.24,0.0,0.76,0.6249,32.504999999999995,False,False,False,False,False,False,False,False,h7F6faWzWlA
82,14,4.928571428571429,0.07575757575757576,0,0,0,True,0.036585365853658534,False,0,0,0.0,0.0,1.0,0.0,53.655,False,False,False,False,True,False,False,False,FymNzqBUAp0
72,13,4.615384615384615,0.34545454545454546,4,0,0,True,0.041666666666666664,True,1,0,0.0,0.0,1.0,0.0,49.54272727272729,False,False,False,False,False,False,False,False,3GzpVPtZy8g
66,9,6.444444444444445,0.12280701754385964,0,0,0,False,0.015151515151515152,False,0,0,0.236,0.195,0.569,0.128,-12.784999999999997,False,False,False,False,False,False,False,False,x3qs7ai3V50
91,14,5.571428571428571,0.21052631578947367,1,0,0,False,0.02197802197802198,False,0,0,0.345,0.0,0.655,0.7456,11.355000000000018,False,False,False,False,False,False,False,False,Ql3mXfEf51g
57,9,5.444444444444445,0.14583333333333334,0,0,0,False,0.017543859649122806,False,0,0,0.504,0.0,0.496,0.7964,40.09,False,True,False,False,False,False,False,False,FtkdILT8VUs
68,11,5.2727272727272725,0.25,2,0,0,False,0.029411764705882353,False,0,0,0.0,0.0,1.0,0.0,37.900000000000034,False,True,False,False,False,False,False,False,1vl2FdfL75U
80,14,4.785714285714286,0.16923076923076924,0,0,0,False,0.0125,True,1,0,0.122,0.0,0.878,0.2023,63.486153846153854,False,False,False,False,False,False,False,False,95bb_lxPEfE
65,10,5.6,0.10714285714285714,0,0,0,False,0.0,False,0,0,0.0,0.0,1.0,0.0,52.86500000000001,False,False,False,False,False,False,False,False,oOzZpYABABI
63,9,6.0,0.09433962264150944,0,0,0,False,0.015873015873015872,False,0,0,0.266,0.0,0.734,0.4404,61.24000000000001,False,True,False,False,False,False,False,False,kyCfJ6VY46E
96,16,5.0625,0.0759493670886076,0,0,0,False,0.020833333333333332,False,0,0,0.162,0.0,0.838,0.4404,53.639285714285734,False,True,False,False,False,False,False,False,UzEbEJ91w7I
65,10,5.6,0.09433962264150944,0,0,0,True,0.046153846153846156,False,0,0,0.221,0.168,0.611,0.1779,47.30000000000004,False,True,False,False,False,False,False,False,ZicZCHHn6Ow
73,8,8.25,0.18461538461538463,0,0,0,False,0.0136986301369863,False,0,0,0.293,0.0,0.707,0.4404,-41.984285714285676,False,False,False,False,False,False,False,False,BisXuFVf7Xc
88,14,5.357142857142857,0.1095890410958904,0,0,0,False,0.022727272727272728,False,0,0,0.466,0.0,0.534,0.8625,25.455000000000013,False,True,False,False,False,False,False,False,Q8kkEaxAsMQ
72,11,5.636363636363637,0.1694915254237288,1,0,1,False,0.041666666666666664,False,0,0,0.189,0.224,0.587,-0.1363,42.46750000000003,False,True,False,False,False,False,False,False,qKuijwZ_1iE
83,12,6.0,0.6086956521739131,6,0,0,False,0.03614457831325301,False,0,0,0.215,0.178,0.607,0.1531,19.100000000000023,False,True,False,False,False,False,False,False,JfVdUJK5wo0
74,11,5.818181818181818,0.3387096774193548,3,0,0,False,0.02702702702702703,False,0,0,0.424,0.0,0.576,0.7672,9.700000000000017,False,True,False,False,False,False,False,False,sHe6gG40ta8
74,12,5.25,0.11290322580645161,0,0,0,False,0.013513513513513514,False,0,0,0.209,0.0,0.791,0.4404,41.8518181818182,False,True,False,False,False,False,False,False,1QbYhMkiU5A
59,9,5.666666666666667,0.11764705882352941,0,0,0,False,0.0,False,0,0,0.0,0.0,1.0,0.0,47.30000000000004,False,True,False,False,False,False,False,False,oMQLQ0bu2ZA
76,11,6.0,0.1111111111111111,0,0,0,False,0.039473684210526314,False,0,0,0.222,0.153,0.625,0.25,28.50000000000003,False,True,False,False,False,False,False,False,D2Wev9djd3E
95,13,6.384615384615385,0.08641975308641975,0,0,0,False,0.021052631578947368,False,0,0,0.195,0.0,0.805,0.4404,-4.293636363636352,False,True,False,False,False,False,False,False,JMpVhDb3_h0
78,12,5.583333333333333,0.1076923076923077,0,0,0,False,0.02564102564102564,False,0,0,0.209,0.0,0.791,0.4404,10.564999999999998,False,True,False,False,False,False,False,False,Su-0fqUJuJM
71,12,5.0,0.14035087719298245,0,0,0,True,0.04225352112676056,False,0,0,0.545,0.0,0.455,0.8957,44.405,False,False,False,False,False,False,False,False,G-taiegyRhg
76,11,6.0,0.109375,0,0,0,False,0.02631578947368421,False,0,0,0.54,0.0,0.46,0.8555,0.30000000000001137,False,False,False,False,False,False,False,False,mjFHOReLaO0
42,7,5.142857142857143,0.5,1,0,0,False,0.0,False,0,0,0.0,0.377,0.623,-0.5612,66.7871428571429,False,False,False,False,False,False,True,False,PyAuZ71D-2Y
53,9,5.0,0.16279069767441862,0,0,1,False,0.03773584905660377,False,0,0,0.14,0.0,0.86,0.0772,61.24000000000001,True,False,False,False,False,False,False,False,VxeMpUwINRc
20,3,6.0,0.16666666666666666,0,0,0,False,0.0,False,0,0,0.0,0.0,1.0,0.0,6.390000000000015,False,False,False,False,False,False,True,False,iS2gPuuXEIU
35,7,4.142857142857143,0.2222222222222222,0,0,1,False,0.02857142857142857,True,1,0,0.0,0.0,1.0,0.0,90.95857142857145,False,True,False,False,False,False,True,False,Pp-A6Wj8X2w
46,9,4.222222222222222,0.2222222222222222,0,0,1,False,0.043478260869565216,False,0,0,0.0,0.0,1.0,0.0,82.39000000000001,False,False,False,False,False,False,False,False,5ok6V5zX7Ok
36,7,4.285714285714286,0.23333333333333334,0,0,0,False,0.0,False,0,0,0.0,0.406,0.594,-0.6249,90.95857142857145,False,False,False,False,False,False,True,False,yy_ukcYxRYY
41,7,5.0,0.13333333333333333,0,0,0,True,0.07317073170731707,True,1,0,0.241,0.0,0.759,0.2263,90.95857142857145,True,False,False,False,False,False,True,False,f8vsdAJSzwE
40,9,3.5555555555555554,0.375,1,0,0,False,0.0,False,0,0,0.0,0.0,1.0,0.0,113.10000000000002,False,False,False,False,False,False,False,False,OQUd0FwyBbs
32,6,4.5,0.2222222222222222,0,0,0,False,0.0,False,0,0,0.0,0.444,0.556,-0.6113,73.84500000000001,False,False,False,False,True,False,True,False,Ge-LcISBoug
37,6,5.333333333333333,0.1875,0,0,0,False,0.0,False,0,0,0.0,0.0,1.0,0.0,59.745000000000005,False,False,False,False,False,False,True,False,WRmxMnYaz6I
27,6,3.6666666666666665,0.23809523809523808,0,0,0,False,0.037037037037037035,False,0,0,0.0,0.0,1.0,0.0,87.94500000000002,False,False,False,False,False,False,True,False,rEEAVbBV1Ac
47,7,5.857142857142857,0.125,0,0,0,False,0.02127659574468085,False,0,0,0.178,0.0,0.822,0.0772,17.44500000000002,True,False,False,False,False,False,False,False,Z4ELNL9HclQ
35,6,5.0,0.20689655172413793,0,0,0,False,0.02857142857142857,False,0,0,0.0,0.0,1.0,0.0,87.94500000000002,False,False,False,False,False,False,False,False,5NW38KSG48c
45,7,5.571428571428571,0.11764705882352941,0,0,0,False,0.022222222222222223,True,1,0,0.0,0.0,1.0,0.0,31.545000000000016,False,False,False,False,False,False,False,False,hXTt3v26C1A
38,8,3.875,0.25806451612903225,1,0,0,False,0.0,False,0,0,0.0,0.341,0.659,-0.561,92.965,False,False,False,False,False,False,False,False,RQxnd-0gWrI
48,8,5.125,0.6944444444444444,4,0,0,False,0.020833333333333332,True,1,0,0.0,0.48,0.52,-0.6739,54.70142857142861,False,False,False,False,False,False,False,False,cPRKQAJtwlU
24,5,4.0,0.2,0,0,0,True,0.041666666666666664,True,1,0,0.0,0.0,1.0,0.0,83.32000000000004,False,False,False,False,False,False,True,False,fuaYuVRHw2Q
52,10,4.3,0.6052631578947368,5,0,0,False,0.019230769230769232,True,1,0,0.0,0.0,1.0,0.0,84.90000000000003,False,False,False,False,False,False,True,False,0-bXmGemoV4
42,8,4.375,0.22857142857142856,0,0,0,False,0.0,False,0,0,0.375,0.0,0.625,0.6369,92.965,False,False,False,False,False,False,True,False,q48wXJQRtoA
51,9,4.777777777777778,0.1951219512195122,0,0,1,False,0.0392156862745098,False,0,0,0.14,0.0,0.86,0.0772,71.81500000000001,True,False,False,False,False,False,False,False,VJPDTVNsdj4
62,8,6.75,0.23529411764705882,1,0,0,False,0.04838709677419355,False,0,0,0.117,0.432,0.45,-0.5423,29.515000000000015,True,False,False,False,False,False,False,False,qh4ukdBWx9U
53,9,5.0,0.16279069767441862,0,0,1,False,0.03773584905660377,False,0,0,0.14,0.0,0.86,0.0772,61.24000000000001,True,False,False,False,False,False,False,False,vEmqF3r5khc
36,5,6.4,1.0,5,0,0,False,0.0,False,0,0,0.245,0.0,0.755,0.0772,66.40000000000003,True,False,False,False,False,False,False,False,vG4bSGKv_eU
37,9,3.2222222222222223,0.35714285714285715,0,0,0,False,0.02702702702702703,False,0,0,0.0,0.0,1.0,0.0,103.70000000000002,False,False,False,False,True,False,False,False,NoicMWOvLAQ
40,9,3.5555555555555554,0.3,1,1,0,False,0.05,False,0,0,0.0,0.0,1.0,0.0,103.54,False,False,False,False,False,False,True,False,vrXXTngZ9JE
61,8,6.75,0.23529411764705882,1,0,0,False,0.04918032786885246,False,0,0,0.117,0.432,0.45,-0.5423,18.940000000000026,True,False,False,False,False,False,False,False,lC7nnA-TydI
57,11,4.2727272727272725,0.3181818181818182,1,1,0,False,0.05263157894736842,False,0,0,0.0,0.0,1.0,0.0,91.78000000000003,False,False,False,False,True,False,True,False,rVchPahiiyk
46,9,4.222222222222222,0.2972972972972973,1,0,1,False,0.021739130434782608,False,0,0,0.394,0.0,0.606,0.7361,94.30000000000001,False,False,False,False,False,False,False,False,4kA6OrRv0rY
61,9,5.888888888888889,0.37254901960784315,2,0,0,False,0.03278688524590164,False,0,0,0.226,0.0,0.774,0.3254,28.50000000000003,False,False,False,True,True,False,True,False,gAt1-4pZRVQ
41,6,6.0,0.47058823529411764,2,1,0,False,0.04878048780487805,False,0,0,0.0,0.0,1.0,0.0,31.545000000000016,False,False,False,False,False,False,True,False,73VK7A_35OQ
51,12,3.3333333333333335,0.45,1,0,0,False,0.0,False,0,0,0.0,0.305,0.695,-0.7034,81.85500000000002,False,False,False,False,True,False,True,False,_KdGXCBqXeQ
53,10,4.4,0.16279069767441862,0,1,0,False,0.018867924528301886,False,0,0,0.105,0.25,0.646,-0.4199,95.165,True,False,False,False,False,False,True,False,MTZNTjH-vmw
41,6,6.0,0.2857142857142857,1,0,0,False,0.024390243902439025,False,0,0,0.143,0.527,0.33,-0.5423,45.64500000000001,True,False,False,False,False,False,False,False,wkCotPG-WrM
41,8,4.25,0.21212121212121213,0,0,0,False,0.024390243902439025,False,0,0,0.0,0.149,0.851,-0.0572,103.54,False,False,False,False,False,False,False,False,e0CXlnV2GUw
42,9,3.7777777777777777,0.2727272727272727,0,1,0,False,0.023809523809523808,False,0,0,0.0,0.0,1.0,0.0,103.70000000000002,False,False,False,False,True,False,True,False,6EaxkZj3AXs
54,11,4.0,0.12195121951219512,0,0,0,False,0.037037037037037035,True,1,0,0.0,0.0,1.0,0.0,95.68818181818183,False,True,False,False,True,False,True,False,zU0E59M4ynk
69,10,6.0,0.1724137931034483,0,0,0,False,0.028985507246376812,False,0,0,0.0,0.0,1.0,0.0,52.86500000000001,False,False,False,False,False,False,True,False,tGi9NvRl9tw
59,11,4.454545454545454,0.2222222222222222,0,0,1,False,0.06779661016949153,False,0,0,0.084,0.4,0.516,-0.7096,93.57977272727274,True,False,False,False,True,False,True,False,iprVcGyrjSQ
58,12,3.8333333333333335,0.16279069767441862,1,0,0,False,0.034482758620689655,True,1,0,0.0,0.236,0.764,-0.5267,88.905,False,False,False,False,True,False,True,False,M0xO35NjMVE
38,5,6.8,0.14705882352941177,0,0,0,False,0.0,False,0,0,0.0,0.0,1.0,0.0,32.56000000000003,False,False,False,False,False,False,False,False,iGZ80o95UfA
54,10,4.5,0.1590909090909091,0,0,0,False,0.018518518518518517,False,0,0,0.165,0.259,0.576,-0.3182,66.10000000000002,False,False,False,False,True,False,True,False,QRQiNKi7zo8
51,10,4.2,0.2,0,0,0,False,0.0196078431372549,True,1,0,0.0,0.0,1.0,0.0,56.70000000000002,False,False,False,False,False,False,True,False,MC8eIbfwzcQ
43,8,4.5,0.34285714285714286,2,0,0,False,0.023255813953488372,False,0,0,0.157,0.0,0.843,0.0772,54.70142857142861,True,False,False,False,False,False,False,False,VgnCzyYHFEE
40,7,4.857142857142857,0.03125,0,0,0,False,0.05,False,0,0,0.0,0.0,1.0,0.0,66.7871428571429,False,False,False,False,False,False,True,False,tZjJGz5J_Lw
44,10,3.5,0.24242424242424243,0,0,0,False,0.0,True,1,0,0.231,0.0,0.769,0.4019,86.70500000000001,False,False,False,False,True,False,True,False,VuE7SAh1Fgw
37,7,4.428571428571429,0.3548387096774194,1,0,0,False,0.0,False,0,0,0.0,0.0,1.0,0.0,78.87285714285717,False,False,False,False,False,False,True,False,-NatrYPLUIo
51,8,5.5,0.18181818181818182,0,0,0,False,0.0,False,0,0,0.0,0.0,1.0,0.0,61.24000000000001,False,False,False,False,False,False,True,False,Xdd-X8K7JvQ
43,8,4.5,0.22857142857142856,0,0,0,False,0.023255813953488372,False,0,0,0.0,0.0,1.0,0.0,82.39000000000001,False,False,False,False,False,False,True,False,BOhoxvVnBPQ
41,7,5.0,0.21875,0,1,1,False,0.07317073170731707,False,0,0,0.347,0.0,0.653,0.4926,82.42535714285715,False,False,False,False,True,False,False,False,Uaa69DstDv0
35,8,3.5,0.2857142857142857,0,0,0,False,0.0,False,0,0,0.0,0.0,1.0,0.0,92.965,False,False,False,False,False,False,False,False,t4JE8NivDBs
56,10,4.7,0.7142857142857143,2,3,0,False,0.08928571428571429,False,0,1,0.494,0.0,0.506,0.7788,84.90000000000003,False,False,True,False,False,False,True,False,slMZxGvvW6k
38,7,4.571428571428571,0.32142857142857145,1,0,0,True,0.10526315789473684,False,0,0,0.286,0.0,0.714,0.34,78.87285714285717,False,False,False,False,False,False,False,False,arFfWwpxxak
24,5,4.0,1.0,4,0,0,False,0.16666666666666666,False,0,1,0.0,0.0,1.0,0.0,118.17500000000001,False,False,False,False,False,False,False,False,bdyqE7kGDkU
44,8,4.625,0.6875,0,0,0,True,0.11363636363636363,False,0,1,0.305,0.13,0.565,0.4767,54.70142857142861,False,False,False,False,False,True,True,False,8VZSBwjHtTA
41,8,4.25,0.9354838709677419,4,0,0,False,0.07317073170731707,False,0,1,0.335,0.0,0.665,0.6166,78.87285714285717,False,False,False,False,False,False,False,False,kjoE7sZSXrg
59,11,4.454545454545454,0.9534883720930233,8,0,0,True,0.1016949152542373,False,0,1,0.0,0.139,0.861,-0.2342,91.78000000000003,False,False,False,False,False,False,True,False,CX98KVoksBU
50,9,4.666666666666667,0.7837837837837838,4,0,0,True,0.1,False,0,1,0.0,0.193,0.807,-0.4767,84.90000000000003,False,False,False,False,False,False,True,False,DY5_dV19DIw
39,7,4.714285714285714,0.7931034482758621,2,2,0,False,0.10256410256410256,False,0,1,0.416,0.0,0.584,0.7177,73.84500000000001,False,False,False,False,True,False,True,False,TMohJDNGkEY
54,10,4.5,0.5142857142857142,1,2,0,True,0.18518518518518517,False,0,2,0.0,0.201,0.799,-0.5449,70.66750000000002,False,False,False,False,False,False,True,False,s4J2D9SUyg8
55,10,4.6,0.9285714285714286,7,0,0,True,0.07272727272727272,False,0,0,0.186,0.132,0.682,0.2023,95.165,False,False,False,False,False,False,True,False,t3xiyg665qU
62,10,5.3,0.2608695652173913,2,0,0,True,0.11290322580645161,False,0,1,0.0,0.0,1.0,0.0,75.50000000000003,False,False,False,False,False,True,False,False,87I0-o9L-Dc
47,8,5.0,0.8947368421052632,3,0,0,False,0.0425531914893617,False,0,1,0.0,0.0,1.0,0.0,66.7871428571429,False,False,False,False,False,True,False,False,c0DhyyA5vX0
53,9,5.0,0.18421052631578946,0,0,0,True,0.1320754716981132,False,0,1,0.0,0.104,0.896,-0.1027,103.70000000000002,False,False,False,False,False,True,False,False,1Gtq18Lwg30
46,9,4.222222222222222,0.9473684210526315,5,0,0,False,0.0,False,0,0,0.408,0.0,0.592,0.5904,84.90000000000003,False,False,True,False,False,False,True,False,gVKuqctGYcc
37,7,4.428571428571429,0.8888888888888888,2,0,0,False,0.08108108108108109,True,1,1,0.372,0.0,0.628,0.7964,87.94500000000002,False,False,False,False,True,False,False,False,BfM1XnWFJhA
48,9,4.444444444444445,0.9142857142857143,6,0,0,True,0.10416666666666667,False,0,1,0.538,0.0,0.462,0.8531,82.39000000000001,False,False,False,False,False,False,False,False,jf3Qq8YqTpo
56,10,4.7,0.6190476190476191,3,0,0,True,0.08928571428571429,False,0,1,0.178,0.17,0.652,0.0343,94.30000000000001,False,False,False,True,True,False,True,False,MO0BNkMVRUM
47,8,5.0,0.21875,0,0,0,True,0.1702127659574468,False,0,1,0.385,0.274,0.342,0.3818,94.51107142857143,False,False,False,False,True,False,False,False,wm1lmbt9OWY
32,5,5.6,0.9047619047619048,2,1,0,False,0.09375,True,1,0,0.0,0.0,1.0,0.0,66.40000000000003,False,False,False,False,False,False,False,False,MhpjEqwGraU
38,6,5.333333333333333,0.9230769230769231,3,1,0,False,0.10526315789473684,True,1,0,0.344,0.0,0.656,0.3869,31.545000000000016,False,False,False,True,False,True,False,False,RmM-KBHRojo
52,11,3.8181818181818183,0.6857142857142857,2,1,0,False,0.09615384615384616,True,1,2,0.0,0.0,1.0,0.0,84.90000000000003,False,False,False,False,False,True,True,False,oH2ABgxSAis
53,7,6.714285714285714,0.9069767441860465,3,2,0,False,0.07547169811320754,False,0,0,0.267,0.0,0.733,0.2924,18.44428571428574,False,False,False,True,True,False,True,False,EH7oTydvD50
59,11,4.454545454545454,1.0,7,3,0,False,0.15254237288135594,True,2,3,0.0,0.253,0.747,-0.6607,84.90000000000003,False,False,False,False,False,True,True,False,fEjMorg9mMw
48,8,5.125,0.8333333333333334,2,3,0,False,0.22916666666666666,True,2,1,0.311,0.0,0.689,0.6714,66.7871428571429,False,False,False,False,False,True,False,False,ZRPtcSIbYcM
55,9,5.111111111111111,0.7948717948717948,2,2,0,False,0.05454545454545454,True,3,0,0.251,0.0,0.749,0.3987,70.66750000000002,True,False,True,False,True,True,True,False,9HOqIwD7QvY
41,8,4.25,0.967741935483871,7,1,2,False,0.07317073170731707,False,0,0,0.0,0.0,1.0,0.0,92.965,False,False,False,False,False,False,True,False,zZpt6BQRh2A
66,12,4.583333333333333,0.3137254901960784,2,1,0,False,0.06060606060606061,False,0,0,0.0,0.0,1.0,0.0,70.50704545454548,False,False,False,False,False,True,True,False,qVxZEdRCsBg
64,12,4.416666666666667,0.5652173913043478,4,1,0,False,0.078125,True,1,1,0.0,0.0,1.0,0.0,78.19795454545455,True,False,False,False,True,True,True,False,GzN1M6xImAk
48,8,5.125,0.8529411764705882,2,2,0,False,0.10416666666666667,True,1,2,0.575,0.0,0.425,0.7974,73.84500000000001,False,False,True,False,True,True,True,False,sRBwOP4KLCQ
51,11,3.727272727272727,1.0,8,1,0,False,0.09803921568627451,False,0,1,0.226,0.0,0.774,0.4451,66.10000000000002,False,False,True,False,True,False,True,False,ds6S-w_2upQ
57,9,5.444444444444445,0.6222222222222222,4,2,0,False,0.07017543859649122,False,0,0,0.563,0.0,0.437,0.7729,75.50000000000003,False,False,True,False,True,False,True,False,9IHhc1dN55k
65,9,6.222222222222222,0.5192307692307693,2,1,0,False,0.06153846153846154,False,0,0,0.338,0.0,0.662,0.6239,61.26750000000001,False,False,False,False,True,True,True,False,VqkAuVHOAmU
51,10,4.2,0.8888888888888888,4,1,0,False,0.0784313725490196,True,1,3,0.22,0.296,0.484,0.0836,82.39000000000001,False,False,False,False,False,True,False,False,kBDB4LSoJJM
46,11,3.272727272727273,0.875,4,1,0,False,0.08695652173913043,False,0,2,0.0,0.0,1.0,0.0,94.30000000000001,False,False,False,False,False,False,False,False,XxxiKjcOius
46,8,4.875,0.96875,6,3,0,False,0.15217391304347827,False,0,2,0.0,0.0,1.0,0.0,82.42535714285715,False,False,False,False,False,False,False,False,xwSbYpZcv2U
55,10,4.6,0.875,5,1,0,False,0.09090909090909091,True,1,1,0.0,0.0,1.0,0.0,84.90000000000003,False,False,False,False,False,False,False,False,I8MedSQdUOM
57,10,4.8,0.7906976744186046,5,4,0,False,0.08771929824561403,False,0,0,0.0,0.0,1.0,0.0,70.66750000000002,False,False,False,False,True,False,True,False,ftCOldpn8k0
71,15,3.8,0.8444444444444444,8,3,0,False,0.08450704225352113,True,2,1,0.0,0.0,1.0,0.0,115.13000000000002,False,False,False,False,False,True,True,False,8Cl8eyIiJr4
75,14,4.428571428571429,0.8085106382978723,3,2,0,False,0.12,True,2,2,0.0,0.0,1.0,0.0,76.50153846153849,False,False,False,False,False,True,True,False,3Huq6a_JWEo
50,8,5.375,0.8484848484848485,3,2,0,False,0.16,True,1,3,0.208,0.0,0.792,0.4374,103.54,False,False,False,False,False,True,False,False,eQ5NBSi-1wY
51,10,4.2,0.8055555555555556,6,1,0,False,0.0392156862745098,True,1,0,0.0,0.0,1.0,0.0,103.625,False,False,False,False,False,True,True,False,bErOcB1Y2-A
63,12,4.333333333333333,0.8974358974358975,4,2,0,False,0.12698412698412698,True,2,2,0.0,0.0,1.0,0.0,83.32000000000004,False,False,False,False,False,True,False,False,7Zmio3Bijcw
40,6,5.833333333333333,1.0,5,1,0,False,0.05,True,2,0,0.0,0.42,0.58,-0.561,73.84500000000001,False,False,False,True,False,True,False,False,m-RKjj88Dy4
63,12,4.333333333333333,0.813953488372093,5,3,0,False,0.06349206349206349,True,2,0,0.0,0.0,1.0,0.0,101.27068181818181,False,False,False,False,False,True,False,False,sVuRD3Z_nJY
54,11,4.0,0.7567567567567568,3,1,0,False,0.037037037037037035,True,2,0,0.0,0.0,1.0,0.0,87.99727272727276,False,False,False,False,False,True,True,False,zksJwVxxUJ0
56,12,3.75,1.0,10,1,1,False,0.10714285714285714,False,0,2,0.0,0.0,1.0,0.0,100.24000000000002,False,False,False,False,False,True,True,False,0KE2OSc55cE
54,11,4.0,0.9705882352941176,7,3,1,False,0.14814814814814814,True,1,2,0.184,0.0,0.816,0.3561,80.06750000000002,False,False,False,True,False,False,True,False,ePE9Pxzg3BE
55,10,4.6,0.9705882352941176,7,3,1,False,0.21818181818181817,False,0,3,0.0,0.0,1.0,0.0,86.45000000000002,False,False,False,False,False,False,False,True,eK4DATlKnFY
55,10,4.6,0.8974358974358975,4,2,0,False,0.09090909090909091,True,1,1,0.0,0.269,0.731,-0.5696,66.10000000000002,False,False,False,False,False,True,False,False,aEmr_emx9no
66,11,5.090909090909091,0.82,5,3,0,False,0.06060606060606061,True,1,0,0.41,0.0,0.59,0.7385,57.23363636363638,False,False,True,False,False,True,True,False,oOIs7rTPLnA
55,7,7.0,0.2222222222222222,1,0,0,True,0.07272727272727272,False,0,0,0.0,0.0,1.0,0.0,34.08250000000001,False,False,False,False,True,False,True,False,wbl9anP2SeQ
37,8,3.75,0.9259259259259259,6,1,0,False,0.08108108108108109,False,0,0,0.249,0.0,0.751,0.3237,97.025,True,False,False,False,False,False,False,False,74deQ2cKtko
45,8,4.75,0.5945945945945946,4,1,0,False,0.022222222222222223,False,0,0,0.424,0.0,0.576,0.5307,92.965,True,False,False,False,False,False,True,False,dUjAItQgdy4
44,8,4.625,0.5882352941176471,4,1,0,False,0.022727272727272728,True,1,0,0.185,0.0,0.815,0.1511,82.39000000000001,True,False,False,False,False,False,False,False,VlWVycMsRRo
43,8,4.5,1.0,7,1,0,False,0.06976744186046512,False,0,0,0.28,0.0,0.72,0.4069,42.61571428571432,False,False,False,False,False,False,True,False,wLj0KxCLZnM
38,7,4.571428571428571,0.7333333333333333,4,1,0,False,0.05263157894736842,False,0,0,0.335,0.0,0.665,0.4633,59.745000000000005,False,False,False,False,True,False,False,False,lepHsB5T2UU
39,5,7.0,1.0,4,1,0,False,0.02564102564102564,True,1,0,0.0,0.0,1.0,0.0,32.56000000000003,False,False,False,False,False,False,False,False,TMdwVv7HBAI
49,10,4.0,1.0,10,1,0,False,0.061224489795918366,False,0,0,0.0,0.0,1.0,0.0,95.165,False,False,False,False,False,False,False,False,m2d1vfKfDKA
35,5,6.2,1.0,5,1,0,False,0.02857142857142857,False,0,0,0.444,0.0,0.556,0.4926,66.40000000000003,False,False,False,False,False,False,False,False,0DAItd0rsuw
44,8,4.625,0.8333333333333334,5,1,0,False,0.06818181818181818,True,2,0,0.408,0.0,0.592,0.7027,82.39000000000001,False,False,False,False,True,False,False,False,dnl7Xx9uzjw
27,4,6.0,0.7058823529411765,2,1,0,False,0.14814814814814814,True,1,0,0.0,0.0,1.0,0.0,54.72500000000002,False,False,False,False,False,False,False,False,2irEEpp3uu4
57,9,5.444444444444445,0.9047619047619048,7,1,0,False,0.05263157894736842,True,2,0,0.403,0.196,0.401,0.4753,84.90000000000003,True,False,False,False,False,False,False,False,YFE-V_BXiws
36,6,5.166666666666667,1.0,5,1,0,False,0.05555555555555555,True,2,0,0.0,0.0,1.0,0.0,87.94500000000002,False,False,False,False,False,True,False,False,bd4SptIzK24
44,7,5.428571428571429,0.9393939393939394,6,3,0,False,0.06818181818181818,True,1,0,0.237,0.386,0.378,-0.4545,78.87285714285717,False,False,False,False,False,True,False,False,UjwWn3S-1nA
43,6,6.333333333333333,1.0,6,1,0,False,0.023255813953488372,False,0,0,0.242,0.0,0.758,0.1511,59.745000000000005,True,False,False,False,False,False,False,False,FyWnKruYcxA
46,7,5.714285714285714,1.0,7,1,0,False,0.021739130434782608,False,0,0,0.0,0.0,1.0,0.0,42.61571428571432,False,False,False,False,False,True,True,False,kXGSBqQj4Iw
43,7,5.285714285714286,1.0,6,1,0,False,0.023255813953488372,False,0,0,0.0,0.0,1.0,0.0,54.70142857142861,False,False,False,False,False,False,True,False,cELfkrzOBdE
40,6,5.833333333333333,1.0,6,1,0,False,0.025,False,0,0,0.35,0.0,0.65,0.4003,17.44500000000002,False,False,False,False,False,True,True,False,cGvdEwpDwgI
55,9,5.222222222222222,0.4772727272727273,3,3,0,False,0.05454545454545454,False,0,0,0.0,0.0,1.0,0.0,75.50000000000003,False,False,False,False,False,False,True,False,b5n6dzQtNV0
55,10,4.6,0.813953488372093,7,1,0,False,0.05454545454545454,False,0,0,0.205,0.0,0.795,0.3237,41.02000000000004,True,False,False,False,False,False,False,False,_KlVFEeVKCs
63,11,4.818181818181818,0.6666666666666666,9,1,0,False,0.07936507936507936,False,0,0,0.0,0.0,1.0,0.0,80.30636363636367,False,False,False,False,False,False,False,False,PK92g7HVPmU
42,7,5.142857142857143,1.0,7,1,0,False,0.07142857142857142,False,0,0,0.0,0.0,1.0,0.0,54.70142857142861,False,False,False,False,True,False,True,False,aDoh78rmjoU
36,6,5.166666666666667,1.0,6,1,0,False,0.027777777777777776,False,0,0,0.0,0.0,1.0,0.0,45.64500000000001,False,False,False,False,False,False,True,False,Yy9uh-MW-dQ
23,3,7.0,1.0,3,1,0,True,0.21739130434782608,False,0,0,0.0,0.0,1.0,0.0,62.79000000000002,False,False,False,False,False,False,False,False,B_rDfnPH4WQ
61,8,6.75,0.6875,5,0,0,False,0.06557377049180328,True,1,0,0.381,0.0,0.619,0.4019,-5.727142857142809,False,False,True,True,False,True,False,False,PO6W39wBrwk
35,6,5.0,1.0,5,1,0,False,0.02857142857142857,True,2,0,0.369,0.0,0.631,0.4451,73.84500000000001,False,False,True,False,False,True,False,False,PnZL7Q6kVmY
51,10,4.2,1.0,10,1,0,False,0.09803921568627451,False,0,0,0.0,0.0,1.0,0.0,86.70500000000001,False,False,False,False,False,False,False,False,vW7xO-W1jn0
58,12,3.9166666666666665,0.5813953488372093,7,1,0,False,0.06896551724137931,False,0,0,0.249,0.082,0.669,0.5428,88.905,True,False,False,False,False,True,True,False,A50E623yW9Q
71,14,4.142857142857143,0.8461538461538461,11,1,0,False,0.08450704225352113,False,0,0,0.0,0.0,1.0,0.0,89.6067307692308,False,False,False,False,True,False,False,False,h4DN1GZwg-o
63,12,4.333333333333333,0.68,8,0,1,False,0.031746031746031744,False,0,0,0.384,0.0,0.616,0.7378,80.30636363636367,True,False,False,False,True,True,False,False,SXcnCHjq9xA
57,12,3.8333333333333335,0.8181818181818182,9,0,1,False,0.03508771929824561,False,0,0,0.31,0.0,0.69,0.7125,87.99727272727276,False,False,False,False,True,True,False,False,hv5Wkl0RVEo
53,10,4.4,0.8095238095238095,7,1,0,False,0.03773584905660377,False,0,0,0.0,0.0,1.0,0.0,66.10000000000002,False,False,False,True,True,False,False,False,EQibwMHa0gM
52,9,4.888888888888889,0.7894736842105263,5,1,0,False,0.038461538461538464,True,1,0,0.0,0.0,1.0,0.0,71.81500000000001,False,False,False,False,True,True,False,False,Tj5fyF-HssI
77,14,4.571428571428571,0.864406779661017,9,1,0,False,0.025974025974025976,True,2,0,0.194,0.0,0.806,0.481,56.97846153846157,True,False,False,False,True,True,False,False,ckYv0Oru13s
61,11,4.636363636363637,0.6041666666666666,4,1,0,False,0.04918032786885246,False,0,0,0.189,0.0,0.811,0.3237,44.405,True,False,False,False,True,False,False,False,S3_bBYyBQhI
69,12,4.833333333333333,0.84,8,1,0,False,0.057971014492753624,True,1,0,0.0,0.248,0.752,-0.561,55.12522727272727,False,False,False,True,True,True,False,False,CstJBEVmloY
50,10,4.1,0.43243243243243246,3,1,0,False,0.04,True,1,0,0.0,0.0,1.0,0.0,66.10000000000002,True,False,False,False,True,False,False,False,llJ2q4DDZt4
46,9,4.222222222222222,0.7777777777777778,6,1,0,False,0.043478260869565216,False,0,0,0.0,0.0,1.0,0.0,71.81500000000001,False,False,False,False,True,False,False,False,K15nbVwNRBU
50,11,3.6363636363636362,0.7837837837837838,6,1,0,False,0.04,True,1,0,0.0,0.0,1.0,0.0,78.24500000000002,False,False,False,False,True,True,False,False,sxUnnzxXEE8
50,11,3.6363636363636362,0.7777777777777778,6,1,0,False,0.04,True,1,0,0.0,0.0,1.0,0.0,69.78500000000001,False,False,False,False,True,False,False,False,UmRlk3IzOs8
57,11,4.2727272727272725,0.8222222222222222,8,1,0,False,0.03508771929824561,False,0,0,0.0,0.0,1.0,0.0,69.78500000000001,False,False,False,False,True,False,False,False,aS7BJ7wrUzE
60,12,4.083333333333333,0.723404255319149,5,1,0,False,0.03333333333333333,False,0,0,0.0,0.0,1.0,0.0,64.9245454545455,False,False,False,False,True,False,True,False,L-EHxPd8LDE
47,8,5.0,0.7368421052631579,4,1,0,False,0.0425531914893617,False,0,0,0.0,0.315,0.685,-0.4981,42.61571428571432,False,False,False,False,True,False,False,False,PQwDqfNphL0
63,12,4.333333333333333,0.7916666666666666,7,1,0,False,0.031746031746031744,True,1,0,0.174,0.0,0.826,0.3237,64.9245454545455,True,False,False,False,True,True,False,False,FE4_PReBqGQ
72,14,4.214285714285714,0.5818181818181818,9,1,0,False,0.05555555555555555,False,0,0,0.109,0.0,0.891,0.1511,76.50153846153849,True,False,False,False,True,False,False,False,O3lVWro-fYs
58,9,5.555555555555555,0.8048780487804879,5,3,0,False,0.08620689655172414,True,1,0,0.515,0.0,0.485,0.8147,50.66500000000002,True,False,False,False,True,False,False,False,jBC2lgtRUMY
71,13,4.538461538461538,0.8392857142857143,7,1,0,False,0.04225352112676056,False,0,0,0.201,0.0,0.799,0.4633,57.23363636363638,False,False,False,False,True,False,True,False,GnuRf5w8cxo
63,10,5.4,0.66,4,1,0,False,0.06349206349206349,False,0,0,0.15,0.258,0.591,-0.3525,33.067500000000024,True,False,False,False,True,False,False,False,_TGCmpDccD8
61,12,4.166666666666667,0.45652173913043476,5,1,0,False,0.06557377049180328,False,0,0,0.0,0.0,1.0,0.0,62.81613636363636,False,False,False,False,True,False,True,False,JpImU1yoRYE
55,9,5.222222222222222,0.8181818181818182,6,1,0,False,0.05454545454545454,False,0,0,0.0,0.392,0.608,-0.7312,50.66500000000002,False,False,False,False,True,False,False,False,NSk9xv9uwA4
49,8,5.25,0.5277777777777778,2,0,0,False,0.04081632653061224,True,1,0,0.553,0.0,0.447,0.8143,66.7871428571429,False,False,False,False,False,False,False,False,_U_zKzvHXRI
21,3,6.333333333333333,1.0,2,2,0,False,0.09523809523809523,True,1,0,0.0,0.0,1.0,0.0,90.99000000000004,False,False,False,False,False,False,False,False,9F9j0LYsSVs
28,5,4.8,0.22727272727272727,0,2,0,False,0.07142857142857142,False,0,0,0.0,0.0,1.0,0.0,100.24000000000002,False,False,False,False,False,False,True,False,zyEt2Uhn3ws
30,5,5.2,0.2,0,0,0,False,0.03333333333333333,False,0,0,0.0,0.0,1.0,0.0,66.40000000000003,False,False,False,False,True,False,False,False,yfc2b1fkSKQ
58,11,4.363636363636363,0.1956521739130435,0,0,0,False,0.034482758620689655,False,0,0,0.0,0.0,1.0,0.0,84.90000000000003,False,False,False,False,False,False,False,False,MyYFUwMsex0
37,6,5.333333333333333,0.1935483870967742,0,0,0,False,0.02702702702702703,False,0,0,0.0,0.0,1.0,0.0,59.745000000000005,False,False,False,False,False,False,False,False,XRgrJNXTLlY
47,9,4.333333333333333,0.15789473684210525,0,0,0,False,0.02127659574468085,False,0,0,0.0,0.0,1.0,0.0,92.965,False,False,False,False,False,False,False,False,mCMl8lhb4qQ
47,9,4.333333333333333,0.23076923076923078,0,0,0,False,0.0,False,0,0,0.0,0.0,1.0,0.0,75.50000000000003,False,False,False,False,True,False,True,False,049_6EsG-3c
38,6,5.5,0.18181818181818182,0,0,0,False,0.0,False,0,0,0.0,0.0,1.0,0.0,31.545000000000016,False,False,False,False,False,False,True,False,NlfBvNbnf3g
27,4,6.0,0.13043478260869565,0,0,0,False,0.0,True,1,0,0.302,0.0,0.698,0.0772,54.72500000000002,True,False,False,False,False,False,False,False,8123lc0c5pA
59,9,5.666666666666667,0.16326530612244897,0,0,0,False,0.03389830508474576,False,0,0,0.375,0.0,0.625,0.4939,50.66500000000002,True,False,False,False,True,False,False,False,-iXaij-AjTI
42,6,6.166666666666667,0.17142857142857143,0,0,0,False,0.047619047619047616,False,0,0,0.0,0.0,1.0,0.0,31.545000000000016,False,False,False,False,False,False,False,False,Yy5TEBYJC4E
42,7,5.142857142857143,0.16129032258064516,0,0,0,False,0.023809523809523808,True,1,0,0.0,0.0,1.0,0.0,45.64500000000001,False,False,False,False,False,False,True,False,9vkuOVXpUT0
39,8,4.0,0.4375,2,0,0,False,0.0,False,0,0,0.127,0.287,0.586,-0.3885,92.965,True,False,False,False,False,False,True,False,_04oL2-gUpA
46,9,4.222222222222222,0.23529411764705882,0,0,0,False,0.0,True,1,0,0.327,0.0,0.673,0.34,94.30000000000001,True,False,False,False,True,False,True,False,vwv8UeycG7c
30,8,2.875,0.6666666666666666,4,0,0,False,0.03333333333333333,True,1,0,0.0,0.0,1.0,0.0,90.95857142857145,False,False,False,False,False,True,True,False,eKhHjrkhBsE
62,11,4.7272727272727275,0.19047619047619047,0,0,0,False,0.03225806451612903,True,2,0,0.219,0.0,0.781,0.4215,52.86500000000001,False,False,False,False,False,False,True,False,Av5bjCeahEE
30,6,4.166666666666667,0.23809523809523808,0,0,0,False,0.0,True,1,0,0.0,0.0,1.0,0.0,102.045,False,False,False,False,False,False,True,False,7Gd0sZgOVn4
80,13,5.230769230769231,0.171875,0,0,0,False,0.05,False,0,0,0.161,0.0,0.839,0.3182,34.160909090909115,False,False,False,False,False,False,False,False,9nNIkZnrPB8
57,11,4.2727272727272725,0.21428571428571427,0,0,0,False,0.017543859649122806,True,1,0,0.225,0.0,0.775,0.4404,86.70500000000001,False,False,False,False,True,False,False,False,nPrrrKNoeJE
48,8,5.125,0.20512820512820512,0,0,0,False,0.041666666666666664,False,0,0,0.346,0.0,0.654,0.5719,54.70142857142861,False,False,False,False,False,False,False,False,ynqKc-_gZUA
44,7,5.428571428571429,0.15151515151515152,0,0,0,False,0.022727272727272728,True,1,0,0.528,0.0,0.472,0.6808,31.545000000000016,False,False,False,False,False,False,False,False,-f4ATm07zSQ
41,8,4.25,0.23529411764705882,0,0,0,False,0.0,False,0,0,0.362,0.0,0.638,0.34,92.965,True,False,False,False,True,False,True,False,-y2DHUdEsVg
44,7,5.428571428571429,0.17647058823529413,0,0,0,False,0.0,True,1,0,0.31,0.0,0.69,0.4019,42.61571428571432,False,False,False,False,False,False,False,False,xIhrHtSdsLw
60,9,5.777777777777778,0.1568627450980392,0,0,0,False,0.016666666666666666,False,0,0,0.375,0.0,0.625,0.4939,40.09,True,False,False,False,False,False,False,False,u-de3Xs4Kys
38,6,5.5,0.18181818181818182,0,0,0,False,0.0,False,0,0,0.0,0.0,1.0,0.0,31.545000000000016,False,False,False,False,False,False,True,False,DaS9VXhrfGM
46,6,6.833333333333333,0.17073170731707318,0,0,0,False,0.0,False,0,0,0.0,0.0,1.0,0.0,3.344999999999999,False,False,False,False,False,False,False,False,SMs_y4yoAao
34,4,7.75,0.12903225806451613,0,0,0,False,0.0,False,0,0,0.203,0.484,0.312,-0.4215,12.425000000000011,True,False,False,False,False,False,False,False,SbE1szFBJdI
56,10,4.7,0.16666666666666666,0,0,0,False,0.017857142857142856,True,1,0,0.0,0.0,1.0,0.0,66.10000000000002,False,False,False,False,True,False,False,False,LipccpBxC8A
36,6,5.166666666666667,0.19230769230769232,0,0,0,False,0.027777777777777776,True,1,0,0.0,0.0,1.0,0.0,87.94500000000002,False,False,False,False,False,False,False,False,GzWj9AZxhoU
37,5,6.6,0.15151515151515152,0,0,0,False,0.0,False,0,0,0.0,0.0,1.0,0.0,66.40000000000003,False,False,False,False,False,False,False,False,i35m13SLONE
58,9,5.555555555555555,0.5,4,2,0,False,0.10344827586206896,False,0,0,0.311,0.0,0.689,0.5599,61.24000000000001,False,False,False,False,False,False,False,False,nJunOe2b3TQ
31,4,7.0,0.14285714285714285,0,0,0,False,0.0,False,0,0,0.302,0.0,0.698,0.0772,12.425000000000011,True,False,False,False,False,False,False,False,G0VuaZwDfFQ
78,14,4.642857142857143,0.18032786885245902,0,1,0,False,0.05128205128205128,False,0,0,0.0,0.0,1.0,0.0,67.75500000000001,False,False,False,False,True,False,True,False,_1EgbxYKO-o
36,5,6.4,0.16129032258064516,0,1,0,False,0.027777777777777776,False,0,0,0.0,0.0,1.0,0.0,32.56000000000003,False,False,False,False,False,False,False,False,CSr2QO1fvpc
30,5,5.2,0.19047619047619047,0,0,0,False,0.03333333333333333,True,1,0,0.0,0.0,1.0,0.0,66.40000000000003,False,False,False,False,False,False,False,False,tPsWyq7KPDk
54,9,5.111111111111111,0.19047619047619047,1,0,0,False,0.07407407407407407,False,0,0,0.0,0.0,1.0,0.0,30.53000000000003,False,False,False,False,False,False,True,False,YHZXMxBgRco
38,6,5.5,0.15151515151515152,0,0,0,False,0.0,False,0,0,0.0,0.0,1.0,0.0,73.84500000000001,False,False,False,False,False,True,False,False,bmN_G2Rhq_4
49,10,4.0,0.3076923076923077,1,0,0,False,0.02040816326530612,False,0,0,0.0,0.0,1.0,0.0,66.10000000000002,False,False,False,False,False,False,True,False,AdzIIvLDW6E
32,7,3.7142857142857144,0.045454545454545456,0,0,0,False,0.0,True,2,0,0.394,0.0,0.606,0.5994,90.95857142857145,False,False,False,False,False,False,True,False,KDCM794Imy8
43,9,3.888888888888889,0.18181818181818182,1,0,0,False,0.046511627906976744,False,0,0,0.0,0.0,1.0,0.0,71.81500000000001,False,False,False,False,False,False,False,False,aMyLyPTjFWE
40,8,4.125,0.24242424242424243,0,0,0,False,0.0,False,0,0,0.0,0.0,1.0,0.0,82.39000000000001,False,False,False,False,True,True,True,False,1fXqYQHsCI4
75,14,4.428571428571429,0.20689655172413793,0,0,0,False,0.05333333333333334,False,0,0,0.0,0.0,1.0,0.0,67.75500000000001,False,False,False,False,False,False,True,False,oo4RfzHp_rU
40,8,4.125,0.21875,0,0,0,False,0.025,False,0,0,0.0,0.0,1.0,0.0,78.87285714285717,False,False,False,False,False,False,True,False,qV4ZU_5DnBY
59,10,5.0,0.17391304347826086,0,0,0,False,0.06779661016949153,False,0,0,0.0,0.0,1.0,0.0,40.09,False,False,False,False,False,False,False,False,jh29N15JwvE
47,8,5.0,0.1794871794871795,0,0,0,False,0.02127659574468085,False,0,0,0.0,0.0,1.0,0.0,30.53000000000003,False,False,False,False,False,False,False,False,e0NqAg8_C3E
52,11,3.8181818181818183,0.225,0,0,0,False,0.038461538461538464,False,0,0,0.0,0.0,1.0,0.0,84.90000000000003,False,False,False,False,False,False,False,False,eFW1zDi09RQ
61,15,3.1333333333333333,0.25,0,0,0,False,0.01639344262295082,True,1,0,0.0,0.0,1.0,0.0,89.89642857142859,False,False,False,False,False,False,True,False,KX9A6XLGe3w
26,4,5.75,0.17391304347826086,0,0,0,False,0.0,False,0,0,0.362,0.0,0.638,0.1779,54.72500000000002,False,False,False,False,False,False,False,False,KLthvrlnu28
71,9,7.0,0.13559322033898305,0,0,0,False,0.056338028169014086,False,0,0,0.0,0.412,0.588,-0.5994,18.940000000000026,False,False,False,False,False,False,False,False,Bru3_mmuUGU
64,11,4.909090909090909,0.2037037037037037,0,0,0,False,0.0,False,0,0,0.0,0.0,1.0,0.0,64.9245454545455,False,False,False,False,False,True,False,False,nr_14QTn-z4
55,10,4.6,0.21739130434782608,0,0,0,False,0.0,False,0,0,0.0,0.0,1.0,0.0,69.78500000000001,False,False,False,False,False,False,False,False,bZvC9rV68c8
88,15,4.933333333333334,0.20270270270270271,0,0,0,False,0.0,False,0,0,0.0,0.0,1.0,0.0,67.53000000000003,False,False,False,False,False,True,False,False,TQU3aEQEXwc
67,12,4.583333333333333,0.21818181818181817,0,0,0,False,0.0,False,0,0,0.0,0.0,1.0,0.0,74.805,False,False,False,False,False,True,False,False,f-MW1ocGybM
77,14,4.571428571428571,0.21875,0,0,0,False,0.0,False,0,0,0.0,0.0,1.0,0.0,71.76785714285715,False,False,False,False,False,True,False,False,HwyL15UHJFs
80,14,4.785714285714286,0.208955223880597,0,0,0,False,0.0,False,0,0,0.0,0.0,1.0,0.0,65.72500000000001,False,False,False,False,False,True,False,False,0Q70QThJgQE
78,14,4.642857142857143,0.2153846153846154,0,0,0,False,0.0,False,0,0,0.0,0.0,1.0,0.0,71.76785714285715,False,False,False,False,False,True,False,False,o8uZtCwFHus
78,14,4.642857142857143,0.2153846153846154,0,0,0,False,0.0,False,0,0,0.0,0.0,1.0,0.0,71.76785714285715,False,False,False,False,False,True,False,False,CczXvTQgC_U
79,14,4.714285714285714,0.21212121212121213,0,0,0,False,0.0,False,0,0,0.0,0.0,1.0,0.0,65.72500000000001,False,False,False,False,False,True,False,False,29dd5Yl4ptA
81,14,4.857142857142857,0.20588235294117646,0,0,0,False,0.0,False,0,0,0.0,0.0,1.0,0.0,65.72500000000001,False,False,False,False,False,True,False,False,d2YFghkohE4
95,15,5.4,0.189873417721519,0,0,0,False,0.021052631578947368,False,0,0,0.0,0.0,1.0,0.0,50.610000000000014,False,False,False,False,False,True,False,False,sor0mJk1L5E
83,14,5.0,0.2,0,0,0,False,0.0,False,0,0,0.0,0.0,1.0,0.0,59.68214285714288,False,False,False,False,False,True,False,False,PWzt-60DPhA
88,15,4.933333333333334,0.20270270270270271,0,0,0,False,0.0,False,0,0,0.0,0.0,1.0,0.0,61.890000000000015,False,False,False,False,False,True,False,False,0UxefeiV65Y
86,15,4.8,0.20833333333333334,0,0,0,False,0.0,False,0,0,0.162,0.0,0.838,0.4019,61.890000000000015,False,False,False,False,False,True,False,False,cscDkqMtczQ
85,15,4.733333333333333,0.2112676056338028,0,0,0,False,0.0,False,0,0,0.0,0.0,1.0,0.0,67.53000000000003,False,False,False,False,False,True,False,False,9zbCrp2DXbQ
80,14,4.785714285714286,0.208955223880597,0,0,0,False,0.0,False,0,0,0.0,0.0,1.0,0.0,65.72500000000001,False,False,False,False,False,True,False,False,OxLZrCFHEGg
81,14,4.857142857142857,0.20588235294117646,0,0,0,False,0.0,False,0,0,0.0,0.0,1.0,0.0,65.72500000000001,False,False,False,False,False,True,False,False,PqTc0daVUrA
78,14,4.642857142857143,0.2153846153846154,0,0,0,False,0.0,False,0,0,0.0,0.0,1.0,0.0,71.76785714285715,False,False,False,False,False,True,False,False,ypfA-CbYejc
85,15,4.733333333333333,0.2112676056338028,0,0,0,False,0.0,False,0,0,0.231,0.0,0.769,0.6369,73.17000000000003,False,False,False,False,False,True,False,False,KMhhXk5Wrw0
91,15,5.133333333333334,0.19480519480519481,0,0,0,False,0.0,False,0,0,0.0,0.0,1.0,0.0,61.890000000000015,False,False,False,False,False,True,False,False,Ermcq1E8XIQ
86,15,4.8,0.20833333333333334,0,0,0,False,0.0,False,0,0,0.0,0.0,1.0,0.0,67.53000000000003,False,False,False,False,False,True,False,False,YSaXMXfw5sc
71,12,5.0,0.2,0,0,0,False,0.0,False,0,0,0.231,0.0,0.769,0.5106,67.75500000000001,False,False,False,False,False,True,False,False,5yhCJUz5Ecw
68,12,4.75,0.21052631578947367,0,0,0,False,0.0,False,0,0,0.231,0.0,0.769,0.5106,60.70500000000001,False,False,False,False,False,True,False,False,R7IYG5JATY8
70,12,4.916666666666667,0.2033898305084746,0,0,0,False,0.0,False,0,0,0.383,0.0,0.617,0.7351,60.70500000000001,False,False,False,False,False,True,False,False,EXH8oEjZb9A
62,11,4.7272727272727275,0.21153846153846154,0,0,0,False,0.0,False,0,0,0.248,0.0,0.752,0.5106,64.9245454545455,False,False,False,False,False,True,False,False,olFt0yQW7CQ
74,12,5.25,0.19047619047619047,0,0,0,False,0.0,False,0,0,0.231,0.0,0.769,0.5106,53.655,False,False,False,False,False,True,False,False,0dXVBVyPkHk
71,12,5.0,0.2,0,0,0,False,0.0,False,0,0,0.231,0.0,0.769,0.5106,60.70500000000001,False,False,False,False,False,True,False,False,ROmWE_xF2HE
74,12,5.25,0.19047619047619047,0,0,0,False,0.0,False,0,0,0.231,0.0,0.769,0.5106,60.70500000000001,False,False,False,False,False,True,False,False,QYOBxHNm-cY
72,12,5.083333333333333,0.19672131147540983,0,0,0,False,0.0,False,0,0,0.231,0.0,0.769,0.5106,60.70500000000001,False,False,False,False,False,True,False,False,b4DR-rQaIhE
79,13,5.153846153846154,0.19402985074626866,0,0,0,False,0.0,False,0,0,0.216,0.0,0.784,0.5106,56.97846153846157,False,False,False,False,False,True,False,False,xXiXMnhfHrU
73,12,5.166666666666667,0.1935483870967742,0,0,0,False,0.0,False,0,0,0.231,0.0,0.769,0.5106,53.655,False,False,False,False,False,True,False,False,ZmpIycuCDzQ
69,12,4.833333333333333,0.20689655172413793,0,0,0,False,0.0,False,0,0,0.231,0.0,0.769,0.5106,60.70500000000001,False,False,False,False,False,True,False,False,WSCxp0BCuyM
72,12,5.083333333333333,0.19672131147540983,0,0,0,False,0.0,False,0,0,0.231,0.0,0.769,0.5106,53.655,False,False,False,False,False,True,False,False,bjU468oaWX0
75,13,4.846153846153846,0.20634920634920634,0,0,0,False,0.0,False,0,0,0.216,0.0,0.784,0.5106,63.486153846153854,False,False,False,False,False,True,False,False,_NegM1Ui_g8
75,13,4.846153846153846,0.20634920634920634,0,0,0,False,0.0,False,0,0,0.216,0.0,0.784,0.5106,56.97846153846157,False,False,False,False,False,True,False,False,rZdnUoIb4H4
69,12,4.833333333333333,0.20689655172413793,0,0,0,False,0.0,False,0,0,0.231,0.0,0.769,0.5106,60.70500000000001,False,False,False,False,False,True,False,False,5jshnLWpUdk
71,12,5.0,0.2,0,0,0,False,0.0,False,0,0,0.231,0.0,0.769,0.5106,53.655,False,False,False,False,False,True,False,False,oz0Cr0f3peY
69,12,4.833333333333333,0.20689655172413793,0,0,0,False,0.0,False,0,0,0.231,0.0,0.769,0.5106,60.70500000000001,False,False,False,False,False,True,False,False,VP-RHRliPLo
80,13,5.153846153846154,0.19696969696969696,1,0,0,False,0.0125,False,0,0,0.216,0.0,0.784,0.5106,37.455384615384645,False,False,False,False,False,True,False,False,aU-yRCJOuWU
74,13,4.769230769230769,0.20967741935483872,0,0,0,False,0.0,False,0,0,0.216,0.0,0.784,0.5106,50.470769230769264,False,False,False,False,False,True,False,False,yJj0D8yh_pA
72,13,4.615384615384615,0.21666666666666667,0,0,0,False,0.0,False,0,0,0.216,0.0,0.784,0.5106,56.97846153846157,False,False,False,False,False,True,False,False,0d_SebPJr7g
78,13,5.076923076923077,0.19696969696969696,0,0,0,False,0.0,False,0,0,0.216,0.0,0.784,0.5106,43.963076923076954,False,False,False,False,False,True,False,False,04SnOlc2ceM
74,13,4.769230769230769,0.20967741935483872,0,0,0,False,0.0,False,0,0,0.216,0.0,0.784,0.5106,43.963076923076954,False,False,False,False,False,True,False,False,SxclTdCfS3o
72,13,4.615384615384615,0.21666666666666667,0,0,0,False,0.0,False,0,0,0.216,0.0,0.784,0.5106,56.97846153846157,False,False,False,False,False,True,False,False,rQyvxHZbT60
77,13,5.0,0.2,0,0,0,False,0.0,False,0,0,0.216,0.0,0.784,0.5106,43.963076923076954,False,False,False,False,False,True,False,False,mMpp3H0CDPU
77,13,5.0,0.2,0,0,0,False,0.0,False,0,0,0.216,0.0,0.784,0.5106,50.470769230769264,False,False,False,False,False,True,False,False,nwIcM5ml1Bs
74,13,4.769230769230769,0.20967741935483872,0,0,0,False,0.0,False,0,0,0.216,0.0,0.784,0.5106,56.97846153846157,False,False,False,False,False,True,False,False,IfSqxfDQEQg
76,13,4.923076923076923,0.203125,0,0,0,False,0.0,False,0,0,0.216,0.0,0.784,0.5106,50.470769230769264,False,False,False,False,False,True,False,False,WjLNCMsh0AQ
74,13,4.769230769230769,0.20967741935483872,0,0,0,False,0.0,False,0,0,0.216,0.0,0.784,0.5106,56.97846153846157,False,False,False,False,False,True,False,False,jGlHS9IzFr8
75,13,4.846153846153846,0.20634920634920634,0,0,0,False,0.0,False,0,0,0.216,0.0,0.784,0.5106,50.470769230769264,False,False,False,False,False,True,False,False,GStE2rx0bHs
94,18,4.166666666666667,0.22666666666666666,1,0,0,False,0.0,False,0,0,0.0,0.0,1.0,0.0,52.265000000000015,False,False,False,False,False,False,False,False,1_nMFNQhjd8
66,12,4.583333333333333,0.2,0,0,0,False,0.0,False,0,0,0.0,0.0,1.0,0.0,39.55500000000001,False,False,False,False,False,False,False,False,U_01DIDyfY4
67,8,7.5,0.3050847457627119,2,1,0,False,0.014925373134328358,False,0,0,0.265,0.0,0.735,0.3664,-12.784999999999997,False,False,False,False,True,False,False,False,cdcgqC50-Hg
79,14,4.571428571428571,0.21875,1,0,0,False,0.0,False,0,0,0.0,0.0,1.0,0.0,41.553571428571445,False,False,False,False,False,False,False,False,Yv9-b2JF_x4
77,14,4.571428571428571,0.16393442622950818,0,1,0,False,0.03896103896103896,False,0,0,0.216,0.0,0.784,0.5562,24.495000000000005,False,False,False,False,False,False,False,False,c8pHBpfLOMY
96,16,5.0,0.15789473684210525,0,2,0,False,0.041666666666666664,False,0,0,0.206,0.0,0.794,0.5972,32.56000000000003,False,False,False,False,False,False,False,False,dge_GzOv-R8
81,13,5.3076923076923075,0.15151515151515152,0,1,0,False,0.037037037037037035,False,0,0,0.316,0.0,0.684,0.6239,38.595,False,False,False,False,False,False,False,False,RWga5mA3BVg
83,15,4.6,0.18181818181818182,1,2,0,False,0.03614457831325301,False,0,0,0.168,0.168,0.663,0.0,51.026904761904774,False,False,False,False,False,False,False,False,pX_gTkyWPQs
60,12,4.083333333333333,0.16326530612244897,0,0,0,False,0.0,False,0,0,0.209,0.0,0.791,0.4404,81.85500000000002,False,False,False,False,False,True,False,False,4h1zSd5P4u8
81,11,6.454545454545454,0.14705882352941177,0,0,0,False,0.024691358024691357,True,1,0,0.521,0.0,0.479,0.8271,18.77909090909094,False,False,False,False,False,False,False,False,OzZzba5BI6w
76,12,5.416666666666667,0.15384615384615385,0,0,0,False,0.0,False,0,0,0.173,0.0,0.827,0.3182,39.55500000000001,False,False,False,False,False,False,False,False,tcFmExg-G9o
74,11,5.818181818181818,0.140625,0,0,0,False,0.0,False,0,0,0.271,0.247,0.482,-0.1531,26.470000000000027,False,False,False,False,False,True,False,False,LK0zlQOVmQQ
76,14,4.5,0.1774193548387097,0,0,0,False,0.013157894736842105,False,0,0,0.0,0.0,1.0,0.0,71.76785714285715,False,False,False,False,False,False,False,False,idsK8SHjt7c
76,13,4.923076923076923,0.1746031746031746,0,0,0,False,0.013157894736842105,False,0,0,0.098,0.0,0.902,0.0772,76.50153846153849,True,False,False,False,False,False,False,False,euACo4wcZFs
72,10,6.3,0.13114754098360656,0,0,0,False,0.027777777777777776,False,0,0,0.302,0.0,0.698,0.5994,27.485000000000014,False,False,False,False,False,False,False,False,6RRzckqH33w
78,12,5.583333333333333,0.16666666666666666,0,1,0,False,0.01282051282051282,False,0,0,0.126,0.0,0.874,0.1511,38.595,True,False,False,False,False,False,True,False,rfRPFa5MNSk
66,11,5.090909090909091,0.14545454545454545,0,1,0,False,0.015151515151515152,False,0,0,0.295,0.0,0.705,0.636,41.8518181818182,False,False,False,False,False,False,False,False,c-zHUy6IvVY
75,12,5.333333333333333,0.14285714285714285,0,0,0,False,0.013333333333333334,False,0,0,0.262,0.0,0.738,0.5994,32.504999999999995,False,False,False,False,False,False,False,False,48dlI1EZ8sI
75,13,4.846153846153846,0.14516129032258066,0,0,0,False,0.013333333333333334,False,0,0,0.245,0.0,0.755,0.5994,43.963076923076954,False,False,False,False,False,False,False,False,gl5gPF7oRdI
77,11,6.090909090909091,0.13636363636363635,0,0,0,False,0.012987012987012988,False,0,0,0.441,0.147,0.412,0.6124,18.77909090909094,True,False,False,False,False,False,False,False,L21APqiJF7o
72,12,5.083333333333333,0.15,0,0,1,False,0.013888888888888888,False,0,0,0.0,0.0,1.0,0.0,53.655,False,False,False,False,False,False,False,False,l-G7o2DOLfQ
68,12,4.75,0.15789473684210525,0,0,0,False,0.0,False,0,0,0.359,0.0,0.641,0.6808,53.655,False,False,False,False,True,False,False,False,JK2h7AJOkpg
71,10,6.2,0.13114754098360656,0,0,0,False,0.014084507042253521,False,0,0,0.0,0.0,1.0,0.0,10.564999999999998,False,False,False,False,False,False,False,False,SS--s8GY-mU
71,12,5.0,0.15517241379310345,0,1,0,False,0.028169014084507043,False,0,0,0.246,0.0,0.754,0.5562,67.75500000000001,False,False,False,False,False,True,False,False,pIobSx4b3i4
67,10,5.8,0.12280701754385964,0,0,0,False,0.014925373134328358,False,0,0,0.0,0.0,1.0,0.0,52.86500000000001,False,False,False,False,False,False,False,False,2OT4vilAKNc
70,12,4.916666666666667,0.13559322033898305,0,0,0,False,0.0,False,0,0,0.0,0.0,1.0,0.0,60.70500000000001,False,False,False,False,False,False,False,False,fVitH32ieaI
64,10,5.5,0.14545454545454545,0,0,0,False,0.0,False,0,0,0.196,0.0,0.804,0.296,69.78500000000001,False,False,False,False,False,False,False,False,szErpMRp_nk
62,9,6.0,0.1509433962264151,0,1,0,False,0.016129032258064516,False,0,0,0.416,0.0,0.584,0.6114,37.900000000000034,False,False,False,False,False,True,False,False,bg4DEp6Ej2o
70,11,5.454545454545454,0.16666666666666666,0,0,0,False,0.0,False,0,0,0.194,0.0,0.806,0.34,49.54272727272729,False,False,False,False,False,True,False,False,iak6A6bMt1I
70,11,5.454545454545454,0.1,0,0,0,False,0.0,False,0,0,0.237,0.0,0.763,0.4767,64.9245454545455,False,False,False,False,False,False,False,False,o-E3KIGDD6s
50,9,4.666666666666667,0.14285714285714285,0,0,0,False,0.0,False,0,0,0.0,0.0,1.0,0.0,75.50000000000003,False,False,False,False,False,False,False,False,pUnAhZmIE2w
72,12,5.083333333333333,0.13559322033898305,0,1,0,False,0.027777777777777776,False,0,0,0.271,0.0,0.729,0.6239,67.75500000000001,False,False,False,False,False,False,False,False,IurFhu15FFg
66,12,4.583333333333333,0.17307692307692307,0,2,0,False,0.030303030303030304,True,1,0,0.0,0.0,1.0,0.0,88.905,False,False,False,False,False,False,False,False,vcT8tLEBjdw
77,13,5.0,0.19298245614035087,1,2,0,False,0.05194805194805195,True,1,0,0.194,0.0,0.806,0.4374,76.59134615384617,False,False,False,False,False,True,False,False,RhpxxCtyIo8
82,13,5.384615384615385,0.15384615384615385,0,1,0,False,0.06097560975609756,False,0,0,0.23,0.0,0.77,0.5562,52.69500000000002,False,False,False,False,True,False,False,False,AwMhTJbyczQ
73,10,6.4,0.15,0,1,0,False,0.0547945205479452,False,0,0,0.274,0.0,0.726,0.5255,42.46750000000003,False,False,False,False,False,False,False,False,_bg-7wBH0VY
75,12,5.333333333333333,0.22580645161290322,1,1,0,False,0.02666666666666667,False,0,0,0.0,0.0,1.0,0.0,55.12522727272727,False,False,False,False,False,False,False,False,0bbFR3AuXBQ
75,12,5.333333333333333,0.1774193548387097,1,1,0,False,0.02666666666666667,False,0,0,0.0,0.0,1.0,0.0,57.23363636363638,False,False,False,False,False,False,False,False,NPV9437IGOw
68,11,5.2727272727272725,0.14035087719298245,0,1,0,False,0.014705882352941176,False,0,0,0.0,0.0,1.0,0.0,57.23363636363638,False,False,False,False,False,False,False,False,3ec5x64cWj8
77,13,5.0,0.18032786885245902,0,1,1,False,0.05194805194805195,False,0,0,0.0,0.0,1.0,0.0,73.84500000000001,False,False,False,False,True,True,False,False,bXn7Ifdsm-E
77,12,5.5,0.15625,0,1,1,False,0.025974025974025976,False,0,0,0.0,0.0,1.0,0.0,59.745000000000005,False,False,False,False,False,False,False,False,PKFh-v5QlnA
82,11,6.545454545454546,0.13636363636363635,0,2,0,False,0.07317073170731707,False,0,0,0.0,0.0,1.0,0.0,32.56000000000003,False,False,False,False,True,True,False,False,0Sgo-JxD0BU
73,12,5.083333333333333,0.1864406779661017,1,1,0,False,0.0273972602739726,False,0,0,0.185,0.0,0.815,0.3595,60.70500000000001,False,False,False,False,False,False,False,False,uYGVIbN1BF8
78,11,6.181818181818182,0.13432835820895522,0,1,0,False,0.01282051282051282,False,0,0,0.0,0.0,1.0,0.0,32.05250000000001,False,False,False,False,False,False,False,False,W2KFEGQaInI
74,12,5.25,0.15873015873015872,0,0,0,False,0.0,False,0,0,0.231,0.0,0.769,0.5106,53.655,False,False,False,False,True,False,False,False,pR47-cIl--U
57,9,5.444444444444445,0.13043478260869565,0,1,0,False,0.017543859649122806,True,1,0,0.279,0.0,0.721,0.4753,56.70000000000002,False,False,False,False,False,False,False,False,Q_-5bR2vsr0
83,12,6.0,0.14925373134328357,0,2,0,False,0.060240963855421686,False,0,0,0.538,0.0,0.462,0.8881,45.64500000000001,False,False,False,False,True,False,False,False,wB9tIKBFhUo
54,9,5.111111111111111,0.13043478260869565,0,0,0,False,0.0,False,0,0,0.192,0.0,0.808,0.2263,47.30000000000004,False,False,False,False,False,False,True,False,7o_VdZ5Kw9w
59,10,5.0,0.30612244897959184,2,0,0,False,0.01694915254237288,False,0,0,0.0,0.0,1.0,0.0,56.70000000000002,False,False,False,False,False,False,False,False,5UUBtJHS1oY
76,11,6.0,0.18032786885245902,1,1,0,False,0.06578947368421052,False,0,1,0.396,0.0,0.604,0.7088,14.267500000000013,False,False,False,False,False,True,False,False,YeeqQl68v8Q
61,11,4.636363636363637,0.3469387755102041,3,1,0,False,0.03278688524590164,False,0,1,0.202,0.0,0.798,0.4199,78.24500000000002,False,False,False,False,False,False,False,False,hlyVnuOetGI
73,13,4.6923076923076925,0.13114754098360656,0,0,0,False,0.0,False,0,0,0.0,0.0,1.0,0.0,83.0092307692308,False,False,False,False,False,False,False,False,OxoeS1XJZyo
66,10,5.7,0.12727272727272726,0,1,0,False,0.030303030303030304,False,0,0,0.0,0.0,1.0,0.0,47.30000000000004,False,False,False,False,False,False,False,False,W6-TBDJjCds
72,12,5.083333333333333,0.14035087719298245,0,2,0,False,0.05555555555555555,False,0,1,0.0,0.0,1.0,0.0,41.02000000000004,False,False,False,False,False,False,False,False,t4De2oTrlU8
70,13,4.384615384615385,0.125,0,1,0,False,0.014285714285714285,False,0,0,0.0,0.0,1.0,0.0,83.0092307692308,False,False,False,False,False,False,False,False,CWdWtN00R0g
63,10,5.4,0.1346153846153846,0,1,0,False,0.031746031746031744,False,0,0,0.473,0.0,0.527,0.8016,66.10000000000002,False,False,False,False,False,False,False,False,aUv1rhu0Uuc
94,15,5.333333333333333,0.14864864864864866,0,2,0,False,0.06382978723404255,False,0,1,0.299,0.0,0.701,0.717,50.56057692307695,False,False,False,False,True,True,False,False,V7mrMCUtkmI
60,11,4.545454545454546,0.1875,0,1,0,False,0.03333333333333333,False,0,0,0.0,0.0,1.0,0.0,66.40000000000003,False,False,False,False,False,False,False,False,_Ie3XLk-29g
30,5,5.2,0.09090909090909091,0,0,0,False,0.13333333333333333,False,0,1,0.0,0.0,1.0,0.0,75.87500000000001,False,False,False,False,False,False,False,False,UcR5wky_aNU
30,7,3.4285714285714284,0.18181818181818182,0,0,0,False,0.06666666666666667,False,0,1,0.0,0.0,1.0,0.0,87.94500000000002,False,False,False,True,False,False,True,False,9N27qXBGAfQ
38,8,3.875,0.3333333333333333,1,1,0,False,0.10526315789473684,False,0,1,0.413,0.0,0.587,0.7118,73.84500000000001,False,False,False,False,False,False,True,False,pvOGIgylJFI
52,10,4.2,0.175,0,0,0,False,0.038461538461538464,False,0,1,0.0,0.0,1.0,0.0,75.50000000000003,False,False,False,False,False,False,False,False,zphbWAIgRHs
29,6,4.0,0.22727272727272727,0,0,0,False,0.06896551724137931,False,0,1,0.0,0.0,1.0,0.0,100.24000000000002,False,False,False,False,False,False,False,False,TNH7Qy8RS7Q
21,5,3.4,0.2,0,0,0,False,0.09523809523809523,False,0,1,0.0,0.0,1.0,0.0,97.025,False,False,False,False,False,False,False,False,6W7RT6nR_mU
39,6,5.5,0.75,4,1,0,False,0.02564102564102564,False,0,0,0.0,0.0,1.0,0.0,17.44500000000002,False,False,False,False,False,True,False,False,6xoMpEsySRs
40,8,4.125,0.1724137931034483,0,0,0,False,0.1,False,0,1,0.0,0.0,1.0,0.0,100.24000000000002,False,False,False,False,False,False,False,False,YI1b1_itLSQ
27,5,4.6,0.75,3,1,0,False,0.1111111111111111,False,0,1,0.0,0.0,1.0,0.0,54.72500000000002,False,False,False,False,False,False,False,False,sxfyD6yogic
55,10,4.6,0.17142857142857143,1,1,0,False,0.10909090909090909,True,2,1,0.15,0.0,0.85,0.1511,56.70000000000002,True,False,False,False,False,False,False,False,WslXZrXhFgg
41,8,4.25,0.34375,1,0,0,False,0.04878048780487805,False,0,1,0.0,0.0,1.0,0.0,78.87285714285717,False,False,False,False,False,False,True,False,S4N45T06OiE
59,11,4.454545454545454,0.19148936170212766,0,0,0,False,0.03389830508474576,False,0,1,0.0,0.187,0.813,-0.3182,52.86500000000001,False,False,True,False,False,False,True,False,Qrw7_73gO7c
45,7,5.571428571428571,0.18181818181818182,0,1,0,False,0.13333333333333333,False,0,1,0.0,0.278,0.722,-0.4003,59.745000000000005,False,False,False,False,False,False,False,False,P23ukGLX8Qw
34,6,4.833333333333333,0.5,1,1,0,False,0.14705882352941177,False,0,1,0.0,0.0,1.0,0.0,66.40000000000003,False,False,False,False,False,False,False,False,IW84-8aEEJ8
47,7,5.857142857142857,0.16216216216216217,0,0,0,False,0.0851063829787234,False,0,1,0.0,0.0,1.0,0.0,45.64500000000001,False,False,False,False,False,False,False,False,_vzMI91UHYY
83,17,3.9411764705882355,0.1111111111111111,0,0,0,False,0.04819277108433735,False,0,1,0.0,0.0,1.0,0.0,83.85357142857143,False,False,False,False,False,False,True,False,h8CMdiqmuQA
74,11,5.818181818181818,0.09836065573770492,0,0,0,False,0.04054054054054054,False,0,0,0.0,0.0,1.0,0.0,72.61545454545457,False,False,False,False,False,False,False,False,j4__sFMonzQ
56,9,5.333333333333333,0.22727272727272727,0,1,0,True,0.07142857142857142,False,0,1,0.0,0.0,1.0,0.0,71.81500000000001,False,False,False,False,False,False,True,False,JAo6pmFeCPQ
39,8,4.0,0.20689655172413793,0,0,0,False,0.07692307692307693,False,0,1,0.0,0.0,1.0,0.0,59.745000000000005,False,False,False,False,False,False,False,False,DWg9AgwyrSg
37,8,3.75,0.18518518518518517,0,0,0,False,0.02702702702702703,True,1,0,0.0,0.0,1.0,0.0,66.7871428571429,False,False,False,True,False,False,False,False,fgLZtJW9nKI
39,7,4.714285714285714,0.16129032258064516,0,0,0,False,0.05128205128205128,False,0,1,0.0,0.0,1.0,0.0,59.745000000000005,False,False,False,True,False,False,False,False,YD3wU56_Zq0
20,4,4.25,0.13333333333333333,0,0,0,False,0.1,False,0,1,0.0,0.0,1.0,0.0,34.59000000000003,False,False,False,True,False,False,False,False,QAQLEI3H6Mw
31,7,3.5714285714285716,0.17391304347826086,0,0,0,False,0.06451612903225806,False,0,1,0.0,0.0,1.0,0.0,87.94500000000002,False,False,False,False,False,False,True,False,o3tdzqKt9co
25,5,4.0,0.3333333333333333,1,0,0,False,0.08,False,0,1,0.0,0.0,1.0,0.0,33.57500000000002,False,False,False,False,False,False,False,False,aaXRfyP756U
53,10,4.4,0.1794871794871795,0,1,0,False,0.05660377358490566,True,1,1,0.0,0.0,1.0,0.0,42.46750000000003,False,False,False,True,False,False,True,False,k9GeT_NHgkM
61,12,4.166666666666667,0.13953488372093023,0,0,0,False,0.08196721311475409,True,1,1,0.0,0.0,1.0,0.0,35.94500000000002,False,False,False,True,True,False,False,False,bdGmTdYPRao
54,12,3.5,0.2,0,0,0,False,0.09259259259259259,True,1,2,0.193,0.096,0.711,0.4404,94.30000000000001,False,False,False,True,False,False,False,False,68kKDPlABxI
27,6,3.6666666666666665,0.15789473684210525,0,0,0,False,0.07407407407407407,True,1,1,0.0,0.0,1.0,0.0,49.48000000000002,False,False,False,True,False,False,False,False,lRcywS97BeI
61,12,4.166666666666667,0.11627906976744186,0,1,0,False,0.08196721311475409,True,2,2,0.0,0.0,1.0,0.0,74.86000000000003,False,False,False,False,True,False,False,False,NJzscmkIjOs
40,8,4.125,0.12121212121212122,0,0,0,False,0.0,False,0,0,0.0,0.0,1.0,0.0,114.11500000000001,False,False,False,False,False,False,True,False,1-eyDyAeVBg
53,11,3.909090909090909,0.11627906976744186,0,0,0,False,0.0,False,0,0,0.0,0.0,1.0,0.0,72.61545454545457,False,False,False,True,False,False,False,False,Tb_w0AiSOEw
47,10,3.8,0.1875,0,1,0,False,0.10638297872340426,True,1,1,0.0,0.0,1.0,0.0,61.24000000000001,False,False,False,True,False,False,True,False,dKTiIezJN8w
33,7,3.857142857142857,0.6190476190476191,2,1,0,False,0.030303030303030304,True,2,0,0.389,0.0,0.611,0.5893,94.51107142857143,False,False,False,True,False,False,True,False,4B6bR51zboo
61,10,5.2,0.5625,5,1,0,False,0.06557377049180328,False,0,1,0.0,0.0,1.0,0.0,23.667500000000018,False,False,False,True,False,False,True,False,9X0P1lw7XOg
47,8,5.0,0.17647058823529413,0,1,0,False,0.1276595744680851,False,0,1,0.0,0.0,1.0,0.0,82.39000000000001,False,False,False,True,False,False,False,False,T8VnC9_OMaE
40,7,4.714285714285714,0.15625,0,0,0,False,0.025,False,0,1,0.0,0.0,1.0,0.0,31.545000000000016,False,False,False,False,False,False,False,False,nR9IevgOgtg
18,3,5.0,0.25,0,0,0,True,0.16666666666666666,False,0,0,0.0,0.0,1.0,0.0,62.79000000000002,False,False,False,False,False,False,True,False,668OZu3O8Y0
25,4,5.5,0.17647058823529413,0,3,0,False,0.2,False,0,0,0.0,0.0,1.0,0.0,90.99000000000004,False,False,False,False,False,False,False,False,P-H5Stivhag
31,6,4.333333333333333,0.14285714285714285,0,0,0,False,0.12903225806451613,True,1,1,0.425,0.0,0.575,0.5719,66.40000000000003,False,False,False,False,False,True,False,False,gHjkhIjpKxQ
42,8,4.25,0.17647058823529413,0,0,0,False,0.0,False,0,0,0.0,0.232,0.768,-0.2755,71.81500000000001,False,False,False,False,False,True,True,False,2daW-d5FSYM
47,7,5.857142857142857,0.15,0,0,0,False,0.02127659574468085,False,0,0,0.0,0.0,1.0,0.0,17.44500000000002,False,False,False,False,False,False,False,False,zATCEddthfg
32,6,4.5,0.15789473684210525,0,1,0,False,0.25,False,0,1,0.0,0.0,1.0,0.0,83.32000000000004,False,False,False,False,False,False,False,False,E7ZlgH9ThIM
41,6,6.0,0.6428571428571429,2,1,1,True,0.1951219512195122,False,0,1,0.0,0.0,1.0,0.0,49.48000000000002,False,False,False,False,False,False,False,False,FqRfx-WNxY4
25,4,5.5,0.15789473684210525,0,0,0,False,0.12,False,0,1,0.0,0.0,1.0,0.0,34.59000000000003,False,False,False,False,False,False,False,False,ZdlRd4ttuxo
27,5,4.4,0.15,0,0,0,False,0.07407407407407407,False,0,1,0.444,0.0,0.556,0.4939,75.87500000000001,False,False,False,False,False,False,False,False,--zn3J1zc_I
21,4,4.5,0.21428571428571427,0,0,0,False,0.19047619047619047,False,0,1,0.0,0.0,1.0,0.0,90.99000000000004,False,False,False,False,False,True,False,False,pXI95qQB1nA
33,6,4.666666666666667,1.0,4,0,0,False,0.12121212121212122,False,0,1,0.402,0.0,0.598,0.5202,15.640000000000015,False,False,False,True,False,False,False,False,iKo2RovgVg4
50,8,5.375,0.17142857142857143,0,0,0,False,0.08,True,1,1,0.346,0.0,0.654,0.5719,54.70142857142861,False,False,False,False,False,True,False,False,3McZ_qRu5Mc
30,5,5.2,0.13636363636363635,0,1,1,False,0.13333333333333333,False,0,1,0.529,0.0,0.471,0.6696,54.72500000000002,False,False,False,False,False,False,False,False,rF9zwd32eq0
38,7,4.571428571428571,0.1724137931034483,0,1,0,False,0.07894736842105263,False,0,1,0.0,0.0,1.0,0.0,59.745000000000005,False,False,False,False,False,False,True,False,MPG87oCD_7o
79,13,5.153846153846154,0.06349206349206349,0,0,0,False,0.0379746835443038,True,1,2,0.0,0.0,1.0,0.0,53.655,False,False,False,False,True,True,False,False,yv2zhmXaIE0
75,17,3.4705882352941178,0.07547169811320754,0,0,0,False,0.04,True,3,2,0.135,0.0,0.865,0.3612,63.69500000000001,False,False,False,False,True,False,True,False,sQkAe-MGpuw
80,18,3.5,0.07407407407407407,0,0,0,False,0.075,True,2,2,0.0,0.0,1.0,0.0,90.13250000000001,False,False,False,False,True,True,False,False,ELKGU-RWtnQ
69,13,4.384615384615385,0.05555555555555555,0,0,0,False,0.028985507246376812,True,1,2,0.0,0.0,1.0,0.0,69.99384615384618,False,False,False,False,True,True,False,False,Xsfayo0PBR4
77,15,4.2,0.07407407407407407,0,0,0,False,0.07792207792207792,True,2,2,0.0,0.0,1.0,0.0,76.50153846153849,False,False,False,False,True,True,False,False,OJPyXvhaVuw
78,15,4.266666666666667,0.07272727272727272,0,0,0,False,0.07692307692307693,True,2,2,0.0,0.0,1.0,0.0,76.50153846153849,False,False,False,False,True,True,False,False,NgmOqdfxVCw
80,18,3.5,0.07407407407407407,0,0,0,False,0.075,True,2,2,0.0,0.0,1.0,0.0,90.13250000000001,False,False,False,False,True,True,False,False,fVWS3beWWqg
84,18,3.7222222222222223,0.08620689655172414,0,0,0,False,0.07142857142857142,True,2,2,0.0,0.0,1.0,0.0,84.45000000000003,False,False,False,False,True,True,False,False,W--teAS7Dig
90,19,3.789473684210526,0.06349206349206349,0,0,0,False,0.06666666666666667,True,2,2,0.0,0.0,1.0,0.0,79.5575,False,False,False,False,True,True,False,False,BlZM79OT36o
84,18,3.7222222222222223,0.08620689655172414,0,0,0,False,0.07142857142857142,True,2,2,0.0,0.0,1.0,0.0,84.45000000000003,False,False,False,False,True,True,False,False,pEBqw4QjOBg
86,18,3.8333333333333335,0.08333333333333333,0,0,0,False,0.06976744186046512,True,2,2,0.0,0.0,1.0,0.0,84.45000000000003,False,False,False,False,True,True,False,False,T5ymCAVzO54
88,18,3.9444444444444446,0.06451612903225806,0,0,0,False,0.06818181818181818,True,2,2,0.0,0.0,1.0,0.0,78.81000000000003,False,False,False,False,True,True,False,False,uJ29aj2e9c0
84,18,3.7222222222222223,0.08620689655172414,0,0,0,False,0.07142857142857142,True,2,2,0.137,0.0,0.863,0.4019,78.81000000000003,False,False,False,False,True,True,False,False,XNYLhBJlk-A
86,18,3.8333333333333335,0.08333333333333333,0,0,0,False,0.06976744186046512,True,2,2,0.0,0.0,1.0,0.0,84.45000000000003,False,False,False,False,True,True,False,False,uc7-TWJGwkc
91,18,4.111111111111111,0.09375,0,0,0,False,0.07692307692307693,True,2,2,0.0,0.0,1.0,0.0,73.17000000000003,False,False,False,False,True,True,True,False,ckHmuW6hwd4
91,19,3.8421052631578947,0.09375,0,0,0,False,0.06593406593406594,True,2,2,0.0,0.0,1.0,0.0,84.845,False,False,False,False,True,True,False,False,mvp4EizKQc8
84,18,3.7222222222222223,0.08620689655172414,0,0,0,False,0.07142857142857142,True,2,2,0.0,0.0,1.0,0.0,84.45000000000003,False,False,False,False,True,True,False,False,Ai_1wk8eRr8
94,20,3.75,0.09230769230769231,0,0,0,False,0.07446808510638298,True,2,2,0.12,0.0,0.88,0.3818,80.09764705882354,False,False,False,False,True,True,False,False,fhVSuNXRsUk
84,18,3.7222222222222223,0.08620689655172414,0,0,0,False,0.07142857142857142,True,2,2,0.0,0.0,1.0,0.0,84.45000000000003,False,False,False,False,True,True,False,False,6kQMWkkqUcY
80,15,4.4,0.06779661016949153,0,0,0,False,0.0625,True,1,2,0.0,0.0,1.0,0.0,83.0092307692308,False,False,False,False,True,False,False,False,oWarZz88jKo
99,23,3.347826086956522,0.058823529411764705,0,0,0,False,0.06060606060606061,True,2,2,0.0,0.0,1.0,0.0,93.47500000000002,False,False,False,False,True,True,True,False,RTuEflRCYRM
87,17,4.176470588235294,0.04918032786885246,0,0,0,False,0.08045977011494253,True,2,2,0.0,0.0,1.0,0.0,71.76785714285715,False,False,False,False,True,True,False,False,yUlPRw-mORY
96,20,3.85,0.058823529411764705,0,0,0,False,0.0625,True,2,2,0.136,0.0,0.864,0.4588,80.09764705882354,False,False,False,False,True,True,False,False,z_bhV974ZjU
90,18,4.055555555555555,0.1076923076923077,0,0,0,False,0.06666666666666667,True,1,2,0.0,0.0,1.0,0.0,84.45000000000003,False,False,False,False,True,False,False,False,Z0NUtuWCdh4
87,18,3.888888888888889,0.08196721311475409,0,0,0,False,0.06896551724137931,True,2,2,0.0,0.0,1.0,0.0,84.45000000000003,False,False,False,False,True,True,False,False,jSx4ZOE_9bk
84,18,3.7222222222222223,0.08620689655172414,0,0,0,False,0.07142857142857142,True,2,2,0.0,0.0,1.0,0.0,84.45000000000003,False,False,False,False,True,True,False,False,wJoSpshVlEg
94,19,4.0,0.08955223880597014,0,0,0,False,0.06382978723404255,True,2,2,0.0,0.0,1.0,0.0,79.5575,False,False,False,False,True,True,False,False,iRSM-iVvkZA
90,19,3.789473684210526,0.09523809523809523,0,0,0,False,0.06666666666666667,True,2,2,0.0,0.0,1.0,0.0,84.845,False,False,False,False,True,True,False,False,DB-rgARC3mI
67,15,3.533333333333333,0.06666666666666667,0,0,0,False,0.07462686567164178,True,2,2,0.0,0.0,1.0,0.0,96.02461538461542,False,False,False,False,True,True,False,False,9eLAG8FDKk8
48,8,5.125,0.05555555555555555,0,3,0,False,0.10416666666666667,False,0,2,0.0,0.495,0.505,-0.7074,116.14500000000001,False,False,False,False,False,False,False,False,agNH1LQT5Cc
46,8,4.875,0.3235294117647059,2,3,0,False,0.08695652173913043,True,1,1,0.0,0.325,0.675,-0.5229,115.13000000000002,False,False,False,False,False,False,False,False,zyyNVB8FGOQ
58,13,3.5384615384615383,0.21951219512195122,1,3,0,False,0.08620689655172414,False,0,0,0.0,0.0,1.0,0.0,111.07000000000002,False,False,False,False,False,False,False,False,G4ubiF8u6SE
65,13,4.076923076923077,0.24,2,0,0,False,0.03076923076923077,True,1,2,0.0,0.312,0.688,-0.6124,111.07000000000002,False,False,False,False,False,False,False,False,7dxUvMJ5emg
61,12,4.166666666666667,0.20454545454545456,2,0,0,False,0.01639344262295082,True,2,1,0.0,0.185,0.815,-0.3612,111.07000000000002,False,False,False,False,False,False,False,False,Ti78pl5iXaE
79,13,5.153846153846154,0.08196721311475409,0,0,0,False,0.02531645569620253,True,1,2,0.0,0.312,0.688,-0.6124,111.07000000000002,False,False,False,False,False,False,False,False,_6ZNWAp654s
74,13,4.6923076923076925,0.10526315789473684,0,0,0,False,0.02702702702702703,True,1,2,0.167,0.144,0.69,0.1027,111.07000000000002,False,False,False,False,False,False,False,False,81NSX2uKyLQ
55,10,4.6,0.1111111111111111,0,0,0,False,0.03636363636363636,True,2,0,0.0,0.0,1.0,0.0,61.26750000000001,False,False,False,False,False,True,False,False,dynKqJp_l6A
75,13,4.846153846153846,0.30357142857142855,2,4,0,False,0.09333333333333334,False,0,3,0.138,0.293,0.57,-0.5053,111.07000000000002,False,False,False,False,False,False,False,False,YivFlvwAGLY
71,14,4.142857142857143,0.06,0,0,1,False,0.056338028169014086,True,1,2,0.0,0.294,0.706,-0.6124,110.055,False,False,False,False,False,False,False,False,nyxKvK3NCx4
78,14,4.642857142857143,0.16071428571428573,1,3,0,False,0.0641025641025641,True,1,2,0.0,0.329,0.671,-0.7074,110.055,False,False,False,False,False,False,False,False,3PalH7BkHkM
56,9,5.333333333333333,0.18604651162790697,1,0,0,False,0.017857142857142856,True,1,1,0.0,0.231,0.769,-0.34,114.11500000000001,False,False,False,False,False,False,False,False,Pj5cPdFdUJk
90,14,5.5,0.14084507042253522,1,0,0,False,0.022222222222222223,True,1,2,0.0,0.286,0.714,-0.5859,110.055,False,False,False,False,False,False,False,False,ci4efv_kOvY
60,10,5.1,0.6521739130434783,4,3,0,False,0.08333333333333333,False,0,2,0.0,0.423,0.577,-0.7074,114.11500000000001,False,False,False,False,False,False,False,False,YeGaysmKGdc
58,9,5.555555555555555,0.08888888888888889,0,3,0,False,0.08620689655172414,False,0,2,0.0,0.456,0.544,-0.7074,115.13000000000002,False,False,False,False,False,False,False,False,sDHgYYaTPZE
55,9,5.222222222222222,0.0975609756097561,1,4,0,False,0.10909090909090909,False,0,2,0.0,0.468,0.532,-0.7326,115.13000000000002,False,False,False,False,False,False,False,False,LKwoplQTVfU
52,9,4.888888888888889,0.47368421052631576,5,4,1,False,0.11538461538461539,False,0,1,0.0,0.314,0.686,-0.5673,118.17500000000001,False,False,False,False,False,False,False,False,MDV7uNs8EhE
38,8,3.875,1.0,5,3,0,False,0.13157894736842105,True,1,2,0.0,0.486,0.514,-0.6884,116.14500000000001,False,False,False,False,False,False,False,False,GXrOArX-t-I
53,8,5.75,0.275,1,3,0,False,0.09433962264150944,True,1,1,0.296,0.0,0.704,0.5826,115.13000000000002,False,False,False,False,False,False,False,False,XyWco7nmmIc
76,15,4.133333333333334,0.3684210526315789,2,0,0,False,0.05263157894736842,True,1,2,0.0,0.278,0.722,-0.6124,110.055,False,False,False,False,False,False,False,False,lZ5yEIvdKrc
71,13,4.538461538461538,0.09803921568627451,1,1,1,False,0.056338028169014086,True,1,2,0.0,0.325,0.675,-0.6476,111.07000000000002,False,False,False,False,False,False,False,False,rzwhvKVevIM
48,10,3.9,0.43333333333333335,2,3,0,False,0.10416666666666667,True,1,2,0.0,0.423,0.577,-0.7074,114.11500000000001,False,False,False,False,False,False,False,False,oI-DRB3AZv4
70,12,4.916666666666667,0.4909090909090909,4,0,0,False,0.05714285714285714,False,0,2,0.0,0.333,0.667,-0.6124,103.625,False,False,False,False,False,False,False,False,1wuhGXF5fJ4
64,11,4.909090909090909,0.21153846153846154,1,0,0,False,0.03125,False,0,2,0.0,0.357,0.643,-0.6124,113.10000000000002,False,False,False,False,False,False,False,False,BK_-ew8CnO0
48,8,5.125,0.47368421052631576,2,1,0,False,0.0625,False,0,1,0.0,0.285,0.715,-0.4199,119.19000000000003,False,False,False,False,False,False,False,False,YFIEuoYsyBI
69,12,4.833333333333333,0.11320754716981132,0,0,0,False,0.014492753623188406,True,1,0,0.0,0.0,1.0,0.0,111.07000000000002,False,False,False,False,False,False,False,False,CgJuvLnvC1U
67,11,5.181818181818182,0.2653061224489796,2,6,0,False,0.11940298507462686,False,0,2,0.0,0.407,0.593,-0.7326,117.66750000000002,False,False,False,False,False,False,False,False,4GXBiM85bco
100,18,4.611111111111111,0.2987012987012987,2,1,0,False,0.05,True,1,2,0.0,0.249,0.751,-0.6476,114.6225,False,False,False,False,False,False,False,False,dFxQAGGdaVY
58,10,4.9,0.30952380952380953,2,4,0,False,0.1206896551724138,False,0,2,0.236,0.141,0.623,0.3956,115.13000000000002,False,False,False,False,False,False,False,False,JhgQQN9D8DE
86,18,3.8333333333333335,0.2909090909090909,2,1,1,False,0.06976744186046512,True,2,2,0.0,0.348,0.652,-0.7901,78.87285714285717,False,False,False,False,False,True,False,False,FsPxPJotrCg
40,7,4.857142857142857,0.09090909090909091,0,0,0,False,0.025,False,0,0,0.0,0.0,1.0,0.0,116.14500000000001,False,False,False,False,False,False,False,False,fYDHYdDitLI
68,12,4.75,0.46938775510204084,4,6,0,False,0.11764705882352941,False,0,2,0.0,0.381,0.619,-0.7326,117.16000000000003,False,False,False,False,False,False,False,False,WvHlgL9YqYc
48,5,8.8,0.32432432432432434,1,6,0,False,0.14583333333333334,False,0,0,0.0,0.0,1.0,0.0,117.16000000000003,False,False,False,False,False,False,False,False,UVoyZSXTW4U
50,8,5.375,0.1388888888888889,0,2,0,False,0.06,True,1,1,0.0,0.306,0.694,-0.4738,115.13000000000002,False,False,False,False,False,False,False,False,73VNcoRKIkk
48,8,5.125,0.05405405405405406,0,3,0,False,0.08333333333333333,False,0,1,0.0,0.325,0.675,-0.5229,115.13000000000002,False,False,False,False,False,False,False,False,Q8gVSuPG0gE
56,9,5.333333333333333,0.1951219512195122,1,1,0,False,0.03571428571428571,True,2,0,0.0,0.0,1.0,0.0,118.17500000000001,False,False,False,False,False,False,False,False,L5TUX9q7oDQ
65,10,5.6,0.11764705882352941,0,3,0,False,0.07692307692307693,False,0,0,0.0,0.0,1.0,0.0,114.11500000000001,False,False,False,False,False,False,False,False,X4VehGZqGmU
63,10,5.4,0.06382978723404255,0,1,1,False,0.047619047619047616,True,1,0,0.0,0.0,1.0,0.0,117.66750000000002,False,False,False,False,False,False,False,False,-76GYXHSX-s
90,16,4.6875,0.08823529411764706,0,1,0,False,0.03333333333333333,True,1,0,0.0,0.0,1.0,0.0,115.13000000000002,False,False,False,False,False,False,False,False,ORHMjthd8d8
47,9,4.333333333333333,0.14285714285714285,0,3,0,False,0.0851063829787234,False,0,1,0.0,0.297,0.703,-0.5229,114.11500000000001,False,False,False,False,False,False,False,False,iql9qRZ5fmw
61,11,4.636363636363637,0.10638297872340426,0,3,0,False,0.06557377049180328,False,0,1,0.0,0.0,1.0,0.0,112.08500000000001,False,False,False,False,False,False,False,False,6qjaLmOUqjI
77,11,6.090909090909091,0.07575757575757576,0,1,0,False,0.012987012987012988,False,0,0,0.0,0.0,1.0,0.0,111.07000000000002,False,False,False,False,False,False,False,False,rgg62LTmkLI
31,6,4.333333333333333,0.16,0,0,0,False,0.03225806451612903,False,0,1,0.0,0.333,0.667,-0.3612,117.16000000000003,False,False,False,False,False,False,False,False,EMe2G0CE_ec
62,11,4.7272727272727275,0.22727272727272727,1,1,1,False,0.06451612903225806,True,1,1,0.0,0.218,0.782,-0.4199,113.10000000000002,False,False,False,False,False,False,False,False,saUa-NeHsSU
71,10,6.2,0.10714285714285714,0,1,0,False,0.028169014084507043,True,1,0,0.0,0.0,1.0,0.0,113.10000000000002,False,False,False,False,False,False,False,False,_bED-yaX10k
67,10,5.8,0.07272727272727272,0,1,0,False,0.014925373134328358,True,1,0,0.0,0.0,1.0,0.0,112.08500000000001,False,False,False,False,False,False,False,False,zIAQa90wqPA
59,8,6.5,0.09090909090909091,0,4,0,True,0.13559322033898305,False,0,1,0.0,0.344,0.656,-0.5673,115.13000000000002,False,False,False,False,False,False,False,False,AenwAeckZlY
70,12,4.916666666666667,0.06896551724137931,0,0,0,False,0.014285714285714285,False,0,1,0.0,0.185,0.815,-0.3612,111.07000000000002,False,False,False,False,False,False,False,False,iSuy6gb-qcY
58,9,5.555555555555555,0.0851063829787234,0,1,1,False,0.05172413793103448,False,0,1,0.0,0.259,0.741,-0.4199,114.11500000000001,False,False,False,False,False,False,False,False,5bSHHQP4sp8
64,10,5.5,0.4,3,3,0,False,0.09375,True,1,1,0.0,0.0,1.0,0.0,117.66750000000002,False,False,False,False,False,False,False,False,RxX4qEP6Bos
75,13,4.846153846153846,0.2459016393442623,3,1,1,False,0.02666666666666667,False,0,0,0.0,0.0,1.0,0.0,104.82128205128207,False,False,False,False,False,False,False,False,CookAKjo3SE
8,2,3.5,1.0,2,0,0,False,0.0,False,0,0,0.0,0.0,1.0,0.0,35.60500000000002,False,False,False,False,False,False,False,False,knPXIDiTbfk
66,13,4.153846153846154,0.3584905660377358,3,0,0,False,0.015151515151515152,False,0,0,0.312,0.0,0.688,0.6124,56.97846153846157,False,False,True,False,True,False,False,False,BDe61hqRR3g
91,16,4.75,0.49295774647887325,6,0,0,False,0.02197802197802198,True,1,0,0.0,0.0,1.0,0.0,42.545000000000016,False,False,False,False,True,False,False,False,Af8l036Z_60
100,16,5.3125,0.2,2,1,0,True,0.1,False,0,0,0.0,0.184,0.816,-0.5255,55.952500000000015,False,False,False,True,False,False,False,False,zA3ZI8eeNhE
78,14,4.642857142857143,0.26153846153846155,3,0,0,False,0.0,False,0,0,0.0,0.0,1.0,0.0,89.89642857142859,False,False,False,False,False,False,False,False,dt2Tir7UOSw
29,6,4.0,0.5416666666666666,3,0,0,False,0.0,False,0,0,0.0,0.0,1.0,0.0,31.545000000000016,False,False,False,False,True,False,False,False,6axhnTzBnbE
100,18,4.611111111111111,0.26666666666666666,2,1,0,True,0.06,True,1,0,0.158,0.0,0.842,0.4926,47.30000000000004,False,False,False,False,True,False,True,False,gpK8KJ4KyAg
80,14,4.785714285714286,0.30303030303030304,3,0,1,False,0.0125,False,0,0,0.0,0.0,1.0,0.0,42.61571428571432,False,False,False,False,True,True,False,False,_-PShrq2iD0
94,16,4.9375,0.21333333333333335,3,2,0,False,0.0425531914893617,False,0,0,0.0,0.409,0.591,-0.8396,48.084166666666704,False,False,False,False,True,False,False,False,zHcF2OuvZ40
98,15,5.6,0.2345679012345679,3,1,0,False,0.030612244897959183,False,0,0,0.0,0.0,1.0,0.0,41.30250000000001,False,False,False,False,True,False,False,False,IWrtAqoe44M
75,15,4.066666666666666,0.3442622950819672,3,0,0,False,0.0,False,0,0,0.205,0.161,0.634,0.2263,67.53000000000003,False,False,False,False,False,False,False,False,2jiWsmPUYiQ
79,15,4.333333333333333,0.39655172413793105,4,0,0,True,0.05063291139240506,True,1,0,0.0,0.0,1.0,0.0,58.2225,False,False,False,False,True,False,True,False,WmM8Hy8hud0
90,16,4.6875,0.2876712328767123,3,1,0,False,0.022222222222222223,False,0,0,0.0,0.0,1.0,0.0,50.66500000000002,False,False,False,True,True,True,False,False,pVKvEduIIOA
68,12,4.75,0.32142857142857145,3,0,0,False,0.014705882352941176,False,0,0,0.0,0.0,1.0,0.0,32.504999999999995,False,False,False,False,True,False,False,False,M88rOn2jZ-g
42,7,5.142857142857143,0.4,3,1,0,False,0.023809523809523808,False,0,0,0.0,0.0,1.0,0.0,94.51107142857143,False,False,False,False,False,False,False,False,Cg2_Km6w9Bk
46,10,3.7,0.17142857142857143,1,1,0,False,0.043478260869565216,False,0,0,0.0,0.0,1.0,0.0,83.32000000000004,False,False,False,False,False,False,False,False,cQaLVb8QA1E
73,14,4.285714285714286,0.2631578947368421,3,1,0,False,0.0410958904109589,False,0,0,0.197,0.0,0.803,0.4926,78.87285714285717,False,False,False,False,True,True,False,False,uLV5NDh4iTE
79,15,4.333333333333333,0.3076923076923077,3,0,0,False,0.0,False,0,0,0.132,0.279,0.588,-0.4588,44.97000000000003,False,False,False,False,True,False,False,False,iKliMobjvt0
68,13,4.230769230769231,0.3090909090909091,3,0,0,False,0.0,False,0,0,0.0,0.0,1.0,0.0,96.02461538461542,False,False,False,False,False,False,False,False,ZQRjSo4n1lQ
100,15,5.733333333333333,0.14634146341463414,2,0,0,True,0.04,False,0,0,0.152,0.0,0.848,0.3612,50.610000000000014,False,False,False,False,False,True,False,False,9z450IxanUA
84,16,4.3125,0.2903225806451613,3,0,0,False,0.011904761904761904,True,1,0,0.0,0.0,1.0,0.0,95.42,False,False,False,False,False,False,False,False,Up5Aadktmy8
92,14,5.642857142857143,0.20512820512820512,3,1,0,False,0.010869565217391304,False,0,0,0.0,0.0,1.0,0.0,103.04428571428575,False,False,False,False,False,False,False,False,4tku5EQH0Y8
93,17,4.529411764705882,0.24675324675324675,3,0,0,False,0.0,False,0,0,0.0,0.0,1.0,0.0,95.02705882352943,False,False,False,False,False,False,False,False,jSp11Njw6ZA
99,16,5.25,0.17857142857142858,2,0,0,False,0.0,False,0,0,0.0,0.0,1.0,0.0,105.995,False,False,False,False,False,False,False,False,lvEjVZAdfFk
79,14,4.714285714285714,0.27692307692307694,3,0,0,False,0.012658227848101266,False,0,0,0.172,0.0,0.828,0.4019,35.5107142857143,False,False,False,False,True,False,False,False,kOw2u6Q5pNY
54,9,5.111111111111111,0.30434782608695654,3,0,0,False,0.0,False,0,0,0.0,0.0,1.0,0.0,94.30000000000001,False,False,False,False,False,False,False,False,MQ7iM9XxpNE
100,19,4.315789473684211,0.24,3,0,0,True,0.04,True,1,0,0.139,0.0,0.861,0.4404,53.97105263157897,False,False,False,False,True,False,False,False,TTUX8biE7Zs
100,15,5.733333333333333,0.14814814814814814,2,0,0,True,0.05,False,0,0,0.0,0.0,1.0,0.0,33.690000000000026,False,False,False,False,True,True,False,False,JJ5lSTe4PbE
88,15,4.933333333333334,0.29577464788732394,3,0,0,False,0.03409090909090909,False,0,0,0.0,0.141,0.859,-0.3182,44.97000000000003,False,False,True,False,True,False,False,False,98f0I7DdJNo
60,10,5.1,0.3137254901960784,3,0,0,False,0.0,False,0,0,0.0,0.412,0.588,-0.6808,27.485000000000014,False,False,False,True,True,False,False,False,2Dk3PJ4_dUs
83,14,4.928571428571429,0.2753623188405797,4,0,0,False,0.0,False,0,0,0.0,0.0,1.0,0.0,95.93928571428573,False,False,False,False,False,False,False,False,g_D7zNN9Vh0
100,18,4.611111111111111,0.1518987341772152,2,0,0,True,0.04,False,0,0,0.301,0.0,0.699,0.7841,42.86500000000001,False,False,False,False,True,False,True,False,Qsyt3f-PAcQ
95,17,4.647058823529412,0.23076923076923078,1,0,0,False,0.010526315789473684,False,0,0,0.144,0.0,0.856,0.4019,50.2388235294118,False,False,False,False,True,False,False,False,xhww_-1F4kI
79,12,5.666666666666667,0.23529411764705882,3,0,0,False,0.0,False,0,0,0.0,0.0,1.0,0.0,95.955,False,False,False,False,False,False,False,False,isUcWe9PtOo
87,15,4.866666666666666,0.3055555555555556,3,0,0,False,0.011494252873563218,False,0,0,0.0,0.176,0.824,-0.4588,44.97000000000003,False,False,False,False,True,False,False,False,baFsuyOxWn8
63,11,4.818181818181818,0.3018867924528302,3,0,0,False,0.0,False,0,0,0.0,0.0,1.0,0.0,87.99727272727276,False,False,False,False,False,False,False,False,dSgHDubGfks
100,17,4.9411764705882355,0.20238095238095238,3,0,0,False,0.0,False,0,0,0.0,0.0,1.0,0.0,95.02705882352943,False,False,False,False,False,False,False,False,J9T9k5eXZcE
78,14,4.642857142857143,0.359375,4,0,0,False,0.01282051282051282,False,0,0,0.0,0.193,0.807,-0.4767,29.467857142857156,False,False,False,True,True,False,False,False,n3c8iglUFXM
92,15,5.2,0.20512820512820512,3,0,0,False,0.0,False,0,0,0.0,0.0,1.0,0.0,95.73000000000002,False,False,False,False,False,False,False,False,ZgpTrmX0L20
97,15,5.533333333333333,0.21686746987951808,3,0,0,False,0.0,False,0,0,0.0,0.0,1.0,0.0,95.73000000000002,False,False,False,False,False,False,False,False,JN1bVz8NSxg
90,14,5.5,0.2597402597402597,3,0,0,False,0.0,False,0,0,0.0,0.0,1.0,0.0,29.467857142857156,False,False,False,False,True,True,False,False,buSAc9t22TY
77,14,4.571428571428571,0.25396825396825395,3,0,0,False,0.012987012987012988,False,0,0,0.145,0.305,0.55,-0.4939,47.59642857142859,False,False,False,False,True,False,False,False,hdqvec3WNUk
88,14,5.357142857142857,0.28,3,0,0,False,0.0,False,0,0,0.0,0.0,1.0,0.0,95.93928571428573,False,False,False,False,False,False,False,False,z_BDcu0VsBs
100,16,5.3125,0.19480519480519481,1,0,1,True,0.08,False,0,0,0.0,0.162,0.838,-0.4404,35.662499999999994,False,False,False,False,True,False,False,False,hYfn7_yVcVI
90,18,4.055555555555555,0.2777777777777778,4,0,0,False,0.011111111111111112,False,0,0,0.057,0.205,0.739,-0.4601,56.965,False,False,False,False,True,False,True,False,VVlkWZQKn7E
96,15,5.466666666666667,0.2073170731707317,3,0,0,False,0.0,False,0,0,0.0,0.0,1.0,0.0,95.73000000000002,False,False,False,False,False,False,False,False,vtc1yNMSU1A
63,13,3.923076923076923,0.38,3,0,0,False,0.015873015873015872,False,0,0,0.0,0.0,1.0,0.0,63.486153846153854,False,False,False,False,True,True,False,False,5nosvqT_ZDo
77,13,5.0,0.3225806451612903,3,1,1,False,0.03896103896103896,False,0,0,0.0,0.194,0.806,-0.4389,44.05288461538464,False,False,False,False,True,False,False,False,i-pC6XR_e8Q
35,7,4.142857142857143,0.5,3,1,0,False,0.02857142857142857,False,0,0,0.0,0.0,1.0,0.0,46.1682142857143,False,False,False,False,True,False,False,False,rZSOF2_b340
34,5,6.0,0.9310344827586207,4,0,0,False,0.029411764705882353,False,0,0,0.0,0.0,1.0,0.0,83.32000000000004,False,False,False,False,False,False,False,False,NeVWFfMyICU
83,18,3.6666666666666665,0.5967741935483871,8,0,0,False,0.04819277108433735,False,0,1,0.136,0.0,0.864,0.4588,68.9825,False,False,False,False,False,False,True,False,NxlP_49QVE4
68,12,4.75,0.18518518518518517,1,0,0,False,0.04411764705882353,False,0,1,0.0,0.0,1.0,0.0,81.85500000000002,False,False,False,False,False,False,False,False,GvnhGbWqdwE
75,13,4.846153846153846,0.5967741935483871,6,0,0,False,0.013333333333333334,False,0,0,0.0,0.0,1.0,0.0,74.805,False,False,False,False,False,False,False,False,p62dC8JcgTw
89,18,4.0,0.13636363636363635,1,0,2,False,0.06741573033707865,False,0,0,0.319,0.075,0.606,0.7814,91.60098039215687,False,False,False,False,True,False,True,False,0a9x3AajepM
71,11,5.545454545454546,0.1206896551724138,1,0,0,False,0.04225352112676056,False,0,1,0.0,0.0,1.0,0.0,61.32500000000002,False,False,False,False,True,False,False,False,ytVxprvVae0
61,11,4.636363636363637,0.5294117647058824,4,0,0,False,0.0,False,0,0,0.0,0.0,1.0,0.0,72.61545454545457,False,False,False,False,True,False,False,False,8HzLZ2so6sU
77,15,4.2,0.4576271186440678,4,0,0,False,0.05194805194805195,False,0,1,0.2,0.213,0.587,0.1677,63.486153846153854,False,False,False,True,False,False,True,False,nlQUH48NY2s
56,9,5.333333333333333,0.21739130434782608,1,0,0,False,0.03571428571428571,False,0,0,0.491,0.0,0.509,0.891,66.10000000000002,False,False,False,False,False,False,False,False,TjS9uY_oZdo
81,15,4.466666666666667,0.46774193548387094,4,0,0,False,0.06172839506172839,False,0,2,0.0,0.234,0.766,-0.7003,61.890000000000015,False,False,False,False,False,False,False,False,JOPSEK92bbU
58,9,5.555555555555555,0.5,3,0,0,False,0.017241379310344827,True,1,0,0.357,0.0,0.643,0.6633,56.70000000000002,False,False,False,False,False,False,True,False,9OjndWvox20
31,4,7.0,0.4,1,0,0,False,0.0967741935483871,False,0,1,0.0,0.0,1.0,0.0,33.57500000000002,False,False,False,False,False,True,False,False,QqPwXLFfcto
75,14,4.428571428571429,0.4745762711864407,4,0,1,False,0.04,False,0,0,0.172,0.0,0.828,0.4404,83.09903846153848,False,False,False,True,True,False,True,False,EJjVhR5gsWA
46,8,4.875,1.0,8,0,0,False,0.0,False,0,0,0.0,0.0,1.0,0.0,61.24000000000001,False,False,False,True,False,False,True,False,pEqmqvhDRkU
62,10,5.3,0.42857142857142855,3,0,0,False,0.06451612903225806,False,0,1,0.172,0.0,0.828,0.3612,19.100000000000023,False,False,False,False,True,False,False,False,RDizfBqHVFU
39,7,4.714285714285714,0.59375,3,0,0,False,0.02564102564102564,False,0,0,0.422,0.0,0.578,0.8074,90.95857142857145,False,False,False,True,False,False,False,False,U_A3DHi3On8
79,12,5.666666666666667,0.36507936507936506,3,0,0,False,0.06329113924050633,False,0,1,0.295,0.0,0.705,0.6633,49.54272727272729,False,False,False,False,True,False,True,False,RVjnAjbDKQs
92,15,5.2,0.14084507042253522,1,0,0,False,0.05434782608695652,True,1,2,0.148,0.074,0.778,0.4404,67.53000000000003,False,False,False,False,False,False,True,False,hE4qy0tpl9s
96,18,4.388888888888889,0.2054794520547945,2,0,1,False,0.0625,False,0,2,0.095,0.0,0.905,0.2732,77.1025,False,False,False,False,True,False,False,False,7d9HacphP78
68,13,4.3076923076923075,0.2222222222222222,1,0,0,False,0.029411764705882353,False,0,0,0.0,0.0,1.0,0.0,83.0092307692308,False,False,False,False,False,False,True,False,sGzHiD7ecII
67,11,5.181818181818182,0.19230769230769232,1,0,0,False,0.07462686567164178,False,0,1,0.316,0.191,0.494,0.5849,56.70000000000002,False,False,False,True,False,True,False,False,d1Y4c4NJBBE
67,12,4.666666666666667,0.8727272727272727,9,0,0,False,0.014925373134328358,False,0,0,0.0,0.0,1.0,0.0,64.9245454545455,False,False,False,False,False,False,True,False,JAF4blh_Pjo
67,13,4.230769230769231,0.46938775510204084,5,0,1,False,0.08955223880597014,False,0,2,0.105,0.218,0.677,-0.4588,83.0092307692308,False,False,False,False,False,False,True,False,brZwNdKGKUc
61,12,4.166666666666667,0.2708333333333333,1,0,2,False,0.03278688524590164,False,0,0,0.303,0.0,0.697,0.6997,94.995,False,False,False,False,False,False,True,False,Cbvamq9Iqh4
64,9,6.222222222222222,0.673469387755102,4,0,0,False,0.109375,False,0,2,0.613,0.0,0.387,0.942,8.365000000000009,False,False,False,False,False,False,True,False,KvBHwyO0Rj4
45,7,5.571428571428571,0.2702702702702703,1,0,0,False,0.044444444444444446,False,0,0,0.0,0.0,1.0,0.0,42.61571428571432,False,False,False,False,True,False,False,False,gUFneQtZgq4
57,11,4.2727272727272725,0.5116279069767442,3,0,0,False,0.07017543859649122,False,0,0,0.189,0.0,0.811,0.4215,66.10000000000002,False,False,False,False,True,False,True,False,oU0Ov4X9yis
17,3,5.0,0.125,0,0,0,False,0.058823529411764705,True,2,0,0.0,0.0,1.0,0.0,62.79000000000002,False,False,False,False,False,False,False,False,lK2wE0n8RKc
88,13,5.846153846153846,0.375,3,0,1,False,0.045454545454545456,False,0,0,0.157,0.0,0.843,0.3818,70.08365384615385,False,False,False,False,False,False,False,False,xfUkdqV88nc
79,14,4.714285714285714,0.29508196721311475,3,0,0,False,0.06329113924050633,False,0,1,0.326,0.0,0.674,0.8032,77.81071428571428,False,False,False,False,True,False,False,False,lhn6mfHUGNI
49,9,4.555555555555555,0.45,3,0,0,False,0.02040816326530612,False,0,0,0.0,0.0,1.0,0.0,61.24000000000001,False,False,False,False,False,False,False,False,0c45ibGHijA
100,20,4.05,0.2857142857142857,3,0,0,True,0.04,False,0,0,0.0,0.0,1.0,0.0,80.78500000000003,False,False,False,False,False,False,True,False,7BQbLE1Qdtw
89,16,4.625,0.4090909090909091,5,0,0,False,0.0898876404494382,False,0,1,0.115,0.0,0.885,0.4588,67.53000000000003,False,False,False,False,False,False,False,False,oniVJXnWVmA
71,13,4.538461538461538,0.35714285714285715,5,0,0,False,0.04225352112676056,False,0,1,0.29,0.0,0.71,0.5994,72.61545454545457,False,False,False,False,False,False,True,False,OYayWc5g3FA
54,8,5.875,0.13636363636363635,1,0,0,False,0.05555555555555555,False,0,1,0.0,0.0,1.0,0.0,50.66500000000002,False,False,False,False,False,False,False,False,g5d6ILJFrdE
56,11,4.181818181818182,0.37209302325581395,4,0,0,False,0.05357142857142857,False,0,2,0.32,0.199,0.481,0.5423,95.165,False,False,False,False,False,False,True,False,aUnU3ScAKoI
37,6,5.333333333333333,0.6333333333333333,2,0,1,False,0.05405405405405406,False,0,0,0.47,0.0,0.53,0.6633,73.84500000000001,False,False,False,False,False,True,True,False,lfv_xLjcZcY
74,13,4.769230769230769,0.3793103448275862,5,0,0,False,0.05405405405405406,False,0,2,0.177,0.166,0.657,0.1027,69.99384615384618,False,False,False,False,True,False,False,False,c-hWlmTOE7E
63,11,4.818181818181818,0.6346153846153846,4,0,0,False,0.015873015873015872,False,0,0,0.0,0.0,1.0,0.0,35.94500000000002,False,False,False,False,False,False,True,False,XvXQanU82_k
74,12,5.25,0.7368421052631579,8,0,0,False,0.08108108108108109,False,0,2,0.125,0.0,0.875,0.4588,53.655,False,False,False,False,False,False,True,False,JWxRVtTfClo
59,7,7.571428571428571,0.12244897959183673,0,0,0,False,0.06779661016949153,False,0,1,0.0,0.0,1.0,0.0,42.61571428571432,False,False,False,False,False,False,False,False,nQpqNlvWCkk
80,16,4.0625,0.5344827586206896,6,0,0,False,0.0875,False,0,2,0.338,0.0,0.662,0.8807,83.85357142857143,False,False,False,False,True,False,False,False,x1zpGFs_RC8
57,9,5.444444444444445,0.06521739130434782,0,0,0,False,0.05263157894736842,False,0,1,0.0,0.231,0.769,-0.34,29.515000000000015,False,False,False,False,False,False,False,False,tYJ7Qjwn1ys
95,16,5.0,0.3116883116883117,3,0,0,False,0.031578947368421054,False,0,2,0.39,0.0,0.61,0.9029,47.83250000000001,False,False,False,False,False,False,False,False,H1Uuw4eINtk
86,16,4.4375,0.24615384615384617,2,0,0,False,0.046511627906976744,True,1,1,0.0,0.0,1.0,0.0,84.45000000000003,False,False,False,False,False,False,True,False,0qv6FEP7RI8
58,8,6.375,0.2553191489361702,1,0,0,False,0.06896551724137931,False,0,1,0.0,0.0,1.0,0.0,40.09,False,False,False,False,True,False,True,False,mTASF8UmzQ4
64,10,5.5,0.35294117647058826,2,0,0,False,0.0625,False,0,2,0.492,0.0,0.508,0.8918,75.50000000000003,False,False,False,False,False,True,False,False,1oGHTJr45F0
41,9,3.6666666666666665,0.06451612903225806,0,0,0,False,0.04878048780487805,False,0,1,0.0,0.0,1.0,0.0,92.965,False,False,False,False,False,False,True,False,5ph2OFRQXX0
82,16,4.1875,0.6153846153846154,9,0,0,False,0.024390243902439025,False,0,1,0.29,0.0,0.71,0.7297,73.17000000000003,False,False,False,False,True,False,False,False,JEwGkFSQN_Q
51,10,4.2,0.20512820512820512,1,0,0,False,0.058823529411764705,False,0,1,0.167,0.0,0.833,0.296,86.70500000000001,False,False,False,False,True,False,True,False,vD8SiE7nEXc
24,3,7.333333333333333,0.05,0,1,0,False,0.08333333333333333,False,0,0,0.853,0.0,0.147,0.6996,34.59000000000003,False,False,False,False,False,False,False,False,mshlRumsyEs
24,5,4.0,0.05263157894736842,0,0,0,False,0.041666666666666664,False,0,0,0.742,0.0,0.258,0.8248,97.025,False,False,False,False,False,False,False,False,CGaoLEUd9mQ
32,5,5.6,0.037037037037037035,0,0,0,False,0.03125,False,0,0,0.385,0.0,0.615,0.3612,49.48000000000002,False,False,False,False,False,False,False,False,CAeqZIrvhcQ
28,4,6.25,0.041666666666666664,0,0,0,False,0.03571428571428571,False,0,0,0.0,0.0,1.0,0.0,33.57500000000002,False,False,False,False,False,False,False,False,s99WvP596Fg
56,8,6.125,0.045454545454545456,0,0,0,False,0.05357142857142857,True,1,0,0.346,0.0,0.654,0.5719,61.24000000000001,False,False,False,False,False,True,False,False,uiaB4vgJu7o
15,3,4.333333333333333,0.08333333333333333,0,1,0,False,0.06666666666666667,False,0,0,0.0,0.0,1.0,0.0,90.99000000000004,False,False,False,False,False,False,False,False,H7DuWcalUSA
25,4,5.5,0.10526315789473684,0,1,1,False,0.12,False,0,0,0.0,0.0,1.0,0.0,75.87500000000001,False,False,False,False,False,False,False,False,yD0jUXduFxU
40,7,4.857142857142857,0.125,0,1,1,False,0.05,False,0,0,0.0,0.0,1.0,0.0,82.42535714285715,False,False,False,False,False,False,False,False,yWujHKmBFp4
21,4,4.5,0.125,0,0,0,False,0.09523809523809523,False,0,0,0.0,0.0,1.0,0.0,75.87500000000001,False,False,False,False,False,False,False,False,WPhh_C75DO8
39,7,4.714285714285714,0.0625,0,1,0,False,0.02564102564102564,False,0,0,0.0,0.268,0.732,-0.2942,66.7871428571429,False,False,False,False,False,False,False,False,skTgFd3w1pQ
48,9,4.444444444444445,0.08108108108108109,0,0,0,True,0.0625,False,0,0,0.259,0.0,0.741,0.4215,66.10000000000002,False,False,False,False,False,False,True,False,m8aOrPQzac0
35,7,4.142857142857143,0.07692307692307693,0,0,0,True,0.08571428571428572,False,0,0,0.318,0.0,0.682,0.4215,78.87285714285717,False,False,False,False,True,False,False,False,aJEkD2xZT_o
75,12,5.333333333333333,0.03508771929824561,0,2,1,False,0.09333333333333334,False,0,1,0.0,0.259,0.741,-0.6792,59.745000000000005,False,False,False,False,False,False,False,False,WHvVBmfMzfg
47,9,4.333333333333333,0.05405405405405406,0,0,0,False,0.0425531914893617,False,0,1,0.0,0.0,1.0,0.0,82.39000000000001,False,False,False,False,False,False,False,False,RLHtwFkzWEg
37,7,4.428571428571429,0.06666666666666667,0,0,0,False,0.02702702702702703,False,0,1,0.0,0.0,1.0,0.0,59.745000000000005,False,False,False,False,False,False,False,False,IBIB6Z6NIzA
37,7,4.428571428571429,0.03571428571428571,0,0,1,False,0.08108108108108109,False,0,0,0.178,0.0,0.822,0.0772,49.48000000000002,True,False,False,False,False,False,False,False,y7EDKnclTro
28,6,3.6666666666666665,0.045454545454545456,0,0,0,False,0.0,False,0,0,0.0,0.0,1.0,0.0,73.84500000000001,False,False,False,False,False,False,False,False,R4McjJlVhyE
79,15,4.333333333333333,0.06451612903225806,0,1,1,False,0.0379746835443038,False,0,1,0.0,0.0,1.0,0.0,72.83000000000003,False,False,False,False,False,False,False,False,_yse10m2IX4
25,4,5.5,0.05263157894736842,0,0,0,False,0.12,False,0,1,0.0,0.0,1.0,0.0,54.72500000000002,False,False,False,False,False,False,False,False,XFEsjYpd_LQ
44,8,4.625,0.02857142857142857,0,0,0,False,0.045454545454545456,False,0,0,0.0,0.0,1.0,0.0,61.24000000000001,False,False,False,False,False,False,False,False,ei57VmereT4
49,8,5.25,0.05263157894736842,0,2,0,False,0.08163265306122448,False,0,1,0.486,0.0,0.514,0.6892,61.24000000000001,False,False,False,False,False,False,False,False,57v963LUHRI
50,8,5.25,0.07317073170731707,0,1,0,False,0.02,False,0,0,0.0,0.0,1.0,0.0,40.09,False,False,False,False,False,False,False,False,lgq5AUeLYU4
23,4,5.0,0.1111111111111111,0,0,0,False,0.08695652173913043,False,0,1,0.0,0.0,1.0,0.0,6.390000000000015,False,False,False,False,False,False,False,False,9shGv62pGHI
53,8,5.75,0.045454545454545456,0,0,0,False,0.03773584905660377,False,0,0,0.0,0.0,1.0,0.0,40.09,False,False,False,False,False,False,False,False,hpiMNc0Stdo
26,3,8.0,0.043478260869565216,0,0,0,False,0.038461538461538464,False,0,0,0.0,0.0,1.0,0.0,6.390000000000015,False,False,False,False,False,False,False,False,bJL6-XoPytk
48,8,5.125,0.02631578947368421,0,0,1,False,0.0625,False,0,1,0.0,0.0,1.0,0.0,78.87285714285717,False,False,False,False,False,False,False,False,AwMHj1uRBdk
12,2,5.5,0.2,0,0,0,False,0.08333333333333333,False,0,0,0.0,0.0,1.0,0.0,77.90500000000002,False,False,False,False,False,False,False,False,SNx0N-TJV2A
29,4,6.5,0.08333333333333333,0,1,0,False,0.06896551724137931,False,0,1,0.0,0.0,1.0,0.0,34.59000000000003,False,False,False,False,False,False,False,False,uf9U7Bp7Ayc
27,6,3.6666666666666665,0.15,0,1,1,False,0.07407407407407407,False,0,0,0.0,0.0,1.0,0.0,102.045,False,False,False,False,False,False,False,False,EDZgbid5oCw
44,7,5.428571428571429,0.05405405405405406,0,1,0,False,0.022727272727272728,False,0,0,0.0,0.0,1.0,0.0,54.70142857142861,False,False,False,False,False,False,False,False,-KWoRp7CKY0
50,9,4.666666666666667,0.04878048780487805,0,0,0,False,0.02,False,0,1,0.0,0.0,1.0,0.0,40.09,False,False,False,False,False,False,False,False,coSRCEIWdlg
65,13,4.0,0.04,0,1,0,False,0.03076923076923077,False,0,1,0.0,0.0,1.0,0.0,46.60500000000002,False,False,False,False,False,False,False,False,CycuQt-AB28
21,4,4.5,0.17647058823529413,0,0,0,False,0.047619047619047616,False,0,1,0.0,0.0,1.0,0.0,6.390000000000015,False,False,False,False,False,False,False,False,psYRImS9EiQ
73,13,4.615384615384615,0.07017543859649122,0,1,1,False,0.0410958904109589,False,0,1,0.0,0.0,1.0,0.0,63.57596153846157,False,False,False,False,False,False,False,False,DEl6UhjXfbE
90,15,5.066666666666666,0.041666666666666664,0,2,1,False,0.044444444444444446,False,0,1,0.0,0.0,1.0,0.0,42.61571428571432,False,False,False,False,False,False,False,False,hSCX0DMZ6FQ
70,12,4.916666666666667,0.05084745762711865,0,0,0,False,0.0,False,0,0,0.0,0.0,1.0,0.0,53.655,False,False,False,False,False,False,False,False,Tt0okFOYfpE
70,12,4.916666666666667,0.034482758620689655,0,0,0,False,0.014285714285714285,False,0,1,0.0,0.0,1.0,0.0,18.77909090909094,False,False,False,False,False,False,False,False,EVA0wnzKp-o
64,12,4.416666666666667,0.058823529411764705,0,0,0,False,0.03125,False,0,1,0.0,0.39,0.61,-0.7506,64.9245454545455,False,False,False,True,False,True,False,False,WqZSKGB24hY
52,8,5.625,0.04878048780487805,0,1,0,False,0.07692307692307693,False,0,1,0.0,0.224,0.776,-0.4389,6.35857142857148,False,False,False,False,False,False,False,False,97hBYur9tnA
81,15,4.4,0.09375,0,0,0,False,0.024691358024691357,False,0,1,0.0,0.0,1.0,0.0,50.470769230769264,False,False,False,False,False,False,False,False,rsYUgoICSZ4
36,8,3.625,0.10344827586206896,0,0,0,False,0.0,False,0,0,0.0,0.0,1.0,0.0,82.39000000000001,False,False,False,False,False,False,False,False,cBwmI_7Lh6s
57,10,4.6,0.06818181818181818,0,0,0,False,0.03508771929824561,False,0,1,0.0,0.0,1.0,0.0,52.86500000000001,False,False,False,False,True,False,False,False,fu6NufS4aCk
93,18,4.222222222222222,0.06756756756756757,0,2,0,False,0.021505376344086023,False,0,0,0.136,0.0,0.864,0.3987,80.20000000000003,False,False,True,False,False,False,False,False,UVHmLv-BFhU
69,11,5.181818181818182,0.01818181818181818,0,1,1,False,0.028985507246376812,False,0,0,0.361,0.0,0.639,0.6239,49.54272727272729,False,False,False,False,False,False,False,False,YrraKXSnfNM
94,16,4.9375,0.02631578947368421,0,1,0,False,0.031914893617021274,False,0,1,0.0,0.21,0.79,-0.6114,58.4075,True,False,False,False,False,False,False,False,OvsyeaHKEmo
54,10,4.5,0.022727272727272728,0,0,0,False,0.018518518518518517,False,0,1,0.0,0.0,1.0,0.0,56.70000000000002,False,False,False,False,False,False,False,False,dxLOHmi2EcM
38,8,3.875,0.06666666666666667,0,0,0,False,0.02631578947368421,False,0,0,0.0,0.0,1.0,0.0,92.965,False,False,False,False,False,False,True,False,rpoKjOgirRQ
85,16,4.375,0.043478260869565216,0,0,0,False,0.011764705882352941,False,0,1,0.0,0.0,1.0,0.0,50.610000000000014,False,False,False,False,False,False,False,False,1KDnV6k7Fj0
71,11,5.545454545454546,0.01639344262295082,0,0,0,False,0.0,False,0,0,0.0,0.0,1.0,0.0,41.8518181818182,False,False,False,False,False,False,False,False,_zTlCJtfwsM
76,15,4.066666666666666,0.08771929824561403,0,1,0,False,0.05263157894736842,False,0,2,0.0,0.0,1.0,0.0,41.553571428571445,False,False,False,False,False,False,False,False,eRxfoyYGdBc
79,13,5.076923076923077,0.16393442622950818,1,1,1,False,0.06329113924050633,False,0,0,0.0,0.0,1.0,0.0,57.06826923076926,False,False,False,False,True,False,False,False,DhFRV8vwYeo
79,16,4.0,0.2,0,0,0,False,0.05063291139240506,False,0,1,0.0,0.0,1.0,0.0,97.0014285714286,False,False,False,False,True,False,True,False,Iw7PLw71V4I
43,7,5.142857142857143,1.0,6,0,0,False,0.11627906976744186,False,0,1,0.0,0.392,0.608,-0.7003,73.84500000000001,False,False,False,False,False,False,True,False,_0dydElyljg
50,9,4.666666666666667,0.2972972972972973,1,0,0,False,0.06,True,1,1,0.0,0.448,0.552,-0.8374,75.50000000000003,False,False,False,False,True,False,False,False,Ioa1xVdrBRs
81,18,3.5555555555555554,0.19642857142857142,0,0,0,False,0.07407407407407407,True,2,1,0.0,0.0,1.0,0.0,92.965,False,False,False,False,True,False,True,False,Q9B9CB_u3M0
57,10,4.8,0.34375,1,0,0,False,0.08771929824561403,True,4,0,0.0,0.276,0.724,-0.5319,94.30000000000001,False,False,False,False,False,False,True,False,MMcqrbailaM
83,19,3.4210526315789473,0.19298245614035087,0,0,0,False,0.07228915662650602,True,2,1,0.0,0.0,1.0,0.0,93.70161764705884,False,False,False,False,True,False,True,False,IbNuXpZs_aw
89,11,7.181818181818182,0.058823529411764705,0,0,0,False,0.12359550561797752,False,0,2,0.372,0.0,0.628,0.836,33.913333333333355,False,False,False,False,True,False,False,False,HzJ3f0oiNj0
97,14,6.0,0.15492957746478872,1,0,0,False,0.09278350515463918,True,1,1,0.0,0.0,1.0,0.0,76.50153846153849,False,False,False,False,False,False,False,False,8PgH6b5q-5o
75,10,6.6,0.12280701754385964,1,1,1,False,0.12,False,0,1,0.656,0.0,0.344,0.9235,33.067500000000024,False,False,True,False,True,True,False,False,Q2h2n6mDHo0
97,15,5.533333333333333,0.08974358974358974,0,0,0,False,0.05154639175257732,False,0,0,0.141,0.0,0.859,0.3182,11.424615384615407,False,False,False,False,True,False,False,False,ZngA0gpvxcA
59,9,5.666666666666667,0.1111111111111111,0,1,0,False,0.1016949152542373,False,0,1,0.389,0.0,0.611,0.6239,50.66500000000002,False,False,True,False,True,False,False,False,X80csZfCpE0
53,9,5.0,0.12195121951219512,0,0,0,False,0.05660377358490566,True,1,0,0.0,0.231,0.769,-0.34,56.70000000000002,False,False,False,False,True,True,True,False,6Ci0O3RADH0
88,14,5.357142857142857,0.203125,2,1,0,True,0.125,False,0,1,0.337,0.07,0.593,0.8016,50.56057692307695,False,False,False,False,True,True,True,False,1E4PpW5_b60
35,6,5.0,1.0,5,0,0,False,0.08571428571428572,True,1,0,0.0,0.0,1.0,0.0,87.94500000000002,False,False,False,False,False,True,False,False,5N7Kyve-pUE
77,11,6.090909090909091,0.10344827586206896,0,0,0,False,0.11688311688311688,False,0,1,0.094,0.125,0.781,-0.1531,78.19795454545455,False,False,False,False,True,False,False,False,Y8irLPZ8Dz0
96,12,7.083333333333333,0.10526315789473684,0,0,0,False,0.09375,False,0,1,0.296,0.261,0.442,0.2023,31.545000000000016,False,False,False,False,True,False,False,False,Iu-0pYFoFEI
87,12,6.333333333333333,0.25,2,1,0,True,0.09195402298850575,False,0,1,0.0,0.156,0.844,-0.416,52.69500000000002,False,False,False,False,True,False,True,False,4VwzrtIIEXw
99,15,5.666666666666667,0.17333333333333334,1,1,0,False,0.10101010101010101,False,0,2,0.247,0.086,0.667,0.6239,57.06976190476192,False,False,False,False,True,False,True,False,xT7Y8sbSFtQ
98,17,4.823529411764706,0.12162162162162163,0,0,0,False,0.08163265306122448,False,0,1,0.354,0.0,0.646,0.8519,61.24000000000001,False,False,False,False,True,False,False,False,8RoRKVAD0vo
100,15,5.733333333333333,0.09876543209876543,0,0,0,False,0.05,False,0,0,0.263,0.0,0.737,0.6124,17.382142857142867,False,False,False,False,True,False,False,False,81rrooqXeRU
64,9,6.222222222222222,0.06382978723404255,0,0,0,False,0.140625,False,0,1,0.176,0.0,0.824,0.4588,61.26750000000001,False,False,False,False,False,False,False,True,98qbTK4pmVA
64,9,6.222222222222222,0.06382978723404255,0,0,0,False,0.140625,False,0,1,0.0,0.0,1.0,0.0,42.46750000000003,False,False,False,False,False,False,False,False,-d31VxG46NY
64,9,6.222222222222222,0.06382978723404255,0,0,0,False,0.140625,False,0,1,0.176,0.0,0.824,0.4588,70.66750000000002,False,False,False,False,False,False,False,False,S65AYWveqGI
63,9,6.111111111111111,0.06521739130434782,0,1,0,False,0.14285714285714285,False,0,1,0.19,0.0,0.81,0.5093,61.26750000000001,False,False,False,False,False,False,False,False,M_TubUSwcbA
63,8,7.0,0.22916666666666666,1,0,0,False,0.12698412698412698,False,0,1,0.188,0.0,0.812,0.4588,44.150000000000006,False,False,False,False,False,False,False,False,1L1zt_CNcLw
81,10,7.2,0.12903225806451613,1,1,0,False,0.12345679012345678,False,0,1,0.19,0.0,0.81,0.5093,41.02000000000004,False,False,False,False,False,False,False,False,WplOMgVK9y4
96,15,5.466666666666667,0.0136986301369863,0,0,0,False,0.09375,False,0,1,0.262,0.074,0.664,0.7003,75.14250000000001,False,False,False,False,True,False,False,False,hsIIHZmADKg
99,15,5.666666666666667,0.05333333333333334,1,1,0,False,0.10101010101010101,False,0,1,0.376,0.0,0.624,0.8633,69.5025,False,False,False,False,True,False,False,False,TUL_wdqXyHQ
98,14,6.071428571428571,0.44594594594594594,5,1,0,False,0.11224489795918367,False,0,1,0.0,0.0,1.0,0.0,70.08365384615385,False,False,False,False,False,False,True,False,pVmftLtsGkE
72,10,6.3,0.16666666666666666,1,0,0,False,0.125,False,0,1,0.389,0.0,0.611,0.8964,57.940000000000026,False,False,False,False,False,True,False,False,T-ptzI9grNE
75,8,8.5,0.12280701754385964,1,0,0,False,0.14666666666666667,False,0,1,0.0,0.0,1.0,0.0,-8.724999999999994,False,False,False,False,True,True,False,False,9gGkSj3Kcl4
82,11,6.545454545454546,0.20634920634920634,2,0,0,False,0.10975609756097561,False,0,1,0.243,0.0,0.757,0.6289,47.434318181818185,False,False,False,False,True,False,False,False,WlxY5TwFrDU
83,9,8.333333333333334,0.21212121212121213,2,0,0,False,0.10843373493975904,False,0,1,0.0,0.178,0.822,-0.3818,23.667500000000018,False,False,False,False,True,False,True,False,OlsDphsNSIY
74,8,8.375,0.27586206896551724,1,0,0,False,0.12162162162162163,False,0,2,0.0,0.305,0.695,-0.6908,12.425000000000011,False,False,False,False,True,False,False,True,PVg8HJM254A
75,7,9.857142857142858,0.18333333333333332,1,0,0,False,0.12,False,0,1,0.0,0.0,1.0,0.0,-50.517499999999984,False,False,False,False,True,False,False,False,hPNigA-eem0
74,10,6.5,0.12727272727272726,1,0,0,True,0.13513513513513514,False,0,1,0.136,0.0,0.864,0.4588,49.48000000000002,False,False,False,False,True,False,False,False,1mJGzSl5rcc
95,14,5.857142857142857,0.2465753424657534,2,1,0,False,0.09473684210526316,False,0,1,0.131,0.117,0.752,0.0803,66.7871428571429,False,False,False,False,True,False,False,False,7QHC-yRomS0
68,9,6.666666666666667,0.3018867924528302,2,0,0,False,0.10294117647058823,False,0,1,0.211,0.0,0.789,0.4939,70.66750000000002,False,False,False,False,False,False,False,False,j601-Sw54GA
90,13,6.0,0.14705882352941177,1,0,0,False,0.1111111111111111,False,0,1,0.361,0.0,0.639,0.8091,63.57596153846157,False,False,False,False,True,False,False,False,Csa3GuaGKT8
99,13,6.6923076923076925,0.13333333333333333,1,1,0,False,0.08080808080808081,True,1,0,0.0,0.0,1.0,0.0,24.529807692307713,False,False,False,False,True,False,False,False,56ET2WCLIo8
48,9,4.444444444444445,0.7222222222222222,5,3,0,False,0.08333333333333333,False,0,1,0.0,0.0,1.0,0.0,97.025,False,False,False,False,False,False,False,False,jhRtcgPaAwU
81,12,5.833333333333333,0.4166666666666667,4,0,0,False,0.12345679012345678,False,0,2,0.0,0.0,1.0,0.0,72.61545454545457,False,False,False,False,False,False,True,False,-o_j_I2Q5zU
70,11,5.454545454545454,0.1509433962264151,0,1,0,False,0.1,False,0,1,0.195,0.091,0.715,0.4926,85.88886363636365,False,False,False,False,False,False,True,False,jFbvebSkcn0
86,13,5.6923076923076925,0.15384615384615385,0,0,0,False,0.10465116279069768,False,0,1,0.202,0.197,0.601,0.0258,70.08365384615385,False,False,False,False,False,False,False,False,FyzKEAVVXXw
53,8,5.75,0.3157894736842105,1,0,0,False,0.1509433962264151,False,0,1,0.0,0.146,0.854,-0.34,75.87500000000001,False,False,False,False,False,False,True,False,AJhvKw92LMo
96,13,6.384615384615385,0.22666666666666666,2,0,0,False,0.08333333333333333,False,0,1,0.0,0.0,1.0,0.0,34.160909090909115,False,False,False,False,False,False,False,False,V4Yq4GAQ2R4
94,14,5.785714285714286,0.352112676056338,3,0,0,False,0.10638297872340426,False,0,2,0.0,0.0,1.0,0.0,41.8518181818182,False,False,False,False,False,False,True,False,-3jQDi6MjZ4
94,14,5.785714285714286,0.4084507042253521,5,0,0,False,0.10638297872340426,False,0,2,0.0,0.0,1.0,0.0,63.486153846153854,False,False,False,False,False,False,True,False,XkBZdOw1CjU
96,14,5.928571428571429,0.726027397260274,9,0,0,False,0.10416666666666667,False,0,1,0.0,0.0,1.0,0.0,63.486153846153854,False,False,False,False,False,False,False,False,xbxhQmzIcFk
57,11,4.2727272727272725,0.5,2,1,0,True,0.03508771929824561,True,1,0,0.0,0.25,0.75,-0.5147,103.37909090909093,False,False,True,False,False,True,True,True,tsDhHnAMjCs
30,6,4.166666666666667,1.0,6,0,0,False,0.0,False,0,0,0.0,0.0,1.0,0.0,73.84500000000001,False,False,False,False,False,False,True,False,xG3rvejPlVE
61,12,4.166666666666667,1.0,10,2,1,False,0.11475409836065574,True,1,0,0.0,0.0,1.0,0.0,103.13151515151516,False,False,False,False,False,False,True,False,mSBtlKFe6GA
94,14,5.785714285714286,0.7857142857142857,8,2,0,False,0.09574468085106383,True,1,0,0.207,0.0,0.793,0.5243,50.56057692307695,False,False,True,False,False,False,False,False,T0I3KybjJ78
80,17,3.764705882352941,1.0,14,2,1,False,0.0875,True,2,0,0.0,0.0,1.0,0.0,87.67750000000001,False,False,False,False,False,True,True,False,Q4m0dSqysFA
90,17,4.352941176470588,1.0,11,1,1,False,0.06666666666666667,True,3,0,0.0,0.0,1.0,0.0,72.83000000000003,True,False,False,False,False,True,False,False,85_DLghV5ls
99,17,4.882352941176471,1.0,14,2,0,False,0.0707070707070707,True,1,0,0.0,0.0,1.0,0.0,63.86250000000001,False,False,False,False,True,False,True,False,DykhHpsZK-c
92,18,4.166666666666667,0.8985507246376812,13,1,0,False,0.043478260869565216,True,2,0,0.382,0.0,0.618,0.8975,68.81926470588238,False,False,False,False,False,True,True,False,1Iq3lrUGhKE
81,13,5.3076923076923075,0.47540983606557374,4,1,1,False,0.08641975308641975,True,1,0,0.215,0.0,0.785,0.5093,24.495000000000005,False,False,False,True,True,False,False,False,U0kIC0bZB9Y
100,18,4.611111111111111,0.7083333333333334,9,2,0,False,0.08,True,2,0,0.0,0.0,1.0,0.0,82.39000000000001,False,False,False,True,True,False,False,False,HTZVOXRUoEo
86,17,4.117647058823529,0.6333333333333333,7,4,0,False,0.10465116279069768,True,1,0,0.0,0.0,1.0,0.0,88.96000000000004,False,False,False,False,False,True,True,False,bnxbIsGGfjE
95,19,4.052631578947368,0.7,9,1,0,False,0.05263157894736842,True,2,0,0.0,0.119,0.881,-0.3453,88.72514705882354,False,False,False,False,False,False,True,False,x43ov0fs0-k
94,19,4.0,0.4,4,1,0,False,0.07446808510638298,True,3,0,0.0,0.0,1.0,0.0,73.79573529411766,False,False,False,False,True,True,True,False,XOwakHZQZk8
97,17,4.764705882352941,0.7083333333333334,8,1,0,False,0.07216494845360824,True,2,0,0.0,0.0,1.0,0.0,71.81500000000001,False,False,False,False,False,True,True,False,5VV1quJ231k
84,17,4.0,0.7678571428571429,7,2,1,False,0.09523809523809523,True,3,0,0.0,0.0,1.0,0.0,72.04000000000002,False,False,False,False,True,True,False,False,vai_YeHOLXc
74,12,5.25,0.4642857142857143,4,2,0,False,0.08108108108108109,True,1,0,0.0,0.0,1.0,0.0,55.12522727272727,False,False,False,False,True,True,False,False,cLygiynkipY
93,18,4.222222222222222,0.410958904109589,5,0,0,False,0.010752688172043012,True,1,0,0.0,0.164,0.836,-0.516,60.19176470588238,False,False,False,True,True,False,False,False,hYugr6LmP8s
79,15,4.333333333333333,0.4603174603174603,4,0,1,False,0.02531645569620253,False,0,0,0.0,0.0,1.0,0.0,59.68214285714288,False,False,False,False,True,False,True,False,Yd3_S5ITj4s
76,12,5.416666666666667,0.4406779661016949,2,1,0,False,0.05263157894736842,True,1,0,0.0,0.253,0.747,-0.5754,46.60500000000002,False,False,True,False,False,False,True,False,UfIy-QY3etc
100,19,4.315789473684211,0.48717948717948717,4,1,1,False,0.04,False,0,0,0.0,0.0,1.0,0.0,63.84279411764709,False,False,False,False,True,False,True,False,WWqaWsANsGE
81,16,4.125,0.2542372881355932,2,3,0,False,0.06172839506172839,True,1,0,0.215,0.172,0.613,0.2444,72.83000000000003,False,False,False,False,True,False,False,False,FGUu18EAnSQ
79,13,5.153846153846154,0.22580645161290322,1,2,0,False,0.06329113924050633,False,0,0,0.315,0.0,0.685,0.7592,54.72500000000002,False,False,False,False,True,False,False,False,T-VBXqP1jE0
92,16,4.8125,0.8266666666666667,11,1,0,False,0.021739130434782608,False,0,0,0.0,0.0,1.0,0.0,75.14250000000001,False,False,False,False,True,True,False,False,0JKzddh-gg8
100,17,4.9411764705882355,0.7721518987341772,10,2,0,False,0.05,False,0,0,0.163,0.0,0.837,0.4796,66.40000000000003,False,False,False,False,True,True,True,False,dTt9NSmeJ5I
58,11,4.363636363636363,0.625,4,1,0,False,0.06896551724137931,True,1,0,0.228,0.19,0.582,0.1511,83.32000000000004,False,False,False,False,True,False,False,False,loEVjfLjKm0
55,10,4.6,0.46153846153846156,2,1,0,False,0.05454545454545454,True,1,0,0.0,0.0,1.0,0.0,70.66750000000002,False,False,False,False,True,False,False,False,URA8U2VCm2o
87,15,4.866666666666666,0.18181818181818182,0,1,0,False,0.05747126436781609,True,1,0,0.096,0.0,0.904,0.126,57.06826923076926,False,False,False,False,True,False,False,False,oKux7VpntZA
91,15,5.133333333333334,0.921875,11,2,1,False,0.12087912087912088,True,1,0,0.0,0.0,1.0,0.0,63.57596153846157,False,False,False,False,True,False,True,False,94KOneSr8QM
92,16,4.8125,0.7702702702702703,10,1,0,False,0.03260869565217391,False,0,0,0.0,0.0,1.0,0.0,63.86250000000001,False,False,False,False,True,False,False,False,ihEqHljd430
94,16,4.9375,1.0,14,1,1,False,0.09574468085106383,True,1,0,0.0,0.0,1.0,0.0,58.2225,False,False,False,False,True,False,True,False,nkaxvpIJgRc
76,12,5.416666666666667,1.0,10,1,0,False,0.05263157894736842,True,1,0,0.0,0.0,1.0,0.0,62.81613636363636,False,False,False,False,True,False,False,False,YIhWUchEcZc
91,17,4.411764705882353,1.0,14,3,1,False,0.0989010989010989,True,1,0,0.313,0.0,0.687,0.7809,77.1025,False,False,False,False,False,True,True,False,RB9qPSnjGEo
100,20,4.05,1.0,15,2,0,False,0.07,True,3,0,0.0,0.0,1.0,0.0,83.24500000000002,False,False,False,False,True,False,False,False,MlVPwCt8mVQ
97,14,6.0,1.0,13,3,1,False,0.09278350515463918,False,0,0,0.294,0.0,0.706,0.7513,70.08365384615385,False,False,False,False,True,False,False,False,d4UHeXVnOMw
77,15,4.2,0.4230769230769231,6,2,1,False,0.12987012987012986,True,1,0,0.0,0.0,1.0,0.0,85.29820512820514,False,False,False,False,True,True,False,False,Zt1US9k7piw
88,16,4.5625,0.4307692307692308,4,1,0,False,0.06818181818181818,True,1,0,0.11,0.187,0.703,-0.3664,69.5025,False,False,False,False,True,False,False,False,LGNgy5LRnto
99,16,5.25,0.6621621621621622,7,2,1,False,0.10101010101010101,False,0,0,0.0,0.0,1.0,0.0,57.06976190476192,False,False,False,False,True,True,False,False,-vevCCsgduo
66,10,5.7,1.0,10,1,0,False,0.06060606060606061,False,0,0,0.0,0.0,1.0,0.0,69.78500000000001,False,False,False,False,False,False,False,False,4OLjELr8iMA
97,18,4.444444444444445,1.0,14,3,0,False,0.061855670103092786,True,1,0,0.345,0.0,0.655,0.857,77.68000000000004,False,False,False,False,True,True,False,False,rNL81LhlMaw
61,11,4.636363636363637,1.0,9,1,0,False,0.03278688524590164,True,2,0,0.0,0.0,1.0,0.0,80.30636363636367,False,False,False,False,False,True,True,False,_Pc8oVIYgTc
98,23,3.3043478260869565,1.0,14,2,1,False,0.09183673469387756,True,6,0,0.0,0.0,1.0,0.0,99.49178571428574,False,False,False,False,True,True,False,False,btxAdc6cuP8
68,13,4.3076923076923075,1.0,10,2,1,False,0.10294117647058823,True,1,0,0.0,0.0,1.0,0.0,80.0587878787879,False,False,False,False,True,True,False,False,FIfQHcQvk2A
100,19,4.315789473684211,1.0,16,1,0,False,0.05,False,0,0,0.293,0.0,0.707,0.794,50.66500000000002,False,False,False,False,True,True,True,False,ycTMTzMRu04
100,18,4.611111111111111,1.0,16,3,1,False,0.07,False,0,0,0.0,0.0,1.0,0.0,79.80916666666668,False,False,False,False,True,False,False,False,eXEEaxcsEwI
81,15,4.466666666666667,1.0,12,1,0,False,0.08641975308641975,False,0,0,0.201,0.0,0.799,0.5461,76.50153846153849,False,False,False,False,True,False,False,False,YysWX312ehc
44,8,4.625,1.0,7,1,0,False,0.022727272727272728,True,1,0,0.0,0.0,1.0,0.0,61.24000000000001,False,False,False,False,True,False,False,False,9unWK2t1cCI
93,20,3.7,1.0,15,0,0,False,0.021505376344086023,True,2,0,0.0,0.0,1.0,0.0,66.36500000000001,False,False,False,False,True,False,False,False,-KY7Ciq2KM0
80,13,5.230769230769231,1.0,11,1,1,False,0.05,False,0,0,0.265,0.0,0.735,0.6514,62.81613636363636,False,False,False,False,True,False,False,False,ptgOludRWDM
41,8,4.25,1.0,7,2,0,False,0.07317073170731707,False,0,0,0.0,0.0,1.0,0.0,70.33964285714288,False,False,False,False,True,False,False,False,JNpo1rjT87g
95,17,4.647058823529412,1.0,13,2,1,False,0.08421052631578947,True,1,0,0.0,0.0,1.0,0.0,66.7871428571429,False,False,False,False,True,False,False,False,2SCx0SkIcCg
46,7,5.714285714285714,0.48717948717948717,2,1,0,False,0.021739130434782608,False,0,0,0.458,0.155,0.387,0.481,42.61571428571432,False,False,False,False,False,False,True,False,IkRC5VPCaSs
27,5,4.6,0.7272727272727273,2,1,0,False,0.037037037037037035,False,0,0,0.52,0.0,0.48,0.6514,66.40000000000003,False,False,False,False,False,False,True,False,vo0HuTabxU4
45,6,6.666666666666667,0.13157894736842105,0,1,0,False,0.044444444444444446,False,0,0,0.0,0.0,1.0,0.0,45.64500000000001,False,False,False,False,False,False,False,False,p-azOGlwiDw
64,10,5.5,0.23076923076923078,1,1,0,False,0.046875,False,0,0,0.15,0.0,0.85,0.1511,66.40000000000003,True,False,False,False,True,False,True,False,paUN3ksMvA0
76,13,4.923076923076923,0.11666666666666667,0,1,0,False,0.039473684210526314,True,1,0,0.0,0.0,1.0,0.0,76.59134615384617,False,False,False,False,False,True,False,False,PQB8faNN8og
42,6,6.166666666666667,0.14285714285714285,0,1,0,False,0.047619047619047616,False,0,0,0.0,0.0,1.0,0.0,45.64500000000001,False,False,False,False,False,False,False,False,Ptx622f1Kf8
51,9,4.777777777777778,0.2619047619047619,1,1,0,False,0.0196078431372549,False,0,0,0.0,0.0,1.0,0.0,47.30000000000004,False,False,False,False,False,False,True,False,wEj_O8lzM7s
48,10,3.9,0.23684210526315788,1,0,0,True,0.020833333333333332,False,0,0,0.0,0.246,0.754,-0.4466,69.78500000000001,False,False,False,False,False,False,False,False,zQaOo_Raitg
32,5,5.6,0.1111111111111111,0,1,0,False,0.03125,False,0,0,0.374,0.0,0.626,0.3382,66.40000000000003,False,False,False,False,False,False,False,False,H3bmIAdNDGE
43,7,5.285714285714286,0.1388888888888889,0,1,0,False,0.023255813953488372,False,0,0,0.468,0.0,0.532,0.5255,42.61571428571432,False,False,False,False,True,False,True,False,rE3p71Etjzc
36,6,5.166666666666667,0.23333333333333334,0,1,0,False,0.027777777777777776,False,0,0,0.0,0.0,1.0,0.0,59.745000000000005,False,False,False,False,True,False,True,False,jLQsFXImwOA
39,7,4.714285714285714,0.15625,0,1,0,False,0.02564102564102564,False,0,0,0.285,0.0,0.715,0.3382,54.70142857142861,False,False,False,False,True,False,True,False,9k8e9rJVjTU
45,7,5.571428571428571,0.08333333333333333,0,1,0,False,0.022222222222222223,True,1,0,0.431,0.0,0.569,0.4199,54.70142857142861,True,False,False,False,False,False,True,False,vx-SHI-DtV8
28,5,4.8,0.6956521739130435,2,1,0,False,0.03571428571428571,False,0,0,0.0,0.0,1.0,0.0,66.40000000000003,False,False,False,False,True,False,True,False,1oSAnQpdd8g
38,6,5.5,0.15625,0,1,0,False,0.02631578947368421,False,0,0,0.41,0.19,0.4,0.4926,59.745000000000005,False,False,False,False,False,False,True,False,qljJ1xyJ_2w
49,9,4.555555555555555,0.18421052631578946,0,1,0,False,0.061224489795918366,False,0,0,0.259,0.0,0.741,0.4199,84.90000000000003,False,False,False,False,False,False,True,False,9tz_jKoMIV8
61,11,4.636363636363637,0.2826086956521739,1,2,1,False,0.08196721311475409,False,0,0,0.0,0.269,0.731,-0.5696,93.57977272727274,False,False,False,False,False,False,True,False,_cqJPOkEfHI
64,12,4.416666666666667,0.16,0,1,0,False,0.046875,False,0,0,0.0,0.0,1.0,0.0,94.995,False,False,False,False,False,True,False,False,xW7dnaIW-N0
59,10,5.0,0.3469387755102041,1,1,0,False,0.01694915254237288,False,0,0,0.28,0.0,0.72,0.5411,69.78500000000001,False,False,False,False,False,False,True,False,QkFrlBIB6z0
45,7,5.571428571428571,0.8285714285714286,4,1,0,False,0.08888888888888889,False,0,0,0.0,0.0,1.0,0.0,31.545000000000016,False,False,False,False,False,False,True,False,6bMpnmcLc_w
32,6,4.5,0.7692307692307693,4,1,0,False,0.03125,False,0,0,0.35,0.0,0.65,0.4003,59.745000000000005,False,False,False,False,True,False,False,False,4q2aP9o60xU
24,5,4.0,0.5555555555555556,1,2,0,False,0.08333333333333333,False,0,0,0.0,0.525,0.475,-0.6616,100.24000000000002,False,False,False,False,False,False,True,False,-6zXRYkUwKA
23,5,3.8,0.2777777777777778,0,1,0,False,0.043478260869565216,False,0,0,0.0,0.0,1.0,0.0,66.40000000000003,False,False,False,False,True,False,True,False,hOU5e-N91Yk
45,8,4.75,0.21212121212121213,0,1,0,False,0.1111111111111111,False,0,0,0.495,0.0,0.505,0.7088,82.39000000000001,False,False,False,False,False,False,True,False,QUNsf11G5Gk
36,6,5.166666666666667,0.4,1,1,0,False,0.027777777777777776,False,0,0,0.0,0.0,1.0,0.0,73.84500000000001,False,False,False,False,False,False,True,False,lJzJDP4rPo0
49,8,5.25,0.6486486486486487,3,1,0,False,0.10204081632653061,False,0,0,0.322,0.231,0.447,0.3016,75.87500000000001,False,False,False,False,False,False,True,True,srnurTWv_w0
64,10,5.5,0.19230769230769232,0,1,0,True,0.046875,False,0,0,0.0,0.0,1.0,0.0,69.78500000000001,False,False,False,False,False,False,True,True,EuQimdAEC2k
46,7,5.714285714285714,0.8205128205128205,4,1,0,False,0.021739130434782608,False,0,0,0.54,0.0,0.46,0.7057,54.70142857142861,False,False,False,False,True,False,True,False,4mFFBmajZ1Q
35,6,5.0,0.1724137931034483,0,1,0,False,0.02857142857142857,False,0,0,0.473,0.204,0.323,0.3595,59.745000000000005,False,False,False,False,True,False,False,False,Odc95kEYyns
49,10,4.0,0.5833333333333334,4,1,0,False,0.08163265306122448,False,0,0,0.108,0.142,0.75,-0.0941,91.78000000000003,False,False,False,False,False,False,True,True,IcukYrV_ot8
35,6,5.0,1.0,6,1,0,False,0.02857142857142857,False,0,0,0.0,0.0,1.0,0.0,87.94500000000002,False,False,False,False,False,False,False,False,zerporSNHa8
37,7,4.428571428571429,0.16666666666666666,0,1,0,False,0.02702702702702703,False,0,0,0.0,0.0,1.0,0.0,78.87285714285717,False,False,False,False,False,False,True,False,-2jP7_adNy8
35,7,4.142857142857143,0.35714285714285715,1,1,0,False,0.02857142857142857,False,0,0,0.0,0.276,0.724,-0.3149,90.95857142857145,False,False,False,False,False,False,False,False,S7Uu54VCxjw
42,6,6.166666666666667,0.7777777777777778,4,1,0,False,0.023809523809523808,False,0,0,0.594,0.0,0.406,0.7057,45.64500000000001,False,False,True,False,False,False,True,False,NQvpUdS0jdk
43,7,5.285714285714286,0.4444444444444444,2,1,0,False,0.023255813953488372,False,0,0,0.506,0.0,0.494,0.628,42.61571428571432,False,False,False,False,True,False,True,False,AoVXbVhIdOk
55,12,3.6666666666666665,0.7368421052631579,7,2,0,False,0.10909090909090909,False,0,0,0.0,0.291,0.709,-0.6723,94.995,False,False,False,True,True,False,True,False,kjEcxgTH8-E
37,6,5.333333333333333,0.6551724137931034,3,1,0,False,0.08108108108108109,False,0,0,0.0,0.0,1.0,0.0,59.745000000000005,False,False,False,False,False,False,True,False,fB0m2_iqToQ
63,11,4.818181818181818,0.16981132075471697,0,0,0,False,0.0,False,0,0,0.213,0.0,0.787,0.4019,64.9245454545455,False,False,False,False,False,True,True,False,xiNShtVWHo8
41,8,4.25,0.26666666666666666,1,0,1,True,0.0975609756097561,False,0,0,0.375,0.0,0.625,0.6369,86.45000000000002,False,False,False,True,False,False,True,False,IYw1aCXrGOM
37,7,4.428571428571429,0.5333333333333333,2,1,0,False,0.02702702702702703,False,0,0,0.0,0.0,1.0,0.0,66.7871428571429,False,False,False,False,False,False,True,False,WiSLx6SOpL0
38,7,4.571428571428571,0.3548387096774194,1,1,0,False,0.02631578947368421,False,0,0,0.335,0.0,0.665,0.4633,103.04428571428575,False,False,False,False,False,False,True,False,Dykwp8UrQjA
41,8,4.25,0.8,5,1,0,False,0.0975609756097561,False,0,0,0.0,0.0,1.0,0.0,107.60000000000001,False,False,False,False,False,False,True,False,ee-6KffMBrU
44,10,3.5,0.25,0,1,0,False,0.022727272727272728,True,1,0,0.0,0.0,1.0,0.0,95.165,True,False,False,False,False,False,True,False,xaW2mWgKhYY
60,10,5.1,0.7755102040816326,5,1,0,False,0.03333333333333333,False,0,0,0.237,0.0,0.763,0.4199,56.70000000000002,False,False,False,False,False,False,True,False,WBT9EFgKCA8
48,8,5.125,0.125,0,1,0,False,0.020833333333333332,False,0,0,0.0,0.0,1.0,0.0,71.81500000000001,False,False,False,False,False,False,True,False,9909TdmoG7U
45,9,4.111111111111111,0.25,0,1,0,False,0.1111111111111111,False,0,0,0.0,0.453,0.547,-0.6996,108.26750000000001,False,False,False,False,True,False,True,False,uxssCS7yVAw
24,5,4.0,0.2631578947368421,0,1,0,False,0.041666666666666664,False,0,0,0.0,0.0,1.0,0.0,66.40000000000003,False,False,False,False,True,False,True,False,8MJVAeTTMBs
29,7,3.2857142857142856,0.3333333333333333,0,1,0,False,0.06896551724137931,False,0,0,0.333,0.0,0.667,0.4574,115.13000000000002,False,False,False,False,False,False,False,False,fQvHFyWgWYY
41,8,4.25,0.20588235294117646,0,0,0,False,0.0,False,0,0,0.0,0.0,1.0,0.0,82.39000000000001,False,False,False,False,False,True,True,False,x3mpDrbbjkU
56,10,4.7,0.6818181818181818,6,2,0,False,0.05357142857142857,False,0,1,0.0,0.488,0.512,-0.8616,89.46750000000003,False,False,False,False,False,False,False,True,N2PycHf22Xs
74,13,4.769230769230769,0.13333333333333333,0,0,0,False,0.02702702702702703,False,0,0,0.0,0.167,0.833,-0.34,60.70500000000001,False,False,False,False,True,False,False,False,iV1iA_7vYt8
57,10,4.8,0.17391304347826086,0,0,0,False,0.03508771929824561,False,0,1,0.462,0.0,0.538,0.8225,47.30000000000004,False,False,False,False,True,False,True,False,o03EqNKQPQ0
43,8,4.5,0.17142857142857143,0,0,0,False,0.023255813953488372,False,0,0,0.205,0.0,0.795,0.2023,54.70142857142861,False,False,False,False,True,True,False,False,kub17UN5Mps
74,15,4.0,0.7818181818181819,9,0,0,False,0.05405405405405406,True,1,0,0.0,0.183,0.817,-0.4824,76.50153846153849,False,False,False,False,False,False,False,False,7hDWGkWIjmo
69,15,3.6666666666666665,0.5531914893617021,4,0,2,False,0.08695652173913043,True,1,1,0.155,0.235,0.609,-0.302,80.89500000000001,False,False,False,False,False,False,False,False,mjctZfq8uKc
54,11,4.0,0.21951219512195122,0,0,0,False,0.018518518518518517,True,1,0,0.0,0.0,1.0,0.0,80.30636363636367,False,False,False,False,False,False,False,False,rGlzQU9abmU
75,8,8.5,0.5,2,0,0,False,0.05333333333333334,True,1,0,0.357,0.0,0.643,0.3254,-5.727142857142809,True,False,False,False,False,False,False,False,ZO-_tCaOsZw
47,11,3.3636363636363638,0.7857142857142857,5,0,1,False,0.10638297872340426,True,2,1,0.0,0.279,0.721,-0.7003,71.81500000000001,False,False,False,False,False,False,True,False,6p03QvrIE9A
37,7,4.428571428571429,1.0,5,0,0,False,0.10810810810810811,True,1,1,0.0,0.0,1.0,0.0,49.48000000000002,False,False,False,False,True,False,True,False,b1RvsGmBj5U
46,9,4.222222222222222,1.0,7,0,0,False,0.08695652173913043,True,1,1,0.0,0.0,1.0,0.0,78.87285714285717,False,False,False,False,False,False,False,False,U9fsnCustOA
79,17,3.7058823529411766,0.16981132075471697,0,0,0,False,0.11392405063291139,True,1,1,0.0,0.124,0.876,-0.34,83.0092307692308,False,False,False,False,False,False,False,False,rTtGcQuOafk
68,14,3.9285714285714284,0.375,1,0,0,False,0.07352941176470588,True,1,1,0.0,0.171,0.829,-0.4767,53.655,False,False,False,False,False,False,False,False,fqqgEZAdwcc
58,12,3.9166666666666665,0.2,0,0,0,False,0.06896551724137931,True,2,1,0.0,0.181,0.819,-0.4767,87.99727272727276,False,False,False,False,False,False,True,False,7UkDAmj5efw
72,13,4.615384615384615,0.9111111111111111,7,0,2,False,0.09722222222222222,True,3,1,0.0,0.0,1.0,0.0,61.32500000000002,False,False,False,False,False,False,True,False,gp6YOK3On6Q
46,8,4.875,1.0,6,0,0,False,0.10869565217391304,True,1,0,0.0,0.0,1.0,0.0,78.87285714285717,False,False,False,False,False,False,True,False,DposaJ3XK5Q
28,7,3.0,1.0,5,0,0,False,0.03571428571428571,True,1,0,0.0,0.0,1.0,0.0,87.94500000000002,False,False,False,False,False,False,True,False,IyIFjHPE9XM
70,12,4.916666666666667,0.2553191489361702,1,0,3,False,0.17142857142857143,False,0,0,0.0,0.0,1.0,0.0,83.32000000000004,False,False,False,False,False,False,True,False,eMWSVdcTILU
59,10,5.0,0.9111111111111111,8,0,0,False,0.05084745762711865,True,1,0,0.0,0.0,1.0,0.0,56.70000000000002,False,False,False,False,False,False,False,False,zRYio-OyyFE
45,8,4.75,1.0,6,0,2,True,0.15555555555555556,False,0,0,0.0,0.0,1.0,0.0,73.84500000000001,False,False,False,False,False,False,False,False,N2_5n6HAIuw
99,17,4.882352941176471,0.45,5,2,0,False,0.030303030303030304,False,0,0,0.195,0.0,0.805,0.5972,58.65916666666669,False,False,False,False,True,True,False,False,Zkuothr255Q
60,11,4.545454545454546,0.5918367346938775,6,1,0,False,0.016666666666666666,False,0,0,0.528,0.0,0.472,0.9013,85.88886363636365,False,False,False,False,False,True,False,False,2f97RxGKNmc
83,15,4.6,0.2222222222222222,1,1,0,False,0.04819277108433735,True,1,0,0.263,0.077,0.66,0.5255,71.76785714285715,False,False,True,False,False,True,False,False,Ehd5075QVsE
52,10,4.3,0.425,2,1,0,True,0.057692307692307696,False,0,0,0.0,0.0,1.0,0.0,84.90000000000003,False,False,False,False,False,False,False,False,RyC99koSwXI
65,12,4.5,0.8235294117647058,6,1,0,True,0.046153846153846156,False,0,1,0.0,0.157,0.843,-0.3453,87.99727272727276,True,False,False,False,False,False,False,False,XXXZqxCnuf8
64,11,4.909090909090909,0.6274509803921569,5,1,0,False,0.046875,False,0,2,0.0,0.178,0.822,-0.3802,61.26750000000001,False,False,False,False,False,False,False,False,zAmyFOk_kqg
50,8,5.125,0.15384615384615385,0,1,0,False,0.04,False,0,0,0.247,0.0,0.753,0.3164,61.24000000000001,False,False,False,False,False,True,False,False,H4IA6CFQmU0
94,16,4.9375,0.32,2,4,0,False,0.0425531914893617,False,0,0,0.221,0.15,0.629,-0.4344,74.52166666666669,True,False,True,False,True,False,False,False,mvIoz4DMnLs
57,10,4.8,0.7441860465116279,4,1,1,False,0.05263157894736842,True,1,1,0.0,0.0,1.0,0.0,61.26750000000001,False,False,False,False,False,False,False,False,_1uBOP-x4QI
43,9,3.888888888888889,0.29411764705882354,1,1,0,False,0.023255813953488372,False,0,0,0.0,0.0,1.0,0.0,94.30000000000001,False,False,False,False,False,False,True,False,7FpZ66No9wI
91,16,4.75,0.4057971014492754,4,2,0,False,0.06593406593406594,True,1,0,0.46,0.0,0.54,0.9018,69.5025,False,False,False,False,False,False,False,False,WFwJ0a3ztpE
82,14,4.928571428571429,0.46875,4,2,0,False,0.06097560975609756,False,0,1,0.266,0.13,0.604,0.4436,80.89500000000001,True,False,False,False,False,False,False,False,o0V9fKsEuag
55,8,6.0,0.15217391304347827,0,1,0,False,0.03636363636363636,False,0,0,0.124,0.304,0.572,-0.4389,40.09,True,False,False,True,True,False,False,False,sE9uzwgaKVs
64,11,4.909090909090909,0.37735849056603776,1,0,0,False,0.015625,False,0,0,0.248,0.0,0.752,0.5106,72.61545454545457,False,False,False,False,True,True,False,False,r9MxMw_1NWQ
49,9,4.555555555555555,0.18421052631578946,0,1,0,False,0.061224489795918366,False,0,1,0.285,0.0,0.715,0.2003,86.45000000000002,True,False,False,False,True,False,False,False,X0sbjd8bH78
63,10,5.4,0.3137254901960784,2,2,0,False,0.047619047619047616,False,0,0,0.212,0.0,0.788,0.3987,51.867500000000035,False,False,True,False,False,False,False,False,4ESbBtPtweo
48,9,4.444444444444445,0.20512820512820512,0,0,1,False,0.020833333333333332,False,0,0,0.344,0.0,0.656,0.6369,89.46750000000003,False,False,False,False,True,True,False,False,x__SgsQ-NR0
100,19,4.315789473684211,0.5189873417721519,8,1,0,False,0.03,False,0,0,0.13,0.0,0.87,0.4003,75.50000000000003,False,False,False,False,True,False,False,False,mVDoMlNPYRA
76,14,4.5,0.1774193548387097,0,1,0,False,0.013157894736842105,False,0,0,0.329,0.0,0.671,0.7088,65.72500000000001,False,False,False,False,False,True,False,False,TFdRt3IhHC4
61,12,4.166666666666667,0.41304347826086957,4,2,0,False,0.06557377049180328,False,0,1,0.0,0.299,0.701,-0.7494,78.19795454545455,False,False,False,False,False,False,False,False,U759gopVtMA
62,12,4.25,0.6382978723404256,6,2,0,False,0.06451612903225806,False,0,0,0.334,0.0,0.666,0.7592,78.19795454545455,False,False,False,False,False,False,False,False,PImDn3leRx0
87,17,4.176470588235294,0.47692307692307695,5,2,0,False,0.06896551724137931,False,0,1,0.0,0.0,1.0,0.0,83.32000000000004,False,False,False,False,False,False,True,False,-fwbBCLmEJE
96,16,5.0625,0.22972972972972974,2,2,0,False,0.07291666666666667,False,0,1,0.238,0.0,0.762,0.5696,72.83000000000003,False,False,False,False,True,True,False,False,Ks-MlVDf4bM
99,16,5.25,0.2948717948717949,2,2,0,False,0.06060606060606061,False,0,1,0.308,0.0,0.692,0.7365,37.54519230769233,True,False,False,False,True,False,False,False,D7qP3Fk7qv8
99,17,4.882352941176471,0.31645569620253167,4,3,0,False,0.04040404040404041,False,0,0,0.235,0.0,0.765,0.7104,69.23416666666668,False,False,False,False,True,True,False,False,Anuqe7mOQ7w
69,11,5.363636363636363,0.2909090909090909,1,2,0,False,0.057971014492753624,False,0,1,0.409,0.0,0.591,0.7365,49.48000000000002,True,False,False,True,False,False,True,False,EtDNGZBCqRI
92,17,4.470588235294118,0.6164383561643836,8,2,0,False,0.03260869565217391,False,0,0,0.338,0.0,0.662,0.8248,83.74867647058825,False,False,False,False,True,True,False,False,606Gy8l_rJQ
73,15,3.933333333333333,0.15517241379310345,0,1,0,False,0.0136986301369863,False,0,0,0.2,0.0,0.8,0.5411,84.45000000000003,False,False,False,False,False,False,False,False,na3jU4_BA3A
98,16,5.125,0.35443037974683544,3,2,0,False,0.030612244897959183,False,0,0,0.206,0.0,0.794,0.5972,49.48000000000002,False,False,False,False,True,True,False,False,QsSB9vuEug4
62,12,4.25,0.3829787234042553,4,2,0,False,0.06451612903225806,False,0,1,0.296,0.0,0.704,0.6825,57.940000000000026,False,False,False,False,False,False,False,False,uym40ts0ED8
91,16,4.75,0.17142857142857143,0,1,0,False,0.04395604395604396,True,1,0,0.147,0.0,0.853,0.3802,54.70142857142861,False,False,False,False,False,True,False,False,7fPmKPZD_-M
80,12,5.75,0.417910447761194,3,1,0,False,0.025,False,0,1,0.474,0.0,0.526,0.7978,47.434318181818185,False,False,False,False,False,False,False,False,g7viLM8-R-8
53,9,4.888888888888889,0.19047619047619047,0,2,0,False,0.03773584905660377,False,0,0,0.258,0.0,0.742,0.4184,61.26750000000001,False,False,False,False,True,True,False,False,x610RKakejY
64,12,4.416666666666667,0.2653061224489796,2,1,0,False,0.0625,False,0,1,0.178,0.0,0.822,0.3802,66.40000000000003,False,False,False,False,True,False,True,False,RG_ArFJuCO0
79,13,5.153846153846154,0.46774193548387094,4,3,0,False,0.06329113924050633,False,0,0,0.389,0.0,0.611,0.7911,87.94500000000002,False,False,False,False,False,True,False,False,uygp3fTRgKk
32,5,5.6,0.7916666666666666,4,3,0,False,0.125,False,0,0,0.0,0.0,1.0,0.0,66.40000000000003,False,False,False,False,False,False,False,False,XCv1RxEkAwI
88,17,4.235294117647059,0.15714285714285714,0,2,0,False,0.022727272727272728,False,0,0,0.326,0.0,0.674,0.8054,88.72514705882354,False,False,False,False,False,True,False,False,mirwPV0LPJc
93,17,4.529411764705882,0.3466666666666667,4,2,0,False,0.021505376344086023,False,0,0,0.46,0.0,0.54,0.9172,87.67750000000001,False,False,False,False,False,True,False,False,NwGk1wwFrnk
58,10,4.9,0.5,3,1,0,False,0.017241379310344827,False,0,0,0.224,0.0,0.776,0.3802,52.86500000000001,False,False,False,False,False,True,False,False,D019wgAbho8
43,7,5.285714285714286,0.5277777777777778,2,0,0,False,0.023255813953488372,False,0,0,0.0,0.0,1.0,0.0,17.44500000000002,False,False,False,False,True,False,False,False,XSEfNySrMeU
45,8,4.75,0.1891891891891892,0,1,0,False,0.022222222222222223,False,0,0,0.23,0.0,0.77,0.2714,86.45000000000002,False,False,False,False,False,True,False,False,wZH-SHl3tAg
61,11,4.636363636363637,0.14,0,1,0,False,0.01639344262295082,False,0,0,0.199,0.0,0.801,0.3595,93.57977272727274,False,False,False,False,False,True,False,False,1XqP3nxh63A
85,13,5.615384615384615,0.16666666666666666,0,1,0,False,0.08235294117647059,False,0,0,0.0,0.0,1.0,0.0,24.495000000000005,False,False,False,False,True,False,False,False,8W9lPNpW7_s
85,13,5.615384615384615,0.5070422535211268,4,2,0,False,0.023529411764705882,False,0,0,0.177,0.0,0.823,0.3786,70.08365384615385,False,False,False,False,False,True,False,False,SoAFigs0K4k
22,5,3.6,0.1875,0,1,0,False,0.09090909090909091,False,0,0,0.0,0.0,1.0,0.0,118.17500000000001,False,False,False,False,False,True,False,False,ULvofKOw8Tw
91,18,4.111111111111111,0.7534246575342466,10,0,0,False,0.01098901098901099,False,0,0,0.0,0.0,1.0,0.0,55.21529411764709,False,False,False,False,False,False,False,False,j3VN9oeDWNU
99,17,4.882352941176471,0.6626506024096386,8,0,0,False,0.0,False,0,0,0.225,0.0,0.775,0.6841,30.332941176470626,False,False,False,False,False,False,False,False,DpC9mFhbxoo
32,6,4.5,0.19230769230769232,0,0,0,False,0.03125,False,0,0,0.0,0.0,1.0,0.0,102.045,False,False,False,False,True,False,False,False,YMGK4S-MG3U
48,9,4.444444444444445,0.5384615384615384,5,0,0,False,0.020833333333333332,False,0,0,0.223,0.0,0.777,0.3182,66.10000000000002,False,False,False,False,True,False,False,False,hCe-Q1IXJ_A
75,14,4.428571428571429,0.15,0,1,0,False,0.02666666666666667,False,0,0,0.0,0.0,1.0,0.0,77.81071428571428,False,False,False,False,False,False,True,False,YAtaQeslTgg
65,11,5.0,0.15384615384615385,0,0,0,False,0.046153846153846156,False,0,0,0.0,0.0,1.0,0.0,52.86500000000001,False,False,False,False,False,True,False,False,4AfnEIrOW-w
66,12,4.583333333333333,0.14814814814814814,0,0,0,False,0.015151515151515152,False,0,0,0.0,0.0,1.0,0.0,80.30636363636367,False,False,False,False,False,True,False,False,jPW8VY0TgY8
70,13,4.461538461538462,0.17857142857142858,0,0,0,False,0.02857142857142857,False,0,0,0.0,0.0,1.0,0.0,74.805,False,False,False,False,True,True,False,False,Z5EwwVLE6DM
67,12,4.666666666666667,0.16666666666666666,0,0,0,False,0.029850746268656716,False,0,0,0.599,0.0,0.401,0.8987,44.405,False,False,False,False,False,True,False,False,IE1yYiKIrS4
90,16,4.6875,0.1780821917808219,0,0,0,False,0.022222222222222223,False,0,0,0.323,0.0,0.677,0.7713,77.81071428571428,False,False,False,False,False,True,False,False,AxqOYoXGfzI
61,12,4.166666666666667,0.22448979591836735,0,0,0,False,0.01639344262295082,False,0,0,0.0,0.0,1.0,0.0,95.68818181818183,False,False,False,False,False,True,False,False,5S6RF5P7s3o
94,17,4.588235294117647,0.18666666666666668,0,0,0,False,0.031914893617021274,False,0,0,0.171,0.0,0.829,0.5106,56.25000000000003,False,False,False,False,True,True,False,False,WPSf7bXSCKE
90,16,4.6875,0.16666666666666666,0,0,0,False,0.03333333333333333,False,0,0,0.45,0.0,0.55,0.8316,29.467857142857156,False,False,False,False,True,True,False,False,lBTWdWDKCDk
74,13,4.615384615384615,0.1694915254237288,0,0,0,False,0.013513513513513514,False,0,0,0.23,0.0,0.77,0.5563,74.805,False,False,False,False,False,True,False,False,LMztRCwmWQs
53,10,4.4,0.19047619047619047,0,0,0,False,0.03773584905660377,False,0,0,0.403,0.0,0.597,0.6597,66.10000000000002,False,False,False,False,False,True,False,False,cpA4YO7M4EU
67,11,5.181818181818182,0.14285714285714285,0,0,0,False,0.014925373134328358,False,0,0,0.248,0.0,0.752,0.5106,52.86500000000001,False,False,False,False,False,True,False,False,lrdVD_ZS2fM
58,11,4.363636363636363,0.17391304347826086,0,0,0,False,0.034482758620689655,False,0,0,0.623,0.0,0.377,0.8903,56.70000000000002,False,False,False,False,False,True,False,False,ETJP04pt5rw
74,12,5.25,0.14754098360655737,0,0,0,False,0.02702702702702703,False,0,0,0.208,0.164,0.629,0.1779,52.86500000000001,False,False,False,False,False,True,False,False,dD1Mq358eX8
61,11,4.636363636363637,0.16326530612244897,0,0,0,False,0.03278688524590164,False,0,0,0.623,0.0,0.377,0.8903,37.900000000000034,False,False,False,False,False,True,False,False,N474nOjb7W8
74,14,4.357142857142857,0.1694915254237288,0,0,0,False,0.02702702702702703,False,0,0,0.204,0.114,0.683,0.3774,74.805,False,False,False,False,False,True,False,False,AiZN8UG0Dt0
57,10,4.8,0.1702127659574468,0,0,0,False,0.017543859649122806,False,0,0,0.0,0.0,1.0,0.0,75.50000000000003,False,False,False,False,True,True,False,False,Wg7YPvs5f44
64,12,4.416666666666667,0.17647058823529413,0,0,0,False,0.03125,False,0,0,0.0,0.0,1.0,0.0,78.24500000000002,False,False,False,False,True,True,False,False,xuXYVhi9Z5M
65,13,4.076923076923077,0.22,0,0,0,False,0.046153846153846156,False,0,0,0.216,0.0,0.784,0.5106,80.30636363636367,False,False,False,False,True,True,False,False,phAndvcwMfA
65,11,5.0,0.15384615384615385,0,0,0,False,0.046153846153846156,False,0,0,0.0,0.0,1.0,0.0,52.86500000000001,False,False,False,False,False,True,False,False,eWntLM7UbQo
61,12,4.166666666666667,0.1836734693877551,0,0,0,False,0.01639344262295082,False,0,0,0.0,0.0,1.0,0.0,80.30636363636367,False,False,False,False,False,True,False,False,nBq3bclV46o
65,12,4.5,0.16981132075471697,0,0,0,False,0.015384615384615385,False,0,0,0.0,0.0,1.0,0.0,72.61545454545457,False,False,False,False,True,True,False,False,T9CWE1hvxEI
70,14,4.071428571428571,0.18518518518518517,0,0,0,False,0.04285714285714286,False,0,0,0.341,0.0,0.659,0.7351,80.30636363636367,False,False,False,False,True,True,False,False,C1VUj_XZcqU
62,11,4.7272727272727275,0.18,0,0,0,False,0.03225806451612903,False,0,0,0.0,0.0,1.0,0.0,61.32500000000002,False,False,False,False,False,True,False,False,w4Y74Dj1lBk
69,13,4.384615384615385,0.21052631578947367,0,0,0,False,0.0,False,0,0,0.0,0.0,1.0,0.0,83.0092307692308,False,False,False,False,True,True,False,False,zOvy0z8qK_I
67,14,3.857142857142857,0.16981132075471697,0,0,0,False,0.014925373134328358,False,0,0,0.0,0.0,1.0,0.0,83.0092307692308,False,False,False,False,False,True,False,False,dkq_f-3Yly4
74,13,4.769230769230769,0.15517241379310345,0,0,0,False,0.05405405405405406,False,0,0,0.321,0.0,0.679,0.6369,72.61545454545457,False,False,False,False,False,True,False,False,8gbZ1c44ksw
57,10,4.8,0.17391304347826086,0,0,0,False,0.03508771929824561,False,0,0,0.244,0.0,0.756,0.4404,18.940000000000026,False,False,False,False,False,True,False,False,pzKyj7sNCoE
68,13,4.3076923076923075,0.16666666666666666,0,0,0,False,0.029411764705882353,False,0,0,0.492,0.0,0.508,0.8658,72.61545454545457,False,False,False,False,True,True,False,False,UhP0Gel5tZs
60,12,4.083333333333333,0.2127659574468085,0,0,0,False,0.03333333333333333,False,0,0,0.0,0.0,1.0,0.0,95.165,False,False,False,False,True,True,False,False,d3pLIi2ah6o
71,15,3.8,0.2037037037037037,0,0,0,False,0.04225352112676056,False,0,0,0.162,0.0,0.838,0.4019,74.805,False,False,False,False,True,True,False,False,SoWABnkaiCs
85,15,4.733333333333333,0.15625,0,0,0,False,0.07058823529411765,True,1,0,0.0,0.085,0.915,-0.0772,69.99384615384618,False,False,False,False,True,True,False,False,Ja_GXBceeas
79,16,4.0,0.25806451612903225,1,0,0,False,0.02531645569620253,False,0,0,0.0,0.0,1.0,0.0,59.68214285714288,False,False,False,False,False,True,True,False,2fKX-zrK1rg
73,12,5.166666666666667,0.15,0,0,0,False,0.0273972602739726,False,0,0,0.0,0.0,1.0,0.0,35.94500000000002,False,False,False,False,True,True,False,False,JcH7DB0XMIA
52,11,3.8181818181818183,0.225,0,0,0,False,0.038461538461538464,False,0,0,0.0,0.0,1.0,0.0,94.30000000000001,False,False,False,False,True,True,False,False,TC5OHiry6HI
64,11,4.909090909090909,0.1509433962264151,0,0,0,False,0.015625,False,0,0,0.0,0.0,1.0,0.0,69.78500000000001,False,False,False,False,True,True,False,False,J5P3QLV6Mpw
60,12,4.083333333333333,0.20833333333333334,0,0,0,False,0.016666666666666666,False,0,0,0.383,0.0,0.617,0.7351,72.61545454545457,False,False,False,False,False,True,True,False,q6Uy-IItLWc
62,11,4.7272727272727275,0.18,0,0,0,False,0.03225806451612903,False,0,0,0.0,0.0,1.0,0.0,47.30000000000004,False,False,False,False,True,False,False,False,bT8518Z7Bbk
72,11,5.636363636363637,0.16666666666666666,0,0,0,False,0.027777777777777776,False,0,0,0.0,0.0,1.0,0.0,57.23363636363638,False,False,False,False,True,True,False,False,LT8VDwZ_Qxg
80,16,4.0625,0.19047619047619047,0,0,0,False,0.025,False,0,0,0.422,0.0,0.578,0.8591,65.72500000000001,False,False,False,False,False,True,True,False,FF6Zv0T9Pdg
89,15,5.0,0.1527777777777778,0,0,0,False,0.033707865168539325,False,0,0,0.2,0.0,0.8,0.5423,53.655,False,False,False,False,True,True,False,False,lF2RR9yD3qM
92,16,4.8125,0.16,0,0,0,False,0.021739130434782608,False,0,0,0.18,0.0,0.82,0.5106,53.639285714285734,False,False,False,False,True,True,False,False,pgjtrrtkiy0
89,16,4.625,0.16666666666666666,0,0,0,False,0.02247191011235955,False,0,0,0.508,0.0,0.492,0.9081,61.890000000000015,False,False,False,False,True,True,True,False,Cxt4JxR55xs
85,16,4.375,0.1791044776119403,0,1,0,False,0.03529411764705882,False,0,0,0.424,0.0,0.576,0.8612,77.81071428571428,False,False,False,False,True,True,False,False,vxS_ua_lRBw
86,16,4.4375,0.16176470588235295,0,0,0,False,0.03488372093023256,False,0,0,0.327,0.0,0.673,0.7783,77.81071428571428,False,False,False,False,True,True,False,False,se1jjaWaA_c
78,12,5.583333333333333,0.15384615384615385,0,0,0,False,0.02564102564102564,False,0,0,0.0,0.0,1.0,0.0,49.54272727272729,False,False,False,False,True,True,False,False,ZtmYtP3P_yI
78,14,4.642857142857143,0.1746031746031746,0,0,0,False,0.02564102564102564,False,0,0,0.526,0.0,0.474,0.8779,39.55500000000001,False,False,False,False,False,True,False,False,1h1nEogrIr8
80,16,4.0625,0.1746031746031746,0,0,0,False,0.025,False,0,0,0.0,0.0,1.0,0.0,95.93928571428573,False,False,False,False,True,True,False,False,3ZaIsuhJKj8
81,16,4.125,0.16393442622950818,0,0,0,False,0.06172839506172839,False,0,0,0.384,0.0,0.616,0.7964,76.50153846153849,False,False,False,False,True,True,False,False,V_qwxSw1X68
92,16,4.8125,0.14666666666666667,0,0,0,False,0.021739130434782608,False,0,0,0.409,0.0,0.591,0.8402,67.53000000000003,False,False,False,False,True,True,False,False,yW2lOu2wQmo
84,16,4.3125,0.19696969696969696,0,0,0,False,0.03571428571428571,False,0,0,0.326,0.0,0.674,0.6486,59.68214285714288,False,False,False,False,False,True,False,False,milB5UIBOYY
67,12,4.666666666666667,0.1509433962264151,0,1,0,False,0.04477611940298507,False,0,0,0.075,0.465,0.46,-0.7777,73.84500000000001,True,False,False,False,True,True,False,False,wX8DkBRQn1M
25,5,4.2,0.5333333333333333,1,3,0,False,0.12,True,1,0,0.0,0.643,0.357,-0.6607,100.24000000000002,False,False,False,False,False,False,True,False,njxBhJCQkVs
75,13,4.846153846153846,0.16666666666666666,0,0,0,False,0.013333333333333334,True,1,0,0.482,0.102,0.417,0.8484,76.50153846153849,False,False,False,False,False,False,False,False,R-_VCHBV05Y
98,17,4.823529411764706,0.15384615384615385,0,0,0,False,0.02040816326530612,True,1,0,0.158,0.0,0.842,0.4601,58.4075,False,False,False,False,False,True,False,False,EsryyvvVJ98
98,14,6.071428571428571,0.12345679012345678,0,0,0,False,0.02040816326530612,True,1,0,0.188,0.0,0.812,0.4601,11.339285714285722,False,False,False,False,False,False,False,False,dWVGJnRpvms
75,13,4.846153846153846,0.15,0,0,0,False,0.013333333333333334,True,1,0,0.2,0.0,0.8,0.4601,39.55500000000001,False,False,False,False,False,False,False,False,UgUj8RtK4sg
79,13,5.153846153846154,0.12307692307692308,0,0,0,False,0.012658227848101266,True,1,0,0.177,0.176,0.647,0.0018,46.60500000000002,False,False,False,False,False,True,False,False,Sa9XEYQY6YM
34,6,4.833333333333333,0.17857142857142858,0,0,0,False,0.029411764705882353,False,0,0,0.265,0.0,0.735,0.2023,83.32000000000004,False,False,False,False,False,False,False,False,C2DIJRsuVMM
36,6,5.166666666666667,0.1724137931034483,0,1,0,False,0.05555555555555555,False,0,0,0.177,0.431,0.392,-0.5562,49.48000000000002,False,False,False,False,False,False,False,False,dH5Fl-Og4gk
21,4,4.5,0.2222222222222222,0,0,0,False,0.0,False,0,0,0.565,0.0,0.435,0.5994,54.72500000000002,False,False,False,False,False,True,False,False,Dupk3APmY9g
33,7,3.857142857142857,0.19230769230769232,0,0,0,False,0.030303030303030304,False,0,0,0.231,0.0,0.769,0.2023,73.84500000000001,False,False,False,False,False,False,False,False,1U6aRpOdMTM
30,5,5.2,0.16666666666666666,0,1,0,False,0.06666666666666667,False,0,0,0.343,0.0,0.657,0.2714,97.025,False,False,False,False,False,False,False,False,Zej8UVE8le4
34,6,4.833333333333333,0.17857142857142858,0,0,0,False,0.029411764705882353,False,0,0,0.265,0.0,0.735,0.2023,83.32000000000004,False,False,False,False,False,False,False,False,e5d5JsQVuZQ
37,7,4.428571428571429,0.2,0,0,0,False,0.0,True,1,0,0.231,0.0,0.769,0.2023,90.95857142857145,False,False,False,False,True,False,False,False,hXUdjptojRY
33,5,5.8,0.2222222222222222,1,0,0,False,0.06060606060606061,False,0,0,0.403,0.0,0.597,0.4019,33.57500000000002,False,False,False,False,False,False,False,False,i7x-n7Ih7Dw
52,9,4.888888888888889,0.18604651162790697,0,0,0,False,0.0,True,1,0,0.536,0.0,0.464,0.8442,66.10000000000002,False,False,False,False,False,True,False,False,jEuImeqjzNw
49,9,4.555555555555555,0.2,0,0,0,False,0.02040816326530612,False,0,0,0.655,0.0,0.345,0.9081,61.24000000000001,False,False,False,False,False,True,False,False,iy2dEDyQo8w
47,8,5.0,0.15789473684210525,0,0,0,False,0.02127659574468085,True,1,0,0.3,0.0,0.7,0.4601,54.70142857142861,False,False,False,False,False,False,False,False,DAyMrzgqvwg
28,5,4.8,0.17391304347826086,0,0,0,False,0.03571428571428571,False,0,0,0.31,0.0,0.69,0.2023,54.72500000000002,False,False,False,False,False,False,False,False,Yel9STK8uk0
47,8,5.0,0.15789473684210525,0,0,0,False,0.02127659574468085,True,1,0,0.3,0.0,0.7,0.4601,30.53000000000003,False,False,False,False,False,False,False,False,AOzqV2ftGHg
42,8,4.375,0.20588235294117646,0,0,0,False,0.023809523809523808,False,0,0,0.205,0.0,0.795,0.2023,90.95857142857145,False,False,False,False,False,False,False,False,olKzO7FgHcY
50,11,3.6363636363636362,0.2631578947368421,0,1,0,False,0.04,False,0,0,0.0,0.0,1.0,0.0,95.165,False,False,False,False,False,True,True,False,mqfyyx6qKqw
66,13,4.153846153846154,0.17307692307692307,0,0,0,False,0.015151515151515152,True,1,0,0.2,0.0,0.8,0.4601,67.75500000000001,False,False,False,False,False,True,False,False,N0_O3Pok6x8
65,13,4.076923076923077,0.17647058823529413,0,0,0,False,0.015384615384615385,True,1,0,0.2,0.0,0.8,0.4601,67.75500000000001,False,False,False,False,False,True,False,False,nKgLjGCOWcE
75,14,4.428571428571429,0.2,1,0,0,False,0.013333333333333334,True,1,0,0.188,0.0,0.812,0.4601,63.486153846153854,False,False,False,False,False,True,False,False,97m8vawur54
72,14,4.214285714285714,0.17543859649122806,0,0,0,False,0.013888888888888888,True,1,0,0.163,0.185,0.652,-0.101,76.50153846153849,False,False,False,False,False,True,False,False,AOQ2x_LyNEI
75,14,4.428571428571429,0.16666666666666666,0,0,0,False,0.013333333333333334,True,1,0,0.14,0.349,0.511,-0.6697,56.97846153846157,False,False,False,False,False,False,False,False,CjsKGUCISc0
78,14,4.642857142857143,0.19047619047619047,0,0,0,False,0.02564102564102564,False,0,0,0.437,0.109,0.454,0.8036,63.486153846153854,False,False,False,False,False,True,False,False,Y6wgP1hIIXA
61,12,4.166666666666667,0.17777777777777778,0,0,0,False,0.04918032786885246,True,1,0,0.155,0.169,0.676,-0.0516,57.940000000000026,False,False,False,False,False,True,False,False,dKcqFX66IdA
69,12,4.833333333333333,0.16981132075471697,0,0,0,False,0.043478260869565216,True,1,0,0.155,0.169,0.676,-0.0516,24.100000000000023,False,False,False,False,False,True,False,False,ssZ3Q25-25c
64,12,4.416666666666667,0.1836734693877551,0,0,0,False,0.046875,True,1,0,0.155,0.169,0.676,-0.0516,41.02000000000004,False,False,False,False,False,True,False,False,6oqbf77oIVo
64,12,4.416666666666667,0.1836734693877551,0,0,0,False,0.046875,True,1,0,0.155,0.169,0.676,-0.0516,41.02000000000004,False,False,False,False,False,True,False,False,qPchvXbxNcM
52,10,4.3,0.1951219512195122,0,0,0,False,0.019230769230769232,True,1,0,0.11,0.212,0.678,-0.296,75.50000000000003,True,False,False,False,False,True,False,False,HCqMHX0rlEs
52,10,4.3,0.1951219512195122,0,0,0,False,0.019230769230769232,True,1,0,0.11,0.212,0.678,-0.296,75.50000000000003,True,False,False,False,False,True,False,False,_Jvahv4LT5Y
52,10,4.3,0.1951219512195122,0,0,0,False,0.019230769230769232,True,1,0,0.11,0.212,0.678,-0.296,75.50000000000003,True,False,False,False,False,True,False,False,GCkANZc2CDo
77,12,5.5,0.125,0,0,0,False,0.012987012987012988,True,1,0,0.39,0.0,0.61,0.7506,26.470000000000027,False,False,False,False,False,False,False,False,0m6hvxsLfxU
63,12,4.333333333333333,0.19607843137254902,0,0,0,False,0.015873015873015872,False,0,0,0.368,0.133,0.499,0.6403,57.23363636363638,False,False,False,False,False,True,False,False,ZkJbYswEwt0
58,11,4.363636363636363,0.2127659574468085,0,0,0,False,0.017241379310344827,False,0,0,0.377,0.093,0.53,0.6486,86.70500000000001,False,False,False,False,False,True,False,False,JR4WKp3mzAU
47,7,5.857142857142857,0.17073170731707318,0,0,0,False,0.0,False,0,0,0.533,0.0,0.467,0.6908,42.61571428571432,False,False,False,False,True,False,False,False,n3g7ZwUweT0
68,12,4.75,0.14814814814814814,0,0,0,False,0.014705882352941176,True,1,0,0.124,0.371,0.506,-0.6597,80.30636363636367,False,False,False,False,False,True,False,False,A8wXXTb_r2o
62,12,4.25,0.16326530612244897,0,0,0,False,0.016129032258064516,True,1,0,0.124,0.371,0.506,-0.6597,72.61545454545457,False,False,False,False,False,True,False,False,hQEeD7eYbH4
93,15,5.266666666666667,0.17105263157894737,0,0,0,False,0.03225806451612903,False,0,0,0.172,0.0,0.828,0.4404,65.72500000000001,False,False,False,False,True,False,False,False,bMVMVKJWbKs
74,13,4.769230769230769,0.13333333333333333,0,0,0,False,0.02702702702702703,False,0,0,0.474,0.121,0.405,0.8329,60.70500000000001,False,False,False,False,False,False,False,False,cMqCWy7q6sI
70,13,4.461538461538462,0.19642857142857142,0,0,0,False,0.02857142857142857,False,0,0,0.183,0.146,0.67,0.1548,67.75500000000001,False,False,False,False,False,True,False,False,omafLY-8aqA
68,12,4.75,0.18181818181818182,0,0,0,False,0.029411764705882353,False,0,0,0.328,0.255,0.417,0.3415,64.9245454545455,False,False,False,False,False,False,False,False,xsCuzCvWU50
58,10,4.9,0.17391304347826086,0,0,0,False,0.017241379310344827,True,1,0,0.0,0.0,1.0,0.0,66.10000000000002,False,False,False,False,False,True,False,False,NNEujZvRlWM
81,15,4.466666666666667,0.203125,0,0,0,False,0.037037037037037035,False,0,0,0.234,0.243,0.524,-0.0498,71.76785714285715,False,False,False,False,False,True,False,False,tyyfNe7UwCc
70,12,4.916666666666667,0.1694915254237288,0,0,0,False,0.0,False,0,0,0.495,0.0,0.505,0.8329,60.70500000000001,False,False,False,False,False,True,False,False,kfmmEN6V0xM
80,13,5.230769230769231,0.16923076923076924,0,0,0,False,0.0125,True,1,0,0.0,0.0,1.0,0.0,39.55500000000001,False,False,False,False,False,True,False,False,BGRRahY1a9k
85,17,4.0588235294117645,0.18181818181818182,0,0,0,False,0.011764705882352941,True,2,0,0.254,0.0,0.746,0.6249,74.27000000000001,False,False,False,False,True,True,False,False,UWP4i8vcM2Y
42,7,5.142857142857143,0.11428571428571428,0,0,0,False,0.023809523809523808,False,0,0,0.0,0.0,1.0,0.0,45.64500000000001,False,False,False,False,False,False,False,False,AkPsGTpl5gc
40,7,4.857142857142857,0.12121212121212122,0,0,0,False,0.025,False,0,0,0.0,0.0,1.0,0.0,59.745000000000005,False,False,False,False,False,False,False,False,jyYROSB2tOg
39,7,4.714285714285714,0.125,0,0,0,False,0.02564102564102564,False,0,0,0.0,0.0,1.0,0.0,59.745000000000005,False,False,False,False,False,False,False,False,_hqeZt9ijfg
41,7,5.0,0.11764705882352941,0,0,0,False,0.024390243902439025,False,0,0,0.0,0.0,1.0,0.0,45.64500000000001,False,False,False,False,False,False,False,False,hWkH4EJciAI
40,7,4.857142857142857,0.15151515151515152,0,0,0,False,0.025,False,0,0,0.0,0.0,1.0,0.0,59.745000000000005,False,False,False,False,False,False,True,False,5GY5gplXX2Y
38,6,5.5,0.15625,0,0,0,False,0.02631578947368421,False,0,0,0.0,0.0,1.0,0.0,32.56000000000003,False,False,False,False,False,False,False,False,4rNF1lUbLDY
38,7,4.571428571428571,0.16129032258064516,0,0,0,False,0.02631578947368421,False,0,0,0.0,0.0,1.0,0.0,59.745000000000005,False,False,False,False,False,False,False,False,xBcGkO7a4Xw
38,6,5.5,0.15625,0,0,0,False,0.02631578947368421,False,0,0,0.0,0.0,1.0,0.0,32.56000000000003,False,False,False,False,False,False,False,False,qBrJhBg0Me4
23,5,3.8,0.08333333333333333,0,1,0,False,0.17391304347826086,True,2,0,0.0,0.0,1.0,0.0,117.16000000000003,False,False,False,False,False,False,False,False,zilwuleL9QI
23,5,3.8,0.08333333333333333,0,1,0,False,0.17391304347826086,True,2,0,0.0,0.0,1.0,0.0,117.16000000000003,False,False,False,False,False,False,False,False,H9Ra2u5OuUE
23,5,3.8,0.08333333333333333,0,1,0,False,0.17391304347826086,True,2,0,0.0,0.0,1.0,0.0,117.16000000000003,False,False,False,False,False,False,False,False,5pKNbIKjkGM
23,5,3.8,0.08333333333333333,0,1,0,False,0.17391304347826086,True,2,0,0.0,0.0,1.0,0.0,117.16000000000003,False,False,False,False,False,False,False,False,liaaA-DB_Xg
23,5,3.8,0.08333333333333333,0,1,0,False,0.17391304347826086,True,2,0,0.0,0.0,1.0,0.0,117.16000000000003,False,False,False,False,False,False,False,False,isIbns54pj4
23,5,3.8,0.08333333333333333,0,1,0,False,0.17391304347826086,True,2,0,0.0,0.0,1.0,0.0,117.16000000000003,False,False,False,False,False,False,False,False,D4D31llKRF4
23,5,3.8,0.08333333333333333,0,1,0,False,0.17391304347826086,True,2,0,0.0,0.0,1.0,0.0,117.16000000000003,False,False,False,False,False,False,False,False,3FQQ6Erq1-M
24,6,3.1666666666666665,0.08333333333333333,0,1,0,False,0.16666666666666666,True,2,0,0.0,0.0,1.0,0.0,117.16000000000003,False,False,False,False,False,False,False,False,uI66sL6Xrf8
24,6,3.1666666666666665,0.08333333333333333,0,1,0,False,0.16666666666666666,True,2,0,0.0,0.0,1.0,0.0,117.16000000000003,False,False,False,False,False,False,False,False,5LKg86kwBqY
38,8,3.75,0.11538461538461539,0,1,0,False,0.05263157894736842,True,1,0,0.339,0.0,0.661,0.5562,107.60000000000001,False,False,False,False,False,False,False,False,NdWMJlEhSc8
31,6,4.333333333333333,0.045454545454545456,0,0,0,False,0.06451612903225806,True,1,0,0.0,0.0,1.0,0.0,102.045,False,False,False,False,False,False,True,False,gcOwjtBBGzo
31,6,4.333333333333333,0.045454545454545456,0,0,0,False,0.06451612903225806,True,1,0,0.0,0.0,1.0,0.0,102.045,False,False,False,False,False,False,True,False,tjlqjc3vZTc
31,6,4.333333333333333,0.045454545454545456,0,0,0,False,0.06451612903225806,True,1,0,0.0,0.0,1.0,0.0,102.045,False,False,False,False,False,False,True,False,H-mDb1dtHiE
31,6,4.333333333333333,0.045454545454545456,0,0,0,False,0.06451612903225806,True,1,0,0.0,0.0,1.0,0.0,102.045,False,False,False,False,False,False,True,False,0vSkV-oB46o
31,6,4.333333333333333,0.045454545454545456,0,0,0,False,0.06451612903225806,True,1,0,0.0,0.0,1.0,0.0,102.045,False,False,False,False,False,False,True,False,Cxu-B2whG5s
57,11,4.2727272727272725,0.023255813953488372,0,1,0,False,0.03508771929824561,True,1,0,0.0,0.0,1.0,0.0,87.99727272727276,False,False,False,False,False,False,True,False,_QjvsfM0NVo
28,5,4.8,0.05263157894736842,0,1,0,False,0.10714285714285714,True,1,0,0.0,0.0,1.0,0.0,100.24000000000002,False,False,False,False,False,False,False,False,Ajpv88dwHsA
31,6,4.333333333333333,0.045454545454545456,0,0,0,False,0.06451612903225806,True,1,0,0.0,0.0,1.0,0.0,102.045,False,False,False,False,False,False,True,False,_VC_Zp8URrE
45,9,4.111111111111111,0.0625,0,0,1,False,0.06666666666666667,True,1,0,0.238,0.0,0.762,0.3612,103.70000000000002,False,False,False,False,False,False,False,False,e96KR0Dbbuk
42,10,3.3,0.07142857142857142,0,0,1,False,0.07142857142857142,True,1,0,0.0,0.0,1.0,0.0,103.54,False,False,False,False,False,False,True,False,5i-IRVe_dBY
41,9,3.5555555555555554,0.07142857142857142,0,0,1,False,0.07317073170731707,True,1,0,0.0,0.0,1.0,0.0,103.54,False,False,False,False,False,False,False,False,5IIIHNq-bv8
41,9,3.5555555555555554,0.07142857142857142,0,0,1,False,0.07317073170731707,True,1,0,0.0,0.0,1.0,0.0,103.54,False,False,False,False,False,False,False,False,nj_WcoCApH0
41,9,3.5555555555555554,0.07142857142857142,0,0,1,False,0.07317073170731707,True,1,0,0.0,0.0,1.0,0.0,103.54,False,False,False,False,False,False,False,False,Ccq22w9BQo4
41,9,3.5555555555555554,0.07142857142857142,0,0,1,False,0.07317073170731707,True,1,0,0.0,0.0,1.0,0.0,103.54,False,False,False,False,False,False,False,False,ZlIWviAkaqA
41,9,3.5555555555555554,0.07142857142857142,0,0,1,False,0.07317073170731707,True,1,0,0.0,0.0,1.0,0.0,103.54,False,False,False,False,False,False,False,False,i3OTS6u71ro
41,9,3.5555555555555554,0.07142857142857142,0,0,1,False,0.07317073170731707,True,1,0,0.0,0.0,1.0,0.0,103.54,False,False,False,False,False,False,False,False,1dkQG7GEEaQ
41,9,3.5555555555555554,0.07142857142857142,0,0,1,False,0.07317073170731707,True,1,0,0.0,0.0,1.0,0.0,103.54,False,False,False,False,False,False,False,False,oI8QYH0lr7A
41,9,3.5555555555555554,0.07142857142857142,0,0,1,False,0.07317073170731707,True,1,0,0.0,0.0,1.0,0.0,103.54,False,False,False,False,False,False,False,False,0H93NpnkEEo
41,9,3.5555555555555554,0.07142857142857142,0,0,1,False,0.07317073170731707,True,1,0,0.0,0.0,1.0,0.0,103.54,False,False,False,False,False,False,False,False,wLJBKvrR5SY
44,10,3.4,0.125,0,1,0,False,0.045454545454545456,False,0,0,0.0,0.0,1.0,0.0,94.30000000000001,False,False,False,False,False,False,False,False,LQ-MabASKx8
44,10,3.4,0.125,0,1,0,False,0.045454545454545456,False,0,0,0.0,0.0,1.0,0.0,94.30000000000001,False,False,False,False,False,False,False,False,Nhcft_Q9tC4
50,10,4.0,0.10526315789473684,0,1,0,False,0.04,False,0,0,0.0,0.0,1.0,0.0,75.50000000000003,False,False,False,False,False,False,False,False,zt3ID5MGC0U
45,10,3.6,0.11764705882352941,0,1,0,False,0.044444444444444446,False,0,0,0.0,0.0,1.0,0.0,75.50000000000003,False,False,False,False,False,False,False,False,te5UWAqPXWo
46,10,3.7,0.11428571428571428,0,1,0,False,0.043478260869565216,False,0,0,0.0,0.0,1.0,0.0,75.50000000000003,False,False,False,False,False,False,False,False,29eL03h6qPE
48,10,3.9,0.10810810810810811,0,1,0,False,0.041666666666666664,False,0,0,0.0,0.0,1.0,0.0,75.50000000000003,False,False,False,False,False,False,False,False,5YbqF7bFCLE
46,10,3.7,0.11428571428571428,0,1,0,False,0.043478260869565216,False,0,0,0.0,0.0,1.0,0.0,84.90000000000003,False,False,False,False,False,False,False,False,8f9guccSNoY
43,10,3.4,0.125,0,1,0,False,0.046511627906976744,False,0,0,0.0,0.0,1.0,0.0,94.30000000000001,False,False,False,False,False,False,False,False,l-yEoSjPZyI
47,10,3.8,0.1111111111111111,0,1,0,False,0.0425531914893617,False,0,0,0.0,0.0,1.0,0.0,84.90000000000003,False,False,False,False,False,False,False,False,c7Y4e59r5FY
45,10,3.6,0.11764705882352941,0,1,0,False,0.044444444444444446,False,0,0,0.0,0.0,1.0,0.0,94.30000000000001,False,False,False,False,False,False,False,False,-Pp8e_xxrBI
46,10,3.7,0.11428571428571428,0,1,0,False,0.043478260869565216,False,0,0,0.0,0.0,1.0,0.0,84.90000000000003,False,False,False,False,False,False,False,False,D3FF_GumeaA
47,10,3.8,0.1111111111111111,0,1,0,False,0.0425531914893617,False,0,0,0.0,0.0,1.0,0.0,75.50000000000003,False,False,False,False,False,False,False,False,7Q8SysBQ4zk
47,11,3.3636363636363638,0.11428571428571428,0,1,0,False,0.0425531914893617,False,0,0,0.0,0.0,1.0,0.0,84.90000000000003,False,False,False,False,False,False,True,False,DN08f-ZbvvM
40,9,3.5555555555555554,0.07142857142857142,0,0,0,False,0.1,False,0,1,0.172,0.0,0.828,0.3612,59.745000000000005,False,False,False,False,False,False,False,False,yghffBzJ7ng
50,9,4.666666666666667,0.08108108108108109,0,0,0,False,0.1,False,0,1,0.353,0.0,0.647,0.7184,45.64500000000001,False,False,False,False,True,False,False,False,qczPDhMPV2A
39,8,3.875,0.19230769230769232,0,0,0,False,0.1282051282051282,False,0,1,0.0,0.146,0.854,-0.0516,66.40000000000003,False,False,False,False,False,False,False,False,1eIRSUj_nJc
39,8,3.875,0.07407407407407407,0,0,0,False,0.10256410256410256,False,0,0,0.0,0.0,1.0,0.0,87.94500000000002,False,False,False,False,False,False,False,False,amg6uFrhcYo
32,5,5.6,0.5384615384615384,2,0,0,False,0.0625,False,0,1,0.277,0.139,0.584,0.4404,83.32000000000004,False,False,False,False,False,False,False,False,k7NmJ4LV8tY
19,5,3.0,0.23076923076923078,0,1,0,False,0.10526315789473684,False,0,1,0.292,0.136,0.572,0.4926,90.99000000000004,False,False,False,False,False,False,False,False,NJFLn-Qow-s
57,13,3.3846153846153846,0.1,0,2,0,False,0.07017543859649122,False,0,1,0.0,0.0,1.0,0.0,89.46750000000003,False,False,False,False,False,False,False,False,6ZZrl5YjomY
67,13,4.230769230769231,0.6326530612244898,6,0,0,False,0.08955223880597014,False,0,2,0.0,0.239,0.761,-0.7213,56.70000000000002,False,False,False,False,True,False,False,False,Myoow0b_5pg
80,15,4.4,0.1509433962264151,0,2,0,False,0.1125,True,1,3,0.217,0.121,0.662,0.3578,66.40000000000003,False,False,False,False,False,False,False,False,sSJeuF6-c4Q
45,10,3.5,0.06896551724137931,0,1,0,False,0.13333333333333333,False,0,1,0.215,0.0,0.785,0.5093,78.87285714285717,False,False,False,False,False,False,False,False,tkL-33KtAzU
65,14,3.642857142857143,0.24444444444444444,1,1,0,False,0.09230769230769231,False,0,2,0.15,0.0,0.85,0.4587,70.50704545454548,False,False,False,False,False,False,False,False,dVa7oipxp8g
94,19,3.9473684210526314,0.08333333333333333,0,0,0,False,0.031914893617021274,False,0,0,0.0,0.118,0.882,-0.34,53.120000000000005,False,False,False,False,False,False,False,False,sw9S8lxAOkE
48,11,3.3636363636363638,0.12903225806451613,0,1,1,False,0.10416666666666667,True,1,1,0.165,0.229,0.606,-0.126,86.45000000000002,False,False,False,False,False,False,False,False,iI0-Hb4YYec
56,11,4.090909090909091,0.3,1,0,0,False,0.07142857142857142,True,1,0,0.0,0.0,1.0,0.0,42.61571428571432,False,False,False,False,False,False,False,False,JjjGz4O-7dE
49,11,3.4545454545454546,0.08571428571428572,0,2,0,False,0.061224489795918366,False,0,1,0.146,0.0,0.854,0.2225,65.30000000000001,False,False,False,False,False,False,False,False,OFkUpILPP8c
60,11,4.363636363636363,0.18604651162790697,0,0,0,False,0.08333333333333333,False,0,1,0.0,0.0,1.0,0.0,33.57500000000002,False,False,False,False,False,False,False,False,8l45VwkEJYM
44,8,4.5,0.5151515151515151,2,1,0,False,0.06818181818181818,False,0,1,0.0,0.0,1.0,0.0,45.64500000000001,False,False,False,False,False,False,False,False,KpY7dISkYyI
50,10,4.1,0.7352941176470589,3,2,0,False,0.14,False,0,1,0.0,0.254,0.746,-0.6616,59.745000000000005,False,False,False,False,False,False,False,False,HQCseVYFKew
47,10,3.7,0.2647058823529412,2,1,0,False,0.06382978723404255,False,0,0,0.0,0.0,1.0,0.0,82.39000000000001,False,False,False,False,False,False,False,False,HYAwWDrlJgA
35,8,3.375,1.0,6,1,0,False,0.08571428571428572,False,0,1,0.0,0.0,1.0,0.0,73.84500000000001,False,False,False,False,False,False,False,False,tgvoTCl2BWM
77,15,4.133333333333334,0.5185185185185185,5,0,0,False,0.06493506493506493,True,1,1,0.0,0.404,0.596,-0.8964,53.655,False,False,False,False,False,False,True,False,jdQtNJWgAm8
45,10,3.5,0.06451612903225806,0,1,1,False,0.08888888888888889,False,0,1,0.0,0.194,0.806,-0.4389,82.42535714285715,False,False,False,False,False,False,False,False,nHCdhddV0ao
45,9,4.0,0.09375,0,2,0,False,0.08888888888888889,False,0,1,0.333,0.0,0.667,0.6688,54.70142857142861,False,False,False,False,False,False,True,False,Bp-jxGqYudw
42,8,4.125,0.6785714285714286,4,1,0,False,0.11904761904761904,False,0,1,0.248,0.0,0.752,0.5093,102.045,False,False,False,False,False,False,False,False,SqEgMVY0iTY
52,7,6.428571428571429,0.02631578947368421,0,1,0,False,0.1346153846153846,False,0,1,0.333,0.0,0.667,0.7574,31.545000000000016,False,False,False,False,False,False,False,False,BubS2AVVdRg
38,8,3.75,0.3076923076923077,1,1,0,False,0.10526315789473684,False,0,1,0.442,0.0,0.558,0.7978,102.045,False,False,False,False,False,False,True,False,JKXTpWv4FMU
55,12,3.5833333333333335,0.25,2,1,0,False,0.05454545454545454,False,0,0,0.0,0.0,1.0,0.0,78.24500000000002,False,False,False,False,False,False,False,False,tSvzwonTOes
53,9,4.888888888888889,0.025,0,1,2,False,0.07547169811320754,False,0,0,0.0,0.0,1.0,0.0,42.61571428571432,False,False,False,False,True,False,False,False,qBWWAqs-dtI
53,10,4.4,0.05263157894736842,0,2,0,False,0.11320754716981132,False,0,1,0.28,0.0,0.72,0.6467,46.1682142857143,False,False,False,False,True,False,False,False,nqSHQcbny78
49,9,4.555555555555555,0.10526315789473684,0,2,0,False,0.061224489795918366,False,0,0,0.321,0.0,0.679,0.5837,90.95857142857145,False,False,False,False,False,False,False,False,f2_eJrBVRW4
69,10,6.0,0.5454545454545454,5,1,0,False,0.07246376811594203,False,0,0,0.0,0.0,1.0,0.0,61.26750000000001,False,False,False,False,False,False,False,False,r3NTKjPVa9g
80,15,4.4,1.0,10,0,0,False,0.0875,False,0,1,0.0,0.0,1.0,0.0,27.485000000000014,False,False,False,False,False,False,False,False,tKg0bKPFTaQ
63,9,6.0,0.5681818181818182,3,0,0,False,0.15873015873015872,False,0,1,0.0,0.194,0.806,-0.34,17.44500000000002,False,False,False,False,False,False,False,False,7zQWsyJboSA
58,14,3.2142857142857144,0.4473684210526316,2,0,0,False,0.10344827586206896,True,1,2,0.135,0.0,0.865,0.3612,94.30000000000001,False,False,False,False,False,False,True,False,JOrSMpvSCL0
88,13,5.769230769230769,0.36764705882352944,4,0,0,False,0.07954545454545454,False,0,2,0.0,0.156,0.844,-0.34,19.100000000000023,False,False,False,False,False,False,False,False,Mt74uWfS0AA
89,10,8.0,0.2894736842105263,2,0,0,False,0.0449438202247191,False,0,0,0.282,0.0,0.718,0.5473,19.100000000000023,False,False,False,False,False,False,False,False,gHvsI_zRw1w
69,12,4.833333333333333,0.42,4,0,0,False,0.10144927536231885,True,1,1,0.184,0.158,0.658,0.1027,56.70000000000002,False,False,False,False,False,False,False,False,8E_yPp8rOEo
82,16,4.1875,0.847457627118644,8,0,0,False,0.08536585365853659,True,1,1,0.244,0.0,0.756,0.7297,39.55500000000001,False,False,False,False,False,False,False,False,UzfJjZzlT4Y
65,13,4.076923076923077,0.14285714285714285,0,0,0,False,0.07692307692307693,True,4,0,0.375,0.0,0.625,0.765,78.24500000000002,False,False,False,False,False,False,False,False,1wNmrh2PufE
93,16,4.875,0.13636363636363635,1,0,0,False,0.12903225806451613,False,0,2,0.107,0.0,0.893,0.2023,65.72500000000001,False,False,False,False,False,False,False,False,gM_5gFwrymg
66,14,3.7857142857142856,0.12244897959183673,0,1,0,False,0.06060606060606061,False,0,2,0.076,0.308,0.616,-0.7088,49.48000000000002,False,False,False,True,True,False,False,False,pEoOsWitsTg
78,16,3.875,0.4117647058823529,2,0,0,False,0.1282051282051282,True,1,3,0.0,0.0,1.0,0.0,66.10000000000002,False,False,False,False,False,False,False,False,aGJy6Qdp7VM
64,14,3.642857142857143,0.32608695652173914,1,0,0,False,0.078125,False,0,2,0.136,0.0,0.864,0.4588,69.78500000000001,False,False,False,False,True,False,False,False,am9Q8KwQJ9Q
83,15,4.533333333333333,0.11475409836065574,0,0,0,False,0.08433734939759036,False,0,2,0.0,0.202,0.798,-0.4215,53.655,False,False,False,False,True,False,False,False,9u9_Q72maJo
52,8,5.375,0.475,4,0,0,False,0.057692307692307696,False,0,1,0.367,0.0,0.633,0.7003,31.545000000000016,False,False,False,False,False,False,False,False,6xAz0EaZh3c
77,14,4.571428571428571,0.8076923076923077,6,0,0,False,0.15584415584415584,False,0,1,0.0,0.218,0.782,-0.5994,50.66500000000002,False,False,False,False,False,False,False,False,dwj-ylgeoPs
54,9,5.0,0.18181818181818182,0,0,0,False,0.018518518518518517,False,0,0,0.0,0.0,1.0,0.0,82.39000000000001,False,False,False,False,False,False,False,False,2HQYDiyYeWc
93,14,5.714285714285714,0.3333333333333333,2,0,0,False,0.07526881720430108,True,1,1,0.0,0.0,1.0,0.0,56.97846153846157,False,False,False,False,False,False,False,False,AMujnqr3ZzI
84,16,4.1875,0.171875,1,0,0,False,0.03571428571428571,False,0,1,0.22,0.0,0.78,0.7351,56.97846153846157,False,False,False,False,False,False,False,False,ZbfUJHDxwZE
98,21,3.619047619047619,0.7049180327868853,9,0,0,False,0.1326530612244898,True,2,3,0.0,0.186,0.814,-0.5859,67.53000000000003,False,False,False,False,False,False,False,False,Z-ExTha8dpM
27,4,6.0,0.08695652173913043,0,0,0,False,0.037037037037037035,False,0,0,0.0,0.0,1.0,0.0,33.57500000000002,False,False,False,False,False,False,False,False,x-52_Zi9Xsk
15,3,4.333333333333333,0.1,0,0,0,False,0.2,False,0,1,0.0,0.0,1.0,0.0,77.90500000000002,False,False,False,False,False,False,False,False,SCpzFTSILPY
65,5,12.2,0.0,0,0,0,False,0.3076923076923077,True,1,1,0.0,0.0,1.0,0.0,83.32000000000004,False,False,False,False,False,False,False,False,cmgDlZIU6sw
13,3,3.6666666666666665,0.0,0,0,0,False,0.0,False,0,0,0.623,0.0,0.377,0.5106,90.99000000000004,False,False,False,False,False,False,False,False,bVitMYcHBF8
48,1,48.0,0.23529411764705882,0,0,1,False,0.16666666666666666,True,6,0,0.0,0.0,1.0,0.0,-386.3799999999999,False,False,False,False,False,False,False,False,cqd82IBMt0E
38,5,6.8,0.0,0,0,0,False,0.3684210526315789,False,0,1,0.297,0.179,0.524,0.3291,118.17500000000001,False,False,False,False,False,False,False,False,PTmZWihz5w8
25,3,7.666666666666667,0.13043478260869565,0,0,0,False,0.0,False,0,0,0.649,0.0,0.351,0.5719,34.59000000000003,False,False,False,False,False,False,False,False,nqdmexo5OGw
11,2,5.0,0.2,0,0,0,False,0.0,False,0,0,0.0,0.0,1.0,0.0,77.90500000000002,False,False,False,False,False,False,False,False,kxuAycQcwOE
35,6,4.833333333333333,0.5862068965517241,3,0,0,False,0.0,False,0,0,0.0,0.0,1.0,0.0,73.84500000000001,False,False,False,False,False,False,False,False,E6M3C_2izgM
53,9,5.0,0.06818181818181818,0,0,0,False,0.018867924528301886,False,0,0,0.0,0.0,1.0,0.0,66.10000000000002,False,False,False,False,False,False,False,False,sIoQlfBG7fs
21,4,4.5,0.2222222222222222,0,0,0,False,0.0,False,0,0,0.0,0.0,1.0,0.0,118.17500000000001,False,False,False,False,False,False,False,False,CUsyl4pirS8
64,8,7.125,0.0392156862745098,0,0,0,False,0.09375,False,0,1,0.379,0.0,0.621,0.7717,30.53000000000003,False,False,False,False,False,False,False,False,oUGKE4-vuzA
51,6,7.666666666666667,0.0,0,0,0,False,0.4117647058823529,False,0,0,0.0,0.0,1.0,0.0,116.14500000000001,False,False,False,False,False,False,False,False,CPF1lD_TuWM
18,3,5.333333333333333,0.18181818181818182,0,0,0,False,0.05555555555555555,True,1,0,0.649,0.0,0.351,0.5719,34.59000000000003,False,False,False,False,False,False,False,False,pBwTo9RcTCA
65,8,7.25,0.10344827586206896,0,0,0,False,0.0,False,0,0,0.333,0.0,0.667,0.5423,8.365000000000009,False,False,False,False,False,False,False,False,sg7XFpkiuqU
67,11,5.181818181818182,0.4528301886792453,3,0,0,False,0.04477611940298507,True,1,0,0.0,0.0,1.0,0.0,40.09,False,False,False,False,False,False,False,False,9gkZmmXtJWI
30,5,5.2,0.038461538461538464,0,0,0,False,0.0,False,0,0,0.0,0.0,1.0,0.0,49.48000000000002,False,False,False,False,False,False,False,False,DQjinrgTAo4
62,12,4.25,0.5,3,0,0,False,0.04838709677419355,True,2,0,0.0,0.0,1.0,0.0,66.10000000000002,False,False,False,False,False,False,False,False,VyvHVOG9N2o
35,5,6.0,0.13793103448275862,0,0,0,False,0.02857142857142857,False,0,0,0.0,0.0,1.0,0.0,33.57500000000002,False,False,False,False,False,False,False,False,aNAKjHZEzh8
26,5,4.4,0.16666666666666666,0,1,0,False,0.15384615384615385,False,0,1,0.473,0.127,0.4,0.908,97.025,False,False,False,False,False,False,False,False,xYVpUU9gPzU
37,4,8.5,0.0,0,0,0,False,0.43243243243243246,False,0,1,0.0,0.0,1.0,0.0,119.19000000000003,False,False,False,False,False,False,False,False,JGBsGTEE2ss
57,9,5.444444444444445,0.09302325581395349,0,0,0,False,0.03508771929824561,True,1,0,0.316,0.0,0.684,0.5719,30.53000000000003,False,False,False,False,False,False,False,False,9uE_8CWl7_0
29,4,6.5,0.09090909090909091,0,0,0,False,0.0,True,1,0,0.0,0.0,1.0,0.0,33.57500000000002,False,False,False,False,False,False,False,False,XDCH-weGHYo
60,10,5.1,0.11904761904761904,0,0,0,False,0.15,False,0,0,0.0,0.0,1.0,0.0,75.50000000000003,False,False,False,True,False,False,False,False,VajfQgTB6gI
93,13,6.076923076923077,0.15384615384615385,0,0,0,False,0.010752688172043012,False,0,0,0.0,0.0,1.0,0.0,32.504999999999995,False,False,False,True,False,False,False,False,OFR1T50Q_Gc
83,14,5.0,0.13432835820895522,0,0,0,False,0.03614457831325301,False,0,0,0.0,0.0,1.0,0.0,41.8518181818182,False,False,False,True,False,False,False,False,5t89ajnI0pk
80,13,5.230769230769231,0.15151515151515152,0,0,0,False,0.025,False,0,0,0.0,0.0,1.0,0.0,49.54272727272729,False,False,False,True,False,False,False,False,MWJy6KngfXs
70,13,4.461538461538462,0.21818181818181817,1,0,0,False,0.04285714285714286,False,0,0,0.0,0.0,1.0,0.0,61.32500000000002,False,False,False,True,False,False,False,False,EIfOpP7X4sc
62,12,4.25,0.40425531914893614,2,0,0,False,0.03225806451612903,True,1,0,0.0,0.0,1.0,0.0,69.78500000000001,False,False,False,True,False,False,False,False,tJA1yfetXHY
93,14,5.714285714285714,0.14102564102564102,0,0,0,False,0.021505376344086023,False,0,0,0.0,0.0,1.0,0.0,32.504999999999995,False,False,False,True,False,False,False,False,cGrg5fbOV_s
54,10,4.2,0.1891891891891892,0,0,0,False,0.0,True,2,0,0.0,0.0,1.0,0.0,78.24500000000002,False,False,False,False,False,False,False,False,rWUu5m9TWJY
41,8,4.25,0.45161290322580644,2,0,0,False,0.024390243902439025,True,1,0,0.0,0.0,1.0,0.0,90.95857142857145,False,False,False,False,False,False,False,False,76lFTZpTntg
40,7,4.857142857142857,1.0,5,0,0,False,0.075,True,1,0,0.0,0.0,1.0,0.0,59.745000000000005,False,False,False,False,False,False,False,False,V0gJCMMg3dk
38,6,5.166666666666667,1.0,5,0,0,False,0.0,True,1,0,0.0,0.0,1.0,0.0,59.745000000000005,False,False,False,False,False,False,False,False,meGKT38KUaM
23,4,5.0,0.08333333333333333,0,1,0,False,0.34782608695652173,False,0,1,0.285,0.0,0.715,0.4199,119.19000000000003,False,False,False,False,False,False,False,False,CKoWfBlCYCA
77,12,5.5,0.14754098360655737,1,0,0,False,0.06493506493506493,False,0,0,0.185,0.0,0.815,0.3612,18.940000000000026,False,False,False,False,False,False,False,False,q6nFxdADpAU
47,6,7.0,0.07317073170731707,0,0,0,False,0.02127659574468085,False,0,0,0.333,0.0,0.667,0.3612,31.545000000000016,False,False,False,False,False,False,False,False,yM1dE6rvZ-k
46,6,6.166666666666667,0.027777777777777776,0,0,0,False,0.021739130434782608,False,0,0,0.0,0.0,1.0,0.0,17.44500000000002,False,False,False,False,False,False,False,False,8t_pIHomSjw
84,14,5.071428571428571,0.16176470588235295,0,0,0,False,0.03571428571428571,False,0,0,0.0,0.0,1.0,0.0,41.8518181818182,False,False,False,True,False,False,False,False,ihbyr394iH8
68,13,4.3076923076923075,0.03636363636363636,0,0,0,False,0.014705882352941176,False,0,0,0.333,0.0,0.667,0.6705,69.99384615384618,False,False,False,False,False,False,True,False,H01TC2qAcx4
54,9,5.111111111111111,0.13333333333333333,0,0,0,False,0.018518518518518517,False,0,0,0.0,0.0,1.0,0.0,61.24000000000001,False,False,False,True,False,False,False,False,0TFPDWucvVo
56,9,5.333333333333333,0.15217391304347827,0,0,0,False,0.03571428571428571,False,0,0,0.238,0.0,0.762,0.3612,28.50000000000003,False,False,False,False,False,False,False,False,EaKLu9f-b4Q
41,6,6.0,0.1388888888888889,0,0,0,False,0.0,False,0,0,0.0,0.0,1.0,0.0,31.545000000000016,False,False,False,False,False,False,False,False,NpdsvIteA1k
52,8,5.625,0.17777777777777778,1,0,0,False,0.0,False,0,0,0.352,0.0,0.648,0.5859,40.09,False,False,False,False,False,False,False,False,xF0LWEmqubo
55,8,6.0,0.20512820512820512,1,0,0,False,0.03636363636363636,True,3,0,0.0,0.0,1.0,0.0,6.35857142857148,False,False,False,False,False,False,False,False,-udH6vBShAk
58,11,4.363636363636363,0.2391304347826087,1,0,0,False,0.034482758620689655,False,0,0,0.0,0.0,1.0,0.0,75.50000000000003,False,False,False,False,False,True,False,False,Pgmrr1tyrkA
63,13,3.923076923076923,0.14285714285714285,0,0,0,False,0.031746031746031744,False,0,0,0.357,0.0,0.643,0.7269,81.85500000000002,False,False,False,False,False,False,False,False,Lo5dH-jNdOU
97,14,5.928571428571429,0.16666666666666666,0,0,0,False,0.05154639175257732,False,0,0,0.231,0.0,0.769,0.5994,19.025000000000006,False,False,False,False,False,False,False,False,CCquDpVL014
76,15,4.133333333333334,0.17543859649122806,0,0,0,False,0.05263157894736842,True,1,0,0.0,0.0,1.0,0.0,41.8518181818182,False,False,False,False,False,True,False,False,0pnmmX4lYOw
76,15,4.133333333333334,0.17543859649122806,0,0,0,False,0.05263157894736842,True,1,0,0.0,0.0,1.0,0.0,41.8518181818182,False,False,False,False,False,True,False,False,ieAnnnTn7R0
36,6,5.166666666666667,0.20689655172413793,0,1,1,False,0.05555555555555555,False,0,0,0.0,0.0,1.0,0.0,76.89000000000003,False,False,False,False,False,False,False,False,iTooRBH_Mtw
34,7,4.0,0.2692307692307692,0,1,1,False,0.058823529411764705,False,0,0,0.285,0.0,0.715,0.3382,90.95857142857145,False,False,False,False,True,False,False,False,8E5jOr8NkvM
66,11,5.090909090909091,0.2,0,1,0,False,0.015151515151515152,False,0,0,0.0,0.0,1.0,0.0,87.99727272727276,False,False,False,True,False,False,False,False,r9IBQ-Th6s4
42,7,5.142857142857143,0.21212121212121213,0,1,0,False,0.07142857142857142,False,0,0,0.318,0.0,0.682,0.4199,82.42535714285715,False,False,False,False,True,False,False,False,DRnykWMAiKw
36,6,5.166666666666667,0.20689655172413793,0,2,0,False,0.05555555555555555,False,0,0,0.0,0.0,1.0,0.0,76.89000000000003,False,False,False,False,True,False,False,False,ouct6UrIGOo
36,6,5.166666666666667,0.2,0,1,0,False,0.027777777777777776,False,0,0,0.0,0.0,1.0,0.0,87.94500000000002,False,False,False,True,False,False,False,False,fW4cvgxkXgg
15,3,4.333333333333333,0.25,0,0,1,False,0.06666666666666667,False,0,0,0.0,0.0,1.0,0.0,119.19000000000003,False,False,False,False,False,False,False,False,iW8BSW_Eh5A
32,7,3.7142857142857144,0.2916666666666667,0,1,1,False,0.0625,False,0,0,0.405,0.0,0.595,0.6239,103.04428571428575,False,False,False,False,False,False,False,False,2u4v1uWsxp4
35,4,8.0,0.12903225806451613,0,1,0,False,0.02857142857142857,False,0,0,0.538,0.0,0.462,0.5411,-8.724999999999994,False,False,False,False,False,False,False,False,x2HPmPNMdLk
61,12,4.166666666666667,0.25,0,1,0,False,0.03278688524590164,False,0,0,0.0,0.191,0.809,-0.3802,81.85500000000002,False,False,False,False,False,False,False,False,fSKbLGc0J_Y
28,7,3.142857142857143,0.3333333333333333,0,0,1,False,0.03571428571428571,False,0,0,0.47,0.188,0.342,0.5106,106.59678571428573,False,False,False,False,False,False,False,False,ypkLyRaf6pY
45,6,6.666666666666667,0.15384615384615385,0,1,0,False,0.022222222222222223,False,0,0,0.0,0.366,0.634,-0.4389,45.64500000000001,False,False,False,False,False,False,False,False,wf-RNPt6w-I
31,6,4.333333333333333,0.23809523809523808,0,1,0,False,0.03225806451612903,True,1,0,0.0,0.0,1.0,0.0,102.045,False,False,False,False,False,False,True,False,gLa6hM_r9Zo
34,7,4.0,0.25925925925925924,0,1,0,False,0.029411764705882353,False,0,0,0.0,0.0,1.0,0.0,103.04428571428575,False,False,False,False,False,False,False,False,G1skUzOmVn8
41,7,5.0,0.1935483870967742,0,2,0,False,0.04878048780487805,True,1,0,0.0,0.0,1.0,0.0,82.42535714285715,False,False,False,False,True,False,False,False,SlIZAiXGg2g
26,4,5.75,0.18181818181818182,0,1,0,False,0.038461538461538464,False,0,0,0.0,0.0,1.0,0.0,97.025,False,False,False,False,False,False,False,False,SDtJlfwGjRw
24,3,7.333333333333333,0.11764705882352941,0,1,0,False,0.041666666666666664,True,1,0,0.0,0.0,1.0,0.0,62.79000000000002,False,False,False,False,False,False,False,False,SAdaivmymdk
31,5,5.4,0.19230769230769232,0,1,0,False,0.03225806451612903,False,0,0,0.0,0.0,1.0,0.0,66.40000000000003,False,False,False,False,False,False,False,False,2JuHAOXesqA
53,9,5.0,0.21428571428571427,0,2,0,False,0.05660377358490566,False,0,0,0.0,0.291,0.709,-0.508,70.66750000000002,False,False,False,False,False,False,False,False,TnbqQRASSeA
36,5,6.4,0.16666666666666666,0,2,0,False,0.05555555555555555,False,0,0,0.0,0.0,1.0,0.0,66.40000000000003,False,False,False,False,False,False,False,False,ZX5LOnIuRw8
32,4,7.25,0.14814814814814814,0,2,0,False,0.0625,False,0,0,0.0,0.0,1.0,0.0,33.57500000000002,False,False,False,False,True,False,False,False,PKnKRbybgRg
27,5,4.6,0.2727272727272727,0,1,0,False,0.037037037037037035,False,0,0,0.0,0.393,0.607,-0.3802,49.48000000000002,False,False,False,False,True,False,True,False,W1NTIeWt-Ls
55,8,6.0,0.17391304347826086,0,2,0,False,0.03636363636363636,False,0,0,0.512,0.0,0.488,0.7418,54.72500000000002,False,False,False,False,False,False,False,False,l9pRxmkIwyY
51,9,4.777777777777778,0.21052631578947367,0,1,0,False,0.0196078431372549,True,1,0,0.0,0.0,1.0,0.0,66.10000000000002,False,False,False,False,False,False,True,False,wkxAIxXTXkA
38,7,4.571428571428571,0.22580645161290322,0,1,0,False,0.02631578947368421,False,0,0,0.0,0.0,1.0,0.0,78.87285714285717,False,False,False,False,False,False,False,False,irwguJ04aHk
46,7,5.714285714285714,0.1891891891891892,0,2,0,False,0.06521739130434782,False,0,0,0.325,0.0,0.675,0.4374,58.25392857142859,False,False,False,False,False,True,False,False,ZH_Q9gEcyYs
41,9,3.6666666666666665,0.2903225806451613,0,2,0,False,0.04878048780487805,False,0,0,0.354,0.0,0.646,0.658,98.8675,False,False,False,False,True,False,False,False,ZxuSYLYiCWY
52,10,4.3,0.23809523809523808,0,1,0,False,0.019230769230769232,False,0,0,0.224,0.0,0.776,0.3802,78.24500000000002,False,False,False,False,False,False,True,False,7fLvRdb2BH4
62,12,4.25,0.22448979591836735,0,1,0,False,0.016129032258064516,True,1,0,0.0,0.0,1.0,0.0,66.79500000000002,False,False,False,False,False,False,False,False,j4xAY2Ejg8c
93,17,4.529411764705882,0.22666666666666666,0,2,0,False,0.021505376344086023,False,0,0,0.0,0.0,1.0,0.0,78.77220588235295,False,False,False,False,False,False,False,False,OYHVA0gr4OE
18,3,5.333333333333333,0.1875,0,0,0,False,0.0,False,0,0,0.0,0.0,1.0,0.0,90.99000000000004,False,False,False,False,False,False,False,False,ifF5lUCbFd4
37,7,4.428571428571429,0.2413793103448276,0,2,0,False,0.05405405405405406,False,0,0,0.0,0.0,1.0,0.0,103.04428571428575,False,False,False,False,False,False,True,False,kvnx-DSl9gI
28,5,4.8,0.21739130434782608,0,1,0,False,0.03571428571428571,False,0,0,0.0,0.0,1.0,0.0,66.40000000000003,False,False,False,False,False,False,False,False,3jYndlY0mCk
35,6,5.0,0.20689655172413793,0,1,0,False,0.02857142857142857,False,0,0,0.0,0.0,1.0,0.0,59.745000000000005,False,False,False,False,False,False,False,False,E6-_H7jqBYs
46,7,5.714285714285714,0.7567567567567568,5,1,0,False,0.06521739130434782,False,0,0,0.0,0.0,1.0,0.0,54.70142857142861,False,False,False,False,True,False,False,False,zNAH3nfD7bA
35,6,5.0,0.20689655172413793,0,1,0,False,0.02857142857142857,False,0,0,0.0,0.0,1.0,0.0,73.84500000000001,False,False,False,False,False,False,False,False,F6tFk-e1sBA
39,6,5.666666666666667,0.17857142857142858,0,2,0,False,0.05128205128205128,True,1,0,0.0,0.0,1.0,0.0,62.79000000000002,False,False,False,False,True,False,False,False,19lq6UO1xZE
34,6,4.833333333333333,0.21428571428571427,0,1,0,False,0.029411764705882353,False,0,0,0.444,0.0,0.556,0.6114,87.94500000000002,False,False,False,False,False,False,False,False,wHZ4oij9fgU
29,5,5.0,0.22727272727272727,0,2,0,False,0.10344827586206896,False,0,0,0.0,0.0,1.0,0.0,83.32000000000004,False,False,False,False,True,False,False,False,pb-rRMwGGFw
19,4,4.0,0.26666666666666666,0,0,1,False,0.05263157894736842,False,0,0,0.583,0.0,0.417,0.6369,118.17500000000001,False,False,False,False,True,False,False,False,g8wAw6r_rDc
28,4,6.25,0.16666666666666666,0,1,0,False,0.03571428571428571,False,0,0,0.454,0.0,0.546,0.3595,-8.724999999999994,False,False,False,False,False,False,False,False,agRkkNwy0JY
30,4,6.75,0.13636363636363635,0,1,0,False,0.03333333333333333,True,1,0,0.0,0.0,1.0,0.0,33.57500000000002,False,False,False,False,False,False,False,False,OG4Zr1ydtmo
43,8,4.5,0.27586206896551724,1,1,0,False,0.046511627906976744,True,2,0,0.0,0.0,1.0,0.0,82.39000000000001,False,False,False,False,True,False,False,False,Ma3rufrIuVU
19,4,4.0,0.26666666666666666,0,0,1,False,0.05263157894736842,False,0,0,0.583,0.0,0.417,0.6369,118.17500000000001,False,False,False,False,True,False,False,False,FiOLAZs2kZs
43,8,4.5,0.27586206896551724,1,1,0,False,0.046511627906976744,True,2,0,0.0,0.0,1.0,0.0,82.39000000000001,False,False,False,False,True,False,False,False,mE2Uu25s7Bk
85,15,4.733333333333333,0.23809523809523808,1,2,0,False,0.03529411764705882,True,2,0,0.0,0.0,1.0,0.0,80.78250000000001,False,False,False,False,True,False,True,False,bS-cyLL3LbU
25,4,5.5,0.19047619047619047,0,1,0,False,0.04,False,0,0,0.0,0.0,1.0,0.0,54.72500000000002,False,False,False,False,False,False,False,False,h-KkA_I1c88
39,6,5.666666666666667,0.20689655172413793,0,1,1,True,0.1282051282051282,False,0,0,0.0,0.0,1.0,0.0,76.89000000000003,False,False,False,False,True,False,False,False,cippepgroag
26,4,5.75,0.17391304347826086,0,0,0,False,0.0,False,0,0,0.0,0.0,1.0,0.0,75.87500000000001,False,False,False,False,False,False,False,False,QRpkNKRi9ZU
47,9,4.333333333333333,0.23684210526315788,0,1,0,False,0.02127659574468085,False,0,0,0.26,0.232,0.508,0.1007,84.90000000000003,False,False,False,False,False,False,False,False,Yj9g3--CBgQ
64,11,4.909090909090909,0.43137254901960786,3,0,0,False,0.046875,False,0,0,0.18,0.0,0.82,0.296,78.24500000000002,False,False,False,False,False,False,False,False,REh3_HUgf2c
76,16,3.8125,0.25862068965517243,0,0,1,False,0.039473684210526314,False,0,0,0.0,0.0,1.0,0.0,56.25000000000003,False,False,False,False,False,False,True,False,mxsdaCwnGfM
73,15,3.933333333333333,0.2222222222222222,0,0,1,True,0.0684931506849315,False,0,0,0.309,0.0,0.691,0.7003,83.85357142857143,False,False,False,False,False,False,True,False,UZDEh5x14eg
46,10,3.7,0.22857142857142856,0,0,1,False,0.043478260869565216,False,0,0,0.2,0.16,0.64,0.128,103.70000000000002,False,False,False,False,False,False,False,False,rLXZNdiEUao
42,7,5.142857142857143,0.22857142857142856,0,0,0,False,0.023809523809523808,False,0,0,0.259,0.0,0.741,0.2732,66.7871428571429,False,False,True,False,False,False,False,False,BVgS8j95mQM
80,14,4.785714285714286,0.1694915254237288,0,0,0,False,0.05,True,2,0,0.0,0.0,1.0,0.0,46.60500000000002,False,False,False,False,False,False,True,False,FS7w6VJH234
77,13,5.0,0.16393442622950818,1,1,0,False,0.05194805194805195,False,0,0,0.166,0.0,0.834,0.3382,63.486153846153854,False,False,True,False,False,False,False,False,BxqfsVYFvec
51,11,3.727272727272727,0.25,0,0,0,True,0.0196078431372549,False,0,0,0.0,0.0,1.0,0.0,95.68818181818183,False,False,False,False,False,False,True,False,zBVAG2fJD1Q
43,6,6.333333333333333,0.1388888888888889,0,0,0,True,0.046511627906976744,False,0,0,0.0,0.0,1.0,0.0,59.745000000000005,False,False,False,False,True,False,False,False,zB2YKfw3Sao
62,12,4.25,0.24,1,0,0,False,0.016129032258064516,False,0,0,0.0,0.147,0.853,-0.2263,80.30636363636367,False,False,False,False,False,False,True,False,OnlI-5eLqH0
69,14,4.0,0.21818181818181817,0,0,0,False,0.014492753623188406,False,0,0,0.0,0.085,0.915,-0.0516,83.0092307692308,False,False,False,True,False,False,True,False,B4mDuMtU5ZA
60,13,3.6923076923076925,0.2,0,0,0,False,0.05,False,0,0,0.0,0.203,0.797,-0.2023,103.37909090909093,False,False,False,False,True,False,True,False,wGp52uud3hY
70,13,4.461538461538462,0.2857142857142857,2,0,0,False,0.02857142857142857,False,0,0,0.0,0.15,0.85,-0.2755,32.504999999999995,False,False,False,False,True,False,False,False,MQx26erg7ig
51,10,4.2,0.1951219512195122,0,0,1,False,0.0196078431372549,False,0,0,0.135,0.0,0.865,0.1027,69.78500000000001,False,False,False,True,False,False,False,False,PX2tDe2PMns
48,7,6.0,0.15789473684210525,0,0,0,True,0.08333333333333333,False,0,0,0.0,0.0,1.0,0.0,66.7871428571429,False,False,False,False,False,False,False,False,Puq7Hh2JVtE
46,9,4.222222222222222,0.3333333333333333,1,0,0,False,0.043478260869565216,False,0,0,0.0,0.0,1.0,0.0,84.90000000000003,False,False,False,False,False,False,False,False,zOuSIGuAchg
56,10,4.7,0.1956521739130435,0,0,0,True,0.017857142857142856,False,0,0,0.0,0.0,1.0,0.0,95.165,False,False,False,True,False,False,True,False,8uRPfcZA7D8
56,9,5.222222222222222,0.5217391304347826,3,0,0,False,0.017857142857142856,False,0,0,0.0,0.0,1.0,0.0,40.09,False,False,False,False,False,False,False,False,KtgPS3WtqCk
65,11,5.0,0.1875,0,0,0,False,0.046153846153846156,True,1,0,0.0,0.0,1.0,0.0,37.900000000000034,False,False,False,False,False,False,True,False,UsgCuo3dWd4
61,14,3.357142857142857,0.3111111111111111,2,0,0,False,0.03278688524590164,False,0,0,0.0,0.0,1.0,0.0,102.53230769230771,False,False,False,True,False,False,False,False,Hf4ifRFNHy0
52,10,4.3,0.23684210526315788,1,1,0,True,0.09615384615384616,False,0,0,0.0,0.0,1.0,0.0,98.8675,False,False,False,False,False,False,True,False,E6gaaNVEAJ0
38,7,4.571428571428571,0.16129032258064516,0,0,0,False,0.02631578947368421,False,0,0,0.0,0.0,1.0,0.0,59.745000000000005,False,False,False,True,False,False,False,False,JH1prBz3VNw
65,14,3.642857142857143,0.25,1,0,0,False,0.046153846153846156,False,0,2,0.26,0.394,0.346,-0.4404,72.61545454545457,False,False,False,False,True,False,False,False,SPlx5WOL6gU
55,7,7.0,0.425531914893617,2,1,0,False,0.03636363636363636,False,0,0,0.398,0.19,0.412,0.5461,21.99678571428572,False,False,False,False,True,False,False,False,y3PaVUDzN7g
62,12,4.25,0.3469387755102041,2,0,1,False,0.03225806451612903,False,0,0,0.31,0.0,0.69,0.7125,88.905,False,False,False,False,False,False,False,False,sc9IjevWIvQ
55,10,4.6,0.20454545454545456,0,0,0,True,0.03636363636363636,False,0,0,0.0,0.0,1.0,0.0,56.70000000000002,False,False,True,False,False,False,True,False,ncqZkG1HTEA
91,16,4.75,0.1917808219178082,0,0,0,False,0.03296703296703297,False,0,0,0.243,0.0,0.757,0.5423,47.59642857142859,False,False,True,False,True,False,False,False,xfeeapJ1LQQ
62,10,5.3,0.16,0,0,0,False,0.04838709677419355,False,0,0,0.0,0.0,1.0,0.0,28.50000000000003,False,False,False,False,True,False,False,False,VH81LAPtZZI
80,12,5.75,0.27941176470588236,1,0,0,False,0.0125,False,0,0,0.309,0.0,0.691,0.7119,41.8518181818182,False,False,False,False,False,False,False,False,OGsnAsLXIqk
73,12,5.166666666666667,0.16666666666666666,0,0,0,False,0.0273972602739726,False,0,0,0.0,0.0,1.0,0.0,57.23363636363638,False,False,False,False,False,False,False,False,2dwC50jWQWE
59,9,5.666666666666667,0.14285714285714285,0,0,0,False,0.03389830508474576,False,0,0,0.0,0.0,1.0,0.0,8.365000000000009,False,False,False,False,False,False,False,False,zQ2FEze8aPM
37,6,5.333333333333333,0.16129032258064516,0,0,0,False,0.02702702702702703,False,0,0,0.0,0.0,1.0,0.0,-1.2799999999999727,False,False,False,False,False,False,False,False,4ov91bslhkc
76,13,4.923076923076923,0.16393442622950818,0,0,0,False,0.039473684210526314,False,0,0,0.178,0.0,0.822,0.3818,49.54272727272729,False,False,False,False,False,False,False,False,qI3aIwWItKQ
81,15,4.466666666666667,0.171875,0,0,1,False,0.037037037037037035,False,0,0,0.0,0.0,1.0,0.0,63.486153846153854,False,False,False,False,False,False,False,False,Pf7d0z6xsww
83,15,4.533333333333333,0.16923076923076924,0,0,0,False,0.03614457831325301,False,0,0,0.0,0.0,1.0,0.0,69.99384615384618,False,False,False,False,False,False,False,False,5vDkIqu-M4Y
53,7,6.571428571428571,0.16279069767441862,0,0,0,False,0.05660377358490566,False,0,0,0.565,0.0,0.435,0.7579,30.53000000000003,False,False,False,False,False,False,False,False,6nvVfe7j3Pw
54,10,4.5,0.16279069767441862,0,1,0,False,0.037037037037037035,False,0,0,0.0,0.0,1.0,0.0,80.06750000000002,False,False,False,False,False,False,True,False,rQnchStAF2c
56,12,3.6666666666666665,0.2682926829268293,0,1,0,False,0.05357142857142857,False,0,0,0.0,0.0,1.0,0.0,108.96159090909092,False,False,False,False,False,False,False,False,xms6Hxygx_k
74,12,5.166666666666667,0.19298245614035087,0,1,1,False,0.06756756756756757,False,0,0,0.0,0.0,1.0,0.0,55.12522727272727,False,False,False,False,False,False,False,False,wdN0uBDWqno
62,11,4.7272727272727275,0.2692307692307692,1,0,0,False,0.0,False,0,0,0.0,0.0,1.0,0.0,80.30636363636367,False,False,False,False,False,False,True,False,2caeTa-WSTc
64,9,6.222222222222222,0.14814814814814814,0,0,0,False,0.03125,False,0,0,0.0,0.0,1.0,0.0,50.66500000000002,False,False,False,False,False,False,False,False,IWH5c8gSSqQ
48,8,5.125,0.13157894736842105,0,0,0,False,0.0625,False,0,1,0.0,0.0,1.0,0.0,45.64500000000001,False,False,False,False,False,False,False,False,8vflUatE7Oc
96,15,5.466666666666667,0.15789473684210525,0,0,1,False,0.0625,False,0,0,0.0,0.0,1.0,0.0,70.08365384615385,False,False,False,False,False,False,False,False,KQM1ikVe8FI
58,10,4.9,0.17391304347826086,0,0,0,False,0.05172413793103448,False,0,0,0.0,0.0,1.0,0.0,50.66500000000002,False,False,False,False,False,False,False,False,ziv0mAIXAcM
64,11,4.909090909090909,0.15384615384615385,0,1,0,False,0.03125,False,0,0,0.0,0.0,1.0,0.0,52.86500000000001,False,False,False,False,False,False,False,False,_t6YAZe2JfI
55,10,4.6,0.18604651162790697,0,0,0,False,0.05454545454545454,False,0,1,0.0,0.0,1.0,0.0,50.66500000000002,False,False,False,False,False,False,True,False,zntn97SvfI0
49,8,5.25,0.5853658536585366,3,0,0,False,0.02040816326530612,False,0,0,0.0,0.0,1.0,0.0,18.44428571428574,False,False,False,False,False,False,False,False,93-Lej9DtJM
57,10,4.8,0.1956521739130435,0,1,0,False,0.03508771929824561,False,0,0,0.28,0.0,0.72,0.5411,86.70500000000001,False,False,False,False,False,False,False,False,a88PqY8cVAw
67,12,4.666666666666667,0.16981132075471697,0,0,0,False,0.04477611940298507,False,0,0,0.252,0.0,0.748,0.5719,89.97500000000002,False,False,False,False,False,False,False,False,KDjit8_maH4
56,11,4.181818181818182,0.20930232558139536,0,1,2,False,0.05357142857142857,False,0,0,0.0,0.283,0.717,-0.6062,85.88886363636365,False,False,False,False,False,False,True,False,hAwDEMyLFHQ
91,10,8.2,0.0,0,0,0,False,0.23076923076923078,False,0,1,0.293,0.324,0.383,0.0258,27.485000000000014,False,False,False,False,True,False,False,False,M6MsWZ026IE
85,10,7.6,0.0,0,0,0,False,0.3411764705882353,False,0,0,0.0,0.0,1.0,0.0,103.625,False,False,False,False,False,False,False,False,xVrOV26LYlA
100,15,5.733333333333333,0.0,0,0,0,False,0.32,False,0,0,0.0,0.0,1.0,0.0,107.01000000000002,False,False,False,False,False,False,False,False,jy8W6CNAc5o
100,16,5.3125,0.0,0,0,0,False,0.25,False,0,1,0.0,0.11,0.89,-0.2748,78.81000000000003,False,False,False,False,True,False,False,False,GgJarwFm_aI
100,19,4.315789473684211,0.0,0,0,0,False,0.3,False,0,1,0.142,0.071,0.787,0.4404,94.565,False,False,False,False,True,False,False,False,4cn4mXDeX-w
98,13,6.615384615384615,0.01639344262295082,0,0,0,False,0.25510204081632654,False,0,2,0.071,0.114,0.815,-0.204,69.99384615384618,False,False,False,False,True,False,False,False,49dFCWcqTgg
79,11,6.2727272727272725,0.0,0,0,0,False,0.25316455696202533,False,0,2,0.083,0.147,0.769,-0.25,61.32500000000002,False,False,False,False,True,False,False,False,auv8vukcpOM
83,13,5.461538461538462,0.0,0,0,0,False,0.24096385542168675,False,0,1,0.148,0.0,0.852,0.1531,67.75500000000001,False,False,False,False,True,False,False,False,fl6HU8BN7EY
73,10,6.4,0.0,0,0,0,False,0.2328767123287671,False,0,0,0.0,0.0,1.0,0.0,61.32500000000002,False,False,False,False,True,False,False,False,ql1obsVEaWs
95,14,5.857142857142857,0.0,0,0,0,False,0.29473684210526313,False,0,0,0.313,0.0,0.687,0.8074,69.99384615384618,False,False,False,False,True,False,False,False,zEPn6k91eXo
58,7,7.428571428571429,0.0,0,0,0,False,0.22413793103448276,False,0,1,0.3,0.0,0.7,0.7184,42.61571428571432,False,False,False,False,True,False,False,False,5JZ1CN4p0M8
99,14,6.142857142857143,0.0,0,0,0,False,0.32323232323232326,False,0,1,0.0,0.091,0.909,-0.2263,101.98214285714286,False,False,False,False,False,False,False,False,5J-dTswjJg4
100,16,5.3125,0.0,0,0,0,False,0.26,False,0,1,0.0,0.126,0.874,-0.3182,78.81000000000003,False,False,False,False,False,False,False,False,XCb1cKG7sJU
100,16,5.3125,0.0,0,0,0,False,0.27,False,0,2,0.119,0.105,0.776,-0.1779,73.17000000000003,False,False,False,False,True,False,False,False,mBMzKljcSho
97,13,6.538461538461538,0.0,0,0,0,False,0.27835051546391754,False,0,1,0.0,0.15,0.85,-0.3182,69.99384615384618,False,False,False,False,True,False,False,False,SNsAgIIZZTA
85,8,9.625,0.0,0,0,0,False,0.21176470588235294,False,0,1,0.378,0.0,0.622,0.8074,18.940000000000026,False,False,False,False,True,False,False,False,9E0gPaVFAUo
100,14,6.214285714285714,0.0,0,0,0,False,0.24,False,0,1,0.0,0.124,0.876,-0.34,56.97846153846157,False,False,False,False,True,False,False,False,wlLZpVl8BTw
82,9,8.222222222222221,0.0,0,0,0,False,0.1951219512195122,False,0,1,0.286,0.0,0.714,0.7184,29.515000000000015,False,False,False,False,True,False,False,False,l-7aqR2L4ew
77,10,6.8,0.0,0,0,0,False,0.2857142857142857,False,0,1,0.0,0.0,1.0,0.0,61.32500000000002,False,False,False,False,True,False,False,False,2S3XxJ_ju-E
99,13,6.6923076923076925,0.0,0,0,0,False,0.1919191919191919,True,1,1,0.0,0.131,0.869,-0.2748,69.99384615384618,False,False,False,False,True,True,False,False,NrqV3Zu7LU0
88,13,5.846153846153846,0.0,0,0,0,False,0.3409090909090909,False,0,1,0.15,0.0,0.85,0.4588,96.02461538461542,False,False,False,False,False,False,False,False,Lw0RaF_ayKA
73,10,6.4,0.0,0,0,0,False,0.273972602739726,False,0,1,0.191,0.0,0.809,0.1531,61.32500000000002,False,False,False,False,True,False,False,False,LOrEn59rDDk
99,18,4.555555555555555,0.0,0,0,0,False,0.35353535353535354,False,0,1,0.067,0.0,0.933,0.0772,104.98000000000002,False,False,False,False,False,False,False,False,aDnOvz5YxGQ
98,16,5.1875,0.0,0,0,0,False,0.29591836734693877,False,0,2,0.0,0.0,1.0,0.0,101.37000000000002,False,False,False,False,True,False,False,False,WSlVdQiN3jk
93,14,5.714285714285714,0.0,0,0,0,False,0.26881720430107525,True,1,0,0.15,0.0,0.85,0.4588,89.51692307692309,False,False,False,False,False,False,False,False,3EV_NOd_hJU
98,14,6.071428571428571,0.0,0,1,0,False,0.3673469387755102,True,2,1,0.0,0.342,0.658,-0.7777,101.98214285714286,False,False,False,False,False,False,False,False,unRlp0PEHdo
60,6,9.166666666666666,0.0,0,0,0,False,0.26666666666666666,True,1,1,0.0,0.0,1.0,0.0,87.94500000000002,False,False,False,False,False,False,False,False,sQIG4pquxPc
96,13,6.461538461538462,0.0,0,0,0,False,0.3229166666666667,True,1,0,0.0,0.0,1.0,0.0,102.53230769230771,False,False,False,False,False,False,False,False,CQWoIDNsN3E
93,11,7.545454545454546,0.0,0,0,0,False,0.26881720430107525,False,0,1,0.0,0.0,1.0,0.0,49.54272727272729,False,False,False,False,False,False,False,False,x_YI52zdXzY
93,13,6.230769230769231,0.0,0,0,0,False,0.23655913978494625,False,0,1,0.167,0.0,0.833,0.4588,76.50153846153849,False,False,False,False,False,False,False,False,mqaiN5t3IQE
86,10,7.7,0.0,0,0,0,False,0.29069767441860467,False,0,1,0.2,0.0,0.8,0.4588,95.165,False,False,False,False,False,False,False,False,v5PbF8DNaM4
92,11,7.454545454545454,0.0,0,0,0,False,0.32608695652173914,False,0,0,0.167,0.0,0.833,0.4588,95.68818181818183,False,False,False,False,False,False,False,False,KA8MHZYcQlI
97,15,5.533333333333333,0.0,0,0,0,False,0.30927835051546393,True,1,0,0.0,0.0,1.0,0.0,83.85357142857143,False,False,False,False,False,False,False,False,q8Wsaw0kI9c
54,4,12.75,0.0,0,0,0,False,0.14814814814814814,False,0,1,0.0,0.0,1.0,0.0,12.425000000000011,False,False,False,False,False,False,False,False,H3BX5Bekx-Y
51,9,4.777777777777778,0.20512820512820512,2,1,0,True,0.0784313725490196,False,0,0,0.0,0.272,0.728,-0.4574,75.50000000000003,False,False,False,False,False,False,True,False,i1woA1oad_8
50,8,5.375,0.16216216216216217,0,0,0,True,0.06,True,2,0,0.0,0.0,1.0,0.0,40.09,False,False,False,False,True,False,False,False,3yf6hNf4ubY
47,9,4.333333333333333,0.21621621621621623,0,1,0,False,0.0425531914893617,False,0,0,0.0,0.0,1.0,0.0,71.81500000000001,False,False,False,False,False,False,True,False,MGjbvke2xuk
41,9,3.6666666666666665,0.11538461538461539,0,1,0,False,0.04878048780487805,True,2,0,0.0,0.0,1.0,0.0,86.45000000000002,False,False,False,False,True,False,False,False,cJraEhWrTRM
77,11,6.090909090909091,0.15,0,2,0,False,0.07792207792207792,True,1,0,0.324,0.0,0.676,0.6988,70.50704545454548,False,False,False,False,True,False,False,False,EBFiP0yIgaU
67,12,4.666666666666667,0.1111111111111111,0,2,0,False,0.029850746268656716,False,0,0,0.0,0.0,1.0,0.0,87.94500000000002,False,False,False,False,False,True,True,False,g_8zze_4dW0
24,4,5.25,0.05263157894736842,0,1,0,False,0.08333333333333333,False,0,0,0.0,0.564,0.436,-0.5974,75.87500000000001,False,False,False,True,False,False,False,False,JN1iP92hHJM
35,8,3.5,0.23076923076923078,0,1,0,False,0.02857142857142857,True,1,0,0.0,0.363,0.637,-0.6114,92.965,False,False,False,False,True,False,False,False,oJwiBbNASbc
33,6,4.666666666666667,0.038461538461538464,0,1,0,False,0.06060606060606061,False,0,0,0.0,0.382,0.618,-0.4753,66.40000000000003,False,False,False,False,False,False,False,False,BJzIsuWjmlo
38,8,3.875,0.18518518518518517,0,1,0,False,0.07894736842105263,True,1,0,0.0,0.0,1.0,0.0,90.95857142857145,False,False,False,False,True,False,True,False,fU4arzB3XNU
24,7,2.5714285714285716,0.058823529411764705,0,0,0,False,0.041666666666666664,False,0,0,0.0,0.0,1.0,0.0,115.13000000000002,False,False,False,False,False,False,True,False,7y70vyTfYsc
35,7,4.142857142857143,0.12,0,2,1,False,0.08571428571428572,True,1,0,0.0,0.0,1.0,0.0,118.6825,False,False,False,False,False,False,False,False,TnjIwv_M1Mk
31,6,4.333333333333333,0.2916666666666667,1,1,0,False,0.06451612903225806,False,0,0,0.0,0.0,1.0,0.0,87.94500000000002,False,False,False,False,False,True,False,False,Vf6hcoV8IZo
51,11,3.727272727272727,0.02564102564102564,0,1,0,False,0.0196078431372549,True,1,0,0.0,0.0,1.0,0.0,72.61545454545457,False,False,False,False,True,False,True,False,ChLodKdENkI
36,7,4.285714285714286,0.5517241379310345,4,1,0,False,0.027777777777777776,False,0,0,0.0,0.0,1.0,0.0,90.95857142857145,False,False,False,False,True,False,False,False,tw3R3LL9eXM
25,7,2.7142857142857144,0.17647058823529413,0,0,0,False,0.04,True,1,0,0.0,0.0,1.0,0.0,115.13000000000002,False,False,False,False,True,False,False,False,a9NR6u0ZSqE
55,9,5.222222222222222,0.12195121951219512,0,0,1,False,0.03636363636363636,True,1,0,0.0,0.0,1.0,0.0,44.150000000000006,False,False,False,False,True,False,False,False,oF7Kf33Fi-A
50,9,4.666666666666667,0.175,0,1,0,False,0.04,False,0,0,0.0,0.0,1.0,0.0,61.24000000000001,False,False,False,False,True,False,False,False,lUNcIXK2XxE
50,9,4.666666666666667,0.075,0,2,0,False,0.04,False,0,0,0.0,0.0,1.0,0.0,75.50000000000003,False,False,False,False,True,False,True,False,iJURvFOAzpc
47,9,4.333333333333333,0.6071428571428571,3,1,0,True,0.19148936170212766,True,2,0,0.0,0.0,1.0,0.0,75.50000000000003,False,False,False,False,True,False,False,False,8_Typ3xtKkA
28,5,4.8,0.09523809523809523,0,3,0,False,0.10714285714285714,False,0,0,0.427,0.0,0.573,0.4545,100.24000000000002,False,False,True,False,False,False,False,False,6k71gVkxuEg
34,6,4.833333333333333,0.15384615384615385,0,2,0,False,0.058823529411764705,True,1,0,0.0,0.0,1.0,0.0,59.745000000000005,False,False,False,False,True,False,False,False,DDnKhF-N9ms
41,7,5.0,0.09090909090909091,0,1,0,False,0.04878048780487805,False,0,0,0.0,0.0,1.0,0.0,54.70142857142861,False,False,False,False,True,True,True,False,k89wKV10_Ao
32,5,5.6,0.07692307692307693,0,1,0,False,0.0625,False,0,0,0.0,0.0,1.0,0.0,66.40000000000003,False,False,False,False,True,False,True,False,kBkZo8PSRDo
48,8,5.125,0.13157894736842105,0,2,0,False,0.0625,False,0,0,0.0,0.0,1.0,0.0,61.24000000000001,False,False,False,False,True,False,True,False,5yK0lAEB_EI
49,8,5.25,0.025,0,2,0,False,0.04081632653061224,False,0,0,0.277,0.0,0.723,0.3987,92.965,False,False,False,False,False,True,False,False,hdt2MNZ68xQ
47,9,4.333333333333333,0.1935483870967742,0,1,0,False,0.0851063829787234,True,1,0,0.285,0.0,0.715,0.4926,90.95857142857145,False,False,False,False,False,False,False,False,_uIbVR8PV4g
11,2,5.0,1.0,2,1,0,False,0.09090909090909091,False,0,0,0.0,0.0,1.0,0.0,120.20500000000001,False,False,False,False,False,False,False,False,4L4UtHXv5tY
45,6,6.666666666666667,0.1388888888888889,0,0,0,True,0.08888888888888889,False,0,0,0.0,0.324,0.676,-0.34,45.64500000000001,False,False,False,False,False,False,False,False,K7Vqw9Ac10M
28,5,4.8,0.5652173913043478,2,1,0,False,0.03571428571428571,False,0,0,0.446,0.0,0.554,0.4981,100.24000000000002,False,False,False,False,True,False,False,False,oMclISi2SDQ
37,8,3.75,0.03571428571428571,0,1,0,False,0.02702702702702703,True,1,0,0.0,0.0,1.0,0.0,82.39000000000001,False,False,False,False,False,False,True,False,lfcpug7zt3k
14,2,6.5,0.16666666666666666,0,1,0,False,0.07142857142857142,False,0,0,0.0,0.824,0.176,-0.69,35.60500000000002,False,False,False,False,False,False,False,False,LWKwP03ciAE
33,8,3.25,0.2,0,1,0,False,0.06060606060606061,True,1,0,0.0,0.0,1.0,0.0,118.6825,False,False,False,False,False,False,False,False,2-e6Um7-qYE
45,7,5.571428571428571,0.11764705882352941,0,1,0,False,0.022222222222222223,True,1,0,0.0,0.0,1.0,0.0,66.7871428571429,False,False,False,False,True,False,False,False,f3Ff6ZbH6eI
32,6,4.5,0.16,0,1,0,False,0.03125,True,1,0,0.0,0.0,1.0,0.0,59.745000000000005,False,False,False,False,True,False,False,False,8fSZDD3Tx8I
10,2,4.5,0.16666666666666666,0,2,0,False,0.3,False,0,0,0.0,0.0,1.0,0.0,120.20500000000001,False,False,False,False,False,False,False,False,rQHeRYnMa3Y
15,3,4.333333333333333,0.07692307692307693,0,0,0,False,0.0,False,0,0,0.0,0.0,1.0,0.0,90.99000000000004,False,False,False,False,False,False,False,False,3EYUiwzu4Z0
54,11,4.0,0.04878048780487805,0,0,0,False,0.05555555555555555,False,0,0,0.0,0.109,0.891,-0.0572,101.27068181818181,False,False,False,False,False,False,True,False,yEWXDhqXp88
20,4,4.25,0.0625,0,1,0,False,0.05,False,0,0,0.0,0.0,1.0,0.0,118.17500000000001,False,False,False,False,False,True,False,False,kDVE3yY5fjU
40,6,5.833333333333333,0.029411764705882353,0,0,0,False,0.025,False,0,0,0.0,0.0,1.0,0.0,45.64500000000001,False,False,False,False,False,False,False,False,kNOlgdZoNfU
19,3,5.666666666666667,0.0,0,0,0,False,0.0,False,0,0,0.0,0.583,0.417,-0.4215,62.79000000000002,False,False,False,False,False,False,False,False,0Bd7WVECY_Q
69,12,4.833333333333333,0.09090909090909091,0,1,0,False,0.043478260869565216,False,0,0,0.0,0.299,0.701,-0.69,52.86500000000001,False,False,False,False,False,False,False,False,5cGA_cNaVIM
18,4,3.75,0.07142857142857142,0,0,0,False,0.05555555555555555,False,0,0,0.0,0.595,0.405,-0.6597,97.025,False,False,False,False,True,False,True,False,BykUxs-dpio
12,2,5.5,1.0,2,1,0,False,0.08333333333333333,False,0,0,0.796,0.0,0.204,0.5983,120.20500000000001,False,False,False,False,False,False,False,False,pog38h710Q8
24,5,4.0,0.05263157894736842,0,0,0,False,0.041666666666666664,False,0,0,0.0,0.0,1.0,0.0,83.32000000000004,False,False,False,False,False,False,True,False,1IPavLHdkZM
56,10,4.7,0.1111111111111111,0,2,0,False,0.03571428571428571,False,0,0,0.515,0.0,0.485,0.8585,74.86000000000003,False,False,False,False,False,True,True,False,xcEIGiV1AGE
33,4,7.5,0.1111111111111111,0,1,0,False,0.06060606060606061,True,1,0,0.0,0.0,1.0,0.0,12.425000000000011,False,False,False,False,False,True,False,False,9vt69dxt6PI
29,5,5.0,0.2,0,0,0,False,0.0,False,0,0,0.0,0.0,1.0,0.0,66.40000000000003,False,False,False,False,False,False,False,False,-osvLOzJ67k
33,5,5.8,0.2222222222222222,1,2,0,False,0.06060606060606061,False,0,0,0.451,0.0,0.549,0.508,83.32000000000004,False,False,False,False,False,True,False,False,bjsFComjJgs
11,2,5.0,0.16666666666666666,0,0,0,False,0.0,True,1,0,0.0,0.0,1.0,0.0,77.90500000000002,False,False,False,False,False,False,False,False,J8Dt2GDLaYc
87,19,3.6315789473684212,0.6349206349206349,10,0,0,False,0.04597701149425287,True,2,0,0.0,0.0,1.0,0.0,85.16499999999999,False,False,False,False,False,False,True,False,OlGA5ssqqyM
60,11,4.545454545454546,0.5581395348837209,4,0,0,False,0.05,True,1,0,0.0,0.0,1.0,0.0,84.90000000000003,False,False,False,False,False,True,False,False,SsdlxIrqmso
69,13,4.384615384615385,0.3584905660377358,3,0,0,False,0.057971014492753624,False,0,0,0.159,0.194,0.647,-0.1531,96.02461538461542,False,False,False,False,False,True,False,False,KBXBR4MQfwY
58,11,4.363636363636363,1.0,9,0,0,False,0.034482758620689655,True,1,0,0.422,0.0,0.578,0.7626,78.24500000000002,False,False,False,False,False,False,True,False,qNBGDZK0nfQ
67,13,4.230769230769231,1.0,10,1,0,False,0.05970149253731343,True,1,0,0.237,0.0,0.763,0.5754,78.19795454545455,False,False,False,False,False,False,True,False,9wUhMotnp6M
49,6,7.333333333333333,0.5789473684210527,2,0,1,True,0.12244897959183673,False,0,0,0.238,0.335,0.427,-0.2263,17.44500000000002,False,False,False,False,False,False,False,False,Qbs5-ERMN2o
68,13,4.3076923076923075,0.5625,5,2,0,False,0.058823529411764705,True,1,0,0.273,0.0,0.727,0.6723,80.89500000000001,False,False,False,False,False,False,False,False,5_LcyXY39Cw
64,11,4.909090909090909,0.5434782608695652,4,0,0,False,0.0625,True,1,0,0.393,0.0,0.607,0.7034,47.30000000000004,False,False,False,False,False,False,True,False,LCPk_RjTG3I
50,9,4.666666666666667,1.0,7,0,0,False,0.08,False,0,0,0.48,0.0,0.52,0.7555,30.53000000000003,False,False,False,False,False,False,False,False,vQBlfPVmKNk
69,13,4.384615384615385,0.48148148148148145,5,0,0,False,0.043478260869565216,False,0,0,0.0,0.0,1.0,0.0,74.805,False,False,False,False,False,False,False,False,R0tmTVZTv4Q
58,9,5.555555555555555,1.0,8,0,0,False,0.017241379310344827,False,0,0,0.275,0.0,0.725,0.4648,50.66500000000002,False,False,False,False,False,False,True,False,usUGGYqkhoU
63,10,5.4,0.4782608695652174,3,0,0,False,0.06349206349206349,True,1,0,0.252,0.0,0.748,0.4648,84.90000000000003,False,False,False,False,False,True,False,False,DggMtnQHUt4
49,8,5.25,1.0,6,0,0,False,0.02040816326530612,True,1,0,0.0,0.0,1.0,0.0,54.70142857142861,False,False,False,False,False,False,True,False,DuS_uEJNUmk
64,11,4.909090909090909,0.7291666666666666,5,0,0,False,0.03125,True,1,0,0.0,0.0,1.0,0.0,66.10000000000002,False,False,False,False,False,False,True,False,E_bAjlfN8aw
67,11,5.181818181818182,1.0,8,0,0,False,0.029850746268656716,True,1,0,0.0,0.0,1.0,0.0,47.30000000000004,False,False,False,False,False,False,True,False,OL5WYGn-_-s
58,11,4.363636363636363,1.0,8,0,0,False,0.06896551724137931,True,1,0,0.0,0.0,1.0,0.0,84.90000000000003,False,False,False,False,False,False,False,False,YfyJ4oddKmQ
57,10,4.8,0.37777777777777777,3,1,0,False,0.05263157894736842,False,0,0,0.0,0.0,1.0,0.0,80.06750000000002,False,False,False,False,False,False,False,False,xk3I6bEnWI4
63,12,4.333333333333333,0.5227272727272727,6,1,0,False,0.06349206349206349,True,1,0,0.391,0.0,0.609,0.7525,93.57977272727274,False,False,False,False,False,False,True,False,T5iA1UYhdzA
64,10,5.5,0.5416666666666666,4,0,0,False,0.046875,True,1,0,0.422,0.0,0.578,0.7034,47.30000000000004,False,False,False,False,False,False,False,False,3hpKpkIe9dw
48,10,3.9,1.0,8,0,0,False,0.020833333333333332,True,1,0,0.276,0.0,0.724,0.5319,94.30000000000001,False,False,False,False,False,True,True,False,mzbZx-ugI-s
67,14,3.857142857142857,0.6346153846153846,6,0,0,False,0.014925373134328358,True,1,0,0.345,0.0,0.655,0.7456,63.486153846153854,False,False,False,False,False,True,True,False,tKjPjhatr9E
39,8,4.0,1.0,7,1,0,False,0.05128205128205128,False,0,0,0.679,0.0,0.321,0.8908,78.87285714285717,False,False,False,False,False,False,False,False,9tm7GsCVrMU
40,6,5.833333333333333,0.75,5,1,0,False,0.075,False,0,0,0.34,0.295,0.365,0.126,45.64500000000001,False,False,False,False,False,False,True,False,9WhWY0OvxF8
60,9,5.777777777777778,1.0,7,0,0,False,0.08333333333333333,True,1,0,0.275,0.0,0.725,0.4648,29.515000000000015,False,False,False,False,False,False,False,False,G811otwdjlI
50,11,3.6363636363636362,0.7714285714285715,5,0,0,False,0.02,True,1,0,0.256,0.0,0.744,0.5319,95.165,False,False,False,False,False,True,True,False,NnlD9q5qg20
93,17,4.529411764705882,0.47692307692307695,6,0,0,False,0.08602150537634409,True,1,0,0.233,0.16,0.607,0.1733,73.17000000000003,False,False,True,False,False,False,True,False,Tyh1nJiRUYw
61,11,4.636363636363637,0.5217391304347826,5,0,0,False,0.01639344262295082,True,1,0,0.393,0.0,0.607,0.7034,69.78500000000001,False,False,False,False,True,True,True,False,rlYb9yckHuk
61,11,4.636363636363637,1.0,9,0,0,False,0.06557377049180328,False,0,0,0.422,0.0,0.578,0.7626,56.70000000000002,False,False,False,False,True,False,True,False,vNQOngPhspg
59,11,4.454545454545454,0.2682926829268293,2,2,1,False,0.13559322033898305,False,0,0,0.0,0.0,1.0,0.0,108.70000000000002,False,False,False,False,False,False,True,False,0Px-1QsbmWo
68,12,4.75,1.0,10,0,0,False,0.014705882352941176,True,1,0,0.486,0.0,0.514,0.8176,64.9245454545455,False,False,False,False,False,False,True,False,K9UPqymnLUo
26,5,4.4,1.0,5,0,0,True,0.15384615384615385,False,0,0,0.0,0.337,0.663,-0.2572,100.24000000000002,False,False,False,False,False,False,False,False,6eYQcioSrDk
92,15,5.2,0.45714285714285713,5,1,0,False,0.043478260869565216,True,1,0,0.156,0.0,0.844,0.3802,54.70142857142861,False,False,False,False,False,False,True,False,ih7B19mIlhQ
63,11,4.818181818181818,1.0,8,0,0,False,0.047619047619047616,True,1,0,0.422,0.0,0.578,0.7626,47.30000000000004,False,False,False,False,False,False,True,False,JI-ZRJrWq78
81,12,5.833333333333333,0.38095238095238093,4,0,0,False,0.037037037037037035,True,1,0,0.0,0.0,1.0,0.0,57.23363636363638,False,False,False,False,False,False,True,False,jP6-Hg6o8dE
37,6,5.333333333333333,0.3548387096774194,2,1,0,False,0.02702702702702703,False,0,0,0.418,0.0,0.582,0.5562,59.745000000000005,False,False,False,False,False,False,True,False,cTq3ov2LVtA
73,12,5.166666666666667,1.0,9,0,0,False,0.0410958904109589,True,1,0,0.238,0.0,0.762,0.5319,35.94500000000002,False,False,False,False,False,False,True,False,92UYn-Le2jY
75,12,5.333333333333333,0.559322033898305,7,1,0,False,0.06666666666666667,False,0,0,0.168,0.0,0.832,0.3016,57.23363636363638,False,False,False,False,False,False,False,False,PJDCelULpXM
75,12,5.333333333333333,1.0,9,0,0,False,0.04,True,1,0,0.0,0.0,1.0,0.0,44.405,False,False,False,False,False,False,True,False,qhV8hD_TWns
70,12,4.916666666666667,0.11538461538461539,0,1,0,False,0.04285714285714286,True,1,1,0.191,0.0,0.809,0.3802,44.405,False,False,False,False,False,False,True,False,xWG3PDdS3Xo
83,16,4.25,0.4444444444444444,5,0,0,False,0.060240963855421686,False,0,0,0.0,0.0,1.0,0.0,89.89642857142859,False,False,False,False,False,False,True,False,kb1Yy3cEf-g
56,8,6.125,0.3404255319148936,2,1,0,False,0.03571428571428571,False,0,0,0.0,0.0,1.0,0.0,42.61571428571432,False,False,False,False,True,False,False,False,NmI87Rn2BjU
61,9,5.888888888888889,0.34,2,1,0,False,0.04918032786885246,False,0,0,0.204,0.267,0.529,-0.2083,51.867500000000035,False,False,False,False,False,False,True,False,1d8zereFcjo
67,13,4.230769230769231,0.39215686274509803,3,1,0,False,0.05970149253731343,False,0,0,0.309,0.0,0.691,0.6027,87.94500000000002,False,False,False,False,False,False,True,False,IlXPbz0MPPM
43,8,4.5,0.875,6,1,0,False,0.06976744186046512,True,1,0,0.0,0.0,1.0,0.0,75.87500000000001,False,False,False,False,False,False,False,False,3LCVcI5My9I
84,14,5.071428571428571,1.0,10,0,0,False,0.023809523809523808,True,2,0,0.0,0.0,1.0,0.0,60.70500000000001,False,False,False,False,True,True,False,False,2mUrkxwrYeQ
59,11,4.454545454545454,1.0,9,0,0,False,0.01694915254237288,True,1,0,0.0,0.0,1.0,0.0,86.70500000000001,False,False,False,False,False,False,False,False,0qMfTOl9MVo
79,15,4.333333333333333,0.5833333333333334,6,0,0,False,0.05063291139240506,True,1,0,0.162,0.0,0.838,0.4019,83.0092307692308,False,False,False,False,False,True,True,False,ZtFI1NPkkXU
83,15,4.6,0.35384615384615387,4,0,0,False,0.024096385542168676,True,1,0,0.321,0.0,0.679,0.7297,56.97846153846157,False,False,False,False,False,True,True,False,NmBWP1p-oPI
83,19,3.4210526315789473,0.2909090909090909,3,0,0,False,0.07228915662650602,True,1,0,0.0,0.0,1.0,0.0,100.70750000000001,False,False,False,False,False,False,True,False,kp-r0_wd5zI
89,19,3.736842105263158,0.8709677419354839,13,1,0,False,0.0898876404494382,True,1,1,0.156,0.0,0.844,0.5147,88.72514705882354,False,False,False,False,False,False,False,False,hoctLMpFUPQ
100,16,5.3125,0.05063291139240506,0,0,0,True,0.06,False,0,1,0.146,0.0,0.854,0.4404,63.69500000000001,False,False,False,False,False,False,False,False,Q2zKV9xcSvI
67,9,6.555555555555555,0.14035087719298245,0,0,0,False,0.029850746268656716,False,0,0,0.0,0.0,1.0,0.0,8.365000000000009,False,False,False,False,False,False,False,False,Nuc0TjCiRTE
68,7,8.857142857142858,0.047619047619047616,0,0,0,False,0.29411764705882354,False,0,0,0.0,0.0,1.0,0.0,90.95857142857145,False,False,False,False,False,False,False,False,ITnKF1-CL1o
67,11,5.181818181818182,0.03571428571428571,0,0,0,False,0.014925373134328358,False,0,1,0.281,0.0,0.719,0.5106,49.54272727272729,False,False,False,False,False,False,False,False,iPrGFmVnRz4
81,9,8.11111111111111,0.0392156862745098,0,0,0,False,0.2716049382716049,False,0,1,0.0,0.0,1.0,0.0,75.50000000000003,False,False,False,False,False,False,False,False,tvCbNn5Gd5k
58,7,7.428571428571429,0.08571428571428572,0,0,0,False,0.29310344827586204,False,0,1,0.0,0.0,1.0,0.0,87.94500000000002,False,False,False,False,False,False,False,False,fskiDAK3J74
56,10,4.7,0.09090909090909091,0,0,0,False,0.05357142857142857,False,0,1,0.146,0.0,0.854,0.2235,47.30000000000004,False,False,False,False,False,False,True,False,RR4eY0z13M4
92,10,8.3,0.01639344262295082,0,0,0,False,0.22826086956521738,True,1,0,0.0,0.0,1.0,0.0,52.86500000000001,False,False,False,False,False,False,False,False,a7sh6i-JswE
81,6,12.666666666666666,0.02040816326530612,0,0,0,False,0.3333333333333333,False,0,1,0.0,0.0,1.0,0.0,73.84500000000001,False,False,False,False,False,False,False,False,WWi8wESE8Z0
75,9,7.444444444444445,0.061224489795918366,0,0,0,False,0.24,False,0,1,0.0,0.0,1.0,0.0,75.50000000000003,False,False,False,False,False,False,False,False,XIfoUAW2vOc
50,8,5.375,0.125,0,0,0,False,0.06,False,0,0,0.278,0.0,0.722,0.4019,31.545000000000016,False,False,False,False,False,False,False,False,IfCsaITgLD4
82,9,8.222222222222221,0.06666666666666667,0,0,0,False,0.17073170731707318,False,0,2,0.167,0.0,0.833,0.4588,37.900000000000034,False,False,False,False,False,False,False,False,4DrYgUJP_tk
41,5,7.4,0.12903225806451613,0,0,0,False,0.14634146341463414,False,0,0,0.0,0.0,1.0,0.0,32.56000000000003,False,False,False,False,False,False,False,False,RJB7fx9g1vM
56,7,7.142857142857143,0.10526315789473684,0,0,0,False,0.21428571428571427,False,0,2,0.231,0.0,0.769,0.4588,66.7871428571429,False,False,False,False,False,False,False,False,XZCQ_ERR_QQ
52,5,9.6,0.06666666666666667,0,0,0,False,0.34615384615384615,False,0,1,0.214,0.0,0.786,0.4588,83.32000000000004,False,False,False,False,False,False,False,False,jYuDqTqj3do
62,10,5.3,0.0851063829787234,0,0,0,False,0.0967741935483871,False,0,1,0.0,0.0,1.0,0.0,56.70000000000002,False,False,False,False,False,False,False,False,0a7Ry9uWq2U
51,8,5.5,0.10810810810810811,0,0,0,False,0.13725490196078433,False,0,0,0.293,0.0,0.707,0.4404,18.44428571428574,False,False,False,False,False,False,False,False,_E3i4tItwWQ
55,5,10.2,0.027777777777777776,0,0,0,False,0.2727272727272727,False,0,1,0.0,0.0,1.0,0.0,66.40000000000003,False,False,False,False,False,False,False,False,r2kGewNS4lo
68,8,7.625,0.045454545454545456,0,0,0,False,0.25,False,0,1,0.244,0.0,0.756,0.4404,61.24000000000001,False,False,False,False,False,False,False,False,KiVfLKnhvv0
87,11,7.0,0.12698412698412698,0,0,0,False,0.16091954022988506,False,0,2,0.2,0.0,0.8,0.7184,41.8518181818182,False,False,False,False,False,False,False,False,4NyCH_jVhPU
63,9,6.111111111111111,0.09090909090909091,0,0,1,False,0.1746031746031746,False,0,0,0.0,0.0,1.0,0.0,23.00000000000003,False,False,False,False,False,False,False,False,4XxoKD3nmWo
37,5,6.6,0.041666666666666664,0,0,0,False,0.24324324324324326,False,0,0,0.0,0.0,1.0,0.0,83.32000000000004,False,False,False,False,False,False,False,False,KfGn5Ii-9ug
73,10,6.4,0.023255813953488372,0,0,0,False,0.2876712328767123,False,0,1,0.0,0.0,1.0,0.0,84.90000000000003,False,False,False,False,False,False,False,False,Dgk8nOCg394
78,10,6.9,0.0392156862745098,0,0,0,False,0.23076923076923078,False,0,1,0.162,0.0,0.838,0.4019,56.70000000000002,False,False,False,False,False,False,False,False,sBIw8XmuVeg
61,7,7.857142857142857,0.030303030303030304,0,0,0,False,0.36065573770491804,False,0,0,0.0,0.0,1.0,0.0,90.95857142857145,False,False,False,False,False,False,False,False,C5uptLlAuTY
59,7,7.571428571428571,0.029411764705882353,0,0,0,False,0.3220338983050847,False,0,1,0.25,0.0,0.75,0.4588,90.95857142857145,False,False,False,False,False,False,False,False,vkqDZzRmyE0
81,9,8.11111111111111,0.05263157894736842,0,0,0,False,0.19753086419753085,False,0,0,0.316,0.0,0.684,0.5719,37.900000000000034,False,False,False,False,False,False,False,False,UTDngQApeUc
99,13,6.6923076923076925,0.078125,0,0,0,False,0.2222222222222222,True,1,1,0.167,0.0,0.833,0.5267,60.70500000000001,False,False,False,True,False,False,False,False,ipWvNQu-x3I
66,9,6.444444444444445,0.05555555555555555,0,0,0,False,0.3333333333333333,False,0,1,0.0,0.0,1.0,0.0,92.965,False,False,False,False,False,False,False,False,ChvQ4U1yKYI
51,9,4.777777777777778,0.1111111111111111,0,0,0,False,0.13725490196078433,False,0,0,0.474,0.0,0.526,0.743,50.66500000000002,False,False,False,False,False,False,False,False,hn9vOSq0Myc
74,10,6.5,0.08163265306122448,0,0,0,False,0.21621621621621623,False,0,1,0.2,0.0,0.8,0.4588,66.10000000000002,False,False,False,False,False,False,False,False,r9s5i4nqFoE
45,6,6.666666666666667,0.07692307692307693,0,0,0,False,0.28888888888888886,True,1,0,0.0,0.0,1.0,0.0,87.94500000000002,False,False,False,False,False,False,False,False,d-uyIiJ9ryM
55,6,8.166666666666666,0.08333333333333333,0,0,0,False,0.23636363636363636,False,0,0,0.0,0.0,1.0,0.0,32.56000000000003,False,False,False,False,False,False,False,False,h5ug5q6bzVo
49,8,5.25,0.1,0,0,1,False,0.24489795918367346,False,0,1,0.231,0.0,0.769,0.4588,90.99000000000004,False,False,False,False,False,False,False,False,s0ErtuITfwk
88,7,11.714285714285714,0.05357142857142857,0,0,0,False,0.29545454545454547,False,0,1,0.25,0.0,0.75,0.4588,54.70142857142861,False,False,False,False,False,False,False,False,YDAjvR6dy6k
100,10,9.1,0.029411764705882353,0,0,0,False,0.23,False,0,0,0.0,0.0,1.0,0.0,52.86500000000001,False,False,False,False,False,False,False,False,-xdG337iOqM
88,11,7.090909090909091,0.018867924528301886,0,0,0,False,0.2840909090909091,False,0,0,0.0,0.0,1.0,0.0,80.30636363636367,False,False,False,False,False,False,False,False,OE841s3j7Bg
60,7,7.714285714285714,0.05555555555555555,0,0,0,False,0.3,False,0,0,0.0,0.0,1.0,0.0,90.95857142857145,False,False,False,False,False,False,False,False,JIwyA58cvrY
71,8,8.0,0.06382978723404255,0,0,0,False,0.23943661971830985,False,0,0,0.504,0.0,0.496,0.7269,61.24000000000001,False,False,False,False,False,False,False,False,MPcQtXVcTUI
70,10,6.1,0.05128205128205128,0,0,0,False,0.3142857142857143,False,0,2,0.188,0.0,0.812,0.4588,84.90000000000003,False,False,False,False,False,False,False,False,rph8HEYzaY0
74,9,7.222222222222222,0.0,0,0,0,False,0.40540540540540543,False,0,0,0.399,0.0,0.601,0.8074,115.13000000000002,False,False,False,False,False,False,False,False,M6LfDOUsN4M
29,4,6.5,0.0,0,0,0,False,0.3448275862068966,False,0,1,0.0,0.0,1.0,0.0,118.17500000000001,False,False,False,False,False,False,False,False,gv1ntUKbTss
83,9,8.333333333333334,0.0,0,0,0,False,0.27710843373493976,False,0,1,0.378,0.0,0.622,0.8074,50.66500000000002,False,False,False,False,False,False,False,False,BahbgHo8x8Q
78,6,12.166666666666666,0.043478260869565216,0,0,0,False,0.34615384615384615,False,0,0,0.0,0.0,1.0,0.0,59.745000000000005,False,False,False,False,False,False,False,False,P-MMcNoKddg
73,6,11.333333333333334,0.061224489795918366,0,0,0,False,0.2602739726027397,False,0,1,0.0,0.0,1.0,0.0,31.545000000000016,False,False,False,False,False,False,False,False,4BvJ5-S7mrk
76,6,11.833333333333334,0.018518518518518517,0,0,0,False,0.2236842105263158,False,0,0,0.0,0.0,1.0,0.0,31.545000000000016,False,False,False,False,False,False,False,False,bovuzop0rqk
68,7,8.857142857142858,0.06382978723404255,0,0,0,False,0.22058823529411764,False,0,1,0.38,0.0,0.62,0.7297,54.70142857142861,False,False,False,False,False,False,False,False,sUgG9qRnbrQ
48,8,5.125,0.1,0,0,0,False,0.22916666666666666,False,0,1,0.53,0.0,0.47,0.8415,54.70142857142861,False,False,False,False,False,False,False,False,zssr3eR8eTQ
81,10,7.2,0.07272727272727272,0,0,0,False,0.20987654320987653,False,0,1,0.211,0.0,0.789,0.4466,66.10000000000002,False,False,False,False,False,False,False,False,o2JvF0s_bfQ
98,11,8.0,0.03389830508474576,0,0,0,False,0.29591836734693877,False,0,1,0.527,0.0,0.473,0.9055,80.30636363636367,False,False,False,False,False,False,False,False,7Xv56uTr4Us
62,11,4.7272727272727275,0.16666666666666666,0,0,0,False,0.0,True,1,0,0.0,0.0,1.0,0.0,72.61545454545457,False,False,False,False,False,False,True,False,JxPz3Q8R1r4
84,15,4.666666666666667,0.2835820895522388,1,3,0,False,0.03571428571428571,False,0,0,0.209,0.092,0.7,0.4898,67.53000000000003,False,False,False,False,False,False,True,False,vsn03bhzYas
53,9,5.0,0.15789473684210525,0,0,0,False,0.05660377358490566,True,2,0,0.0,0.273,0.727,-0.4588,56.70000000000002,False,False,False,False,False,False,True,False,w-fXp_px7IM
58,9,5.555555555555555,0.32653061224489793,1,0,0,False,0.017241379310344827,False,0,0,0.0,0.273,0.727,-0.4588,47.30000000000004,False,False,False,False,False,False,False,False,zKQJI3qnkYM
52,9,4.888888888888889,0.16216216216216217,0,0,0,False,0.057692307692307696,True,2,0,0.0,0.273,0.727,-0.4588,66.10000000000002,False,False,False,False,False,False,True,False,3Ilm6SzBbOo
54,11,4.0,0.3055555555555556,1,0,0,False,0.037037037037037035,True,3,0,0.0,0.0,1.0,0.0,72.61545454545457,False,False,False,False,False,False,True,False,b5PVFo3QlK8
66,12,4.583333333333333,0.4318181818181818,4,3,0,False,0.09090909090909091,True,2,0,0.0,0.0,1.0,0.0,87.99727272727276,False,False,False,False,False,False,True,False,JauTziP2oRk
56,11,4.181818181818182,0.3333333333333333,1,0,0,False,0.017857142857142856,True,1,0,0.181,0.326,0.493,-0.3328,72.61545454545457,False,False,False,False,False,False,True,False,m-6pSRckWf0
56,11,4.181818181818182,0.36585365853658536,1,0,0,False,0.03571428571428571,True,1,0,0.0,0.231,0.769,-0.4588,69.78500000000001,False,False,False,True,False,False,True,False,6OY3mDkCctA
73,15,3.933333333333333,0.2,1,1,0,False,0.0547945205479452,False,0,0,0.0,0.0,1.0,0.0,90.09000000000002,False,False,False,False,False,False,True,False,5T9tJxMKn1I
37,7,4.428571428571429,0.43478260869565216,1,2,0,False,0.10810810810810811,True,2,0,0.0,0.325,0.675,-0.4374,78.87285714285717,False,False,False,False,False,False,True,False,DNtQNJzMeBg
46,9,4.222222222222222,0.28125,1,0,0,False,0.043478260869565216,True,2,0,0.0,0.339,0.661,-0.6249,94.30000000000001,False,False,False,False,False,False,True,False,QY3tegCyzoA
63,11,4.818181818181818,0.2926829268292683,1,3,0,False,0.12698412698412698,True,2,0,0.0,0.0,1.0,0.0,91.78000000000003,False,False,False,False,False,False,True,False,dHiBi2Vb8rE
54,9,5.111111111111111,0.40540540540540543,1,2,0,False,0.07407407407407407,True,2,0,0.0,0.0,1.0,0.0,75.50000000000003,False,False,False,False,False,False,True,False,AavlSNW3FVQ
51,8,5.5,0.18181818181818182,0,0,0,False,0.0,False,0,0,0.0,0.0,1.0,0.0,61.24000000000001,False,False,False,False,False,False,True,False,pvm0SEGbrwI
57,9,5.444444444444445,0.2564102564102564,1,3,0,False,0.10526315789473684,True,2,0,0.0,0.0,1.0,0.0,66.10000000000002,False,False,False,False,False,False,False,False,Nud4BSKfkyU
51,9,4.777777777777778,0.225,0,0,0,True,0.058823529411764705,False,0,0,0.0,0.0,1.0,0.0,84.90000000000003,False,False,False,False,False,False,False,False,9fu1NSZXk-M
50,10,4.1,0.43243243243243246,3,3,0,False,0.08,False,0,0,0.0,0.0,1.0,0.0,103.70000000000002,False,False,False,False,False,False,False,False,aZ_FujCdoKk
52,8,5.625,0.2894736842105263,1,0,0,False,0.057692307692307696,True,2,0,0.0,0.0,1.0,0.0,71.81500000000001,False,False,False,False,False,False,True,False,nc0aw6wY0Rg
49,8,5.25,0.19444444444444445,1,0,0,False,0.04081632653061224,True,2,0,0.0,0.0,1.0,0.0,82.39000000000001,False,False,False,False,False,False,False,False,wynEJTdV9yk
63,10,5.4,0.2641509433962264,1,0,0,False,0.015873015873015872,False,0,0,0.0,0.264,0.736,-0.4983,61.32500000000002,False,False,False,False,False,False,True,False,MoP3StylnBU
55,9,5.222222222222222,1.0,7,8,0,False,0.16363636363636364,True,1,0,0.0,0.0,1.0,0.0,75.50000000000003,False,False,False,False,False,False,True,False,SFp8M3s7pP4
52,11,3.8181818181818183,0.16666666666666666,0,0,0,False,0.019230769230769232,True,2,0,0.0,0.0,1.0,0.0,72.61545454545457,False,False,False,False,False,False,True,False,SrkEzVDil4w
55,9,5.222222222222222,0.14634146341463414,0,3,0,False,0.10909090909090909,False,0,0,0.258,0.0,0.742,0.4168,94.30000000000001,False,False,False,False,False,False,False,False,KpTDQHHu6ig
53,11,3.909090909090909,0.4878048780487805,2,2,0,False,0.03773584905660377,False,0,0,0.0,0.0,1.0,0.0,95.68818181818183,False,False,False,False,False,False,True,False,ik_XSYfOuo8
57,11,4.2727272727272725,0.35555555555555557,2,2,0,False,0.03508771929824561,False,0,0,0.0,0.0,1.0,0.0,87.99727272727276,False,False,False,False,False,False,True,False,g-d2g-dEIPg
46,9,4.222222222222222,0.25,1,0,0,False,0.043478260869565216,True,2,0,0.0,0.339,0.661,-0.6249,94.30000000000001,False,False,False,False,False,False,True,False,dlraQhvsLYI
53,9,5.0,0.13953488372093023,0,2,0,False,0.03773584905660377,False,0,0,0.0,0.291,0.709,-0.508,75.50000000000003,False,False,False,False,False,False,False,False,0omQOiZFNhY
56,9,5.333333333333333,0.5,2,2,0,False,0.03571428571428571,False,0,0,0.0,0.0,1.0,0.0,66.10000000000002,False,False,False,False,False,False,True,False,gaa2Hu_jbFc
51,10,4.2,0.34285714285714286,1,2,0,False,0.0784313725490196,True,2,0,0.0,0.0,1.0,0.0,100.24000000000002,False,False,False,False,False,False,True,False,fxLVqufKcfU
57,8,6.25,0.2558139534883721,1,3,0,False,0.10526315789473684,True,1,0,0.0,0.0,1.0,0.0,40.09,False,False,False,False,False,False,False,False,fQ8aW6xbxUE
61,11,4.636363636363637,0.3488372093023256,2,0,0,False,0.06557377049180328,True,1,0,0.177,0.255,0.568,-0.3034,66.10000000000002,False,False,False,False,False,False,False,False,mlmb5lWtDrw
55,11,4.090909090909091,0.5,2,3,0,False,0.05454545454545454,False,0,0,0.0,0.0,1.0,0.0,95.68818181818183,False,False,False,False,False,False,True,False,77KD9bd0g6U
52,9,4.888888888888889,1.0,8,2,0,False,0.057692307692307696,False,0,0,0.0,0.0,1.0,0.0,75.50000000000003,False,False,False,False,False,False,True,False,dLB5k8JymxQ
64,13,4.0,0.4,1,2,0,False,0.0625,True,1,0,0.0,0.0,1.0,0.0,95.955,False,False,False,True,False,False,True,False,lBaGBt8589I
30,5,5.2,1.0,5,0,3,False,0.1,False,0,0,0.0,0.0,1.0,0.0,83.32000000000004,False,False,False,False,False,False,False,False,akeM50Xeejc
57,10,4.8,0.32608695652173914,1,2,0,False,0.03508771929824561,False,0,0,0.279,0.0,0.721,0.5399,86.70500000000001,False,False,False,False,False,False,True,False,zaRu0gN1ldk
58,9,5.555555555555555,0.24489795918367346,1,0,1,False,0.017241379310344827,False,0,0,0.0,0.0,1.0,0.0,66.10000000000002,False,False,False,False,False,False,False,False,uQ8bgWHG2JI
71,14,4.142857142857143,0.3584905660377358,2,2,0,False,0.07042253521126761,False,0,0,0.245,0.0,0.755,0.639,76.50153846153849,False,False,False,False,False,False,False,False,Q3RxkAl2-qc
48,9,4.444444444444445,0.21428571428571427,0,0,0,False,0.041666666666666664,True,3,0,0.0,0.0,1.0,0.0,103.70000000000002,False,False,False,True,False,False,True,False,LPaq5oZHZJA
52,11,3.8181818181818183,0.2857142857142857,0,0,0,False,0.07692307692307693,True,1,0,0.0,0.0,1.0,0.0,101.27068181818181,False,False,False,False,False,False,True,False,5EiNb-bZmKs
55,10,4.6,0.20512820512820512,0,0,0,False,0.05454545454545454,True,2,0,0.0,0.0,1.0,0.0,95.165,False,False,False,False,False,False,True,False,72KibGdDhgY
53,9,5.0,0.32558139534883723,1,2,0,False,0.03773584905660377,False,0,0,0.0,0.0,1.0,0.0,84.90000000000003,False,False,False,False,False,False,False,False,4RnOXNJXHqk
63,10,5.4,0.16666666666666666,0,0,0,False,0.031746031746031744,True,2,0,0.218,0.18,0.602,0.128,52.86500000000001,False,False,False,False,False,False,True,False,iEmlLzmiLok
58,11,4.363636363636363,0.2608695652173913,1,2,0,False,0.034482758620689655,False,0,0,0.0,0.311,0.689,-0.6723,95.68818181818183,False,False,False,True,False,False,True,False,lx5HNVAB1EA
38,8,3.875,0.20689655172413793,0,2,0,False,0.05263157894736842,False,0,0,0.0,0.0,1.0,0.0,103.54,False,False,False,False,False,False,False,False,ZbLf9yLgPWc
67,15,3.533333333333333,0.3269230769230769,2,0,0,False,0.014925373134328358,False,0,0,0.0,0.0,1.0,0.0,95.93928571428573,False,False,False,False,False,False,False,False,Nk67o3iEgPk
55,12,3.6666666666666665,0.3170731707317073,1,0,0,True,0.05454545454545454,False,0,0,0.0,0.161,0.839,-0.2755,110.055,False,False,False,False,False,False,True,False,dB46eGJFa4s
56,9,5.333333333333333,0.358974358974359,1,2,0,False,0.08928571428571429,True,2,0,0.258,0.0,0.742,0.4184,84.90000000000003,False,False,False,False,False,False,True,False,zCjnQ8GPbGk
52,11,3.8181818181818183,0.21621621621621623,0,0,0,False,0.019230769230769232,True,1,0,0.0,0.0,1.0,0.0,87.99727272727276,False,False,False,False,False,False,True,False,EFwNOJO7iw4
38,6,5.5,0.18181818181818182,0,0,0,False,0.0,False,0,0,0.0,0.0,1.0,0.0,45.64500000000001,False,False,False,False,True,False,False,False,BzeY0XzVdP8
36,8,3.625,0.10714285714285714,0,0,0,False,0.027777777777777776,False,0,0,0.0,0.346,0.654,-0.5719,103.04428571428575,False,False,False,False,True,True,True,False,A1ovrTzSRzM
54,12,3.5833333333333335,0.09523809523809523,0,0,0,False,0.018518518518518517,False,0,0,0.0,0.102,0.898,-0.0644,103.37909090909093,False,False,False,False,True,False,True,False,pop07iuAtlQ
43,9,3.888888888888889,0.11764705882352941,0,0,0,False,0.023255813953488372,False,0,0,0.0,0.0,1.0,0.0,82.39000000000001,False,False,False,False,True,False,True,False,P2rP0-3nSvM
68,13,4.3076923076923075,0.05555555555555555,0,0,0,False,0.029411764705882353,False,0,0,0.0,0.211,0.789,-0.4939,64.9245454545455,False,False,False,False,True,False,False,False,C7xdUt2Nl-U
47,11,3.3636363636363638,0.14705882352941177,0,0,0,True,0.06382978723404255,False,0,0,0.209,0.0,0.791,0.3919,78.24500000000002,False,False,False,False,True,False,True,False,TCEObI1l22U
69,14,4.0,0.14814814814814814,0,0,0,False,0.014492753623188406,True,1,0,0.139,0.0,0.861,0.2732,76.50153846153849,False,False,False,False,True,True,False,False,3cmb1jR106k
48,8,5.125,0.15384615384615385,0,0,0,False,0.041666666666666664,False,0,0,0.34,0.0,0.66,0.5574,54.70142857142861,False,False,False,False,False,False,False,False,PYQL_tTjakQ
53,11,3.909090909090909,0.09523809523809523,0,0,0,False,0.018867924528301886,False,0,0,0.0,0.0,1.0,0.0,112.08500000000001,False,False,False,False,True,False,True,False,LxqkWNMou4E
52,11,3.8181818181818183,0.12195121951219512,1,0,0,False,0.019230769230769232,False,0,0,0.225,0.0,0.775,0.4404,78.24500000000002,False,False,False,False,True,False,True,False,PE2jOjjOFwI
56,11,4.181818181818182,0.17777777777777778,0,0,0,False,0.017857142857142856,False,0,0,0.0,0.0,1.0,0.0,86.70500000000001,False,False,False,False,True,False,False,False,pIjzGVaSFKA
39,8,4.0,0.0967741935483871,0,0,0,False,0.02564102564102564,False,0,0,0.0,0.0,1.0,0.0,78.87285714285717,False,False,False,False,True,False,True,False,sEGYJ3LQ1cs
56,12,3.75,0.09090909090909091,0,0,0,False,0.017857142857142856,False,0,0,0.0,0.173,0.827,-0.3182,103.37909090909093,False,False,True,False,True,True,True,True,xnBjMf4lE0E
35,7,4.142857142857143,0.21428571428571427,0,0,0,False,0.02857142857142857,False,0,0,0.0,0.368,0.632,-0.5423,59.745000000000005,False,False,False,False,True,False,False,False,uuFo5IwuwiI
44,7,5.428571428571429,0.15151515151515152,0,0,0,False,0.0,True,2,0,0.0,0.0,1.0,0.0,54.70142857142861,False,False,False,False,True,False,False,False,Bsc8goZ2MGA
52,10,4.3,0.18421052631578946,0,0,0,False,0.019230769230769232,True,1,0,0.429,0.0,0.571,0.7184,78.24500000000002,False,False,False,False,True,False,False,False,FobVChLYl3o
40,7,4.857142857142857,0.21212121212121213,0,0,0,False,0.025,False,0,0,0.381,0.0,0.619,0.5719,90.95857142857145,False,False,False,False,False,False,False,False,UvyJueIup20
14,3,4.0,0.16666666666666666,0,0,0,False,0.0,False,0,0,0.0,0.0,1.0,0.0,90.99000000000004,False,False,False,False,False,False,False,False,zjsOyp_hn70
28,4,6.25,0.12,0,0,0,False,0.0,False,0,0,0.0,0.0,1.0,0.0,33.57500000000002,False,False,False,False,False,False,False,False,dbQR0GO-iMk
53,9,4.777777777777778,0.2,0,0,0,False,0.03773584905660377,True,1,0,0.0,0.0,1.0,0.0,50.66500000000002,False,False,False,False,False,False,False,False,blJaCvhAjXM
60,10,4.9,0.1956521739130435,0,0,0,False,0.03333333333333333,True,1,0,0.0,0.0,1.0,0.0,66.10000000000002,False,False,False,False,False,False,False,False,ByLCyoQABGc
20,2,9.5,1.0,2,0,0,False,0.0,False,0,0,0.0,0.0,1.0,0.0,-91.29499999999996,False,False,False,False,False,True,False,False,xfHZdYzhoCA
18,3,5.333333333333333,1.0,3,0,0,False,0.0,False,0,0,0.0,0.0,1.0,0.0,34.59000000000003,False,False,False,False,False,False,False,False,RG6zrqpI4EE
24,5,4.0,1.0,5,0,0,False,0.0,False,0,0,0.0,0.0,1.0,0.0,100.24000000000002,False,False,False,False,False,True,False,False,HW6C6wmlFZ4
28,6,3.8333333333333335,0.3,0,0,0,False,0.10714285714285714,False,0,0,0.379,0.227,0.394,0.3716,119.19000000000003,False,False,False,False,True,False,True,False,qPdbg2Gtu60
45,8,4.75,0.1388888888888889,0,0,0,False,0.022222222222222223,True,1,0,0.195,0.0,0.805,0.1779,54.70142857142861,False,False,False,False,False,False,False,False,wrZ53EdivoA
22,4,4.75,0.05555555555555555,0,0,1,False,0.045454545454545456,False,0,0,0.317,0.0,0.683,0.101,75.87500000000001,False,False,False,False,False,False,False,False,U7Jh8HT7QSQ
38,8,3.875,1.0,8,0,1,False,0.02631578947368421,False,0,0,0.45,0.0,0.55,0.5994,92.965,False,False,False,False,True,False,False,False,mF_5wYUnDz0
12,3,3.3333333333333335,0.2,0,0,0,False,0.0,False,0,0,0.592,0.0,0.408,0.4404,119.19000000000003,False,False,False,False,False,False,False,False,K59lK9xD6f0
16,5,2.4,0.45454545454545453,1,0,0,False,0.0,True,1,0,0.31,0.0,0.69,0.2023,100.24000000000002,False,False,False,False,True,False,True,False,UgemtCEKuH4
21,5,3.4,0.29411764705882354,0,0,0,False,0.0,False,0,0,0.452,0.0,0.548,0.5106,117.16000000000003,False,False,False,False,False,True,False,False,hJAQtIklGGk
19,3,5.666666666666667,0.17647058823529413,0,0,0,False,0.0,False,0,0,0.0,0.0,1.0,0.0,6.390000000000015,False,False,False,False,False,False,False,False,g1LTQLWdxrs
22,4,4.75,0.2222222222222222,0,0,1,False,0.045454545454545456,False,0,0,0.787,0.0,0.213,0.8126,75.87500000000001,False,False,False,False,True,False,False,False,srmXiuT-q0s
16,4,3.25,0.07692307692307693,0,0,0,False,0.0,False,0,0,0.474,0.0,0.526,0.4019,118.17500000000001,False,False,False,False,False,False,True,False,EmRASlByeVk
29,5,5.0,0.16666666666666666,0,0,0,False,0.034482758620689655,False,0,0,0.0,0.0,1.0,0.0,83.32000000000004,False,False,False,False,False,True,False,False,N2kBs5RRNNg
23,4,5.0,0.2,0,0,0,False,0.0,False,0,0,0.516,0.0,0.484,0.4939,54.72500000000002,False,False,False,False,False,True,False,False,OW2j46MOJ8I
21,4,4.5,0.16666666666666666,0,0,0,False,0.0,False,0,0,0.0,0.0,1.0,0.0,97.025,False,False,False,False,False,True,False,False,XzJqlmt-6GE
24,3,7.333333333333333,0.13636363636363635,0,0,0,False,0.0,False,0,0,0.0,0.556,0.444,-0.3612,34.59000000000003,False,False,False,False,False,False,False,False,__OiPiKWDH8
20,4,4.25,0.058823529411764705,0,0,0,False,0.0,False,0,0,0.0,0.0,1.0,0.0,97.025,False,False,False,False,True,False,False,False,WOmk8Mxm6sA
57,9,5.444444444444445,0.020833333333333332,0,0,1,False,0.017543859649122806,False,0,0,0.426,0.0,0.574,0.6369,56.70000000000002,False,False,False,False,False,False,False,False,V-u7t50N-y4
24,5,4.0,0.21052631578947367,0,0,0,False,0.0,True,1,0,0.0,0.412,0.588,-0.4215,83.32000000000004,False,False,False,False,False,False,True,False,0TU2BAHGlKc
31,6,4.333333333333333,0.24,0,0,1,False,0.03225806451612903,False,0,0,0.0,0.0,1.0,0.0,87.94500000000002,False,False,False,False,False,True,True,False,XZxlvmpRBnM
16,3,4.666666666666667,0.21428571428571427,0,0,0,False,0.0,False,0,0,0.868,0.0,0.132,0.765,90.99000000000004,False,False,False,False,False,False,False,False,9BwI-42BsBw
19,3,5.666666666666667,0.17647058823529413,0,0,0,False,0.0,False,0,0,0.0,0.0,1.0,0.0,34.59000000000003,False,False,False,False,False,False,True,False,Ut8U1sEbamE
14,3,4.0,0.25,0,0,0,False,0.0,False,0,0,0.0,0.0,1.0,0.0,90.99000000000004,False,False,False,False,False,False,True,False,TknNF694JMg
18,5,2.8,0.21428571428571427,0,0,0,False,0.0,False,0,0,0.0,0.0,1.0,0.0,117.16000000000003,False,False,False,False,False,False,True,False,Rwnn78oCbGg
12,2,5.5,0.18181818181818182,0,0,0,False,0.0,False,0,0,0.0,0.583,0.417,-0.1027,35.60500000000002,False,False,False,False,False,False,False,False,K5TNloDNiC0
46,9,4.222222222222222,0.11428571428571428,0,0,0,False,0.043478260869565216,True,1,0,0.0,0.0,1.0,0.0,66.7871428571429,False,False,False,False,False,False,True,False,Iocumf6tSFg
18,4,3.75,0.26666666666666666,0,0,0,False,0.0,False,0,0,0.0,0.0,1.0,0.0,97.025,False,False,False,False,False,True,False,False,-G7hDksbgVg
13,3,3.6666666666666665,0.2727272727272727,0,0,0,False,0.0,False,0,0,0.0,0.0,1.0,0.0,90.99000000000004,False,False,False,False,False,False,True,False,S4qyWZG54mg
58,9,5.555555555555555,0.044444444444444446,0,0,0,False,0.05172413793103448,True,2,0,0.0,0.0,1.0,0.0,-17.812857142857126,False,False,False,False,False,False,False,False,3VLf4U8nYTI
58,9,5.555555555555555,0.044444444444444446,0,0,0,False,0.05172413793103448,True,2,0,0.0,0.0,1.0,0.0,-17.812857142857126,False,False,False,False,False,False,False,False,Tt1l18xCKLM
58,9,5.555555555555555,0.044444444444444446,0,0,0,False,0.05172413793103448,True,2,0,0.0,0.0,1.0,0.0,-17.812857142857126,False,False,False,False,False,False,False,False,6Ugm82Fju3w
58,9,5.555555555555555,0.044444444444444446,0,0,0,False,0.05172413793103448,True,2,0,0.0,0.0,1.0,0.0,-17.812857142857126,False,False,False,False,False,False,False,False,MU1rgDDZf4I
58,9,5.555555555555555,0.022222222222222223,0,0,0,False,0.05172413793103448,True,2,0,0.0,0.0,1.0,0.0,-17.812857142857126,False,False,False,False,False,False,False,False,YXlEN9cB778
58,9,5.555555555555555,0.022222222222222223,0,0,0,False,0.05172413793103448,True,2,0,0.0,0.0,1.0,0.0,-17.812857142857126,False,False,False,False,False,False,False,False,rHJ6jGIi6tU
35,9,3.0,0.2608695652173913,0,0,0,False,0.08571428571428572,True,1,1,0.0,0.0,1.0,0.0,103.04428571428575,False,False,False,False,False,False,True,False,TbU-IcwIQek
58,9,5.555555555555555,0.022222222222222223,0,0,0,False,0.05172413793103448,True,2,0,0.0,0.0,1.0,0.0,-17.812857142857126,False,False,False,False,False,False,False,False,EgAUzT5lNr4
58,9,5.555555555555555,0.0,0,0,0,False,0.05172413793103448,True,2,0,0.0,0.0,1.0,0.0,-17.812857142857126,False,False,False,False,False,False,False,False,OMM9HTGDSb4
57,11,4.2727272727272725,0.09523809523809523,0,0,0,False,0.05263157894736842,True,2,0,0.0,0.0,1.0,0.0,28.50000000000003,False,False,False,False,False,False,False,False,n-_dEt92Lr0
57,11,4.2727272727272725,0.11904761904761904,0,0,0,False,0.05263157894736842,True,2,0,0.0,0.0,1.0,0.0,28.50000000000003,False,False,False,False,False,False,False,False,Redg-bf1sCQ
57,11,4.2727272727272725,0.11904761904761904,0,0,0,False,0.05263157894736842,True,2,0,0.0,0.0,1.0,0.0,28.50000000000003,False,False,False,False,False,False,False,False,Y3fhwlUPpbU
56,11,4.181818181818182,0.0975609756097561,0,0,0,False,0.05357142857142857,True,2,0,0.0,0.0,1.0,0.0,28.50000000000003,False,False,False,False,False,False,False,False,wVF_-OYoSrI
56,11,4.181818181818182,0.0975609756097561,0,0,0,False,0.05357142857142857,True,2,0,0.0,0.0,1.0,0.0,28.50000000000003,False,False,False,False,False,False,False,False,1A_7WnsabJ0
56,11,4.181818181818182,0.0975609756097561,0,0,0,False,0.05357142857142857,True,2,0,0.0,0.0,1.0,0.0,28.50000000000003,False,False,False,False,False,False,False,False,_rD1iGRmEVA
57,11,4.2727272727272725,0.07142857142857142,0,0,0,False,0.05263157894736842,True,2,0,0.0,0.0,1.0,0.0,28.50000000000003,False,False,False,False,False,False,False,False,KwFgbUQVOiY
57,11,4.2727272727272725,0.11904761904761904,0,0,0,False,0.05263157894736842,True,2,0,0.0,0.0,1.0,0.0,28.50000000000003,False,False,False,False,False,False,False,False,eo351vhSBmo
56,11,4.181818181818182,0.0975609756097561,0,0,0,False,0.05357142857142857,True,2,0,0.0,0.0,1.0,0.0,28.50000000000003,False,False,False,False,False,False,False,False,QVsijyiNdfY
56,11,4.181818181818182,0.0975609756097561,0,0,0,False,0.05357142857142857,True,2,0,0.0,0.0,1.0,0.0,28.50000000000003,False,False,False,False,False,False,False,False,Isg9E5xekKQ
42,9,3.7777777777777777,0.1,0,0,0,False,0.047619047619047616,True,2,0,0.0,0.0,1.0,0.0,50.66500000000002,False,False,False,False,False,False,False,False,SHYwpJm0_E0
43,9,3.888888888888889,0.0967741935483871,0,0,0,False,0.046511627906976744,True,2,0,0.0,0.0,1.0,0.0,50.66500000000002,False,False,False,False,False,False,False,False,qOEjcnLuADw
53,10,4.4,0.2,0,1,0,False,0.07547169811320754,False,0,0,0.0,0.0,1.0,0.0,65.30000000000001,False,False,False,False,False,False,False,False,wI7JE2gkzfc
86,16,4.4375,0.16923076923076924,0,0,0,False,0.06976744186046512,False,0,0,0.0,0.0,1.0,0.0,49.54272727272729,False,False,False,False,False,False,False,False,ItxWM37R3AQ
61,10,5.2,0.14285714285714285,0,0,0,False,0.04918032786885246,False,0,0,0.0,0.0,1.0,0.0,18.44428571428574,False,False,False,False,False,False,False,False,24NbQkMzToo
50,8,5.375,0.14634146341463414,0,0,0,False,0.04,False,0,0,0.0,0.0,1.0,0.0,17.44500000000002,False,False,False,False,False,False,False,False,e-6cBc_tDC4
70,11,5.454545454545454,0.14035087719298245,0,0,0,False,0.04285714285714286,False,0,0,0.105,0.169,0.726,-0.2023,18.940000000000026,True,False,False,False,False,False,False,False,38UMUmcBAho
96,18,4.388888888888889,0.17333333333333334,0,0,1,False,0.041666666666666664,False,0,0,0.0,0.0,1.0,0.0,69.5025,False,False,False,False,False,False,False,False,_lDfqDGZvPg
62,11,4.7272727272727275,0.16326530612244897,0,0,0,False,0.04838709677419355,False,0,0,0.0,0.0,1.0,0.0,37.900000000000034,False,False,False,False,False,False,False,False,TuJJzWKlQGA
79,14,4.714285714285714,0.15873015873015872,0,0,0,False,0.0379746835443038,False,0,0,0.0,0.0,1.0,0.0,41.8518181818182,False,False,False,False,False,False,False,False,_D0L-hoRNTE
72,14,4.214285714285714,0.17543859649122806,0,0,0,False,0.027777777777777776,False,0,0,0.0,0.0,1.0,0.0,67.75500000000001,False,False,False,False,False,False,False,False,JlnBfKq2qgI
85,14,5.142857142857143,0.1323529411764706,0,0,1,False,0.047058823529411764,False,0,0,0.0,0.0,1.0,0.0,39.7434090909091,False,False,False,False,False,False,False,False,y8KoQot_6FI
71,10,6.2,0.13333333333333333,0,0,0,False,0.028169014084507043,False,0,0,0.0,0.0,1.0,0.0,-23.359999999999985,False,False,False,False,False,False,False,False,s119Sxd61Wo
83,15,4.6,0.16923076923076924,0,0,0,False,0.04819277108433735,False,0,0,0.0,0.0,1.0,0.0,46.60500000000002,False,False,False,False,False,False,False,False,ZM-chwFVrAM
50,9,4.666666666666667,0.175,0,0,0,False,0.04,False,0,0,0.192,0.0,0.808,0.2263,42.61571428571432,False,False,False,False,False,False,False,False,H8Yztow1f14
79,13,5.153846153846154,0.14285714285714285,0,0,0,False,0.05063291139240506,False,0,0,0.149,0.0,0.851,0.2732,-9.099999999999994,False,False,False,False,False,False,False,False,m3k3gTa-h-k
52,10,4.3,0.15,0,0,0,False,0.057692307692307696,False,0,0,0.0,0.0,1.0,0.0,54.70142857142861,False,False,False,False,False,False,False,False,3PCEW2sgx_Y
73,11,5.7272727272727275,0.13333333333333333,0,0,0,False,0.0410958904109589,False,0,0,0.0,0.0,1.0,0.0,-12.784999999999997,False,False,False,False,False,False,False,False,Qr8XK3g5Dmk
51,10,4.2,0.18421052631578946,0,0,1,False,0.0784313725490196,False,0,0,0.0,0.0,1.0,0.0,75.87500000000001,False,False,False,False,False,False,False,False,En8q4cyTHIA
70,11,5.454545454545454,0.14035087719298245,0,0,0,False,0.04285714285714286,False,0,0,0.115,0.0,0.885,0.0772,8.365000000000009,True,False,False,False,False,False,False,False,_kQykWA0AbQ
72,14,4.214285714285714,0.17543859649122806,0,0,0,False,0.027777777777777776,False,0,0,0.0,0.0,1.0,0.0,60.70500000000001,False,False,False,False,False,False,False,False,LaUWhe2VFRY
74,11,5.818181818181818,0.13114754098360656,0,0,0,False,0.04054054054054054,False,0,0,0.0,0.0,1.0,0.0,-12.784999999999997,False,False,False,False,False,False,False,False,ikEUmUrFB1I
74,13,4.769230769230769,0.15517241379310345,0,0,1,False,0.05405405405405406,False,0,0,0.178,0.0,0.822,0.3818,74.86000000000003,False,False,False,False,False,False,False,False,0Ofb_yt3yu4
77,12,5.5,0.12698412698412698,0,0,0,False,0.03896103896103896,False,0,0,0.0,0.0,1.0,0.0,0.30000000000001137,False,False,False,False,False,False,False,False,NBLkFSnavmY
71,12,5.0,0.15789473684210525,0,0,0,False,0.04225352112676056,False,0,0,0.0,0.0,1.0,0.0,9.700000000000017,False,False,False,False,False,False,False,False,qMojhcFHm7g
69,11,5.363636363636363,0.14285714285714285,0,0,0,False,0.043478260869565216,False,0,0,0.0,0.0,1.0,0.0,-2.2099999999999795,False,False,False,False,False,False,False,False,aSalPKEqE84
49,10,4.0,0.2222222222222222,0,0,1,False,0.08163265306122448,False,0,0,0.0,0.0,1.0,0.0,97.025,False,False,False,False,False,False,False,False,BcRpv8mfQGU
66,11,5.090909090909091,0.1509433962264151,0,0,0,False,0.045454545454545456,False,0,0,0.0,0.0,1.0,0.0,18.940000000000026,False,False,False,False,False,False,False,False,CVw11d7sW_8
79,14,4.714285714285714,0.15873015873015872,0,0,0,False,0.0379746835443038,False,0,0,0.0,0.0,1.0,0.0,26.470000000000027,False,False,False,False,False,False,False,False,P7o8E3SB1Go
99,17,4.882352941176471,0.1518987341772152,0,0,0,False,0.04040404040404041,False,0,0,0.219,0.0,0.781,0.4939,4.916923076923098,False,False,False,False,False,False,False,False,aLoTBJ4KwHY
67,13,4.230769230769231,0.16981132075471697,0,0,0,False,0.029850746268656716,False,0,0,0.0,0.0,1.0,0.0,64.9245454545455,False,False,False,False,False,False,False,False,JWzX4JpFbc4
72,12,5.083333333333333,0.13793103448275862,0,0,0,False,0.041666666666666664,False,0,0,0.0,0.0,1.0,0.0,19.100000000000023,False,False,False,False,False,False,False,False,GW9p6rEXw7Y
69,12,4.833333333333333,0.16363636363636364,0,0,0,False,0.043478260869565216,False,0,0,0.0,0.0,1.0,0.0,28.50000000000003,False,False,False,False,False,False,False,False,vPdSHs7vZak
73,11,5.7272727272727275,0.13333333333333333,0,0,0,False,0.0410958904109589,False,0,0,0.0,0.0,1.0,0.0,-23.359999999999985,False,False,False,False,False,False,False,False,nI84o6OC64U
66,13,4.153846153846154,0.17307692307692307,0,0,0,False,0.030303030303030304,False,0,0,0.0,0.0,1.0,0.0,64.9245454545455,False,False,False,False,False,False,False,False,NpXadpRyk8o
93,15,5.266666666666667,0.13333333333333333,0,0,0,False,0.043010752688172046,False,0,0,0.0,0.0,1.0,0.0,-4.293636363636352,False,False,False,False,False,False,False,False,shKNuVHiveo
73,13,4.6923076923076925,0.1724137931034483,0,0,0,False,0.0410958904109589,False,0,0,0.0,0.091,0.909,-0.0516,44.405,False,False,False,False,False,False,False,False,JMvGiRvB5SQ
99,14,6.142857142857143,0.12195121951219512,0,0,0,False,0.04040404040404041,False,0,0,0.0,0.0,1.0,0.0,-57.11499999999998,False,False,False,False,False,False,False,False,oSq_CUqtWrQ
72,14,4.214285714285714,0.21052631578947367,1,0,0,False,0.027777777777777776,False,0,0,0.0,0.0,1.0,0.0,67.75500000000001,False,False,False,False,False,False,False,False,esE_E-1wfgU
85,15,4.733333333333333,0.1323529411764706,0,0,0,False,0.03529411764705882,False,0,0,0.0,0.0,1.0,0.0,39.55500000000001,False,False,False,False,False,False,False,False,k_vQqDqaw3s
76,14,4.5,0.16666666666666666,0,0,0,False,0.039473684210526314,False,0,0,0.0,0.0,1.0,0.0,34.160909090909115,False,False,False,False,False,False,False,False,6bKPhXeef3o
99,18,4.555555555555555,0.15584415584415584,0,0,0,False,0.050505050505050504,False,0,0,0.0,0.115,0.885,-0.296,37.455384615384645,False,False,False,False,False,False,False,False,RrUrpD90haU
80,14,4.785714285714286,0.15384615384615385,0,0,0,False,0.025,False,0,0,0.0,0.0,1.0,0.0,53.655,False,False,False,False,False,False,False,False,TtYaId4Ph-4
85,13,5.615384615384615,0.12857142857142856,0,0,0,False,0.03529411764705882,False,0,0,0.155,0.0,0.845,0.296,27.485000000000014,False,False,False,False,False,False,False,False,DSE1yxRG5Xc
87,16,4.5,0.2647058823529412,1,0,0,False,0.04597701149425287,False,0,0,0.23,0.061,0.709,0.6523,32.504999999999995,False,False,False,False,False,False,False,False,x4AL25llVcU
93,16,4.875,0.1506849315068493,0,0,0,False,0.043010752688172046,True,1,0,0.0,0.0,1.0,0.0,11.424615384615407,False,False,False,False,True,False,False,False,dVVmCKxh7gc
70,13,4.461538461538462,0.43636363636363634,2,0,0,False,0.04285714285714286,False,0,0,0.0,0.314,0.686,-0.6166,44.405,False,False,False,False,False,False,False,False,86r3Qvs5mEE
67,12,4.666666666666667,0.4339622641509434,2,0,0,False,0.04477611940298507,False,0,0,0.0,0.222,0.778,-0.4824,37.900000000000034,False,False,False,False,False,False,False,False,oSck6X-_xwg
75,15,4.066666666666666,0.1864406779661017,0,0,0,False,0.02666666666666667,False,0,0,0.0,0.0,1.0,0.0,63.486153846153854,False,False,False,False,False,False,False,False,rrD3RIKXess
74,13,4.769230769230769,0.4067796610169492,2,0,0,False,0.04054054054054054,False,0,0,0.0,0.207,0.793,-0.4824,35.94500000000002,False,False,False,False,False,False,False,False,m39zdeGZgDs
81,16,4.125,0.1724137931034483,0,0,0,True,0.09876543209876543,False,0,0,0.0,0.074,0.926,-0.0516,76.59134615384617,False,False,False,False,False,False,False,False,QX7gGmRX8B0
76,14,4.5,0.4,2,0,0,False,0.039473684210526314,False,0,0,0.068,0.193,0.739,-0.4648,49.54272727272729,False,False,False,False,False,False,False,False,InBRxsaxhv0
82,16,4.1875,0.1875,0,0,0,False,0.036585365853658534,False,0,1,0.163,0.0,0.837,0.5106,83.85357142857143,False,False,False,False,True,True,False,False,Aja67PtDfh0
87,16,4.5,0.16417910447761194,0,1,0,False,0.05747126436781609,False,0,1,0.166,0.0,0.834,0.4574,53.655,False,False,False,False,True,False,False,False,u9emKEVfDqw
70,13,4.461538461538462,0.16363636363636364,0,0,0,False,0.04285714285714286,False,0,1,0.231,0.0,0.769,0.5994,44.405,False,False,False,False,False,False,False,False,85dDM74-V6g
83,13,5.461538461538462,0.14492753623188406,0,0,0,False,0.024096385542168676,False,0,0,0.259,0.0,0.741,0.6369,34.160909090909115,False,False,False,False,False,False,False,False,Y7RYLfX6uCc
81,13,5.3076923076923075,0.2537313432835821,1,0,0,False,0.024691358024691357,False,0,0,0.0,0.0,1.0,0.0,26.470000000000027,False,False,False,False,True,False,False,False,PrEFvRZcmOM
93,19,3.9473684210526314,0.21739130434782608,0,0,0,False,0.043010752688172046,True,1,0,0.0,0.0,1.0,0.0,74.27000000000001,False,False,False,False,True,False,False,False,og1lOorpX3Q
99,18,4.555555555555555,0.16,0,0,1,False,0.0707070707070707,False,0,1,0.251,0.093,0.656,0.6249,44.05288461538464,False,False,False,False,True,False,False,False,UmubbWqAckg
70,12,4.916666666666667,0.16071428571428573,0,0,0,False,0.04285714285714286,False,0,1,0.184,0.0,0.816,0.4019,19.100000000000023,False,False,False,False,True,False,False,False,MTOM2ooYGCQ
98,18,4.5,0.16216216216216217,0,0,0,False,0.07142857142857142,False,0,1,0.587,0.0,0.413,0.9678,65.72500000000001,False,False,False,False,True,True,False,False,n9y81lPO7V4
82,15,4.533333333333333,0.16923076923076924,0,0,0,False,0.036585365853658534,False,0,0,0.437,0.0,0.563,0.8519,46.60500000000002,False,False,False,False,True,False,False,False,TlxkiTl6HQk
61,11,4.636363636363637,0.1836734693877551,0,0,0,False,0.03278688524590164,False,0,0,0.0,0.0,1.0,0.0,75.50000000000003,False,False,False,False,True,False,False,False,myC3884JPRY
90,16,4.6875,0.14705882352941177,0,0,0,False,0.06666666666666667,True,1,1,0.0,0.0,1.0,0.0,39.55500000000001,True,False,False,False,False,True,False,False,GOCj2dAxfHo
83,15,4.6,0.16923076923076924,0,0,0,False,0.04819277108433735,False,0,0,0.434,0.0,0.566,0.8481,49.54272727272729,False,False,False,False,True,False,False,False,je71EPN-vbE
81,14,4.857142857142857,0.16666666666666666,0,0,0,False,0.024691358024691357,False,0,0,0.0,0.0,1.0,0.0,53.655,False,False,False,True,True,True,False,False,-InIsEx6DuM
96,16,5.0625,0.17105263157894737,0,0,1,False,0.052083333333333336,False,0,0,0.0,0.0,1.0,0.0,48.65857142857146,False,False,False,False,False,False,False,False,szj1tWRiXAE
84,15,4.666666666666667,0.16417910447761194,0,0,0,False,0.03571428571428571,False,0,0,0.437,0.0,0.563,0.8519,46.60500000000002,False,False,False,False,True,False,False,False,fTYhA_j6cUw
68,12,4.75,0.2037037037037037,0,0,0,False,0.04411764705882353,False,0,0,0.17,0.201,0.629,-0.128,35.94500000000002,False,False,False,False,True,False,False,False,rPtQqgFqJG0
70,13,4.461538461538462,0.16363636363636364,0,0,0,False,0.04285714285714286,False,0,1,0.0,0.0,1.0,0.0,78.24500000000002,False,False,False,False,True,False,False,False,hqHEujHVUmg
69,12,4.833333333333333,0.16981132075471697,0,0,0,False,0.07246376811594203,False,0,1,0.195,0.0,0.805,0.4404,47.30000000000004,False,False,False,False,True,True,False,False,FinHEHWXqa4
76,14,4.5,0.16666666666666666,0,1,0,False,0.039473684210526314,False,0,0,0.0,0.261,0.739,-0.68,74.805,False,False,False,False,False,False,False,False,1WNRbVuALxA
61,11,4.636363636363637,0.14583333333333334,0,0,0,False,0.04918032786885246,False,0,1,0.0,0.216,0.784,-0.5106,61.24000000000001,False,False,False,False,False,False,False,False,Xs1YVj4HLdQ
69,12,4.833333333333333,0.16981132075471697,0,0,0,False,0.07246376811594203,False,0,1,0.209,0.0,0.791,0.4404,47.30000000000004,False,False,False,False,True,True,False,False,fKKVELUgTPE
78,14,4.642857142857143,0.14516129032258066,0,0,0,False,0.038461538461538464,False,0,1,0.186,0.0,0.814,0.4939,49.54272727272729,False,False,False,False,True,False,False,False,uPZ6BgKCjhM
85,15,4.733333333333333,0.17647058823529413,0,0,0,False,0.03529411764705882,False,0,0,0.161,0.0,0.839,0.3976,39.55500000000001,False,False,False,True,True,True,False,False,MfIwF6QoRm4
79,13,5.153846153846154,0.18032786885245902,0,2,1,False,0.0759493670886076,False,0,0,0.0,0.235,0.765,-0.5696,41.8518181818182,False,False,False,False,False,False,False,False,EdIThiZ6cGc
71,13,4.538461538461538,0.16363636363636364,0,0,0,False,0.056338028169014086,False,0,1,0.162,0.0,0.838,0.4019,61.32500000000002,False,False,False,False,True,False,False,False,39DQ251XVc8
99,16,5.25,0.15384615384615385,0,0,0,False,0.06060606060606061,False,0,0,0.0,0.0,1.0,0.0,18.405,False,False,False,False,True,True,False,False,uFZXvXWF5Bg
72,12,5.083333333333333,0.17543859649122806,0,0,1,False,0.05555555555555555,False,0,0,0.0,0.0,1.0,0.0,44.405,False,False,False,False,False,False,False,False,x9_Qi_EMW8s
88,16,4.5625,0.16176470588235295,0,0,0,False,0.056818181818181816,False,0,1,0.0,0.0,1.0,0.0,50.470769230769264,False,False,False,False,True,False,False,False,qSsF92qMvQg
84,14,5.071428571428571,0.1323529411764706,0,0,0,False,0.03571428571428571,False,0,0,0.167,0.0,0.833,0.3818,18.77909090909094,False,False,False,False,False,False,False,False,uQwOLwnFNLA
76,15,4.133333333333334,0.2033898305084746,0,0,0,False,0.039473684210526314,False,0,0,0.0,0.0,1.0,0.0,60.70500000000001,False,False,False,False,True,True,True,False,6HQ4Am10aRg
83,15,4.533333333333333,0.15873015873015872,0,1,0,False,0.060240963855421686,False,0,1,0.0,0.0,1.0,0.0,39.7434090909091,False,False,False,False,True,False,False,False,KKTL02lB-Lo
86,17,4.117647058823529,0.18461538461538463,0,0,0,False,0.05813953488372093,False,0,0,0.208,0.0,0.792,0.6369,77.81071428571428,False,False,False,False,True,False,False,False,OFXirh-nQZ4
99,19,4.2631578947368425,0.2,1,0,2,False,0.06060606060606061,False,0,0,0.0,0.206,0.794,-0.6868,83.74867647058825,False,False,False,False,False,False,False,False,aRjogNqeltc
84,16,4.3125,0.2,0,0,1,False,0.047619047619047616,False,0,0,0.0,0.185,0.815,-0.5267,78.87285714285717,False,False,False,False,False,True,True,False,4UZMsMt9Rtg
93,17,4.529411764705882,0.18055555555555555,0,0,0,False,0.053763440860215055,False,0,0,0.474,0.0,0.526,0.9274,73.17000000000003,False,False,False,False,True,False,False,False,QN0LOhX5-uQ
66,11,5.090909090909091,0.16981132075471697,0,0,0,False,0.045454545454545456,False,0,0,0.0,0.0,1.0,0.0,19.100000000000023,False,False,False,False,True,True,False,False,JmwLSFLmaTM
71,13,4.538461538461538,0.16363636363636364,0,1,0,False,0.056338028169014086,False,0,0,0.104,0.225,0.671,-0.4574,74.86000000000003,False,False,False,False,True,False,False,False,oGAdPBuduYM
90,17,4.352941176470588,0.234375,1,0,0,False,0.08888888888888889,True,1,0,0.269,0.0,0.731,0.6739,65.72500000000001,False,False,False,False,True,True,False,False,1ZPiJUBwxCk
60,11,4.545454545454546,0.16666666666666666,0,0,0,False,0.03333333333333333,False,0,0,0.145,0.0,0.855,0.1779,47.30000000000004,False,False,False,False,True,True,False,False,d9DNWD_PO2A
92,18,4.166666666666667,0.15942028985507245,0,0,0,False,0.05434782608695652,True,1,1,0.128,0.0,0.872,0.3612,78.81000000000003,False,False,False,False,True,True,False,False,u_3VT0B8j7c
84,14,5.071428571428571,0.13432835820895522,0,0,0,False,0.047619047619047616,False,0,1,0.162,0.0,0.838,0.4019,11.088181818181852,False,False,False,False,False,False,False,False,60MmZqTdQIo
77,14,4.571428571428571,0.22413793103448276,1,0,0,False,0.07792207792207792,False,0,1,0.0,0.0,1.0,0.0,74.805,False,False,False,False,True,True,False,False,yhH1ssL_s18
84,16,4.3125,0.19047619047619047,0,0,1,False,0.07142857142857142,False,0,0,0.0,0.0,1.0,0.0,76.59134615384617,False,False,False,False,False,True,True,False,CqgcFpcN2Ow
68,13,4.3076923076923075,0.19230769230769232,0,0,0,False,0.058823529411764705,False,0,0,0.184,0.0,0.816,0.4019,44.405,False,False,False,False,True,False,False,False,IZcOXh7EOzE
82,13,5.384615384615385,0.14705882352941177,0,0,0,False,0.024390243902439025,False,0,0,0.0,0.382,0.618,-0.7783,41.8518181818182,False,False,False,False,True,False,False,False,5YwivordfPQ
81,13,5.3076923076923075,0.15151515151515152,0,0,0,False,0.037037037037037035,False,0,0,0.569,0.0,0.431,0.8979,27.485000000000014,False,False,False,False,False,False,False,False,BirmYCsV3Ps
75,12,5.333333333333333,0.19642857142857142,1,0,0,False,0.08,True,1,1,0.2,0.0,0.8,0.4588,35.94500000000002,False,False,False,False,True,True,False,False,8MVoVGsj75c
76,16,3.8125,0.17543859649122806,0,0,0,False,0.05263157894736842,False,0,1,0.333,0.0,0.667,0.8176,74.805,False,False,False,False,True,False,False,False,spgn8u6XDkA
84,14,5.071428571428571,0.15151515151515152,0,0,0,False,0.05952380952380952,False,0,0,0.207,0.0,0.793,0.5267,57.23363636363638,False,False,False,False,True,True,False,False,2S3sLrzHGxI
86,17,4.117647058823529,0.21212121212121213,1,0,0,False,0.046511627906976744,False,0,1,0.198,0.0,0.802,0.6369,63.486153846153854,False,False,False,False,True,True,False,False,bpy4KLAs77I
79,17,3.7058823529411766,0.2542372881355932,1,0,0,False,0.0379746835443038,True,1,0,0.115,0.0,0.885,0.2682,65.72500000000001,False,False,False,False,False,False,False,False,Xe7XUj1lsMA
73,13,4.6923076923076925,0.7169811320754716,7,0,0,False,0.0821917808219178,True,2,0,0.174,0.0,0.826,0.368,53.655,False,False,False,False,False,False,False,False,tB5CZXeQiQ8
35,8,3.5,0.25925925925925924,1,0,1,False,0.02857142857142857,False,0,0,0.0,0.0,1.0,0.0,92.965,False,False,False,False,False,False,False,False,ouB0w0dGeoE
59,9,5.666666666666667,0.1836734693877551,1,0,0,False,0.03389830508474576,False,0,0,0.0,0.0,1.0,0.0,40.09,False,False,False,False,True,True,False,False,MzIZ3k1NdPs
64,13,4.0,0.22448979591836735,1,1,0,False,0.03125,True,1,0,0.0,0.0,1.0,0.0,89.51692307692309,False,False,False,False,False,False,True,False,5u0S2uTDR_o
97,15,5.533333333333333,0.15384615384615385,0,0,0,False,0.05154639175257732,False,0,0,0.186,0.0,0.814,0.4939,39.33000000000001,False,False,False,False,False,False,False,False,U-zM_id7zLE
65,12,4.5,0.18867924528301888,0,0,0,False,0.015384615384615385,False,0,0,0.231,0.0,0.769,0.5106,67.75500000000001,False,False,False,False,False,True,False,False,Tdi_e7mLsAo
95,17,4.647058823529412,0.18421052631578946,1,0,0,False,0.031578947368421054,False,0,0,0.126,0.0,0.874,0.3182,68.9825,False,False,False,False,True,True,False,False,K5LDeN7YXTg
88,13,5.846153846153846,0.17567567567567569,0,0,0,False,0.022727272727272728,False,0,0,0.0,0.0,1.0,0.0,56.97846153846157,False,False,False,False,True,True,False,False,gKQMQScbW6c
99,16,5.25,0.16049382716049382,1,0,0,False,0.030303030303030304,False,0,0,0.0,0.0,1.0,0.0,56.25000000000003,False,False,False,False,True,True,False,False,OqKB1XeFQ5I
88,13,5.846153846153846,0.1527777777777778,0,0,0,False,0.045454545454545456,False,0,0,0.259,0.0,0.741,0.4284,63.486153846153854,False,False,False,False,True,True,False,False,urnlaq07ceA
41,6,6.0,0.14285714285714285,0,0,0,False,0.024390243902439025,False,0,0,0.229,0.289,0.482,-0.128,17.44500000000002,False,False,True,False,False,False,False,False,_-zJI6lfP4g
86,15,4.8,0.5,4,0,0,False,0.05813953488372093,True,1,0,0.0,0.0,1.0,0.0,25.455000000000013,False,False,False,False,False,True,False,False,0lgBKMT2FTw
75,13,4.846153846153846,0.3793103448275862,3,0,0,False,0.06666666666666667,False,0,0,0.202,0.0,0.798,0.4648,27.485000000000014,False,False,False,False,True,True,False,False,9m9Xtc8GFqQ
86,15,4.8,0.5,4,0,0,False,0.05813953488372093,True,1,0,0.0,0.0,1.0,0.0,25.455000000000013,False,False,False,False,False,True,False,False,fgY3cQuwui4
73,14,4.285714285714286,0.34545454545454546,3,1,0,False,0.0684931506849315,False,0,0,0.0,0.245,0.755,-0.6399,44.405,False,False,False,False,True,True,False,False,CM8l65db1SI
71,14,4.142857142857143,0.3333333333333333,4,1,0,False,0.056338028169014086,False,0,0,0.0,0.0,1.0,0.0,62.81613636363636,False,False,False,False,True,True,False,False,USqWAswVUeY
71,14,4.142857142857143,0.3333333333333333,4,1,0,False,0.056338028169014086,False,0,0,0.0,0.0,1.0,0.0,62.81613636363636,False,False,False,False,True,True,False,False,brIydCvozz8
74,14,4.357142857142857,0.3684210526315789,3,0,0,False,0.05405405405405406,False,0,0,0.0,0.0,1.0,0.0,44.405,False,False,False,False,True,True,False,False,XEiQX__x7S0
74,14,4.357142857142857,0.3684210526315789,4,1,0,False,0.05405405405405406,False,0,0,0.0,0.0,1.0,0.0,62.81613636363636,False,False,False,False,True,True,False,False,wxyg8lhum_Y
83,15,4.6,0.4375,5,0,0,False,0.060240963855421686,False,0,0,0.265,0.0,0.735,0.7235,53.655,False,False,False,False,True,True,False,False,4kddOARG4Io
85,17,4.0588235294117645,0.4375,5,0,0,False,0.058823529411764705,False,0,0,0.0,0.0,1.0,0.0,50.470769230769264,False,False,False,False,True,True,False,False,vOINIEQAPGs
85,17,4.0588235294117645,0.4461538461538462,6,0,0,False,0.047058823529411764,False,0,0,0.0,0.0,1.0,0.0,63.486153846153854,False,False,False,False,True,True,False,False,LeK4iuTrWA4
83,16,4.25,0.4375,5,0,0,False,0.04819277108433735,False,0,0,0.0,0.0,1.0,0.0,39.55500000000001,False,False,False,False,True,True,False,False,nxST2GDYtWE
90,18,4.055555555555555,0.45454545454545453,7,1,0,False,0.07777777777777778,False,0,0,0.0,0.0,1.0,0.0,72.83000000000003,False,False,False,False,True,True,False,False,3t4_Pec6nwk
91,17,4.411764705882353,0.49295774647887325,6,0,0,False,0.04395604395604396,False,0,0,0.236,0.0,0.764,0.7125,50.470769230769264,False,False,False,False,True,True,False,False,rxbd39eI_VM
81,14,4.857142857142857,0.4461538461538462,4,0,0,False,0.037037037037037035,False,0,0,0.214,0.0,0.786,0.5473,26.470000000000027,False,False,False,False,True,True,False,False,RLitv_Ck39g
89,16,4.625,0.4626865671641791,5,1,0,False,0.07865168539325842,False,0,0,0.0,0.0,1.0,0.0,38.595,False,False,False,False,True,True,False,False,JhvxeQ45GwM
75,13,4.846153846153846,0.4,3,0,0,False,0.04,False,0,0,0.0,0.0,1.0,0.0,44.405,False,False,False,False,True,True,False,False,1bu_PrB8MJI
83,17,3.9411764705882355,0.42857142857142855,6,0,0,False,0.04819277108433735,False,0,0,0.0,0.0,1.0,0.0,63.486153846153854,False,False,False,False,True,True,False,False,sSz7x993JN0
86,15,4.8,0.4626865671641791,5,0,0,False,0.05813953488372093,False,0,0,0.153,0.0,0.847,0.368,46.60500000000002,False,False,False,False,True,True,False,False,pAAtHlETjJw
36,8,3.625,0.10344827586206896,0,0,0,False,0.0,False,0,0,0.0,0.0,1.0,0.0,103.54,False,False,False,False,False,False,False,False,piZvZVgOwkQ
89,16,4.5625,0.4857142857142857,6,0,0,False,0.033707865168539325,False,0,0,0.247,0.0,0.753,0.7125,56.97846153846157,False,False,False,False,True,True,False,False,qWIzhT-9hzw
93,14,5.642857142857143,0.5142857142857142,5,1,0,False,0.053763440860215055,True,1,0,0.322,0.0,0.678,0.69,31.545000000000016,False,False,False,False,True,False,False,False,ub9K4g_qeLs
80,15,4.4,0.4098360655737705,4,0,0,False,0.0375,True,1,0,0.0,0.0,1.0,0.0,53.655,False,False,False,False,True,True,False,False,ohNSaUqZFiU
82,14,4.928571428571429,0.45454545454545453,4,0,0,False,0.036585365853658534,False,0,0,0.0,0.0,1.0,0.0,41.8518181818182,False,False,False,False,True,True,False,False,tPElfAhievI
75,14,4.428571428571429,0.3898305084745763,4,0,0,False,0.04,False,0,0,0.0,0.0,1.0,0.0,41.8518181818182,False,False,False,False,True,True,False,False,BBUUIE3Y_fE
45,8,4.75,0.15151515151515152,0,0,0,False,0.022222222222222223,True,1,0,0.375,0.0,0.625,0.6369,103.04428571428575,False,False,False,False,True,True,False,False,iAGPRUx6VzU
92,17,4.470588235294118,0.4794520547945205,6,0,0,False,0.03260869565217391,False,0,0,0.0,0.0,1.0,0.0,65.72500000000001,False,False,False,False,True,True,False,False,jP7Der1Sxso
83,13,5.461538461538462,0.125,0,0,0,False,0.03614457831325301,True,1,0,0.0,0.0,1.0,0.0,44.405,False,False,False,False,True,True,False,False,6gaXwPYHtJw
69,13,4.384615384615385,0.46,3,0,0,False,0.043478260869565216,True,1,0,0.0,0.0,1.0,0.0,78.24500000000002,False,False,False,False,True,True,False,False,e7anywNwU58
94,16,4.9375,0.49333333333333335,5,1,0,False,0.0425531914893617,False,0,0,0.0,0.0,1.0,0.0,63.57596153846157,False,False,False,False,True,True,False,False,7Y7c8eTNpcM
81,15,4.466666666666667,0.4098360655737705,4,0,0,False,0.07407407407407407,False,0,0,0.0,0.0,1.0,0.0,41.8518181818182,False,False,False,False,True,True,False,False,oGoLVpGq6G4
98,19,4.2105263157894735,0.35526315789473684,5,0,0,False,0.04081632653061224,False,0,0,0.0,0.0,1.0,0.0,56.25000000000003,False,False,False,False,True,True,False,False,BUMJE_QTJu0
86,16,4.4375,0.45454545454545453,5,0,0,False,0.03488372093023256,True,1,0,0.144,0.0,0.856,0.368,50.470769230769264,False,False,False,False,True,True,False,False,5rh-G4CevUA
78,15,4.266666666666667,0.3898305084745763,4,0,0,False,0.038461538461538464,True,1,0,0.153,0.0,0.847,0.368,46.60500000000002,False,False,False,False,True,True,False,False,s9-gC9q5XJc
91,17,4.411764705882353,0.4857142857142857,6,0,0,False,0.03296703296703297,True,1,0,0.137,0.0,0.863,0.368,47.59642857142859,False,False,False,False,True,True,False,False,64datAw0Il8
86,15,4.8,0.4782608695652174,5,0,0,False,0.03488372093023256,False,0,0,0.0,0.0,1.0,0.0,39.55500000000001,False,False,False,False,True,True,False,False,_6DQJJDldEo
76,15,4.133333333333334,0.3684210526315789,4,0,0,False,0.039473684210526314,True,1,0,0.153,0.0,0.847,0.368,53.655,False,False,False,False,True,True,False,False,4j4oJoyrjvk
81,15,4.466666666666667,0.15384615384615385,0,0,0,False,0.024691358024691357,False,0,0,0.13,0.136,0.734,-0.0258,56.97846153846157,False,False,False,False,True,True,False,False,GM-PxrR_AnE
85,17,4.0588235294117645,0.16923076923076924,0,0,0,False,0.023529411764705882,True,2,0,0.171,0.0,0.829,0.5106,73.17000000000003,False,False,False,False,True,True,False,False,Vxj6fXv-WCI
76,13,4.923076923076923,0.14285714285714285,0,0,0,False,0.013157894736842105,False,0,0,0.0,0.178,0.822,-0.3818,63.486153846153854,False,False,False,True,True,True,False,False,7GeVBM9xHZE
69,15,3.6666666666666665,0.23076923076923078,0,0,0,False,0.043478260869565216,False,0,0,0.191,0.0,0.809,0.5106,95.955,False,False,False,False,True,True,False,False,YshC0xCjpIs
74,16,3.6875,0.23214285714285715,0,0,0,False,0.04054054054054054,False,0,0,0.18,0.0,0.82,0.5106,96.02461538461542,False,False,False,False,True,True,False,False,hUMlHB6q5GQ
81,15,4.466666666666667,0.18461538461538463,0,0,0,False,0.024691358024691357,False,0,0,0.172,0.0,0.828,0.4404,56.97846153846157,False,False,False,False,True,True,False,False,8JfUb9mLA7g
77,15,4.2,0.16393442622950818,0,0,0,False,0.025974025974025976,False,0,0,0.314,0.114,0.571,0.6369,63.486153846153854,False,False,False,False,True,True,False,False,0T6f6WaPGdA
87,18,3.888888888888889,0.22058823529411764,1,0,0,False,0.022988505747126436,False,0,0,0.163,0.0,0.837,0.5106,68.9825,False,False,False,False,True,True,False,False,Yq2VnJgNmss
77,15,4.2,0.16393442622950818,0,0,0,False,0.025974025974025976,False,0,0,0.191,0.0,0.809,0.5106,50.470769230769264,False,False,False,False,True,True,False,False,xvx8TYRtI5A
65,12,4.5,0.17307692307692307,0,0,0,False,0.03076923076923077,False,0,0,0.0,0.0,1.0,0.0,35.94500000000002,False,False,False,False,True,True,False,False,22WNcNXrbCU
80,16,4.0625,0.1746031746031746,0,0,0,False,0.025,False,0,0,0.18,0.0,0.82,0.5106,83.85357142857143,False,False,False,False,True,True,False,False,EjSqAlNyzQI
89,18,4.0,0.2112676056338028,0,0,0,False,0.011235955056179775,False,0,0,0.0,0.0,1.0,0.0,95.02705882352943,False,False,False,False,True,True,False,False,2KXsLpPPCSQ
78,15,4.266666666666667,0.1774193548387097,0,0,0,False,0.02564102564102564,False,0,0,0.191,0.0,0.809,0.5106,76.50153846153849,False,False,False,False,True,True,False,False,87mMjtDTUAI
76,12,5.416666666666667,0.15625,0,0,0,False,0.013157894736842105,False,0,0,0.0,0.191,0.809,-0.3818,60.70500000000001,False,False,False,True,True,True,False,False,qK0oYmN3oBM
94,18,4.277777777777778,0.19736842105263158,0,1,0,False,0.010638297872340425,False,0,0,0.076,0.0,0.924,0.1007,80.46500000000002,False,False,False,False,True,True,False,False,PVVRP2qu0uo
67,13,4.230769230769231,0.16666666666666666,0,0,0,False,0.014925373134328358,False,0,0,0.0,0.0,1.0,0.0,74.805,False,False,False,False,False,True,False,False,hK58koA2_1g
70,12,4.916666666666667,0.17543859649122806,0,0,0,False,0.02857142857142857,False,0,0,0.0,0.0,1.0,0.0,44.405,False,False,False,False,True,True,False,False,pWlqehkNL1A
67,12,4.666666666666667,0.2037037037037037,0,0,0,False,0.029850746268656716,False,0,0,0.0,0.0,1.0,0.0,72.61545454545457,False,False,False,False,True,True,False,False,o9DDAksGG1g
64,11,4.909090909090909,0.18867924528301888,0,0,0,False,0.015625,False,0,0,0.0,0.0,1.0,0.0,49.54272727272729,False,False,False,False,False,True,False,False,deDUqexGBTM
79,16,4.0,0.20967741935483872,0,0,0,False,0.02531645569620253,False,0,0,0.0,0.0,1.0,0.0,77.81071428571428,False,False,False,False,True,True,True,False,HMTEPucwt-E
76,12,5.416666666666667,0.15625,0,0,0,False,0.013157894736842105,False,0,0,0.0,0.191,0.809,-0.3818,60.70500000000001,False,False,False,True,True,True,False,False,zKQnO5qBOGQ
65,11,5.0,0.1509433962264151,0,0,0,False,0.03076923076923077,False,0,0,0.0,0.0,1.0,0.0,28.50000000000003,False,False,False,False,True,True,False,False,UEAQLDDEJQs
71,13,4.461538461538462,0.17857142857142858,0,0,0,False,0.028169014084507043,False,0,0,0.202,0.0,0.798,0.4654,72.61545454545457,False,False,False,False,False,True,False,False,z78_f5pVI0c
76,16,3.8125,0.15,0,0,0,False,0.013157894736842105,False,0,0,0.0,0.0,1.0,0.0,90.09000000000002,False,False,False,False,True,True,False,False,ldvdV20Fgvg
67,11,5.181818181818182,0.16071428571428573,0,0,0,False,0.014925373134328358,False,0,0,0.0,0.0,1.0,0.0,52.86500000000001,False,False,False,False,False,True,False,False,xAwU7GNdC3o
64,11,4.909090909090909,0.1509433962264151,0,0,0,False,0.015625,False,0,0,0.0,0.0,1.0,0.0,69.78500000000001,False,False,False,False,False,False,False,False,LRN5d-RCHPU
77,16,3.875,0.21311475409836064,0,0,0,False,0.012987012987012988,False,0,0,0.0,0.0,1.0,0.0,95.73000000000002,False,False,False,False,True,True,False,False,ktntJJ0ehtk
53,10,4.4,0.16666666666666666,0,0,0,False,0.03773584905660377,False,0,0,0.0,0.0,1.0,0.0,71.81500000000001,False,False,False,False,True,True,False,False,X6S0Ip0Ggy4
66,12,4.583333333333333,0.18518518518518517,0,0,0,False,0.015151515151515152,False,0,0,0.0,0.0,1.0,0.0,72.61545454545457,False,False,False,False,False,True,False,False,OK-sQ3y-FUU
71,13,4.538461538461538,0.16363636363636364,0,1,0,False,0.056338028169014086,False,0,1,0.0,0.0,1.0,0.0,64.9245454545455,False,False,False,False,True,True,False,False,R_mHu6kSH2s
77,16,3.875,0.21311475409836064,0,0,0,False,0.012987012987012988,False,0,0,0.0,0.0,1.0,0.0,95.73000000000002,False,False,False,False,True,True,False,False,HwuzyyGUwp8
60,11,4.545454545454546,0.16666666666666666,0,0,0,False,0.03333333333333333,False,0,0,0.225,0.0,0.775,0.4404,56.70000000000002,False,False,False,False,True,True,False,False,gMBgWz_2NdM
63,12,4.333333333333333,0.2,0,0,0,False,0.031746031746031744,False,0,0,0.197,0.0,0.803,0.4019,80.30636363636367,False,False,False,False,True,True,False,False,iOFsm9cj1ZU
71,14,4.142857142857143,0.16071428571428573,0,0,0,False,0.028169014084507043,False,0,0,0.186,0.136,0.678,0.2263,81.85500000000002,False,False,False,False,True,True,False,False,0jdJc3Oew9I
54,10,4.5,0.18181818181818182,0,0,0,False,0.018518518518518517,False,0,0,0.285,0.0,0.715,0.5563,84.90000000000003,False,False,False,False,True,True,False,False,ADS-x_xxCvs
70,13,4.461538461538462,0.17543859649122806,0,0,0,False,0.014285714285714285,False,0,0,0.581,0.0,0.419,0.91,69.99384615384618,False,False,False,False,False,True,True,False,qg_Z7E_QSUE
68,12,4.75,0.17857142857142858,0,0,0,False,0.014705882352941176,False,0,0,0.231,0.0,0.769,0.5106,57.23363636363638,False,False,False,False,False,True,False,False,wMz_D8A0SRY
88,15,4.933333333333334,0.15492957746478872,0,0,0,False,0.03409090909090909,False,0,0,0.343,0.0,0.657,0.7783,39.55500000000001,False,False,False,False,False,True,False,False,_VMQTShHMzs
73,14,4.285714285714286,0.2033898305084746,0,0,0,False,0.0136986301369863,False,0,0,0.0,0.0,1.0,0.0,83.0092307692308,False,False,False,False,True,False,False,False,MvvrkAnlOag
86,16,4.4375,0.17647058823529413,0,0,0,False,0.03488372093023256,False,0,0,0.422,0.0,0.578,0.8591,63.486153846153854,False,False,False,False,True,True,False,False,9XRxlJ5MjbY
86,15,4.8,0.17142857142857143,0,0,0,False,0.023255813953488372,False,0,0,0.2,0.0,0.8,0.5423,56.97846153846157,False,False,False,False,True,True,False,False,Ymla-qSUkMQ
90,18,4.055555555555555,0.2,0,0,0,False,0.03333333333333333,False,0,0,0.273,0.0,0.727,0.7184,61.890000000000015,False,False,False,False,True,True,False,False,6FIV0U7nGZw
87,18,3.888888888888889,0.16417910447761194,0,0,0,False,0.034482758620689655,False,0,0,0.304,0.0,0.696,0.7906,84.845,False,False,False,False,False,True,False,False,EtfmqKVj-qY
100,18,4.611111111111111,0.16455696202531644,0,0,0,False,0.04,False,0,0,0.472,0.0,0.528,0.91,74.27000000000001,False,False,False,False,True,True,False,False,B5_fTgjAfTg
86,16,4.4375,0.17647058823529413,0,0,0,False,0.03488372093023256,False,0,0,0.3,0.0,0.7,0.7184,77.81071428571428,False,False,False,False,True,True,False,False,cjsVN6R3mmA
77,15,4.2,0.15517241379310345,0,1,0,False,0.06493506493506493,False,0,0,0.218,0.0,0.782,0.5983,74.805,False,False,False,False,True,True,False,False,fPt3VXfuIV8
78,17,3.6470588235294117,0.1864406779661017,0,0,0,False,0.038461538461538464,False,0,0,0.158,0.0,0.842,0.4588,101.98214285714286,False,False,False,False,True,True,False,False,Vd8UEW0g-Xg
94,18,4.277777777777778,0.16216216216216217,0,0,0,False,0.031914893617021274,False,0,0,0.388,0.0,0.612,0.8591,74.27000000000001,False,False,False,False,True,True,False,False,QmznT1yEsHc
77,15,4.2,0.18032786885245902,0,0,0,False,0.025974025974025976,False,0,0,0.191,0.0,0.809,0.5106,83.0092307692308,False,False,False,False,True,True,False,False,9FMM95z3Iig
91,18,4.111111111111111,0.19117647058823528,1,0,0,False,0.06593406593406594,False,0,0,0.468,0.0,0.532,0.9062,65.72500000000001,False,False,False,False,False,True,False,False,NuZo95Yikjs
36,7,4.285714285714286,0.20689655172413793,0,0,1,False,0.027777777777777776,False,0,0,0.362,0.162,0.476,0.4767,90.95857142857145,False,False,False,False,False,False,False,False,4KtpHV6KyBA
33,4,7.5,0.14285714285714285,0,1,0,False,0.06060606060606061,False,0,0,0.464,0.0,0.536,0.3802,54.72500000000002,False,False,False,False,False,False,False,False,AE2eKYX0Pm4
33,6,4.666666666666667,0.3076923076923077,1,1,0,False,0.06060606060606061,False,0,0,0.0,0.0,1.0,0.0,87.94500000000002,False,False,False,False,False,False,False,False,otjmsBymx3M
34,4,7.75,0.13793103448275862,0,1,0,False,0.058823529411764705,False,0,0,0.0,0.0,1.0,0.0,12.425000000000011,False,False,False,False,False,False,False,False,PfrpGJjpp3w
40,6,5.833333333333333,0.17647058823529413,0,1,0,False,0.025,False,0,0,0.397,0.0,0.603,0.5093,59.745000000000005,False,False,False,False,False,False,False,False,0GLiiCeMUJ0
40,8,4.125,0.21875,0,0,1,False,0.025,False,0,0,0.0,0.0,1.0,0.0,92.965,False,False,False,False,False,False,False,False,aNugwyPGFo0
50,7,6.285714285714286,0.14634146341463414,0,1,0,False,0.06,False,0,0,0.302,0.0,0.698,0.3802,45.64500000000001,False,False,False,False,False,False,False,False,Ti9hQgQ1atE
42,7,5.142857142857143,0.2,0,0,1,False,0.023809523809523808,False,0,0,0.0,0.0,1.0,0.0,66.7871428571429,False,False,False,False,False,False,False,False,q0sRaAQt858
42,6,6.166666666666667,0.2,1,1,0,False,0.047619047619047616,False,0,0,0.374,0.0,0.626,0.4574,59.745000000000005,False,False,False,False,False,True,False,False,kTKfX2X_9pg
43,5,7.8,0.10810810810810811,0,1,0,False,0.046511627906976744,False,0,0,0.451,0.0,0.549,0.5093,32.56000000000003,False,False,False,False,False,False,False,False,5ku8TCIn1To
38,7,4.571428571428571,0.2857142857142857,1,1,0,False,0.10526315789473684,False,0,1,0.0,0.0,1.0,0.0,66.40000000000003,False,False,False,False,False,False,False,False,Aaor0woX6MA
41,6,6.0,0.18181818181818182,0,1,0,False,0.07317073170731707,False,0,0,0.555,0.0,0.445,0.6114,73.84500000000001,False,False,False,False,False,True,False,False,mmSh0TYsodY
48,7,6.0,0.17073170731707318,0,0,1,False,0.020833333333333332,False,0,0,0.178,0.0,0.822,0.0772,78.87285714285717,True,False,False,False,False,False,False,False,o4eoWm2Z7Jg
27,5,4.6,0.23809523809523808,0,1,0,False,0.07407407407407407,False,0,0,0.402,0.0,0.598,0.4003,117.16000000000003,False,False,False,False,False,True,False,False,ESCzMgNAO7M
45,7,5.571428571428571,0.18421052631578946,0,0,1,False,0.022222222222222223,False,0,0,0.0,0.294,0.706,-0.3612,66.7871428571429,False,False,False,False,False,False,False,False,bPQcZxYDV8c
41,7,5.0,0.17647058823529413,0,1,0,False,0.024390243902439025,False,0,0,0.0,0.0,1.0,0.0,42.61571428571432,False,False,False,False,False,False,False,False,c8oSewOznVs
38,6,5.5,0.1875,0,1,0,False,0.02631578947368421,False,0,0,0.397,0.0,0.603,0.5093,59.745000000000005,False,False,False,False,False,False,False,False,iyia-OW8-gE
41,7,5.0,0.17647058823529413,0,1,0,False,0.024390243902439025,False,0,0,0.0,0.0,1.0,0.0,78.87285714285717,False,False,False,False,False,False,False,False,rNabLsB13VE
45,9,4.111111111111111,0.2222222222222222,0,1,0,False,0.022222222222222223,False,0,0,0.0,0.0,1.0,0.0,84.90000000000003,False,False,False,False,True,False,False,False,LrZKTA2-tNk
45,7,5.571428571428571,0.13157894736842105,0,1,0,False,0.022222222222222223,False,0,0,0.0,0.0,1.0,0.0,90.95857142857145,False,False,False,False,False,True,False,False,JMqqtBN1ys4
38,7,4.571428571428571,0.36666666666666664,1,1,0,False,0.05263157894736842,False,0,0,0.31,0.0,0.69,0.4003,103.04428571428575,False,False,False,False,False,True,False,False,uM5664WHCdY
46,7,5.714285714285714,0.1282051282051282,0,1,0,False,0.021739130434782608,False,0,0,0.0,0.0,1.0,0.0,42.61571428571432,False,False,False,False,False,True,False,False,7NzPwVHzaaY
48,8,5.125,0.21621621621621623,1,1,0,False,0.08333333333333333,False,0,1,0.0,0.0,1.0,0.0,71.81500000000001,False,False,False,False,False,False,False,False,wTpaxCMOw8o
36,7,4.285714285714286,0.20689655172413793,0,0,1,False,0.027777777777777776,False,0,0,0.2,0.0,0.8,0.128,103.04428571428575,False,False,False,False,False,False,False,False,OtC5CVYPa0g
86,16,4.4375,0.17647058823529413,1,0,1,False,0.03488372093023256,False,0,0,0.0,0.0,1.0,0.0,48.65857142857146,False,False,False,False,False,True,False,False,GuI6Mlgm4DA
42,7,5.142857142857143,0.17647058823529413,0,1,0,False,0.047619047619047616,False,0,0,0.0,0.0,1.0,0.0,66.7871428571429,False,False,False,False,False,False,False,False,TTJT_ucpLI4
49,10,4.0,0.1794871794871795,0,0,1,False,0.02040816326530612,False,0,0,0.0,0.0,1.0,0.0,95.165,False,False,False,False,False,False,False,False,yZ3nHBHpfU4
47,8,5.0,0.2631578947368421,1,0,1,False,0.0425531914893617,False,0,1,0.211,0.0,0.789,0.34,82.39000000000001,False,False,False,False,False,True,False,False,EKh02W32WLg
74,11,5.818181818181818,0.1694915254237288,0,2,0,False,0.06756756756756757,False,0,1,0.536,0.0,0.464,0.9285,41.02000000000004,False,False,False,False,False,False,False,False,iRIDvmI58_M
85,16,4.375,0.1791044776119403,1,0,1,False,0.03529411764705882,False,0,0,0.0,0.0,1.0,0.0,60.74428571428575,False,False,False,False,False,True,False,False,GNSf5aavv_0
100,18,4.611111111111111,0.1728395061728395,1,0,0,False,0.02,False,0,0,0.0,0.0,1.0,0.0,47.83250000000001,False,False,False,False,False,True,False,False,g8GIOArEUCk
88,16,4.5625,0.18571428571428572,1,1,0,False,0.03409090909090909,False,0,0,0.0,0.0,1.0,0.0,54.70142857142861,False,False,False,False,False,True,False,False,aj2W-cSDlCk
90,16,4.6875,0.18055555555555555,1,1,0,False,0.03333333333333333,False,0,0,0.184,0.0,0.816,0.5255,54.70142857142861,False,False,False,False,False,True,False,False,O0ypcZGdsVw
96,18,4.388888888888889,0.18421052631578946,1,0,0,False,0.03125,False,0,0,0.124,0.0,0.876,0.34,63.69500000000001,False,False,False,False,False,True,False,False,r6VWVDJEDVE
88,14,5.357142857142857,0.14492753623188406,0,1,0,False,0.06818181818181818,False,0,0,0.257,0.0,0.743,0.6696,66.79500000000002,False,False,False,False,True,False,False,False,yg40foFqNvU
98,19,4.2105263157894735,0.24675324675324675,2,1,0,False,0.030612244897959183,False,0,0,0.113,0.0,0.887,0.3164,63.84279411764709,False,False,False,False,False,True,False,False,uJaMm_IcplE
85,16,4.375,0.1791044776119403,1,1,0,False,0.03529411764705882,False,0,0,0.152,0.0,0.848,0.4003,66.7871428571429,False,False,False,False,False,True,False,False,FTj25EYC4V8
92,15,5.2,0.16,1,1,0,False,0.03260869565217391,False,0,0,0.102,0.0,0.898,0.1511,37.54519230769233,True,False,False,True,False,True,False,False,wgQA_lgf4pA
82,14,4.928571428571429,0.16923076923076924,1,1,0,False,0.04878048780487805,False,0,0,0.187,0.0,0.813,0.4574,45.64500000000001,False,False,False,False,False,True,False,False,VvQRwrlnRzI
88,16,4.5625,0.18840579710144928,1,1,0,False,0.045454545454545456,False,0,0,0.166,0.0,0.834,0.4574,60.74428571428575,False,False,False,False,False,True,False,False,mrnaIkb6vtI
96,15,5.466666666666667,0.1527777777777778,0,1,0,False,0.10416666666666667,False,0,1,0.269,0.0,0.731,0.7407,55.12522727272727,False,False,False,False,True,False,False,False,mqblfON6ukE
91,14,5.571428571428571,0.14864864864864866,1,1,0,False,0.04395604395604396,False,0,0,0.0,0.0,1.0,0.0,38.595,False,False,False,False,False,True,False,False,-5o51P-uTKc
90,15,5.066666666666666,0.16666666666666666,1,1,0,False,0.044444444444444446,False,0,0,0.0,0.0,1.0,0.0,50.56057692307695,False,False,False,False,False,True,False,False,Ipxx-6SKaYE
91,17,4.411764705882353,0.18309859154929578,1,0,1,False,0.04395604395604396,False,0,0,0.0,0.0,1.0,0.0,63.86250000000001,False,False,False,False,False,True,False,False,x0AfVUIR6u8
99,18,4.555555555555555,0.17721518987341772,1,0,1,False,0.030303030303030304,False,0,0,0.115,0.0,0.885,0.296,61.24000000000001,False,False,False,False,False,True,False,False,CDlkZZ3zA38
83,16,4.25,0.1875,1,1,0,False,0.04819277108433735,False,0,0,0.146,0.092,0.761,0.2481,66.7871428571429,False,False,False,False,False,True,False,False,PCfdNEHQJ0A
66,10,5.7,0.22916666666666666,1,2,0,False,0.13636363636363635,False,0,1,0.442,0.0,0.558,0.8367,75.87500000000001,False,False,False,False,False,False,False,False,3lYtp1ywbjU
87,15,4.866666666666666,0.15714285714285714,1,1,0,False,0.034482758620689655,False,0,0,0.0,0.0,1.0,0.0,50.56057692307695,False,False,False,False,False,True,False,False,ehTFUsMb4pA
83,15,4.6,0.15151515151515152,1,1,0,False,0.03614457831325301,False,0,0,0.0,0.0,1.0,0.0,57.06826923076926,False,False,False,False,False,True,False,False,e6KSXt-ZnAM
87,15,4.866666666666666,0.17142857142857143,1,1,0,False,0.034482758620689655,False,0,0,0.0,0.0,1.0,0.0,44.05288461538464,False,False,False,False,False,True,False,False,Ts3W3LTby08
73,16,3.625,0.18181818181818182,0,0,0,False,0.0410958904109589,False,0,0,0.18,0.0,0.82,0.5106,83.0092307692308,False,False,False,False,True,True,False,False,CIBnCqADsqQ
60,10,5.1,0.16,0,0,0,False,0.016666666666666666,False,0,0,0.268,0.0,0.732,0.5106,75.50000000000003,False,False,False,False,True,True,False,False,_hx8NCGRF8o
70,13,4.461538461538462,0.16363636363636364,0,0,0,False,0.04285714285714286,False,0,0,0.0,0.0,1.0,0.0,52.86500000000001,False,False,False,False,True,True,False,False,9j65YvnSy0Y
63,12,4.333333333333333,0.21568627450980393,0,0,0,False,0.015873015873015872,False,0,0,0.0,0.0,1.0,0.0,80.30636363636367,False,False,False,False,True,True,False,False,RW9WWUwx-n0
53,10,4.4,0.22727272727272727,0,0,0,False,0.0,False,0,0,0.0,0.0,1.0,0.0,95.165,False,False,False,False,True,True,False,False,oQH1-QR-X2c
68,11,5.2727272727272725,0.16071428571428573,0,0,0,False,0.029411764705882353,False,0,0,0.0,0.0,1.0,0.0,28.50000000000003,False,False,False,False,True,True,False,False,1vAQALD1rew
86,15,4.8,0.15492957746478872,0,0,0,False,0.011627906976744186,False,0,0,0.0,0.0,1.0,0.0,71.76785714285715,False,False,False,False,True,True,False,False,ABC_VFYjOEM
82,14,4.928571428571429,0.16417910447761194,0,0,0,False,0.024390243902439025,False,0,0,0.0,0.0,1.0,0.0,56.97846153846157,False,False,False,False,True,True,True,False,x9zmUrX5gu4
92,16,4.8125,0.16666666666666666,0,0,0,False,0.05434782608695652,False,0,0,0.0,0.0,1.0,0.0,60.70500000000001,False,False,False,False,True,True,False,False,i7-tC6hTGi4
51,10,4.2,0.16666666666666666,0,0,0,False,0.0,False,0,0,0.0,0.0,1.0,0.0,86.70500000000001,False,False,False,False,True,True,False,False,oDVgNYi4n-s
69,11,5.363636363636363,0.15517241379310345,0,0,0,False,0.014492753623188406,False,0,0,0.0,0.0,1.0,0.0,44.405,False,False,False,False,True,True,False,False,JvQ2tk50kjc
69,11,5.363636363636363,0.15254237288135594,0,0,0,False,0.0,False,0,0,0.0,0.0,1.0,0.0,80.30636363636367,False,False,False,False,True,True,False,False,WmTUhol9__M
63,9,6.111111111111111,0.18181818181818182,1,0,0,False,0.0,False,0,0,0.0,0.0,1.0,0.0,47.30000000000004,False,False,False,False,True,True,False,False,QYIIHfBVRZw
80,15,4.4,0.19047619047619047,0,0,0,False,0.0375,False,0,0,0.191,0.0,0.809,0.5106,69.99384615384618,False,False,False,False,True,True,False,False,BNDWT0CPYPE
74,11,5.818181818181818,0.15625,0,0,0,False,0.0,False,0,0,0.0,0.0,1.0,0.0,41.8518181818182,False,False,False,False,True,True,False,False,ahN9vNNG6VE
88,13,5.846153846153846,0.14473684210526316,0,0,0,False,0.0,False,0,0,0.0,0.0,1.0,0.0,37.455384615384645,False,False,False,False,True,True,False,False,_kkzVtIAnvM
61,11,4.636363636363637,0.1568627450980392,0,0,0,False,0.0,False,0,0,0.0,0.0,1.0,0.0,64.9245454545455,False,False,False,False,True,True,False,False,5AKf6dKo7o4
72,12,5.083333333333333,0.21666666666666667,1,0,0,False,0.013888888888888888,False,0,0,0.0,0.0,1.0,0.0,67.75500000000001,False,False,False,False,True,True,False,False,VbXMvv5lsJs
79,14,4.714285714285714,0.16666666666666666,0,0,0,False,0.0,False,0,0,0.0,0.0,1.0,0.0,89.89642857142859,False,False,False,False,True,True,False,False,GmC9xN-XPBY
71,15,3.8,0.22807017543859648,0,0,0,False,0.0,False,0,0,0.0,0.0,1.0,0.0,95.73000000000002,False,False,False,False,True,True,False,False,VA_jrarYtSc
85,12,6.166666666666667,0.13846153846153847,0,0,0,False,0.07058823529411765,True,1,0,0.179,0.0,0.821,0.34,41.8518181818182,False,False,False,False,False,True,False,False,jxE1cXzTMWw
80,12,5.75,0.15,0,0,0,False,0.075,True,1,0,0.179,0.0,0.821,0.34,49.54272727272729,False,False,False,False,False,True,False,False,RcOqoLQuNoQ
59,10,5.0,0.16,0,0,0,False,0.0,False,0,0,0.0,0.0,1.0,0.0,86.70500000000001,False,False,False,False,True,True,False,False,nTi2pqBARmI
85,15,4.733333333333333,0.16417910447761194,0,0,0,False,0.047058823529411764,False,0,0,0.0,0.0,1.0,0.0,50.470769230769264,False,False,False,False,False,True,False,False,WQOrsscjiI8
92,12,6.75,0.1388888888888889,0,0,0,False,0.06521739130434782,True,1,0,0.179,0.0,0.821,0.34,32.504999999999995,False,False,False,False,False,True,False,False,1hREZe-P_Uk
78,10,6.9,0.14925373134328357,0,0,0,False,0.02564102564102564,False,0,0,0.211,0.0,0.789,0.34,35.94500000000002,False,False,False,False,True,True,False,False,LZgnQDZKgsA
67,11,5.181818181818182,0.1509433962264151,0,0,0,False,0.05970149253731343,False,0,0,0.194,0.0,0.806,0.34,56.70000000000002,False,False,False,False,False,True,False,False,KVOM--2smMk
55,8,6.0,0.15555555555555556,0,0,0,False,0.05454545454545454,False,0,0,0.255,0.0,0.745,0.34,71.81500000000001,False,False,False,False,False,True,False,False,ifnUGQvupWk
76,12,5.416666666666667,0.14754098360655737,0,0,0,False,0.05263157894736842,False,0,0,0.179,0.0,0.821,0.34,72.61545454545457,False,False,False,False,False,True,False,False,JK_qWvuO5oA
59,11,4.454545454545454,0.16666666666666666,0,0,0,False,0.01694915254237288,False,0,0,0.0,0.0,1.0,0.0,95.165,False,False,False,False,True,True,False,False,aE0Njh2QTVE
53,11,3.909090909090909,0.19047619047619047,0,0,0,False,0.018867924528301886,False,0,0,0.248,0.0,0.752,0.5106,86.70500000000001,False,False,False,False,True,True,False,False,LtCupRkhCis
54,10,4.5,0.18181818181818182,0,0,0,False,0.018518518518518517,False,0,0,0.268,0.0,0.732,0.5106,84.90000000000003,False,False,False,False,True,True,False,False,Ij8rryB4tfU
61,12,4.166666666666667,0.1836734693877551,0,0,0,False,0.01639344262295082,False,0,0,0.0,0.0,1.0,0.0,87.99727272727276,False,False,False,False,True,True,False,False,O3-xDSOO4hg
54,11,4.0,0.20930232558139536,0,0,0,False,0.018518518518518517,False,0,0,0.0,0.0,1.0,0.0,95.165,False,False,False,False,True,True,False,False,6CBH7jw8vYQ
69,13,4.384615384615385,0.17857142857142858,0,0,0,False,0.014492753623188406,False,0,0,0.216,0.0,0.784,0.5106,74.805,False,False,False,False,True,True,False,False,4VfYVNxD9Uk
58,11,4.363636363636363,0.17391304347826086,0,0,0,False,0.034482758620689655,False,0,0,0.0,0.0,1.0,0.0,84.90000000000003,False,False,False,False,False,True,False,False,DAn84jST3ks
61,12,4.166666666666667,0.1875,0,0,0,False,0.03278688524590164,False,0,0,0.0,0.0,1.0,0.0,95.165,False,False,False,False,True,True,False,False,21Eg5mpCvIw
72,16,3.5625,0.2,0,0,0,False,0.027777777777777776,False,0,0,0.0,0.0,1.0,0.0,83.85357142857143,False,False,False,False,True,True,False,False,MN2kqnoXJDc
65,11,5.0,0.18518518518518517,1,0,0,False,0.015384615384615385,False,0,0,0.0,0.0,1.0,0.0,61.32500000000002,False,False,False,False,True,True,False,False,MznVbnvCDOs
65,11,5.0,0.14814814814814814,0,0,0,False,0.015384615384615385,False,0,0,0.213,0.0,0.787,0.4019,69.78500000000001,False,False,False,False,True,True,False,False,xtSREg-m2gQ
55,10,4.6,0.18181818181818182,0,0,0,False,0.03636363636363636,False,0,0,0.0,0.0,1.0,0.0,50.66500000000002,False,False,False,False,True,True,False,False,zlBpAvHJjMo
65,12,4.5,0.23076923076923078,1,0,0,False,0.03076923076923077,False,0,0,0.0,0.0,1.0,0.0,69.78500000000001,False,False,False,False,True,True,False,False,ILLyRhWVvhs
76,15,4.133333333333334,0.19672131147540983,0,0,0,False,0.013157894736842105,False,0,0,0.0,0.0,1.0,0.0,89.89642857142859,False,False,False,False,False,True,False,False,-duQukRVrkU
45,9,4.111111111111111,0.2,0,0,0,False,0.044444444444444446,False,0,0,0.0,0.0,1.0,0.0,66.7871428571429,False,False,False,False,False,True,False,False,t8ZPyS00ozE
50,9,4.666666666666667,0.17073170731707318,0,0,0,False,0.02,False,0,0,0.0,0.0,1.0,0.0,92.965,False,False,False,False,True,True,False,False,Zc57aSl3qoc
45,10,3.6,0.23529411764705882,0,0,0,False,0.044444444444444446,False,0,0,0.0,0.0,1.0,0.0,92.965,False,False,False,False,True,True,False,False,LmQxYK7xm9g
77,15,4.2,0.16393442622950818,0,0,0,False,0.025974025974025976,False,0,0,0.191,0.0,0.809,0.5106,69.99384615384618,False,False,False,False,True,True,False,False,tL6Dm23obtc
61,11,4.636363636363637,0.2,1,0,0,False,0.01639344262295082,False,0,0,0.0,0.0,1.0,0.0,61.32500000000002,False,False,False,False,True,True,False,False,4QoMhQUI7k0
78,15,4.266666666666667,0.1746031746031746,0,0,0,False,0.01282051282051282,False,0,0,0.0,0.0,1.0,0.0,83.85357142857143,False,False,False,False,True,True,False,False,T7x9A4sl_5M
56,11,4.181818181818182,0.15555555555555556,0,0,0,False,0.017857142857142856,False,0,0,0.0,0.0,1.0,0.0,86.70500000000001,False,False,False,False,True,True,False,False,Vn-K2qbkgPA
68,12,4.75,0.1346153846153846,0,1,0,False,0.04411764705882353,True,1,1,0.459,0.0,0.541,0.8172,27.485000000000014,False,False,False,True,True,False,True,False,I73BaodLMs0
19,4,3.75,0.06666666666666667,0,0,0,False,0.0,False,0,0,0.0,0.0,1.0,0.0,118.17500000000001,False,False,False,False,False,True,True,False,65hLTc9mF0M
21,4,4.5,1.0,4,0,0,False,0.0,False,0,0,0.524,0.0,0.476,0.5106,97.025,False,False,False,False,False,True,False,False,d72VB5A98ac
77,15,4.2,0.11864406779661017,0,0,1,False,0.05194805194805195,False,0,1,0.263,0.0,0.737,0.6124,103.04428571428575,True,False,False,False,False,True,False,False,Yeo5N-W0Eps
43,9,3.888888888888889,0.1875,0,1,0,False,0.06976744186046512,False,0,0,0.0,0.0,1.0,0.0,82.39000000000001,False,False,False,False,False,False,False,False,J-MKiUBLxU8
61,11,4.454545454545454,0.04081632653061224,0,0,0,False,0.0,False,0,0,0.0,0.0,1.0,0.0,57.23363636363638,False,False,False,False,False,False,True,False,fWIx6U9KGlE
44,10,3.5,0.0625,0,0,0,False,0.045454545454545456,True,1,0,0.0,0.0,1.0,0.0,86.70500000000001,False,False,False,False,False,False,False,False,PxoZQkR4XsA
54,9,5.111111111111111,0.14634146341463414,0,0,0,False,0.09259259259259259,False,0,1,0.0,0.0,1.0,0.0,17.44500000000002,False,False,False,False,False,False,False,False,yWCrLrAMweM
98,16,5.1875,0.16666666666666666,0,1,0,False,0.05102040816326531,False,0,1,0.113,0.0,0.887,0.3164,74.27000000000001,False,False,False,False,False,False,False,False,e7N_H9STbwk
95,15,5.4,0.17105263157894737,0,1,0,False,0.05263157894736842,False,0,1,0.0,0.0,1.0,0.0,67.53000000000003,False,False,False,False,False,False,False,False,rQ9QlBzGC-I
83,13,5.461538461538462,0.18333333333333332,0,0,0,False,0.13253012048192772,False,0,2,0.279,0.0,0.721,0.7351,67.75500000000001,False,False,False,False,False,False,False,False,aiyLq_yy72I
100,16,5.3125,0.1728395061728395,0,1,0,False,0.04,False,0,1,0.222,0.0,0.778,0.5093,47.83250000000001,False,False,False,False,True,False,False,False,NEb2DRlno1U
92,13,6.153846153846154,0.14492753623188406,0,1,0,False,0.11956521739130435,False,0,3,0.265,0.0,0.735,0.7574,69.99384615384618,False,False,False,False,False,False,False,False,3iVPnxSRjQw
78,13,5.076923076923077,0.1864406779661017,0,0,1,False,0.08974358974358974,False,0,1,0.167,0.0,0.833,0.25,76.50153846153849,False,False,False,False,False,False,False,False,OomVb6k8MPk
65,11,5.0,0.14814814814814814,0,0,0,False,0.015384615384615385,False,0,0,0.0,0.0,1.0,0.0,27.485000000000014,False,False,True,False,False,False,False,False,XkXTFBdUIe8
50,9,4.666666666666667,0.14634146341463414,0,0,0,True,0.02,False,0,0,0.0,0.0,1.0,0.0,66.10000000000002,False,False,False,False,False,False,False,False,alm3UpRrF1k
55,12,3.6666666666666665,0.20930232558139536,0,0,0,False,0.01818181818181818,False,0,0,0.0,0.241,0.759,-0.5423,95.68818181818183,False,False,False,False,False,False,False,False,V04Xn9Qc-ME
53,7,6.714285714285714,0.13333333333333333,0,0,0,True,0.03773584905660377,False,0,1,0.0,0.0,1.0,0.0,-24.85499999999996,False,False,False,False,True,False,False,False,xkBdlxFqy24
59,9,5.666666666666667,0.14,0,0,0,False,0.01694915254237288,False,0,0,0.167,0.0,0.833,0.1531,8.365000000000009,False,False,False,True,True,False,False,False,hlFUFDp4zgc
60,12,4.083333333333333,0.19148936170212766,0,0,0,False,0.03333333333333333,False,0,0,0.0,0.281,0.719,-0.4404,52.86500000000001,False,False,False,False,True,False,False,False,iZ4pn9Nk5x4
61,11,4.636363636363637,0.1568627450980392,0,0,0,False,0.0,False,0,0,0.281,0.0,0.719,0.5994,49.54272727272729,False,False,False,False,True,False,False,False,FC1OkNDAfoE
37,7,4.428571428571429,0.16666666666666666,0,0,0,False,0.02702702702702703,False,0,1,0.0,0.0,1.0,0.0,59.745000000000005,False,False,False,False,False,True,False,False,JaWtMuFe0PM
92,18,4.166666666666667,0.15492957746478872,0,0,1,False,0.043478260869565216,False,0,1,0.211,0.117,0.673,0.2732,75.14250000000001,False,False,False,False,False,True,False,False,xTnvsQwWWEY
91,18,4.111111111111111,0.17391304347826086,0,1,0,False,0.054945054945054944,False,0,1,0.0,0.086,0.914,-0.1511,73.17000000000003,False,False,False,False,True,False,False,False,qPXDswnzLSY
49,9,4.555555555555555,0.20512820512820512,0,0,0,True,0.04081632653061224,False,0,0,0.0,0.0,1.0,0.0,94.30000000000001,False,False,False,False,False,False,False,False,GdSRbEzgfQQ
66,11,5.090909090909091,0.14545454545454545,0,0,0,False,0.015151515151515152,False,0,0,0.0,0.0,1.0,0.0,27.485000000000014,False,False,False,False,True,False,False,False,LtHnslm37qQ
100,17,4.9411764705882355,0.1375,0,1,0,False,0.04,False,0,0,0.0,0.0,1.0,0.0,44.97000000000003,False,False,False,False,False,False,False,False,0fICE7uArME
73,12,5.166666666666667,0.14754098360655737,0,0,0,False,0.0136986301369863,False,0,0,0.0,0.0,1.0,0.0,34.160909090909115,False,False,False,False,False,False,False,False,tPVsgFyu0iI
66,10,5.7,0.17307692307692307,0,1,0,False,0.07575757575757576,False,0,0,0.081,0.223,0.696,-0.5334,52.86500000000001,False,False,False,False,False,False,False,False,T5bmMkwk1pA
81,15,4.466666666666667,0.16666666666666666,0,0,0,False,0.012345679012345678,False,0,0,0.0,0.282,0.718,-0.6249,59.68214285714288,False,False,False,False,False,False,False,False,-oSJx29Enic
89,16,4.625,0.1643835616438356,0,0,0,False,0.011235955056179775,False,0,0,0.096,0.0,0.904,0.1531,39.33000000000001,False,False,False,True,True,False,False,False,YIMt6icIdrk
79,13,5.153846153846154,0.15625,0,1,0,False,0.0379746835443038,False,0,1,0.297,0.131,0.572,0.4389,34.160909090909115,False,False,False,False,True,False,False,False,WLVpa4hyu1s
77,14,4.571428571428571,0.13114754098360656,0,0,0,False,0.03896103896103896,False,0,1,0.372,0.0,0.628,0.7964,32.504999999999995,False,False,False,False,True,False,False,False,FAlJ9b3r7BM
70,12,4.916666666666667,0.15517241379310345,0,0,0,False,0.014285714285714285,False,0,0,0.145,0.166,0.69,-0.0772,34.160909090909115,False,False,False,False,True,False,False,False,3IggPdVjFj4
46,8,4.875,0.17142857142857143,0,0,0,False,0.08695652173913043,False,0,1,0.162,0.223,0.615,-0.2023,78.87285714285717,False,False,True,False,False,False,False,False,JrSKHg3bcAo
79,15,4.333333333333333,0.13793103448275862,0,0,0,False,0.08860759493670886,False,0,2,0.11,0.0,0.89,0.2732,83.85357142857143,False,False,False,False,False,False,False,False,UJ9fC4LgOIA
87,16,4.5,0.15714285714285714,0,0,0,False,0.022988505747126436,False,0,0,0.0,0.0,1.0,0.0,59.68214285714288,False,False,False,False,False,False,False,False,FUuGcQL1C1c
68,10,5.9,0.14285714285714285,0,0,0,False,0.04411764705882353,False,0,0,0.0,0.0,1.0,0.0,61.32500000000002,False,False,False,True,False,False,False,False,K-0F5LpDWXk
52,10,4.3,0.16279069767441862,0,0,0,False,0.0,False,0,0,0.0,0.0,1.0,0.0,61.32500000000002,False,False,False,False,False,False,False,False,Gu_7fE7McrM
85,18,3.7777777777777777,0.19047619047619047,0,0,0,False,0.058823529411764705,False,0,1,0.0,0.211,0.789,-0.5859,84.45000000000003,False,False,False,False,False,False,False,False,39dmCQHh2RI
81,15,4.466666666666667,0.13846153846153847,0,0,0,False,0.024691358024691357,False,0,0,0.214,0.071,0.714,0.5574,43.963076923076954,False,False,False,False,True,False,False,False,_N0khtm07xw
83,12,6.0,0.15625,0,1,0,False,0.0963855421686747,False,0,1,0.178,0.0,0.822,0.3802,39.55500000000001,False,False,False,False,True,False,False,False,t-ekrXtw6VM
92,13,6.153846153846154,0.1267605633802817,0,0,0,False,0.09782608695652174,False,0,1,0.08,0.0,0.92,0.0772,60.70500000000001,True,False,False,False,True,False,False,False,CyqweToq7mM
49,8,5.25,0.17073170731707318,0,0,0,False,0.02040816326530612,False,0,0,0.327,0.0,0.673,0.5267,6.35857142857148,False,False,False,False,True,False,False,False,dlA4WS7EDNs
69,11,5.363636363636363,0.15517241379310345,0,0,0,False,0.014492753623188406,False,0,0,0.27,0.0,0.73,0.5719,10.564999999999998,False,False,False,False,True,False,False,False,le3RweX2FWw
55,9,5.222222222222222,0.15217391304347827,0,0,0,False,0.01818181818181818,False,0,0,0.0,0.0,1.0,0.0,40.09,False,False,False,False,True,False,False,False,iq1WvDWKl9A
77,12,5.5,0.12307692307692308,0,0,0,False,0.012987012987012988,False,0,0,0.0,0.0,1.0,0.0,34.160909090909115,False,False,False,False,True,False,False,False,iF8JrJ36cqY
99,17,4.882352941176471,0.16666666666666666,0,1,0,False,0.050505050505050504,False,0,0,0.153,0.0,0.847,0.4389,65.16823529411766,False,False,False,False,True,False,False,False,JEpLODeE1II
77,12,5.5,0.15254237288135594,0,1,0,False,0.09090909090909091,False,0,1,0.0,0.0,1.0,0.0,60.70500000000001,False,False,False,False,True,False,False,False,Zj44cDLDYZc
64,11,4.909090909090909,0.15217391304347827,0,1,0,False,0.125,False,0,1,0.312,0.0,0.688,0.7088,80.30636363636367,False,False,False,False,True,False,False,False,F8r6qMBqWo0
84,13,5.538461538461538,0.13846153846153847,0,1,0,False,0.08333333333333333,False,0,1,0.259,0.0,0.741,0.636,63.486153846153854,False,False,False,False,True,False,False,False,yYf01Ku9jbc
79,13,5.153846153846154,0.16393442622950818,0,1,0,False,0.0759493670886076,False,0,1,0.252,0.073,0.674,0.636,50.470769230769264,False,False,False,False,False,False,False,False,zd6F1r--KNc
79,13,5.153846153846154,0.14754098360655737,0,1,0,False,0.0759493670886076,False,0,1,0.24,0.074,0.686,0.5983,56.97846153846157,False,False,False,False,True,False,False,False,qqB-2j5dWns
61,8,6.75,0.14583333333333334,0,1,0,False,0.09836065573770492,False,0,1,0.249,0.0,0.751,0.4574,40.09,False,False,False,False,True,False,False,False,LJtKZWHypQw
12,3,3.3333333333333335,0.0,0,0,0,False,0.0,True,2,0,0.0,0.0,1.0,0.0,119.19000000000003,False,False,False,False,False,False,False,False,9MALdwS5_3M
11,3,3.0,0.0,0,0,0,False,0.0,True,2,0,0.0,0.0,1.0,0.0,119.19000000000003,False,False,False,False,False,False,False,False,uuEZfJuKMnA
13,3,3.6666666666666665,0.2,0,0,0,False,0.07692307692307693,True,2,0,0.0,0.0,1.0,0.0,119.19000000000003,False,False,False,False,False,False,False,False,TpkEXwPTz_I
11,3,3.0,0.0,0,0,0,False,0.0,True,2,0,0.0,0.0,1.0,0.0,119.19000000000003,False,False,False,False,False,False,False,False,aEnUC1BnPjw
55,12,3.6666666666666665,0.1794871794871795,0,0,0,False,0.05454545454545454,True,1,0,0.0,0.0,1.0,0.0,64.9245454545455,False,False,False,False,True,False,True,False,2IqoUPKQRyg
49,9,4.222222222222222,0.22857142857142856,0,0,0,True,0.061224489795918366,False,0,0,0.0,0.279,0.721,-0.4767,84.90000000000003,False,False,False,False,False,False,True,False,1zODm_ZT95U
32,8,3.0,0.2857142857142857,0,0,0,False,0.09375,False,0,0,0.293,0.0,0.707,0.4404,103.04428571428575,False,False,False,False,False,False,True,False,YUA-Vjw6mLM
56,10,4.7,0.15555555555555556,0,0,0,False,0.03571428571428571,False,0,0,0.318,0.0,0.682,0.6369,50.66500000000002,False,False,False,False,False,False,False,False,QAaUEw6YJLg
57,11,4.2727272727272725,0.18181818181818182,0,0,0,False,0.05263157894736842,False,0,1,0.383,0.0,0.617,0.7351,78.24500000000002,False,False,False,False,True,False,False,False,l64P-v20zks
59,12,4.0,0.2553191489361702,1,0,0,False,0.01694915254237288,False,0,0,0.16,0.0,0.84,0.2732,87.99727272727276,False,False,False,False,True,False,False,False,MN9blpvFNUw
68,13,4.3076923076923075,0.16981132075471697,0,0,0,False,0.04411764705882353,False,0,0,0.0,0.0,1.0,0.0,64.9245454545455,False,False,False,False,True,True,False,False,2rHUfWwrv3c
50,8,5.375,0.1891891891891892,1,0,0,False,0.1,True,1,0,0.0,0.247,0.753,-0.3182,54.70142857142861,False,False,False,False,False,True,False,False,HOysnGJZNFo
41,8,4.25,0.15625,0,0,0,False,0.0,True,1,0,0.0,0.0,1.0,0.0,92.965,False,False,False,False,False,False,True,False,afig5ubvl14
61,10,5.1,0.125,0,0,0,False,0.04918032786885246,False,0,0,0.0,0.0,1.0,0.0,56.70000000000002,False,False,False,False,True,False,False,False,D1IUh3E4_rc
36,8,3.5,0.2222222222222222,0,0,0,False,0.0,True,1,0,0.247,0.0,0.753,0.3182,114.11500000000001,False,False,False,False,False,False,False,False,rDauVcFHOWk
73,13,4.6923076923076925,0.2037037037037037,0,0,0,False,0.0410958904109589,True,2,0,0.189,0.0,0.811,0.4201,76.50153846153849,False,False,False,False,False,True,False,False,d4mQzGSoa_s
48,8,5.0,0.13157894736842105,0,0,0,False,0.041666666666666664,False,0,0,0.0,0.0,1.0,0.0,17.44500000000002,False,False,False,False,False,False,False,False,5lSB2O0wX8s
40,8,4.0,0.1724137931034483,0,0,0,False,0.025,True,1,0,0.0,0.0,1.0,0.0,42.61571428571432,False,False,False,False,True,False,True,False,UePcEp7G2i0
37,8,3.75,0.25925925925925924,0,0,0,False,0.08108108108108109,False,0,0,0.0,0.0,1.0,0.0,92.965,False,False,False,False,False,False,True,False,QD6P7X2CGRo
57,10,4.7,0.1590909090909091,0,0,0,False,0.03508771929824561,True,1,0,0.0,0.262,0.738,-0.4939,47.30000000000004,False,False,False,False,False,False,False,False,543qy0z1ANE
40,8,4.125,0.16666666666666666,0,1,0,False,0.05,True,1,0,0.508,0.0,0.492,0.7345,90.95857142857145,False,False,False,False,False,False,False,False,vgFuxu2evIc
37,7,4.285714285714286,0.14285714285714285,0,0,0,False,0.02702702702702703,True,1,0,0.0,0.0,1.0,0.0,59.745000000000005,False,False,False,False,True,False,False,False,2RYCAiy0j8o
32,6,4.333333333333333,0.19230769230769232,0,0,0,False,0.0,False,0,0,0.0,0.0,1.0,0.0,73.84500000000001,False,False,False,False,False,False,False,False,T2qAN2wUjhc
20,3,5.666666666666667,0.17647058823529413,0,0,0,False,0.0,False,0,0,0.0,0.0,1.0,0.0,62.79000000000002,False,False,False,False,False,False,False,False,YelspsQLTrU
42,8,4.25,0.12121212121212122,0,0,0,False,0.023809523809523808,False,0,0,0.0,0.0,1.0,0.0,78.87285714285717,False,False,False,False,False,False,True,False,75piIbkuu6g
17,3,4.666666666666667,0.14285714285714285,0,0,0,False,0.0,False,0,0,0.677,0.0,0.323,0.6369,90.99000000000004,False,False,False,False,False,False,False,False,Q15JbbQcKfI
22,4,4.75,0.15789473684210525,0,0,0,False,0.0,False,0,0,0.0,0.0,1.0,0.0,75.87500000000001,False,False,False,False,False,False,False,False,kq59q469It8
23,3,6.666666666666667,0.15,0,0,0,False,0.0,False,0,0,0.0,0.0,1.0,0.0,34.59000000000003,False,False,False,False,False,False,False,False,WZObknPv0xU
28,7,3.0,0.21052631578947367,0,0,0,False,0.03571428571428571,True,1,0,0.0,0.0,1.0,0.0,87.94500000000002,False,False,False,False,True,False,False,False,4IDxJHxpozo
32,5,5.6,0.14814814814814814,0,0,0,False,0.03125,False,0,0,0.0,0.0,1.0,0.0,12.425000000000011,False,False,False,False,False,False,False,False,XmJftmuXJgU
45,7,5.285714285714286,0.1111111111111111,0,0,0,False,0.022222222222222223,False,0,0,0.287,0.181,0.532,0.25,31.545000000000016,False,False,False,False,False,False,False,False,7f8VpxTNHq8
32,7,3.7142857142857144,0.15384615384615385,0,0,0,False,0.0,False,0,0,0.0,0.0,1.0,0.0,90.95857142857145,False,False,False,False,False,False,False,False,IPpVotBBX5Q
48,12,3.0833333333333335,0.23529411764705882,0,0,0,False,0.041666666666666664,True,1,0,0.0,0.0,1.0,0.0,95.165,False,False,False,False,True,False,True,False,woXFXizISjU
43,7,5.142857142857143,0.12903225806451613,0,0,0,False,0.023255813953488372,True,1,0,0.0,0.0,1.0,0.0,31.545000000000016,False,False,False,False,False,False,False,False,r19pr9TpvUo
43,8,4.375,0.11764705882352941,0,0,0,False,0.023255813953488372,False,0,0,0.0,0.0,1.0,0.0,54.70142857142861,False,False,False,False,False,False,True,False,8DRDX59LJmc
32,5,5.4,0.11538461538461539,0,0,0,False,0.03125,False,0,0,0.403,0.0,0.597,0.4019,33.57500000000002,False,False,False,False,False,False,False,False,oyu8_HEILKk
59,11,4.363636363636363,0.1956521739130435,1,1,0,False,0.03389830508474576,False,0,0,0.173,0.0,0.827,0.2714,78.24500000000002,False,False,False,False,False,False,True,False,l4ebEcN5DyU
42,7,5.142857142857143,0.14705882352941177,0,0,0,False,0.047619047619047616,False,0,0,0.0,0.0,1.0,0.0,32.56000000000003,False,False,False,False,False,False,False,False,lPkDMjyjr-E
16,3,4.0,0.25,0,0,0,False,0.0,False,0,0,0.0,0.0,1.0,0.0,62.79000000000002,False,False,False,False,False,False,False,False,0AdknGValXc
37,9,3.111111111111111,0.15384615384615385,0,1,0,False,0.02702702702702703,True,1,0,0.0,0.0,1.0,0.0,94.30000000000001,False,False,False,False,False,False,False,False,Ck-n58jhB98
30,6,4.166666666666667,0.2608695652173913,1,0,0,False,0.03333333333333333,True,1,0,0.0,0.0,1.0,0.0,87.94500000000002,False,False,False,False,False,False,False,False,ph7VXktF87M
31,6,4.333333333333333,0.2,0,0,0,False,0.0,True,1,0,0.0,0.0,1.0,0.0,87.94500000000002,False,False,False,False,False,False,False,False,RyeNHKIupHI
26,5,4.4,0.13636363636363635,0,0,0,False,0.0,False,0,0,0.365,0.0,0.635,0.3182,83.32000000000004,False,False,False,False,False,False,False,False,QXEI3ypS-LM
27,4,5.75,0.13043478260869565,0,0,0,False,0.0,False,0,0,0.0,0.0,1.0,0.0,33.57500000000002,False,False,False,False,False,False,False,False,5MIsoBqJLvU
29,6,3.8333333333333335,0.22727272727272727,0,0,0,False,0.034482758620689655,False,0,0,0.0,0.0,1.0,0.0,117.16000000000003,False,False,False,False,False,True,True,False,HbxWaVO1Pfg
30,8,2.75,0.19047619047619047,0,0,0,False,0.03333333333333333,False,0,0,0.0,0.0,1.0,0.0,115.13000000000002,False,False,False,False,False,False,True,False,FNfObaFeVtg
43,8,4.375,0.17647058823529413,0,0,0,False,0.023255813953488372,False,0,0,0.0,0.0,1.0,0.0,30.53000000000003,False,False,False,False,False,False,True,False,29kPg7399zQ
36,7,4.142857142857143,0.17857142857142858,0,0,0,False,0.027777777777777776,False,0,0,0.31,0.0,0.69,0.4019,87.94500000000002,False,False,False,False,False,False,True,False,XExYY5ZkW8Y
18,3,5.0,0.2,0,0,0,False,0.0,False,0,0,0.655,0.0,0.345,0.5859,62.79000000000002,False,False,False,False,False,False,True,False,bwmOydTM8U0
13,2,5.5,0.18181818181818182,0,0,0,False,0.0,False,0,0,0.0,0.0,1.0,0.0,35.60500000000002,False,False,False,False,False,False,False,False,YzN6AX7N6FQ
50,11,3.5454545454545454,0.1388888888888889,0,0,0,False,0.02,True,1,0,0.0,0.0,1.0,0.0,86.70500000000001,False,False,False,False,False,False,True,False,d4e-VcbNGl0
33,6,4.5,0.14814814814814814,0,0,0,False,0.0,False,0,0,0.0,0.0,1.0,0.0,87.94500000000002,False,False,False,False,False,False,False,False,VINZoxD1nws
36,8,3.625,0.17857142857142858,0,0,0,False,0.027777777777777776,False,0,0,0.352,0.0,0.648,0.5859,90.95857142857145,False,False,False,False,False,False,True,False,TdSc65x1i4s
26,3,8.0,0.125,0,0,0,False,0.0,False,0,0,0.0,0.0,1.0,0.0,-21.809999999999945,False,False,False,False,False,False,False,False,amUgSs-UFhE
62,11,4.636363636363637,0.06976744186046512,0,0,0,False,0.0967741935483871,True,1,1,0.0,0.0,1.0,0.0,78.24500000000002,False,False,False,False,False,False,True,False,ie9siS5unew
75,11,5.818181818181818,0.06451612903225806,0,0,0,False,0.02666666666666667,False,0,0,0.0,0.0,1.0,0.0,27.485000000000014,False,False,False,True,True,True,True,False,mYYeKjG5WVk
66,12,4.583333333333333,0.1111111111111111,0,0,0,False,0.015151515151515152,False,0,0,0.197,0.0,0.803,0.4019,49.54272727272729,False,False,False,False,False,False,False,False,Uj-um8VV6ag
76,10,6.1,0.25,1,0,0,False,0.013157894736842105,True,1,0,0.0,0.0,1.0,0.0,47.30000000000004,False,False,False,False,False,False,False,False,cXO6ieGhOao
66,10,5.6,0.0392156862745098,0,0,0,False,0.015151515151515152,True,1,0,0.318,0.0,0.682,0.6361,52.86500000000001,False,False,False,False,False,False,True,False,BLvcFBa893Q
67,12,4.666666666666667,0.05555555555555555,0,1,0,False,0.029850746268656716,False,0,0,0.325,0.142,0.533,0.4753,64.9245454545455,False,False,False,False,False,True,True,False,V9jya8Z-zvE
40,7,4.714285714285714,0.21875,0,0,0,False,0.025,False,0,0,0.519,0.0,0.481,0.6597,54.70142857142861,False,False,False,False,False,False,False,False,4exLbMoO6GM
40,11,2.727272727272727,0.034482758620689655,0,0,0,False,0.0,True,1,0,0.0,0.0,1.0,0.0,103.37909090909093,False,False,False,False,True,True,False,False,8QQ7nbd1oEI
46,8,4.875,0.02631578947368421,0,0,0,False,0.0,True,1,0,0.346,0.0,0.654,0.5719,50.66500000000002,False,False,False,False,True,False,True,False,1IuTislN2PQ
53,9,5.0,0.04878048780487805,0,1,1,False,0.07547169811320754,False,0,0,0.0,0.0,1.0,0.0,89.46750000000003,False,False,False,False,False,False,True,False,sSknWCkE2FU
66,13,4.076923076923077,0.04081632653061224,0,0,0,False,0.030303030303030304,True,1,0,0.241,0.0,0.759,0.5859,74.805,False,False,False,False,False,False,True,False,hayp0kvDtz8
43,7,5.285714285714286,0.0,0,0,0,False,0.0,False,0,0,0.381,0.0,0.619,0.5719,30.53000000000003,False,False,False,False,True,False,True,False,5kw0_1DBars
51,10,4.1,0.1,1,0,0,False,0.0196078431372549,False,0,0,0.0,0.0,1.0,0.0,86.70500000000001,False,False,False,True,False,False,True,False,ItdWFQ26DdQ
76,16,3.8125,0.017241379310344827,0,0,1,False,0.039473684210526314,False,0,0,0.0,0.0,1.0,0.0,90.13250000000001,False,False,False,False,False,False,False,False,7yFkzMK3t64
59,12,3.9166666666666665,0.06666666666666667,0,1,0,False,0.03389830508474576,False,0,0,0.0,0.0,1.0,0.0,72.61545454545457,False,False,False,False,True,False,True,False,gzI2AAFv-5s
32,5,5.6,0.03571428571428571,0,0,0,False,0.0,False,0,0,0.0,0.0,1.0,0.0,66.40000000000003,False,False,False,False,False,False,True,False,46HwCDLVkOE
57,10,4.8,0.020833333333333332,0,0,0,False,0.0,False,0,0,0.208,0.177,0.615,0.1027,78.24500000000002,False,False,False,True,False,False,False,False,h47NXKR-gIE
66,13,4.153846153846154,0.038461538461538464,0,0,0,False,0.030303030303030304,False,0,0,0.184,0.0,0.816,0.4019,74.805,False,False,False,False,False,True,True,False,GrBrl-Wn7Zs
79,14,4.714285714285714,0.03076923076923077,0,0,0,False,0.012658227848101266,False,0,0,0.471,0.0,0.529,0.8689,89.89642857142859,False,False,False,False,False,True,False,False,uUnwKQulOH0
75,10,6.5,0.031746031746031744,0,0,0,False,0.02666666666666667,False,0,0,0.0,0.0,1.0,0.0,44.405,False,False,False,False,True,True,True,False,BjgilVepqqo
60,9,5.777777777777778,0.18,0,0,0,False,0.03333333333333333,False,0,0,0.435,0.0,0.565,0.6597,56.70000000000002,False,False,False,False,True,True,True,False,fvYsLbsw7PI
71,14,4.142857142857143,0.017543859649122806,0,0,0,False,0.014084507042253521,False,0,0,0.0,0.0,1.0,0.0,83.85357142857143,False,False,False,False,True,False,True,False,eetVF8FICGA
56,9,5.333333333333333,0.022727272727272728,0,0,0,False,0.07142857142857142,False,0,2,0.188,0.0,0.812,0.4588,66.7871428571429,False,False,False,False,False,False,False,False,7MMvJmmjs0M
41,7,5.0,0.05714285714285714,0,0,0,False,0.0,False,0,0,0.381,0.0,0.619,0.5719,42.61571428571432,False,False,False,False,True,False,True,False,d3Bv0fC5u34
99,15,5.666666666666667,0.012195121951219513,0,0,0,False,0.030303030303030304,False,0,1,0.314,0.0,0.686,0.7506,23.42500000000001,False,False,False,False,True,False,False,False,FEtggylRmhc
34,8,3.375,0.11538461538461539,1,0,0,False,0.0,True,1,0,0.239,0.0,0.761,0.296,82.39000000000001,False,False,False,False,False,False,True,False,oUY1n6ZWR3A
48,9,4.444444444444445,0.08333333333333333,0,0,0,False,0.0,True,1,0,0.216,0.0,0.784,0.296,75.50000000000003,False,False,False,False,False,False,True,False,gJntlTly4WA
56,8,6.0,0.06521739130434782,0,0,0,False,0.03571428571428571,False,0,0,0.0,0.0,1.0,0.0,30.53000000000003,False,False,False,False,True,False,False,False,PCCUVp6U3J8
78,13,5.076923076923077,0.031746031746031744,0,0,0,False,0.038461538461538464,False,0,0,0.0,0.0,1.0,0.0,83.0092307692308,False,False,False,False,True,False,True,False,C3UXKZ6bgpw
49,8,5.25,0.023809523809523808,0,0,0,False,0.0,False,0,0,0.291,0.315,0.394,0.1779,50.66500000000002,False,False,False,False,True,False,True,False,yPFTHnLFTQ4
60,10,5.1,0.06,0,0,0,False,0.016666666666666666,False,0,0,0.0,0.0,1.0,0.0,69.78500000000001,False,False,False,False,False,False,True,False,XZwrDEw19HU
38,6,5.166666666666667,1.0,6,0,0,False,0.02631578947368421,False,0,0,0.0,0.0,1.0,0.0,59.745000000000005,False,False,False,False,False,False,True,False,cqX7TAAgnjI
88,14,5.357142857142857,0.0136986301369863,0,0,0,False,0.022727272727272728,False,0,0,0.29,0.0,0.71,0.5994,53.639285714285734,False,False,False,False,True,False,True,False,nMwqCRxarzU
46,7,5.714285714285714,0.025,0,0,0,False,0.0,False,0,0,0.582,0.0,0.418,0.7889,42.61571428571432,False,False,False,False,False,False,False,False,fd4y1qoqwfA
28,4,6.25,0.12,0,0,0,False,0.0,False,0,0,0.552,0.0,0.448,0.5719,54.72500000000002,False,False,False,False,False,False,False,False,ZSBBTDf4YU8
50,9,4.666666666666667,0.025,0,0,0,False,0.04,False,0,0,0.322,0.0,0.678,0.5859,66.10000000000002,False,False,False,False,True,False,True,False,38FpIEFChI4
82,12,5.916666666666667,0.058823529411764705,0,2,0,False,0.036585365853658534,False,0,0,0.265,0.0,0.735,0.6071,45.64500000000001,False,False,False,True,False,False,True,False,0QKjycRS020
66,11,5.090909090909091,0.018518518518518517,0,1,0,False,0.030303030303030304,False,0,0,0.253,0.0,0.747,0.5255,64.9245454545455,False,False,False,False,False,False,True,False,lgUGALkh_hU
80,15,4.4,0.047619047619047616,0,0,0,False,0.0375,False,0,1,0.208,0.0,0.792,0.6369,66.7871428571429,False,False,False,False,False,False,True,False,OQzmBzZdf8o
31,5,5.4,0.037037037037037035,0,0,0,False,0.0,False,0,0,0.481,0.0,0.519,0.5719,49.48000000000002,False,False,False,False,False,False,False,False,VdqxPQ-xT4A
99,16,5.25,0.012345679012345678,0,1,0,False,0.030303030303030304,False,0,0,0.405,0.0,0.595,0.889,63.69500000000001,False,False,False,False,True,False,True,False,kWMZ1XLjWiQ
44,7,5.428571428571429,0.05263157894736842,0,0,0,False,0.0,False,0,0,0.381,0.0,0.619,0.5719,54.70142857142861,False,False,False,False,False,False,True,False,TB40vWB3rG4
75,12,5.333333333333333,0.04838709677419355,0,0,0,False,0.02666666666666667,False,0,0,0.459,0.0,0.541,0.8586,45.64500000000001,False,False,False,False,True,False,True,False,Q_968wTpfGY
84,15,4.666666666666667,0.029850746268656716,0,1,0,False,0.03571428571428571,False,0,0,0.0,0.0,1.0,0.0,84.45000000000003,False,False,False,False,True,False,True,False,lvgmM84MUug
44,7,5.428571428571429,0.05405405405405406,0,0,0,False,0.022727272727272728,False,0,0,0.0,0.0,1.0,0.0,30.53000000000003,False,False,False,False,False,False,True,False,dDGfgsFKuYI
35,5,6.2,0.03225806451612903,0,0,0,False,0.0,False,0,0,0.0,0.0,1.0,0.0,32.56000000000003,False,False,False,True,True,False,True,False,RhU_WfOeDyk
40,6,5.833333333333333,0.08823529411764706,0,0,0,False,0.025,False,0,0,0.64,0.0,0.36,0.7964,31.545000000000016,False,False,False,True,False,False,True,False,vGlH_p8B5fM
40,7,4.857142857142857,0.058823529411764705,0,0,0,False,0.0,False,0,0,0.4,0.0,0.6,0.6115,66.7871428571429,False,False,False,True,False,False,True,False,v-F59nbrSm4
28,5,4.8,0.20833333333333334,0,0,0,False,0.0,False,0,0,0.0,0.0,1.0,0.0,83.32000000000004,False,False,False,False,False,True,True,False,J0aYbZ33W9I
60,11,4.545454545454546,0.06976744186046512,0,1,0,False,0.08333333333333333,True,1,0,0.23,0.0,0.77,0.4574,95.68818181818183,False,False,False,False,False,False,True,False,VACaYmxp-10
82,19,3.3684210526315788,1.0,15,0,0,False,0.04878048780487805,True,1,1,0.252,0.0,0.748,0.7241,75.12117647058825,False,False,False,False,True,False,True,False,KPLOuo4H8f8
53,9,4.888888888888889,1.0,8,0,0,False,0.05660377358490566,False,0,0,0.0,0.284,0.716,-0.4893,50.66500000000002,False,False,False,False,False,False,True,False,-WXV0rlY2LY
43,9,3.888888888888889,1.0,6,0,4,False,0.13953488372093023,False,0,0,0.0,0.0,1.0,0.0,59.745000000000005,False,False,False,False,True,False,False,False,KZHqAN8z1KI
68,11,5.2727272727272725,1.0,9,0,3,False,0.1323529411764706,False,0,1,0.291,0.0,0.709,0.7631,56.70000000000002,False,False,False,True,False,False,True,False,HpjhABae8ec
73,12,5.166666666666667,1.0,11,0,0,False,0.0821917808219178,False,0,1,0.299,0.0,0.701,0.7804,57.23363636363638,False,False,False,False,True,False,True,False,ddSBkwMPY-k
79,13,5.153846153846154,1.0,10,0,0,False,0.08860759493670886,False,0,1,0.287,0.0,0.713,0.7804,52.86500000000001,False,False,False,False,True,False,True,False,3wwD2HqbImE
47,10,3.8,1.0,8,0,0,False,0.10638297872340426,True,1,1,0.515,0.0,0.485,0.891,82.39000000000001,False,False,False,False,True,False,True,False,c_fUNqPlcpg
68,13,4.3076923076923075,1.0,9,0,2,False,0.058823529411764705,True,1,0,0.0,0.0,1.0,0.0,78.19795454545455,False,False,False,False,False,False,False,False,rL0yin2AKCw
90,14,5.5,0.9857142857142858,10,0,1,False,0.07777777777777778,False,0,1,0.129,0.1,0.771,0.1697,57.06826923076926,False,False,False,False,False,False,False,False,KbNpFpsepGY
70,12,4.916666666666667,1.0,9,0,2,False,0.1,False,0,2,0.32,0.131,0.549,0.6697,61.32500000000002,False,False,False,False,False,False,True,False,GZA2C9l6ZFI
82,16,4.1875,1.0,13,0,0,False,0.08536585365853659,False,0,2,0.324,0.0,0.676,0.8769,69.99384615384618,False,False,True,False,False,True,True,False,Hv1aR8b55FQ
66,12,4.333333333333333,1.0,8,0,0,False,0.10606060606060606,False,0,2,0.299,0.217,0.484,0.5204,56.70000000000002,False,False,False,False,False,True,True,False,8umapp3AoZI
87,18,3.888888888888889,1.0,14,0,0,False,0.08045977011494253,False,0,2,0.235,0.0,0.765,0.7761,67.53000000000003,False,False,False,False,False,False,True,False,PzBA90lk2e4
36,7,4.285714285714286,1.0,5,0,0,False,0.16666666666666666,False,0,1,0.167,0.183,0.65,-0.0688,83.32000000000004,False,False,False,False,False,False,False,False,ZemrOcMQ4TI
60,9,5.777777777777778,1.0,7,0,0,False,0.08333333333333333,False,0,1,0.158,0.0,0.842,0.3885,50.66500000000002,False,False,True,False,False,True,True,False,DUhDgD5_7hI
74,14,4.285714285714286,1.0,12,0,0,False,0.08108108108108109,False,0,1,0.349,0.0,0.651,0.8788,60.70500000000001,False,False,False,False,False,False,False,False,Tv75TU8uBjk
72,14,4.142857142857143,1.0,11,0,0,False,0.09722222222222222,False,0,1,0.0,0.488,0.512,-0.9361,67.75500000000001,False,False,False,False,True,False,True,False,RbNtefxo5BU
99,20,3.95,1.0,15,0,0,False,0.09090909090909091,False,0,2,0.46,0.07,0.47,0.9609,44.97000000000003,False,False,False,False,True,False,False,False,6m-zJ519HP0
100,20,3.95,1.0,16,0,1,False,0.06,False,0,0,0.0,0.0,1.0,0.0,66.10000000000002,False,False,False,False,True,False,False,False,fwONeRjqUBw
92,15,5.066666666666666,1.0,12,0,0,False,0.09782608695652174,False,0,1,0.143,0.211,0.646,-0.25,25.455000000000013,False,False,False,False,True,False,False,False,QJoYz3Wbl0k
55,10,4.6,0.20454545454545456,0,0,0,True,0.03636363636363636,False,0,1,0.0,0.457,0.543,-0.8126,56.70000000000002,False,False,False,False,True,False,True,False,CHrtqPJ7ggg
53,10,4.4,0.1951219512195122,0,1,0,True,0.05660377358490566,False,0,0,0.0,0.274,0.726,-0.5255,66.10000000000002,False,False,False,False,False,False,True,False,8YBRaPNReuM
43,6,6.333333333333333,0.1388888888888889,0,1,0,False,0.046511627906976744,False,0,0,0.252,0.526,0.222,-0.5707,-1.2799999999999727,False,False,False,False,False,False,False,False,_zZaVDVZ9wM
54,8,5.875,0.13636363636363635,0,1,0,False,0.05555555555555555,False,0,1,0.0,0.404,0.596,-0.7263,17.44500000000002,False,False,False,False,False,False,False,False,deLlxIGwinA
60,11,4.545454545454546,0.20833333333333334,0,1,0,False,0.03333333333333333,False,0,0,0.0,0.441,0.559,-0.7959,61.32500000000002,False,False,False,False,False,False,True,False,uhS1eFNiEJE
33,7,3.857142857142857,0.28,0,2,0,False,0.06060606060606061,False,0,0,0.0,0.393,0.607,-0.5972,90.95857142857145,False,False,False,False,False,False,True,False,inU_rFR8DBE
54,12,3.5833333333333335,0.23076923076923078,0,1,0,False,0.037037037037037035,True,1,0,0.08,0.302,0.618,-0.68,95.68818181818183,True,False,False,True,True,False,True,False,DkX0PwwFSEg
36,6,5.166666666666667,0.20689655172413793,0,1,0,True,0.05555555555555555,False,0,0,0.0,0.0,1.0,0.0,73.84500000000001,False,False,False,False,False,False,True,False,Shj0nbDT3-c
44,8,4.625,0.17142857142857143,0,1,0,False,0.045454545454545456,False,0,0,0.0,0.326,0.674,-0.5255,66.7871428571429,False,False,False,False,True,False,False,True,cGxmjJM0mKg
47,10,3.8,0.21621621621621623,0,1,0,False,0.02127659574468085,False,0,0,0.0,0.203,0.797,-0.3164,95.165,False,False,False,False,False,False,True,False,EZzXQUxO3Co
37,8,3.75,0.20689655172413793,0,0,0,False,0.02702702702702703,False,0,0,0.193,0.387,0.42,-0.3182,78.87285714285717,False,False,False,True,False,False,True,False,iAQFawh9w38
62,10,5.3,0.16,0,0,0,False,0.04838709677419355,False,0,0,0.0,0.0,1.0,0.0,29.515000000000015,False,False,False,False,False,False,False,False,oGZYjwoaVO8
50,9,4.666666666666667,0.275,1,0,0,False,0.04,False,0,0,0.0,0.475,0.525,-0.7456,75.50000000000003,False,False,False,False,False,False,False,False,e7VUMxbWyiI
51,9,4.666666666666667,0.35,1,1,0,False,0.0392156862745098,False,0,0,0.0,0.398,0.602,-0.561,82.39000000000001,False,False,True,False,False,False,True,False,GE7uAbDGtbI
62,14,3.5,0.2553191489361702,1,1,0,False,0.03225806451612903,False,0,0,0.0,0.333,0.667,-0.7177,96.02461538461542,False,False,False,False,False,False,False,False,cX2sqxgknps
58,10,4.9,0.19148936170212766,0,1,0,False,0.034482758620689655,False,0,0,0.435,0.17,0.396,0.69,84.90000000000003,False,False,False,True,False,False,True,False,qGo6aZIpfnY
56,9,5.333333333333333,0.15555555555555556,0,0,0,False,0.05357142857142857,False,0,1,0.0,0.563,0.437,-0.8834,18.44428571428574,False,False,False,False,False,True,False,False,RwCSLA8LMjk
62,9,6.0,0.1568627450980392,0,1,0,False,0.04838709677419355,False,0,0,0.0,0.369,0.631,-0.6893,50.66500000000002,False,False,False,False,False,False,True,False,0Jcef-Y7XJM
56,12,3.75,0.21428571428571427,0,1,0,False,0.05357142857142857,False,0,1,0.0,0.285,0.715,-0.5255,86.70500000000001,False,False,False,False,False,False,True,False,GQcC1zm-Ysk
42,9,3.7777777777777777,0.20689655172413793,0,1,0,False,0.07142857142857142,True,1,0,0.0,0.0,1.0,0.0,92.965,False,False,False,False,False,False,False,False,QLPtVtiETtg
33,7,3.857142857142857,0.19230769230769232,0,1,0,False,0.030303030303030304,False,0,0,0.0,0.0,1.0,0.0,90.95857142857145,False,False,False,False,False,False,True,False,xAkB6h26ItU
74,14,4.357142857142857,0.17857142857142858,0,1,0,False,0.06756756756756757,False,0,1,0.118,0.0,0.882,0.2193,74.805,True,False,False,False,False,False,True,False,HyTlHuGiXtU
38,7,4.571428571428571,0.2,0,0,0,False,0.05263157894736842,False,0,0,0.0,0.362,0.638,-0.5267,87.94500000000002,False,False,False,False,False,True,True,False,_zCXrCzvk3U
50,9,4.666666666666667,0.175,0,1,0,True,0.04,False,0,0,0.0,0.298,0.702,-0.5255,84.90000000000003,False,False,False,False,False,True,True,False,4wqWk50_o4Y
52,11,3.8181818181818183,0.225,0,1,0,False,0.038461538461538464,False,0,0,0.0,0.328,0.672,-0.5255,78.24500000000002,False,False,False,False,False,False,True,False,mnVN0r_gfxY
29,5,5.0,0.20833333333333334,1,0,0,False,0.0,True,1,0,0.0,0.437,0.563,-0.4767,49.48000000000002,False,False,False,False,False,False,False,False,sveg1ZmnpQE
42,9,3.7777777777777777,0.21875,0,1,0,False,0.047619047619047616,False,0,0,0.574,0.0,0.426,0.7959,92.965,True,False,False,False,False,False,False,False,bqWNXX1d9DI
71,13,4.538461538461538,0.15789473684210525,0,0,0,False,0.028169014084507043,False,0,1,0.0,0.293,0.707,-0.7003,57.23363636363638,False,False,False,False,False,False,True,False,2HYtatNFpz0
46,8,4.875,0.16666666666666666,0,1,0,False,0.06521739130434782,False,0,0,0.21,0.0,0.79,0.3382,59.745000000000005,False,False,True,False,False,False,False,False,mCIte5MJdYc
26,4,5.75,0.15,0,2,0,False,0.11538461538461539,False,0,1,0.0,0.0,1.0,0.0,75.87500000000001,False,False,False,False,False,False,False,False,TuZwiAlYcTY
47,9,4.333333333333333,0.32432432432432434,1,1,0,False,0.0425531914893617,False,0,0,0.0,0.3,0.7,-0.5307,75.50000000000003,False,False,False,False,False,False,True,False,LnhndChBHec
58,10,4.9,0.2127659574468085,0,1,0,False,0.034482758620689655,False,0,0,0.203,0.0,0.797,0.3164,69.78500000000001,False,False,False,False,False,False,True,False,Eq0lR3CfJCo
58,11,4.363636363636363,0.3181818181818182,1,1,0,False,0.06896551724137931,False,0,0,0.095,0.244,0.661,-0.4633,86.70500000000001,False,False,False,False,False,False,True,False,zfQi452PTAA
53,11,3.909090909090909,0.18421052631578946,0,1,0,False,0.05660377358490566,True,1,0,0.0,0.27,0.73,-0.5707,86.70500000000001,True,False,False,False,False,False,True,False,_TvISYOMgiU
50,6,7.5,0.14285714285714285,0,1,1,False,0.06,False,0,0,0.24,0.447,0.313,-0.2481,73.84500000000001,False,False,True,False,False,False,False,False,ygaUhp2_mXE
58,12,3.9166666666666665,0.1956521739130435,0,0,0,False,0.017241379310344827,False,0,0,0.0,0.179,0.821,-0.34,57.23363636363638,False,False,False,False,False,False,True,False,GjFSIEFW9qg
68,11,5.2727272727272725,0.21818181818181817,1,1,0,False,0.04411764705882353,False,0,1,0.22,0.349,0.431,-0.4003,37.900000000000034,True,False,False,True,False,False,False,False,Mv3DkwUMRF8
48,8,5.125,0.1794871794871795,0,1,0,False,0.041666666666666664,False,0,0,0.122,0.317,0.561,-0.4753,82.42535714285715,True,False,False,False,False,False,False,True,NVsFUO8W-gE
69,11,5.363636363636363,0.18181818181818182,0,1,0,False,0.057971014492753624,False,0,0,0.273,0.329,0.398,-0.2481,27.485000000000014,False,False,False,False,False,True,True,False,3HRMwSeQtMg
62,13,3.8461538461538463,0.22916666666666666,0,0,0,False,0.03225806451612903,False,0,1,0.0,0.418,0.582,-0.7845,80.30636363636367,False,False,False,False,False,False,True,False,IX2ov1NtVJ8
66,13,4.153846153846154,0.22,0,1,0,False,0.06060606060606061,False,0,1,0.0,0.303,0.697,-0.7263,87.99727272727276,False,False,False,False,False,False,True,True,7GyldTqjteM
61,13,3.6923076923076925,0.3111111111111111,1,1,0,False,0.04918032786885246,False,0,1,0.218,0.345,0.437,-0.4926,111.07000000000002,False,False,False,False,False,False,False,True,-5zEKn4ttTY
49,10,4.0,0.23684210526315788,0,1,0,True,0.04081632653061224,False,0,0,0.0,0.394,0.606,-0.636,84.90000000000003,False,False,False,False,False,False,True,False,NgDgzua7qmA
42,9,3.6666666666666665,0.6,4,0,0,False,0.047619047619047616,True,1,0,0.0,0.286,0.714,-0.4939,103.70000000000002,False,False,False,False,False,False,True,False,7oqBkV-M-0g
52,10,4.3,0.45,2,1,0,False,0.057692307692307696,False,0,0,0.154,0.378,0.468,-0.52,82.39000000000001,False,False,False,False,False,False,False,False,dsL9L0G6gWg
58,11,4.363636363636363,0.4318181818181818,2,2,0,False,0.06896551724137931,False,0,0,0.0,0.26,0.74,-0.5449,100.24000000000002,False,False,False,False,False,False,True,False,Qh4nIxh7dlo
51,11,3.6363636363636362,0.39473684210526316,2,0,1,False,0.0392156862745098,False,0,0,0.404,0.193,0.403,0.6369,86.70500000000001,False,False,False,False,False,False,False,False,auKOFd6uhnc
51,9,4.777777777777778,0.21951219512195122,0,1,0,False,0.0392156862745098,False,0,0,0.0,0.379,0.621,-0.7079,84.90000000000003,False,False,False,False,False,False,True,False,_EFJM6C6z7o
72,15,3.8666666666666667,0.24074074074074073,0,1,0,False,0.05555555555555555,False,0,0,0.0,0.244,0.756,-0.4926,96.11442307692309,False,False,False,False,False,False,True,False,oZxuFnabma0
56,13,3.3846153846153846,0.24390243902439024,0,0,0,True,0.05357142857142857,False,0,1,0.0,0.381,0.619,-0.7906,86.70500000000001,False,False,False,False,False,False,True,False,mMWC0yObLCA
75,9,7.444444444444445,0.06153846153846154,1,0,0,False,0.02666666666666667,False,0,0,0.259,0.0,0.741,0.4215,19.100000000000023,False,False,False,False,True,True,False,False,FIr3PahKXIA
38,5,6.6,0.0,0,0,0,False,0.05263157894736842,False,0,0,0.0,0.0,1.0,0.0,32.56000000000003,False,False,False,False,True,False,False,False,mCwE7zcNtxE
50,11,3.5454545454545454,0.12,1,0,0,False,0.28,False,0,1,0.137,0.0,0.863,0.4033,111.07000000000002,False,False,False,False,False,False,False,False,wkJ2zSOQONE
38,6,5.333333333333333,0.0,0,0,0,False,0.3157894736842105,False,0,0,0.0,0.0,1.0,0.0,116.14500000000001,False,False,False,False,False,False,False,False,MnBduk1cpFo
49,7,6.0,0.0,0,0,0,False,0.16326530612244897,False,0,1,0.213,0.0,0.787,0.4033,66.7871428571429,False,False,False,False,True,False,False,False,x8yqMxwiOao
20,4,4.25,0.0,0,0,0,False,0.4,False,0,1,0.279,0.0,0.721,0.4033,119.19000000000003,False,False,False,False,False,False,False,False,wM1C5bRNEk8
44,8,4.5,0.0,0,0,0,False,0.36363636363636365,False,0,1,0.0,0.0,1.0,0.0,115.13000000000002,False,False,False,False,False,False,False,False,hKYXZpJeWt8
19,4,4.0,0.0,0,0,0,False,0.3157894736842105,False,0,1,0.444,0.0,0.556,0.7906,119.19000000000003,False,False,False,False,False,False,False,False,1sRnGJn7tc4
51,7,6.285714285714286,0.0,0,0,0,False,0.19607843137254902,False,0,0,0.0,0.0,1.0,0.0,66.7871428571429,False,False,False,False,True,False,False,False,kC4nd-l-GkE
47,8,5.0,0.12,1,0,0,False,0.2978723404255319,True,1,0,0.0,0.0,1.0,0.0,114.11500000000001,False,False,False,False,False,False,False,False,OOEYoAkLnX8
65,10,5.5,0.07894736842105263,1,0,0,False,0.26153846153846155,False,0,0,0.0,0.0,1.0,0.0,103.625,False,False,False,False,False,False,False,False,rSFktD6PLMs
99,14,6.142857142857143,0.060240963855421686,0,0,0,False,0.010101010101010102,True,1,0,0.0,0.0,1.0,0.0,35.5107142857143,False,False,False,False,True,False,True,False,yHpGqxAArR8
99,16,5.25,0.036585365853658534,1,0,0,False,0.020202020202020204,False,0,0,0.18,0.0,0.82,0.5106,56.25000000000003,False,False,False,False,False,False,False,False,dE49tTuCdHk
84,14,5.071428571428571,0.09433962264150944,1,0,0,False,0.21428571428571427,False,0,0,0.0,0.0,1.0,0.0,81.85500000000002,False,False,False,False,False,False,False,False,tffhC269Ulg
70,10,6.0,0.09615384615384616,1,0,0,False,0.11428571428571428,False,0,0,0.25,0.0,0.75,0.4588,61.32500000000002,False,False,False,False,True,False,False,False,QfTqTmAlhiI
84,14,5.071428571428571,0.07462686567164178,0,0,0,True,0.047619047619047616,False,0,0,0.183,0.085,0.732,0.3818,69.99384615384618,False,False,False,False,False,True,False,False,5RIlZXNKFyA
70,9,6.777777777777778,0.03389830508474576,0,0,0,False,0.02857142857142857,False,0,0,0.0,0.0,1.0,0.0,28.50000000000003,False,False,False,False,True,False,False,False,XxaYE_ysh0c
87,11,7.0,0.06944444444444445,1,0,5,False,0.05747126436781609,False,0,0,0.257,0.0,0.743,0.5362,24.36159090909092,False,False,False,False,True,False,False,False,K518vUNzecs
100,16,5.25,0.0,0,0,0,False,0.17,False,0,0,0.0,0.0,1.0,0.0,78.81000000000003,False,False,False,False,True,False,False,False,RdxuiwKe1OU
92,16,4.6875,0.06557377049180328,1,0,0,False,0.15217391304347827,False,0,0,0.118,0.0,0.882,0.34,67.53000000000003,False,False,False,False,True,False,False,False,WTY7m0XqQ-g
64,8,7.0,0.075,1,0,0,False,0.25,False,0,1,0.0,0.0,1.0,0.0,71.81500000000001,False,False,False,False,True,False,False,False,zO9dzHeyFoo
19,4,4.0,0.0,0,0,0,False,0.3684210526315789,False,0,1,0.524,0.0,0.476,0.875,118.17500000000001,False,False,False,False,False,False,False,False,Oz0bQrZXQxM
15,4,3.0,0.09090909090909091,0,0,0,False,0.06666666666666667,False,0,0,0.492,0.0,0.508,0.4404,118.17500000000001,False,False,False,False,False,False,False,False,hdAfKO8iVEE
18,4,3.5,0.0,0,0,0,False,0.2777777777777778,False,0,0,0.0,0.0,1.0,0.0,118.17500000000001,False,False,False,False,False,False,False,False,onuH7SQz9eQ
57,9,5.333333333333333,0.0,0,0,0,False,0.17543859649122806,False,0,0,0.0,0.0,1.0,0.0,103.70000000000002,False,False,False,False,False,False,False,False,zLYqdl59f9Y
41,6,5.833333333333333,0.0,0,0,0,False,0.34146341463414637,False,0,0,0.0,0.0,1.0,0.0,116.14500000000001,False,False,False,False,False,False,False,False,8gMjMMi3_24
31,5,5.4,0.0,0,0,0,False,0.3225806451612903,False,0,0,0.0,0.0,1.0,0.0,117.16000000000003,False,False,False,False,False,False,False,False,hXnNIPItj0A
72,13,4.615384615384615,0.11666666666666667,2,0,0,False,0.0,False,0,0,0.0,0.0,1.0,0.0,56.97846153846157,False,False,False,True,False,False,False,False,FQSPuMOnPng
44,8,4.5,0.05555555555555555,1,0,0,False,0.0,False,0,0,0.0,0.0,1.0,0.0,82.39000000000001,False,False,False,False,False,False,False,False,Ui7w6HYMoDE
57,8,6.25,0.021739130434782608,0,0,0,False,0.07017543859649122,False,0,1,0.0,0.0,1.0,0.0,40.09,False,False,False,False,True,False,False,False,d9mB_6FhbaA
35,7,4.142857142857143,0.0,0,0,0,False,0.2857142857142857,False,0,1,0.0,0.437,0.563,-0.8519,87.94500000000002,False,False,False,False,False,False,False,False,kzjH92GzSNw
36,7,4.285714285714286,0.0,0,0,0,False,0.3333333333333333,False,0,1,0.375,0.0,0.625,0.8402,116.14500000000001,False,False,False,False,False,False,False,False,R6FTSHt5ifA
63,10,5.4,0.1,1,0,0,False,0.06349206349206349,False,0,0,0.0,0.0,1.0,0.0,47.30000000000004,False,False,False,False,False,False,False,False,T1HwE1k02y0
58,10,4.9,0.12121212121212122,1,0,0,False,0.27586206896551724,False,0,0,0.0,0.0,1.0,0.0,103.70000000000002,False,False,False,False,False,False,False,False,ktroiq-krTA
85,14,5.142857142857143,0.07352941176470588,1,0,0,False,0.047058823529411764,False,0,0,0.162,0.0,0.838,0.4404,43.963076923076954,False,False,False,False,False,True,False,False,X-Qci10zOA4
56,10,4.7,0.1,1,0,0,False,0.30357142857142855,False,0,0,0.0,0.0,1.0,0.0,103.70000000000002,False,False,False,False,False,False,False,False,QzKeVBFWfM8
63,9,6.111111111111111,0.07894736842105263,1,0,0,False,0.2698412698412698,False,0,1,0.0,0.0,1.0,0.0,75.50000000000003,False,False,False,False,True,False,False,False,CcArBs5h2mg
61,12,4.166666666666667,0.10416666666666667,1,0,0,False,0.03278688524590164,False,0,1,0.375,0.0,0.625,0.8622,64.9245454545455,False,False,False,False,False,True,True,False,RvE3PJZCZBc
82,10,7.3,0.05970149253731343,0,0,0,False,0.07317073170731707,False,0,0,0.104,0.0,0.896,0.1027,44.405,False,False,False,False,True,True,False,False,M4eU81e1Bco
42,7,5.142857142857143,0.13636363636363635,1,0,5,False,0.3333333333333333,False,0,0,0.0,0.0,1.0,0.0,103.04428571428575,False,False,False,False,False,False,False,False,kIxaOIYJg9Y
33,5,5.8,0.0,0,0,4,False,0.42424242424242425,False,0,0,0.0,0.0,1.0,0.0,117.16000000000003,False,False,False,False,False,False,False,False,LgOgMn6x6Q8
72,11,5.636363636363637,0.0,0,0,0,False,0.19444444444444445,False,0,1,0.0,0.0,1.0,0.0,72.61545454545457,False,False,False,False,True,False,False,False,kZVjGufwTB4
32,6,4.5,0.29411764705882354,1,0,0,False,0.3125,False,0,1,0.391,0.0,0.609,0.8402,100.24000000000002,False,False,False,False,False,False,False,False,ZcuKqT6XlIs
31,7,3.5714285714285716,0.09090909090909091,0,0,0,False,0.0967741935483871,False,0,0,0.0,0.0,1.0,0.0,102.045,False,False,False,False,False,False,True,False,uxLJ5g_e3XU
44,8,4.625,0.0,0,0,0,False,0.45454545454545453,False,0,2,0.417,0.0,0.583,0.9325,116.14500000000001,False,False,False,False,False,False,False,False,47KkPt8bgAE
52,10,4.1,0.0,0,0,0,False,0.23076923076923078,False,0,1,0.333,0.0,0.667,0.8402,112.08500000000001,False,False,False,False,False,False,False,False,_Teqeqnj07A
52,11,3.727272727272727,0.037037037037037035,0,0,0,False,0.2692307692307692,False,0,1,0.273,0.0,0.727,0.7184,111.07000000000002,False,False,False,False,False,False,False,False,x0QWnAJv_PY
48,8,5.0,0.0,0,0,0,False,0.10416666666666667,False,0,0,0.318,0.0,0.682,0.6369,90.95857142857145,False,False,False,True,True,False,False,False,jIzB_nbkdMY
78,14,4.642857142857143,0.05660377358490566,0,0,7,False,0.15384615384615385,False,0,1,0.392,0.0,0.608,0.9344,99.36976190476192,False,False,False,False,False,True,False,False,ZY2xrDESb5A
50,9,4.666666666666667,0.10714285714285714,1,0,3,False,0.28,False,0,0,0.0,0.0,1.0,0.0,103.70000000000002,False,False,False,False,False,False,False,False,2OzW3euXguE
100,16,5.3125,0.345679012345679,4,2,0,False,0.04,False,0,0,0.235,0.0,0.765,0.6825,16.107500000000016,False,False,False,False,True,False,True,False,a39KRpL1AE4
100,16,5.3125,0.14285714285714285,1,1,0,False,0.08,False,0,0,0.184,0.0,0.816,0.5255,50.66500000000002,False,False,False,False,True,False,False,False,LS5NafIooVU
100,15,5.733333333333333,0.21794871794871795,2,6,0,False,0.08,False,0,0,0.234,0.0,0.766,0.6449,69.5025,False,False,False,False,True,False,False,False,5XDoIwkTWLg
100,15,5.733333333333333,0.14457831325301204,1,0,2,False,0.03,False,0,0,0.408,0.0,0.592,0.8053,58.2225,False,False,True,False,True,False,True,False,e_ZeQOChuAc
100,16,5.3125,0.1111111111111111,0,0,2,False,0.04,False,0,1,0.177,0.0,0.823,0.5661,61.24000000000001,False,False,False,False,True,False,True,False,7R1aILv0iHg
100,15,5.733333333333333,0.17857142857142858,1,0,0,False,0.02,False,0,0,0.429,0.0,0.571,0.8402,56.25000000000003,False,False,False,False,True,False,True,False,uaENsP9dioI
100,18,4.611111111111111,0.10126582278481013,1,0,0,False,0.03,True,1,0,0.323,0.109,0.567,0.6469,66.36500000000001,False,False,False,False,True,False,True,False,2cNTJMuS4Xk
96,13,6.384615384615385,0.11688311688311688,0,0,0,False,0.052083333333333336,True,1,1,0.193,0.0,0.807,0.4767,37.455384615384645,False,False,False,False,True,False,False,False,zyhB2hbsKds
100,12,7.333333333333333,0.125,0,0,0,False,0.08,False,0,1,0.0,0.0,1.0,0.0,11.355000000000018,False,False,False,False,True,False,False,False,Sx3uJ8trmtE
100,13,6.6923076923076925,0.06578947368421052,0,0,0,False,0.1,True,1,0,0.172,0.0,0.828,0.3612,43.963076923076954,False,False,False,False,True,False,False,False,9DCrlogyQTI
100,18,4.611111111111111,0.13924050632911392,1,0,0,False,0.03,True,1,0,0.0,0.0,1.0,0.0,45.26235294117649,False,False,False,False,True,False,True,False,ulk4iD2WICA
100,14,6.214285714285714,0.10588235294117647,0,0,0,False,0.02,False,0,0,0.0,0.0,1.0,0.0,35.5107142857143,False,False,False,False,True,True,True,False,xq5LM2bTjG4
100,17,4.9411764705882355,0.28,3,0,0,False,0.09,False,0,1,0.0,0.0,1.0,0.0,44.97000000000003,False,False,False,False,True,False,True,False,WDZv78UKFF4
94,15,5.333333333333333,0.013513513513513514,0,0,0,False,0.06382978723404255,False,0,2,0.112,0.071,0.818,0.2732,29.467857142857156,False,False,False,False,True,False,True,False,mqojrmY4Bzo
92,15,5.2,0.2923076923076923,4,0,0,False,0.09782608695652174,True,1,0,0.309,0.0,0.691,0.7003,71.76785714285715,False,False,False,False,True,True,False,False,x8yMdz7Sw7o
91,15,5.133333333333334,0.1694915254237288,1,1,0,False,0.1978021978021978,False,0,1,0.176,0.0,0.824,0.4574,66.79500000000002,False,False,False,False,False,False,False,False,kg_k5_hQ-_Y
100,17,4.882352941176471,0.12162162162162163,0,0,0,False,0.08,True,1,0,0.0,0.0,1.0,0.0,53.120000000000005,False,False,False,False,True,True,False,False,oOISS2-7P5c
97,13,6.538461538461538,0.14864864864864866,1,0,0,False,0.1134020618556701,False,0,0,0.0,0.136,0.864,-0.296,56.97846153846157,False,False,False,False,False,True,False,False,Ub2oJQQRuvQ
99,17,4.882352941176471,0.14102564102564102,1,0,0,False,0.050505050505050504,False,0,0,0.402,0.0,0.598,0.8555,56.25000000000003,False,False,False,False,True,True,False,False,cwvyiwuxcIM
100,15,5.733333333333333,0.3698630136986301,7,0,0,False,0.09,True,1,0,0.119,0.0,0.881,0.2263,50.610000000000014,False,False,True,False,True,True,True,False,Ecb4eQsbTxQ
100,18,4.611111111111111,0.06756756756756757,0,0,0,False,0.09,False,0,0,0.278,0.08,0.642,0.6842,65.16823529411766,False,False,False,False,True,False,True,False,gWjglSuxkiM
98,15,5.6,0.08860759493670886,0,0,2,False,0.04081632653061224,True,1,0,0.189,0.0,0.811,0.504,30.022500000000008,False,False,False,False,True,False,True,False,DZ-pvhUeirE
99,18,4.555555555555555,0.23076923076923078,3,0,3,False,0.04040404040404041,False,0,0,0.176,0.0,0.824,0.5632,71.69509803921571,False,False,False,False,True,False,True,False,8xcd99ZILW0
100,17,4.9411764705882355,0.1095890410958904,0,0,0,False,0.1,True,1,0,0.0,0.0,1.0,0.0,74.27000000000001,False,False,False,False,True,True,False,False,GPPc4wSzkLM
98,17,4.823529411764706,0.12345679012345678,1,0,0,False,0.01020408163265306,False,0,0,0.0,0.135,0.865,-0.3612,37.25750000000002,False,False,False,False,True,False,True,False,iZygTA_HAcc
100,16,5.3125,0.19753086419753085,2,0,2,False,0.04,False,0,1,0.0,0.285,0.715,-0.7998,40.09,False,False,True,False,True,False,True,False,Rn4GyIZjJU0
97,12,7.166666666666667,0.0945945945945946,0,0,0,False,0.12371134020618557,False,0,0,0.0,0.167,0.833,-0.296,18.405,False,False,True,False,True,False,False,False,k8OPSFrHdXU
98,15,5.6,0.13157894736842105,1,0,0,False,0.08163265306122448,False,0,0,0.218,0.0,0.782,0.5994,56.25000000000003,False,False,False,False,True,False,True,False,tpQ__hGrJ_U
98,15,5.6,0.125,1,0,0,False,0.04081632653061224,False,0,0,0.186,0.0,0.814,0.4939,23.42500000000001,False,False,False,False,True,False,False,False,f85sM5Xu8mA
99,14,6.142857142857143,0.1232876712328767,0,0,0,False,0.13131313131313133,False,0,0,0.202,0.0,0.798,0.5106,47.59642857142859,False,False,False,False,True,False,False,False,ul3u8eSrg1Y
98,15,5.6,0.24691358024691357,2,0,0,False,0.02040816326530612,True,1,0,0.0,0.0,1.0,0.0,22.410000000000025,False,False,False,False,True,False,True,False,XozcWSEzQAs
99,17,4.882352941176471,0.25333333333333335,4,0,0,False,0.06060606060606061,True,2,0,0.0,0.0,1.0,0.0,55.21529411764709,True,False,False,False,True,True,False,False,Y6dOIgxb7pI
100,20,4.05,0.1527777777777778,1,2,0,False,0.03,True,3,0,0.14,0.0,0.86,0.4738,77.39833333333334,False,True,False,False,True,False,True,False,FvY6GfOo018
100,12,7.416666666666667,0.08860759493670886,0,0,1,False,0.1,False,0,0,0.197,0.0,0.803,0.4019,25.455000000000013,False,False,False,False,True,False,True,False,3ROp2bwqRc8
99,15,5.666666666666667,0.4925373134328358,7,0,0,False,0.16161616161616163,True,1,1,0.0,0.173,0.827,-0.4824,67.53000000000003,False,False,False,False,True,False,True,False,xgAWzhSSAY8
100,18,4.555555555555555,0.35064935064935066,5,0,0,False,0.04,True,1,0,0.0,0.138,0.862,-0.4084,71.06500000000001,False,False,False,False,True,False,True,False,yXqaPsM-mlM
100,17,4.9411764705882355,0.16666666666666666,1,0,0,False,0.05,True,1,1,0.0,0.0,1.0,0.0,37.25750000000002,False,False,False,False,True,False,False,False,DuYLYn_0LHM
98,19,4.2105263157894735,0.16666666666666666,1,0,0,False,0.02040816326530612,False,0,0,0.0,0.118,0.882,-0.34,42.86500000000001,False,False,False,False,True,False,True,False,jk_q9_MAKbY
100,18,4.611111111111111,0.14814814814814814,1,0,0,False,0.02,False,0,0,0.0,0.0,1.0,0.0,33.465,False,False,False,False,True,False,True,False,pGnJcB8FPZk
100,17,4.9411764705882355,0.12307692307692308,0,0,0,False,0.19,False,0,2,0.0,0.0,1.0,0.0,75.12117647058825,False,False,False,False,True,False,True,False,ZwrEG0Y0Uyc
97,13,6.538461538461538,0.203125,2,0,0,False,0.17525773195876287,True,1,0,0.29,0.0,0.71,0.6486,39.55500000000001,False,False,False,False,True,False,False,False,R1HgTRlfG64
100,13,6.769230769230769,0.15151515151515152,0,0,0,False,0.22,False,0,2,0.0,0.0,1.0,0.0,69.99384615384618,False,False,False,False,True,False,False,False,IsVQYuTDEfk
100,17,4.9411764705882355,0.23376623376623376,2,0,0,False,0.07,False,0,0,0.0,0.0,1.0,0.0,55.21529411764709,False,False,False,False,True,False,False,False,-4vln3dnKiA
100,20,4.0,0.2987012987012987,4,0,0,False,0.03,False,0,0,0.202,0.0,0.798,0.549,66.36500000000001,False,False,False,False,True,False,True,False,EpIcES7EjgI
99,17,4.882352941176471,0.2875,3,0,2,False,0.030303030303030304,False,0,0,0.0,0.0,1.0,0.0,24.382499999999993,False,False,False,False,True,False,True,False,KKVXmBJVHkA
100,18,4.611111111111111,0.4444444444444444,6,0,0,False,0.02,False,0,0,0.154,0.0,0.846,0.4767,65.16823529411766,False,False,False,False,True,False,False,False,f2-RxPs8zx8
98,14,6.0,0.14814814814814814,0,0,0,False,0.030612244897959183,False,0,0,0.0,0.0,1.0,0.0,35.5107142857143,False,False,False,False,True,False,False,False,FCFF2s1T3U4
99,18,4.555555555555555,0.32894736842105265,4,0,0,False,0.020202020202020204,True,1,0,0.0,0.0,1.0,0.0,50.2388235294118,False,False,False,False,True,False,True,False,P6J2GrZQ5us
100,20,4.05,0.12,1,0,0,False,0.05,True,1,0,0.217,0.0,0.783,0.6124,52.265000000000015,False,False,False,False,True,False,True,False,BwYCIrGZFdg
98,17,4.823529411764706,0.15,2,0,0,False,0.02040816326530612,False,0,0,0.162,0.0,0.838,0.4767,42.545000000000016,False,False,False,False,True,False,True,False,VCFH-bdD_WM
83,17,3.8823529411764706,1.0,16,0,0,False,0.03614457831325301,False,0,1,0.15,0.0,0.85,0.4588,63.69500000000001,False,False,False,False,True,False,False,False,QV3vztZnWNc
73,14,4.285714285714286,0.543859649122807,6,0,0,False,0.0410958904109589,False,0,1,0.106,0.241,0.652,-0.5409,50.470769230769264,False,False,False,False,True,False,False,False,mM-nZ2C2zwk
87,17,4.117647058823529,0.35384615384615387,5,0,0,False,0.05747126436781609,False,0,1,0.0,0.0,1.0,0.0,50.610000000000014,False,False,False,False,True,False,False,False,luG3xJSokWo
75,15,4.0,1.0,13,0,0,False,0.05333333333333334,False,0,1,0.197,0.0,0.803,0.5319,63.486153846153854,False,False,False,False,True,False,False,False,hHYjjr0iZYA
81,19,3.263157894736842,0.9482758620689655,15,0,0,False,0.04938271604938271,False,0,1,0.0,0.0,1.0,0.0,79.5575,False,False,False,False,True,False,False,False,2ScIx_lUjv8
73,14,4.214285714285714,1.0,13,0,0,False,0.0410958904109589,False,0,1,0.259,0.0,0.741,0.6739,76.50153846153849,False,False,False,False,False,False,False,False,AvwxL2wrXR0
82,17,3.823529411764706,0.7,9,0,0,False,0.06097560975609756,False,0,2,0.287,0.0,0.713,0.8038,65.72500000000001,False,False,False,False,True,False,False,False,m5ShfJq09Uw
68,12,4.666666666666667,0.8301886792452831,9,0,0,False,0.04411764705882353,False,0,1,0.0,0.0,1.0,0.0,35.94500000000002,False,False,False,False,True,False,False,False,-CUDv-fszc4
77,16,3.8125,1.0,13,0,0,False,0.05194805194805195,False,0,1,0.0,0.216,0.784,-0.6289,83.0092307692308,False,False,False,True,False,False,False,False,GJBYJk4a5WI
78,16,3.875,0.8620689655172413,11,0,0,False,0.05128205128205128,False,0,1,0.159,0.0,0.841,0.4278,63.486153846153854,False,False,True,False,True,False,False,False,dKSLhf_ub1k
100,18,4.611111111111111,0.9090909090909091,14,0,0,False,0.05,True,1,1,0.354,0.0,0.646,0.8679,53.120000000000005,False,False,False,False,True,False,False,False,c5XM2hnlZY4
61,13,3.6923076923076925,0.5454545454545454,4,0,0,False,0.06557377049180328,False,0,1,0.0,0.0,1.0,0.0,64.9245454545455,False,False,False,False,False,False,False,False,lMsSeEPZDwU
87,18,3.8333333333333335,0.9230769230769231,14,0,0,False,0.04597701149425287,False,0,1,0.0,0.0,1.0,0.0,61.890000000000015,False,False,False,False,True,False,False,False,plXyPDSZD1w
75,15,4.0,0.8771929824561403,10,0,0,False,0.04,False,0,1,0.359,0.0,0.641,0.8056,69.99384615384618,False,False,False,False,False,False,False,False,mMG1PiEfutY
72,14,4.142857142857143,0.8571428571428571,9,0,0,False,0.027777777777777776,False,0,0,0.14,0.199,0.662,-0.2656,46.60500000000002,False,False,False,False,False,False,False,False,JimYkkJplMc
72,13,4.538461538461538,1.0,12,0,0,False,0.013888888888888888,False,0,0,0.217,0.0,0.783,0.516,46.60500000000002,False,False,False,False,False,False,False,False,cQ_Nsr-fZ0A
90,17,4.294117647058823,0.9154929577464789,14,0,0,False,0.022222222222222223,False,0,0,0.0,0.0,1.0,0.0,68.9825,False,False,False,False,False,False,False,True,TTVpc0Je8Fg
67,14,3.7857142857142856,0.9591836734693877,10,0,0,False,0.05970149253731343,False,0,1,0.275,0.0,0.725,0.7125,57.23363636363638,False,False,False,False,False,False,False,False,YIGKbeAxrA8
72,15,3.8,0.9615384615384616,11,0,0,False,0.06944444444444445,False,0,2,0.332,0.0,0.668,0.7885,60.70500000000001,False,False,False,False,True,False,False,False,rVRl88Nx4oQ
83,17,3.8823529411764706,0.9516129032258065,12,0,0,False,0.04819277108433735,False,0,1,0.0,0.0,1.0,0.0,41.553571428571445,False,False,False,False,True,False,False,False,xerWHANWPgk
88,18,3.888888888888889,0.9393939393939394,13,0,0,False,0.045454545454545456,False,0,1,0.184,0.0,0.816,0.5904,63.69500000000001,False,False,False,False,True,False,False,False,8ag99Ldvl08
66,15,3.4,0.6170212765957447,6,0,0,False,0.030303030303030304,True,1,0,0.0,0.387,0.613,-0.8481,95.93928571428573,False,False,False,False,False,False,False,False,N2phUO9Z6AE
77,16,3.8125,0.15517241379310345,2,0,0,False,0.03896103896103896,False,0,1,0.0,0.0,1.0,0.0,53.639285714285734,False,False,False,False,False,False,True,False,l0X2_wNOjVk
57,12,3.75,0.8571428571428571,7,0,0,False,0.05263157894736842,False,0,1,0.0,0.0,1.0,0.0,69.78500000000001,False,False,False,False,True,False,False,False,w4NevRKABlE
64,11,4.818181818181818,0.82,8,0,0,False,0.046875,False,0,1,0.299,0.0,0.701,0.4278,19.025000000000006,False,False,False,True,True,False,False,False,TV0URIL-5S8
81,15,4.4,0.34375,2,0,0,False,0.024691358024691357,False,0,0,0.0,0.0,1.0,0.0,53.639285714285734,False,False,False,False,False,False,True,False,yzceZzeF-60
56,12,3.6666666666666665,0.8,7,0,0,False,0.07142857142857142,False,0,2,0.0,0.0,1.0,0.0,78.24500000000002,False,False,False,False,False,True,False,False,P_fKev0vwh4
77,13,4.923076923076923,0.7903225806451613,8,0,0,False,0.012987012987012988,True,1,0,0.0,0.0,1.0,0.0,56.97846153846157,False,False,False,False,True,False,False,False,lo-pjBcCPGg
87,18,3.8333333333333335,0.8181818181818182,10,0,0,False,0.034482758620689655,False,0,1,0.0,0.0,1.0,0.0,68.9825,False,False,False,False,False,False,False,False,uvkVScRiK2k
56,12,3.5833333333333335,0.675,5,0,0,False,0.05357142857142857,False,0,1,0.0,0.0,1.0,0.0,52.86500000000001,False,False,False,False,True,False,True,False,KTvBA0xsZto
63,12,4.25,0.40425531914893614,4,0,0,False,0.06349206349206349,False,0,2,0.178,0.0,0.822,0.3818,52.86500000000001,False,False,False,False,True,True,False,False,WSvf1thz-2A
63,11,4.7272727272727275,0.74,6,0,0,False,0.031746031746031744,False,0,0,0.472,0.0,0.528,0.8941,61.32500000000002,False,False,False,False,False,False,False,False,U8iCNQF3Pkg
77,15,4.133333333333334,0.3448275862068966,3,0,0,False,0.05194805194805195,False,0,1,0.0,0.0,1.0,0.0,50.470769230769264,False,False,False,False,True,False,False,False,jZMoveIbpRw
77,14,4.5,0.3508771929824561,3,0,0,False,0.07792207792207792,False,0,2,0.305,0.0,0.695,0.6908,60.70500000000001,False,False,False,False,False,False,False,False,9ZtgxTIMvT4
58,11,4.363636363636363,0.45652173913043476,3,0,0,False,0.034482758620689655,False,0,1,0.0,0.0,1.0,0.0,61.32500000000002,False,False,False,True,True,False,False,False,-8pVpuaYv8c
62,13,3.769230769230769,0.17777777777777778,1,0,0,False,0.06451612903225806,False,0,2,0.0,0.0,1.0,0.0,72.61545454545457,False,False,False,False,True,False,False,False,zbKR8lyd8xQ
98,17,4.823529411764706,0.4444444444444444,6,0,0,False,0.01020408163265306,False,0,0,0.0,0.0,1.0,0.0,50.2388235294118,False,False,False,False,False,False,True,False,daek85DOKfg
80,13,5.153846153846154,0.1746031746031746,1,0,0,False,0.05,False,0,1,0.429,0.0,0.571,0.7579,32.504999999999995,True,False,False,False,True,False,False,False,Izx7dNJuLNk
79,16,3.9375,0.15517241379310345,1,0,0,False,0.06329113924050633,False,0,1,0.0,0.0,1.0,0.0,50.470769230769264,False,False,False,False,True,False,False,True,Qb5mpMDM_iU
68,14,3.9285714285714284,0.1,1,0,0,False,0.058823529411764705,True,1,1,0.167,0.0,0.833,0.4215,57.23363636363638,False,False,False,False,False,True,False,False,u3cVOaorBkU
77,15,4.133333333333334,0.1864406779661017,2,0,0,False,0.03896103896103896,False,0,0,0.157,0.0,0.843,0.4215,53.639285714285734,False,False,False,False,False,False,True,False,SkAInXnZbWM
45,9,4.111111111111111,0.11428571428571428,0,0,0,False,0.044444444444444446,False,0,0,0.219,0.0,0.781,0.4215,94.30000000000001,False,False,False,False,False,False,False,True,dJyIHzD2SwI
32,7,3.7142857142857144,0.08333333333333333,0,0,0,False,0.0625,False,0,1,0.3,0.0,0.7,0.4588,73.84500000000001,False,False,False,False,True,False,False,False,0tsN9-oyY-o
57,12,3.75,0.17777777777777778,0,0,0,False,0.0,False,0,0,0.0,0.0,1.0,0.0,88.905,False,False,False,False,True,False,False,False,QAV2VaQT8O0
61,12,4.083333333333333,0.19148936170212766,1,0,0,False,0.03278688524590164,False,0,0,0.127,0.0,0.873,0.1531,41.8518181818182,False,False,False,True,True,False,False,False,iSWhQIEaYLA
46,10,3.7,0.1111111111111111,0,0,0,False,0.021739130434782608,False,0,0,0.211,0.113,0.677,0.3182,84.90000000000003,False,False,False,False,False,False,False,False,KfxUSCsBiYU
73,16,3.5625,0.12280701754385964,0,0,0,False,0.0,False,0,0,0.0,0.0,1.0,0.0,95.42,False,False,False,False,False,False,False,False,waAuSdx6BQQ
87,18,3.8333333333333335,0.13432835820895522,1,0,0,False,0.022988505747126436,False,0,0,0.0,0.0,1.0,0.0,63.69500000000001,False,False,False,False,True,False,False,False,x5z1-559Xcs
38,7,4.571428571428571,0.12903225806451613,0,0,0,False,0.02631578947368421,False,0,0,0.615,0.0,0.385,0.7906,17.44500000000002,False,False,False,False,False,False,False,False,iqvQhN8GDG4
73,13,4.615384615384615,0.15,0,0,0,False,0.0,False,0,0,0.0,0.0,1.0,0.0,56.97846153846157,False,False,False,False,False,False,False,False,zV68FTDp0xE
29,5,5.0,0.21739130434782608,0,0,0,False,0.06896551724137931,False,0,0,0.0,0.0,1.0,0.0,83.32000000000004,False,False,False,False,False,False,True,True,i-l_-ApINOc
18,4,3.75,0.5,2,1,0,False,0.05555555555555555,False,0,0,0.0,0.0,1.0,0.0,97.025,False,False,False,False,False,False,False,False,rq8QhO6SvWg
40,6,5.666666666666667,0.09090909090909091,0,1,0,False,0.025,False,0,0,0.604,0.0,0.396,0.7263,73.84500000000001,False,False,False,False,False,False,False,False,cqFg9uyzCdI
46,9,4.222222222222222,0.3783783783783784,2,1,0,False,0.021739130434782608,False,0,0,0.281,0.0,0.719,0.481,84.90000000000003,False,False,True,False,False,True,False,False,1SvjQzkEdjM
42,8,4.375,0.15625,0,0,0,False,0.07142857142857142,False,0,0,0.314,0.0,0.686,0.4939,103.04428571428575,False,False,False,False,False,False,False,False,nnKVVkFwgY8
26,4,5.75,0.19047619047619047,0,0,0,False,0.07692307692307693,False,0,0,0.0,0.0,1.0,0.0,97.025,False,False,False,False,False,False,False,False,dXjVIEATKJI
27,5,4.6,0.22727272727272727,0,1,0,False,0.037037037037037035,False,0,0,0.0,0.0,1.0,0.0,83.32000000000004,False,False,False,False,False,True,False,False,TSA1F7CQ3YI
29,4,6.5,0.125,0,0,0,False,0.06896551724137931,False,0,0,0.0,0.0,1.0,0.0,54.72500000000002,False,False,False,False,False,False,False,True,F63PQe5dESM
38,6,5.5,0.0967741935483871,0,0,0,False,0.05263157894736842,False,0,0,0.374,0.0,0.626,0.4576,59.745000000000005,False,False,False,False,False,False,False,False,OCPnTxr7V_k
16,3,4.666666666666667,0.08333333333333333,0,0,0,False,0.125,False,0,0,0.0,0.0,1.0,0.0,90.99000000000004,False,False,False,False,False,False,False,False,_2KNfqRnrSg
68,13,4.3076923076923075,0.19607843137254902,0,1,0,False,0.029411764705882353,True,2,0,0.0,0.16,0.84,-0.3164,83.0092307692308,True,False,False,False,True,True,False,False,QTmAlECu5eU
41,8,4.25,0.25806451612903225,1,1,0,False,0.024390243902439025,True,1,0,0.0,0.0,1.0,0.0,92.965,False,False,False,False,False,False,True,False,liUHF6Xzlts
31,7,3.5714285714285716,0.21739130434782608,1,1,0,False,0.06451612903225806,False,0,1,0.0,0.302,0.698,-0.3802,116.14500000000001,False,False,True,False,False,False,True,False,eVvOHxtrFB0
63,10,5.4,0.38,3,1,0,False,0.031746031746031744,True,1,0,0.575,0.0,0.425,0.8576,56.70000000000002,False,False,True,False,False,True,False,False,Hd_HqzLAXkI
59,8,6.5,0.14583333333333334,0,1,0,False,0.03389830508474576,True,1,0,0.0,0.238,0.762,-0.2942,50.66500000000002,False,False,False,True,False,True,False,False,wrh_ZNJzopA
60,10,5.1,0.20408163265306123,1,1,0,False,0.03333333333333333,False,0,0,0.196,0.0,0.804,0.2942,56.70000000000002,False,False,True,False,False,True,False,False,NRQdbffaAhE
39,7,4.714285714285714,0.16129032258064516,0,0,0,False,0.05128205128205128,False,0,0,0.436,0.2,0.364,0.3818,78.87285714285717,False,False,True,False,False,False,True,False,bHOaWVnUAq4
34,5,6.0,0.3793103448275862,1,1,0,False,0.029411764705882353,False,0,0,0.698,0.0,0.302,0.7861,32.56000000000003,False,False,True,False,False,False,False,False,AJPs8F8hDwo
41,8,4.25,0.15625,0,0,0,False,0.04878048780487805,False,0,0,0.0,0.455,0.545,-0.6124,92.965,False,False,False,False,False,False,False,False,_GYX51TaKHo
40,9,3.5555555555555554,0.2857142857142857,1,1,0,False,0.075,True,1,0,0.0,0.0,1.0,0.0,94.30000000000001,False,False,False,False,False,False,True,True,IozTGRqX2R4
46,9,4.222222222222222,0.21212121212121213,0,0,0,False,0.06521739130434782,True,2,0,0.0,0.0,1.0,0.0,98.8675,False,False,False,False,False,False,False,False,Ts558Kw2MVo
79,12,5.666666666666667,0.15384615384615385,0,2,0,False,0.0379746835443038,False,0,0,0.411,0.0,0.589,0.7896,73.84500000000001,False,False,False,False,False,False,False,False,V27h4Xlsx7k
27,4,6.0,0.14285714285714285,0,0,0,False,0.1111111111111111,False,0,0,0.0,0.0,1.0,0.0,75.87500000000001,False,False,False,False,False,False,False,False,uwRKg73npAk
48,9,4.444444444444445,0.07894736842105263,0,1,0,False,0.041666666666666664,False,0,1,0.0,0.0,1.0,0.0,71.81500000000001,False,False,False,False,False,True,True,False,49r6a5QVDJk
30,5,5.2,0.17391304347826086,0,1,0,False,0.03333333333333333,True,1,0,0.0,0.0,1.0,0.0,66.40000000000003,False,False,False,False,False,False,False,False,lG88wkkQyx0
27,4,6.0,0.13636363636363635,0,1,0,False,0.037037037037037035,True,1,0,0.499,0.0,0.501,0.4574,75.87500000000001,False,False,False,False,False,True,False,False,CKBbp4o1F8Q
85,13,5.615384615384615,0.17142857142857143,0,2,0,False,0.023529411764705882,True,1,0,0.447,0.0,0.553,0.7955,57.06826923076926,False,False,False,False,True,True,True,False,3IblQOghBP4
27,5,4.6,0.5238095238095238,1,0,0,False,0.07407407407407407,False,0,0,0.0,0.547,0.453,-0.7034,83.32000000000004,False,False,False,False,False,False,False,False,r0u5mNmuvYk
53,10,4.4,0.3333333333333333,1,1,0,False,0.018867924528301886,True,1,0,0.0,0.0,1.0,0.0,78.24500000000002,False,False,False,False,False,True,True,False,ryeaYBejSY4
28,5,4.8,0.5217391304347826,1,1,0,False,0.03571428571428571,False,0,0,0.439,0.0,0.561,0.481,83.32000000000004,False,False,True,False,False,True,True,False,eP1OgYumpIo
56,8,6.125,0.41304347826086957,2,1,0,False,0.05357142857142857,False,0,0,0.365,0.181,0.454,0.5307,30.53000000000003,False,False,False,False,False,False,False,False,8KWfTv2YOR8
37,6,5.333333333333333,0.2903225806451613,1,1,0,False,0.02702702702702703,False,0,0,0.0,0.0,1.0,0.0,45.64500000000001,False,False,False,False,False,False,False,False,4QywJLUTHfE
30,6,4.166666666666667,0.25,1,1,0,False,0.03333333333333333,False,0,0,0.0,0.0,1.0,0.0,73.84500000000001,False,False,False,False,False,False,True,False,p6BbPqrTkrU
46,8,4.75,0.37142857142857144,1,0,0,False,0.06521739130434782,False,0,0,0.0,0.0,1.0,0.0,82.39000000000001,False,False,False,False,False,False,False,False,WCQVRO1sdrk
63,10,5.4,0.14,0,0,0,False,0.047619047619047616,True,1,0,0.0,0.0,1.0,0.0,44.405,False,False,False,False,False,False,True,False,9jnNRi5y3Ns
64,12,4.416666666666667,0.2857142857142857,1,1,0,False,0.046875,True,1,0,0.28,0.0,0.72,0.4389,34.160909090909115,False,False,False,False,False,False,False,False,s3-3mqD1rvc
70,13,4.461538461538462,0.2727272727272727,1,1,0,False,0.02857142857142857,True,1,0,0.346,0.0,0.654,0.7027,53.655,False,False,True,False,False,False,True,False,xqZ9TZsUHMI
37,7,4.428571428571429,0.2,0,1,0,False,0.02702702702702703,False,0,0,0.0,0.0,1.0,0.0,103.04428571428575,False,False,False,False,False,False,False,False,s_VPrAiD3A4
54,10,4.5,0.11904761904761904,0,0,0,False,0.037037037037037035,True,1,0,0.0,0.0,1.0,0.0,69.78500000000001,False,False,False,False,False,False,False,False,83y6_Hmqw9Q
69,12,4.833333333333333,0.11320754716981132,0,1,0,False,0.07246376811594203,False,0,0,0.0,0.214,0.786,-0.4574,80.89500000000001,False,False,False,False,False,False,False,False,VmJhQO3pwPI
29,4,6.25,0.17391304347826086,0,0,0,False,0.06896551724137931,False,0,0,0.0,0.577,0.423,-0.6249,12.425000000000011,False,False,False,False,False,False,True,False,4OzmOlGORJc
69,12,4.75,0.18181818181818182,0,2,0,False,0.028985507246376812,False,0,0,0.0,0.0,1.0,0.0,73.84500000000001,False,False,False,False,False,False,True,False,Pal3va_EhHQ
62,12,4.166666666666667,0.25,1,0,0,False,0.03225806451612903,False,0,0,0.0,0.113,0.887,-0.1027,74.805,False,False,False,False,False,False,False,False,yLc79OiiFBA
51,9,4.666666666666667,0.3333333333333333,1,0,0,False,0.058823529411764705,False,0,0,0.119,0.434,0.447,-0.6408,80.06750000000002,False,False,False,False,False,False,False,False,kmjQ-dBReQs
46,9,4.222222222222222,0.14285714285714285,0,0,0,False,0.06521739130434782,False,0,0,0.0,0.0,1.0,0.0,92.965,False,False,False,False,False,True,False,False,QIgu1L1CkKg
66,11,5.090909090909091,0.1509433962264151,0,0,0,False,0.045454545454545456,False,0,0,0.0,0.242,0.758,-0.4939,61.32500000000002,False,False,False,False,False,False,False,False,dpwbevIkEMc
69,10,6.0,0.16071428571428573,0,0,0,False,0.057971014492753624,False,0,0,0.204,0.0,0.796,0.3182,37.900000000000034,False,False,False,False,False,False,False,False,QKOl_6mSIDg
37,6,5.333333333333333,0.41935483870967744,1,1,0,False,0.02702702702702703,False,0,0,0.593,0.0,0.407,0.7027,73.84500000000001,False,False,True,False,False,False,False,False,wlSXS6-VeJ4
74,12,5.166666666666667,0.17857142857142858,0,2,1,False,0.08108108108108109,False,0,0,0.0,0.0,1.0,0.0,80.89500000000001,False,False,False,False,False,False,True,False,BD1kkPzJLS4
73,11,5.7272727272727275,0.13559322033898305,0,0,0,False,0.0547945205479452,False,0,0,0.0,0.0,1.0,0.0,49.54272727272729,False,False,False,False,False,False,False,False,WqXXCGTtNc8
98,9,10.0,0.0,0,0,0,False,0.09183673469387756,True,2,0,0.0,0.0,1.0,0.0,-12.784999999999997,False,False,False,False,False,False,False,False,QRxliWP1j3Q
98,9,10.0,0.0,0,0,0,False,0.09183673469387756,True,2,0,0.0,0.0,1.0,0.0,-12.784999999999997,False,False,False,False,False,False,False,False,Q7NR44EMIp8
98,9,10.0,0.0,0,0,0,False,0.09183673469387756,True,2,0,0.0,0.0,1.0,0.0,-12.784999999999997,False,False,False,False,False,False,False,False,aiqXCbLfFjs
98,9,10.0,0.0,0,0,0,False,0.09183673469387756,True,2,0,0.0,0.0,1.0,0.0,-12.784999999999997,False,False,False,False,False,False,False,False,wC43JyvFw84
98,9,10.0,0.0,0,0,0,False,0.09183673469387756,True,2,0,0.0,0.0,1.0,0.0,-12.784999999999997,False,False,False,False,False,False,False,False,L-hqixoLF9k
98,9,10.0,0.0,0,0,0,False,0.09183673469387756,True,2,0,0.0,0.0,1.0,0.0,-12.784999999999997,False,False,False,False,False,False,False,False,VaDIuhWUpkg
98,9,10.0,0.0,0,0,0,False,0.09183673469387756,True,2,0,0.0,0.0,1.0,0.0,-12.784999999999997,False,False,False,False,False,False,False,False,9JIhR3yk2eI
98,9,10.0,0.0,0,0,0,False,0.09183673469387756,True,2,0,0.0,0.0,1.0,0.0,-12.784999999999997,False,False,False,False,False,False,False,False,V_vP63B30ck
98,9,10.0,0.0,0,0,0,False,0.09183673469387756,True,2,0,0.0,0.0,1.0,0.0,-12.784999999999997,False,False,False,False,False,False,False,False,qdY_Au9bkHU
98,9,10.0,0.0,0,0,0,False,0.09183673469387756,True,2,0,0.0,0.0,1.0,0.0,-12.784999999999997,False,False,False,False,False,False,False,False,M9uCuXMUKgk
98,9,10.0,0.0,0,0,0,False,0.09183673469387756,True,2,0,0.0,0.0,1.0,0.0,-12.784999999999997,False,False,False,False,False,False,False,False,nlM64i8Q3Lc
98,9,10.0,0.0,0,0,0,False,0.09183673469387756,True,2,0,0.0,0.0,1.0,0.0,-12.784999999999997,False,False,False,False,False,False,False,False,qavz3ACrvko
98,9,10.0,0.0,0,0,0,False,0.09183673469387756,True,2,0,0.0,0.0,1.0,0.0,-12.784999999999997,False,False,False,False,False,False,False,False,08vKXDm8y0Q
98,9,10.0,0.0,0,0,0,False,0.09183673469387756,True,2,0,0.0,0.0,1.0,0.0,-12.784999999999997,False,False,False,False,False,False,False,False,EybWZ1M6sww
98,9,10.0,0.0,0,0,0,False,0.09183673469387756,True,2,0,0.0,0.0,1.0,0.0,-12.784999999999997,False,False,False,False,False,False,False,False,IvDf9Tam-uQ
98,9,10.0,0.0,0,0,0,False,0.09183673469387756,True,2,0,0.0,0.0,1.0,0.0,-12.784999999999997,False,False,False,False,False,False,False,False,l7GIfbovOM0
98,9,10.0,0.0,0,0,0,False,0.09183673469387756,True,2,0,0.0,0.0,1.0,0.0,-12.784999999999997,False,False,False,False,False,False,False,False,PQFZpjXSlrY
98,9,10.0,0.0,0,0,0,False,0.09183673469387756,True,2,0,0.0,0.0,1.0,0.0,-12.784999999999997,False,False,False,False,False,False,False,False,B_VfIGXA01c
98,9,10.0,0.0,0,0,0,False,0.09183673469387756,True,2,0,0.0,0.0,1.0,0.0,-12.784999999999997,False,False,False,False,False,False,False,False,KakGXYDL4Lw
95,15,5.333333333333333,0.014285714285714285,0,0,0,False,0.10526315789473684,False,0,0,0.385,0.0,0.615,0.7579,-2.7450000000000045,False,False,False,False,False,False,False,False,SerUqITRJEg
98,9,10.0,0.0,0,0,0,False,0.09183673469387756,True,2,0,0.0,0.0,1.0,0.0,-12.784999999999997,False,False,False,False,False,False,False,False,0YUrQhIMXbk
98,9,10.0,0.0,0,0,0,False,0.09183673469387756,True,2,0,0.0,0.0,1.0,0.0,-12.784999999999997,False,False,False,False,False,False,False,False,nJrSPTK7NIc
98,9,10.0,0.0,0,0,0,False,0.09183673469387756,True,2,0,0.0,0.0,1.0,0.0,-12.784999999999997,False,False,False,False,False,False,False,False,LgHx-oIKogM
98,9,10.0,0.0,0,0,0,False,0.09183673469387756,True,2,0,0.0,0.0,1.0,0.0,-12.784999999999997,False,False,False,False,False,False,False,False,OO8tcRl8Lk8
98,9,10.0,0.0,0,0,0,False,0.09183673469387756,True,2,0,0.0,0.0,1.0,0.0,-12.784999999999997,False,False,False,False,False,False,False,False,YlQRazrMFTk
98,9,10.0,0.0,0,0,0,False,0.09183673469387756,True,2,0,0.0,0.0,1.0,0.0,-12.784999999999997,False,False,False,False,False,False,False,False,tEYzCQ4v0NA
98,9,10.0,0.0,0,0,0,False,0.09183673469387756,True,2,0,0.0,0.0,1.0,0.0,-12.784999999999997,False,False,False,False,False,False,False,False,AB7JdB7tOtE
98,9,10.0,0.0,0,0,0,False,0.09183673469387756,True,2,0,0.0,0.0,1.0,0.0,-12.784999999999997,False,False,False,False,False,False,False,False,rsMTVHDFWSg
98,9,10.0,0.0,0,0,0,False,0.09183673469387756,True,2,0,0.0,0.0,1.0,0.0,-12.784999999999997,False,False,False,False,False,False,False,False,TZXj3BuMz7g
98,9,10.0,0.0,0,0,0,False,0.09183673469387756,True,2,0,0.0,0.0,1.0,0.0,-12.784999999999997,False,False,False,False,False,False,False,False,oqCB6DA8LYU
98,9,10.0,0.0,0,0,0,False,0.09183673469387756,True,2,0,0.0,0.0,1.0,0.0,-12.784999999999997,False,False,False,False,False,False,False,False,U6hvqv8EL-8
98,9,10.0,0.0,0,0,0,False,0.09183673469387756,True,2,0,0.0,0.0,1.0,0.0,-12.784999999999997,False,False,False,False,False,False,False,False,x6Gk5ewROos
92,8,10.5,0.0,0,0,0,False,0.17391304347826086,False,0,0,0.0,0.0,1.0,0.0,-17.812857142857126,False,False,False,False,False,False,False,False,OFly05GFL7U
98,9,10.0,0.0,0,0,0,False,0.09183673469387756,True,2,0,0.0,0.0,1.0,0.0,-12.784999999999997,False,False,False,False,False,False,False,False,MlIpKKRm-Ww
98,9,10.0,0.0,0,0,0,False,0.09183673469387756,True,2,0,0.0,0.0,1.0,0.0,-12.784999999999997,False,False,False,False,False,False,False,False,M-FbknHknTk
98,9,10.0,0.0,0,0,0,False,0.09183673469387756,True,2,0,0.0,0.0,1.0,0.0,-12.784999999999997,False,False,False,False,False,False,False,False,QkCRtAcNxHU
98,9,10.0,0.0,0,0,0,False,0.09183673469387756,True,2,0,0.0,0.0,1.0,0.0,-12.784999999999997,False,False,False,False,False,False,False,False,0tlrcnfwZvk
98,9,10.0,0.0,0,0,0,False,0.09183673469387756,True,2,0,0.0,0.0,1.0,0.0,-12.784999999999997,False,False,False,False,False,False,False,False,tUum82jbL54
98,9,10.0,0.0,0,0,0,False,0.09183673469387756,True,2,0,0.0,0.0,1.0,0.0,-12.784999999999997,False,False,False,False,False,False,False,False,DSqAD48z07w
98,9,10.0,0.0,0,0,0,False,0.09183673469387756,True,2,0,0.0,0.0,1.0,0.0,-12.784999999999997,False,False,False,False,False,False,False,False,Ck2BFJAsxAc
98,9,10.0,0.0,0,0,0,False,0.09183673469387756,True,2,0,0.0,0.0,1.0,0.0,-12.784999999999997,False,False,False,False,False,False,False,False,mMK6iShTEtQ
98,9,10.0,0.0,0,0,0,False,0.09183673469387756,True,2,0,0.0,0.0,1.0,0.0,-12.784999999999997,False,False,False,False,False,False,False,False,Lftrww6vPLQ
98,9,10.0,0.0,0,0,0,False,0.09183673469387756,True,2,0,0.0,0.0,1.0,0.0,-12.784999999999997,False,False,False,False,False,False,False,False,Ro852feF6dA
98,9,10.0,0.0,0,0,0,False,0.09183673469387756,True,2,0,0.0,0.0,1.0,0.0,-12.784999999999997,False,False,False,False,False,False,False,False,q6ddqPeInKE
98,9,10.0,0.0,0,0,0,False,0.09183673469387756,True,2,0,0.0,0.0,1.0,0.0,-12.784999999999997,False,False,False,False,False,False,False,False,ynyzDbS6olo
98,9,10.0,0.0,0,0,0,False,0.09183673469387756,True,2,0,0.0,0.0,1.0,0.0,-12.784999999999997,False,False,False,False,False,False,False,False,-pRpTOE5rFA
98,9,10.0,0.0,0,0,0,False,0.09183673469387756,True,2,0,0.0,0.0,1.0,0.0,-12.784999999999997,False,False,False,False,False,False,False,False,r2acAlc5Pjk
100,8,11.625,0.02564102564102564,0,0,0,False,0.07,True,2,0,0.0,0.0,1.0,0.0,-78.24142857142851,False,False,False,False,False,False,False,False,5PPqVPoydyk
100,8,11.625,0.02564102564102564,0,0,0,False,0.07,True,2,0,0.0,0.0,1.0,0.0,-78.24142857142851,False,False,False,False,False,False,False,False,bMlakEET9z4
100,8,11.625,0.02564102564102564,0,0,0,False,0.07,True,2,0,0.0,0.0,1.0,0.0,-78.24142857142851,False,False,False,False,False,False,False,False,rApZYGAs-C4
100,14,6.214285714285714,0.07228915662650602,0,0,0,False,0.04,False,0,0,0.198,0.0,0.802,0.4939,17.382142857142867,False,False,False,False,True,True,False,False,ShQe79FlaeM
82,10,7.3,0.1,0,0,0,False,0.036585365853658534,False,0,0,0.412,0.0,0.588,0.6808,2.105000000000018,False,False,False,False,True,False,False,False,_Jh-609MNVg
100,14,6.214285714285714,0.09876543209876543,0,0,0,False,0.06,False,0,1,0.0,0.0,1.0,0.0,29.467857142857156,False,False,False,False,True,True,False,False,6_1hBKDC1q0
83,13,5.461538461538462,0.15942028985507245,0,0,0,False,0.024096385542168676,False,0,1,0.176,0.0,0.824,0.4588,56.97846153846157,False,False,False,False,False,True,False,False,5QBlQl0tCbg
95,10,8.6,0.0975609756097561,0,0,0,False,0.042105263157894736,False,0,0,0.0,0.0,1.0,0.0,-23.274999999999977,False,False,False,False,True,False,False,False,m6qBBJl72bA
99,16,5.25,0.08536585365853659,0,0,0,False,0.020202020202020204,False,0,0,0.176,0.0,0.824,0.4939,42.545000000000016,False,False,False,False,True,False,True,False,kcHDTz2xWOc
84,11,6.7272727272727275,0.04225352112676056,0,0,0,False,0.03571428571428571,False,0,0,0.206,0.0,0.794,0.3818,26.470000000000027,False,False,False,False,True,True,False,False,r-RGdljYuoA
73,10,6.4,0.0847457627118644,0,0,0,False,0.0684931506849315,False,0,0,0.0,0.0,1.0,0.0,9.700000000000017,False,False,False,False,True,False,False,False,cWexjaS2T-g
73,12,5.166666666666667,0.05,0,0,0,False,0.0273972602739726,False,0,0,0.236,0.0,0.764,0.5256,60.70500000000001,False,False,False,False,True,False,True,False,9XBGD2s6HrI
95,15,5.4,0.11392405063291139,0,0,0,False,0.021052631578947368,False,0,0,0.0,0.0,1.0,0.0,35.5107142857143,False,False,False,False,False,False,False,False,BSeRG2IU-Ec
82,9,8.222222222222221,0.08571428571428572,0,0,0,False,0.04878048780487805,False,0,0,0.0,0.0,1.0,0.0,-37.299999999999955,False,False,False,False,True,False,False,False,ECLipf-vCJY
84,12,6.083333333333333,0.1,0,0,0,False,0.03571428571428571,False,0,0,0.247,0.0,0.753,0.5574,18.77909090909094,False,False,False,False,True,False,False,False,0sjJsATjPt8
88,16,4.5625,0.08571428571428572,0,0,1,False,0.03409090909090909,False,0,0,0.162,0.0,0.838,0.4404,75.14250000000001,False,False,False,False,True,False,True,False,P4hD0K_1GCg
97,11,7.909090909090909,0.07142857142857142,0,0,0,False,0.030927835051546393,False,0,0,0.237,0.0,0.763,0.4767,-27.366363636363587,False,False,False,False,True,False,False,False,M_w4vUuKdWA
98,17,4.823529411764706,0.08974358974358974,0,0,0,False,0.02040816326530612,True,2,0,0.0,0.0,1.0,0.0,68.9825,False,False,False,False,False,True,False,False,sQ4B1GuGFao
95,12,7.0,0.0625,0,0,0,False,0.042105263157894736,False,0,0,0.0,0.0,1.0,0.0,46.60500000000002,False,False,False,False,True,False,False,False,Ku41mVOTn84
100,14,6.214285714285714,0.07142857142857142,0,0,0,False,0.03,False,0,0,0.0,0.0,1.0,0.0,29.467857142857156,False,False,False,False,True,True,False,False,6j8gMyUv9H4
99,13,6.6923076923076925,0.10714285714285714,0,0,0,False,0.020202020202020204,True,1,0,0.205,0.0,0.795,0.4767,37.455384615384645,False,False,False,False,True,True,True,False,p0vGaKJ1l_c
92,9,9.333333333333334,0.06666666666666667,0,0,0,False,0.05434782608695652,True,2,0,0.0,0.0,1.0,0.0,-46.69999999999996,False,False,False,False,True,True,False,False,CbjOJgJiE00
96,16,5.0,0.05128205128205128,0,0,0,False,0.020833333333333332,False,0,0,0.0,0.0,1.0,0.0,63.69500000000001,False,False,False,False,False,False,False,False,CSCVcup9sBk
99,12,7.333333333333333,0.09411764705882353,0,0,0,False,0.030303030303030304,False,0,0,0.324,0.0,0.676,0.5859,-9.794999999999959,False,False,False,False,True,False,False,False,xmntmXl-LlM
99,14,6.071428571428571,0.10975609756097561,0,0,0,False,0.030303030303030304,False,0,0,0.0,0.0,1.0,0.0,35.5107142857143,False,False,False,False,False,False,True,False,qNW-mu3keiw
63,8,6.875,0.09433962264150944,0,0,0,False,0.031746031746031744,False,0,0,0.0,0.0,1.0,0.0,-23.359999999999985,False,False,False,False,True,False,False,False,brCMocSuYAM
82,11,6.454545454545454,0.08823529411764706,0,0,0,False,0.036585365853658534,False,0,0,0.0,0.0,1.0,0.0,3.3972727272727354,False,False,False,False,True,False,False,True,qtnorqXN91I
100,14,6.214285714285714,0.08433734939759036,0,0,0,True,0.04,False,0,0,0.222,0.0,0.778,0.5719,65.72500000000001,False,False,False,False,False,False,False,False,3TrFvaM4S4M
97,17,4.764705882352941,0.09090909090909091,0,0,0,False,0.030927835051546393,True,1,0,0.0,0.0,1.0,0.0,85.07411764705884,False,False,False,False,False,False,False,False,5IHbhfpDoLM
90,16,4.6875,0.11594202898550725,0,0,0,False,0.022222222222222223,True,1,0,0.198,0.0,0.802,0.5719,63.69500000000001,False,False,False,False,True,False,False,False,sWvS46ySOAA
85,11,6.818181818181818,0.07042253521126761,1,0,0,False,0.047058823529411764,False,0,0,0.0,0.206,0.794,-0.3818,26.470000000000027,False,False,False,True,True,False,False,False,UPb4NkjEMvM
100,18,4.611111111111111,0.0641025641025641,0,0,0,True,0.05,False,0,0,0.219,0.0,0.781,0.5413,65.16823529411766,False,False,False,True,False,True,False,False,WSvCQkDxgqU
94,11,7.545454545454546,0.0641025641025641,0,0,0,False,0.05319148936170213,False,0,0,0.213,0.0,0.787,0.4019,34.160909090909115,False,False,False,False,True,False,False,False,OTT4VvI2SO0
77,8,8.625,0.06451612903225806,0,0,0,False,0.03896103896103896,True,2,0,0.0,0.0,1.0,0.0,-2.2099999999999795,False,False,False,False,True,True,False,False,dwO_ay7MDk0
89,11,7.090909090909091,0.12,0,0,0,False,0.033707865168539325,False,0,0,0.0,0.0,1.0,0.0,34.160909090909115,False,False,False,False,True,True,False,False,LreVbd-5k-A
97,15,5.466666666666667,0.11538461538461539,0,0,0,False,0.041237113402061855,False,0,0,0.0,0.0,1.0,0.0,61.890000000000015,False,False,False,False,True,False,False,False,z4WadWGofN8
94,12,6.916666666666667,0.14473684210526316,1,0,0,False,0.06382978723404255,True,1,0,0.203,0.0,0.797,0.4215,39.55500000000001,False,False,False,False,True,False,True,False,zHESMMsHxyY
97,15,5.466666666666667,0.07894736842105263,0,0,0,False,0.05154639175257732,True,1,0,0.0,0.0,1.0,0.0,39.33000000000001,False,False,False,False,True,False,False,False,6kOKqhUsBpM
95,13,6.3076923076923075,0.09210526315789473,0,0,0,False,0.06315789473684211,False,0,1,0.277,0.0,0.723,0.5574,39.55500000000001,False,False,True,False,True,False,True,False,hffWMj_FuH4
93,12,6.666666666666667,0.07894736842105263,0,0,0,False,0.043010752688172046,False,0,0,0.0,0.0,1.0,0.0,11.355000000000018,False,False,False,False,True,False,False,False,uQF5kEDwdiE
94,19,3.9473684210526314,0.10606060606060606,0,0,0,False,0.0425531914893617,True,4,0,0.0,0.0,1.0,0.0,80.20000000000003,False,False,False,False,True,True,True,False,GF3oZC7UANI
93,11,7.454545454545454,0.025974025974025976,0,0,0,False,0.053763440860215055,False,0,0,0.392,0.0,0.608,0.7003,18.77909090909094,False,False,False,False,False,False,False,False,VLttnEsLbrk
90,10,8.0,0.05263157894736842,0,0,0,False,0.044444444444444446,False,0,0,0.568,0.0,0.432,0.8481,2.105000000000018,False,False,False,False,True,False,False,False,vUpfR55oY4s
100,15,5.666666666666667,0.09876543209876543,0,0,0,False,0.04,False,0,1,0.0,0.0,1.0,0.0,61.890000000000015,False,False,False,False,True,False,False,False,u0DnwD6DPm4
88,12,6.333333333333333,0.1232876712328767,1,0,0,False,0.03409090909090909,False,0,0,0.401,0.0,0.599,0.7717,39.55500000000001,False,False,False,False,True,False,False,False,iKTpRtbqqow
93,13,6.230769230769231,0.02631578947368421,0,0,0,False,0.053763440860215055,False,0,0,0.345,0.0,0.655,0.7003,32.504999999999995,False,False,False,False,True,False,False,False,fjFTSJnH9r8
100,14,6.214285714285714,0.0547945205479452,0,0,0,False,0.06,True,2,1,0.0,0.0,1.0,0.0,41.553571428571445,False,False,False,False,True,False,False,False,kMvAspvMKhk
100,12,7.416666666666667,0.13793103448275862,0,0,0,False,0.02,False,0,1,0.252,0.0,0.748,0.5719,4.305000000000007,False,False,False,False,False,False,False,False,tXe_d6jXiAU
100,17,4.9411764705882355,0.0975609756097561,0,0,0,False,0.02,False,0,0,0.0,0.0,1.0,0.0,63.69500000000001,False,False,False,False,False,False,False,False,9LgAb861btA
91,15,5.0,0.1,1,0,0,False,0.01098901098901099,True,1,0,0.0,0.119,0.881,-0.2235,84.45000000000003,False,False,False,False,False,False,False,False,oAMLSOqpvOg
96,17,4.705882352941177,0.10126582278481013,1,0,0,False,0.010416666666666666,False,0,0,0.0,0.0,1.0,0.0,55.21529411764709,False,False,False,False,True,True,False,False,0i2DyA6cLUo
95,12,6.916666666666667,0.07692307692307693,0,0,0,False,0.031578947368421054,True,2,0,0.419,0.0,0.581,0.802,11.355000000000018,False,False,False,False,False,True,False,False,3X6-cLgZ0W4
100,15,5.666666666666667,0.08536585365853659,0,0,0,False,0.03,False,0,0,0.0,0.0,1.0,0.0,53.639285714285734,False,False,False,False,True,False,False,False,_Vy_-1l2cpo
22,2,10.5,1.0,2,1,0,False,0.09090909090909091,False,0,1,0.0,0.604,0.396,-0.7263,-6.694999999999993,False,False,False,False,False,False,False,False,4iu35GGT7MU
36,6,5.166666666666667,1.0,6,0,0,False,0.05555555555555555,False,0,1,0.0,0.189,0.811,-0.2732,73.84500000000001,False,False,False,False,False,False,False,False,_zEIpOcIpcM
27,6,3.6666666666666665,1.0,5,0,0,False,0.07407407407407407,False,0,1,0.0,0.394,0.606,-0.6369,100.24000000000002,False,False,False,False,False,False,False,False,zf3C0CKWOWo
24,4,5.0,1.0,4,0,0,False,0.0,False,0,0,0.0,0.0,1.0,0.0,54.72500000000002,False,False,False,False,False,False,False,False,JJLGq6NaDxg
40,8,4.125,1.0,8,0,0,False,0.0,False,0,0,0.0,0.0,1.0,0.0,61.24000000000001,False,False,False,False,False,False,False,False,48K8gvJyYnQ
33,6,4.666666666666667,1.0,6,0,0,False,0.09090909090909091,False,0,1,0.246,0.321,0.433,-0.2656,87.94500000000002,False,False,False,False,False,False,False,False,zglDKX7K4ME
28,4,6.25,1.0,3,0,0,False,0.07142857142857142,False,0,1,0.0,0.464,0.536,-0.6369,-21.809999999999945,False,False,False,False,False,False,False,False,4FXMerxFztg
32,5,5.6,1.0,5,0,0,False,0.0625,False,0,1,0.0,0.394,0.606,-0.6369,100.24000000000002,False,False,False,False,False,True,False,False,UglAkQF9kPQ
34,6,4.833333333333333,1.0,5,0,0,False,0.08823529411764706,False,0,1,0.0,0.458,0.542,-0.8519,66.40000000000003,False,False,False,False,False,False,False,False,je-CIpPoQ6A
41,7,5.0,1.0,7,0,0,False,0.024390243902439025,False,0,1,0.0,0.0,1.0,0.0,78.87285714285717,False,False,False,False,False,False,False,False,rzJxG5tlABs
22,3,6.666666666666667,1.0,3,1,0,False,0.13636363636363635,False,0,1,0.0,0.478,0.522,-0.6696,34.59000000000003,False,False,False,False,False,False,False,False,gvZT5M90fL8
18,3,5.333333333333333,1.0,3,0,0,False,0.1111111111111111,False,0,1,0.0,0.47,0.53,-0.7351,62.79000000000002,False,False,False,False,False,False,False,False,Q1yIBia-4Ho
28,3,8.666666666666666,1.0,3,1,0,False,0.03571428571428571,False,0,0,0.0,0.0,1.0,0.0,62.79000000000002,False,False,False,False,False,False,False,False,gtmpDph-ti4
39,8,4.0,1.0,8,1,0,False,0.02564102564102564,False,0,0,0.0,0.0,1.0,0.0,71.81500000000001,False,False,False,False,False,False,False,False,sGPMP6ji-Bs
29,5,5.0,1.0,5,0,0,False,0.034482758620689655,False,0,1,0.0,0.259,0.741,-0.2732,100.24000000000002,False,False,False,False,False,False,False,False,5R73bzlX1NE
29,4,6.5,1.0,4,0,0,False,0.13793103448275862,False,0,1,0.0,0.0,1.0,0.0,75.87500000000001,False,False,False,False,False,False,False,False,PzWEKJFaYQs
35,5,6.2,1.0,5,0,0,False,0.05714285714285714,False,0,1,0.125,0.202,0.673,-0.2023,66.40000000000003,False,False,False,False,False,False,False,False,PbguDi_YDRA
30,6,4.166666666666667,1.0,6,0,0,False,0.03333333333333333,False,0,1,0.31,0.179,0.511,0.368,87.94500000000002,False,False,False,False,False,False,False,False,jYOJ04eFir8
22,3,6.666666666666667,1.0,3,0,0,False,0.09090909090909091,False,0,1,0.0,0.47,0.53,-0.7351,62.79000000000002,False,False,False,False,False,False,False,False,Oo2bjSNsz78
21,3,6.333333333333333,1.0,3,0,0,False,0.14285714285714285,False,0,1,0.0,0.508,0.492,-0.8519,34.59000000000003,False,False,False,False,False,False,False,False,Ik-hQabTQSI
26,5,4.4,1.0,4,0,0,False,0.11538461538461539,False,0,1,0.0,0.482,0.518,-0.8519,97.025,False,False,False,False,False,False,False,False,ykT-XRfKVS4
37,5,6.6,1.0,5,0,0,False,0.08108108108108109,False,0,1,0.0,0.458,0.542,-0.8519,32.56000000000003,False,False,False,False,False,False,False,False,XnK-LphCYLI
25,2,11.5,1.0,2,0,0,False,0.16,False,0,1,0.0,0.0,1.0,0.0,-91.29499999999996,False,False,False,False,False,False,False,False,Jelp6rMB_Ao
27,6,3.6666666666666665,1.0,6,0,0,False,0.037037037037037035,False,0,1,0.0,0.0,1.0,0.0,102.045,False,False,False,False,False,False,False,False,ePfCfCN0wzQ
53,11,3.8181818181818183,1.0,11,0,0,False,0.018867924528301886,False,0,1,0.0,0.0,1.0,0.0,80.30636363636367,False,False,False,False,False,False,False,False,BL_hao18bHE
36,6,5.166666666666667,1.0,6,1,0,False,0.027777777777777776,False,0,0,0.0,0.0,1.0,0.0,76.89000000000003,False,False,False,False,False,False,False,False,AEUd5RqNisk
30,6,4.166666666666667,1.0,5,0,0,False,0.06666666666666667,False,0,1,0.0,0.408,0.592,-0.7351,66.40000000000003,False,False,False,False,True,False,False,False,A4ErcfsG6LI
36,6,5.166666666666667,1.0,6,0,0,False,0.05555555555555555,False,0,1,0.166,0.183,0.651,-0.0772,87.94500000000002,False,False,False,False,False,False,False,False,yU4vCH47Jtg
29,5,5.0,1.0,4,0,0,False,0.06896551724137931,False,0,1,0.0,0.0,1.0,0.0,118.17500000000001,False,False,False,False,False,False,False,False,bDydBb82px8
11,2,5.0,1.0,1,0,0,False,0.36363636363636365,False,0,1,0.0,0.0,1.0,0.0,36.62000000000003,False,False,False,False,False,False,False,False,-vY9PyDAJmU
12,3,3.0,0.8571428571428571,1,0,0,False,0.16666666666666666,False,0,1,0.0,0.72,0.28,-0.6289,77.90500000000002,False,False,False,False,False,False,False,False,rbwsBt0nMnI
22,3,6.666666666666667,1.0,3,0,0,False,0.045454545454545456,False,0,1,0.0,0.344,0.656,-0.2732,62.79000000000002,False,False,False,False,False,False,False,False,OjSIkPjs5rg
18,2,8.5,1.0,2,0,0,False,0.16666666666666666,False,0,1,0.0,0.538,0.462,-0.8519,35.60500000000002,False,False,False,False,False,False,False,False,0oPLf0PClh8
28,3,8.333333333333334,1.0,3,0,0,False,0.14285714285714285,False,0,1,0.0,0.0,1.0,0.0,62.79000000000002,False,False,False,False,False,False,False,False,pI6C7JR7dJI
7,2,3.0,1.0,1,0,0,False,0.14285714285714285,False,0,1,0.312,0.512,0.176,-0.3109,36.62000000000003,False,False,False,False,False,False,False,False,f2BgfQ0uChY
29,4,6.5,1.0,4,0,0,False,0.20689655172413793,False,0,2,0.0,0.426,0.574,-0.6369,54.72500000000002,False,False,False,False,False,False,False,False,SxuBhvuUP7c
24,5,4.0,1.0,4,0,0,False,0.08333333333333333,False,0,2,0.0,0.307,0.693,-0.4767,54.72500000000002,False,False,False,True,False,False,False,False,ZtZ5pfgH_0Q
45,9,4.111111111111111,1.0,9,0,0,False,0.044444444444444446,False,0,1,0.0,0.321,0.679,-0.6369,94.30000000000001,False,False,False,False,False,False,False,False,fge6tZFFcKM
32,5,5.6,1.0,5,0,0,False,0.0625,False,0,1,0.23,0.378,0.391,-0.3109,49.48000000000002,False,False,False,False,False,False,False,False,lFdMH5gzWrA
19,2,9.0,1.0,2,0,0,False,0.15789473684210525,False,0,1,0.0,0.512,0.488,-0.4939,-6.694999999999993,False,False,False,False,False,False,False,False,33WxZBlovE4
10,3,2.6666666666666665,1.0,2,0,0,False,0.1,False,0,1,0.486,0.0,0.514,0.4278,120.20500000000001,False,False,False,False,False,False,False,False,uJphGla3Wt0
31,5,5.4,1.0,4,0,0,False,0.12903225806451613,False,0,1,0.0,0.0,1.0,0.0,12.425000000000011,False,False,False,False,False,False,True,False,5t7_xXxgddU
29,5,5.0,1.0,4,0,0,False,0.06896551724137931,False,0,2,0.368,0.35,0.282,0.0857,12.425000000000011,False,False,False,True,False,False,False,False,wt4yVv42w18
10,2,4.5,1.0,2,0,0,False,0.3,False,0,1,0.0,0.538,0.462,-0.8519,77.90500000000002,False,False,False,False,False,False,False,False,kMwEbhXYRFo
15,3,4.333333333333333,1.0,2,0,0,False,0.06666666666666667,False,0,1,0.0,0.412,0.588,-0.2732,77.90500000000002,False,False,False,False,False,False,False,False,wX00bmQr_9E
18,3,5.333333333333333,1.0,2,0,0,False,0.05555555555555555,False,0,1,0.0,0.412,0.588,-0.2732,77.90500000000002,False,False,False,False,False,False,False,False,_tdQi3jv1V0
26,4,5.75,1.0,4,0,0,False,0.038461538461538464,False,0,1,0.0,0.492,0.508,-0.7003,54.72500000000002,False,False,False,False,False,False,False,False,XCVbr1huQew
23,3,6.666666666666667,1.0,2,0,0,False,0.08695652173913043,False,0,2,0.0,0.383,0.617,-0.4767,-48.994999999999976,False,False,True,False,False,False,False,False,p0zYFEgvBSw
28,5,4.8,1.0,5,0,0,False,0.03571428571428571,False,0,1,0.0,0.259,0.741,-0.2732,83.32000000000004,False,False,False,False,False,False,False,False,NcgS3zxggjE
9,2,4.0,1.0,1,0,0,False,0.4444444444444444,False,0,1,0.0,0.579,0.421,-0.9081,121.22000000000003,False,False,False,False,False,False,False,False,c8Donpnh-uw
53,10,4.4,1.0,9,0,0,True,0.07547169811320754,False,0,1,0.215,0.107,0.678,0.4404,75.50000000000003,False,False,False,False,True,False,False,False,mZrIxXNlK9M
51,10,4.2,1.0,9,0,0,False,0.0196078431372549,False,0,0,0.299,0.0,0.701,0.5904,94.30000000000001,False,False,False,False,False,False,False,False,w_GlkfcueLo
55,11,4.090909090909091,1.0,11,0,0,False,0.0,False,0,0,0.0,0.138,0.862,-0.1531,72.61545454545457,False,False,False,False,False,False,False,False,s6M8djQxOEY
39,6,5.666666666666667,1.0,6,0,0,False,0.0,False,0,0,0.0,0.0,1.0,0.0,31.545000000000016,False,False,False,True,False,False,False,False,BFSIYWxHyH0
78,14,4.642857142857143,1.0,13,0,0,False,0.01282051282051282,False,0,0,0.209,0.0,0.791,0.5319,69.99384615384618,False,False,False,False,True,False,False,False,RLW8f9LP_3A
32,7,3.7142857142857144,1.0,6,0,0,False,0.03125,False,0,0,0.0,0.0,1.0,0.0,31.545000000000016,False,False,False,True,False,False,False,False,_ziEjW0UjSQ
49,11,3.5454545454545454,1.0,9,0,0,False,0.04081632653061224,False,0,0,0.0,0.0,1.0,0.0,94.30000000000001,False,False,False,False,False,False,False,False,XREBQImHBTo
71,15,3.8,1.0,12,0,0,False,0.04225352112676056,False,0,1,0.148,0.0,0.852,0.3818,81.85500000000002,False,False,False,False,False,False,False,False,40UpIkhBgRw
63,11,4.818181818181818,1.0,9,0,0,False,0.031746031746031744,False,0,0,0.0,0.0,1.0,0.0,47.30000000000004,False,False,False,False,False,False,True,False,eAndKm_WqRo
58,10,4.9,1.0,9,0,0,False,0.017241379310344827,False,0,0,0.576,0.0,0.424,0.859,75.50000000000003,False,False,False,False,False,False,False,False,lDGL4oso_Hg
59,11,4.454545454545454,1.0,10,0,0,False,0.01694915254237288,False,0,0,0.0,0.261,0.739,-0.5473,86.70500000000001,False,False,False,False,False,False,False,False,hy0E2cMFqds
52,8,5.625,1.0,7,0,0,False,0.019230769230769232,False,0,0,0.388,0.0,0.612,0.6633,6.35857142857148,False,False,False,False,False,False,False,False,g7Pm76EdkX4
45,8,4.75,1.0,7,0,0,False,0.022222222222222223,False,0,0,0.329,0.0,0.671,0.5319,54.70142857142861,False,False,False,False,False,False,False,False,vmaBhYPhjuQ
40,8,4.125,1.0,7,0,0,False,0.025,False,0,0,0.0,0.0,1.0,0.0,78.87285714285717,False,False,False,False,True,False,False,False,WnuDpPFWqC8
36,7,4.285714285714286,1.0,6,1,0,False,0.027777777777777776,False,0,0,0.0,0.0,1.0,0.0,73.84500000000001,False,False,False,False,False,False,False,False,UnWILV1RqMc
43,10,3.4,1.0,9,0,1,False,0.023255813953488372,False,0,0,0.0,0.0,1.0,0.0,94.30000000000001,False,False,False,False,False,False,False,False,gVSgNmYvlsY
54,11,4.0,1.0,10,1,0,False,0.018518518518518517,False,0,0,0.0,0.0,1.0,0.0,86.70500000000001,False,False,False,False,False,False,False,False,hhfc4HD9wn0
39,6,5.666666666666667,1.0,6,0,0,True,0.10256410256410256,False,0,1,0.0,0.0,1.0,0.0,31.545000000000016,False,False,False,False,False,False,False,False,2l-_5DdQUyA
46,9,4.222222222222222,1.0,8,1,0,True,0.06521739130434782,False,0,1,0.0,0.0,1.0,0.0,92.965,False,False,False,False,False,False,False,False,Trrh05guYd4
44,10,3.5,1.0,8,2,0,False,0.06818181818181818,False,0,0,0.309,0.0,0.691,0.6145,92.965,False,False,False,False,False,False,False,False,JSdHBSmnQS4
67,13,4.230769230769231,1.0,11,0,0,False,0.029850746268656716,False,0,0,0.0,0.0,1.0,0.0,64.9245454545455,False,False,False,False,False,False,True,False,IaKHB73TwiE
58,11,4.363636363636363,1.0,10,0,0,False,0.017241379310344827,False,0,1,0.0,0.0,1.0,0.0,78.24500000000002,False,False,False,False,False,False,False,False,WQIgktzb5jQ
51,11,3.727272727272727,1.0,10,0,0,True,0.0784313725490196,False,0,0,0.0,0.0,1.0,0.0,61.32500000000002,False,False,False,False,False,False,False,False,ihg_z5acEzU
36,8,3.625,1.0,7,1,0,False,0.05555555555555555,False,0,1,0.0,0.404,0.596,-0.7263,78.87285714285717,False,False,False,False,False,True,False,False,18QUsjwIMgE
53,13,3.1538461538461537,1.0,12,0,0,False,0.018867924528301886,False,0,1,0.0,0.0,1.0,0.0,110.055,False,False,False,False,False,False,False,False,aHtUfJv8iuk
48,10,3.9,1.0,10,0,0,True,0.041666666666666664,False,0,1,0.0,0.448,0.552,-0.8374,86.70500000000001,False,False,False,False,False,False,False,False,us0-pLh5veg
39,9,3.4444444444444446,1.0,7,1,1,False,0.10256410256410256,False,0,1,0.421,0.0,0.579,0.8663,90.95857142857145,False,False,False,False,False,False,False,False,8XQL62xYUtM
53,10,4.4,1.0,9,0,2,False,0.05660377358490566,False,0,1,0.0,0.359,0.641,-0.7319,61.26750000000001,False,False,False,False,False,False,False,False,Bga1n-rjPNE
44,9,4.0,1.0,7,0,0,False,0.045454545454545456,False,0,1,0.339,0.0,0.661,0.6841,66.7871428571429,False,False,False,False,False,True,False,False,YBybS8ZPD3g
40,6,5.833333333333333,1.0,6,0,0,True,0.1,False,0,1,0.0,0.0,1.0,0.0,45.64500000000001,False,False,False,False,True,False,False,False,H_v2xmBccJc
49,8,5.25,1.0,8,1,0,False,0.04081632653061224,False,0,0,0.701,0.0,0.299,0.9336,54.72500000000002,False,False,False,False,False,True,False,False,UVD8H3Rpzgo
51,11,3.727272727272727,1.0,10,0,0,False,0.0196078431372549,False,0,0,0.0,0.0,1.0,0.0,61.32500000000002,False,False,False,False,False,False,False,False,1ZekKLQxgXw
37,7,4.428571428571429,1.0,6,0,0,False,0.05405405405405406,False,0,1,0.0,0.362,0.638,-0.6874,73.84500000000001,False,False,False,False,False,False,False,False,pAUcuG7tDFs
49,12,3.1666666666666665,1.0,10,0,0,False,0.04081632653061224,False,0,1,0.0,0.179,0.821,-0.34,112.08500000000001,False,False,False,False,False,False,False,False,UeYrsv4llgI
48,10,3.9,1.0,8,0,0,False,0.041666666666666664,False,0,1,0.151,0.201,0.648,-0.1943,71.81500000000001,False,False,False,True,True,False,False,False,47EepDenOy8
66,13,4.153846153846154,1.0,11,0,0,True,0.07575757575757576,False,0,1,0.0,0.413,0.587,-0.8455,80.30636363636367,False,False,False,False,False,False,False,False,zRUauAE93Ow
59,10,5.0,1.0,9,0,0,True,0.06779661016949153,False,0,1,0.151,0.201,0.648,-0.1943,47.30000000000004,False,False,False,True,True,False,True,False,bSvmew1KkP0
69,14,4.0,1.0,13,1,1,True,0.08695652173913043,False,0,0,0.0,0.0,1.0,0.0,76.59134615384617,False,False,False,False,False,False,False,False,ssMQI_b8fbA
51,10,4.2,1.0,9,0,0,False,0.0196078431372549,False,0,0,0.0,0.0,1.0,0.0,75.50000000000003,False,False,False,False,False,False,False,False,dGuM4QG_Ua8
52,8,5.625,1.0,7,0,0,False,0.019230769230769232,False,0,0,0.329,0.0,0.671,0.5319,6.35857142857148,False,False,False,False,False,False,False,False,5wt42SpohOA
45,10,3.6,1.0,8,0,0,False,0.044444444444444446,False,0,2,0.147,0.294,0.558,-0.4404,82.39000000000001,False,False,False,False,False,False,False,False,JFGVzuHxYbY
61,11,4.636363636363637,1.0,10,0,0,False,0.03278688524590164,False,0,1,0.167,0.0,0.833,0.3818,35.94500000000002,False,False,False,False,False,False,False,False,XFM-cMw1y0M
53,11,3.909090909090909,1.0,10,0,0,False,0.018867924528301886,False,0,1,0.167,0.183,0.65,-0.0688,86.70500000000001,False,False,True,False,False,False,False,False,djNo_lGshBY
76,16,3.8125,1.0,13,2,0,False,0.06578947368421052,False,0,1,0.269,0.125,0.606,0.5499,69.99384615384618,False,False,True,False,False,False,True,False,Hn7uYotDJ3U
51,10,4.2,1.0,8,1,0,True,0.11764705882352941,False,0,1,0.478,0.0,0.522,0.8767,71.81500000000001,False,False,False,False,False,True,False,True,YVQeGahrQoc
35,7,4.142857142857143,1.0,6,0,0,False,0.02857142857142857,False,0,1,0.0,0.42,0.58,-0.7003,102.045,False,False,False,False,False,False,False,False,1QpHy9PsjSg
52,10,4.3,1.0,8,2,0,False,0.057692307692307696,False,0,0,0.0,0.0,1.0,0.0,40.09,False,False,False,False,False,False,False,False,1rciFJR7YvE
28,6,3.8333333333333335,1.0,5,0,0,False,0.03571428571428571,False,0,0,0.0,0.0,1.0,0.0,83.32000000000004,False,False,False,False,False,False,False,False,rZIeFwYV2Fs
64,13,4.0,1.0,12,0,0,False,0.03125,False,0,1,0.128,0.0,0.872,0.3612,67.75500000000001,False,False,False,False,False,False,False,False,naWGtbbJcok
54,10,4.5,1.0,7,0,0,False,0.05555555555555555,False,0,1,0.319,0.0,0.681,0.6841,30.53000000000003,False,False,False,False,False,False,False,False,6VTrKIAI8NE
72,11,5.636363636363637,1.0,11,0,0,False,0.013888888888888888,False,0,0,0.27,0.0,0.73,0.5719,57.23363636363638,False,False,False,False,False,False,False,False,Fn6RXEskNDE
86,13,5.6923076923076925,1.0,13,0,0,False,0.046511627906976744,False,0,0,0.0,0.0,1.0,0.0,76.50153846153849,False,False,False,False,False,False,False,False,0z0ligNgHFY
70,11,5.454545454545454,1.0,11,0,0,False,0.04285714285714286,False,0,0,0.0,0.0,1.0,0.0,87.99727272727276,False,False,False,False,False,False,False,False,URbxdHaXoIE
60,9,5.777777777777778,1.0,8,0,0,False,0.016666666666666666,False,0,0,0.275,0.0,0.725,0.4648,40.09,False,False,False,False,False,False,False,False,8rATGxbdads
66,11,5.090909090909091,1.0,11,0,0,False,0.045454545454545456,False,0,0,0.0,0.0,1.0,0.0,49.54272727272729,False,False,False,False,False,False,False,False,PxjsuRlTemo
56,8,6.125,1.0,7,0,0,False,0.03571428571428571,False,0,0,0.573,0.0,0.427,0.8429,30.53000000000003,False,False,False,False,False,False,False,False,hyTSdxlMpso
38,6,5.5,1.0,6,0,0,False,0.0,False,0,0,0.425,0.0,0.575,0.5719,45.64500000000001,False,False,False,False,False,False,False,False,skl7KgLcHsw
43,8,4.5,1.0,8,0,0,False,0.0,False,0,0,0.0,0.0,1.0,0.0,71.81500000000001,False,False,False,False,False,False,False,False,pqd5dweB_Uk
51,8,5.5,1.0,8,0,0,False,0.0392156862745098,False,0,0,0.0,0.0,1.0,0.0,61.24000000000001,False,False,False,False,False,False,False,False,OqgHRZiOUes
52,6,7.833333333333333,1.0,6,0,0,False,0.038461538461538464,False,0,0,0.0,0.0,1.0,0.0,3.344999999999999,False,False,False,False,False,False,False,False,UBMCyEoO07M
88,13,5.846153846153846,1.0,12,0,0,False,0.011363636363636364,False,0,0,0.254,0.116,0.63,0.5267,46.60500000000002,False,False,False,False,False,False,False,False,Mh3BjL7yxgw
67,12,4.666666666666667,0.16666666666666666,0,0,0,False,0.029850746268656716,False,0,0,0.367,0.0,0.633,0.7003,64.9245454545455,False,False,False,False,False,False,False,False,93xAI0J09hE
6,1,6.0,1.0,1,0,0,False,0.0,False,0,0,0.0,0.0,1.0,0.0,36.62000000000003,False,False,False,False,False,False,False,False,rfRacjNhpGQ
4,1,4.0,0.0,0,0,0,False,0.0,False,0,0,0.0,0.0,1.0,0.0,121.22000000000003,False,False,False,False,False,False,False,False,BwU6JM6N4cI
53,10,4.4,1.0,9,0,0,False,0.05660377358490566,False,0,0,0.0,0.0,1.0,0.0,47.30000000000004,False,False,False,False,True,False,True,False,CAVlEk5nidU
68,12,4.75,1.0,11,0,0,False,0.014705882352941176,False,0,0,0.0,0.0,1.0,0.0,72.61545454545457,False,False,False,False,False,False,False,False,GKtkKuI75ms
53,9,5.0,1.0,9,0,0,False,0.018867924528301886,False,0,0,0.0,0.0,1.0,0.0,66.10000000000002,False,False,False,False,False,False,False,False,sqy7VfMookU
76,14,4.5,0.06557377049180328,0,0,0,False,0.02631578947368421,False,0,0,0.0,0.0,1.0,0.0,76.50153846153849,False,False,False,False,True,False,True,False,exipwvUSUgU
10,2,4.5,1.0,2,0,0,False,0.0,False,0,0,0.0,0.0,1.0,0.0,77.90500000000002,False,False,False,False,False,False,False,False,XoV8F23Hpl0
76,12,5.416666666666667,1.0,12,0,0,False,0.013157894736842105,False,0,0,0.173,0.0,0.827,0.3182,60.70500000000001,False,False,False,False,False,False,False,False,FffOU8luxTc
56,10,4.7,1.0,8,0,0,False,0.017857142857142856,False,0,0,0.0,0.0,1.0,0.0,75.50000000000003,False,False,False,False,True,False,False,False,Sc1sRlEbGbo
64,9,6.222222222222222,1.0,9,0,0,False,0.03125,False,0,0,0.521,0.0,0.479,0.8225,47.30000000000004,False,False,False,False,False,False,False,False,zKcoTxngOlk
58,9,5.555555555555555,1.0,8,0,0,False,0.017241379310344827,False,0,0,0.0,0.0,1.0,0.0,29.515000000000015,False,False,False,False,False,False,False,False,ZRC9zZCpqPQ
54,10,4.5,1.0,10,0,0,False,0.018518518518518517,False,0,0,0.224,0.0,0.776,0.3818,69.78500000000001,False,False,False,False,False,False,False,False,gK6P1yIyrkw
75,12,5.333333333333333,1.0,11,0,0,False,0.013333333333333334,False,0,0,0.287,0.0,0.713,0.6633,57.23363636363638,False,False,False,True,False,False,False,False,tQnqy85ctJw
59,9,5.666666666666667,1.0,9,0,0,False,0.0,False,0,0,0.623,0.0,0.377,0.872,47.30000000000004,False,False,False,False,False,False,False,False,Y_vvnw9ijtY
61,12,4.166666666666667,1.0,11,0,0,False,0.01639344262295082,False,0,0,0.0,0.222,0.778,-0.4824,57.23363636363638,False,False,False,False,True,False,False,False,3zzDotD9cFM
73,14,4.285714285714286,1.0,13,0,0,False,0.0136986301369863,False,0,0,0.396,0.0,0.604,0.8345,69.99384615384618,False,False,False,False,False,False,False,False,Z22ilcHhbSc
38,6,5.5,1.0,6,0,0,False,0.0,False,0,0,0.0,0.0,1.0,0.0,59.745000000000005,False,False,False,False,False,False,False,False,WTJ0O5cnM-8
43,9,3.888888888888889,0.11764705882352941,0,0,0,False,0.023255813953488372,False,0,0,0.0,0.0,1.0,0.0,61.24000000000001,False,False,False,False,False,False,False,False,bPC9OtFFZCU
56,10,4.6,1.0,9,0,0,False,0.017857142857142856,True,1,0,0.0,0.0,1.0,0.0,78.24500000000002,False,False,False,False,False,False,False,False,KRfR-GLLH8A
37,7,4.428571428571429,1.0,7,0,0,False,0.0,False,0,0,0.0,0.0,1.0,0.0,42.61571428571432,False,False,False,False,False,False,False,False,Q-PSfqI4hlM
46,7,5.714285714285714,0.025,0,0,0,False,0.0,False,0,0,0.381,0.0,0.619,0.5719,78.87285714285717,False,False,False,False,False,False,False,False,A_wQAsrCTKA
79,12,5.666666666666667,0.15151515151515152,0,0,0,False,0.02531645569620253,False,0,0,0.0,0.0,1.0,0.0,74.805,False,False,False,False,False,False,False,False,TzOokw0aFYM
81,14,4.857142857142857,1.0,14,0,0,False,0.012345679012345678,False,0,0,0.479,0.0,0.521,0.8779,71.76785714285715,False,False,False,False,False,False,False,False,N6L5rHqh8So
59,9,5.666666666666667,0.13725490196078433,0,0,0,False,0.0,False,0,0,0.0,0.0,1.0,0.0,66.10000000000002,False,False,False,False,False,False,False,False,mKo4k-fYxf4
59,10,5.0,1.0,10,0,0,False,0.01694915254237288,False,0,0,0.487,0.0,0.513,0.8225,52.86500000000001,False,False,False,False,False,False,False,False,rBZA6aaZoS4
58,10,4.9,1.0,9,0,0,False,0.017241379310344827,False,0,0,0.0,0.252,0.748,-0.4648,19.100000000000023,False,False,False,False,False,False,False,False,TQAXM8gp_A8
81,11,6.454545454545454,1.0,10,0,0,False,0.012345679012345678,True,1,0,0.244,0.0,0.756,0.4995,11.088181818181852,False,False,False,False,False,False,False,False,zTuDrSB65bs
44,8,4.625,1.0,7,0,0,False,0.0,True,1,0,0.0,0.0,1.0,0.0,50.66500000000002,False,False,False,False,False,False,False,False,Bt8syCzjIXQ
56,9,5.333333333333333,1.0,8,0,0,False,0.017857142857142856,False,0,0,0.318,0.0,0.682,0.5766,29.515000000000015,False,False,False,False,True,False,False,False,5oLQSL3Hqic
82,15,4.533333333333333,1.0,14,0,0,False,0.024390243902439025,False,0,0,0.32,0.0,0.68,0.8212,71.76785714285715,False,False,False,False,False,False,False,False,_qulJ2sRCf8
64,9,6.222222222222222,1.0,9,0,0,False,0.03125,False,0,0,0.273,0.0,0.727,0.4588,47.30000000000004,False,False,False,False,True,False,True,False,RTn9JUNe7pE
60,11,4.545454545454546,1.0,10,0,0,False,0.016666666666666666,False,0,0,0.233,0.0,0.767,0.4648,78.24500000000002,False,False,False,False,False,False,False,False,snSrHl-bems
63,9,6.111111111111111,1.0,9,0,0,False,0.031746031746031744,False,0,0,0.0,0.0,1.0,0.0,47.30000000000004,False,False,False,False,False,False,False,False,Cm3vGrBBVwM
84,15,4.666666666666667,1.0,14,0,0,False,0.011904761904761904,False,0,0,0.0,0.0,1.0,0.0,83.85357142857143,False,False,False,False,False,False,False,False,AnaEs6yYQWw
59,11,4.454545454545454,1.0,10,0,0,False,0.03389830508474576,False,0,0,0.0,0.0,1.0,0.0,78.24500000000002,False,False,False,False,False,False,True,False,mWBBFfZxh00
68,11,5.2727272727272725,1.0,11,0,0,False,0.014705882352941176,False,0,0,0.248,0.0,0.752,0.5106,41.8518181818182,False,False,False,False,True,False,False,False,82GMcEE5wso
77,13,5.0,1.0,11,0,0,False,0.012987012987012988,False,0,0,0.202,0.0,0.798,0.4648,32.504999999999995,False,False,False,False,False,False,False,False,rw515_HUKbM
78,14,4.642857142857143,1.0,13,0,0,False,0.02564102564102564,False,0,0,0.0,0.0,1.0,0.0,69.99384615384618,False,False,False,False,False,False,False,False,nZsECQMz6y0
89,17,4.294117647058823,0.17647058823529413,0,0,0,False,0.056179775280898875,False,0,2,0.331,0.0,0.669,0.8555,4.305000000000007,False,False,False,False,True,False,False,False,sKtdyIo9w4w
95,18,4.333333333333333,0.16666666666666666,0,0,0,False,0.06315789473684211,False,0,1,0.238,0.078,0.684,0.7096,24.440000000000026,False,False,False,False,False,False,False,False,7sVhHH-Hjjw
100,17,4.9411764705882355,0.175,0,0,0,False,0.04,False,0,1,0.126,0.0,0.874,0.3818,33.690000000000026,False,False,False,False,True,False,False,False,0yoE0P8-Sas
99,18,4.555555555555555,0.1891891891891892,0,0,0,False,0.0707070707070707,True,1,2,0.286,0.0,0.714,0.802,50.610000000000014,False,False,False,False,True,False,False,False,HGCNVUcK-do
98,19,4.2105263157894735,0.2077922077922078,0,0,0,False,0.02040816326530612,True,1,0,0.178,0.0,0.822,0.5994,40.2858823529412,False,False,False,False,True,False,False,False,3u7tPVU8kIc
94,18,4.277777777777778,0.3181818181818182,3,0,0,False,0.07446808510638298,True,1,2,0.0,0.0,1.0,0.0,58.4075,False,False,False,False,True,False,False,False,AHVY_H6mSls
94,16,4.9375,0.18666666666666668,1,0,0,False,0.0425531914893617,False,0,1,0.213,0.0,0.787,0.4215,53.639285714285734,False,False,False,False,False,False,False,False,c6eQIOvJMO4
97,15,5.533333333333333,0.13513513513513514,1,1,0,False,0.05154639175257732,True,1,0,0.272,0.0,0.728,0.7371,53.639285714285734,False,False,False,True,False,False,True,False,rZYf_ihopvs
90,16,4.6875,0.17142857142857143,0,0,0,False,0.05555555555555555,False,0,1,0.512,0.0,0.488,0.9118,46.60500000000002,False,False,False,False,False,True,False,False,bLwG_tI6X7I
99,19,4.2631578947368425,0.14473684210526316,0,0,0,False,0.050505050505050504,False,0,2,0.115,0.0,0.885,0.4588,75.76500000000001,False,False,False,False,False,False,False,False,ZLRJoP3DdAk
96,19,4.105263157894737,0.18309859154929578,0,0,0,False,0.0625,True,1,2,0.255,0.0,0.745,0.7579,53.639285714285734,False,False,False,True,False,False,False,False,NUE4dC5IQVk
84,14,5.071428571428571,0.1746031746031746,0,0,0,False,0.03571428571428571,True,2,0,0.0,0.0,1.0,0.0,39.55500000000001,False,False,False,True,False,False,True,False,5QXYNEs1_PU
87,16,4.5,0.17647058823529413,0,1,0,False,0.034482758620689655,True,1,0,0.0,0.0,1.0,0.0,41.553571428571445,False,False,False,False,False,False,False,False,wGN-P9lngPs
98,19,4.2105263157894735,0.18309859154929578,0,0,0,False,0.09183673469387756,False,0,3,0.12,0.0,0.88,0.4588,76.50153846153849,False,False,False,False,False,False,False,False,YSEqoPPqpUA
81,17,3.823529411764706,0.2033898305084746,0,0,0,False,0.07407407407407407,False,0,2,0.0,0.0,1.0,0.0,67.75500000000001,False,False,False,False,False,False,False,False,_-RA0n28Cs8
92,19,3.8947368421052633,0.22388059701492538,0,0,0,False,0.07608695652173914,False,0,3,0.185,0.0,0.815,0.6124,71.76785714285715,False,False,False,False,True,False,False,False,Ic2_-Keym4E
81,18,3.5555555555555554,0.2542372881355932,0,0,0,False,0.06172839506172839,False,0,1,0.0,0.0,1.0,0.0,67.53000000000003,False,False,False,False,False,False,True,True,0d4iQjusCNQ
90,16,4.6875,0.2028985507246377,0,0,0,False,0.06666666666666667,False,0,2,0.07,0.137,0.793,-0.3612,35.5107142857143,False,False,False,True,False,False,False,False,AAAzpaYuf4Q
92,16,4.75,0.16901408450704225,0,0,0,False,0.05434782608695652,False,0,1,0.0,0.0,1.0,0.0,56.97846153846157,False,False,False,False,False,False,False,False,U_51FsYkF6A
94,19,4.0,0.17647058823529413,0,0,0,False,0.06382978723404255,True,2,1,0.0,0.0,1.0,0.0,44.97000000000003,False,False,False,True,True,False,False,False,X29TYRB4KE4
97,17,4.764705882352941,0.2,0,0,0,False,0.05154639175257732,True,1,2,0.366,0.0,0.634,0.9022,47.83250000000001,False,False,False,False,False,False,True,False,n9gObnhezlQ
96,17,4.705882352941177,0.14666666666666667,0,0,1,False,0.041666666666666664,True,1,1,0.309,0.0,0.691,0.7717,58.2225,False,False,False,False,False,False,False,False,S1QKQJxkUeo
92,17,4.411764705882353,0.17142857142857143,0,0,0,False,0.043478260869565216,True,1,1,0.0,0.0,1.0,0.0,41.553571428571445,False,False,False,False,False,False,True,False,UjYusnJ1m4c
97,20,3.9,0.1891891891891892,0,0,0,False,0.030927835051546393,True,1,0,0.148,0.0,0.852,0.5106,70.14470588235295,False,False,False,False,True,False,False,False,dBpAwbGjAdU
91,15,5.133333333333334,0.21333333333333335,2,0,0,False,0.02197802197802198,False,0,0,0.213,0.0,0.787,0.5859,24.440000000000026,False,False,False,False,False,False,True,False,g0odE02-2a0
91,15,5.133333333333334,0.1527777777777778,0,1,0,False,0.054945054945054944,False,0,1,0.276,0.0,0.724,0.7263,46.60500000000002,False,False,False,False,True,False,False,False,MhP1hL3qZLA
88,16,4.5625,0.21428571428571427,1,0,0,False,0.03409090909090909,False,0,0,0.177,0.07,0.753,0.4588,35.5107142857143,False,False,False,False,True,False,False,False,dmGyN3W7Xys
85,16,4.375,0.1791044776119403,0,0,0,False,0.03529411764705882,False,0,0,0.0,0.185,0.815,-0.5267,59.68214285714288,False,False,False,False,False,True,True,False,inQ2IgdyoO8
96,17,4.705882352941177,0.15492957746478872,0,0,0,False,0.09375,False,0,3,0.119,0.0,0.881,0.3182,11.088181818181852,False,False,False,False,True,False,False,False,6Odte9XMR_Y
82,13,5.384615384615385,0.140625,0,0,0,False,0.024390243902439025,True,1,0,0.371,0.0,0.629,0.7579,18.405,False,False,False,False,False,False,False,False,HjwpFKS9YfQ
92,17,4.470588235294118,0.18309859154929578,0,1,0,False,0.05434782608695652,False,0,1,0.319,0.0,0.681,0.8172,36.572857142857174,False,False,False,False,True,False,True,False,QxaRP8FK6ng
91,14,5.571428571428571,0.18309859154929578,1,0,0,False,0.07692307692307693,False,0,2,0.287,0.119,0.594,0.5267,-4.293636363636352,False,False,False,False,True,False,False,False,TBXqP_12h5w
97,18,4.444444444444445,0.20512820512820512,0,0,0,False,0.020618556701030927,False,0,0,0.133,0.0,0.867,0.3818,47.83250000000001,False,False,False,False,False,True,True,False,ksqGCZqD-FI
72,13,4.615384615384615,0.1509433962264151,0,0,0,False,0.09722222222222222,False,0,1,0.389,0.0,0.611,0.7906,44.405,False,False,False,False,True,False,False,False,L5h1UoyrIT8
99,16,5.25,0.15384615384615385,0,0,0,False,0.06060606060606061,False,0,1,0.148,0.0,0.852,0.3818,17.932307692307717,False,False,False,False,True,True,False,False,9BqZx3uLiOA
82,16,4.1875,0.1746031746031746,0,0,0,False,0.04878048780487805,False,0,1,0.196,0.0,0.804,0.5994,39.55500000000001,False,False,False,False,True,False,False,False,4489BjISzRw
87,13,5.769230769230769,0.1506849315068493,0,0,0,False,0.022988505747126436,False,0,0,0.2,0.0,0.8,0.4588,18.77909090909094,False,False,False,False,True,False,False,False,n2w_iJM6ULs
76,12,5.416666666666667,0.15625,0,0,0,False,0.013157894736842105,False,0,0,0.0,0.0,1.0,0.0,18.77909090909094,False,False,False,False,True,True,False,False,M0LqdzR7tn8
87,12,6.333333333333333,0.1506849315068493,0,0,0,False,0.034482758620689655,False,0,1,0.0,0.0,1.0,0.0,-2.7450000000000045,False,False,False,False,True,False,False,False,vOiIZXAnhT0
81,16,4.125,0.22580645161290322,1,0,0,False,0.04938271604938271,False,0,1,0.439,0.0,0.561,0.91,59.68214285714288,False,False,False,False,False,False,False,False,MwtU32M4oQA
88,17,4.235294117647059,0.14925373134328357,0,0,0,False,0.045454545454545456,True,1,1,0.0,0.0,1.0,0.0,53.639285714285734,False,False,False,False,True,True,False,False,aYUcUZ1KUQM
93,15,5.266666666666667,0.14285714285714285,0,0,0,False,0.021505376344086023,False,0,1,0.0,0.0,1.0,0.0,24.440000000000026,False,False,False,False,True,False,False,False,nFF-FBwbmSM
100,17,4.9411764705882355,0.189873417721519,1,0,0,False,0.03,True,2,0,0.158,0.0,0.842,0.4588,28.05000000000001,False,False,False,False,True,False,False,False,Zu3egQeCjLc
92,16,4.8125,0.14285714285714285,0,0,0,False,0.07608695652173914,False,0,2,0.192,0.0,0.808,0.5859,11.355000000000018,False,False,False,False,False,False,False,False,6dKVRC5nL08
99,14,6.142857142857143,0.14814814814814814,0,0,0,False,0.050505050505050504,False,0,1,0.188,0.139,0.673,0.0258,17.932307692307717,False,False,True,False,True,True,False,False,NJxHF-OXrE8
97,18,4.444444444444445,0.21052631578947367,1,0,0,False,0.041237113402061855,False,0,0,0.0,0.0,1.0,0.0,17.382142857142867,False,False,False,False,True,False,False,False,dekIrWPN7ak
88,14,5.357142857142857,0.1791044776119403,0,0,0,False,0.09090909090909091,False,0,3,0.0,0.0,1.0,0.0,25.455000000000013,False,False,False,False,False,True,False,False,_E2kQHFhHQ0
100,16,5.3125,0.16666666666666666,0,0,0,False,0.07,False,0,2,0.143,0.0,0.857,0.4588,17.932307692307717,False,False,False,False,False,False,True,False,b-QPD3707c8
73,10,6.4,0.14285714285714285,0,0,0,False,0.0136986301369863,False,0,0,0.302,0.0,0.698,0.5994,19.100000000000023,False,False,False,False,False,True,False,False,5cgoPhteVfA
66,8,7.375,0.12962962962962962,0,0,0,False,0.07575757575757576,False,0,1,0.346,0.0,0.654,0.5719,-29.898571428571415,False,False,False,False,False,False,False,False,X4aFdsxBw4c
57,11,4.2727272727272725,0.21428571428571427,2,0,0,True,0.03508771929824561,True,1,1,0.0,0.0,1.0,0.0,78.24500000000002,False,False,False,False,False,False,True,False,HbK71bDwf9Y
57,11,4.2727272727272725,0.17777777777777778,0,0,1,False,0.03508771929824561,False,0,0,0.16,0.0,0.84,0.2263,87.99727272727276,False,False,False,False,False,False,False,False,jW5OnxI3wAA
59,12,4.0,0.26666666666666666,1,1,0,False,0.05084745762711865,False,0,1,0.0,0.232,0.768,-0.5147,87.99727272727276,False,False,False,False,False,False,True,False,zISLlQ0Y3WI
68,12,4.75,0.32727272727272727,2,0,0,False,0.029411764705882353,False,0,1,0.176,0.0,0.824,0.4588,35.94500000000002,False,False,False,False,True,False,False,False,uftsgvdv3xA
92,16,4.8125,0.17647058823529413,0,0,0,False,0.05434782608695652,True,1,1,0.336,0.0,0.664,0.8225,43.963076923076954,False,False,False,False,False,False,False,False,Ti4Mz2Mu-BE
70,13,4.461538461538462,0.3148148148148148,1,1,0,False,0.05714285714285714,False,0,1,0.0,0.303,0.697,-0.7263,78.19795454545455,False,False,False,False,False,False,False,False,hMWlPpg2tdo
62,11,4.7272727272727275,0.1875,0,1,0,False,0.06451612903225806,False,0,1,0.224,0.0,0.776,0.4389,56.70000000000002,False,False,False,False,False,False,False,False,_bzh-Vx1pec
75,14,4.428571428571429,0.15517241379310345,0,1,0,False,0.05333333333333334,False,0,1,0.0,0.0,1.0,0.0,53.655,False,False,False,False,False,False,False,False,RIA13-JWEDQ
49,9,4.555555555555555,0.2777777777777778,1,1,0,False,0.10204081632653061,False,0,1,0.0,0.0,1.0,0.0,42.61571428571432,False,False,False,False,False,False,True,False,RSisK4OFZSE
53,9,4.888888888888889,0.15789473684210525,0,0,1,False,0.11320754716981132,False,0,2,0.174,0.0,0.826,0.2263,18.44428571428574,False,False,False,False,False,False,False,False,_ArlR3lgMMg
61,12,4.166666666666667,0.32608695652173914,2,0,0,False,0.06557377049180328,False,0,1,0.0,0.287,0.713,-0.6633,57.23363636363638,False,False,False,False,False,False,True,False,kMFrTveVaqU
63,10,5.4,0.1836734693877551,0,0,1,False,0.07936507936507936,False,0,1,0.297,0.0,0.703,0.4215,47.30000000000004,False,False,True,False,False,False,True,False,QJowm4tQ3nw
61,11,4.636363636363637,0.2127659574468085,1,0,0,False,0.06557377049180328,False,0,1,0.0,0.179,0.821,-0.34,69.78500000000001,False,False,False,True,False,False,True,False,3UNzYTp72gc
99,11,8.0,0.06172839506172839,0,0,0,False,0.0707070707070707,False,0,0,0.408,0.0,0.592,0.7351,26.470000000000027,False,False,False,False,False,False,False,False,Jr4Tt5_ybNI
100,11,8.181818181818182,0.05952380952380952,0,0,0,False,0.06,False,0,0,0.0,0.0,1.0,0.0,18.77909090909094,False,False,False,False,False,True,False,False,sb7Lha3m31E
78,12,5.583333333333333,0.09836065573770492,0,0,0,False,0.0641025641025641,True,1,0,0.0,0.0,1.0,0.0,10.564999999999998,False,False,False,False,True,False,False,False,DOWTmfylQD8
78,12,5.583333333333333,0.09836065573770492,0,0,0,False,0.0641025641025641,True,1,0,0.0,0.0,1.0,0.0,10.564999999999998,False,False,False,False,True,False,False,False,JZl-_zgBFS0
78,12,5.583333333333333,0.09836065573770492,0,0,0,False,0.0641025641025641,True,1,0,0.0,0.0,1.0,0.0,10.564999999999998,False,False,False,False,True,False,False,False,FpFxV_TRN0M
78,12,5.583333333333333,0.09836065573770492,0,0,0,False,0.0641025641025641,True,1,0,0.0,0.0,1.0,0.0,10.564999999999998,False,False,False,False,True,False,False,False,wqKHmu9ElpU
78,12,5.583333333333333,0.09836065573770492,0,0,0,False,0.0641025641025641,True,1,0,0.0,0.0,1.0,0.0,10.564999999999998,False,False,False,False,True,False,False,False,-zRLtCpVIss
78,12,5.583333333333333,0.09836065573770492,0,0,0,False,0.0641025641025641,True,1,0,0.0,0.0,1.0,0.0,10.564999999999998,False,False,False,False,True,False,False,False,z8NwoEB8qK4
78,12,5.583333333333333,0.09836065573770492,0,0,0,False,0.0641025641025641,True,1,0,0.0,0.0,1.0,0.0,10.564999999999998,False,False,False,False,True,False,False,False,eDaoRQmXN-c
87,13,5.769230769230769,0.08823529411764706,0,0,0,False,0.06896551724137931,True,1,0,0.0,0.0,1.0,0.0,11.088181818181852,False,False,False,False,True,False,False,False,DtnSlLvw_gk
78,12,5.583333333333333,0.09836065573770492,0,0,0,False,0.0641025641025641,True,1,0,0.0,0.0,1.0,0.0,10.564999999999998,False,False,False,False,True,False,False,False,UsfWG4EEsG8
8,1,7.0,0.14285714285714285,0,0,0,False,0.0,False,0,0,0.0,0.0,1.0,0.0,-47.97999999999996,False,False,False,False,False,False,False,False,f_Wh_TsVhhE
8,1,7.0,0.14285714285714285,0,0,0,False,0.0,False,0,0,0.0,0.0,1.0,0.0,-47.97999999999996,False,False,False,False,False,False,False,False,icORyfMvJI4
28,4,6.25,0.16666666666666666,0,0,0,False,0.03571428571428571,False,0,0,0.0,0.0,1.0,0.0,-8.724999999999994,False,False,False,False,False,False,False,False,zqVoxqZUH1s
100,12,7.416666666666667,0.05,0,0,0,False,0.09,False,0,0,0.401,0.0,0.599,0.7717,39.55500000000001,False,False,False,False,False,False,False,False,4awOITkc_vI
99,12,7.333333333333333,0.05128205128205128,0,0,0,False,0.10101010101010101,False,0,0,0.231,0.0,0.769,0.5106,25.455000000000013,False,False,False,False,True,False,False,False,T7w472TN8t0
100,12,7.416666666666667,0.012987012987012988,0,0,0,False,0.12,False,0,1,0.231,0.0,0.769,0.5106,60.70500000000001,False,False,False,False,False,True,False,False,43btSdKsVwE
96,12,7.083333333333333,0.05194805194805195,0,0,0,False,0.08333333333333333,False,0,0,0.0,0.0,1.0,0.0,18.77909090909094,False,False,False,False,False,False,False,False,9eayXPWX4e8
90,14,5.5,0.08823529411764706,0,0,0,False,0.07777777777777778,True,1,0,0.0,0.0,1.0,0.0,4.305000000000007,False,False,False,False,True,False,False,False,MhIjpHfzzTg
90,14,5.5,0.08823529411764706,0,0,0,False,0.07777777777777778,True,1,0,0.0,0.0,1.0,0.0,4.305000000000007,False,False,False,False,True,False,False,False,u3Y7SJPniMc
99,16,5.25,0.0958904109589041,0,0,0,False,0.09090909090909091,True,1,0,0.0,0.0,1.0,0.0,4.916923076923098,False,False,False,False,True,False,False,False,dgzuHE_LS6w
99,16,5.25,0.0958904109589041,0,0,0,False,0.09090909090909091,True,1,0,0.0,0.0,1.0,0.0,4.916923076923098,False,False,False,False,True,False,False,False,p5WxVM0vYvA
99,16,5.25,0.0958904109589041,0,0,0,False,0.09090909090909091,True,1,0,0.0,0.0,1.0,0.0,4.916923076923098,False,False,False,False,True,False,False,False,thBVMF3CA8E
99,16,5.25,0.0958904109589041,0,0,0,False,0.09090909090909091,True,1,0,0.0,0.0,1.0,0.0,4.916923076923098,False,False,False,False,True,False,False,False,2KOypKIBh_k
99,16,5.25,0.0958904109589041,0,0,0,False,0.09090909090909091,True,1,0,0.0,0.0,1.0,0.0,4.916923076923098,False,False,False,False,True,False,False,False,wHgTG5JkwlI
90,14,5.5,0.08823529411764706,0,0,0,False,0.07777777777777778,True,1,0,0.0,0.0,1.0,0.0,4.305000000000007,False,False,False,False,True,False,False,False,UGp6iBbi0Hg
66,7,8.571428571428571,0.0,0,0,0,False,0.10606060606060606,False,0,0,0.0,0.0,1.0,0.0,-29.898571428571415,False,False,False,False,False,False,False,False,6TAkwj7s9I4
99,16,5.25,0.0958904109589041,0,0,0,False,0.09090909090909091,True,1,0,0.0,0.0,1.0,0.0,4.916923076923098,False,False,False,False,True,False,False,False,M0jHjX80wBI
99,16,5.25,0.0958904109589041,0,0,0,False,0.09090909090909091,True,1,0,0.0,0.0,1.0,0.0,4.916923076923098,False,False,False,False,True,False,False,False,K4L4_YZ9J6k
99,16,5.25,0.0958904109589041,0,0,0,False,0.09090909090909091,True,1,0,0.0,0.0,1.0,0.0,4.916923076923098,False,False,False,False,True,False,False,False,mNNqUjXVu58
94,15,5.2,0.10294117647058823,0,0,0,False,0.0851063829787234,True,1,0,0.0,0.0,1.0,0.0,-2.7450000000000045,False,False,False,False,True,False,False,False,LfwSptgumbA
94,15,5.2,0.10294117647058823,0,0,0,False,0.0851063829787234,True,1,0,0.0,0.0,1.0,0.0,-2.7450000000000045,False,False,False,False,True,False,False,False,QHuhTfFFYoY
94,15,5.2,0.10294117647058823,0,0,0,False,0.0851063829787234,True,1,0,0.0,0.0,1.0,0.0,-2.7450000000000045,False,False,False,False,True,False,False,False,9SrHN6x4SOQ
91,14,5.5,0.10294117647058823,0,0,0,False,0.07692307692307693,True,1,0,0.0,0.0,1.0,0.0,-2.7450000000000045,False,False,False,False,True,False,False,False,m_bgc9_vBXc
90,14,5.5,0.10294117647058823,0,0,0,False,0.07777777777777778,True,1,0,0.0,0.0,1.0,0.0,-2.7450000000000045,False,False,False,False,True,False,False,False,FA87M9-d_bs
91,14,5.5,0.10294117647058823,0,0,0,False,0.07692307692307693,True,1,0,0.0,0.0,1.0,0.0,-2.7450000000000045,False,False,False,False,True,False,False,False,ISU5X3I68nM
93,11,7.545454545454546,0.05263157894736842,0,0,0,False,0.07526881720430108,False,0,0,0.174,0.0,0.826,0.2732,18.77909090909094,False,False,False,False,False,False,False,False,0MlBAecXTLA
38,6,5.5,0.16666666666666666,0,0,0,False,0.02631578947368421,True,1,0,0.0,0.0,1.0,0.0,59.745000000000005,False,False,False,False,False,True,False,False,_ZO3Ke4yBvc
12,3,3.3333333333333335,0.4,1,0,0,False,0.0,False,0,0,0.0,0.0,1.0,0.0,90.99000000000004,False,False,False,False,False,False,False,False,EKZ3ZbKHjDA
47,5,8.6,0.11428571428571428,0,0,0,False,0.0425531914893617,True,3,0,0.0,0.0,1.0,0.0,49.48000000000002,False,False,False,False,False,False,False,False,-FolYfMlpWE
34,8,3.375,0.25,1,0,0,False,0.0,True,4,0,0.0,0.0,1.0,0.0,61.24000000000001,False,False,False,False,False,False,False,False,IDFMqZNw5Ak
34,8,3.375,0.25,1,0,0,False,0.0,True,4,0,0.0,0.0,1.0,0.0,61.24000000000001,False,False,False,False,False,False,False,False,AHpjIypXKW4
39,9,3.4444444444444446,0.25,1,0,0,False,0.0,True,4,0,0.0,0.0,1.0,0.0,56.70000000000002,False,False,False,False,False,False,False,False,nxtcFHizWzk
37,8,3.75,0.18518518518518517,1,0,0,False,0.02702702702702703,True,2,0,0.0,0.0,1.0,0.0,42.61571428571432,False,False,False,False,False,False,False,False,AaxRKjyF3gU
53,9,5.0,0.2,1,0,0,False,0.0,True,2,0,0.0,0.0,1.0,0.0,47.30000000000004,False,False,False,False,False,False,False,False,mTdSEruNsHI
64,11,4.909090909090909,0.16,1,0,0,False,0.0,True,1,0,0.0,0.0,1.0,0.0,64.9245454545455,False,False,False,False,False,False,False,False,69rKg48F5XE
59,10,5.0,0.2,1,0,0,False,0.0,True,2,0,0.0,0.0,1.0,0.0,61.32500000000002,False,False,False,False,False,False,False,False,oq25gXMw6E0
50,9,4.666666666666667,0.21621621621621623,1,0,0,False,0.0,True,2,0,0.0,0.0,1.0,0.0,66.10000000000002,False,False,False,False,False,False,False,False,7gW6gqwmxyA
50,9,4.666666666666667,0.21621621621621623,1,0,0,False,0.0,True,2,0,0.0,0.0,1.0,0.0,66.10000000000002,False,False,False,False,False,False,False,False,7iTamE84tEk
27,4,6.0,0.125,0,0,0,False,0.0,False,0,0,0.0,0.0,1.0,0.0,54.72500000000002,False,False,False,False,False,False,False,False,Vza-gPvL2kI
50,6,7.5,0.1111111111111111,0,0,0,False,0.0,False,0,0,0.0,0.0,1.0,0.0,17.44500000000002,False,False,False,False,False,False,False,False,HALYHhnldZM
53,7,6.714285714285714,0.11627906976744186,0,0,0,False,0.0,True,1,0,0.0,0.0,1.0,0.0,30.53000000000003,False,False,False,False,False,False,False,False,ZmMrIadILn4
43,6,6.333333333333333,0.11764705882352941,0,0,0,False,0.0,True,1,0,0.0,0.0,1.0,0.0,17.44500000000002,False,False,False,False,False,False,False,False,tWFRgKWTl8g
32,4,7.25,0.13793103448275862,0,0,0,False,0.0,False,0,0,0.0,0.0,1.0,0.0,33.57500000000002,False,False,False,False,False,False,False,False,aYHv7uTLRQs
27,4,6.0,0.125,0,0,0,False,0.0,False,0,0,0.0,0.0,1.0,0.0,33.57500000000002,False,False,False,False,False,False,False,False,0HoP6N-CGxM
45,8,4.75,0.21212121212121213,1,0,0,False,0.022222222222222223,True,1,0,0.0,0.205,0.795,-0.2023,42.61571428571432,False,False,False,False,False,False,False,False,3wMCbRd56eM
53,9,5.0,0.15,0,0,0,False,0.018867924528301886,True,1,0,0.0,0.0,1.0,0.0,40.09,False,False,False,False,False,False,False,False,Rxcb6dK-EmI
37,7,4.428571428571429,0.23333333333333334,1,0,0,False,0.0,True,1,0,0.0,0.0,1.0,0.0,66.7871428571429,False,False,False,False,False,False,False,False,WLBvlJcN5Rg
38,7,4.571428571428571,0.15384615384615385,0,0,0,False,0.0,True,3,0,0.0,0.0,1.0,0.0,66.7871428571429,False,False,False,False,False,False,False,False,TgJEYYspjW0
40,6,5.833333333333333,0.16129032258064516,0,0,0,False,0.0,True,1,0,0.0,0.0,1.0,0.0,45.64500000000001,False,False,False,False,False,False,False,False,s0DCzjRx6Es
36,6,5.166666666666667,0.15384615384615385,0,0,0,False,0.0,True,2,0,0.0,0.0,1.0,0.0,59.745000000000005,False,False,False,False,False,False,False,False,b2qTGrSXfOY
83,16,4.25,0.19047619047619047,0,0,0,False,0.04819277108433735,True,1,0,0.0,0.0,1.0,0.0,76.50153846153849,False,False,False,False,False,False,False,False,emoobWvIDCI
75,15,4.066666666666666,0.18867924528301888,0,0,0,False,0.04,True,2,0,0.0,0.0,1.0,0.0,74.805,False,False,False,False,False,False,False,False,0Le81MqJGxY
87,17,4.176470588235294,0.19402985074626866,0,0,0,False,0.04597701149425287,False,0,0,0.0,0.0,1.0,0.0,69.99384615384618,False,False,False,False,False,False,False,False,Z861uhWWOeA
57,12,3.8333333333333335,0.19047619047619047,0,0,0,False,0.05263157894736842,True,1,0,0.0,0.0,1.0,0.0,37.900000000000034,False,False,False,False,False,False,False,False,IJROu1B9asQ
78,17,3.6470588235294117,0.2,0,0,0,False,0.07692307692307693,True,1,0,0.0,0.0,1.0,0.0,53.655,False,False,False,False,False,False,False,False,czYdwqLDgSo
51,11,3.727272727272727,0.1891891891891892,0,0,0,False,0.058823529411764705,True,1,0,0.0,0.0,1.0,0.0,61.24000000000001,False,False,False,False,False,False,False,False,yTUiEHtzht8
55,12,3.6666666666666665,0.125,0,0,0,False,0.05454545454545454,True,1,0,0.0,0.0,1.0,0.0,66.10000000000002,False,False,False,False,False,False,False,False,su2KntMuhJg
48,9,4.444444444444445,0.17647058823529413,0,0,0,False,0.020833333333333332,True,2,0,0.0,0.0,1.0,0.0,92.965,False,False,False,False,False,False,False,False,lak0cUzSDPg
48,9,4.444444444444445,0.17647058823529413,0,0,0,False,0.020833333333333332,True,2,0,0.0,0.0,1.0,0.0,92.965,False,False,False,False,False,False,False,False,ZCG_1844b2A
50,9,4.666666666666667,0.17647058823529413,0,0,0,False,0.04,True,3,0,0.0,0.0,1.0,0.0,92.965,False,False,False,False,False,False,False,False,qqCb67NLjLU
48,8,5.125,0.16666666666666666,0,0,0,False,0.020833333333333332,True,1,0,0.0,0.0,1.0,0.0,42.61571428571432,False,False,False,False,True,False,False,False,cqdn-AwR9IY
34,6,4.833333333333333,0.16666666666666666,0,0,0,False,0.0,True,2,0,0.0,0.0,1.0,0.0,73.84500000000001,False,False,False,False,False,False,False,False,mSEYbwqo3cY
34,6,4.833333333333333,0.16666666666666666,0,0,0,False,0.0,True,2,0,0.0,0.0,1.0,0.0,73.84500000000001,False,False,False,False,False,False,False,False,IRY02gt-sVk
40,6,5.833333333333333,0.16129032258064516,0,0,0,False,0.0,True,1,0,0.0,0.0,1.0,0.0,59.745000000000005,False,False,False,False,False,False,False,False,0HKRIpzaL6k
36,8,3.625,0.2222222222222222,0,0,0,False,0.027777777777777776,True,1,0,0.195,0.0,0.805,0.1779,78.87285714285717,False,False,False,False,True,False,False,False,3CvZ6du4xPk
42,9,3.7777777777777777,0.21875,0,0,0,False,0.023809523809523808,True,1,0,0.0,0.0,1.0,0.0,71.81500000000001,False,False,False,False,True,False,False,False,AJGlCk1WxnE
38,8,3.875,0.21428571428571427,0,0,0,False,0.05263157894736842,True,1,0,0.0,0.0,1.0,0.0,90.95857142857145,False,False,False,False,True,False,False,False,-AQs2Q9m6WI
45,10,3.6,0.21212121212121213,0,0,0,False,0.044444444444444446,True,1,0,0.0,0.0,1.0,0.0,92.965,False,False,False,False,True,False,False,False,o6GDw1yhaLw
31,5,5.4,0.2,1,0,0,False,0.03225806451612903,True,1,0,0.0,0.0,1.0,0.0,83.32000000000004,False,False,False,False,False,False,False,False,6TArFF43MZo
36,6,5.166666666666667,0.2,1,0,0,False,0.027777777777777776,True,2,0,0.0,0.0,1.0,0.0,87.94500000000002,False,False,False,False,False,False,False,False,0VQ2vhcV_7o
26,4,5.75,0.15789473684210525,0,0,0,False,0.0,True,1,0,0.0,0.0,1.0,0.0,33.57500000000002,False,False,False,False,False,False,False,False,Jwo9iJninc4
24,4,5.25,0.17647058823529413,0,0,0,False,0.0,True,1,0,0.0,0.0,1.0,0.0,75.87500000000001,False,False,False,False,False,False,False,False,7EbpaLWNgoo
41,7,5.0,0.12121212121212122,0,0,0,False,0.024390243902439025,True,1,0,0.0,0.0,1.0,0.0,59.745000000000005,False,False,False,False,True,False,False,False,CLF9Gu9ua9M
44,9,4.0,0.08823529411764706,0,0,0,False,0.022727272727272728,True,1,0,0.0,0.0,1.0,0.0,92.965,False,False,False,False,True,True,False,False,7ibFGd1tlCA
26,4,5.75,0.1,0,0,0,True,0.11538461538461539,False,0,0,0.4,0.0,0.6,0.25,54.72500000000002,False,False,False,False,False,True,False,False,bc4eOtwYX1A
31,6,4.333333333333333,0.16666666666666666,0,0,0,False,0.03225806451612903,True,1,0,0.0,0.0,1.0,0.0,66.40000000000003,False,False,False,False,True,False,False,False,pS6gyeOn2UI
63,11,4.818181818181818,0.21153846153846154,1,0,0,False,0.015873015873015872,False,0,0,0.248,0.0,0.752,0.5106,61.32500000000002,False,False,False,False,False,False,True,False,bJGAl88pHks
46,9,4.222222222222222,0.1891891891891892,0,0,0,False,0.021739130434782608,False,0,0,0.0,0.216,0.784,-0.296,92.965,False,False,False,False,False,False,False,False,R2VZaS0Sdvc
64,10,5.5,0.1320754716981132,0,0,0,False,0.03125,False,0,0,0.0,0.151,0.849,-0.1531,-2.2099999999999795,False,False,False,False,False,False,True,False,ID3aubEoD5Y
76,14,4.5,1.0,13,0,0,False,0.013157894736842105,False,0,0,0.209,0.0,0.791,0.5319,63.486153846153854,False,False,False,False,True,False,False,False,6Qn_Mo40SZ0
63,10,5.4,0.23404255319148937,1,1,0,False,0.1111111111111111,False,0,0,0.451,0.0,0.549,0.7639,42.46750000000003,False,False,False,False,False,False,False,False,YsCvcbgWuDs
34,6,4.833333333333333,1.0,6,0,0,False,0.08823529411764706,False,0,1,0.31,0.179,0.511,0.368,87.94500000000002,False,False,False,False,False,False,False,False,pj3REtrcVYc
66,11,5.090909090909091,0.7647058823529411,6,0,1,True,0.07575757575757576,False,0,0,0.0,0.0,1.0,0.0,14.267500000000013,False,False,False,False,True,False,False,False,_6EBuPxwO28
53,12,3.5,0.22857142857142856,0,0,0,False,0.09433962264150944,True,1,0,0.203,0.0,0.797,0.4215,86.70500000000001,False,False,False,False,False,False,True,False,U3bn-bgodNk
74,13,4.769230769230769,0.25,1,0,1,False,0.08108108108108109,False,0,1,0.215,0.364,0.421,-0.5994,40.625,False,False,False,False,False,False,False,False,zN__gw1lMBE
68,14,3.9285714285714284,0.24528301886792453,0,0,0,False,0.029411764705882353,False,0,0,0.156,0.0,0.844,0.34,63.486153846153854,False,False,False,False,False,False,True,False,ta4ZsqMlHVk
51,10,4.2,0.4,3,0,0,False,0.13725490196078433,False,0,1,0.0,0.339,0.661,-0.6289,94.30000000000001,False,False,False,False,False,False,False,False,gqTNcY-Sygk
49,11,3.5454545454545454,1.0,8,0,1,False,0.10204081632653061,False,0,2,0.218,0.291,0.491,-0.128,92.965,False,False,False,True,False,False,True,False,ba3wMn_6F0k
81,14,4.857142857142857,0.25,1,0,1,False,0.04938271604938271,False,0,0,0.193,0.0,0.807,0.4767,60.70500000000001,False,False,False,False,True,False,False,False,OX_P5rnMRDc
53,8,5.75,0.16666666666666666,0,0,0,False,0.07547169811320754,False,0,2,0.0,0.435,0.565,-0.6597,66.7871428571429,False,False,False,False,False,False,False,False,hq5-FAqYiX4
51,8,5.5,0.21428571428571427,1,0,0,False,0.0392156862745098,False,0,0,0.0,0.352,0.648,-0.5859,50.66500000000002,False,False,False,False,False,False,False,False,r6jKpOgB-1A
85,17,4.0588235294117645,0.1774193548387097,0,2,0,False,0.08235294117647059,False,0,0,0.311,0.0,0.689,0.7772,70.08365384615385,False,False,False,False,True,False,True,False,BNej6cfxDQA
99,17,4.882352941176471,0.14285714285714285,0,0,2,False,0.06060606060606061,False,0,1,0.416,0.0,0.584,0.8738,32.89833333333334,False,False,False,False,False,True,False,False,HywJGW6l6E8
96,13,6.461538461538462,0.2716049382716049,2,0,0,False,0.03125,False,0,1,0.0,0.337,0.663,-0.7269,-19.6754545454545,False,False,False,False,False,False,False,False,_v8LVKQDQqo
30,5,5.2,1.0,5,0,0,False,0.03333333333333333,False,0,0,0.0,0.403,0.597,-0.4019,83.32000000000004,False,False,False,False,False,False,False,False,dq9C8dZ_nsY
55,10,4.6,0.175,0,0,1,False,0.03636363636363636,True,1,0,0.0,0.0,1.0,0.0,86.70500000000001,False,False,False,True,False,False,False,False,nTyfOHWWWNQ
52,10,4.3,1.0,7,0,0,False,0.057692307692307696,False,0,1,0.0,0.436,0.564,-0.7885,30.53000000000003,False,False,False,True,True,False,False,False,SbTUloxr4YI
83,13,5.461538461538462,0.14285714285714285,0,0,0,False,0.012048192771084338,False,0,0,0.0,0.0,1.0,0.0,18.405,False,False,False,False,False,False,True,False,cWdPfwUhE1c
58,12,3.9166666666666665,0.1956521739130435,0,0,0,False,0.017241379310344827,False,0,0,0.0,0.0,1.0,0.0,88.905,False,False,False,False,False,False,False,False,S6ykgDD0ZU4
49,9,4.555555555555555,0.1794871794871795,0,0,0,False,0.04081632653061224,False,0,0,0.184,0.0,0.816,0.2023,71.81500000000001,False,False,False,False,False,False,True,False,nFoj3JGDxuo
54,9,5.111111111111111,0.6,4,0,0,False,0.018518518518518517,False,0,0,0.367,0.0,0.633,0.6841,50.66500000000002,False,False,False,False,False,False,True,False,EifsEbk8bSw
45,10,3.6,1.0,8,0,1,False,0.06666666666666667,False,0,1,0.162,0.346,0.492,-0.4588,71.81500000000001,False,False,False,False,False,False,False,False,Ih5o3DKrj_I
86,18,3.8333333333333335,0.1724137931034483,0,0,0,False,0.08139534883720931,True,2,2,0.148,0.0,0.852,0.5106,79.5575,False,False,False,False,False,False,False,False,x3irwQ0bz-g
70,11,5.454545454545454,0.3090909090909091,2,0,0,False,0.014285714285714285,True,1,0,0.0,0.33,0.67,-0.7125,41.8518181818182,False,False,False,False,True,False,True,False,4RaDM9EhiwQ
86,16,4.4375,0.36923076923076925,3,0,1,False,0.023255813953488372,True,1,1,0.259,0.231,0.51,0.2103,82.39000000000001,False,False,False,False,False,False,False,False,uYG-tvM8Gl8
74,14,4.357142857142857,0.2708333333333333,1,1,1,True,0.12162162162162163,True,1,1,0.0,0.0,1.0,0.0,66.79500000000002,False,False,False,False,False,False,True,False,TJKUzgC7y2M
85,14,5.142857142857143,0.18571428571428572,1,0,0,False,0.011764705882352941,True,1,0,0.0,0.0,1.0,0.0,30.947692307692336,False,False,False,False,False,False,True,False,vXVc9dqNq8g
84,16,4.3125,0.1746031746031746,0,1,0,False,0.07142857142857142,False,0,2,0.295,0.0,0.705,0.7712,70.08365384615385,False,False,False,False,False,False,False,False,VNiLiFGjEbI
79,17,3.7058823529411766,0.4915254237288136,5,0,0,False,0.0379746835443038,True,1,0,0.0,0.0,1.0,0.0,73.17000000000003,False,False,False,False,False,False,True,False,VTJNf0PSFt4
54,11,4.0,0.34146341463414637,3,0,0,False,0.037037037037037035,True,1,1,0.0,0.0,1.0,0.0,61.32500000000002,False,False,False,False,False,False,True,False,-CBuQjg9ZCA
73,16,3.625,0.20754716981132076,0,0,0,False,0.0136986301369863,True,1,0,0.0,0.0,1.0,0.0,84.45000000000003,False,False,False,False,False,False,False,False,KkOeQrmDIcM
65,13,4.076923076923077,1.0,12,0,0,False,0.046153846153846156,False,0,1,0.257,0.0,0.743,0.6321,67.75500000000001,False,False,False,False,False,False,False,False,QKfniRD3wqU
70,14,4.071428571428571,0.21568627450980393,2,0,0,False,0.05714285714285714,True,2,1,0.0,0.305,0.695,-0.6901,63.57596153846157,False,False,False,False,False,False,False,False,BNJgpsLTglw
66,15,3.466666666666667,0.6595744680851063,7,0,1,False,0.07575757575757576,False,0,2,0.183,0.09,0.727,0.4924,94.995,False,False,False,False,False,False,False,False,dgCqb-8gXUY
56,9,5.333333333333333,0.3170731707317073,2,0,0,False,0.03571428571428571,True,1,0,0.0,0.339,0.661,-0.6249,92.965,False,False,False,False,False,False,False,False,naUr8P472JU
44,9,4.0,0.71875,5,0,0,False,0.09090909090909091,False,0,2,0.0,0.423,0.577,-0.8091,103.54,False,False,False,False,False,False,False,False,yYfTDWc3PtM
34,5,6.0,1.0,4,0,0,False,0.08823529411764706,False,0,2,0.47,0.0,0.53,0.6633,12.425000000000011,False,False,False,False,False,False,False,False,4OCFiKIWIy8
64,11,4.909090909090909,1.0,10,0,0,False,0.03125,False,0,1,0.264,0.0,0.736,0.6058,27.485000000000014,False,False,False,True,True,False,True,False,GlKBxLyfW3M
40,9,3.5555555555555554,0.6333333333333333,5,0,0,False,0.025,True,1,0,0.0,0.498,0.502,-0.7865,61.24000000000001,False,False,False,False,False,False,True,False,5B42DdvpXPE
51,10,4.2,1.0,9,0,0,False,0.0196078431372549,False,0,0,0.423,0.14,0.438,0.6739,103.70000000000002,False,False,False,False,False,False,True,False,5bZyRv9UYP4
83,13,5.461538461538462,0.26229508196721313,1,0,1,False,0.07228915662650602,True,1,0,0.0,0.507,0.493,-0.8834,60.70500000000001,False,False,False,False,False,False,False,False,LHp4K_uhxfk
63,11,4.818181818181818,0.1875,0,0,0,False,0.015873015873015872,True,1,0,0.558,0.0,0.442,0.8779,57.23363636363638,False,False,False,False,False,False,True,False,cXj4Sqb7xSI
49,11,3.5454545454545454,1.0,9,0,1,False,0.04081632653061224,False,0,0,0.0,0.169,0.831,-0.2577,66.10000000000002,False,False,False,False,False,False,False,False,mXGK8rXPQiI
49,9,4.555555555555555,1.0,7,0,1,False,0.02040816326530612,False,0,0,0.0,0.306,0.694,-0.5473,54.72500000000002,False,False,False,False,False,False,False,False,pkKlWr7ISNE
24,4,5.25,1.0,4,0,0,False,0.0,False,0,0,0.483,0.0,0.517,0.4215,54.72500000000002,False,False,False,False,False,False,False,False,hSOVYTV6_-Q
52,11,3.8181818181818183,1.0,9,0,0,False,0.038461538461538464,True,1,0,0.261,0.0,0.739,0.5473,86.70500000000001,False,False,False,False,False,False,True,False,ic5-0KJmwLg
54,8,5.75,0.030303030303030304,0,0,0,False,0.24074074074074073,False,0,1,0.2,0.0,0.8,0.4588,42.61571428571432,False,False,False,False,True,False,False,False,BiK-p61jFes
55,6,8.166666666666666,0.029411764705882353,0,0,0,False,0.2727272727272727,False,0,1,0.176,0.0,0.824,0.4588,15.640000000000015,False,False,False,False,True,False,False,False,T8EBVXclmBQ
64,8,7.0,0.02631578947368421,0,0,0,False,0.21875,True,1,0,0.0,0.0,1.0,0.0,42.61571428571432,False,False,False,False,True,False,False,False,MGZUiVVAbRE
73,10,6.3,0.020833333333333332,0,0,0,False,0.2054794520547945,False,0,0,0.0,0.0,1.0,0.0,52.86500000000001,False,False,False,False,True,False,False,False,P6S6MdMV9Kk
95,13,6.3076923076923075,0.019230769230769232,0,0,0,False,0.3157894736842105,False,0,2,0.0,0.0,1.0,0.0,61.32500000000002,False,False,False,False,True,False,False,False,OlAuoT1rxl8
82,16,4.1875,0.0,0,0,0,False,0.35365853658536583,True,1,1,0.231,0.0,0.769,0.7184,108.025,False,False,False,False,False,False,False,False,6sUI7J9pPaQ
50,6,7.333333333333333,0.029411764705882353,0,0,0,False,0.18,True,1,0,0.0,0.0,1.0,0.0,31.545000000000016,False,False,False,False,True,False,False,False,cRxm1rsGRGI
60,6,9.0,0.05405405405405406,0,0,0,False,0.2833333333333333,False,0,4,0.248,0.199,0.554,0.5423,-51.02499999999998,False,False,False,False,True,False,False,False,LyipzB5GytY
48,5,8.2,0.03225806451612903,0,0,0,False,0.20833333333333334,False,0,0,0.0,0.0,1.0,0.0,15.640000000000015,False,False,False,False,True,False,False,False,6GdL2vkEkA4
55,7,6.857142857142857,0.029411764705882353,0,0,0,False,0.2545454545454545,False,0,1,0.353,0.0,0.647,0.7184,31.545000000000016,False,False,False,False,True,False,False,False,re-oTobrj-w
50,6,7.333333333333333,0.030303030303030304,0,0,0,False,0.22,False,0,1,0.0,0.0,1.0,0.0,31.545000000000016,False,False,False,False,True,False,False,False,sgO72jmmd7k
55,6,8.166666666666666,0.027777777777777776,0,0,0,False,0.23636363636363636,False,0,1,0.0,0.0,1.0,0.0,31.545000000000016,False,False,False,False,True,False,False,False,FnMOvf9tFAk
41,4,9.25,0.06666666666666667,0,0,0,False,0.17073170731707318,False,0,1,0.273,0.0,0.727,0.4588,-78.20999999999998,False,False,False,False,True,False,False,False,Y8qPl0BSpj8
61,7,7.714285714285714,0.02564102564102564,0,0,0,False,0.2459016393442623,False,0,1,0.0,0.0,1.0,0.0,42.61571428571432,False,False,False,False,True,False,False,False,zztx5Y9eUPM
92,9,9.11111111111111,0.0,0,0,0,False,0.33695652173913043,False,0,0,0.0,0.0,1.0,0.0,56.70000000000002,False,False,False,False,True,False,False,False,IKued8O6Lgk
48,7,6.0,0.05263157894736842,0,0,0,False,0.08333333333333333,False,0,1,0.353,0.0,0.647,0.7184,31.545000000000016,False,False,False,False,True,False,False,False,EhoyaD9QI48
57,7,7.285714285714286,0.02127659574468085,0,0,0,False,0.07017543859649122,False,0,1,0.214,0.0,0.786,0.4588,6.35857142857148,False,False,False,False,True,False,False,False,5hwPIK0Q7SM
62,9,6.0,0.038461538461538464,0,0,0,False,0.016129032258064516,True,1,0,0.0,0.0,1.0,0.0,28.50000000000003,False,False,False,False,True,False,True,False,sjmpfGf7P64
80,9,8.0,0.04285714285714286,0,0,0,False,0.025,False,0,0,0.316,0.0,0.684,0.5719,-9.099999999999994,False,False,False,False,True,False,True,False,TIU9ZZRHj1s
65,8,7.25,0.0196078431372549,0,0,0,False,0.1076923076923077,False,0,0,0.358,0.0,0.642,0.5994,6.35857142857148,False,False,False,False,False,False,False,False,v3ftcM4S_dI
63,9,6.111111111111111,0.04081632653061224,0,0,0,False,0.09523809523809523,False,0,2,0.2,0.0,0.8,0.4588,-5.727142857142809,False,False,False,False,True,False,False,False,EzWTL3Wt3eA
42,8,4.375,0.08695652173913043,0,0,0,False,0.2857142857142857,False,0,1,0.231,0.0,0.769,0.4588,116.14500000000001,False,False,False,False,False,False,False,False,4GBS-7SamCg
64,9,6.222222222222222,0.022727272727272728,0,0,0,False,0.125,True,2,0,0.0,0.0,1.0,0.0,40.09,False,False,False,False,True,True,True,False,BYXcRg3JJsA
45,5,8.2,0.0,0,0,0,False,0.2,False,0,0,0.0,0.0,1.0,0.0,15.640000000000015,False,False,False,False,True,False,False,False,Y-PurOqoYvk
56,7,7.142857142857143,0.021739130434782608,0,0,1,False,0.07142857142857142,False,0,0,0.0,0.0,1.0,0.0,3.344999999999999,False,False,False,False,True,False,True,False,UcHXasJAcPg
58,9,5.555555555555555,0.0,0,0,0,False,0.29310344827586204,False,0,1,0.436,0.0,0.564,0.8176,92.965,False,False,False,False,False,False,False,False,WidaRDfD5-4
50,5,9.2,0.044444444444444446,0,0,0,False,0.02,False,0,0,0.403,0.0,0.597,0.4019,-68.95999999999995,False,False,False,False,True,False,False,False,EPHvoKAyvLY
63,10,5.4,0.0,0,0,1,False,0.4126984126984127,False,0,0,0.0,0.0,1.0,0.0,113.10000000000002,False,False,False,False,False,False,False,False,B4LFApncnJk
74,8,8.375,0.0,0,0,0,False,0.32432432432432434,False,0,1,0.333,0.0,0.667,0.7184,50.66500000000002,False,False,False,False,True,False,False,False,h-RM2wRCpl4
63,7,8.142857142857142,0.0,0,0,0,False,0.20634920634920634,False,0,0,0.0,0.0,1.0,0.0,17.44500000000002,False,False,False,False,True,True,False,False,ejiw-VyhoKI
79,13,5.153846153846154,0.05555555555555555,0,0,0,False,0.16455696202531644,False,0,0,0.149,0.0,0.851,0.2732,88.905,False,False,True,False,True,False,True,False,3nxna_8FPzU
63,7,8.142857142857142,0.025,0,0,0,False,0.2698412698412698,False,0,1,0.429,0.0,0.571,0.8402,42.61571428571432,False,False,False,False,True,False,False,False,WXzaijt7wX4
63,6,9.666666666666666,0.022222222222222223,0,0,0,False,0.20634920634920634,False,0,1,0.375,0.0,0.625,0.7184,-10.754999999999995,False,False,False,False,True,False,False,False,atKG4DVOXYg
64,7,8.285714285714286,0.023809523809523808,0,0,0,False,0.25,False,0,1,0.359,0.0,0.641,0.6808,-35.11999999999995,False,False,False,False,True,False,False,False,F49YnlST47A
67,8,7.5,0.0,0,0,0,False,0.2835820895522388,False,0,1,0.2,0.0,0.8,0.4588,50.66500000000002,False,False,False,False,True,False,False,False,toyVj7ELXSw
60,11,4.545454545454546,0.0,0,0,0,False,0.38333333333333336,False,0,1,0.167,0.0,0.833,0.4588,112.08500000000001,False,False,False,False,False,False,False,False,XH69zrUJckY
35,6,5.0,0.0,0,0,0,False,0.37142857142857144,True,1,1,0.0,0.0,1.0,0.0,116.14500000000001,False,False,False,False,False,False,False,False,v8dwKxlRp-U
83,13,5.461538461538462,0.015873015873015872,0,0,0,False,0.08433734939759036,True,1,0,0.0,0.0,1.0,0.0,32.504999999999995,False,False,False,False,True,True,False,False,PwlZl7onWuU
43,4,10.0,0.0,0,0,0,False,0.27906976744186046,False,0,1,0.3,0.0,0.7,0.4588,-8.724999999999994,False,False,False,False,True,False,False,False,MTvMWMDB8XI
49,4,11.5,0.0,0,0,0,False,0.30612244897959184,False,0,2,0.273,0.0,0.727,0.4588,-8.724999999999994,False,False,False,False,True,False,False,False,xvZkfwTKm3E
68,9,6.666666666666667,0.01818181818181818,0,0,0,False,0.04411764705882353,True,1,0,0.0,0.0,1.0,0.0,8.365000000000009,False,False,False,False,True,True,True,False,iUZ8vpGSlUk
57,7,7.285714285714286,0.0,0,0,0,False,0.2807017543859649,False,0,1,0.203,0.102,0.695,0.4404,31.545000000000016,False,False,False,False,True,False,False,False,SVHXKru3qAQ
56,6,8.5,0.0,0,0,0,False,0.07142857142857142,False,0,0,0.296,0.0,0.704,0.2732,-38.954999999999984,False,False,True,False,True,False,False,False,0bUexTmp2Dg
87,12,6.333333333333333,0.0,0,0,0,False,0.1839080459770115,False,0,0,0.0,0.0,1.0,0.0,49.54272727272729,False,False,False,False,True,False,False,False,F4bpUk32Nho
58,8,6.375,0.0625,1,0,0,False,0.05172413793103448,False,0,1,0.374,0.235,0.391,0.7096,-5.727142857142809,False,False,False,False,True,False,True,False,6xKYR3clPf8
62,11,4.7272727272727275,0.1,0,1,0,False,0.06451612903225806,True,4,0,0.212,0.0,0.788,0.4003,69.78500000000001,False,False,False,False,True,False,False,False,JpLteyRxX7s
52,8,5.625,0.0,0,0,0,False,0.09615384615384616,False,0,0,0.0,0.0,1.0,0.0,42.61571428571432,False,False,False,False,True,False,False,False,1SbSf0Obr-s
30,6,4.166666666666667,0.0,0,0,0,False,0.2,False,0,1,0.231,0.0,0.769,0.4588,83.32000000000004,False,False,False,False,False,False,False,False,JbM4QCK1DZo
35,6,5.0,0.0,0,0,0,False,0.2857142857142857,True,1,1,0.357,0.0,0.643,0.6124,117.16000000000003,False,False,False,False,False,False,False,False,K8KDcvZlhsc
77,13,5.0,0.0,0,0,0,False,0.36363636363636365,False,0,0,0.216,0.0,0.784,0.5106,109.04000000000002,False,False,False,False,False,False,False,False,0jgn6tuAdeU
60,11,4.545454545454546,0.16666666666666666,0,0,0,False,0.03333333333333333,False,0,1,0.0,0.0,1.0,0.0,56.70000000000002,False,False,False,False,True,False,True,False,MQGrx1LH-O8
82,15,4.533333333333333,0.171875,0,0,0,False,0.04878048780487805,False,0,1,0.123,0.0,0.877,0.2732,46.60500000000002,False,False,True,True,True,False,False,False,sjZLPbnM5wg
87,15,4.8,0.13432835820895522,0,1,0,False,0.05747126436781609,False,0,1,0.0,0.119,0.881,-0.2244,70.08365384615385,False,False,False,False,True,False,False,False,64J6J_41gGw
78,14,4.571428571428571,0.19672131147540983,0,1,0,False,0.038461538461538464,False,0,1,0.339,0.0,0.661,0.7345,67.75500000000001,False,False,True,False,False,False,True,False,4ok_7fmEcU4
82,18,3.5555555555555554,0.22413793103448276,0,0,0,False,0.07317073170731707,False,0,2,0.101,0.091,0.808,0.0624,71.76785714285715,False,False,False,False,False,False,True,False,vX2tymHRqJE
100,14,6.142857142857143,0.0963855421686747,0,0,0,False,0.03,False,0,1,0.297,0.0,0.703,0.5423,23.42500000000001,False,False,False,False,False,True,False,False,X9yFc7Iv5ow
81,15,4.466666666666667,0.1864406779661017,0,1,1,True,0.09876543209876543,False,0,1,0.176,0.0,0.824,0.4574,61.775000000000006,False,False,False,False,True,True,False,False,mP0yx9c6LF0
76,15,4.133333333333334,0.1724137931034483,0,1,0,False,0.039473684210526314,True,1,1,0.193,0.0,0.807,0.5562,50.56057692307695,False,False,False,False,True,False,True,False,UxzTFeXJZl4
86,17,4.0588235294117645,0.16666666666666666,0,0,0,False,0.023255813953488372,True,1,0,0.318,0.0,0.682,0.7906,56.25000000000003,False,False,False,False,True,True,False,False,0Lx6ZpVRJCo
82,15,4.466666666666667,0.15873015873015872,0,0,0,False,0.04878048780487805,False,0,1,0.0,0.0,1.0,0.0,18.405,False,False,False,True,False,False,True,False,rq29h8QIYfk
100,16,5.3125,0.2727272727272727,3,1,0,False,0.06,True,1,2,0.217,0.0,0.783,0.6932,50.610000000000014,False,False,False,False,False,False,False,False,c5VF8k4XCRk
91,15,5.066666666666666,0.15492957746478872,0,0,0,False,0.054945054945054944,False,0,1,0.0,0.0,1.0,0.0,25.455000000000013,False,False,False,False,True,False,True,False,4Zq620qMmvA
80,14,4.785714285714286,0.2,1,1,0,True,0.0875,False,0,1,0.0,0.0,1.0,0.0,52.69500000000002,False,False,False,False,False,True,False,False,UvERAzfTvB0
88,16,4.5625,0.22857142857142856,1,0,0,False,0.03409090909090909,False,0,1,0.084,0.233,0.683,-0.5719,35.5107142857143,False,False,True,False,True,False,True,False,CvN-el1O4h0
83,18,3.6666666666666665,0.22413793103448276,0,0,0,True,0.0963855421686747,False,0,2,0.09,0.104,0.806,-0.0803,59.68214285714288,False,False,False,False,True,False,True,False,WhZd3GffRKI
84,16,4.3125,0.18181818181818182,0,0,0,False,0.023809523809523808,True,1,1,0.0,0.0,1.0,0.0,77.81071428571428,False,False,False,False,True,False,False,False,iWgHXEf1zzM
59,11,4.454545454545454,0.17777777777777778,0,0,0,False,0.05084745762711865,True,1,1,0.397,0.0,0.603,0.7636,28.50000000000003,False,False,False,True,False,False,False,False,-0BRDeO8Vuo
80,15,4.333333333333333,0.2459016393442623,2,1,1,False,0.05,False,0,1,0.0,0.0,1.0,0.0,37.54519230769233,False,False,False,False,True,False,True,False,Vdzv_kjobuI
82,16,4.1875,0.19672131147540983,0,0,0,False,0.07317073170731707,False,0,1,0.198,0.0,0.802,0.6369,43.963076923076954,False,False,False,False,True,False,True,False,n4tompj9z3g
90,15,5.066666666666666,0.15714285714285714,0,0,1,False,0.06666666666666667,False,0,1,0.0,0.079,0.921,-0.0516,44.05288461538464,False,False,False,False,True,True,False,False,UoaaId-mBaQ
68,14,3.857142857142857,0.24,0,0,0,True,0.058823529411764705,False,0,1,0.219,0.0,0.781,0.6369,88.905,False,False,False,False,True,False,False,False,RrXMVWk8efc
99,18,4.555555555555555,0.21052631578947367,0,1,0,True,0.06060606060606061,False,0,1,0.264,0.0,0.736,0.8197,58.8663235294118,False,False,False,False,False,False,True,False,kwyYLz_ds_4
68,15,3.6,0.38,2,0,0,True,0.058823529411764705,False,0,1,0.128,0.0,0.872,0.3612,46.60500000000002,False,False,False,False,False,False,True,False,MhqDkPSuIGY
63,13,3.923076923076923,0.19148936170212766,0,0,0,False,0.06349206349206349,False,0,3,0.161,0.172,0.667,-0.0516,28.50000000000003,False,False,False,False,False,False,False,False,XQjbQqrNtoY
45,9,4.111111111111111,0.2,0,0,0,False,0.044444444444444446,False,0,1,0.454,0.168,0.378,0.743,78.87285714285717,False,False,False,False,False,False,False,False,8i19FWy4pBw
63,11,4.818181818181818,0.1568627450980392,0,0,0,False,0.031746031746031744,False,0,0,0.362,0.0,0.638,0.6249,19.100000000000023,False,False,False,True,False,False,True,False,s_iohMzIjRM
75,12,5.333333333333333,0.1774193548387097,0,0,0,True,0.02666666666666667,False,0,1,0.329,0.0,0.671,0.659,41.8518181818182,False,False,False,True,False,False,True,False,uGkZfaQGvhk
79,16,3.9375,0.19298245614035087,0,0,0,False,0.0759493670886076,False,0,2,0.188,0.0,0.812,0.5719,63.486153846153854,False,False,False,False,True,False,False,False,iQip_AdnmgU
47,8,4.875,0.15789473684210525,0,0,0,False,0.02127659574468085,False,0,0,0.0,0.0,1.0,0.0,61.24000000000001,False,False,False,False,True,False,False,False,S8CArTAhkQI
82,14,4.928571428571429,0.15625,0,0,0,False,0.06097560975609756,False,0,1,0.162,0.0,0.838,0.4019,18.77909090909094,False,False,False,False,False,False,True,False,JG30dvJlZb4
99,17,4.882352941176471,0.20253164556962025,0,0,0,False,0.04040404040404041,False,0,0,0.171,0.0,0.829,0.5106,47.83250000000001,False,False,False,False,True,False,False,False,NoUpGD7bR0o
70,13,4.384615384615385,0.18867924528301888,0,0,0,False,0.05714285714285714,False,0,0,0.0,0.0,1.0,0.0,52.86500000000001,False,False,False,False,True,False,False,False,UpK8l1y3fxc
54,10,4.5,0.19047619047619047,0,0,0,False,0.05555555555555555,False,0,0,0.0,0.0,1.0,0.0,50.66500000000002,False,False,False,False,True,False,False,False,6lFXJ5hhnu4
100,14,6.214285714285714,0.16049382716049382,0,0,0,False,0.06,False,0,1,0.484,0.0,0.516,0.8834,43.963076923076954,False,False,False,False,False,False,False,False,PLd3j6Dtr9I
86,16,4.4375,0.1935483870967742,0,0,0,False,0.10465116279069768,False,0,2,0.444,0.0,0.556,0.8807,57.23363636363638,False,False,False,False,False,False,False,False,4w3mdMIFVnE
97,17,4.764705882352941,0.16883116883116883,0,0,0,False,0.041237113402061855,False,0,0,0.091,0.0,0.909,0.1531,17.382142857142867,False,False,False,True,True,False,False,False,nrTIgxgZv0w
96,15,5.466666666666667,0.16216216216216217,0,0,0,False,0.08333333333333333,False,0,1,0.0,0.0,1.0,0.0,25.455000000000013,False,False,False,False,True,False,False,False,o7xFbb_vJwg
100,16,5.3125,0.1566265060240964,0,0,0,False,0.02,False,0,0,0.157,0.0,0.843,0.4215,16.77000000000001,False,False,False,False,False,False,True,False,xOJmbab6jdg
89,17,4.235294117647059,0.16666666666666666,0,0,0,False,0.06741573033707865,False,0,1,0.179,0.0,0.821,0.5719,47.59642857142859,False,False,False,False,True,False,False,False,FQhmAVO_nUI
73,13,4.6923076923076925,0.1724137931034483,0,0,0,False,0.0410958904109589,False,0,1,0.0,0.0,1.0,0.0,35.94500000000002,False,False,False,False,True,False,True,False,AUfqrep2wAQ
66,12,4.583333333333333,0.16326530612244897,0,0,0,False,0.09090909090909091,False,0,1,0.231,0.0,0.769,0.5994,28.50000000000003,False,False,False,False,True,False,False,False,3t-ZEXDBMIA
69,12,4.833333333333333,0.16363636363636364,0,0,0,False,0.028985507246376812,True,1,0,0.428,0.11,0.462,0.6705,10.564999999999998,False,False,True,True,True,False,False,False,YsNKHGbhsIE
74,13,4.769230769230769,0.14814814814814814,0,2,0,False,0.10810810810810811,False,0,2,0.0,0.0,1.0,0.0,27.485000000000014,False,False,False,False,True,False,False,False,SpvmrQfXRnY
91,13,6.0,0.1267605633802817,0,0,0,False,0.07692307692307693,False,0,1,0.388,0.0,0.612,0.765,26.470000000000027,False,False,True,False,False,True,False,False,7t_r0IGzeXM
97,15,5.533333333333333,0.14102564102564102,0,0,0,False,0.05154639175257732,False,0,0,0.191,0.0,0.809,0.5106,-19.6754545454545,False,False,False,False,True,False,False,False,5_XYSGHGagE
97,18,4.444444444444445,0.1917808219178082,0,0,0,False,0.07216494845360824,False,0,1,0.171,0.0,0.829,0.5719,41.553571428571445,False,False,False,False,True,False,False,False,hmautziBYwg
60,12,4.0,0.18604651162790697,0,1,0,False,0.06666666666666667,True,1,0,0.404,0.0,0.596,0.7777,78.24500000000002,False,False,False,False,True,False,False,False,FR8-T5BZyWo
99,17,4.823529411764706,0.18421052631578946,1,0,0,False,0.06060606060606061,False,0,0,0.162,0.0,0.838,0.4767,47.59642857142859,False,False,False,False,True,False,False,False,2WhxyBUCBGs
100,17,4.9411764705882355,0.15384615384615385,0,0,0,False,0.06,False,0,0,0.0,0.0,1.0,0.0,5.296428571428578,False,False,False,False,True,False,False,False,4BjET02qkNI
100,16,5.3125,0.15853658536585366,0,0,0,False,0.03,False,0,0,0.0,0.0,1.0,0.0,31.97,False,False,False,False,True,True,False,False,gkvbs0T-zSk
43,11,3.0,0.3103448275862069,0,1,0,False,0.046511627906976744,True,1,0,0.0,0.0,1.0,0.0,95.165,False,False,False,False,False,False,True,False,5yLWFtb9UZs
62,12,4.25,0.5102040816326531,3,1,0,False,0.03225806451612903,False,0,0,0.0,0.185,0.815,-0.3595,87.99727272727276,False,False,False,False,False,False,True,False,OO0h8KKldpI
35,7,4.142857142857143,0.4230769230769231,1,1,1,False,0.08571428571428572,False,0,0,0.0,0.0,1.0,0.0,73.84500000000001,False,False,False,False,False,False,True,False,93SOiJeruFw
77,15,4.066666666666666,0.46551724137931033,3,1,0,False,0.025974025974025976,True,1,0,0.0,0.0,1.0,0.0,59.68214285714288,False,False,False,False,True,False,False,False,x83DC7TmHC0
56,11,4.181818181818182,0.4318181818181818,2,1,0,False,0.03571428571428571,False,0,0,0.321,0.0,0.679,0.6932,69.78500000000001,False,False,False,False,False,False,True,False,ID0yrnR4OY0
38,10,2.9,0.6666666666666666,5,1,0,False,0.05263157894736842,False,0,0,0.285,0.0,0.715,0.5562,113.10000000000002,False,False,False,False,False,False,True,False,w6d_091IOG4
58,12,3.9166666666666665,0.2826086956521739,1,0,0,False,0.017241379310344827,False,0,0,0.0,0.0,1.0,0.0,64.9245454545455,False,False,False,False,True,False,True,False,8uYwejRtBuM
70,15,3.7333333333333334,0.49056603773584906,5,1,1,False,0.04285714285714286,False,0,0,0.176,0.0,0.824,0.4574,90.95857142857145,False,False,False,False,False,False,True,False,lvGsS-YwKLY
60,13,3.6923076923076925,0.4444444444444444,3,1,0,False,0.03333333333333333,True,1,0,0.0,0.0,1.0,0.0,81.85500000000002,False,False,False,False,False,False,True,False,T8yBYnII-PM
70,13,4.461538461538462,0.5849056603773585,5,3,0,False,0.07142857142857142,False,0,0,0.0,0.0,1.0,0.0,41.8518181818182,False,False,False,False,True,False,False,False,JdTTdQ4IWnI
73,15,3.933333333333333,0.5192307692307693,7,2,3,False,0.0958904109589041,False,0,0,0.212,0.0,0.788,0.5799,83.09903846153848,False,False,False,False,False,False,True,False,-gJdHGbe4jM
82,18,3.611111111111111,0.5081967213114754,4,1,0,False,0.036585365853658534,True,1,0,0.0,0.0,1.0,0.0,58.4075,False,False,False,False,True,False,True,False,400J1kLljMQ
58,12,3.9166666666666665,0.3111111111111111,1,0,1,False,0.034482758620689655,False,0,0,0.185,0.0,0.815,0.3612,87.99727272727276,False,False,False,False,False,False,False,False,_PV9dHEl2fk
54,10,4.5,0.4418604651162791,4,1,0,False,0.037037037037037035,False,0,0,0.404,0.0,0.596,0.6625,84.90000000000003,False,False,False,False,False,False,True,False,_rJ5ALTztqo
40,8,4.125,0.5333333333333333,3,1,0,False,0.075,False,0,0,0.339,0.0,0.661,0.5562,73.84500000000001,False,False,False,False,True,False,False,False,oDyJmlBY9n0
40,8,4.125,0.7333333333333333,5,1,1,False,0.075,False,0,0,0.0,0.0,1.0,0.0,90.95857142857145,False,False,False,False,False,False,False,False,zs-bhZ_uW6A
57,12,3.8333333333333335,0.5909090909090909,5,1,0,False,0.03508771929824561,False,0,0,0.0,0.0,1.0,0.0,57.23363636363638,False,False,False,False,True,False,True,False,2Eho_vHhxUs
61,11,4.636363636363637,0.5777777777777777,4,1,0,False,0.08196721311475409,True,1,0,0.186,0.238,0.576,-0.2083,40.09,False,False,False,False,False,False,False,False,Jot3rKUVRa8
42,9,3.7777777777777777,0.5625,2,1,0,False,0.047619047619047616,False,0,0,0.421,0.0,0.579,0.6239,103.54,False,False,False,False,False,False,False,False,cdZanNhea38
52,13,3.076923076923077,0.6486486486486487,4,1,0,False,0.038461538461538464,True,1,0,0.0,0.0,1.0,0.0,88.905,False,False,False,False,True,False,True,False,8Bq8m6VD2ns
84,16,4.3125,0.328125,3,2,1,False,0.05952380952380952,False,0,0,0.203,0.0,0.797,0.5882,60.74428571428575,False,False,False,False,False,False,True,False,zm1C4abWVdA
60,11,4.545454545454546,0.4222222222222222,2,1,1,False,0.08333333333333333,False,0,0,0.195,0.0,0.805,0.3453,75.50000000000003,False,False,False,False,True,True,False,False,YavAgl8cU9s
77,16,3.875,0.3392857142857143,2,0,0,False,0.025974025974025976,True,1,0,0.0,0.0,1.0,0.0,65.72500000000001,False,False,False,False,True,False,False,False,1eAbeCfqFJQ
51,10,4.2,0.6,4,1,1,False,0.058823529411764705,True,1,0,0.0,0.0,1.0,0.0,98.8675,False,False,False,False,False,False,False,False,VQvmkBeT8jc
33,7,3.857142857142857,0.44,3,1,0,False,0.06060606060606061,False,0,0,0.0,0.0,1.0,0.0,87.94500000000002,False,False,False,False,False,False,True,False,7HcKicOuk_Y
75,18,3.2222222222222223,0.44642857142857145,3,0,0,False,0.02666666666666667,False,0,0,0.137,0.0,0.863,0.4019,90.13250000000001,False,False,False,False,True,False,True,False,Cd5H8kPsw40
72,14,4.142857142857143,0.47058823529411764,3,0,0,False,0.041666666666666664,True,1,0,0.359,0.0,0.641,0.7739,53.655,False,False,False,False,False,False,True,False,SBCn57D5dbI
79,13,5.153846153846154,0.4262295081967213,3,0,0,False,0.02531645569620253,True,1,0,0.387,0.0,0.613,0.7865,41.8518181818182,False,False,False,False,False,False,True,False,cOs9KP_cDYQ
71,15,3.8,0.4117647058823529,3,0,0,False,0.028169014084507043,True,1,0,0.0,0.0,1.0,0.0,83.0092307692308,False,False,False,False,False,False,False,True,GMzK2K7Xa0c
76,14,4.5,0.40350877192982454,4,0,0,False,0.02631578947368421,True,1,0,0.0,0.0,1.0,0.0,67.75500000000001,False,False,False,False,True,False,False,False,SblWQcKvBRE
82,15,4.533333333333333,0.3770491803278688,3,0,0,False,0.036585365853658534,True,1,0,0.0,0.0,1.0,0.0,76.50153846153849,False,False,False,False,False,False,False,False,FK-A3Ht70Y0
76,15,4.133333333333334,0.19642857142857142,0,0,0,False,0.02631578947368421,True,1,0,0.0,0.0,1.0,0.0,76.50153846153849,False,False,False,False,False,True,True,False,mRlYN11R_yw
66,13,4.153846153846154,0.44680851063829785,4,0,1,False,0.045454545454545456,True,1,0,0.0,0.0,1.0,0.0,85.88886363636365,False,False,False,False,False,False,False,False,ts1sVwthSbU
67,13,4.230769230769231,0.3958333333333333,3,0,1,False,0.04477611940298507,True,1,0,0.0,0.0,1.0,0.0,101.27068181818181,False,False,False,False,False,True,False,False,8VVtuqxAVvk
88,18,3.9444444444444446,0.4032258064516129,4,1,1,False,0.056818181818181816,True,1,0,0.0,0.19,0.81,-0.6114,86.42250000000001,False,False,False,False,False,True,False,False,r2JBBpF79VI
73,13,4.6923076923076925,0.35185185185185186,3,0,0,False,0.0410958904109589,True,1,0,0.0,0.0,1.0,0.0,57.23363636363638,False,False,True,False,False,True,False,False,aVlkVlook24
80,15,4.4,0.4166666666666667,2,0,0,False,0.025,True,1,0,0.0,0.0,1.0,0.0,69.99384615384618,False,False,False,False,False,True,False,False,N5vPSAdXsNE
62,12,4.25,0.4666666666666667,3,0,0,False,0.03225806451612903,True,1,0,0.0,0.0,1.0,0.0,69.78500000000001,False,False,False,False,False,True,False,False,y9SqZWZut6o
77,15,4.2,0.3333333333333333,3,1,1,False,0.06493506493506493,True,1,0,0.0,0.0,1.0,0.0,87.94500000000002,False,False,False,False,True,True,False,False,1cqoCnhXdM0
77,15,4.2,0.34545454545454546,3,0,1,False,0.03896103896103896,True,2,0,0.172,0.0,0.828,0.4404,76.59134615384617,False,False,False,False,False,False,False,False,ZDZ1kKeP5BE
69,14,4.0,0.40425531914893614,4,0,0,False,0.043478260869565216,True,3,0,0.0,0.0,1.0,0.0,66.79500000000002,False,False,False,False,False,False,True,False,csGyhkodrn0
58,11,4.363636363636363,0.3333333333333333,2,0,0,False,0.034482758620689655,True,1,0,0.287,0.0,0.713,0.6166,75.50000000000003,False,False,False,False,False,False,False,False,OyL3aU_DOKI
76,14,4.5,0.5818181818181818,4,0,0,False,0.05263157894736842,True,1,0,0.0,0.199,0.801,-0.4995,34.160909090909115,False,False,False,False,True,False,False,False,8G_1PgLm4GQ
67,13,4.230769230769231,0.375,2,0,0,False,0.04477611940298507,True,1,0,0.0,0.0,1.0,0.0,72.61545454545457,False,False,False,False,False,False,False,False,yNFuQyyEJKg
70,12,4.916666666666667,0.4716981132075472,3,0,0,False,0.02857142857142857,True,1,0,0.0,0.248,0.752,-0.5622,44.405,False,False,False,True,False,False,False,False,BDceequfHlU
74,14,4.357142857142857,0.5272727272727272,4,0,0,False,0.02702702702702703,True,1,0,0.0,0.0,1.0,0.0,60.70500000000001,False,False,False,False,False,False,False,False,87Lv-b6mVTU
71,15,3.8,0.3469387755102041,2,0,1,False,0.056338028169014086,True,1,0,0.0,0.0,1.0,0.0,89.6067307692308,False,False,False,False,False,False,True,False,jqSlaFhVBtg
82,17,3.8823529411764706,0.6833333333333333,8,0,0,False,0.024390243902439025,True,1,0,0.0,0.0,1.0,0.0,90.09000000000002,False,False,False,False,False,True,True,False,XaZ7xSUtyAU
71,17,3.176470588235294,0.46808510638297873,3,0,0,False,0.028169014084507043,True,2,0,0.0,0.0,1.0,0.0,90.09000000000002,False,False,False,False,True,False,True,False,vO6nYvHgYFg
62,12,4.25,0.4772727272727273,4,0,0,False,0.04838709677419355,True,1,0,0.0,0.0,1.0,0.0,78.24500000000002,False,False,False,False,False,False,False,False,Y5AtWJErFAE
24,5,4.0,0.21052631578947367,0,0,0,False,0.041666666666666664,False,0,1,0.0,0.306,0.694,-0.296,75.87500000000001,False,False,False,False,False,True,False,False,3_zMTd0SHO0
51,9,4.777777777777778,0.1951219512195122,0,0,0,False,0.0196078431372549,True,1,0,0.0,0.0,1.0,0.0,75.50000000000003,False,False,False,False,False,False,False,False,WzLgXdwMQHw
24,4,5.25,0.42857142857142855,1,0,0,False,0.0,False,0,0,0.0,0.0,1.0,0.0,54.72500000000002,False,False,False,False,False,False,False,False,JUffjlIAHUA
40,7,4.857142857142857,0.18181818181818182,0,0,0,False,0.025,False,0,1,0.271,0.0,0.729,0.3818,45.64500000000001,False,False,False,False,False,False,False,False,j5HWobDq1gE
27,5,4.6,0.18181818181818182,0,0,0,False,0.037037037037037035,False,0,0,0.0,0.0,1.0,0.0,54.72500000000002,False,False,False,False,False,False,False,False,2H3uxDHPuSE
27,6,3.6666666666666665,0.5,1,0,0,False,0.0,False,0,0,0.39,0.0,0.61,0.4939,73.84500000000001,False,False,False,False,False,False,False,False,daFowAovkLI
57,12,3.8333333333333335,0.25,0,0,0,False,0.03508771929824561,True,1,0,0.231,0.0,0.769,0.5106,64.9245454545455,False,False,False,False,False,False,False,False,pXTC149GndU
56,11,4.181818181818182,0.20454545454545456,0,0,0,False,0.03571428571428571,False,0,0,0.0,0.0,1.0,0.0,75.50000000000003,False,False,False,False,False,False,False,False,e5lHq3yOlkA
46,10,3.7,0.5142857142857142,2,0,0,False,0.043478260869565216,False,0,1,0.408,0.0,0.592,0.7351,61.24000000000001,False,False,False,False,False,False,True,False,6j0QXtqLTFM
26,4,5.75,0.17391304347826086,0,0,0,False,0.0,False,0,0,0.0,0.423,0.577,-0.296,12.425000000000011,False,False,False,False,False,False,False,False,6r3yLA9zcZQ
35,7,4.142857142857143,0.5,2,0,1,False,0.02857142857142857,False,0,0,0.0,0.368,0.632,-0.5423,42.61571428571432,False,False,False,False,False,False,False,False,KBVRo0zG7ow
28,6,3.8333333333333335,0.4782608695652174,1,0,0,False,0.0,False,0,0,0.0,0.0,1.0,0.0,73.84500000000001,False,False,False,False,False,False,False,False,3Z1osUQeJmE
53,9,5.0,0.3023255813953488,1,0,1,False,0.03773584905660377,False,0,0,0.0,0.453,0.547,-0.7003,18.940000000000026,False,False,False,False,False,False,False,False,2UzkG4eWQj0
57,12,3.8333333333333335,0.35555555555555557,1,0,0,False,0.017543859649122806,False,0,0,0.276,0.0,0.724,0.6369,72.61545454545457,False,False,False,False,False,False,True,False,3bxzoEBhdrU
47,9,4.333333333333333,0.21621621621621623,0,0,1,False,0.0425531914893617,False,0,0,0.266,0.0,0.734,0.4404,40.09,False,False,False,False,False,False,False,False,fHDTMCp5TYc
41,8,4.25,0.38235294117647056,1,0,0,False,0.0,False,0,0,0.0,0.0,1.0,0.0,71.81500000000001,False,False,False,False,False,False,False,False,LTvKMTgA4aY
52,9,4.888888888888889,0.5,2,0,0,False,0.038461538461538464,False,0,0,0.0,0.273,0.727,-0.4585,29.515000000000015,False,False,False,False,False,False,False,False,obumy_JgUTE
55,10,4.6,0.3409090909090909,2,0,0,False,0.03636363636363636,False,0,0,0.0,0.286,0.714,-0.5574,-2.2099999999999795,False,False,False,False,False,False,False,False,0mxVyBUzPQc
42,9,3.7777777777777777,0.4444444444444444,1,0,0,False,0.047619047619047616,True,1,0,0.0,0.0,1.0,0.0,71.81500000000001,False,False,False,False,False,False,True,False,tEheI3bwnuw
30,6,4.166666666666667,0.20833333333333334,0,0,0,False,0.03333333333333333,False,0,1,0.0,0.0,1.0,0.0,15.640000000000015,False,False,False,False,False,False,False,False,_Ri2QeoXoZE
20,5,3.2,0.4375,1,0,0,False,0.0,False,0,0,0.0,0.0,1.0,0.0,49.48000000000002,False,False,False,False,False,False,False,False,UydQoVlmPjg
27,4,6.0,0.75,2,0,0,False,0.0,False,0,0,0.0,0.289,0.711,-0.0572,12.425000000000011,False,False,False,False,False,False,False,False,JmUyEZ0VDAw
30,5,5.2,0.2692307692307692,1,0,0,False,0.0,False,0,0,0.71,0.0,0.29,0.8091,83.32000000000004,False,False,False,False,False,False,False,False,4ZTkVloUvO4
48,10,3.9,0.2564102564102564,0,0,0,False,0.0,False,0,0,0.244,0.0,0.756,0.4404,78.24500000000002,False,False,False,True,False,False,True,False,1oYHV3f8qyk
36,8,3.625,0.27586206896551724,0,0,0,False,0.0,False,0,0,0.0,0.239,0.761,-0.296,92.965,False,False,False,False,False,False,True,False,FsmIDEeBAe4
36,8,3.625,0.2916666666666667,0,0,0,False,0.027777777777777776,True,1,0,0.0,0.0,1.0,0.0,103.54,False,False,False,False,False,False,True,False,zLD3FggN_ok
46,8,4.875,0.3157894736842105,1,0,0,False,0.021739130434782608,False,0,0,0.358,0.0,0.642,0.5994,30.53000000000003,False,False,False,False,False,False,True,False,MkymHDCcqY8
27,5,4.6,0.5909090909090909,2,0,0,False,0.037037037037037035,False,0,0,0.286,0.0,0.714,0.1531,-29.87499999999997,False,False,False,True,False,False,False,False,xxNH6l0gmW4
29,5,5.0,0.36,1,0,0,False,0.0,False,0,0,0.0,0.0,1.0,0.0,15.640000000000015,False,False,False,False,False,False,False,False,_NpUEp9Ok3k
33,7,3.857142857142857,0.25925925925925924,0,0,0,False,0.0,False,0,0,0.6,0.0,0.4,0.8176,103.04428571428575,False,False,False,False,False,False,False,False,6rYPwC6VW9Y
24,4,5.25,0.21052631578947367,0,0,1,False,0.08333333333333333,False,0,0,0.0,0.0,1.0,0.0,97.025,False,False,False,False,False,False,False,False,UUdb8ydBhi0
15,2,7.0,0.14285714285714285,0,0,0,False,0.0,False,0,0,0.0,0.0,1.0,0.0,-48.994999999999976,False,False,False,False,True,False,False,False,voLm0qBcrxQ
19,3,5.666666666666667,0.23076923076923078,0,0,0,True,0.21052631578947367,False,0,0,0.0,0.0,1.0,0.0,62.79000000000002,False,False,False,False,False,False,False,False,-HRP402jj0o
27,5,4.6,0.21739130434782608,0,0,0,False,0.0,False,0,0,0.0,0.0,1.0,0.0,49.48000000000002,False,False,False,False,True,False,False,False,vlV4hFRjUyo
28,5,4.8,0.22727272727272727,0,0,1,False,0.07142857142857142,False,0,0,0.0,0.0,1.0,0.0,100.24000000000002,False,False,False,False,False,False,False,False,5zdXqMDwKkg
28,6,3.8333333333333335,0.2608695652173913,0,0,0,False,0.0,False,0,0,0.0,0.0,1.0,0.0,87.94500000000002,False,False,False,False,True,False,False,False,ODbzX_VDAPI
22,5,3.6,0.2777777777777778,0,0,0,False,0.0,False,0,0,0.0,0.0,1.0,0.0,100.24000000000002,False,False,False,False,False,False,False,False,_MzruPFOe9c
24,6,3.1666666666666665,0.2777777777777778,0,0,0,False,0.041666666666666664,False,0,1,0.0,0.0,1.0,0.0,83.32000000000004,False,False,False,False,False,False,False,False,pefSAfUXGv4
37,8,3.75,0.26666666666666666,0,0,0,False,0.0,False,0,0,0.535,0.0,0.465,0.7845,82.39000000000001,False,False,False,False,False,False,False,False,ryV1Fnh2hkA
25,6,3.3333333333333335,0.2631578947368421,0,0,0,False,0.0,True,1,0,0.398,0.0,0.602,0.5106,87.94500000000002,False,False,False,False,False,False,False,False,0jEP7h1fAzA
32,6,4.5,0.4444444444444444,1,0,0,False,0.0625,True,3,0,0.0,0.0,1.0,0.0,102.045,False,False,False,False,False,False,False,False,LLBbIwwVDJM
14,3,4.0,0.25,0,0,0,False,0.0,False,0,0,0.0,0.0,1.0,0.0,34.59000000000003,False,False,False,False,False,False,False,False,x-nagrd8mV8
23,5,3.8,0.2631578947368421,0,0,0,False,0.0,False,0,0,0.0,0.286,0.714,-0.1531,83.32000000000004,False,False,False,False,False,False,True,False,egfPUvm6Ec8
57,11,4.2727272727272725,0.21739130434782608,0,0,0,False,0.017543859649122806,False,0,0,0.138,0.0,0.862,0.1531,52.86500000000001,False,False,False,True,True,False,False,False,UsoB88lGdEE
44,8,4.625,0.19444444444444445,0,0,0,False,0.022727272727272728,False,0,0,0.0,0.0,1.0,0.0,30.53000000000003,False,False,False,False,False,False,False,False,ZTrlrn0SD24
41,8,4.25,0.24242424242424243,0,0,1,False,0.024390243902439025,False,0,0,0.234,0.282,0.484,-0.1531,71.81500000000001,False,False,False,False,True,False,False,False,x_LcYDuiOsk
62,10,5.3,0.17307692307692307,0,0,0,False,0.016129032258064516,False,0,0,0.0,0.0,1.0,0.0,75.50000000000003,False,False,False,False,True,False,False,False,kbnC0CG1JiA
53,9,5.0,0.20454545454545456,0,0,0,False,0.018867924528301886,False,0,0,0.0,0.0,1.0,0.0,47.30000000000004,False,False,False,False,False,False,False,False,pFuDc6k2WTY
30,6,4.166666666666667,0.24,0,0,0,False,0.0,False,0,0,0.0,0.306,0.694,-0.296,102.045,False,False,False,False,False,False,False,False,J4c3k-_G-d8
17,3,5.0,0.5333333333333333,1,0,0,False,0.0,False,0,0,0.0,0.0,1.0,0.0,34.59000000000003,False,False,False,False,False,False,False,False,MKR4dAxeHTQ
58,9,5.555555555555555,0.21739130434782608,0,0,0,True,0.06896551724137931,False,0,0,0.0,0.0,1.0,0.0,80.06750000000002,False,False,False,False,False,False,True,False,AbpEZTwSfXs
76,11,5.909090909090909,0.125,0,0,0,False,0.013157894736842105,False,0,0,0.0,0.0,1.0,0.0,18.77909090909094,False,False,False,False,True,False,False,False,LeKcXFgz_kA
41,9,3.6666666666666665,0.21875,0,0,0,False,0.024390243902439025,False,0,1,0.228,0.114,0.659,0.4404,82.39000000000001,False,False,False,False,False,False,False,False,JuvskAwRbsU
72,13,4.615384615384615,0.375,2,0,0,False,0.05555555555555555,False,0,1,0.513,0.0,0.487,0.9112,60.70500000000001,False,False,False,False,False,False,True,False,4LYOjA4OIMg
48,8,5.0,0.18181818181818182,0,1,0,False,0.14583333333333334,False,0,1,0.577,0.0,0.423,0.9468,45.64500000000001,False,False,False,False,True,False,False,False,by1Lm95LK2M
78,12,5.5,0.4262295081967213,3,0,0,False,0.0641025641025641,False,0,0,0.0,0.0,1.0,0.0,32.504999999999995,False,False,False,False,True,False,False,False,4vzGrdxpJeM
67,9,6.555555555555555,0.2641509433962264,1,0,1,False,0.08955223880597014,False,0,0,0.0,0.0,1.0,0.0,66.10000000000002,False,False,False,False,True,False,False,False,N_1bAZuDBQ8
42,8,4.375,0.12121212121212122,0,0,1,False,0.047619047619047616,False,0,0,0.0,0.0,1.0,0.0,54.70142857142861,False,False,False,False,False,False,False,False,j1K8uX8CvFg
35,6,5.0,0.13333333333333333,0,0,0,False,0.0,False,0,0,0.0,0.0,1.0,0.0,45.64500000000001,False,False,False,False,False,False,False,False,qU19GV4TcCQ
56,10,4.6,0.1590909090909091,0,0,0,False,0.03571428571428571,False,0,1,0.0,0.0,1.0,0.0,61.24000000000001,False,False,False,False,False,False,False,False,SZ0ie4xP6yQ
63,12,4.333333333333333,0.16,0,1,0,False,0.031746031746031744,False,0,0,0.0,0.0,1.0,0.0,80.30636363636367,False,False,False,False,False,False,False,False,RLPKUR4-S4Q
53,8,5.75,0.13953488372093023,0,1,0,False,0.05660377358490566,False,0,0,0.339,0.0,0.661,0.5562,30.53000000000003,False,False,False,False,False,False,False,False,JBPbK3ZjVIM
23,4,5.0,0.55,1,0,0,False,0.0,False,0,0,0.0,0.0,1.0,0.0,12.425000000000011,False,False,False,False,True,False,False,False,_KZS4B7vkKI
52,8,5.625,0.13953488372093023,0,0,0,False,0.038461538461538464,False,0,0,0.0,0.0,1.0,0.0,50.66500000000002,False,False,False,False,False,False,False,False,yjYMgguTd40
53,11,3.909090909090909,0.12195121951219512,0,0,0,False,0.03773584905660377,False,0,1,0.276,0.0,0.724,0.6369,78.24500000000002,False,False,False,False,False,False,False,False,jcds4laS_Gg
51,11,3.727272727272727,0.21951219512195122,0,0,0,False,0.0,False,0,0,0.0,0.0,1.0,0.0,87.99727272727276,False,False,False,False,False,False,False,False,KdfWjawGR2U
47,8,5.0,0.1794871794871795,0,0,1,False,0.02127659574468085,False,0,0,0.0,0.0,1.0,0.0,61.24000000000001,False,False,False,False,False,False,False,False,H7m6EYpjFMg
62,10,5.3,0.19230769230769232,0,0,0,False,0.016129032258064516,False,0,0,0.0,0.0,1.0,0.0,69.78500000000001,False,False,False,False,False,False,False,False,chxUD8bL974
78,13,5.076923076923077,0.26153846153846155,1,1,0,False,0.01282051282051282,False,0,0,0.0,0.0,1.0,0.0,56.97846153846157,False,False,False,False,False,False,False,False,bdCmPYPCz4U
71,12,5.0,0.13559322033898305,0,1,0,False,0.014084507042253521,False,0,0,0.0,0.0,1.0,0.0,60.70500000000001,False,False,False,False,False,False,False,False,yqfiHJdtmRo
41,8,4.25,0.21212121212121213,0,0,0,False,0.0,True,1,0,0.0,0.0,1.0,0.0,82.39000000000001,False,False,False,False,False,True,False,False,_8riwfGXb8k
38,6,5.333333333333333,0.4642857142857143,1,0,1,False,0.10526315789473684,False,0,0,0.0,0.0,1.0,0.0,73.84500000000001,False,False,False,False,False,False,False,False,GPylRL53sN4
57,9,5.333333333333333,0.1875,0,0,0,False,0.0,False,0,0,0.0,0.0,1.0,0.0,19.100000000000023,False,False,False,False,True,False,True,False,7wyUFpIDbnA
46,7,5.714285714285714,0.1794871794871795,0,1,0,False,0.021739130434782608,False,0,0,0.0,0.0,1.0,0.0,18.44428571428574,False,False,False,False,False,False,False,False,ausiNXIbmsk
66,10,5.7,0.3888888888888889,2,0,0,False,0.030303030303030304,True,1,0,0.0,0.0,1.0,0.0,61.32500000000002,False,False,False,False,False,False,False,False,5HCf9WfFV7E
44,6,6.5,1.0,6,0,0,False,0.0,False,0,0,0.0,0.0,1.0,0.0,45.64500000000001,False,False,False,False,False,False,False,False,2kqraAe_Etc
41,7,4.857142857142857,0.1935483870967742,0,1,0,False,0.07317073170731707,False,0,0,0.0,0.0,1.0,0.0,66.7871428571429,False,False,False,False,False,False,False,False,I82ii4jiSFU
66,12,4.5,0.24528301886792453,0,0,0,False,0.015151515151515152,False,0,0,0.0,0.0,1.0,0.0,81.85500000000002,False,False,False,False,False,False,True,False,5mR9p5ZhRKQ
64,12,4.333333333333333,0.22448979591836735,1,0,0,False,0.015625,True,1,0,0.0,0.0,1.0,0.0,67.75500000000001,False,False,False,False,False,False,False,False,yaEkkuHro7A
45,8,4.75,0.21052631578947367,0,0,0,False,0.0,False,0,0,0.0,0.0,1.0,0.0,50.66500000000002,False,False,False,False,False,False,False,False,GhRb9VUZOKI
58,12,3.9166666666666665,0.21739130434782608,1,1,0,False,0.017241379310344827,False,0,0,0.0,0.0,1.0,0.0,87.94500000000002,False,False,False,False,False,False,False,False,l8FbT9D1Xgk
49,8,5.125,0.225,0,0,0,False,0.02040816326530612,False,0,0,0.0,0.0,1.0,0.0,40.09,False,False,False,False,True,False,False,False,d8md3uAKX8k
51,10,4.2,0.1951219512195122,0,0,0,False,0.0196078431372549,False,0,0,0.0,0.0,1.0,0.0,66.10000000000002,False,False,False,False,False,False,False,False,SxTPKXNxCpc
39,6,5.666666666666667,0.15151515151515152,0,1,0,False,0.02564102564102564,False,0,0,0.0,0.0,1.0,0.0,45.64500000000001,False,False,False,True,False,False,False,False,EvEp-vMXtQ4
44,7,5.428571428571429,0.16216216216216217,0,0,0,False,0.022727272727272728,False,0,0,0.0,0.0,1.0,0.0,54.70142857142861,False,False,False,False,False,False,False,False,ZqsMXRh_qKg
34,5,6.0,0.14285714285714285,0,1,0,False,0.058823529411764705,False,0,0,0.0,0.0,1.0,0.0,66.40000000000003,False,False,False,False,False,False,False,False,vYYqvvCZp9k
84,14,5.0,0.3235294117647059,2,0,0,False,0.011904761904761904,True,1,0,0.0,0.0,1.0,0.0,66.7871428571429,False,False,False,False,False,False,True,False,ZS60WqwUMlE
72,14,4.214285714285714,1.0,14,0,0,False,0.0,False,0,0,0.0,0.161,0.839,-0.3612,71.76785714285715,False,False,False,False,False,False,False,False,pC1LvkMPR5U
59,11,4.454545454545454,0.9583333333333334,10,0,0,False,0.01694915254237288,False,0,0,0.0,0.0,1.0,0.0,80.30636363636367,False,False,False,False,False,False,False,False,pC2t-8Dgl-I
52,9,4.888888888888889,0.16279069767441862,0,0,0,False,0.019230769230769232,False,0,0,0.0,0.0,1.0,0.0,82.39000000000001,False,False,False,False,False,False,False,False,im1KJ595kxA
30,6,4.0,1.0,6,0,0,False,0.0,False,0,0,0.0,0.0,1.0,0.0,59.745000000000005,False,False,False,False,False,False,False,False,B7HjmXdReyQ
37,6,5.333333333333333,1.0,6,1,0,False,0.02702702702702703,False,0,0,0.0,0.0,1.0,0.0,87.94500000000002,False,False,False,False,False,False,False,False,0VSeKDkC_Mc
53,9,5.0,0.23255813953488372,0,0,1,False,0.03773584905660377,False,0,0,0.0,0.0,1.0,0.0,75.50000000000003,False,False,False,False,False,False,False,False,UqzmpVY9Klg
35,6,4.833333333333333,0.42857142857142855,2,1,0,False,0.02857142857142857,False,0,0,0.0,0.0,1.0,0.0,87.94500000000002,False,False,False,False,False,False,False,False,XuUeotZ8doU
65,12,4.5,1.0,12,0,1,False,0.03076923076923077,False,0,0,0.0,0.0,1.0,0.0,74.805,False,False,False,False,False,False,False,False,8aLNkVpOtPs
26,4,5.5,1.0,4,0,0,False,0.0,False,0,0,0.0,0.0,1.0,0.0,54.72500000000002,False,False,False,False,False,False,False,False,TXscVLy1xek
66,11,5.0,1.0,10,1,0,False,0.06060606060606061,False,0,0,0.287,0.0,0.713,0.6155,83.32000000000004,False,False,False,False,False,False,False,False,FgdMKMM9MpA
78,13,5.076923076923077,0.18461538461538463,0,0,0,False,0.01282051282051282,False,0,0,0.0,0.172,0.828,-0.3612,56.97846153846157,False,False,False,False,False,False,False,False,BD-m8KjLqvI
27,5,4.4,1.0,5,0,0,False,0.0,False,0,0,0.0,0.0,1.0,0.0,83.32000000000004,False,False,False,False,False,False,False,False,t6mHyqd0qMY
68,12,4.75,0.17857142857142858,0,0,0,False,0.014705882352941176,False,0,0,0.197,0.0,0.803,0.4019,46.60500000000002,False,False,False,False,False,True,False,False,IU_h57PqnKo
38,5,6.6,1.0,5,1,0,False,0.02631578947368421,False,0,0,0.0,0.0,1.0,0.0,32.56000000000003,False,False,False,False,False,False,False,False,R94GR9TSU2k
64,12,4.416666666666667,1.0,12,1,0,False,0.015625,False,0,0,0.0,0.0,1.0,0.0,73.84500000000001,False,False,False,False,False,False,False,False,xniz9UeXJ7M
56,9,5.333333333333333,1.0,9,1,0,False,0.05357142857142857,False,0,1,0.0,0.0,1.0,0.0,89.46750000000003,False,False,False,False,False,False,False,False,ZSJKm9UGTts
53,6,8.0,1.0,6,0,0,False,0.1320754716981132,False,0,2,0.525,0.0,0.475,0.7672,31.545000000000016,False,False,False,False,True,False,False,False,sQ2KoSoSPSo
57,7,7.142857142857143,1.0,7,1,0,False,0.08771929824561403,False,0,1,0.248,0.0,0.752,0.5093,21.99678571428572,False,False,False,False,True,False,False,False,J_zaZ9BzlF8
89,13,5.846153846153846,0.7857142857142857,9,3,0,False,0.06741573033707865,False,0,2,0.0,0.178,0.822,-0.5386,40.625,False,False,False,False,False,False,False,False,xzcNIGGZM-U
53,9,4.888888888888889,1.0,8,1,0,False,0.05660377358490566,False,0,1,0.0,0.0,1.0,0.0,75.87500000000001,False,False,False,False,False,False,False,False,LKG-tu5nK1Q
47,8,5.0,1.0,7,1,0,False,0.10638297872340426,False,0,1,0.0,0.0,1.0,0.0,46.1682142857143,False,False,False,False,True,False,False,False,hl9-53r5c8c
40,8,4.0,1.0,8,1,0,False,0.025,False,0,0,0.0,0.0,1.0,0.0,71.81500000000001,False,False,False,False,False,False,False,False,Um7lHRKH93Q
41,5,7.2,1.0,5,1,0,False,0.04878048780487805,False,0,1,0.21,0.0,0.79,0.1511,32.56000000000003,False,False,False,False,False,False,False,False,TOLsSJuaUss
49,7,6.142857142857143,1.0,7,1,0,False,0.061224489795918366,False,0,1,0.292,0.0,0.708,0.5093,34.08250000000001,False,False,False,False,False,False,False,False,xA-a7FqdKMI
59,11,4.363636363636363,1.0,11,1,1,False,0.03389830508474576,False,0,0,0.0,0.0,1.0,0.0,62.81613636363636,False,False,False,False,False,False,False,False,LdJ7yPKJ3rM
45,7,5.571428571428571,1.0,7,1,1,False,0.044444444444444446,False,0,0,0.0,0.0,1.0,0.0,66.7871428571429,False,False,False,False,False,False,False,False,XJD3MxTArcM
67,9,6.444444444444445,0.6666666666666666,5,0,0,False,0.04477611940298507,True,1,1,0.287,0.0,0.713,0.6633,19.100000000000023,False,False,False,False,True,True,False,False,asfl68wFkTY
55,9,5.111111111111111,1.0,9,2,0,False,0.03636363636363636,False,0,0,0.0,0.0,1.0,0.0,61.26750000000001,False,False,False,False,False,False,False,False,ZTH7BmLe-dE
51,7,6.428571428571429,1.0,7,1,0,False,0.13725490196078433,False,0,1,0.0,0.0,1.0,0.0,30.53000000000003,False,False,False,False,False,True,False,False,oTR93YOrD4E
47,8,5.0,1.0,6,0,0,False,0.1276595744680851,True,1,2,0.0,0.0,1.0,0.0,42.61571428571432,False,False,False,False,False,False,True,False,p_lSHYBuqEQ
69,10,6.0,1.0,9,2,0,False,0.10144927536231885,False,0,2,0.0,0.0,1.0,0.0,33.067500000000024,False,False,False,False,False,False,False,False,kuOV2wsCQkI
60,12,4.083333333333333,1.0,11,1,0,False,0.06666666666666667,False,0,1,0.32,0.144,0.536,0.6027,85.88886363636365,False,False,False,False,False,False,False,False,jqV4V8LlHNY
33,6,4.666666666666667,1.0,6,1,0,False,0.030303030303030304,False,0,0,0.0,0.0,1.0,0.0,45.64500000000001,False,False,False,False,False,False,False,False,Uz4jCN5PknY
74,12,5.25,1.0,11,1,0,False,0.05405405405405406,False,0,1,0.296,0.0,0.704,0.7424,34.160909090909115,False,False,False,False,False,False,False,False,KWIq1e7hujg
52,8,5.5,1.0,7,1,0,False,0.057692307692307696,False,0,1,0.0,0.0,1.0,0.0,42.61571428571432,False,False,False,False,False,False,False,False,UT6EARqTjc0
32,5,5.4,1.0,5,1,0,False,0.03125,False,0,0,0.0,0.0,1.0,0.0,32.56000000000003,False,False,False,False,False,False,False,False,BFGEPE02_yg
56,10,4.5,1.0,10,1,0,False,0.017857142857142856,False,0,0,0.0,0.0,1.0,0.0,66.40000000000003,False,False,False,False,False,False,False,False,fg556sKq420
51,8,5.5,1.0,8,1,0,False,0.058823529411764705,False,0,1,0.0,0.0,1.0,0.0,44.150000000000006,False,False,False,False,True,False,False,False,zPBaj8ON4W0
69,12,4.833333333333333,1.0,12,2,0,False,0.028985507246376812,False,0,0,0.0,0.0,1.0,0.0,59.745000000000005,False,False,False,False,False,False,False,False,N4OQmB4jtuQ
61,10,5.2,1.0,10,2,0,False,0.03278688524590164,False,0,0,0.0,0.0,1.0,0.0,74.86000000000003,False,False,False,False,False,False,False,False,dMjDm3gGI_s
38,6,5.5,1.0,6,1,0,False,0.13157894736842105,False,0,1,0.369,0.0,0.631,0.8221,59.745000000000005,False,False,False,False,False,False,False,False,SE0vYzFWWuQ
62,10,5.1,1.0,10,1,0,False,0.016129032258064516,False,0,0,0.0,0.0,1.0,0.0,66.40000000000003,False,False,False,False,False,False,False,False,dn-N8b-mBws
71,11,5.454545454545454,1.0,11,1,0,False,0.028169014084507043,False,0,0,0.0,0.0,1.0,0.0,55.12522727272727,False,False,False,False,False,False,False,False,v0GmoBQoUp8
55,10,4.6,1.0,10,1,0,False,0.07272727272727272,False,0,1,0.17,0.263,0.567,-0.3164,74.86000000000003,False,False,False,False,False,False,False,False,1G_7c2VAReI
43,8,4.5,1.0,8,1,0,False,0.046511627906976744,False,0,1,0.364,0.0,0.636,0.7424,86.45000000000002,False,False,False,False,False,False,False,False,dekuPQrBMmw
50,9,4.666666666666667,0.7105263157894737,6,2,0,False,0.08,False,0,1,0.0,0.0,1.0,0.0,90.99000000000004,False,False,False,False,False,False,False,False,s4OZggJc2dY
43,7,5.285714285714286,1.0,7,1,0,False,0.11627906976744186,False,0,1,0.0,0.0,1.0,0.0,78.87285714285717,False,False,False,False,False,False,False,False,fapVIfhm8L8
61,11,4.636363636363637,1.0,11,1,2,False,0.04918032786885246,False,0,0,0.203,0.0,0.797,0.372,64.6769696969697,False,False,False,False,False,False,False,False,qgJ1-6rvBaU
51,9,4.666666666666667,1.0,9,2,0,False,0.0392156862745098,False,0,0,0.0,0.0,1.0,0.0,89.46750000000003,False,False,False,False,False,False,False,False,KUdr8uyNw10
40,6,5.833333333333333,1.0,6,1,0,False,0.075,False,0,1,0.0,0.0,1.0,0.0,73.84500000000001,False,False,False,False,False,False,False,False,9P0SjGZ5OZ0
59,9,5.444444444444445,1.0,9,2,0,False,0.03389830508474576,False,0,0,0.0,0.0,1.0,0.0,42.46750000000003,False,False,False,False,False,False,False,False,jPZvn9TQa4c
75,12,5.333333333333333,1.0,12,1,0,False,0.02666666666666667,False,0,1,0.0,0.0,1.0,0.0,52.69500000000002,False,False,False,False,False,False,False,False,vS05wVa3BFU
53,8,5.625,1.0,8,1,0,False,0.018867924528301886,False,0,0,0.0,0.0,1.0,0.0,71.81500000000001,False,False,False,False,False,False,False,False,g6Ki5rT8VAw
56,10,4.6,1.0,10,3,0,False,0.05357142857142857,False,0,0,0.0,0.0,1.0,0.0,117.16000000000003,False,False,False,False,False,False,False,False,J6NWDRy_ar0
65,8,7.25,1.0,8,1,0,False,0.09230769230769231,False,0,1,0.0,0.0,1.0,0.0,61.24000000000001,False,False,False,False,False,False,False,False,aevaMsHmeg0
40,8,4.0,1.0,8,2,0,False,0.05,False,0,0,0.0,0.0,1.0,0.0,97.025,False,False,False,False,False,False,False,False,En9qYI3ZY3M
53,8,5.75,1.0,8,2,0,False,0.03773584905660377,False,0,0,0.0,0.0,1.0,0.0,75.87500000000001,False,False,False,False,False,False,False,False,A2Fiu81B4-0
58,10,4.9,0.8444444444444444,6,2,0,False,0.06896551724137931,False,0,1,0.0,0.0,1.0,0.0,54.72500000000002,False,False,False,False,False,False,False,False,zEayjrSKcBM
57,9,5.333333333333333,1.0,9,2,0,False,0.03508771929824561,False,0,0,0.0,0.0,1.0,0.0,61.26750000000001,False,False,False,False,False,False,False,False,T4etQQJy5J8
74,13,4.769230769230769,1.0,13,2,0,False,0.05405405405405406,False,0,1,0.0,0.0,1.0,0.0,91.80589743589745,False,False,False,False,False,False,False,False,FBoy0aHEHmI
52,9,4.777777777777778,1.0,9,2,0,False,0.038461538461538464,False,0,0,0.0,0.0,1.0,0.0,51.867500000000035,False,False,False,False,False,False,False,False,ZTH41Y58n5o
76,13,4.846153846153846,1.0,13,2,0,False,0.02631578947368421,False,0,0,0.0,0.24,0.76,-0.5837,70.08365384615385,False,False,False,False,False,False,False,False,zhvCUlNa2-U
59,10,5.0,1.0,10,1,0,False,0.01694915254237288,False,0,0,0.0,0.0,1.0,0.0,49.48000000000002,False,False,False,False,False,False,False,False,W4f-AerI5wI
43,6,6.333333333333333,0.15789473684210525,0,0,0,False,0.0,False,0,0,0.0,0.0,1.0,0.0,31.545000000000016,False,False,False,False,False,False,True,False,6vwjfsf7Y6Y
59,8,6.5,0.16326530612244897,0,1,0,False,0.05084745762711865,False,0,0,0.0,0.0,1.0,0.0,50.66500000000002,False,False,False,False,False,False,True,False,wJtOg7zOy50
58,8,6.375,0.14285714285714285,0,0,1,False,0.034482758620689655,False,0,0,0.0,0.0,1.0,0.0,71.81500000000001,False,False,False,False,False,False,False,False,mmP8V50x1uE
42,8,4.25,0.24242424242424243,1,0,0,False,0.023809523809523808,False,0,0,0.0,0.0,1.0,0.0,78.87285714285717,False,False,False,False,False,False,False,False,ayUFXA3rOV8
51,5,9.2,0.1111111111111111,0,0,0,False,0.0196078431372549,False,0,0,0.0,0.0,1.0,0.0,-1.2799999999999727,False,False,False,False,False,False,False,False,cqL7tPoo8LA
72,11,5.636363636363637,0.16666666666666666,0,0,0,False,0.027777777777777776,False,0,0,0.0,0.0,1.0,0.0,52.86500000000001,False,False,False,False,False,True,False,False,kT4MeAdOm9E
67,8,7.5,0.11864406779661017,0,0,0,False,0.014925373134328358,False,0,0,0.0,0.0,1.0,0.0,29.515000000000015,False,False,False,False,False,False,False,False,JOf5snxwHFQ
66,7,8.571428571428571,0.11864406779661017,0,0,0,False,0.015151515151515152,False,0,0,0.0,0.0,1.0,0.0,6.35857142857148,False,False,False,False,False,False,False,False,A1-SAUFfPBU
50,6,7.333333333333333,0.13953488372093023,0,0,0,False,0.02,False,0,0,0.0,0.0,1.0,0.0,45.64500000000001,False,False,False,False,False,False,False,False,UhfYlZHs7wg
62,10,5.3,0.26,1,0,0,False,0.04838709677419355,False,0,1,0.172,0.0,0.828,0.3612,66.10000000000002,False,False,False,False,False,False,False,False,e7KlwLNHMnM
71,10,6.2,0.14754098360655737,0,0,0,False,0.014084507042253521,False,0,0,0.0,0.0,1.0,0.0,61.32500000000002,False,False,False,False,False,False,True,False,bo_JxMdLDKs
48,9,4.444444444444445,0.225,0,0,0,False,0.0,False,0,0,0.0,0.0,1.0,0.0,75.50000000000003,False,False,False,False,False,False,True,False,s2F3S3VvPfs
42,6,6.166666666666667,0.16666666666666666,0,0,0,False,0.023809523809523808,False,0,0,0.0,0.0,1.0,0.0,59.745000000000005,False,False,False,False,False,False,False,False,2GXhyDXKERw
48,5,8.8,0.14285714285714285,0,0,0,False,0.041666666666666664,False,0,0,0.0,0.0,1.0,0.0,32.56000000000003,False,False,False,False,False,False,True,False,bEo0O7iYNjE
60,7,7.714285714285714,0.1320754716981132,0,0,0,False,0.016666666666666666,False,0,0,0.0,0.0,1.0,0.0,6.35857142857148,False,False,False,False,False,False,False,False,TSzPgBIbFsw
47,7,5.857142857142857,0.1794871794871795,0,1,0,False,0.0425531914893617,False,0,0,0.0,0.0,1.0,0.0,66.7871428571429,False,False,False,False,False,False,True,False,abo54OxUKRM
24,3,7.0,0.14285714285714285,0,0,0,False,0.0,False,0,0,0.615,0.0,0.385,0.4939,34.59000000000003,False,False,False,False,False,False,False,False,UlIqoHR7dS4
56,6,8.333333333333334,0.12244897959183673,0,0,0,False,0.017857142857142856,False,0,0,0.381,0.0,0.619,0.4728,17.44500000000002,False,False,False,False,False,False,False,False,IQIMUswCObo
49,6,7.333333333333333,0.14285714285714285,0,1,0,False,0.04081632653061224,False,0,0,0.0,0.0,1.0,0.0,45.64500000000001,False,False,False,False,False,False,False,False,kP5ydcdvtj8
47,6,7.0,0.0975609756097561,0,0,0,False,0.02127659574468085,False,0,0,0.0,0.0,1.0,0.0,45.64500000000001,False,False,False,False,False,False,False,False,9ISASKjXH9s
85,11,6.7272727272727275,0.1506849315068493,0,0,0,False,0.011764705882352941,False,0,0,0.0,0.0,1.0,0.0,11.088181818181852,False,False,False,False,False,False,False,False,ShL5YVoX82E
60,6,9.166666666666666,0.11764705882352941,0,0,0,False,0.06666666666666667,False,0,0,0.254,0.0,0.746,0.1779,17.44500000000002,False,False,False,False,False,False,False,False,V-ApQQPliLQ
78,11,6.181818181818182,0.15151515151515152,0,0,0,False,0.02564102564102564,False,0,0,0.0,0.0,1.0,0.0,57.23363636363638,False,False,False,False,False,False,False,False,tjknX3oECGM
70,8,7.75,0.13114754098360656,0,0,0,False,0.014285714285714285,False,0,0,0.504,0.0,0.496,0.7269,18.940000000000026,False,False,False,False,False,False,False,False,YdvgpuyTkdw
80,12,5.75,0.1791044776119403,0,0,0,False,0.025,False,0,0,0.0,0.234,0.766,-0.5209,53.655,False,False,False,False,False,False,False,False,Y2h5PCUmXS8
66,7,8.428571428571429,0.10526315789473684,0,0,0,False,0.030303030303030304,False,0,0,0.0,0.0,1.0,0.0,3.344999999999999,False,False,False,False,False,False,False,False,AFatxGCPo7o
68,8,7.625,0.13793103448275862,0,0,0,False,0.04411764705882353,False,0,0,0.0,0.0,1.0,0.0,29.515000000000015,False,False,False,False,False,False,False,False,mZ4BD_VM41w
63,7,8.0,0.12727272727272726,0,0,0,False,0.015873015873015872,False,0,0,0.0,0.31,0.69,-0.4019,6.35857142857148,False,False,False,False,False,False,False,False,RbzR8ren5yo
63,8,7.0,0.14545454545454545,0,0,0,False,0.015873015873015872,False,0,0,0.512,0.0,0.488,0.743,18.940000000000026,False,False,False,False,False,False,True,False,YbHtsfw6ytU
70,10,6.1,0.15254237288135594,0,0,0,False,0.014285714285714285,True,1,0,0.0,0.0,1.0,0.0,52.86500000000001,False,False,False,False,False,False,True,False,gD4B0tkZEW8
71,11,5.545454545454546,0.17543859649122806,0,0,0,False,0.04225352112676056,True,1,0,0.0,0.0,1.0,0.0,72.61545454545457,False,False,False,True,False,False,False,False,3vo-jzO6tno
51,6,7.666666666666667,0.13333333333333333,0,0,0,False,0.0196078431372549,False,0,0,0.0,0.0,1.0,0.0,45.64500000000001,False,False,False,True,False,False,False,False,f8GAFN1SBE0
51,6,7.5,0.13636363636363635,0,0,0,False,0.0196078431372549,False,0,0,0.0,0.0,1.0,0.0,17.44500000000002,False,False,False,False,False,False,True,False,ugmaRhGuqGw
57,6,8.666666666666666,0.11764705882352941,0,0,0,False,0.017543859649122806,False,0,0,0.0,0.0,1.0,0.0,3.344999999999999,False,False,False,False,False,False,False,False,CKTVd_wvfcw
76,10,6.7,0.15384615384615385,0,1,0,False,0.02631578947368421,False,0,0,0.0,0.0,1.0,0.0,44.405,False,False,False,False,False,False,False,False,D5jm4IdyR8Y
49,6,7.333333333333333,0.14634146341463414,0,1,0,False,0.061224489795918366,False,0,0,0.0,0.0,1.0,0.0,17.44500000000002,False,False,False,False,False,False,True,False,sg1ZztHl_-E
72,12,5.083333333333333,0.22807017543859648,1,0,0,False,0.013888888888888888,True,1,0,0.0,0.0,1.0,0.0,74.805,False,False,False,False,False,False,False,False,OPi69NVQmmY
66,9,6.444444444444445,0.16363636363636364,0,1,1,False,0.045454545454545456,False,0,0,0.0,0.0,1.0,0.0,47.30000000000004,False,False,False,True,False,False,False,False,Q5p3Cd6U4Pk
50,7,6.285714285714286,0.21951219512195122,1,2,0,False,0.06,False,0,0,0.636,0.0,0.364,0.8668,70.33964285714288,False,False,False,False,False,False,False,False,j4T5k_N8Jbw
62,7,8.0,0.1320754716981132,0,1,0,False,0.04838709677419355,False,0,0,0.0,0.0,1.0,0.0,18.44428571428574,False,False,False,False,False,False,False,False,68za-DSXCNU
54,5,9.8,0.10638297872340426,0,1,0,False,0.037037037037037035,False,0,0,0.0,0.0,1.0,0.0,-18.19999999999996,False,False,False,False,False,False,False,False,mp4YoAyOuws
78,13,5.076923076923077,0.203125,0,1,0,False,0.02564102564102564,False,0,0,0.0,0.0,1.0,0.0,50.470769230769264,False,False,False,False,False,False,True,False,8dOWYbDiNK4
51,5,9.4,0.11363636363636363,0,2,0,False,0.058823529411764705,False,0,0,0.0,0.0,1.0,0.0,-1.2799999999999727,False,False,False,False,False,False,False,False,jz-ZvL6BCnw
55,10,4.6,0.2222222222222222,0,0,0,False,0.01818181818181818,False,0,0,0.262,0.0,0.738,0.4939,78.24500000000002,False,False,False,False,False,False,True,False,PDl3jK_xTKE
72,10,6.3,0.16393442622950818,0,0,0,False,0.027777777777777776,False,0,0,0.287,0.0,0.713,0.5598,61.32500000000002,False,False,False,False,False,False,False,False,C6JkJZmix3E
64,8,7.0,0.14545454545454545,0,0,0,False,0.015625,False,0,0,0.0,0.0,1.0,0.0,40.09,False,False,False,True,False,False,False,False,zEpQOCHz8pQ
82,11,6.454545454545454,0.15714285714285714,0,0,0,False,0.012195121951219513,False,0,0,0.0,0.0,1.0,0.0,34.160909090909115,False,False,False,False,False,False,False,False,4S3F380IMbo
63,10,5.4,0.18867924528301888,0,0,0,False,0.015873015873015872,False,0,0,0.262,0.0,0.738,0.4939,61.32500000000002,False,False,False,True,False,False,False,False,9pAGVSdeEuk
72,8,8.125,0.125,0,0,0,False,0.013888888888888888,False,0,0,0.0,0.0,1.0,0.0,8.365000000000009,False,False,False,False,False,False,False,False,72s3Ns0a-Uk
78,11,6.181818181818182,0.16666666666666666,0,1,0,False,0.02564102564102564,False,0,0,0.0,0.0,1.0,0.0,62.81613636363636,False,False,False,False,False,False,False,False,n1F6BYnhheI
84,11,6.7272727272727275,0.15384615384615385,0,0,0,False,0.10714285714285714,False,0,5,0.0,0.0,1.0,0.0,0.30000000000001137,False,False,False,False,True,True,False,False,171e_Au5eSc
88,14,5.357142857142857,0.4153846153846154,4,0,0,False,0.11363636363636363,False,0,5,0.085,0.282,0.633,-0.6536,52.69500000000002,False,False,False,False,True,True,False,False,pLoE3KFTSiY
79,11,6.2727272727272725,0.5333333333333333,4,0,0,False,0.11392405063291139,False,0,5,0.0,0.0,1.0,0.0,9.700000000000017,False,False,False,False,True,True,False,False,90R0Ngejmbc
85,12,6.166666666666667,0.6153846153846154,6,0,0,False,0.10588235294117647,False,0,5,0.0,0.0,1.0,0.0,19.025000000000006,False,False,False,False,True,True,False,False,gw4lSym8aas
82,11,6.545454545454546,0.1746031746031746,0,0,0,False,0.10975609756097561,False,0,5,0.0,0.0,1.0,0.0,9.700000000000017,False,False,False,False,True,True,False,False,cTm4dIzI-uE
82,13,5.230769230769231,0.2413793103448276,1,1,0,False,0.12195121951219512,False,0,5,0.0,0.0,1.0,0.0,70.50704545454548,False,False,False,False,True,True,False,False,VszJijBmuQI
93,14,5.714285714285714,0.6197183098591549,7,0,0,False,0.0967741935483871,False,0,5,0.0,0.341,0.659,-0.8301,39.55500000000001,False,False,False,False,True,True,False,False,6ctuE_I8gFw
86,13,5.6923076923076925,0.32786885245901637,2,1,0,False,0.12790697674418605,True,1,5,0.154,0.0,0.846,0.4064,62.81613636363636,False,False,False,False,True,True,False,False,QvjK0juc13I
75,11,5.909090909090909,0.4642857142857143,3,0,0,False,0.12,False,0,5,0.0,0.0,1.0,0.0,19.100000000000023,False,False,False,True,True,True,False,False,y0rpAIXsz7w
86,12,6.25,0.30303030303030304,3,0,0,False,0.10465116279069768,False,0,5,0.0,0.0,1.0,0.0,10.564999999999998,False,False,False,False,True,True,False,False,rLEOs7MPQgk
74,11,5.818181818181818,0.18518518518518517,0,1,0,False,0.13513513513513514,False,0,5,0.0,0.0,1.0,0.0,61.26750000000001,False,False,False,False,True,True,False,False,IedF5DKCHLI
76,11,6.0,0.5535714285714286,5,1,0,False,0.13157894736842105,False,0,5,0.0,0.0,1.0,0.0,42.46750000000003,False,False,False,False,True,True,False,False,fo4GOxQW4io
92,13,6.153846153846154,0.22727272727272727,1,1,0,False,0.10869565217391304,True,1,5,0.0,0.0,1.0,0.0,55.12522727272727,False,False,False,False,True,True,False,False,dcO4sKvu9WY
83,12,6.0,0.5967741935483871,6,0,1,False,0.12048192771084337,False,0,5,0.0,0.236,0.764,-0.6523,27.485000000000014,False,False,False,False,True,True,False,False,BhJhHS9Bhlo
98,13,6.538461538461538,0.44594594594594594,4,0,1,False,0.11224489795918367,False,0,5,0.0,0.0,1.0,0.0,26.470000000000027,False,False,False,False,True,True,False,False,-DRTqUaGQjk
82,11,6.454545454545454,0.4032258064516129,2,0,0,False,0.10975609756097561,False,0,5,0.0,0.0,1.0,0.0,28.50000000000003,False,False,False,False,True,True,False,False,zr4edRqvVdM
85,14,5.142857142857143,0.14754098360655737,0,1,0,False,0.12941176470588237,False,0,6,0.0,0.0,1.0,0.0,62.81613636363636,False,False,False,False,True,True,False,False,ERHL-zF_nko
100,14,6.214285714285714,0.8076923076923077,9,0,0,False,0.09,False,0,5,0.0,0.164,0.836,-0.4824,39.55500000000001,False,False,False,False,True,True,False,False,SQwbiEzP0G4
97,15,5.533333333333333,0.36486486486486486,3,0,1,False,0.09278350515463918,False,0,4,0.0,0.14,0.86,-0.4466,63.57596153846157,False,False,False,False,True,True,False,False,kbGkEHW5OOQ
96,14,5.857142857142857,0.2916666666666667,2,1,0,False,0.10416666666666667,False,0,5,0.0,0.175,0.825,-0.5255,45.64500000000001,False,False,False,False,True,True,False,True,MxsNP8XxE6o
82,11,6.545454545454546,0.3870967741935484,2,1,0,False,0.12195121951219512,False,0,5,0.0,0.0,1.0,0.0,14.267500000000013,False,False,False,False,True,True,False,False,GZrozQgcVUE
97,12,7.166666666666667,0.3246753246753247,2,0,0,False,0.09278350515463918,False,0,5,0.0,0.0,1.0,0.0,-14.814999999999998,False,False,False,False,True,True,False,False,pLXLOiK2548
83,12,6.0,0.3064516129032258,2,0,1,False,0.12048192771084337,False,0,5,0.0,0.0,1.0,0.0,39.7434090909091,False,False,False,False,True,True,False,False,yd81jbmw0GM
83,13,5.461538461538462,0.45901639344262296,3,0,0,False,0.12048192771084337,False,0,5,0.0,0.0,1.0,0.0,44.405,False,False,False,False,True,True,False,False,LiSm3f70Efg
100,13,6.769230769230769,0.6835443037974683,7,0,0,False,0.09,False,0,5,0.0,0.0,1.0,0.0,11.088181818181852,False,False,False,False,True,True,False,False,sA8LcQrHez0
86,14,5.214285714285714,0.43548387096774194,3,1,1,False,0.12790697674418605,False,0,5,0.0,0.205,0.795,-0.628,66.79500000000002,False,False,False,True,True,True,False,False,vLUdTNHrhIY
99,15,5.6,0.7066666666666667,9,0,0,False,0.09090909090909091,False,0,5,0.0,0.0,1.0,0.0,17.932307692307717,False,False,False,False,True,True,False,False,evWzWwbhqDo
76,10,6.7,0.5689655172413793,4,0,0,False,0.11842105263157894,False,0,5,0.27,0.0,0.73,0.6633,8.365000000000009,False,False,False,False,True,True,False,False,WjT-W-4f-GA
77,11,6.0,0.5178571428571429,4,1,0,False,0.12987012987012986,False,0,5,0.0,0.0,1.0,0.0,42.46750000000003,False,False,False,False,True,True,False,False,6lCPoTHBDak
98,16,5.1875,0.5694444444444444,6,1,0,False,0.11224489795918367,False,0,5,0.179,0.0,0.821,0.6027,60.74428571428575,False,False,False,False,True,True,False,False,_NXWMUcjzAc
94,14,5.785714285714286,0.7222222222222222,8,0,0,False,0.09574468085106383,False,0,5,0.0,0.0,1.0,0.0,46.60500000000002,False,False,False,False,True,True,False,False,GemjuzX0sOM
74,11,5.818181818181818,0.22641509433962265,1,0,1,False,0.14864864864864866,False,0,5,0.0,0.0,1.0,0.0,56.70000000000002,False,False,False,False,True,True,False,False,gEPwKzlOQYM
96,15,5.466666666666667,0.5138888888888888,5,0,0,False,0.10416666666666667,False,0,5,0.0,0.151,0.849,-0.4648,67.75500000000001,False,False,True,False,True,True,False,False,qXxAmkAa_l4
92,15,5.2,0.4264705882352941,5,0,0,False,0.10869565217391304,False,0,5,0.0,0.0,1.0,0.0,46.60500000000002,False,False,False,False,True,True,False,False,d0tTr9QQV8w
98,15,5.6,0.2714285714285714,2,1,1,False,0.12244897959183673,True,1,5,0.0,0.0,1.0,0.0,37.54519230769233,False,False,False,False,True,True,False,False,-fzaMJvfFn0
96,16,5.0625,0.6901408450704225,9,0,0,False,0.10416666666666667,False,0,5,0.127,0.202,0.67,-0.4404,47.59642857142859,False,False,False,True,True,True,False,False,cmVNFHLVWOg
97,14,6.0,0.5492957746478874,5,1,0,False,0.1134020618556701,True,1,5,0.0,0.0,1.0,0.0,31.545000000000016,False,False,False,False,True,True,False,False,7agxhNm-LH0
94,15,5.333333333333333,0.43283582089552236,4,1,1,False,0.1276595744680851,True,1,5,0.164,0.0,0.836,0.5147,50.56057692307695,False,False,False,False,True,True,False,False,PWFl-h7guGY
86,13,5.6923076923076925,0.7580645161290323,8,1,1,False,0.13953488372093023,False,0,5,0.0,0.0,1.0,0.0,56.98606060606062,False,False,True,False,True,True,False,False,ktM-mILEjyk
100,17,4.9411764705882355,0.3888888888888889,4,0,0,False,0.12,False,0,6,0.086,0.0,0.914,0.2468,65.72500000000001,False,False,False,False,True,True,False,False,rkY8p4EnvRk
99,17,4.823529411764706,0.7857142857142857,11,0,1,False,0.12121212121212122,False,0,5,0.109,0.0,0.891,0.3254,69.15547619047621,False,False,False,True,True,True,False,False,l5mRkthyJMg
98,14,6.071428571428571,0.3783783783783784,3,0,0,False,0.10204081632653061,True,1,5,0.196,0.0,0.804,0.5994,39.55500000000001,False,False,False,False,True,True,False,False,LZC3J410C3I
92,14,5.571428571428571,0.47761194029850745,4,1,1,False,0.11956521739130435,False,0,5,0.097,0.129,0.774,-0.1541,59.745000000000005,False,False,False,False,True,True,False,False,yvPDb_nxD4I
86,13,5.6923076923076925,0.4461538461538462,5,0,0,False,0.10465116279069768,False,0,5,0.0,0.0,1.0,0.0,49.54272727272729,False,False,False,False,True,True,False,False,cw5lVk5pkE4
96,16,5.0625,0.13043478260869565,0,1,2,False,0.125,False,0,5,0.0,0.0,1.0,0.0,52.75974358974361,False,False,False,False,True,True,False,False,DgLeXSIB8d0
87,12,6.25,0.203125,1,1,1,False,0.12643678160919541,False,0,5,0.0,0.0,1.0,0.0,35.94500000000002,False,False,False,False,True,True,False,False,BUAkQ_a8v3E
97,17,4.764705882352941,0.782608695652174,10,0,1,False,0.1134020618556701,True,1,5,0.0,0.0,1.0,0.0,90.95857142857145,False,False,False,False,True,True,False,False,Q71MmY9eleY
88,13,5.846153846153846,0.6268656716417911,7,0,0,False,0.10227272727272728,False,0,5,0.159,0.0,0.841,0.4278,18.77909090909094,False,False,True,False,True,True,False,False,ZbgtsAuGods
76,11,6.0,0.24074074074074073,1,0,0,False,0.13157894736842105,True,1,5,0.0,0.0,1.0,0.0,28.50000000000003,False,False,False,False,True,True,False,False,XT0U9tIAuT8
93,14,5.714285714285714,0.5571428571428572,6,0,1,False,0.10752688172043011,False,0,5,0.0,0.35,0.65,-0.8429,25.455000000000013,False,False,False,False,True,True,False,False,O-lRaU_f4SU
94,15,5.333333333333333,0.13157894736842105,0,2,0,False,0.0425531914893617,False,0,0,0.217,0.0,0.783,0.5972,33.23666666666668,False,False,False,False,False,False,False,False,xEceR05YvRY
94,13,6.230769230769231,0.2077922077922078,1,2,0,False,0.0425531914893617,False,0,0,0.412,0.0,0.588,0.8279,25.455000000000013,False,False,False,False,True,False,False,False,6zQjVPGFfio
91,19,3.789473684210526,0.16901408450704225,0,0,0,False,0.01098901098901099,False,0,0,0.0,0.0,1.0,0.0,71.06500000000001,False,False,False,False,False,False,True,False,6fIN53JNjb8
98,17,4.823529411764706,0.15584415584415584,0,0,0,False,0.05102040816326531,False,0,0,0.299,0.0,0.701,0.7506,39.55500000000001,False,False,False,False,True,False,False,False,WhAEjVUa36A
74,13,4.615384615384615,0.14035087719298245,0,0,0,False,0.04054054054054054,False,0,0,0.184,0.0,0.816,0.4019,44.405,False,False,False,False,True,False,False,False,yOc76SZxY64
95,17,4.588235294117647,0.17567567567567569,1,0,0,False,0.042105263157894736,False,0,0,0.0,0.0,1.0,0.0,43.963076923076954,False,False,False,False,True,False,False,False,qRMp6C7Q1DE
92,16,4.6875,0.14084507042253522,1,0,0,False,0.043478260869565216,False,0,1,0.116,0.097,0.787,0.1027,50.470769230769264,False,False,False,False,True,False,False,False,dZbj_uLV9VY
95,14,5.857142857142857,0.14102564102564102,0,1,0,False,0.042105263157894736,False,0,0,0.0,0.0,1.0,0.0,32.504999999999995,False,False,False,False,True,False,False,False,ZEIeOXArpi0
87,16,4.5,0.14285714285714285,0,0,0,False,0.022988505747126436,False,0,0,0.0,0.0,1.0,0.0,65.72500000000001,False,False,False,False,True,False,True,False,8ktL9SuTJNo
99,19,4.2105263157894735,0.136986301369863,0,1,0,False,0.06060606060606061,True,1,1,0.0,0.0,1.0,0.0,80.78250000000001,False,False,False,False,False,False,False,False,QYzrPO0EjRs
98,13,6.538461538461538,0.12195121951219512,0,0,0,False,0.030612244897959183,False,0,0,0.184,0.0,0.816,0.4019,11.355000000000018,False,False,False,False,True,False,False,False,Lse5ZfoEpw8
86,13,5.6923076923076925,0.1111111111111111,0,0,0,False,0.023255813953488372,False,0,0,0.167,0.0,0.833,0.34,32.504999999999995,False,False,False,False,True,False,False,False,FLZ8gh47X6I
98,17,4.823529411764706,0.1625,0,0,0,False,0.02040816326530612,False,0,0,0.0,0.0,1.0,0.0,28.05000000000001,False,False,False,False,True,False,True,False,pRVQsT58uag
91,17,4.411764705882353,0.15492957746478872,0,0,0,False,0.04395604395604396,False,0,1,0.0,0.0,1.0,0.0,41.553571428571445,False,False,False,False,True,False,True,False,APwaP5JbHjA
96,20,3.85,0.13513513513513514,0,0,0,False,0.03125,False,0,0,0.0,0.0,1.0,0.0,60.19176470588238,False,False,False,False,False,False,False,False,QJEnWK4OvCo
82,14,4.928571428571429,0.11940298507462686,0,0,0,False,0.024390243902439025,False,0,0,0.0,0.0,1.0,0.0,53.655,False,False,False,False,False,False,False,False,fB0Ou0t9MhU
80,16,4.0,0.45901639344262296,5,0,0,False,0.0375,False,0,0,0.0,0.0,1.0,0.0,63.486153846153854,False,False,False,False,False,False,False,False,k9lgOb4LVh8
99,16,5.25,0.35,2,1,0,False,0.04040404040404041,False,0,0,0.308,0.0,0.692,0.7371,17.932307692307717,False,False,False,False,False,False,True,False,lTccUywjULc
98,18,4.5,0.19444444444444445,2,0,0,False,0.09183673469387756,False,0,1,0.0,0.0,1.0,0.0,53.639285714285734,False,False,False,False,False,False,False,False,DkRrICQqFro
92,16,4.8125,0.12162162162162163,0,0,0,False,0.03260869565217391,False,0,0,0.153,0.0,0.847,0.4019,37.455384615384645,False,False,False,False,False,False,False,False,4O4AXlia_Fs
66,13,4.153846153846154,0.19230769230769232,1,0,0,False,0.030303030303030304,False,0,0,0.0,0.0,1.0,0.0,72.61545454545457,False,False,False,False,False,False,False,False,mdKh4crSw9U
99,17,4.882352941176471,0.14864864864864866,0,0,0,False,0.04040404040404041,True,2,0,0.0,0.0,1.0,0.0,47.59642857142859,False,False,False,False,True,False,False,False,KkFMyeVhGz4
100,20,4.05,0.22077922077922077,2,0,0,False,0.04,False,0,0,0.0,0.0,1.0,0.0,70.14470588235295,False,False,False,False,True,False,True,False,QyYpmjLGHMo
98,16,5.1875,0.20270270270270271,1,0,0,False,0.09183673469387756,False,0,2,0.0,0.162,0.838,-0.4767,56.97846153846157,False,False,False,False,True,False,True,False,jMe9yCH0KUU
67,12,4.666666666666667,0.18867924528301888,1,0,0,False,0.04477611940298507,False,0,0,0.0,0.0,1.0,0.0,37.900000000000034,False,False,False,False,False,False,False,False,dWQWugbS9xQ
79,17,3.7058823529411766,0.23728813559322035,2,0,0,False,0.05063291139240506,False,0,0,0.0,0.0,1.0,0.0,69.99384615384618,False,False,False,False,False,False,False,False,qPeeDVMoSr0
90,18,4.055555555555555,0.2028985507246377,1,0,0,False,0.044444444444444446,False,0,0,0.0,0.0,1.0,0.0,59.68214285714288,False,False,False,False,False,False,False,False,yONmIt-aA7I
96,17,4.647058823529412,0.19736842105263158,1,0,0,False,0.03125,False,0,0,0.096,0.0,0.904,0.1779,47.59642857142859,False,False,False,False,True,False,False,False,CyB3tM0-g7E
86,17,4.117647058823529,0.17647058823529413,1,0,0,False,0.023255813953488372,False,0,0,0.0,0.0,1.0,0.0,61.890000000000015,False,False,False,False,False,False,False,False,5BOTd5U6h40
100,17,4.9411764705882355,0.14285714285714285,0,1,0,False,0.06,True,1,0,0.144,0.0,0.856,0.4003,52.58250000000001,False,False,False,False,True,False,False,False,W-eWw1Dg1pM
85,17,4.0588235294117645,0.18181818181818182,1,0,0,False,0.03529411764705882,False,0,0,0.0,0.0,1.0,0.0,59.68214285714288,False,False,False,False,False,False,False,False,psq76RRqHMY
73,15,3.933333333333333,0.22807017543859648,1,0,0,False,0.0273972602739726,False,0,0,0.0,0.0,1.0,0.0,63.486153846153854,False,False,False,False,False,False,False,False,fuM_hZQx4Zg
73,13,4.6923076923076925,0.2033898305084746,1,0,0,False,0.0273972602739726,False,0,0,0.0,0.0,1.0,0.0,34.160909090909115,False,False,False,False,False,False,False,False,kLsZ10K7aZg
99,16,5.25,0.12658227848101267,0,0,0,False,0.050505050505050504,False,0,0,0.0,0.0,1.0,0.0,32.504999999999995,False,False,False,False,True,False,False,False,R_w4omm9EEg
82,16,4.1875,0.1875,0,0,0,False,0.036585365853658534,False,0,0,0.0,0.0,1.0,0.0,43.963076923076954,False,False,False,False,False,False,True,False,f3zIWYG29Ew
88,15,4.933333333333334,0.15492957746478872,1,0,0,False,0.03409090909090909,False,0,0,0.0,0.0,1.0,0.0,56.97846153846157,False,False,False,False,False,False,False,False,u5FhFU6qpz4
100,20,4.05,0.20512820512820512,1,0,0,False,0.03,False,0,0,0.0,0.0,1.0,0.0,65.16823529411766,False,False,False,False,False,False,False,False,c2fD27I99A8
88,16,4.5625,0.21428571428571427,1,0,1,False,0.03409090909090909,False,0,0,0.0,0.0,1.0,0.0,72.83000000000003,False,False,False,False,True,False,False,False,3aqntTHBIOU
98,19,4.2105263157894735,0.2077922077922078,1,0,0,False,0.030612244897959183,False,0,0,0.0,0.0,1.0,0.0,42.545000000000016,False,False,False,False,True,False,False,False,A5BL07jaNN0
99,16,5.25,0.16049382716049382,1,0,0,False,0.030303030303030304,False,0,0,0.263,0.0,0.737,0.6124,-1.5907692307691832,False,False,False,False,False,False,False,False,-RvXZjV7HmY
68,13,4.3076923076923075,0.2222222222222222,2,0,0,False,0.029411764705882353,False,0,0,0.0,0.0,1.0,0.0,57.23363636363638,False,False,False,False,True,False,False,False,XSfMFtIfObQ
73,14,4.285714285714286,0.19298245614035087,1,0,0,False,0.0410958904109589,False,0,0,0.0,0.0,1.0,0.0,34.160909090909115,False,False,False,False,False,False,False,False,CKVxCoKkGOE
92,15,5.2,0.18666666666666668,1,0,0,False,0.03260869565217391,False,0,0,0.218,0.0,0.782,0.5994,50.470769230769264,False,False,False,False,True,False,True,False,zNPix6Gkq_I
95,17,4.647058823529412,0.18421052631578946,1,0,0,False,0.031578947368421054,False,0,0,0.0,0.0,1.0,0.0,44.97000000000003,False,False,False,False,False,False,False,False,Y-DaPS4Af3U
82,14,4.928571428571429,0.18181818181818182,1,0,0,False,0.036585365853658534,False,0,0,0.0,0.0,1.0,0.0,34.160909090909115,False,False,False,False,False,False,False,False,2mTM0nWdF7w
98,18,4.5,0.19230769230769232,1,0,0,False,0.030612244897959183,False,0,0,0.0,0.0,1.0,0.0,79.5575,False,False,False,False,False,False,False,False,H8PW9q_DkB8
81,14,4.857142857142857,0.19696969696969696,1,0,0,False,0.024691358024691357,False,0,0,0.172,0.0,0.828,0.4019,25.455000000000013,False,False,False,False,True,False,True,False,QKUuK_yBvS0
94,17,4.588235294117647,0.21333333333333335,2,0,0,False,0.031914893617021274,False,0,0,0.0,0.0,1.0,0.0,53.639285714285734,False,False,False,False,False,False,False,False,6yZT5ebPCBA
78,16,3.9375,0.21666666666666667,2,0,0,False,0.038461538461538464,False,0,0,0.167,0.0,0.833,0.4588,63.486153846153854,False,False,False,False,False,False,False,False,Xd8_pDK5hNI
95,19,4.052631578947368,0.16216216216216217,1,0,0,False,0.031578947368421054,False,0,0,0.0,0.0,1.0,0.0,68.9825,False,False,False,False,False,False,False,False,Ap60Nz1QZ0w
87,12,6.333333333333333,0.15384615384615385,0,0,0,False,0.08045977011494253,True,2,1,0.0,0.184,0.816,-0.357,39.55500000000001,False,False,False,False,True,True,False,False,4P6mzxG95cs
98,16,5.1875,0.12658227848101267,0,1,0,False,0.04081632653061224,False,0,1,0.162,0.09,0.748,0.3903,63.86250000000001,False,False,False,False,False,False,False,False,oT9gEZqa5yc
75,10,6.6,0.9661016949152542,8,0,0,False,0.08,True,1,1,0.0,0.0,1.0,0.0,19.100000000000023,False,False,False,False,False,True,False,False,2vb6YLvCwsA
92,19,3.8947368421052633,0.06060606060606061,1,0,0,False,0.08695652173913043,False,0,1,0.0,0.0,1.0,0.0,58.4075,False,False,False,False,False,False,True,False,oVcCTvedIZs
84,14,5.071428571428571,1.0,13,0,0,False,0.023809523809523808,False,0,0,0.0,0.0,1.0,0.0,50.470769230769264,False,False,False,True,True,True,True,False,o5KfXdOsct4
81,12,5.75,0.23076923076923078,1,0,0,False,0.037037037037037035,True,1,0,0.0,0.203,0.797,-0.4215,3.3972727272727354,False,False,False,False,True,False,False,False,dIVLjAzGMr8
98,12,7.25,0.17721518987341772,0,0,0,False,0.08163265306122448,False,0,1,0.0,0.0,1.0,0.0,-6.35499999999999,False,False,False,False,False,False,False,False,wqZRct7hdO8
59,9,5.666666666666667,0.20408163265306123,0,0,0,True,0.03389830508474576,False,0,0,0.0,0.0,1.0,0.0,47.30000000000004,False,False,False,False,False,False,False,False,yNutYB1PuqU
94,13,6.3076923076923075,0.17105263157894737,0,0,0,False,0.06382978723404255,False,0,1,0.193,0.0,0.807,0.4767,53.655,False,False,False,False,False,False,True,False,Zan65zXZDEE
88,16,4.5625,0.07042253521126761,0,0,1,False,0.022727272727272728,False,0,0,0.0,0.0,1.0,0.0,71.81500000000001,False,False,False,False,False,False,False,False,vyu7R9FcpOU
77,15,4.133333333333334,1.0,14,0,0,False,0.025974025974025976,True,1,0,0.0,0.0,1.0,0.0,90.95857142857145,False,False,False,False,False,False,False,False,sIx8HrupCCk
60,10,5.1,1.0,9,0,0,False,0.06666666666666667,False,0,1,0.0,0.0,1.0,0.0,56.70000000000002,False,False,False,False,False,False,True,False,Q6xtnKd28qM
65,9,6.222222222222222,0.09433962264150944,0,0,0,False,0.046153846153846156,False,0,1,0.0,0.216,0.784,-0.296,8.365000000000009,False,False,False,False,True,False,False,False,CowAQWJp1Pg
87,15,4.8,1.0,14,0,0,False,0.022988505747126436,False,0,0,0.197,0.0,0.803,0.5319,65.72500000000001,False,False,False,False,True,False,True,False,-o-YqvwYGuA
67,8,7.375,0.5344827586206896,7,0,0,False,0.014925373134328358,False,0,0,0.0,0.0,1.0,0.0,18.940000000000026,False,False,False,False,False,False,False,False,uM4Ci8VxK1s
41,7,4.857142857142857,0.625,6,0,0,False,0.04878048780487805,False,0,0,0.0,0.0,1.0,0.0,78.87285714285717,False,False,False,False,False,False,False,False,XagTYCAa1yk
97,16,5.125,0.6883116883116883,10,0,0,False,0.05154639175257732,False,0,1,0.0,0.0,1.0,0.0,58.2225,False,False,False,False,False,False,False,False,qp3CoO9Lcy8
91,17,4.411764705882353,1.0,16,0,0,False,0.02197802197802198,False,0,0,0.265,0.0,0.735,0.6597,65.16823529411766,False,False,False,False,True,False,True,False,RdIFz5LZ_AI
98,14,6.071428571428571,1.0,14,0,0,False,0.061224489795918366,False,0,1,0.182,0.0,0.818,0.4404,41.553571428571445,False,False,False,False,False,True,False,False,SWhBy8bdJkI
64,7,8.0,0.509090909090909,6,0,0,False,0.015625,False,0,0,0.294,0.277,0.429,0.0516,6.35857142857148,False,False,False,False,False,False,True,False,EMdSBqBDGbk
98,18,4.444444444444445,0.987012987012987,16,0,0,False,0.030612244897959183,False,0,0,0.312,0.0,0.688,0.8056,61.665000000000006,False,False,False,False,False,False,True,False,4LseDdeTpms
75,7,9.714285714285714,0.09836065573770492,0,0,0,False,0.04,True,1,0,0.326,0.0,0.674,0.4404,-29.898571428571415,False,False,False,False,False,False,True,False,ntn1XLMgga8
41,7,4.857142857142857,0.15625,0,0,0,False,0.04878048780487805,False,0,0,0.569,0.0,0.431,0.765,15.640000000000015,False,False,False,True,False,False,False,False,em1r-UwSC6s
79,14,4.714285714285714,1.0,12,0,0,False,0.06329113924050633,True,1,1,0.0,0.0,1.0,0.0,56.97846153846157,False,False,False,False,False,False,False,False,-8kotRwsq3g
60,11,4.545454545454546,1.0,10,0,0,False,0.08333333333333333,False,0,1,0.0,0.25,0.75,-0.516,61.32500000000002,False,False,False,False,False,False,False,False,jHSz72W6ow0
62,10,5.3,0.16,0,0,0,False,0.04838709677419355,False,0,1,0.342,0.0,0.658,0.6369,29.515000000000015,False,False,False,False,False,False,True,False,HTNdzGC_6RA
92,14,5.571428571428571,0.13513513513513514,1,0,0,False,0.021739130434782608,True,1,0,0.277,0.0,0.723,0.5574,30.947692307692336,False,False,False,False,False,False,False,False,IGjrlsjeYQk
64,11,4.909090909090909,0.14583333333333334,0,0,0,False,0.03125,True,1,1,0.306,0.0,0.694,0.5267,9.700000000000017,False,False,False,False,False,False,False,False,X-MJZFUqjQU
99,18,4.555555555555555,0.16216216216216217,0,0,0,False,0.0707070707070707,True,1,1,0.247,0.104,0.649,0.5106,47.83250000000001,False,False,False,False,True,True,True,False,tqOrg5pZW7o
100,15,5.733333333333333,0.1566265060240964,0,1,0,False,0.03,False,0,0,0.0,0.0,1.0,0.0,36.572857142857174,False,False,False,False,True,False,True,False,po7GQsI1zH4
66,12,4.5,0.8367346938775511,8,0,0,False,0.06060606060606061,True,1,0,0.0,0.0,1.0,0.0,78.24500000000002,False,False,False,False,False,False,False,False,xYioQctWEFQ
99,14,6.142857142857143,0.7,8,0,0,False,0.06060606060606061,False,0,1,0.0,0.174,0.826,-0.4084,50.56057692307695,False,False,False,False,True,False,False,False,8z_gjHHDOnY
73,11,5.7272727272727275,0.5862068965517241,5,0,0,False,0.0684931506849315,False,0,1,0.0,0.0,1.0,0.0,41.02000000000004,False,False,False,False,False,False,False,False,iphf-JTsWaY
98,17,4.823529411764706,1.0,17,0,0,False,0.030612244897959183,False,0,0,0.0,0.0,1.0,0.0,55.21529411764709,False,False,False,False,False,False,True,False,t5IiBN7sr_I
79,14,4.714285714285714,0.6065573770491803,8,0,0,False,0.06329113924050633,False,0,1,0.0,0.199,0.801,-0.4995,44.05288461538464,False,False,False,False,False,False,False,False,WAcYse80L3k
57,7,7.142857142857143,0.3076923076923077,3,0,0,False,0.12280701754385964,True,1,1,0.331,0.186,0.482,0.3612,45.64500000000001,False,False,False,False,False,False,False,False,m7iF03FqKxs
47,9,4.333333333333333,1.0,8,0,0,False,0.10638297872340426,False,0,1,0.0,0.0,1.0,0.0,61.24000000000001,False,False,False,False,False,False,False,False,NN_8cyyj_7I
78,13,5.0,0.8870967741935484,12,0,0,False,0.038461538461538464,False,0,0,0.0,0.381,0.619,-0.7761,69.99384615384618,False,False,False,False,False,False,False,False,XzNgRmBX8YM
91,13,6.076923076923077,1.0,12,0,0,False,0.054945054945054944,False,0,1,0.0,0.0,1.0,0.0,18.405,False,False,False,False,True,False,True,False,o-opLKZiXag
65,10,5.6,0.5384615384615384,4,0,0,False,0.06153846153846154,False,0,1,0.0,0.27,0.73,-0.516,0.30000000000001137,False,False,False,True,False,False,False,False,cpmemZSbpGs
84,13,5.538461538461538,0.6363636363636364,7,0,0,False,0.07142857142857142,False,0,1,0.0,0.0,1.0,0.0,18.405,False,False,False,False,False,False,False,False,caSTMru7Te0
90,13,6.0,1.0,12,0,0,False,0.07777777777777778,False,0,1,0.0,0.0,1.0,0.0,32.504999999999995,False,False,False,False,False,False,True,False,J22dSJB2ZTI
100,18,4.611111111111111,0.7195121951219512,15,0,0,False,0.01,False,0,0,0.0,0.0,1.0,0.0,56.965,False,False,False,False,False,False,True,False,BOc8EDCuR3Y
81,12,5.833333333333333,1.0,11,0,0,False,0.06172839506172839,False,0,1,0.0,0.0,1.0,0.0,18.77909090909094,False,False,False,False,False,False,False,False,Pj51ZV83V3w
65,11,4.909090909090909,0.5471698113207547,6,0,0,False,0.015384615384615385,False,0,0,0.0,0.0,1.0,0.0,34.160909090909115,False,False,False,False,False,False,False,False,41GmioN820k
81,13,5.230769230769231,1.0,13,0,0,False,0.012345679012345678,False,0,0,0.0,0.0,1.0,0.0,43.963076923076954,False,False,False,False,False,False,False,False,I7L0jDEecDQ
68,12,4.75,1.0,11,0,0,False,0.07352941176470588,False,0,1,0.0,0.0,1.0,0.0,72.61545454545457,False,False,False,False,False,False,False,False,cc80J458rH0
77,11,6.090909090909091,1.0,11,0,0,False,0.07792207792207792,True,1,1,0.0,0.0,1.0,0.0,49.54272727272729,False,False,False,False,False,False,False,False,2YM5pgaA1FE
94,16,4.9375,1.0,14,0,0,False,0.06382978723404255,True,1,1,0.0,0.0,1.0,0.0,73.17000000000003,False,False,False,False,False,True,False,False,IOL8cdPg9Kw
68,13,4.3076923076923075,1.0,12,0,0,False,0.07352941176470588,False,0,1,0.0,0.0,1.0,0.0,60.70500000000001,False,False,False,False,False,False,False,False,jeFIJLzRJpE
22,4,4.75,0.05263157894736842,0,0,0,False,0.0,False,0,0,0.0,0.0,1.0,0.0,118.17500000000001,False,False,False,False,False,False,False,False,DqaAVAIzui0
36,8,3.625,0.08,0,0,0,False,0.027777777777777776,True,1,0,0.0,0.0,1.0,0.0,115.13000000000002,False,False,False,False,False,True,False,False,mpXCfL79U1c
55,11,4.090909090909091,0.024390243902439025,0,0,0,False,0.01818181818181818,True,1,0,0.0,0.206,0.794,-0.3818,80.30636363636367,False,False,False,False,True,False,False,False,J8Vbwa5rjtU
59,8,6.25,0.045454545454545456,0,0,0,False,0.05084745762711865,True,1,0,0.0,0.0,1.0,0.0,82.39000000000001,False,False,False,False,True,False,True,False,zEHbj1EWWoU
85,19,3.473684210526316,0.016666666666666666,0,0,0,False,0.03529411764705882,True,1,0,0.283,0.0,0.717,0.7717,90.13250000000001,False,False,False,False,True,False,False,False,GXUgw9tA3dI
78,15,4.2,0.034482758620689655,0,0,0,False,0.02564102564102564,True,1,0,0.0,0.141,0.859,-0.3182,90.09000000000002,False,False,False,False,False,False,False,False,WAL6IzZvQbg
80,16,4.0625,0.06666666666666667,0,0,0,False,0.025,True,1,0,0.123,0.0,0.877,0.2732,84.45000000000003,False,False,True,False,False,False,False,False,aguJJfJhctI
50,12,3.25,0.05555555555555555,0,0,0,False,0.0,True,1,0,0.0,0.0,1.0,0.0,103.00500000000001,False,False,False,False,False,False,False,False,Ams0c14ZcGc
52,9,4.888888888888889,0.025,0,0,0,False,0.038461538461538464,True,1,0,0.0,0.0,1.0,0.0,84.90000000000003,False,False,False,False,False,False,False,False,hDeegHJ2aCc
93,21,3.4285714285714284,0.029850746268656716,0,0,0,False,0.03225806451612903,True,1,0,0.156,0.0,0.844,0.5719,75.76500000000001,False,False,False,False,False,False,False,False,_Z2wHJ0XB7Y
74,16,3.625,0.018867924528301886,0,0,0,False,0.04054054054054054,True,1,0,0.153,0.0,0.847,0.4019,76.50153846153849,False,False,False,False,False,False,True,False,CJl2DnKtHmQ
75,17,3.411764705882353,0.05660377358490566,0,0,0,False,0.04,True,1,0,0.0,0.0,1.0,0.0,95.93928571428573,False,False,False,False,False,False,False,True,vcb3Q3h4LIE
81,17,3.764705882352941,0.03333333333333333,0,0,0,False,0.024691358024691357,True,1,0,0.0,0.0,1.0,0.0,73.17000000000003,False,False,False,True,True,False,True,False,ARPWmf0tfMQ
64,12,4.416666666666667,0.02127659574468085,0,0,0,False,0.015625,True,3,0,0.0,0.0,1.0,0.0,67.75500000000001,False,False,False,False,False,True,False,False,zXcgHRaI3P8
77,15,4.2,0.017857142857142856,0,0,0,False,0.05194805194805195,True,2,0,0.172,0.0,0.828,0.4404,84.45000000000003,False,False,False,False,False,False,True,False,rx2CVfa03bY
62,12,4.25,0.0425531914893617,0,0,0,False,0.03225806451612903,True,1,0,0.0,0.0,1.0,0.0,95.955,False,False,False,True,False,False,False,False,NB5qQmjWnio
96,21,3.5714285714285716,0.014084507042253521,0,0,0,False,0.020833333333333332,True,1,0,0.0,0.0,1.0,0.0,89.5921052631579,False,False,False,False,False,False,False,False,CfhJZhA2lHM
90,17,4.352941176470588,0.028985507246376812,0,0,0,False,0.03333333333333333,True,1,0,0.144,0.0,0.856,0.4019,39.33000000000001,False,False,False,True,False,False,True,False,bCGfeP3f0zg
82,19,3.3157894736842106,0.017241379310344827,0,0,0,False,0.036585365853658534,True,1,0,0.151,0.0,0.849,0.4939,90.13250000000001,False,False,False,False,True,False,False,False,v2evLFlBwUM
31,6,4.166666666666667,0.045454545454545456,0,0,0,False,0.03225806451612903,True,1,0,0.0,0.342,0.658,-0.3818,87.94500000000002,False,False,False,False,False,False,False,False,tqd5KycjDmk
78,16,3.875,0.03508771929824561,0,0,0,False,0.038461538461538464,True,1,0,0.0,0.0,1.0,0.0,97.0014285714286,False,False,False,False,False,False,False,False,DQsFy6UtLZU
67,12,4.583333333333333,0.0196078431372549,0,0,0,False,0.029850746268656716,True,1,0,0.0,0.197,0.803,-0.4019,67.75500000000001,False,False,False,True,False,False,False,False,sUI2GdibW2Q
74,16,3.6875,0.038461538461538464,0,0,0,False,0.06756756756756757,True,1,0,0.0,0.118,0.882,-0.25,83.0092307692308,False,False,False,False,False,True,True,False,-vigx-b7ulk
98,20,3.9,0.041666666666666664,0,0,0,False,0.04081632653061224,True,1,0,0.239,0.117,0.644,0.4939,75.12117647058825,False,False,True,False,False,True,False,False,XBTiddQkpHA
58,10,4.9,0.045454545454545456,0,0,0,False,0.05172413793103448,True,1,0,0.481,0.0,0.519,0.8126,78.24500000000002,False,False,False,False,False,False,False,False,F3Atq0zBCi8
60,13,3.6153846153846154,0.047619047619047616,0,0,0,False,0.05,True,1,0,0.0,0.0,1.0,0.0,95.68818181818183,False,False,False,False,False,False,False,True,S64eYnuc3iE
89,19,3.6842105263157894,0.046153846153846156,0,0,0,False,0.033707865168539325,True,1,0,0.0,0.118,0.882,-0.34,84.845,False,False,False,False,False,True,False,False,W3n_amkyB3g
83,16,4.25,0.03508771929824561,0,0,0,False,0.10843373493975904,True,1,0,0.375,0.0,0.625,0.8555,78.81000000000003,False,False,False,False,False,False,False,False,mTi6gKDc4bs
88,17,4.235294117647059,0.03278688524590164,0,0,0,False,0.10227272727272728,True,1,2,0.288,0.0,0.712,0.8979,60.70500000000001,False,False,False,False,False,False,False,False,XPArLIVHSWc
76,16,3.8125,0.037037037037037035,0,0,0,False,0.06578947368421052,True,1,0,0.0,0.096,0.904,-0.1531,89.51692307692309,False,False,False,False,False,False,True,False,Y5Uty2ZUyao
96,18,4.333333333333333,0.04285714285714286,0,0,0,False,0.0625,True,1,0,0.509,0.0,0.491,0.9382,92.965,False,False,False,False,False,False,False,False,Nc077MyTaPw
89,16,4.5625,0.015151515151515152,0,0,0,False,0.056179775280898875,True,1,0,0.583,0.0,0.417,0.9571,73.17000000000003,False,False,False,False,True,False,False,False,V0fzfnlHz5A
91,19,3.789473684210526,0.030303030303030304,0,0,0,False,0.03296703296703297,True,2,0,0.151,0.0,0.849,0.4939,79.5575,False,False,False,False,True,False,False,False,Ql0mqH5CQx4
74,17,3.3529411764705883,0.0196078431372549,0,0,0,False,0.04054054054054054,True,2,0,0.359,0.0,0.641,0.8555,95.73000000000002,False,False,False,False,True,False,False,False,_xxR5fJUy3I
97,21,3.619047619047619,0.04225352112676056,0,0,0,False,0.030927835051546393,True,1,0,0.149,0.0,0.851,0.5423,80.46500000000002,False,False,False,False,False,False,False,False,COyqSuMM_pM
78,17,3.588235294117647,0.03773584905660377,0,0,0,False,0.05128205128205128,True,2,0,0.0,0.0,1.0,0.0,83.0092307692308,False,False,False,False,False,False,False,False,3qiwe5FzYCI
93,19,3.9473684210526314,0.028169014084507043,0,0,0,False,0.021505376344086023,True,1,0,0.0,0.113,0.887,-0.3182,70.14470588235295,False,False,False,False,False,False,False,False,6HlOr0-ZrfM
99,20,3.95,0.02702702702702703,0,0,0,False,0.030303030303030304,True,1,0,0.0,0.0,1.0,0.0,71.06500000000001,False,False,False,False,False,False,False,False,ISZcAkqtIHs
98,22,3.4545454545454546,0.029850746268656716,0,0,0,False,0.05102040816326531,True,2,0,0.0,0.0,1.0,0.0,75.12117647058825,False,False,False,False,True,False,False,False,6vlcXbgjpzM
89,19,3.736842105263158,0.03225806451612903,0,0,0,False,0.056179775280898875,True,2,0,0.0,0.0,1.0,0.0,67.53000000000003,False,False,False,False,False,False,False,False,kDhI1APJZJk
87,17,4.117647058823529,0.046875,0,0,0,False,0.04597701149425287,True,1,0,0.0,0.0,1.0,0.0,86.42250000000001,False,False,False,False,False,False,False,False,9Ym9NuLLEXA
88,19,3.6315789473684212,0.015625,0,0,0,False,0.03409090909090909,True,1,0,0.0,0.0,1.0,0.0,74.27000000000001,False,False,False,False,False,False,False,False,MTUTYbaHpT4
96,19,4.052631578947368,0.0273972602739726,0,0,0,False,0.020833333333333332,True,1,0,0.0,0.0,1.0,0.0,70.14470588235295,False,False,False,True,False,False,False,False,DgW17ej2BBs
60,8,6.625,0.04081632653061224,0,0,0,False,0.03333333333333333,True,1,0,0.0,0.0,1.0,0.0,29.515000000000015,False,False,False,False,True,False,False,False,uLeixkfMFeI
78,16,3.875,0.017543859649122806,0,0,0,False,0.038461538461538464,True,1,0,0.0,0.0,1.0,0.0,77.81071428571428,False,False,False,False,True,False,False,False,NjPH4GUTE7I
57,12,3.75,0.024390243902439025,0,0,0,False,0.03508771929824561,True,1,0,0.0,0.503,0.497,-0.8442,86.70500000000001,False,False,False,True,False,True,False,False,AGI2URxPHh0
71,13,4.538461538461538,0.01818181818181818,0,0,0,False,0.028169014084507043,True,1,0,0.0,0.0,1.0,0.0,69.99384615384618,False,False,False,False,False,False,True,False,E8rK17LKFHo
71,14,4.071428571428571,0.05660377358490566,0,0,0,False,0.028169014084507043,True,1,0,0.351,0.0,0.649,0.7579,53.655,False,False,False,False,True,False,False,False,l3e2TLWpHFw
71,15,3.7333333333333334,0.0392156862745098,0,0,0,False,0.04225352112676056,True,1,0,0.0,0.157,0.843,-0.3818,96.02461538461542,False,False,False,False,False,False,False,False,XxwWlBxlYPg
88,19,3.6315789473684212,0.03125,0,0,0,False,0.03409090909090909,True,1,0,0.14,0.114,0.746,0.1531,79.5575,False,False,False,False,False,False,False,False,flV93vBoMn4
100,15,5.733333333333333,0.02631578947368421,0,0,0,True,0.1,False,0,1,0.0,0.293,0.707,-0.7003,53.639285714285734,False,False,False,False,False,False,False,False,4H2YpbGvMF0
85,13,5.615384615384615,0.041666666666666664,0,0,0,False,0.011764705882352941,False,0,0,0.118,0.0,0.882,0.1531,4.916923076923098,False,False,False,True,False,False,False,False,BrFnLlSoaEU
100,17,4.9411764705882355,0.013157894736842105,0,0,0,True,0.08,False,0,1,0.13,0.087,0.783,0.25,58.4075,False,False,False,False,True,False,True,False,uwtZV_oPi6k
58,9,5.555555555555555,0.061224489795918366,0,0,0,False,0.017241379310344827,False,0,1,0.138,0.0,0.862,0.1139,18.940000000000026,False,False,False,False,False,False,False,False,jP8dJfyCIEc
69,13,4.384615384615385,0.03636363636363636,0,0,0,False,0.028985507246376812,False,0,0,0.427,0.165,0.407,0.7311,76.50153846153849,False,False,False,False,False,False,True,False,jE_DY6_GuBQ
95,18,4.333333333333333,0.05970149253731343,1,0,0,False,0.11578947368421053,False,0,0,0.345,0.0,0.655,0.875,65.16823529411766,False,False,False,False,False,False,False,False,oE4HxKnjClE
48,9,4.444444444444445,0.07407407407407407,0,0,0,False,0.2708333333333333,False,0,1,0.0,0.0,1.0,0.0,71.81500000000001,False,False,False,False,False,False,False,False,gzsd62TbRjU
50,11,3.6363636363636362,0.16666666666666666,1,0,0,False,0.32,False,0,1,0.0,0.225,0.775,-0.4939,103.625,False,False,False,False,False,False,False,False,hZiidNFEmzM
87,18,3.888888888888889,0.018867924528301886,0,0,0,False,0.19540229885057472,False,0,1,0.231,0.0,0.769,0.6908,80.09764705882354,False,False,False,False,False,False,False,False,uuuJ5ZV4SIs
57,12,3.75,0.05714285714285714,0,0,0,False,0.17543859649122806,False,0,1,0.176,0.0,0.824,0.4588,103.37909090909093,False,False,False,False,False,True,False,False,WyBZAze3haM
98,14,6.071428571428571,0.0,0,0,0,False,0.15306122448979592,False,0,1,0.0,0.171,0.829,-0.4767,63.486153846153854,False,False,False,False,True,False,False,False,qmUBtdKkaLA
81,13,5.230769230769231,0.05263157894736842,0,0,0,False,0.13580246913580246,False,0,1,0.0,0.0,1.0,0.0,67.75500000000001,False,False,False,False,True,False,False,False,MSrl2YKnu2g
94,19,4.0,0.0,0,0,0,False,0.23404255319148937,False,0,1,0.0,0.0,1.0,0.0,85.16499999999999,False,False,False,False,True,False,False,False,SA0ONBVdmio
90,14,5.428571428571429,0.031746031746031744,0,0,0,False,0.14444444444444443,False,0,1,0.275,0.0,0.725,0.6908,76.50153846153849,False,False,False,False,False,False,False,False,fhWNN6JPlhU
85,14,5.071428571428571,0.0,0,0,0,False,0.17647058823529413,False,0,1,0.153,0.0,0.847,0.4019,83.0092307692308,False,False,False,False,True,False,False,False,20bS43b56Hg
91,16,4.6875,0.03076923076923077,0,1,0,False,0.10989010989010989,False,0,1,0.0,0.0,1.0,0.0,54.70142857142861,False,False,False,False,True,False,False,False,JgyobNEMlsw
92,13,6.076923076923077,0.02857142857142857,0,0,0,False,0.09782608695652174,False,0,1,0.0,0.15,0.85,-0.3182,39.55500000000001,False,False,False,False,True,False,False,False,SvJ12FyLTVw
95,15,5.333333333333333,0.045454545454545456,0,0,0,False,0.12631578947368421,True,1,1,0.261,0.0,0.739,0.7184,71.76785714285715,False,False,False,False,False,False,False,False,IXCqqYoXDcs
87,17,4.176470588235294,0.05555555555555555,0,0,0,False,0.19540229885057472,False,0,1,0.0,0.0,1.0,0.0,90.13250000000001,False,False,False,False,False,False,False,False,_cnnvYuRu2A
100,22,3.5454545454545454,0.05660377358490566,0,0,0,False,0.25,False,0,0,0.0,0.0,1.0,0.0,89.24500000000003,False,False,False,False,False,False,False,False,Bh8bZhQXr-c
90,18,4.055555555555555,0.037037037037037035,0,0,0,False,0.2111111111111111,False,0,1,0.0,0.0,1.0,0.0,95.42,False,False,False,False,False,False,False,False,1c2CpRS6Slg
91,13,6.076923076923077,0.0,0,0,0,False,0.15384615384615385,False,0,0,0.172,0.0,0.828,0.4019,46.60500000000002,False,False,False,False,False,True,False,False,l7fmzpXvw5I
99,18,4.555555555555555,0.0,0,0,0,False,0.16161616161616163,False,0,1,0.119,0.0,0.881,0.4019,80.09764705882354,False,False,False,False,True,False,False,False,VJs4K6Yj9VE
91,15,5.066666666666666,0.016666666666666666,0,0,0,False,0.17582417582417584,False,0,1,0.0,0.0,1.0,0.0,65.72500000000001,False,False,False,False,False,False,False,False,ADn0UiDnlwA
98,13,6.538461538461538,0.014492753623188406,0,1,0,False,0.16326530612244897,False,0,0,0.0,0.0,1.0,0.0,44.05288461538464,False,False,False,False,False,False,False,False,dPqJHq7djCc
88,16,4.5625,0.016129032258064516,0,1,0,False,0.125,False,0,1,0.0,0.139,0.861,-0.3802,78.87285714285717,False,False,False,False,True,False,False,False,vrl3kNzlkFs
85,15,4.733333333333333,0.0,0,0,0,False,0.21176470588235294,False,0,1,0.128,0.0,0.872,0.3612,89.89642857142859,False,False,False,False,True,False,False,False,EjNJWNsdbCU
96,17,4.705882352941177,0.0,0,0,0,False,0.17708333333333334,False,0,1,0.136,0.0,0.864,0.4588,79.5575,False,False,False,False,True,False,False,False,bcAbvEOa4WQ
91,15,5.133333333333334,0.04838709677419355,0,0,0,False,0.16483516483516483,False,0,1,0.263,0.0,0.737,0.6908,59.68214285714288,False,False,False,False,True,False,False,False,4y7OVFkocr0
95,18,4.333333333333333,0.0,0,0,0,False,0.29473684210526313,False,0,1,0.0,0.0,1.0,0.0,95.02705882352943,False,False,False,False,True,False,False,False,GvlJCzDb-kA
94,11,7.636363636363637,0.041666666666666664,0,0,0,False,0.1276595744680851,False,0,1,0.0,0.262,0.738,-0.5994,27.485000000000014,False,False,False,True,True,False,False,False,dEsr89MloJc
79,12,5.666666666666667,0.047619047619047616,0,0,0,False,0.06329113924050633,False,0,1,0.122,0.447,0.431,-0.7766,64.9245454545455,False,False,False,False,False,False,False,False,l6LhmGQoBuc
64,10,5.5,0.0,0,0,0,False,0.21875,False,0,0,0.0,0.0,1.0,0.0,66.10000000000002,False,False,False,False,True,False,False,False,A7wIq-k1VFM
96,16,5.0625,0.0,0,0,0,False,0.19791666666666666,False,0,1,0.125,0.0,0.875,0.4588,73.17000000000003,False,False,False,False,True,False,False,False,Q8kNG5_GMbI
96,16,5.0625,0.0,0,0,0,False,0.2708333333333333,False,0,1,0.143,0.0,0.857,0.4588,84.45000000000003,False,False,False,False,True,False,False,False,4Kn8i0ZcFeA
84,12,6.083333333333333,0.017543859649122806,0,0,0,False,0.19047619047619047,False,0,1,0.176,0.0,0.824,0.4588,49.54272727272729,False,False,False,False,False,False,False,False,up2Gu9vtG_Y
96,18,4.388888888888889,0.03125,0,0,0,False,0.15625,False,0,1,0.174,0.0,0.826,0.5859,60.19176470588238,False,False,False,False,False,False,False,False,RUiFRYKsLMg
91,14,5.571428571428571,0.0,0,0,0,False,0.24175824175824176,False,0,1,0.0,0.0,1.0,0.0,56.97846153846157,False,False,False,False,True,False,False,False,SAnEODkhTo8
91,13,6.076923076923077,0.015384615384615385,0,0,0,False,0.15384615384615385,False,0,1,0.0,0.198,0.802,-0.4939,46.60500000000002,False,False,False,False,True,False,False,False,G-VkArsujAU
69,11,5.363636363636363,0.0425531914893617,0,0,0,False,0.17391304347826086,False,0,1,0.0,0.0,1.0,0.0,52.86500000000001,False,False,False,False,True,False,False,False,1f008dYJyxQ
99,18,4.555555555555555,0.01639344262295082,0,1,0,False,0.21212121212121213,False,0,1,0.117,0.0,0.883,0.4199,82.39000000000001,False,False,False,False,True,False,True,False,05bJoK_AsnQ
78,13,5.076923076923077,0.0,0,0,0,False,0.16666666666666666,False,0,1,0.0,0.362,0.638,-0.7783,67.75500000000001,False,False,False,False,True,False,False,False,MSPdp0EfEbU
61,8,6.625,0.021739130434782608,0,0,0,False,0.11475409836065574,False,0,1,0.0,0.286,0.714,-0.4939,42.61571428571432,False,False,False,False,True,False,False,False,K7iNJ7Eg1wA
100,20,4.05,0.05084745762711865,0,0,0,False,0.22,False,0,1,0.0,0.0,1.0,0.0,80.68684210526318,False,False,False,False,True,False,False,False,CM2ao8p-1TQ
88,13,5.846153846153846,0.0,0,0,0,False,0.19318181818181818,False,0,1,0.0,0.0,1.0,0.0,74.805,False,False,False,False,False,False,False,False,kuNFzzuHrr0
97,17,4.705882352941177,0.2777777777777778,3,0,0,False,0.26804123711340205,False,0,1,0.127,0.135,0.738,-0.0431,84.845,False,False,False,False,False,False,False,False,AsazElaUw-g
90,11,7.2727272727272725,0.013513513513513514,0,0,0,False,0.06666666666666667,False,0,1,0.475,0.0,0.525,0.8415,11.088181818181852,False,False,False,False,False,False,False,False,2ezMeFNFuoU
94,14,5.785714285714286,0.06493506493506493,0,0,0,False,0.0425531914893617,False,0,1,0.158,0.0,0.842,0.4588,56.97846153846157,True,False,False,False,False,False,False,False,UIP2YWwjk1E
97,16,5.125,0.01639344262295082,0,0,0,False,0.21649484536082475,False,0,1,0.0,0.162,0.838,-0.4767,53.639285714285734,False,False,False,False,True,False,False,False,R1RtUGvr-TI
98,15,5.6,0.029411764705882353,0,0,0,False,0.16326530612244897,False,0,1,0.0,0.0,1.0,0.0,83.85357142857143,False,False,False,False,False,False,False,False,ldAsiXG1wDk
