video_id,channel,exploit_score_v2,sample_type,comment_text,comment_likes,category,confidence
ehktZnxWqqU,acefamily,0.40771866,high,The way she wakes up is the funniest thing ever😂😂💗,1803,normal,0.9
ehktZnxWqqU,acefamily,0.40771866,high,Omg 😭😭😭😭😭Elle looked at Austin like who the heck are you boy,1952,normal,0.9
ehktZnxWqqU,acefamily,0.40771866,high,catherine's concerned mother tendencies came out at 6:00... she popped her head up hella quick to see if she was okay. 😂😂😍,1312,normal,0.9
ehktZnxWqqU,acefamily,0.40771866,high,Elle is like ohhh helll nawwww you looking like somebody auntie😂,1172,normal,0.9
ehktZnxWqqU,acefamily,0.40771866,high,"I remember not wanting any kids with my wife, who did want them but she was ok with me choosing not to.

I saw this video and saw how cute the baby was and something just CLICKED in my head and I just started researching baby stuff. Like, I looked at why babies cry and what you could do to comfort them, when babies learn certain things, how it is good for both the father and mother to take care of the child but make sure one does not get mentally drained. I learned about post-partum depression. EVERYTHING. 

I just straight up told my wife I wanted to have a baby and she was crying tears of joy. 

Our child was born January 13th of this year",2617,normal,0.8
ehktZnxWqqU,acefamily,0.40771866,high,At 6:24 who saw Elle jump when Austin started laughing?,940,timestamp,0.9
ehktZnxWqqU,acefamily,0.40771866,high,Im laughing so hard when catherine's head just popped out to check on elle😂😂😂,519,normal,0.9
ehktZnxWqqU,acefamily,0.40771866,high,2019 anybody? No just me ok.,1858,normal,0.7
ehktZnxWqqU,acefamily,0.40771866,high,WHEN HE STARTED LAUGHING ELLE JUMPED 😢😭😭😭💀💀 HE SCARED THE POOR BABY💕💕,438,normal,0.9
ehktZnxWqqU,acefamily,0.40771866,high,i love how catherine checked on her every second,187,normal,0.9
ehktZnxWqqU,acefamily,0.40771866,high,Elle kinda reminds me of Boo from Monsters Inc 😂❤,1885,normal,0.9
ehktZnxWqqU,acefamily,0.40771866,high,Who else is binge watching Ace Family during quarantine.,488,normal,0.8
ehktZnxWqqU,acefamily,0.40771866,high,"POOR ELLE, JUST WATCH! SHE WILL GET HER REVENGE IN A FEW YEARS! 😂😂✔✔",1722,normal,0.9
ehktZnxWqqU,acefamily,0.40771866,high,You should prank her with giving more attention to another fake baby and see how she reacts,2705,normal,0.8
ehktZnxWqqU,acefamily,0.40771866,high,I love the way Catherine looks at Austin,573,normal,0.9
ehktZnxWqqU,acefamily,0.40771866,high,2020 anybody? Ok just me😭,608,normal,0.7
ehktZnxWqqU,acefamily,0.40771866,high,Elle makes me want to have kids one day. She’s so cute!😩,802,normal,0.9
ehktZnxWqqU,acefamily,0.40771866,high,she is too adorable to get pranked​😍😍,2264,normal,0.9
ehktZnxWqqU,acefamily,0.40771866,high,2:47 3:03 5:27 Catherine's head coming up everytime😂😂,228,timestamp,0.95
ehktZnxWqqU,acefamily,0.40771866,high,6:26 when Elle jumped when Austin laughed I started dying!!!! 😂😂😂😂,276,timestamp,0.95
7OdHLFx0uR4,acefamily,0.39769363,high,omg Elle's helmet had me dying 😂😂,1693,normal,0.95
7OdHLFx0uR4,acefamily,0.39769363,high,"Elle is so smart to be pranked, she really knew that Santa is her dada.",567,normal,0.9
7OdHLFx0uR4,acefamily,0.39769363,high,I love when Catherine talks in Spanish to Elle. It’s the cutest,246,normal,0.9
7OdHLFx0uR4,acefamily,0.39769363,high,I didn’t realise how much I missed this house and the vlogs and baby elle 😭😭,259,normal,0.9
7OdHLFx0uR4,acefamily,0.39769363,high,Austin is the best dad ever and Catherine is a amazing mom😍😘,464,normal,0.95
7OdHLFx0uR4,acefamily,0.39769363,high,Austin is hella funny. Look like Santa but sound like the dam grinch 🤣🤣🤣😂,254,normal,0.9
7OdHLFx0uR4,acefamily,0.39769363,high,"Elle's so called ""helmet"" 😂😂😂😂😂😂😂😂😂😂😂😂",80,normal,0.9
7OdHLFx0uR4,acefamily,0.39769363,high,U should do that on Alaïa who's with me?,432,normal,0.7
7OdHLFx0uR4,acefamily,0.39769363,high,I didn't know santa cursed 😂😂,368,normal,0.85
7OdHLFx0uR4,acefamily,0.39769363,high,“Please be careful with my child”. “Always” AHHHHHH IM DONNE MY HEART 😭❤️❤️ I need a kid now,237,normal,0.9
7OdHLFx0uR4,acefamily,0.39769363,high,Catherine always saying “can you be careful with my child” to Austin 😂😂,76,normal,0.9
7OdHLFx0uR4,acefamily,0.39769363,high,5:00 HAHAHAHA When Austin laughed Elle got scared😂😂,123,timestamp,0.95
7OdHLFx0uR4,acefamily,0.39769363,high,Who else’s died laughing when Austin laughed with the Santa costume and Elle got scared and jumped back?😂😂😂😂,243,normal,0.9
7OdHLFx0uR4,acefamily,0.39769363,high,it's the sweetest thing when Elle starts freaking out if she thinks you guys are getting hurt 😭😭❣️❣️,42,normal,0.9
7OdHLFx0uR4,acefamily,0.39769363,high,"“I told them I was going to,um get in the bed with their daughter,as weird as that sounds”😂😂😂💓",29,normal,0.8
7OdHLFx0uR4,acefamily,0.39769363,high,Who is watching this in december 2018 and saw the new intro it lit...,227,normal,0.8
7OdHLFx0uR4,acefamily,0.39769363,high,austins santa voice is a cowboy with a lisp 😂,31,normal,0.9
7OdHLFx0uR4,acefamily,0.39769363,high,"I love how Elle was so concerned about Austin and Catherine when they went down the stairs, It was so cute.",115,normal,0.9
7OdHLFx0uR4,acefamily,0.39769363,high,That girl is too smart to be pranked!,260,normal,0.9
7OdHLFx0uR4,acefamily,0.39769363,high,"Teacher hands us test
Me: 4:33 
Wth does any of this mean😂😂😂",229,timestamp,0.95
t9lXvyIA-H4,acefamily,0.3940378,high,"""Where the cops at? How did I get here before the cops??!??!"" IM DEAD he tryna be serious with Elle on his belly I can't",2458,normal,0.9
t9lXvyIA-H4,acefamily,0.3940378,high,It is absolutely crazy to look back at this video and remember you guys used to share a car and live in your smaller apartment. I’m so happy and inspired by how far you guys have come and continue to move forward. Thank you for being a motivation.,4174,normal,0.95
t9lXvyIA-H4,acefamily,0.3940378,high,Catherine is so pretty.. Like if you agree,2935,normal,0.85
t9lXvyIA-H4,acefamily,0.3940378,high,Who’s here after Catherine released her book 😭💀,161,normal,0.9
t9lXvyIA-H4,acefamily,0.3940378,high,The moment I saw Austin running down the street I started dying LMAOOO,3022,normal,0.9
t9lXvyIA-H4,acefamily,0.3940378,high,who else is binge watching old ACE Family videos,5994,normal,0.9
t9lXvyIA-H4,acefamily,0.3940378,high,The way austin was running with baby across the street 😂🤣,1303,normal,0.9
t9lXvyIA-H4,acefamily,0.3940378,high,Austin rejecting Cathrine’s kiss made me feel sad🥺,1762,normal,0.85
t9lXvyIA-H4,acefamily,0.3940378,high,Her necklace says Austin omg so cute,3710,normal,0.8
t9lXvyIA-H4,acefamily,0.3940378,high,I died when I seen Austin RUNNING across the street with Elle😂😂,884,normal,0.9
t9lXvyIA-H4,acefamily,0.3940378,high,Austin running down the street with Elle 😂😂😂😂😂,694,normal,0.9
t9lXvyIA-H4,acefamily,0.3940378,high,"Who else is watching after princes #2 is born?

👇",1786,normal,0.85
t9lXvyIA-H4,acefamily,0.3940378,high,"The way he was running across the street with Elle was funny, but cute😂😂😊😊",725,normal,0.9
t9lXvyIA-H4,acefamily,0.3940378,high,THE WAY AUSTIN WAS RUNNING LOOKED LIKE HE WAS KIDNAPPING ELLE!! 😂😂 YOU HAD ME DYING,825,normal,0.85
t9lXvyIA-H4,acefamily,0.3940378,high,Him walking with the baby was the funniest thing 😂,1344,normal,0.9
t9lXvyIA-H4,acefamily,0.3940378,high,Lmao she forgot her Starbucks 😂 like if you noticed 🥴😂,475,normal,0.85
t9lXvyIA-H4,acefamily,0.3940378,high,"When he said ""You changed the meeting for a prank"" 💀 IM DYIN #TeamCatherine",2566,normal,0.9
t9lXvyIA-H4,acefamily,0.3940378,high,“Oh I’m a freaking genius! “ looks around for people to be proud of her 😂  I love Catherine !!!,657,normal,0.9
t9lXvyIA-H4,acefamily,0.3940378,high,i think catherine already won the war along time ago with that cockroach prank haha,851,normal,0.85
t9lXvyIA-H4,acefamily,0.3940378,high,"when catherine gets pranked she laughs,  but when he gets pranked he gets mad i think idk",644,normal,0.85
_aKnXtK8F40,acefamily,0.38579407,high,"""why you always gotta hit me whenever I prank you?"" LMFAOOOOOOOO",1901,normal,0.95
_aKnXtK8F40,acefamily,0.38579407,high,CATHERINES LATINA SIDE CAME OUT 😂😂😂😂😂🤕,6696,normal,0.9
_aKnXtK8F40,acefamily,0.38579407,high,"Bro who else died wheb  Catharine slapped Austin... 
Give this a thumbs up",1040,normal,0.9
_aKnXtK8F40,acefamily,0.38579407,high,She flew across that bed 😂,487,normal,0.95
_aKnXtK8F40,acefamily,0.38579407,high,"She fell off the bed and came back running to hit him,dead😂❤💀",4253,normal,0.95
_aKnXtK8F40,acefamily,0.38579407,high,When she slapped him I was laughing so hard😂,2394,normal,0.95
_aKnXtK8F40,acefamily,0.38579407,high,"""Damn why you always gotta hit me whenever I prank you?"" 😂😂",1141,normal,0.95
_aKnXtK8F40,acefamily,0.38579407,high,"2:51 Austin: We have to go “rawr”
         Elle: AHHH
She’s so precious😂❤️❤️",602,timestamp,0.9
_aKnXtK8F40,acefamily,0.38579407,high,I love how much he loves Elle.,2492,normal,0.95
_aKnXtK8F40,acefamily,0.38579407,high,I'm so dead at the way Catherine ran up and slapped the shit out of Austin 😂😂😂😂😂😂😂😭😭,1016,normal,0.9
_aKnXtK8F40,acefamily,0.38579407,high,"The way austin  calls her princess❤..like this comment for our little princess ""elle""😚",492,normal,0.9
_aKnXtK8F40,acefamily,0.38579407,high,4:42 I died when she launched at him that Latina side came out. 😂😂😂😂😂😂,294,timestamp,0.9
_aKnXtK8F40,acefamily,0.38579407,high,Dang..... She hit Austin HARD,315,normal,0.9
_aKnXtK8F40,acefamily,0.38579407,high,THE WAY HE FELL WHEN SHE SLAPPED HIM!!!😂😂😂😂😂😂😂😂😂😂😂😂😂😂😂😂😂😂😂😂😂😂😂😂ALMOST PEED MEH SELF!!!😂😂😂😂😂😂😂😂😂😂😂😂😂😂😂😂😂😂😂😂😂😂😂😂😂😂😂😂😂😂😂😂😂😂😂😂😂😂😂😂😂😂😂😂😂😂😂😂😂😂😂😂😂😂,425,normal,0.9
_aKnXtK8F40,acefamily,0.38579407,high,I bursted out laughing when I saw the way Catherine came back to slap Austin 😂😂,624,normal,0.95
_aKnXtK8F40,acefamily,0.38579407,high,Anyone here watching it when it's 2019?,604,normal,0.8
_aKnXtK8F40,acefamily,0.38579407,high,The noises Elle makes are super adorable she's the cutest baby I've ever met,1287,normal,0.95
_aKnXtK8F40,acefamily,0.38579407,high,IM CRYING OF LAUGHTER BECAUSE OF HOW SHE HIT AUSTIN 😂😂😂😂,811,normal,0.95
_aKnXtK8F40,acefamily,0.38579407,high,That was funny when she slapped him and he fell,2477,normal,0.95
_aKnXtK8F40,acefamily,0.38579407,high,Who else is watching this when there baby boy came into the world.,162,normal,0.8
CUdONzxaTu8,acefamily,0.38553005,high,Steel was like “yall ain’t seeing this shit??” 😭,2589,normal,0.9
CUdONzxaTu8,acefamily,0.38553005,high,I love the fact that laï laï is asleep in every single video she’s such a mood😂❤️❤️,3588,normal,0.9
CUdONzxaTu8,acefamily,0.38553005,high,Steel was like “yall not seeing this shit??” 😭.,962,normal,0.9
CUdONzxaTu8,acefamily,0.38553005,high,Elle's face when they brought the bear out. She was like help me they are doing it again. Lol,636,normal,0.9
CUdONzxaTu8,acefamily,0.38553005,high,The way Elle carried and let Steel sit on her lap so he wouldn't be scared is the cutest thing ever😍😍😍. Elle is such a wonderful sister💖,1610,normal,0.95
CUdONzxaTu8,acefamily,0.38553005,high,Steel crying 🥺,2650,normal,0.9
CUdONzxaTu8,acefamily,0.38553005,high,Catherine telling Elle to shush so she wouldn't ruin the prank😂,420,normal,0.9
CUdONzxaTu8,acefamily,0.38553005,high,elle is such a good big sister and you can really see how steel trusts and looks up to her so cute 🥺,304,normal,0.95
CUdONzxaTu8,acefamily,0.38553005,high,ONLY OGS REMEMBER THEY DID THIS TO ELLE AND CATHERINE LOL,720,normal,0.85
CUdONzxaTu8,acefamily,0.38553005,high,The bigger steel gets the more he’s looking like Austin,631,normal,0.9
CUdONzxaTu8,acefamily,0.38553005,high,"Nobody:

Literally nobody?:

Steel: “hi”",528,normal,0.9
CUdONzxaTu8,acefamily,0.38553005,high,"""he just takes up so much room"" maam have you seen the size of your house😂",604,normal,0.9
CUdONzxaTu8,acefamily,0.38553005,high,At this point he’s a professional at taking the bear apart no joke,346,normal,0.9
CUdONzxaTu8,acefamily,0.38553005,high,"Idk what's scarier,  the moving teddy bear or the way Austin looks when he comes out 💀😭 8:03",236,timestamp,0.8
CUdONzxaTu8,acefamily,0.38553005,high,"Is it just me, or is anyone else dying over Austin’s hair after he got out the bear😭☠️☠️",542,normal,0.9
CUdONzxaTu8,acefamily,0.38553005,high,i can’t believe elle and alaïa are so grown now! i used to watch the ace family like 3 years ago but i stopped. sometimes i like to check up on them to see what their doing. mainly for the kids and catherine 💀 last time i checked steel was just a baby and now he’s up walking😂,211,normal,0.9
CUdONzxaTu8,acefamily,0.38553005,high,Aw Austin’s grandma is such a grandma Lool “ you want your leg out?”😂 so cutee!,573,normal,0.9
CUdONzxaTu8,acefamily,0.38553005,high,"i remember when austin did this to catherine, elle, and alaïa 🥰",273,normal,0.9
CUdONzxaTu8,acefamily,0.38553005,high,"Steel was like ""if Yall don't fucking pick me up""😭",292,inappropriate,0.7
CUdONzxaTu8,acefamily,0.38553005,high,Not Steel crying even more when he finds out it's his dadda😢😂,61,normal,0.9
3jKGw16HhMg,acefamily,0.36520728,high,i love when catherine speaks in Spanish to elle,2946,normal,0.9
3jKGw16HhMg,acefamily,0.36520728,high,Elle was legit crying because she thought her parents were fighting,2401,concern,0.8
3jKGw16HhMg,acefamily,0.36520728,high,She legit broke his heart😳,3358,normal,0.7
3jKGw16HhMg,acefamily,0.36520728,high,You know she’s a good actor she’s always calm and composed.. she got him good!,869,normal,0.9
3jKGw16HhMg,acefamily,0.36520728,high,IM CRYING CAUSE AUSTIN EVEN POSTED THE PIC AND DELETED IT IM DEAD,3345,normal,0.8
3jKGw16HhMg,acefamily,0.36520728,high,"Am I the only one who feels bad for Austin


*HE WAS SO FRIGGING HAPPY*",2746,concern,0.7
3jKGw16HhMg,acefamily,0.36520728,high,"it cracks me up how Catherine literally never has to try to do anything to prank Austin, but Austin is like out of breathe pranking her. so funny 😅😅",5647,normal,0.9
3jKGw16HhMg,acefamily,0.36520728,high,To the 1% of people are reading this God bless you and have a wonderful day.,1152,normal,0.9
3jKGw16HhMg,acefamily,0.36520728,high,"Am I the only one that thinks that it's funny how Austin is like "" hey babe can you come help me bring the stuff up?"" And she's just like ""Um...."". So then he realizes she won't do it so he says ""it's fine I got it"".",1596,normal,0.8
3jKGw16HhMg,acefamily,0.36520728,high,"He was so geeked just to have his name tatted on her, that’s the type of love I’m trying to have",702,normal,0.9
3jKGw16HhMg,acefamily,0.36520728,high,I love when Catherine speaks Spanish to Elle 😭❤️,2143,normal,0.9
3jKGw16HhMg,acefamily,0.36520728,high,Am I the only one that is watching sooooo many Old ACE FAMILY videos 😂,504,normal,0.8
3jKGw16HhMg,acefamily,0.36520728,high,i think it crushed him even more when she said that she would never get it tatted..,1280,concern,0.7
3jKGw16HhMg,acefamily,0.36520728,high,"""Now you have to get my name tatted on you"" 

""What... iM DOWN"" 

LMAO I LOVE THEMMM",631,normal,0.9
3jKGw16HhMg,acefamily,0.36520728,high,"""So you know it's real"" cause buying a house and having a baby together doesn't make it real yet 😂",2370,normal,0.8
3jKGw16HhMg,acefamily,0.36520728,high,pov u watching this the day after they said they were getting a divorce.,37,normal,0.7
3jKGw16HhMg,acefamily,0.36520728,high,"catherine; WHY WOULD I GET SOMEONE'S NAME TATOOED
Austin : (no word just his look)",782,normal,0.9
3jKGw16HhMg,acefamily,0.36520728,high,Omg he got HYPED,2957,normal,0.9
3jKGw16HhMg,acefamily,0.36520728,high,"Austin : hold up , hold up let me get my phone *runs like a lil kid 😩😭💕🌈",600,normal,0.9
3jKGw16HhMg,acefamily,0.36520728,high,"I feel bad he was like, “ so you would never do that” 

“No. Why would I get someone’s name tattooed?”

😭😥",191,concern,0.8
9zMxb17DMUM,acefamily,0.36513534,high,"If we all educate our sons, no girl will be harmed. So instead of being strict with your daughters, be strict with your son.",3763,normal,0.9
9zMxb17DMUM,acefamily,0.36513534,high,How did I know Austin was the type of guy to say he’s going to be more strict on his girls vs his son. That is what creates these toxic men…,655,toxic,0.8
9zMxb17DMUM,acefamily,0.36513534,high,CAN'T WAIT FOR THEIR KIDS TO GROW UP AND SPILL ALL THE TEA,2091,normal,0.7
9zMxb17DMUM,acefamily,0.36513534,high,lai lai is absolutely adorable i can’t even cope with how cute she is,1782,normal,0.95
9zMxb17DMUM,acefamily,0.36513534,high,Lol Lai Lai’s face is always a mood 😂 😂 😂 she’s so serious and taking it very good.,3136,normal,0.9
9zMxb17DMUM,acefamily,0.36513534,high,"I think children should be raised the same. Teach the boys to respect the girls so you don’t have to always worry about girls being with boys. If you’re lenient with the boys, they’ll think they can do whatever they want and get away with it",1258,normal,0.9
9zMxb17DMUM,acefamily,0.36513534,high,Lai lai is so precious man I know it was hard being serious with her because she’s always smiling.,966,normal,0.9
9zMxb17DMUM,acefamily,0.36513534,high,Lailai is too stinking cute!!!! Her facial expressions are adorable. 😭,871,normal,0.95
9zMxb17DMUM,acefamily,0.36513534,high,Austin says “oh I’ll be more strict with my girls than my son” why do girls have to be penalized just for being girls smh,669,concern,0.85
9zMxb17DMUM,acefamily,0.36513534,high,The way Alaia looks at Austin is so effin cute. She’s such a daddies girl,970,normal,0.9
9zMxb17DMUM,acefamily,0.36513534,high,"Alaia really loves Austin so much, she’s very much a daddy’s girl. She always looks at him with hearts in her eyes like 😍",755,normal,0.9
9zMxb17DMUM,acefamily,0.36513534,high,I believe in raising both sons and daughters the same way. Teach them all good values and we won't have to worry about either of them. Love the kids much. ❤,892,normal,0.9
9zMxb17DMUM,acefamily,0.36513534,high,"i love how honest Elle is omg 🥺 she looks so concerned about her ""having a bf"" bless her.",712,normal,0.85
9zMxb17DMUM,acefamily,0.36513534,high,Alaïa is 100% going to be the child that gets into the most trouble as she grows up 😂😂💛💛,277,normal,0.9
9zMxb17DMUM,acefamily,0.36513534,high,"Be fair all across the board. Don’t treat your kids differently based on gender.
Allow your kids to enjoy their childhood.",396,normal,0.9
9zMxb17DMUM,acefamily,0.36513534,high,Don’t make the girls feel like the can’t do anything and brother can do everything because that will also mess them up.. they might resent each other one day,233,normal,0.9
9zMxb17DMUM,acefamily,0.36513534,high,"one thing i noticed is elle is really good with eye contact, that’s a super good thing!!",247,normal,0.85
9zMxb17DMUM,acefamily,0.36513534,high,"Don't want to be strict with your son but with your girls? I'm sorry but this is why society is messed up lately. Women and men are equal, teach your son to behave and treat a girl right and teach your girls to also respect their bodies and themselves. Not because he's a boy he gets to do as he pleases. Daughters are to be taught and protected. And u also need to teach your son to not be like those douche that only play around with girls cause u sounding a lot like u want him your son to have more freedom. 😒",791,concern,0.85
9zMxb17DMUM,acefamily,0.36513534,high,"don’t do your daughters like that bro. i grew up with brothers and my parents treated me differently bc i’m a girl. It’s miserable, they’ll grow up and feel so shitty that you used misogyny to raise them.

Edit: lmao ace family fans constitute being anti misogyny as being a karen lmfaoooooo 
Bro literally said he’s going to be stricter on his daughters than his son. Not my words, Im not pulling it out of nowhere and it wasn’t a joke. You guys are ridiculous.",443,concern,0.9
9zMxb17DMUM,acefamily,0.36513534,high,"Elle was straight forward and looked at her daddy straight in the eyes and said no and her eyes was locked onto his, Alaia had no idea what daddy was saying or she was scared lol. Steel of course he’s going to say yes to anything 😂😂😂❤️❤️❤️❤️",623,normal,0.85
xSNh1WdUYy8,acefamily,0.36224347,high,More people need to be just as thankful & appreciative as his little brother,596,normal,0.9
xSNh1WdUYy8,acefamily,0.36224347,high,"Props to dad for his gift attempt... Mom salty, trying to laugh it off. Be salty off camera. Lol.",1420,normal,0.8
xSNh1WdUYy8,acefamily,0.36224347,high,Omggggg 😩😩😩 Austin’s little brother got a case and just sat there happy and happy for everyone what an angel 😇,729,normal,0.9
xSNh1WdUYy8,acefamily,0.36224347,high,"His little brother hurt my heart, so sweet, pure and thankful😭",106,normal,0.9
xSNh1WdUYy8,acefamily,0.36224347,high,Austin talks just like his dad damn lol,2050,normal,0.9
xSNh1WdUYy8,acefamily,0.36224347,high,I felt so bad for Austins little brother opened his gift and he put the case on his phone 😊,966,normal,0.9
xSNh1WdUYy8,acefamily,0.36224347,high,"""I only wear Louis Vuitton.. Why you looking through my phone anyway"" I hope I never have a wife like her",998,toxic,0.7
xSNh1WdUYy8,acefamily,0.36224347,high,"Nobody at all:
People in the comments: ""AuStIn'S StEpMoM iS rUdE""",116,toxic,0.7
xSNh1WdUYy8,acefamily,0.36224347,high,Aww how cute. When his little brother got a small gift he didn't  complain. How awesome 😣,465,normal,0.9
xSNh1WdUYy8,acefamily,0.36224347,high,"Austin's step mom should be more appreciative of the attempt by her husband to get her something he thought she wanted. She shouldn't of been like ""HAHAHA I ONLY WEAR LOUIS V."" That was so rude.",2193,concern,0.8
xSNh1WdUYy8,acefamily,0.36224347,high,WHY IS YOUR WHOLE FAMILY FINE AF,3040,normal,0.8
xSNh1WdUYy8,acefamily,0.36224347,high,"“I Only wear lv” 
Oh im sorry you’re husband bought you that gold digger",73,toxic,0.7
xSNh1WdUYy8,acefamily,0.36224347,high,"His dad was really thoughtful but his rude selfish wife was like ""hahaha I only wear LV"" Can u get any ruder??? His brother got a phone case and he didn't say a word and acted happy u know u can learn some manners from that lil kid",1642,concern,0.8
xSNh1WdUYy8,acefamily,0.36224347,high,"Y'all saying ""crushing on austins brother."" Idc I'll admit I'm crushing on his dad 😂😂😂😭😍",647,inappropriate,0.6
xSNh1WdUYy8,acefamily,0.36224347,high,yo dad low key lookin like John cena,609,normal,0.9
xSNh1WdUYy8,acefamily,0.36224347,high,The one that Austin Prank his little brother he so cute,83,normal,0.9
xSNh1WdUYy8,acefamily,0.36224347,high,Why Austin stepbrother be looking like Drake? 😂,1150,normal,0.9
xSNh1WdUYy8,acefamily,0.36224347,high,"""Wait are those my headphones?"" *cuts video 💀💀",163,timestamp,0.8
xSNh1WdUYy8,acefamily,0.36224347,high,I felt so bad for austins dad. Lol his wife was so rude,535,concern,0.8
xSNh1WdUYy8,acefamily,0.36224347,high,"This is hilarious 😂 Austin is literally hiding 10 meters away, behind the wall trying to get away from a tiny snake that seems to be 10cm long lol 😂 😂😂😂",46,normal,0.9
oY2QfqsPt1o,acefamily,0.35861793,high,"Elle was like ""seriously, I just woke up and you do this."" 😂",3136,normal,0.95
oY2QfqsPt1o,acefamily,0.35861793,high,Austin be looking like the lady from the incredibles,3819,normal,0.9
oY2QfqsPt1o,acefamily,0.35861793,high,Yall should do this prank again now that elle is older 😂😂😂😂,1953,normal,0.9
oY2QfqsPt1o,acefamily,0.35861793,high,"WHO ELSE IS HERE 
FROM AFTER Steel is born??                                         (thanks for all the likes😊)",617,normal,0.85
oY2QfqsPt1o,acefamily,0.35861793,high,Catherine looks creepy as hell looking at Elle... lol,1594,normal,0.8
oY2QfqsPt1o,acefamily,0.35861793,high,Cathrine still looks beautiful without make up! Like if you agree,924,normal,0.9
oY2QfqsPt1o,acefamily,0.35861793,high,Elle was looking at Austin like awww hell nawww you looking like somebody auntie. 😂😂 love you ace family! ❤️,4891,normal,0.9
oY2QfqsPt1o,acefamily,0.35861793,high,Who else is here after they announced baby #3 baby boy,1335,normal,0.85
oY2QfqsPt1o,acefamily,0.35861793,high,She look dead into the camera lol,1185,normal,0.8
oY2QfqsPt1o,acefamily,0.35861793,high,I love how elle's hair looks like when she wakes up❤😂😂,713,normal,0.9
oY2QfqsPt1o,acefamily,0.35861793,high,Who else can not wait for Elle to get older and prank her parents 💙😍,1016,normal,0.9
oY2QfqsPt1o,acefamily,0.35861793,high,At 4:27 when Austin sneezed he sounded like Pinocchio from shrek😂😂,431,timestamp,0.95
oY2QfqsPt1o,acefamily,0.35861793,high,2018 anyone? + I am dying of laughter bc of Catherine starring at Elle and Elle is like wtf .,425,normal,0.85
oY2QfqsPt1o,acefamily,0.35861793,high,Can we just take a moment to admire Catherine's beauty.. she is LEGIT the prettiest woman I've ever seen. So dang beautiful both inside and out. 😩💗💗,4483,normal,0.9
oY2QfqsPt1o,acefamily,0.35861793,high,"God has a pen 
The ace family have a highlighter 
God drew the world and the ace family made it brighter. Like this if you agreee",1449,normal,0.85
oY2QfqsPt1o,acefamily,0.35861793,high,Austin lookin like somebody auntie,183,normal,0.9
oY2QfqsPt1o,acefamily,0.35861793,high,he looks like the little lady from the incredibles 😂😂,2480,normal,0.9
oY2QfqsPt1o,acefamily,0.35861793,high,When he started fake sneezing I lost it 😂😂,451,normal,0.9
oY2QfqsPt1o,acefamily,0.35861793,high,Y’all should do this again now that she’s older lol,362,normal,0.9
oY2QfqsPt1o,acefamily,0.35861793,high,austin be lookin like “somebody auntie”,139,normal,0.9
oKCih0Bclb4,acefamily,0.3551978,high,"Elle is literally Catherine’s mini, kind, compassionate, loving and such a pure heart! That little girl is going to go far in life! ❤",272,normal,0.95
oKCih0Bclb4,acefamily,0.3551978,high,Elle is so sweet and caring. The fact that she was worried about the owners being worried. You’ve raised such a great human being.,214,normal,0.95
oKCih0Bclb4,acefamily,0.3551978,high,I love how moral Elle is.🥺 Most kids would want to keep him but she’s worried about him getting back to his family ❤️❤️,688,normal,0.95
oKCih0Bclb4,acefamily,0.3551978,high,The way Elle was worried about how the owners missing their puppy 🐶 was extremely sweet.  Great job parenting by having good morals..!! ❤,32,normal,0.95
oKCih0Bclb4,acefamily,0.3551978,high,Don’t we all love a daily dose of watching The ACE FAMILY?❤️,271,normal,0.9
oKCih0Bclb4,acefamily,0.3551978,high,I’m amazed how maturely Elle handled the situation. Love he so much!!,29,normal,0.9
oKCih0Bclb4,acefamily,0.3551978,high,Elle is so sweet when she said we should give him back to his owner. I love the heart you guys have as a family ❤,35,normal,0.95
oKCih0Bclb4,acefamily,0.3551978,high,I love and admire this family. I love how much love and care Austin and Catherine has for their children and the dog. It's these families that make me feel better and help me know that anything is possible.,125,normal,0.9
oKCih0Bclb4,acefamily,0.3551978,high,"Aww I bet that poor pup was lost and confused and came right to Austin because he could sense that positive energy and felt safe with you guys! 🥰 I’m so glad you found his family though, that is one of my worst fears as a dog owner is my dog getting out and not being able to find him 😭 I also wanted to thank you again for doing Vlogmas, especially this year as we are coming up on the end of the year and you will be taking a break after this year. It just sincerely means so much to me, I truly appreciate all of the hard work you put into filming and editing every single video for us, your entire family is seriously such a bright light in this crazy life! 🥰
As always, sending so much love and light to the entire McBroom family!! 💕",70,normal,0.9
oKCih0Bclb4,acefamily,0.3551978,high,Ace is so unbothered. Steel sounds so adorable and he's growing really fast.,7,normal,0.9
oKCih0Bclb4,acefamily,0.3551978,high,"I love seeing Elle get so into filming, she’s got so much co confidence, I LOVE it!! ❤️😊",61,normal,0.9
oKCih0Bclb4,acefamily,0.3551978,high,It’s so nice to see people who still care about dogs.I love you guys.,50,normal,0.9
oKCih0Bclb4,acefamily,0.3551978,high,Omg Steel boy is so cute. I love how he gave the dog water (water bottle) that was the sweetest omg lol. You have 3 adorable little children I’m so grateful that I have been able to watch them grow❤️Happy Hollidays Ace family! Sending lots of love to you all from Ontario Canada❤❤❤💙💙🐶,38,normal,0.9
oKCih0Bclb4,acefamily,0.3551978,high,These kids really have a pure heart wanting to make sure the dog gets home!! Sooo very sweet and mature to think this way!,6,normal,0.95
oKCih0Bclb4,acefamily,0.3551978,high,Elle sitting there at the end of the video makes me feel old She was just a baby laying there in the cooler (only the real ones would remember that) 😂😂😍😍😍 I have been watching since the first video and to see where you guys are now is crazy! You guys are so lucky to have each other❤️❤️ I wish nothing but the best for you guys happy holidays ❄️❄️❄️❄️,14,normal,0.85
oKCih0Bclb4,acefamily,0.3551978,high,"Aww!! Not only are the kids so well behaved and understanding, so is Acey!! You guys are such amazing people raising such amazing children. Beautiful souls. Love you all so dearly. You have no idea how much you help me 💙",20,normal,0.9
oKCih0Bclb4,acefamily,0.3551978,high,Taking the lil buddy inside was such a nice gesture.I am enjoying the daily dosage❤️,5,normal,0.9
oKCih0Bclb4,acefamily,0.3551978,high,Steel giving the puppy the water bottle made my dayy lmaoo. So cute!! Love you guys 💕💕💕,3,normal,0.9
oKCih0Bclb4,acefamily,0.3551978,high,I’m glad the puppy found his owners. Love Elle’s confidence she’s such a big girl now. Can’t wait for tomorrow’s video ACE FAMILY ❤,14,normal,0.9
oKCih0Bclb4,acefamily,0.3551978,high,Aww Elle is so sweet wanting to give the pup back to his family!! Steel boy with the water bottle he's so thoughtful 😅🥰,2,normal,0.95
hIsGhuLVXPU,acefamily,0.34708852,high,"5:08 ""god please give this pizza guy the strength to deliver my baby"" 😂😂😂😂😂😂",1423,timestamp,0.9
hIsGhuLVXPU,acefamily,0.34708852,high,aw hell nah Austin lookin like somebody auntie 💀,2326,normal,0.8
hIsGhuLVXPU,acefamily,0.34708852,high,Did anyone notice that Austin has a Beard when he is a girl,3313,normal,0.8
hIsGhuLVXPU,acefamily,0.34708852,high,7:00haf me dying and is anyone else watching this in 2019,812,timestamp,0.9
hIsGhuLVXPU,acefamily,0.34708852,high,He looked in the damn oven for the money I’m weak😂,669,normal,0.9
hIsGhuLVXPU,acefamily,0.34708852,high,His little twerk lmao 😭😂😂😂😂,1797,normal,0.9
hIsGhuLVXPU,acefamily,0.34708852,high,"He looks in the oven for the money , I’m dead LMAO",515,normal,0.9
hIsGhuLVXPU,acefamily,0.34708852,high,"Austin is way too much.....He should get a Grammy, Oscar or Emmy award 🥇",253,normal,0.9
hIsGhuLVXPU,acefamily,0.34708852,high,When Austin started dancing 😂😂😂😂😂,612,normal,0.9
hIsGhuLVXPU,acefamily,0.34708852,high,Austin always be lookin like somebody's auntie I can't lmfao,347,normal,0.9
hIsGhuLVXPU,acefamily,0.34708852,high,"""My husband always hides the cash from me""",420,normal,0.9
hIsGhuLVXPU,acefamily,0.34708852,high,Am I the only one who loves it when austin breaks out in dance like that,138,normal,0.9
hIsGhuLVXPU,acefamily,0.34708852,high,Omg who else thought the pizza delivery guy was cute? (Like this if so) 😂😻💕🙀😂,1612,normal,0.8
hIsGhuLVXPU,acefamily,0.34708852,high,I'M SERIOUSLY DYING IN THE PARTY WHERE AUSTIN STARTS DANCING!!!,622,normal,0.9
hIsGhuLVXPU,acefamily,0.34708852,high,"""my husband always hides cash from me""
*looks in the oven* 


Austin😂im dead",434,normal,0.9
hIsGhuLVXPU,acefamily,0.34708852,high,Austin has a beard how does it seem realistic to the guy 😂!!,302,normal,0.8
hIsGhuLVXPU,acefamily,0.34708852,high,Imagine Elle when she’s like 12 reacting to these videos,272,normal,0.7
hIsGhuLVXPU,acefamily,0.34708852,high,"Did anyone else think that Catherine was going to be the one pretending going into labor
Edit: 6:56 I couldn’t keep a straight face! Austin got Moves😂😂😂😂😂😂",681,timestamp,0.9
hIsGhuLVXPU,acefamily,0.34708852,high,When ever you pranked somebody you should say you got ACED,424,normal,0.8
hIsGhuLVXPU,acefamily,0.34708852,high,He’s looking for cash in the oven 😂,94,normal,0.9
9tRgUqdMqk4,acefamily,0.34244812,high,Ace family is the best family on YouTube Like if you agree..,557,normal,0.95
9tRgUqdMqk4,acefamily,0.34244812,high,Who loves when Elle laughs so much. ❤️❤️❤️❤️,1276,normal,0.95
9tRgUqdMqk4,acefamily,0.34244812,high,the way Catherine looked at Elle at 10:50 my lord it made my heart melt,763,normal,0.9
9tRgUqdMqk4,acefamily,0.34244812,high,5:13 Austin try’s to teach Elle and Elle beats Austin up😂😂😂,36,timestamp,0.9
9tRgUqdMqk4,acefamily,0.34244812,high,"As soon as the girl says ""Here I'll do it."" The guys then figure out what we are talking about. Lol",28,normal,0.8
9tRgUqdMqk4,acefamily,0.34244812,high,i think catherine and austin had more fun than elle 😂❤,282,normal,0.9
9tRgUqdMqk4,acefamily,0.34244812,high,"‼️ THE WAY SHE LOOKS AT HER DAUGHTER, is so amazing. You can literally FEEL the love she has for her. 🌸
Go to 10:52🍀",388,timestamp,0.9
9tRgUqdMqk4,acefamily,0.34244812,high,I actually love how they’re having more fun than elle😂,92,normal,0.9
9tRgUqdMqk4,acefamily,0.34244812,high,I think Austin and Catherine had wayyyy more fun than Elle 😂😂😂💕💕💕,270,normal,0.9
9tRgUqdMqk4,acefamily,0.34244812,high,"Me as a parent:
Having more fun than my child at kid places 😂😂😂😂😂",608,normal,0.9
9tRgUqdMqk4,acefamily,0.34244812,high,this might be the best couples channel on youtube,288,normal,0.85
9tRgUqdMqk4,acefamily,0.34244812,high,5:47 she was so scared at first th3n it was funny she had mixed reaction 😂😂😂,244,timestamp,0.9
9tRgUqdMqk4,acefamily,0.34244812,high,"Elle's facial expressions are priceless ❤️ hope my baby come out like u elle happy af all the time, always smiling non stop, super smart and gorgeous like u ❤️❤️❤️❤️❤️ such an amazing small human",359,normal,0.9
9tRgUqdMqk4,acefamily,0.34244812,high,I think Austin and Catherine had more fun then Elle,150,normal,0.9
9tRgUqdMqk4,acefamily,0.34244812,high,I used to not be able to tell who Elle looked like but she's looking more like Catherine😍,92,normal,0.9
9tRgUqdMqk4,acefamily,0.34244812,high,It is so cute when Austin pretends to falls when elle hits her😭,32,normal,0.9
9tRgUqdMqk4,acefamily,0.34244812,high,Elle is soo cute Catherine:where's daddy  Elle:(lifts her shoulders),77,normal,0.9
9tRgUqdMqk4,acefamily,0.34244812,high,her face was so serious when he popped up and then she started laughing 😭💖💎. I love the ace family dude 💖.,63,normal,0.9
9tRgUqdMqk4,acefamily,0.34244812,high,Catherine:were's daddy.                   Elle:lifts up her shoulders.     omg she's so cute and intelligent❤❤,55,normal,0.9
9tRgUqdMqk4,acefamily,0.34244812,high,5:46-5:51 Elle just had mixed emotions hahahah 😂😂😂💗♠️,28,timestamp,0.9
1c5i-pVP94c,acefamily,0.34057638,high,"When he said,” they don’t know where we are. We can just hide” mannn that proved that he’ll do anything to keep Catherine by his side😭😭❤️",2866,normal,0.9
1c5i-pVP94c,acefamily,0.34057638,high,"Catherine: ""technically Elle is Canadian, so she's coming with me""

Austin :""So y'all just gonna leave me""",7638,normal,0.9
1c5i-pVP94c,acefamily,0.34057638,high,"I love how he says ""we can just hide"" a true bae right there",1843,normal,0.9
1c5i-pVP94c,acefamily,0.34057638,high,Catherine's getting 'deported' and Austins worried about the weather 😂😂,4355,normal,0.9
1c5i-pVP94c,acefamily,0.34057638,high,"""so they will come and find you and ship you back?"" 
""we can just hide"" im weakkk😂💀",1997,normal,0.9
1c5i-pVP94c,acefamily,0.34057638,high,She shouldve continued the prank and the next day get friends to dress like secret agents and pretended to take her away,6339,normal,0.8
1c5i-pVP94c,acefamily,0.34057638,high,this man was prepared to hide her like...😂😂😂,1958,normal,0.9
1c5i-pVP94c,acefamily,0.34057638,high,"I just love his imagination...he said ""we could just hide you"" my heart💛",2196,normal,0.9
1c5i-pVP94c,acefamily,0.34057638,high,"Catherine: “it means we have to move to Canada” 
Austin: “AWWW HELL NAWWW” 🤣😭😭",1421,normal,0.9
1c5i-pVP94c,acefamily,0.34057638,high,"""You know how cold it is in Canada, Hell nooo"" ""Tell Jerry we're staying here"". Im dead af.",1820,normal,0.9
1c5i-pVP94c,acefamily,0.34057638,high,"“Elle is legally Canadian, she would have to come with me”
“You’re just going to leave me here” 😂",1626,normal,0.9
1c5i-pVP94c,acefamily,0.34057638,high,"Austin: you know how cold it is in Canada...





*HELLLL NAWWW*",2053,normal,0.9
1c5i-pVP94c,acefamily,0.34057638,high,"""Well tell Jerry you're staying.""😂",1919,normal,0.9
1c5i-pVP94c,acefamily,0.34057638,high,"""Do you know how cold Canada is? HELL NAW.""
😂😂😂",1187,normal,0.9
1c5i-pVP94c,acefamily,0.34057638,high,Catherine sure has some clever pranks😂,2040,normal,0.9
1c5i-pVP94c,acefamily,0.34057638,high,Austin doesn't want to go to Canada because its freaking cold there 😂,1375,normal,0.9
1c5i-pVP94c,acefamily,0.34057638,high,"""Fucken it says Jerry right here, well tell Jerry you fuckin staying here, call Jerry"" I FUCKING DIED",867,toxic,0.7
1c5i-pVP94c,acefamily,0.34057638,high,2018 anyone ? 💀 Austin is so funny in this prank 😂😂 “we can just hide” 💀 “so what they’re  gonna come find you and then ship you back” lmao he was so confused 💀💀,797,normal,0.9
1c5i-pVP94c,acefamily,0.34057638,high,“We can just hide you”😂,1067,normal,0.9
1c5i-pVP94c,acefamily,0.34057638,high,"Is it just me who watches there old pranks again and again 😅.



(Yes I liked my own comment😚)",3105,normal,0.9
v7XzmFagRz4,acefamily,0.33706602,high,Elle protecting LaiLai even tho she was scared herself is LITERALLY the cutest thing 💜💜,1734,normal,0.95
v7XzmFagRz4,acefamily,0.33706602,high,"Catherine: this is dangerous 

Austin: don’t worry i’m athletic",677,normal,0.9
v7XzmFagRz4,acefamily,0.33706602,high,Either Elle was trying to protect alaia or she was shielding herself 😂,1900,normal,0.9
v7XzmFagRz4,acefamily,0.33706602,high,The fact that Elle was protecting her baby sister even tho she was scared to was so cute 🥰🥺,1619,normal,0.95
v7XzmFagRz4,acefamily,0.33706602,high,"Elle is growing up so fast, when she said ""in the pantry"" she sounded so big

Edit: thanx for the likes",2115,normal,0.9
v7XzmFagRz4,acefamily,0.33706602,high,The fact that Elle tightened her arms around Alaïa when Austin started coming at them was so sweet. She wasn’t only a little scared for herself but Alaïa too.,502,normal,0.9
v7XzmFagRz4,acefamily,0.33706602,high,"Cathrine: where did you find them
Elle : in the pantry. 

When did Elle start to talk to clearly 😢😍",1304,normal,0.9
v7XzmFagRz4,acefamily,0.33706602,high,U should have a zipper on Theodore so u don’t have to keep giving him surgery         -thx for the ppl that likes my comment,979,normal,0.85
v7XzmFagRz4,acefamily,0.33706602,high,Elle: “OMG” •starts hugging her sister•,707,normal,0.9
v7XzmFagRz4,acefamily,0.33706602,high,"Austin as Theodore: moves 
Lailai: yeah 
Austin as Theodore: moves again 
Lailai: yeah",421,normal,0.85
v7XzmFagRz4,acefamily,0.33706602,high,"Austin: “he said he doesn’t care if we cut him open, all he cares is someone plays with him”.

The bear: WHO TF SAID THAT?!?!",626,normal,0.9
v7XzmFagRz4,acefamily,0.33706602,high,"to all the people who were trying to “expose” elle for not being able to speak clearly, she’s still small. learning two languages isn’t the easiest, but, to spread some positivity. here’s 12:44 💘 proving y’all wrong. you go elle!",518,normal,0.9
v7XzmFagRz4,acefamily,0.33706602,high,Alaïa laying on the trampoline not doing anything is a whole mood😂❤️,531,normal,0.9
v7XzmFagRz4,acefamily,0.33706602,high,"Elle: OMG
Alaia:""Tyeah""
* Austin Moves *
Alaia: ""Tyeah""
🤣🤣😄😄",568,normal,0.9
v7XzmFagRz4,acefamily,0.33706602,high,"The hospital- “how did you get hurt?” 
Austin and Cathrine- “ we were walking down the stairs in a huge teddy bear...”
😂😂😂",533,normal,0.9
v7XzmFagRz4,acefamily,0.33706602,high,"Catherine: It’s dangerous, If you fall I’m not helping you
Nobody:
Austin: I’m Athletic",295,normal,0.9
v7XzmFagRz4,acefamily,0.33706602,high,Oh no ELLE IS GETTING BIGGG Talking bout “in the pantry”,468,normal,0.9
v7XzmFagRz4,acefamily,0.33706602,high,Sometimes I forget how big Elle is getting🥺❤️ when she said “in the pantry” she sounded so big😭,381,normal,0.9
v7XzmFagRz4,acefamily,0.33706602,high,"12:43 when elle said 
“in the pantry “
My heart melted🥺✨♥️",204,timestamp,0.95
v7XzmFagRz4,acefamily,0.33706602,high,Elle: in the pantry.. Mee: **cries**she soooo big.!*sniffles**,212,normal,0.9
3Qw5o5uTfYo,acefamily,0.33599806,high,i cant wait till elles old enough to do pranks on her parents <3,2707,normal,0.9
3Qw5o5uTfYo,acefamily,0.33599806,high,Catherine's reaction when Austin's dad ripped his shirt is my fav😂😂,5832,normal,0.9
3Qw5o5uTfYo,acefamily,0.33599806,high,your dad is extremely built....be careful while pranking him😂😂,3135,normal,0.9
3Qw5o5uTfYo,acefamily,0.33599806,high,now they can probably buy his dad 10 of those cars. LOL.,2100,normal,0.9
3Qw5o5uTfYo,acefamily,0.33599806,high,Catherine's face when his dad took his shirt off!!,1523,normal,0.9
3Qw5o5uTfYo,acefamily,0.33599806,high,"Catherine’s face expression is epic after his dad ripped his shirt, she literally looked like she did the walk of shame 😂😂💀",984,normal,0.9
3Qw5o5uTfYo,acefamily,0.33599806,high,Catherine’s face when he ripped his shirt off 😂,880,normal,0.9
3Qw5o5uTfYo,acefamily,0.33599806,high,He ripped his shirt like he was the freakin hulk 😂,789,normal,0.9
3Qw5o5uTfYo,acefamily,0.33599806,high,"“How you gonna pay for it” 
2 years later: has rolls Royce a Lamborghini and a red Range rover",2628,normal,0.9
3Qw5o5uTfYo,acefamily,0.33599806,high,Dood..I thought when you dad ripped off his shirt he was going to turn green and...rooarrr,11803,normal,0.9
3Qw5o5uTfYo,acefamily,0.33599806,high,i love Catherines reaction! when the dad ripped his shirt 😂,4001,normal,0.9
3Qw5o5uTfYo,acefamily,0.33599806,high,If Catherine wasn't there his dad would've killed Austin 😂😂,425,normal,0.9
3Qw5o5uTfYo,acefamily,0.33599806,high,I lowkey got scared when his dad started chasing him. Reminded me of my childhood whoopings 😂💀,2948,normal,0.9
3Qw5o5uTfYo,acefamily,0.33599806,high,"4:45 Catherine: i dont understand how people who have the luxury to have a camera in the car still hit something.. 
Almost 2.5 years later she hits her own red car XD",2302,timestamp,0.8
3Qw5o5uTfYo,acefamily,0.33599806,high,Daddy Ace Hulk lol,2397,normal,0.9
3Qw5o5uTfYo,acefamily,0.33599806,high,"Watching this again after Ryan won all the questions lol 😂
Edit : thanks for all the likes guys ❤️❤️ 😂",497,normal,0.9
3Qw5o5uTfYo,acefamily,0.33599806,high,I thought it's John Cena😂,1317,normal,0.9
3Qw5o5uTfYo,acefamily,0.33599806,high,“ you ain’t gon be able to fix it “couple years laters buys a mansion 😂😂,1185,normal,0.9
3Qw5o5uTfYo,acefamily,0.33599806,high,Dang his dad is strong 😂,780,normal,0.9
3Qw5o5uTfYo,acefamily,0.33599806,high,"I laughed when his Dad said, ""How you gonna pay for it?"" Austin can buy his Dad ten cars now.",515,normal,0.9
Wsi6-n0XwB4,acefamily,0.33455822,high,Do they have anyone else going back all the way to watch their videos again 🥺🥺,212,normal,0.95
Wsi6-n0XwB4,acefamily,0.33455822,high,"Re-watching old videos!!!! 2018, anyone??? 😂😂😂",3064,normal,0.95
Wsi6-n0XwB4,acefamily,0.33455822,high,Anyone here after there son was born 🥰,2303,normal,0.9
Wsi6-n0XwB4,acefamily,0.33455822,high,"I wonder if Austin ever imagined that they would have the life they have now. Congrats Austin, Catherine, and the girls!",867,normal,0.95
Wsi6-n0XwB4,acefamily,0.33455822,high,Omg in 2018 watchin old vlogs,2518,normal,0.9
Wsi6-n0XwB4,acefamily,0.33455822,high,You two were blessed with a baby that dosen't cry so easily 😂☺️😭🙏 Elle was so calm!,1093,normal,0.9
Wsi6-n0XwB4,acefamily,0.33455822,high,"2021 anyone? And after we know they’re having a boy!  
edit: and baby boy has been born .
Edit #2: thanks for all the likes !",1454,normal,0.9
Wsi6-n0XwB4,acefamily,0.33455822,high,Okay..who is here after their 3rd pregnancy announcement?,690,normal,0.9
Wsi6-n0XwB4,acefamily,0.33455822,high,"0:47 ""I'm gonna act like it's the middle of the night, when it's really only 12."" ...

12 AM IS THE MIDDLE OF THE NIGHT 😂",2009,timestamp,0.8
Wsi6-n0XwB4,acefamily,0.33455822,high,"Omg its 2018 right now and their intro is so different from the new one! 
2018 ANYONE?",286,normal,0.9
Wsi6-n0XwB4,acefamily,0.33455822,high,The crazy thing is this wasn’t even that long ago! Time flies 🙌🏽❤️,1268,normal,0.9
Wsi6-n0XwB4,acefamily,0.33455822,high,"Percentage of comments 
70% who’s here at 2019
20% who’s here after baby #2
5% her reaction is so funny
5% random 
😂😂😂😂😂",313,normal,0.9
Wsi6-n0XwB4,acefamily,0.33455822,high,The fact that Elle was looking dead at the camera when it was hidden😂,1543,normal,0.85
Wsi6-n0XwB4,acefamily,0.33455822,high,2019 anyone watching?,1629,normal,0.9
Wsi6-n0XwB4,acefamily,0.33455822,high,"6:12 Elle: ""Why I gotta put up with this bs"" 😭",1052,timestamp,0.8
Wsi6-n0XwB4,acefamily,0.33455822,high,Who’s else is here when they just had baby boy,224,normal,0.9
Wsi6-n0XwB4,acefamily,0.33455822,high,Anyone else just watching back on all their past videos because its just so unbelievable how much they'e grown and how fast,291,normal,0.9
Wsi6-n0XwB4,acefamily,0.33455822,high,2019???,1896,normal,0.9
Wsi6-n0XwB4,acefamily,0.33455822,high,Watching in 2018? Watching this intro feels so weird 😭,319,normal,0.9
Wsi6-n0XwB4,acefamily,0.33455822,high,awww catherine wears austins shorts to sleep in!,454,normal,0.9
qAa5emSVyz4,acefamily,0.33138633,high,Catherine is so nice she wanted to pick up all the notes on the street,839,normal,0.95
qAa5emSVyz4,acefamily,0.33138633,high,"Who else thought Catherine was pranking Austin😂😂

edit: OMG THANKS FOR ALL THESE LIKES , I WASNT EXPECTING THIS😘",2857,normal,0.9
qAa5emSVyz4,acefamily,0.33138633,high,"The fact that you went back to clean the streets, thats amazing",906,normal,0.95
qAa5emSVyz4,acefamily,0.33138633,high,I can’t believe y’all went back to pick up all those sticky notes 👏🏼👏🏼👏🏼,859,normal,0.95
qAa5emSVyz4,acefamily,0.33138633,high,He has the same body gestures and movements like austin when he's mad lol,276,normal,0.9
qAa5emSVyz4,acefamily,0.33138633,high,You know damn well they didn't pick all of that shit up! 😂😂,825,normal,0.85
qAa5emSVyz4,acefamily,0.33138633,high,Omg your brother really looks like you and acts like you Austin,592,normal,0.9
qAa5emSVyz4,acefamily,0.33138633,high,i laughed so hard when he just removed from the front & drove like that😂,606,normal,0.9
qAa5emSVyz4,acefamily,0.33138633,high,Austin has driving skills lmao,1419,normal,0.9
qAa5emSVyz4,acefamily,0.33138633,high,My mom was driving down the street and saw this happen! What a coincidence it was you guys hahah!,983,normal,0.9
qAa5emSVyz4,acefamily,0.33138633,high,"Every time you guys prank and it was successful you guys should say ""YOU JUST GOT ACED"" 😂😂😂👀😂 love you guys ❤️",527,normal,0.9
qAa5emSVyz4,acefamily,0.33138633,high,I have to try this on my girlfriend 😂,614,normal,0.85
qAa5emSVyz4,acefamily,0.33138633,high,Am I the only one that thought Catherine was pranking Austin!!😂😂,111,normal,0.9
qAa5emSVyz4,acefamily,0.33138633,high,that was so sweet how y'all picked up all of them up. y'all are the sweetest 😍,484,normal,0.95
qAa5emSVyz4,acefamily,0.33138633,high,Who else thought it was Catherine pranking Austin by the picture 😋😋😜😜,383,normal,0.9
qAa5emSVyz4,acefamily,0.33138633,high,"When people say ""I can't believe you guys when back to pick up the sticky notes"" and stuff I'm like it's the Ace Family, of course they did it's nothing different they're *THAT* caring. Real Ace Family members know that. ♠️♠️♠️♠️♠️♠️♠️♠️♠️",232,normal,0.9
qAa5emSVyz4,acefamily,0.33138633,high,oml he looks exactly like Austin LMAO,58,normal,0.9
qAa5emSVyz4,acefamily,0.33138633,high,I'm surprised Landon didn't see the jeep lol,149,normal,0.9
qAa5emSVyz4,acefamily,0.33138633,high,austin drives like a boss,209,normal,0.9
qAa5emSVyz4,acefamily,0.33138633,high,you and your brother look exactly the same lol,61,normal,0.9
TULMtyx1xto,acefamily,0.33116096,high,pizza guy was like: i see what you guys trynna do. You wanna get free pizza. I died,2359,normal,0.95
TULMtyx1xto,acefamily,0.33116096,high,"""he was being sweet because he seen how fine you are"" i died when he said that lmao",2800,inappropriate,0.7
TULMtyx1xto,acefamily,0.33116096,high,Am I the only one that gets so nervous for the pizza guy? 😂,8885,normal,0.9
TULMtyx1xto,acefamily,0.33116096,high,Crazy how different they are now,1338,normal,0.9
TULMtyx1xto,acefamily,0.33116096,high,"I feel really depressed for the guy😢😢😢

WHY DIDN'T YOU GUYS GO BACK AND SAY ""its a prank""",3455,normal,0.85
TULMtyx1xto,acefamily,0.33116096,high,"2016: hey ace family.

2018/2019: HEY ACE FAMILAYYYYYY!!!!!!!!!!!!!!!!!",754,normal,0.9
TULMtyx1xto,acefamily,0.33116096,high,Is it just me or am I the only person watching this in July and on 2018 🎇,2407,normal,0.9
TULMtyx1xto,acefamily,0.33116096,high,"Who’s watching in quarantine......
👇🏻👍🏻.      Edit: thx for the likes it is the most I’ve ever got",1905,normal,0.9
TULMtyx1xto,acefamily,0.33116096,high,Crazy that they used to live in a small apartment then a few years later there living in a multi million dollar house 🥰✨,1147,normal,0.95
TULMtyx1xto,acefamily,0.33116096,high,"""he was 18 years old; just got out of
kindergarten..."" IM DEAD HSVDJSBD",3649,normal,0.9
TULMtyx1xto,acefamily,0.33116096,high,OMG. When she said she had a baby his smile DROPPED,530,normal,0.85
TULMtyx1xto,acefamily,0.33116096,high,"Catherine being so gorgeous definitely added to it, but I think this guy was just trying to be there for someone in need! A girl in tears begging him to be there for her and he was a gentleman about it 👏🏻",438,normal,0.9
TULMtyx1xto,acefamily,0.33116096,high,"Who’s here after Alaïa Marie Mcbroom is born😍

Edit: Omg thanks for the likes wtf",2576,normal,0.9
TULMtyx1xto,acefamily,0.33116096,high,The pizza guy had no hesitation to come in😂😂,538,normal,0.9
TULMtyx1xto,acefamily,0.33116096,high,"“This boy is 18 years old, just got out of kindergarten”😂😂😂😂😂",383,normal,0.9
TULMtyx1xto,acefamily,0.33116096,high,“He touched the pizza..AND DIDNT TAKE A BITE!?” *Austin sounds offended 😂*,433,normal,0.9
TULMtyx1xto,acefamily,0.33116096,high,Why didn’t u tell him it was a prank?! I felt sooo baddd!!😂😂😂,1772,normal,0.85
TULMtyx1xto,acefamily,0.33116096,high,i for real couldn't watch this without feeling bad for the guy! but hilarious!,3021,normal,0.9
TULMtyx1xto,acefamily,0.33116096,high,"Aww, ♧poor guy♧ give a like if you watch old videos from ace family♡♡",886,normal,0.9
TULMtyx1xto,acefamily,0.33116096,high,imagine how he feels knowing the he delivered to THE ace family and how big they r now,255,normal,0.9
nxBbHkSlXHk,acefamily,0.3307452,high,ok but why did it take Catherine so long to see the bear move lmfao 😭,4924,normal,0.9
nxBbHkSlXHk,acefamily,0.3307452,high,OMG I DIED WHEN SHE THREW THE SHOE AT THE TEDDY BEAR 😂😂😂😂,3977,normal,0.95
nxBbHkSlXHk,acefamily,0.3307452,high,can we just admire the fact that she grabbed her baby girl first,6518,normal,0.9
nxBbHkSlXHk,acefamily,0.3307452,high,"I miss this ace family, the humble and real ace family.",2033,normal,0.9
nxBbHkSlXHk,acefamily,0.3307452,high,Imagine how scary it would be if a stranger was actually in the bear,5102,normal,0.85
nxBbHkSlXHk,acefamily,0.3307452,high,Catherine is legit the best mother in the world her first intention was *I'm grabbing my baby*,724,normal,0.9
nxBbHkSlXHk,acefamily,0.3307452,high,Catherine is so caring she picks up Elle first thing,1022,normal,0.9
nxBbHkSlXHk,acefamily,0.3307452,high,coming back to this video after hearing about the divorce. this was the first video i ever watched of them & this is what started my love for their channel. if only it stayed like this! i wish the best for them & their kids though :/,272,normal,0.85
nxBbHkSlXHk,acefamily,0.3307452,high,She's such a great mom the first thing she does is get her child ❤️,1419,normal,0.9
nxBbHkSlXHk,acefamily,0.3307452,high,Well we know that Catherine would survive in a horror movie. She took everything and left lmao.,941,normal,0.9
nxBbHkSlXHk,acefamily,0.3307452,high,She ran so fast toward her baby. Mama bear to the rescue (pun intended) 😂🐻,2513,normal,0.9
nxBbHkSlXHk,acefamily,0.3307452,high,look we didnt know that austin would be in a boxing match,389,normal,0.8
nxBbHkSlXHk,acefamily,0.3307452,high,Love the fact that the first thing she did was pick up Elle,565,normal,0.9
nxBbHkSlXHk,acefamily,0.3307452,high,Love how the first thing she did when she saw the bear move was grab Elle! That’s a mothers instinct right there. 😭🥰💗,853,normal,0.9
nxBbHkSlXHk,acefamily,0.3307452,high,"Omggggg😂😂😂😂



I’m dying when she hit the bear with the shoes
Dammn that prank was so good love it so much",1707,normal,0.95
nxBbHkSlXHk,acefamily,0.3307452,high,"Still watching this now and I absolutely love the way her mom instincts kicks in 
Looked at bear and directly went for her baby 
Now that’s a mom!",442,normal,0.9
nxBbHkSlXHk,acefamily,0.3307452,high,"I felt so bad for Catherine she was so scared and she is also such a caring mom the first thing she is get Elle

Like if you felt bad for Catherine
👇",565,normal,0.9
nxBbHkSlXHk,acefamily,0.3307452,high,How many times did Austin move his arms and she did not pay attention😂😂😂😂😂😂 thx for the likes FAM😇,1987,normal,0.85
nxBbHkSlXHk,acefamily,0.3307452,high,"Anyone else watching this in 2018?

We do youtube to and someday we hope to be like the ace family💕😍",8646,normal,0.85
nxBbHkSlXHk,acefamily,0.3307452,high,This is probably one of the realist pranks on Yt,386,normal,0.9
GXQC7EAQL7Q,acefamily,0.33016074,high,Catherine can pose with anything and still create a bomb photo!,494,normal,0.95
GXQC7EAQL7Q,acefamily,0.33016074,high,Austin so funny he said why ever body look at us we gotta escape😂😂,836,normal,0.95
GXQC7EAQL7Q,acefamily,0.33016074,high,"PLEASE DO THE BABY MOMMA DANCE WITH ELLE ❤️
edit: they did it!",1297,normal,0.9
GXQC7EAQL7Q,acefamily,0.33016074,high,Ice cream section is going to be good but every photo that Catherine is in it will be Beautiful like if you agree 👍🏻,229,normal,0.95
GXQC7EAQL7Q,acefamily,0.33016074,high,Did Austin really put us in the freezer?!?!🙄😂,730,normal,0.9
GXQC7EAQL7Q,acefamily,0.33016074,high,"CATHRINE CAN U DO THE BABY MOMA DANCE !!!!!

PLEASE DO IT !!!! 😃😂",193,normal,0.9
GXQC7EAQL7Q,acefamily,0.33016074,high,Haha Catherine's laugh is so contagious 😂,70,normal,0.95
GXQC7EAQL7Q,acefamily,0.33016074,high,I can't choose Catherine your so beautiful in all of them!!❣️😍,118,normal,0.9
GXQC7EAQL7Q,acefamily,0.33016074,high,"""Both our princesses gonna have some crazy parents""~Austin  😂😂😂 I'm dead bc it's the truth 😂😂",59,normal,0.9
GXQC7EAQL7Q,acefamily,0.33016074,high,4:58 wow she's starting to laugh like a mom now im shocked,212,timestamp,0.9
GXQC7EAQL7Q,acefamily,0.33016074,high,Hahahah I love it when Austin was  like “girl get it” when taking the pictures😂❤️❤️,82,normal,0.95
GXQC7EAQL7Q,acefamily,0.33016074,high,Who is watching after steel was born,27,concern,0.6
GXQC7EAQL7Q,acefamily,0.33016074,high,“You gotta act like you really like watermelon. Your husband is black” ~ Austin 2k18 I’m dead,163,normal,0.85
GXQC7EAQL7Q,acefamily,0.33016074,high,I think Elle should have her own photo shoot at Target too💖😍,345,normal,0.9
GXQC7EAQL7Q,acefamily,0.33016074,high,"Catherine:""it looks like a little sheep""😂😂😂😂",24,normal,0.9
GXQC7EAQL7Q,acefamily,0.33016074,high,Who else is watching after alaïa was born,725,concern,0.6
GXQC7EAQL7Q,acefamily,0.33016074,high,"i love how austin’s like “bebe we’re supposed to be doing a photoshoot, not shopping” then is like “yeah yeah you right that is cute, we need that”😂❤️",92,normal,0.95
GXQC7EAQL7Q,acefamily,0.33016074,high,My favorite part? When Catherine sprays the cleaner everywhere... ✨😂👍🏼,149,normal,0.95
GXQC7EAQL7Q,acefamily,0.33016074,high,Yo he dead put the camera in the freezer 😂😂😭,52,normal,0.9
GXQC7EAQL7Q,acefamily,0.33016074,high,Anyone after their announcement of third one💙💙💙💙💙💙,69,normal,0.85
77tneHmdM1Q,acefamily,0.32580346,high,"Austin: I hurt my knee
Pizza guy: no problem",2238,normal,0.9
77tneHmdM1Q,acefamily,0.32580346,high,Austin looking like somebody's auntie😂,1682,normal,0.8
77tneHmdM1Q,acefamily,0.32580346,high,"LOOOOOLL THAT GUY WAS PERSIAN!! HERES A TRANSLATION OF WHAT HE SAID ON THE PHONE..
'hi honey, can you let me call you later, im IN A WEIRD ASS SITUATION'",1371,normal,0.7
77tneHmdM1Q,acefamily,0.32580346,high,2 years ago they lived in this tiny apartment now they living large,570,normal,0.9
77tneHmdM1Q,acefamily,0.32580346,high,"HIS WIG CAME OFF, poor dude he wanted to leave so bad 😂😂",435,normal,0.8
77tneHmdM1Q,acefamily,0.32580346,high,I died 😂😂😂,3121,normal,0.9
77tneHmdM1Q,acefamily,0.32580346,high,When Austin fell I died laughing 😂,1305,normal,0.9
77tneHmdM1Q,acefamily,0.32580346,high,Who else was dying when he fell the first time😂,554,normal,0.9
77tneHmdM1Q,acefamily,0.32580346,high,I died when he started shakin what his mama gave him...😂😂,176,normal,0.8
77tneHmdM1Q,acefamily,0.32580346,high,Next time y'all should do a prank where whenever the pizza guy is in the doorway ur wife comes home and she accuses u of cheating and make the pizza guy be in the middle of it 😂😂😂,2732,normal,0.7
77tneHmdM1Q,acefamily,0.32580346,high,“This is my song” falls and his wig comes off I WAS DEAD 😂😂,310,normal,0.9
77tneHmdM1Q,acefamily,0.32580346,high,Shakeysha White needs to come back,301,normal,0.7
77tneHmdM1Q,acefamily,0.32580346,high,"“It’s cold outside, will u shut the door... I have the air running”😂😂",390,normal,0.8
77tneHmdM1Q,acefamily,0.32580346,high,"The deliver guy is Persian 
He said :"" I will call you later I'm in the creepy situation""",295,normal,0.7
77tneHmdM1Q,acefamily,0.32580346,high,I can’t stay serious with Austin 😂😂,390,normal,0.9
77tneHmdM1Q,acefamily,0.32580346,high,When he fell 😂😂 was the fall planned?,293,normal,0.8
77tneHmdM1Q,acefamily,0.32580346,high,You should leave Elle downstairs to make it like you’re a mom.,83,normal,0.6
77tneHmdM1Q,acefamily,0.32580346,high,"Austin was to Damm funny 😂the Pizza man probably drove back home like ""WTF"" did I just witness 😭😭",436,normal,0.9
77tneHmdM1Q,acefamily,0.32580346,high,"Austin- ""The large,  the big daddy""  me- 😂😂😂😂😂",216,normal,0.9
77tneHmdM1Q,acefamily,0.32580346,high,Who else is here after Catherine just gave birth to Steel McBroom?,93,normal,0.9
jovpzWECNIk,acefamily,0.32569194,high,"Catherine : ""don't scream too loud Elle is sleeping"" as she screams with him 😂😂😂",3047,normal,0.95
jovpzWECNIk,acefamily,0.32569194,high,I love how when they prank each other they have so much fun lol at the end they are chasing each other around. Like if you think the ACE family is #goals,6159,normal,0.95
jovpzWECNIk,acefamily,0.32569194,high,"""They want to see me help you"" 😂😂😂 i love her haha",2819,normal,0.95
jovpzWECNIk,acefamily,0.32569194,high,"Idk why, but I LOVE Catherine's high pitch ""excited"" scream 😂.",647,normal,0.95
jovpzWECNIk,acefamily,0.32569194,high,"When Austin went from 😂 to 😐 when she said "" I'll litterly leave you "" 😂😂😂😂",779,normal,0.95
jovpzWECNIk,acefamily,0.32569194,high,"Catherine called Austin a ""little shit""😂😂😂😂",730,normal,0.9
jovpzWECNIk,acefamily,0.32569194,high,This is actually the cutest prank video 😍 especially when you guys were chasing after each other like kids 😂,2896,normal,0.95
jovpzWECNIk,acefamily,0.32569194,high,4:48 sounds like a straight up chihuahua 🤣🤣,720,timestamp,0.9
jovpzWECNIk,acefamily,0.32569194,high,"7:40
Catherine: ""no because if you do that I'll literally leave you"" 
Austin: 😑 ""that's not funny bruh""
😂😂😂😂",1631,timestamp,0.9
jovpzWECNIk,acefamily,0.32569194,high,"Catherine “ if you do I will literally leave you” 
Austin “ that’s not funny no more” 🤣🤣🤣😂😂😂",435,timestamp,0.9
jovpzWECNIk,acefamily,0.32569194,high,6:40 that noise though I CAN'T STOP LAUGHING,781,timestamp,0.9
jovpzWECNIk,acefamily,0.32569194,high,who is here after their breakup,1,normal,0.9
jovpzWECNIk,acefamily,0.32569194,high,Who still watching in 2019🤣🤣🤣,2193,normal,0.9
jovpzWECNIk,acefamily,0.32569194,high,"Catherina: *pranks austin*
Austin: *finally takes off wax*
Catherine: *laughing*
Austin:*throws wax on catherine hair*
Catherine: NOOOOO
Austin: *laughs*",659,normal,0.9
jovpzWECNIk,acefamily,0.32569194,high,"austin's mood change at 7:43 was hilariousssss
like if you agree xx",244,normal,0.9
jovpzWECNIk,acefamily,0.32569194,high,"When Catherine said ""I will literally leave you"" Austin mood changed real quick!😂",239,normal,0.9
jovpzWECNIk,acefamily,0.32569194,high,All I gotta Say is that Elle must be a heavy sleeper 😂😂,447,normal,0.9
jovpzWECNIk,acefamily,0.32569194,high,Lol Austin was barking at 4:48,405,normal,0.9
jovpzWECNIk,acefamily,0.32569194,high,"Catherine: ""no cause if you did that, I'd literally leave you.""

Austin: **stops dead in his tracks mid-laugh & gets hella serious** ""that's not funny bruh""",513,normal,0.9
jovpzWECNIk,acefamily,0.32569194,high,Who else is watching this when steel is born 🥺,102,normal,0.9
ioTXoK2lJvs,acefamily,0.32436985,high,Elle was translating for all the babies watching this video 😂,1278,normal,0.95
ioTXoK2lJvs,acefamily,0.32436985,high,"Elle who made you crazy?
- Dada
And who made you beautiful?
- Mama

The cutest😭",149,normal,0.9
ioTXoK2lJvs,acefamily,0.32436985,high,IM IN TEARS BUT THE WHOLE TIME ELLE WAS SPEAKING TO THE CAMERA I WAS SMILING SO HARD MY FACE HURT SHE IS SO CUTE I LOVE HER SO MUCH,1815,normal,0.95
ioTXoK2lJvs,acefamily,0.32436985,high,I wonder how Elle is gonna look like when she's older,582,normal,0.85
ioTXoK2lJvs,acefamily,0.32436985,high,"Catherine: ""who made you crazy?"" 
Elle: ""Dadda""
Catherine: ""Who made you beautiful?""
Elle: ""Mama"" 😂😂😭",2990,normal,0.9
ioTXoK2lJvs,acefamily,0.32436985,high,"Elle be out here speaking her own language. Lmao, ""ellenese"". 😂😂😂",137,normal,0.9
ioTXoK2lJvs,acefamily,0.32436985,high,"Catherine : ""Elle who made you crazy...""
Elle: "" Dada.""
Catherine: "" who made you beautiful?""
Elle : "" Mama""
She knows 😂😂😂😂😂",649,normal,0.9
ioTXoK2lJvs,acefamily,0.32436985,high,Elle was so intense and serious trying to get her word across😂😂😂,146,normal,0.9
ioTXoK2lJvs,acefamily,0.32436985,high,"18:11
catherine: elle who made you crazy?
elle: dadda
catherine: who made you beautiful?
elle: mama
I'm crying😭😭😭",143,timestamp,0.95
ioTXoK2lJvs,acefamily,0.32436985,high,Elle out here really trying to talk 😂,70,normal,0.9
ioTXoK2lJvs,acefamily,0.32436985,high,16:32 we need baby language speakers,63,timestamp,0.95
ioTXoK2lJvs,acefamily,0.32436985,high,I really want to know what Elle was trying to say 😂😂,73,normal,0.9
ioTXoK2lJvs,acefamily,0.32436985,high,Elle's language on point 😂😂😂,374,normal,0.9
ioTXoK2lJvs,acefamily,0.32436985,high,i can't wait for elle to actually be able to talk bc it seems like she has so many stories to tell😂,639,normal,0.9
ioTXoK2lJvs,acefamily,0.32436985,high,BLESS HER she's trying to have a conversation so bad but she's speaking a completely different language ahahaha,63,normal,0.9
ioTXoK2lJvs,acefamily,0.32436985,high,17:45 - 17:49 is so funny 😂I love the Ace Family so Much Catherine is beautiful 😭😍😛 Elle is Adroable and silly 🤪😚❤️ And Austin is Extra and Crazy 🤣💙 That’s what’s so Special about the Ace Family ❤️💯💗 Like if u agree,48,timestamp,0.95
ioTXoK2lJvs,acefamily,0.32436985,high,elle trying to talk is the cutest thing😍😭❤,185,normal,0.9
ioTXoK2lJvs,acefamily,0.32436985,high,Elle’s face when their calling her name at Target 😍😍😍😩😩😩 She’s the CUTEST!!!,123,normal,0.9
ioTXoK2lJvs,acefamily,0.32436985,high,"Believe it or not Elle was trying to say something really important, as you saw she was struggling so much but still tried speaking, kids are really really smart! She noticed something and wantes to share with her parents!",111,normal,0.9
ioTXoK2lJvs,acefamily,0.32436985,high,Who is here after they found out there having a baby boy,63,normal,0.85
XXf4bgfDA50,acefamily,0.32360446,high,""" I hate disappointing people"" My heart... he is so amazing",1494,normal,0.95
XXf4bgfDA50,acefamily,0.32360446,high,"Omg my heart is breaking, I feel so bad, Ryan is too nice for this",3109,normal,0.9
XXf4bgfDA50,acefamily,0.32360446,high,AWWW THE FIRST FEW SECONDS WHEN RYAN WAS APOLOGIZING I FELT SO BAD I WANTED TO JUMP THROUGH THE SCREEN AND HUG HIM! He's such a great person ❤️,5849,normal,0.9
XXf4bgfDA50,acefamily,0.32360446,high,"""I Hate Disappointing People""
Awwwwww... My Heart I Wanted To Cry When He Said That😢😢😢💟💟💟",669,normal,0.9
XXf4bgfDA50,acefamily,0.32360446,high,"Ryan has a heart of a child, I can see the love and loyalty in his heart that he has for Austin and Catherine, ryan's blood pressure must of reached the sky..",440,normal,0.85
XXf4bgfDA50,acefamily,0.32360446,high,"7:31 Ryan hands start shaking 😭😭 I could already tell he was a good person but when he said ‘I thought I lost your trust forever bro, I hate disappointing people’ hope he lives a happy life!!",312,timestamp,0.9
XXf4bgfDA50,acefamily,0.32360446,high,"i felt really bad for Ryan, he's to good to do that.",602,normal,0.9
XXf4bgfDA50,acefamily,0.32360446,high,"Never prank him, he’s such a sweetheart omg😭",334,normal,0.9
XXf4bgfDA50,acefamily,0.32360446,high,Awwww Ryan was really scared man..,1036,normal,0.9
XXf4bgfDA50,acefamily,0.32360446,high,Aww the whole time I felt so bad for Ryan...,1558,normal,0.9
XXf4bgfDA50,acefamily,0.32360446,high,"""I thought I lost your trust forever bro, i hate disappointing people."" I felt so bad for him. 🙁😹💙",339,normal,0.9
XXf4bgfDA50,acefamily,0.32360446,high,I was sad and about to cry when Ryan said I swear I haven't done this. I feel bad for Ryan. That was not a nice prank. I feel so bad. Pauvre Ryan,375,normal,0.9
XXf4bgfDA50,acefamily,0.32360446,high,Ryan is such a sweetheart I couldn't even watch this I felt so guilty like I was apart of the prank😭😹,2014,normal,0.9
XXf4bgfDA50,acefamily,0.32360446,high,""" I'm sorry but I'm not sorry"" freaking Ryan 😂 ""I see you're concerned "" hahahah this is gold !",279,normal,0.85
XXf4bgfDA50,acefamily,0.32360446,high,"9:20. ""I hate disappointing people man."" -Ryan 😭😭😢😢",283,timestamp,0.9
XXf4bgfDA50,acefamily,0.32360446,high,"Austin: “Now I can never trust you again”
Ryan: “Brooo😞”

I felt so bad @ 8:20 even though it was a prank",46,timestamp,0.9
XXf4bgfDA50,acefamily,0.32360446,high,I felt so bad the whole time you could hear the sound in his voice that he was socked and scared I felt so bad,562,normal,0.9
XXf4bgfDA50,acefamily,0.32360446,high,"""I hate disappointing people"".. wow, he is the greatest human 
He is such a tresure",336,normal,0.9
XXf4bgfDA50,acefamily,0.32360446,high,"6:26 ""I'm sorry but I'm not sorry cause I didn't do that bro."" Lol!😂",369,timestamp,0.9
XXf4bgfDA50,acefamily,0.32360446,high,"I swear right when Ryan said"" I swear bro I didn't do it"" I felt sooooooooooooooo bad",74,normal,0.9
-nK6MtD5bys,acefamily,0.32268262,high,"9:03 toy-""hello?"" elle-""hi""",271,timestamp,0.9
-nK6MtD5bys,acefamily,0.32268262,high,"""Aww hell na who took patty?!"" I can picture Austin saying that 😂",796,normal,0.9
-nK6MtD5bys,acefamily,0.32268262,high,"""Yo ass lookin like a hyena"" 😂😂",341,toxic,0.8
-nK6MtD5bys,acefamily,0.32268262,high,"Lmao I died when he said, ""hungry as hell.. looking like a hyena!""",165,normal,0.9
-nK6MtD5bys,acefamily,0.32268262,high,"Austin: "" you be looking like a hyena"" 😂😂😂😂😂😂",33,normal,0.9
-nK6MtD5bys,acefamily,0.32268262,high,“Back for what ? I haven’t pranked you in years” 😂😂😂,137,normal,0.9
-nK6MtD5bys,acefamily,0.32268262,high,DON'T MESS WITH PATTY. PATTY IS FAMILY,90,normal,0.9
-nK6MtD5bys,acefamily,0.32268262,high,Who’s watching in 2020 and still love the Ace family?,74,normal,0.9
-nK6MtD5bys,acefamily,0.32268262,high,"16:07 ""It'd be like Charles or some shit"" LOL! 😂😂 P.S. You guys should name Elle's jeep Selma (The Simpsons). 😛",20,timestamp,0.9
-nK6MtD5bys,acefamily,0.32268262,high,“IMMA GET YO LIL AUNTIE LOOKIN NASTY Axx” 😂😂😂💀💀💀,237,toxic,0.8
-nK6MtD5bys,acefamily,0.32268262,high,“witcho nasty ass” austin got me dying 😂😂,20,toxic,0.8
-nK6MtD5bys,acefamily,0.32268262,high,"11:44

""elle's naked in the background""
""aw hell nah. go get in the bath""",189,concern,0.7
-nK6MtD5bys,acefamily,0.32268262,high,put a tracking device on patty,50,normal,0.8
-nK6MtD5bys,acefamily,0.32268262,high,Austin really said “ IS SOMEONE IN HERE IF SO REVEAL YOURSELF”😂😂😂😂 lol OMG,23,normal,0.9
-nK6MtD5bys,acefamily,0.32268262,high,Austin was real hurt lmao,865,normal,0.9
-nK6MtD5bys,acefamily,0.32268262,high,Awwww Austin’s phone screen of him and Elle is the cutest,101,normal,0.9
-nK6MtD5bys,acefamily,0.32268262,high,"""thank God patty is safe"" 😂💕💞",51,normal,0.9
-nK6MtD5bys,acefamily,0.32268262,high,BWHAHHAHA THE LOVE AUSTIN HAS FOR PATTY😂😂😂😂💀,21,normal,0.9
-nK6MtD5bys,acefamily,0.32268262,high,The way he wanted to go in first to keep his FAM safe,152,normal,0.9
-nK6MtD5bys,acefamily,0.32268262,high,“It wouldn’t be patty it’d be like Charles or some shit” I’m dead,124,normal,0.9
BgmevPiLncc,acefamily,0.3215929,high,"Elle is so close to saying ""Hey ACE Family!!"" I can't wait!!",2936,normal,0.95
BgmevPiLncc,acefamily,0.3215929,high,The faces Elle was making throughout the video was seriously the cutest thing ever 😭❤,2234,normal,0.95
BgmevPiLncc,acefamily,0.3215929,high,6:19 Elle said 'the only one I need',549,timestamp,0.9
BgmevPiLncc,acefamily,0.3215929,high,Do a song with Elle if you agree like👍👍👍👍,1192,normal,0.9
BgmevPiLncc,acefamily,0.3215929,high,"Only 2 secondes of the song, Elle is already hyped. That was how I felt",628,normal,0.9
BgmevPiLncc,acefamily,0.3215929,high,6:19 did Elle just say “the only one I need” ?!!??!??!😮😆💜💙💜💙💜,930,timestamp,0.9
BgmevPiLncc,acefamily,0.3215929,high,5:36 the way Catherine was looking at Austin 😭 why can't all love be like their love 😭,254,timestamp,0.85
BgmevPiLncc,acefamily,0.3215929,high,Who’s watching after Catherine gives birth to the second baby. 😍❤,678,normal,0.9
BgmevPiLncc,acefamily,0.3215929,high,"Did anyone else notice Elle singing “you’re my ace, you’re the only one I need” at 6:19",251,normal,0.85
BgmevPiLncc,acefamily,0.3215929,high,6:35 Elle’s face tho 😂,411,timestamp,0.9
BgmevPiLncc,acefamily,0.3215929,high,"Man, Elle is gonna have such nice throwback vids to look at",363,normal,0.9
BgmevPiLncc,acefamily,0.3215929,high,Whos here after Elle turned 3?,640,normal,0.9
BgmevPiLncc,acefamily,0.3215929,high,I think this is the only Couple/youtubers that if they broke up I would genuinely cry my eyes out 😭😭😭,343,normal,0.9
BgmevPiLncc,acefamily,0.3215929,high,elle melts my heart 😭😭,223,normal,0.9
BgmevPiLncc,acefamily,0.3215929,high,I love the way Catherine looks at Austin,299,normal,0.9
BgmevPiLncc,acefamily,0.3215929,high,Elle kinda looks like the little girl from monsters Inc it's so cute,422,normal,0.9
BgmevPiLncc,acefamily,0.3215929,high,Ah hell nah they 3 be looking like somebody's dream family 😍❤️,379,normal,0.9
BgmevPiLncc,acefamily,0.3215929,high,"I really loved Catherine's outfit in the video and Austins as well. Catherine=stunning, Austin=handsome asf",113,normal,0.9
BgmevPiLncc,acefamily,0.3215929,high,At 7:41 Elle face is like 😡😡 Elle ‘why you take my food,299,timestamp,0.9
BgmevPiLncc,acefamily,0.3215929,high,Elle is so smart 💖,994,normal,0.95
Nmi_qP0nSL8,acefamily,0.32091805,high,"18:00
LMAO y'all think Austin playing, that's how he really gonna react when she on the phone",70,timestamp,0.9
Nmi_qP0nSL8,acefamily,0.32091805,high,"Austin's face when Catherine said ""I mean its not that far of a drop"" and he said ""what"" 😂😂😂",59,normal,0.9
Nmi_qP0nSL8,acefamily,0.32091805,high,I think I could play w Elle for hours and just be the happiest,2633,normal,0.9
Nmi_qP0nSL8,acefamily,0.32091805,high,Has anyone else been binge watching the ace family so long it feels like 2020,364,normal,0.9
Nmi_qP0nSL8,acefamily,0.32091805,high,Austin is such a dramaqueen hahah I Love It 😂👌🏼,67,normal,0.9
Nmi_qP0nSL8,acefamily,0.32091805,high,Lmao Elle is always having a full out conversation on the phone,87,normal,0.9
Nmi_qP0nSL8,acefamily,0.32091805,high,"Lol Elle said ion want no damn apple, candy or grapes..... run me my check lol.",637,normal,0.9
Nmi_qP0nSL8,acefamily,0.32091805,high,"Catherine ""you're not jumping off that railing""
Also Catherine ""its not that far of a drop"" 😂😂😂",101,normal,0.9
Nmi_qP0nSL8,acefamily,0.32091805,high,4:20 that pose be the best when you tired LMAO,26,timestamp,0.9
Nmi_qP0nSL8,acefamily,0.32091805,high,Baby fever is real but I’m a baby myself,47,normal,0.8
Nmi_qP0nSL8,acefamily,0.32091805,high,"""Hugging a tree can help you with anxiety, depression, stress.""




*runs outside and hugs all the trees*",200,normal,0.8
Nmi_qP0nSL8,acefamily,0.32091805,high,"Austin “Let ME talk to Shaniqua!”

Elle gives Austin the phone.....

“SHANIQUA! STOP TALKING TO ELLE, SHE IS MAKING A VIDEO RIGHT NOW....MHM....OKAY......BYE”

Austin yeets phone😂",51,normal,0.9
Nmi_qP0nSL8,acefamily,0.32091805,high,"Lmao this vid is already past 200,000 likes so u hav to jump now 😁😁😂😂😂",45,normal,0.9
Nmi_qP0nSL8,acefamily,0.32091805,high,"Omg that was funny u said ""aye shaniqua u need to stop talking to my daughter she filming a video right now she gotta go ok thank you"" then just threw the phone😂😂😂😂 oml I'm so dead.",31,normal,0.9
Nmi_qP0nSL8,acefamily,0.32091805,high,"“You’ve been talking to sheniqa the whole video!!”😂😂😂

IM DEAD 💀😂😂😂😂",85,normal,0.9
Nmi_qP0nSL8,acefamily,0.32091805,high,It’s amazing seeing old videos and seeing how much elle has actually grown 😭,60,normal,0.9
Nmi_qP0nSL8,acefamily,0.32091805,high,Austin “ you’ve been talking to shiniqua this whole video”😂😂💀♠️💕,30,normal,0.9
Nmi_qP0nSL8,acefamily,0.32091805,high,Elle and Austin relationship is something that money can't bring so adorable 😊❤️,180,normal,0.9
Nmi_qP0nSL8,acefamily,0.32091805,high,Everybody that freaking watches this video better be giving it a thumbs up! We need to watch Austin land on the love sacs! lol OMG. We're are 30K away!!!!!,72,normal,0.9
Nmi_qP0nSL8,acefamily,0.32091805,high,Every time I hear Catherine snort while she’s laughing it cracks me up. It’s so cute that Austin doesn’t even mind it lol because I always snort when I laugh and my s/o always clowns on me 😂 ILY ACE Family 💓,130,normal,0.9
n8YHw3LluIs,acefamily,0.31510216,high,Oh shit. His mood changed hella fast. Damn😂,3059,normal,0.9
n8YHw3LluIs,acefamily,0.31510216,high,I feel bad cause he was so excited about this prank,14629,concern,0.7
n8YHw3LluIs,acefamily,0.31510216,high,"it was all fun and games till he got hit with the ""that's crazy because i feel the same way""😂😂😂😂😂😂😂",1801,normal,0.9
n8YHw3LluIs,acefamily,0.31510216,high,I miss the ace family’s old theme song 😩 brings back nostalgia,751,normal,0.9
n8YHw3LluIs,acefamily,0.31510216,high,When she said its crazy because I feel the same way and his reaction was friggin priceless 😂😂😂😂😂😂😂😂,1837,normal,0.9
n8YHw3LluIs,acefamily,0.31510216,high,She pulled the uno reverse card!!!🤣🤣🤣,1307,normal,0.9
n8YHw3LluIs,acefamily,0.31510216,high,He left the room after that text came in 💀💀💀 fuck I felt bad lol he but he loves her so much it's so cute 😩💙,3202,normal,0.8
n8YHw3LluIs,acefamily,0.31510216,high,austin: “sorry i’m a slow typer”                        catherine: says she feels the same.             austin: types in full speed💀💀,382,normal,0.9
n8YHw3LluIs,acefamily,0.31510216,high,Who’s here after Catherine gave birth to princess #2 👑💕,7349,normal,0.9
n8YHw3LluIs,acefamily,0.31510216,high,IM DYINGGGGG WHEN SHE SAID I FEEL THE SAME WAY AND HIS REACTION CHANGED SO FLIPPING QUICK 😂😂😂😂😭😭😭😭😭😭😭😭,1252,normal,0.9
n8YHw3LluIs,acefamily,0.31510216,high,"Awww, when she said “that’s crazy bc I feel the same way” , you can see his heart just break, aww 😩😩",901,normal,0.9
n8YHw3LluIs,acefamily,0.31510216,high,"who's here after austin won the boxing fight ? 😂 
(edited) HEY GUYS OMGG",1009,normal,0.9
n8YHw3LluIs,acefamily,0.31510216,high,"""That's crazy bc I fee the same way"" bruhhh whole heart dropped to his ass 😂💀",719,normal,0.9
n8YHw3LluIs,acefamily,0.31510216,high,"Notice the picture she sent at 2:27

Thats too adorable😭💜",4757,timestamp,0.8
n8YHw3LluIs,acefamily,0.31510216,high,Austin really love her like if you agree,2935,normal,0.9
n8YHw3LluIs,acefamily,0.31510216,high,"After she put ""I feel the same way""

Austin: *contemplates life choices*",365,normal,0.9
n8YHw3LluIs,acefamily,0.31510216,high,"When. She said ""i feel the same way "" his heart just dropped 😭❤️",1020,normal,0.9
n8YHw3LluIs,acefamily,0.31510216,high,He said Catherine's heart was going to drop I think austins heart dropped more than he thought.. their so freekin in love,978,normal,0.9
n8YHw3LluIs,acefamily,0.31510216,high,When she says that’s crazy because I feel the same way you can notice Austin isn’t laughing any more poor thing😂😂😂 I love this prank,1385,normal,0.9
n8YHw3LluIs,acefamily,0.31510216,high,Who here in 2050... when elle and her sister and their brother got married and took over the youtube channel ???? Like if u are here,1649,normal,0.9
CBipBrBxpeU,acefamily,0.3125909,high,"When she said "" I'm going with you"" I remembered the meaning of marriage",21945,normal,0.9
CBipBrBxpeU,acefamily,0.3125909,high,How to know ya’ll relationship healthy: *can’t think of a reason to break up*,3640,normal,0.9
CBipBrBxpeU,acefamily,0.3125909,high,"i literally died when she said ""we're going with you"" . thats a keeper <3",2329,normal,0.9
CBipBrBxpeU,acefamily,0.3125909,high,Who’s watching this in 2026❤,147,normal,0.9
CBipBrBxpeU,acefamily,0.3125909,high,"Catherine ""So where we going?""😭 ❤",4570,normal,0.9
CBipBrBxpeU,acefamily,0.3125909,high,“we’re going with you!!” omg my heart melted,1678,normal,0.9
CBipBrBxpeU,acefamily,0.3125909,high,Who’s watching this is 2025,384,normal,0.9
CBipBrBxpeU,acefamily,0.3125909,high,Well this aged well 😢,288,normal,0.9
CBipBrBxpeU,acefamily,0.3125909,high,Am I the only one thinking how they gotta hang all that cloths back up again,9296,normal,0.8
CBipBrBxpeU,acefamily,0.3125909,high,"Aw thats so sweet. Thats pure love right there. 
""Im leaving""
""Im going with you,",4043,normal,0.9
CBipBrBxpeU,acefamily,0.3125909,high,elle pushing the hats away like nah you aint leaving,5742,normal,0.9
CBipBrBxpeU,acefamily,0.3125909,high,Catherine looks better waking up than I do when I ready. 😂,728,normal,0.9
CBipBrBxpeU,acefamily,0.3125909,high,"“What are you doing I’m leaving” 
“Yea me too :)” 😂😂",1370,normal,0.9
CBipBrBxpeU,acefamily,0.3125909,high,"""I'm leaving""
""Yeah. Me too"" 
She's the best! 😂😂😂😂",1131,normal,0.9
CBipBrBxpeU,acefamily,0.3125909,high,Hahahaha I loved when Catherine was “We are going with you!” 😂 she’s NOT letting her family go anywhere. Girl has her priories STRAIGHT! 😍,11689,normal,0.9
CBipBrBxpeU,acefamily,0.3125909,high,“We’re going with you” Catherine is a real one for that,133,normal,0.9
CBipBrBxpeU,acefamily,0.3125909,high,“We’re Going together” I just Understood What love meant,925,normal,0.9
CBipBrBxpeU,acefamily,0.3125909,high,"Austin and Catherine are honestly goals she said ""we're going with you"" when he was leaving 😇❤",5033,normal,0.9
CBipBrBxpeU,acefamily,0.3125909,high,"I love how she didn’t yell at him to stay or anything or question him, she just started to pack her  things and say “we’re going with you” so calmly oh gosh she’s such a queen😻",1336,normal,0.9
CBipBrBxpeU,acefamily,0.3125909,high,Why youtube is suggesting me to watch this after they really broke up 😂😂😂,40,normal,0.9
AAReFhiZzJw,acefamily,0.3113694,high,“So one of the ladies just drove by us that we paid for aaaaand.... it didn’t look like she gave a fuck” 😂😂😂😂💀💀💀 Austin cracks me upppppp,52,normal,0.9
AAReFhiZzJw,acefamily,0.3113694,high,"people prob think that ace family are lucky to know kylie jenner, but kylie is lucky to know the ace family!!",210,normal,0.9
AAReFhiZzJw,acefamily,0.3113694,high,"Who else is a thirsty Ace Family member ? (Those who clicks on the video as soon as it is uploaded, likes and comments before even watching the video) 
Done! 
Love you ace familyyyy❤️",187,normal,0.8
AAReFhiZzJw,acefamily,0.3113694,high,who’s here after Austin bought Catherine that car💓😂,299,normal,0.9
AAReFhiZzJw,acefamily,0.3113694,high,"When austin said that the lady looked like she gave no fucks about him paying her order... i almost cried... because today i was on my last 3 dollars after buying diapers and paying bills... i went to buy a gallon of milk for my daughter.. and i hand the cashier the change and she says im short 10 cents and after i say i dont have the rest...she refuses to sell me the milk... she took it and put it behind the counter... keep in mind im carrying my one year old daughter trying to find change.. i ended up leaving without milk and she just watched me leave with my daughter in my arms.. i got in my car and cried.. but i got over it...ended up finding a dollar in my car and went somewhere else, but i would’ve loved to have someone say, hey here’s 10cents to cover the rest... it’s fuckn crazy... but thank you guys for having such a loving and caring heart. I hope others can learn from you as well ❤️❤️",106,normal,0.9
AAReFhiZzJw,acefamily,0.3113694,high,“My damn kneecaps about to explode on the backseat”😂😂😂,72,normal,0.9
AAReFhiZzJw,acefamily,0.3113694,high,"Is it me or when austin said ""they like the video without even watching it"" that related so much to me 😂😂",65,normal,0.9
AAReFhiZzJw,acefamily,0.3113694,high,"0:40 
Me:sad because the intro ended 
Ace family: HEY ACE FAMILYYYYYYYYYY
Austin: WHATS GOIN ON EVERY. BODYYYYY",29,timestamp,0.95
AAReFhiZzJw,acefamily,0.3113694,high,Catherine pregnant is me when i eat a cookie without even being pregnant,81,normal,0.9
AAReFhiZzJw,acefamily,0.3113694,high,6.5mil ACE family members ain't ganna fit in that range,53,normal,0.9
AAReFhiZzJw,acefamily,0.3113694,high,I miss elle every time she is not in a video Who else ?,120,normal,0.9
AAReFhiZzJw,acefamily,0.3113694,high,"Austin-give this video a thumbs up 👍 

Me- no 

Friend -why?!

Me-cues I already liked it when the video started 

Thirsty ace family members were you at 💓💞💜 

Edit: thx!!!! For 27 likes♠️♥️",305,normal,0.9
AAReFhiZzJw,acefamily,0.3113694,high,"They should disable comments on the day of Gender reveal and then open it up again after 24 hours so ppl can congratulate them, everyone will spoil the news, im sure we all want to watch it instead of being told what the gender is..",143,normal,0.8
AAReFhiZzJw,acefamily,0.3113694,high,"“She cared on the inside.”
“Did she?” 😂 I’m sure she did, Austin lol",49,normal,0.9
AAReFhiZzJw,acefamily,0.3113694,high,"I’ve never clicked so fast in my entire life❤️ #ThirstyAceFamilyMember 
Like if ur in the squad💚💚💚",78,normal,0.9
AAReFhiZzJw,acefamily,0.3113694,high,"I love how Austin says ""Flustrating"" instead of frustrating 😂",37,normal,0.9
AAReFhiZzJw,acefamily,0.3113694,high,7:40 Cath” I thinking a mini Van” Austin-“Yes I can totally see you being a soccer mom” Shit had me dead asf😝😝😂😂😂,45,timestamp,0.95
AAReFhiZzJw,acefamily,0.3113694,high,Catherine is me when I get food 😂,61,normal,0.9
AAReFhiZzJw,acefamily,0.3113694,high,"Catherine:""Elle just went on a date..."" 
My first thought before grandma was a boy. I was like who Elle going out with 😂😂",47,normal,0.9
AAReFhiZzJw,acefamily,0.3113694,high,"[9:47]
Austin: “my kneecaps are about to explode”😭😂😂",13,timestamp,0.95
-Yn-V7hVIvU,acefamily,0.3101208,high,I LOVE CATHERINE!!! She's always calling Austin's ass out! 😂👊🏽,1225,normal,0.9
-Yn-V7hVIvU,acefamily,0.3101208,high,"‘Godddd Dammmmmnnn you couldn’t wait for me?’
‘You’re driving, what do you want me to do just stare at the food?’

I died 😂 I love Catherine so much",333,normal,0.9
-Yn-V7hVIvU,acefamily,0.3101208,high,"I’m here in 2020!!! When there video “ Our Unborn son” 
Ahhh time just goes too quick🤍❤️🖤",141,normal,0.8
-Yn-V7hVIvU,acefamily,0.3101208,high,"Lmao Austin looked so scared when the people where following his car 😭😭 ""be careful""",1216,normal,0.85
-Yn-V7hVIvU,acefamily,0.3101208,high,"😂😂 damm, A.C.E family has gotten so big, y'all need security now .",1795,normal,0.85
-Yn-V7hVIvU,acefamily,0.3101208,high,"I was dying laughing when Elle wouldn’t trade the phone with Austin, and then she said “miiiiiiineee” 😂😂 she’s the cutest, smartest, funniest kid I’ve ever seen😍😩😂",252,normal,0.9
-Yn-V7hVIvU,acefamily,0.3101208,high,Is anyone else here after princess #2 was born?,564,normal,0.8
-Yn-V7hVIvU,acefamily,0.3101208,high,"For the 3% of you that see this comment I wanna let you know that you are beautiful inside and out and you are worth the world and every diamond on it. Know you are loved and appreciated. I also wanna let you know that you can do anything you want to do you are completely and totally capable of making all of your dreams come true,you are a beautiful person and I hope you achieve everything you want to achieve. ♥️♥️♥️♥️♥️♥️♥️♥️♥️",544,normal,0.9
-Yn-V7hVIvU,acefamily,0.3101208,high,I'm a new Ace family fan since January of this year (2018) I can't stop watching their vlogs. I started from their old ones now I'm heading all the way up to their new ones. They are amazing and fun to watch lol,375,normal,0.85
-Yn-V7hVIvU,acefamily,0.3101208,high,"But Elle in that polo tho, looking fly as hell. YAASS QUEEN ELLE 👏👏",235,normal,0.7
-Yn-V7hVIvU,acefamily,0.3101208,high,Who else is watching when their having their 3rd child,344,normal,0.8
-Yn-V7hVIvU,acefamily,0.3101208,high,Holy shit Elle’s grandfather is so good looking and young...😱😱😱,267,normal,0.7
-Yn-V7hVIvU,acefamily,0.3101208,high,if u think that elle is cute and she has a great mom and dad give this vid a thumbs up!,308,normal,0.9
-Yn-V7hVIvU,acefamily,0.3101208,high,"I'm really confused...

Why don't the ACE Family have more subscribers?...

They're too amazing.",380,normal,0.8
-Yn-V7hVIvU,acefamily,0.3101208,high,Elle was so little back then😍 anyone here at 2019?,157,normal,0.8
-Yn-V7hVIvU,acefamily,0.3101208,high,I’ve never seen such an amazing YouTuber support like the Ace Family hands down!❤️,935,normal,0.85
-Yn-V7hVIvU,acefamily,0.3101208,high,“MOUTHS LIKE A REFRIGERATOR” 😩😂 THATS MY FIRST TIME HEARING THAT 😩😂,541,normal,0.85
-Yn-V7hVIvU,acefamily,0.3101208,high,"""you're driving, what do you want me to do stare at the food"" why is catherine me 😂😂",27,normal,0.8
-Yn-V7hVIvU,acefamily,0.3101208,high,"13:04 fight me, dadda",72,timestamp,0.9
-Yn-V7hVIvU,acefamily,0.3101208,high,ELLE IS TOO ADORABLE 😭😭😭,315,normal,0.9
kmgZGm18Xn0,acefamily,0.30741966,high,You know Catherine's really angry/upset when she makes those sounds like she can't breathe 😭😭,5664,concern,0.7
kmgZGm18Xn0,acefamily,0.30741966,high,When he tried curling the hair with his finger  😂😂😂😂,4325,normal,0.9
kmgZGm18Xn0,acefamily,0.30741966,high,"Bro him trying to curl it had me dead 😂😂😂😂😭😭😭😭😭😭

(Yoo 2.3k damn)",2498,normal,0.9
kmgZGm18Xn0,acefamily,0.30741966,high,"Catherine:Austin did you just cut my hair
Austin:yup
Catherine:AUSTIN 
Austin:yup 
Catherine:AUSTIN 
Austin:yup
Catherine:AUSTIN 
Austin:what?",1897,normal,0.9
kmgZGm18Xn0,acefamily,0.30741966,high,Do I have a curling iron? *gRaBs A sTrAiGhTeNeR...*,1123,normal,0.9
kmgZGm18Xn0,acefamily,0.30741966,high,*uses wrong hair iron* “dangggg I should be hairstylist”,1070,normal,0.9
kmgZGm18Xn0,acefamily,0.30741966,high,"Austin- “You’re lucky I didn’t have my phone on me”.
“Nervously checks pocket for phone”
😂😂😂",624,normal,0.9
kmgZGm18Xn0,acefamily,0.30741966,high,"Austin: "" i look like a horse GIDDY UP GIDDY UP ""  
Austin in 2019: *makes a song called giddy up",577,normal,0.9
kmgZGm18Xn0,acefamily,0.30741966,high,"“We got a curling iron up in here?” 
*pulls out straightener*",499,normal,0.9
kmgZGm18Xn0,acefamily,0.30741966,high,*Uses a straightener* “I should be a hairstylist!”,426,normal,0.9
kmgZGm18Xn0,acefamily,0.30741966,high,"I can’t get enough of this family. Who’s binge watching the old ACE Family vids rn? 
The way Austin was trying to curl it with his finger then he got the hair straightener out! That part had me laughing so hard I almost died! 😂😂😂💀 #ACEFAMILY4LIFE #ACEFAMILY",3455,normal,0.9
kmgZGm18Xn0,acefamily,0.30741966,high,Who's here after there divorce,83,normal,0.8
kmgZGm18Xn0,acefamily,0.30741966,high,Austin you're funny as hell😩😂,4055,normal,0.9
kmgZGm18Xn0,acefamily,0.30741966,high,OMG “let’s curl it” PULLS OUT A STRAIGHTENER !! IM DED,622,normal,0.9
kmgZGm18Xn0,acefamily,0.30741966,high,Catherine was snapping lmao I feel so bad whenever she makes that crying noise,864,concern,0.7
kmgZGm18Xn0,acefamily,0.30741966,high,"Austin: I need a curling iron 
“Bring out straightener”

Me : 😂😂😂😂",347,normal,0.9
kmgZGm18Xn0,acefamily,0.30741966,high,I can't see Austin as a hairstylist😂😂😂😂,1383,normal,0.9
kmgZGm18Xn0,acefamily,0.30741966,high,Austin was having fun doing the hair in the beginning,498,normal,0.9
kmgZGm18Xn0,acefamily,0.30741966,high,"Catherine :""pushes Austin into the pool""
me: thats what you get Austin for standing next to the damn pool",293,normal,0.9
kmgZGm18Xn0,acefamily,0.30741966,high,"7:43 “Freakin just got those, re-re” I cant💀😂",134,timestamp,0.95
pzo3xasqmLU,acefamily,0.30642062,high,This intro got me thinking I'm about to watch a novela on telemundo,2262,normal,0.9
pzo3xasqmLU,acefamily,0.30642062,high,catherine screaming in the store 😂💀im ded,786,normal,0.9
pzo3xasqmLU,acefamily,0.30642062,high,"Anybody here after Cathrine had the new princess #2
Hey guys thnx for all the likes",1113,normal,0.8
pzo3xasqmLU,acefamily,0.30642062,high,Who is here after their massive house  /  mansion tour...2019,658,normal,0.8
pzo3xasqmLU,acefamily,0.30642062,high,The intro for this video makes me think I’m watching some old ass show LMFAOOOO the differences are crazy😭😭😭😭,421,normal,0.9
pzo3xasqmLU,acefamily,0.30642062,high,Aw the old intro 😭😭😭,508,normal,0.9
pzo3xasqmLU,acefamily,0.30642062,high,Who’s here when they have just had the baby boy and they are rich now x,197,normal,0.8
pzo3xasqmLU,acefamily,0.30642062,high,HAHAHAHAA WATCHING THE OLD PRANKS AFTER THE SPYING HUSBAND VIDEO HAHA,548,normal,0.9
pzo3xasqmLU,acefamily,0.30642062,high,Omg the difference in the intros,228,normal,0.9
pzo3xasqmLU,acefamily,0.30642062,high,"The best part is when he fell and broke the shower curtain.  LoL 

Ho is watching this after the 2nd princess is born",486,normal,0.9
pzo3xasqmLU,acefamily,0.30642062,high,He flew out that shower 😂😂,236,normal,0.9
pzo3xasqmLU,acefamily,0.30642062,high,Miss them like this 😢,66,normal,0.9
pzo3xasqmLU,acefamily,0.30642062,high,when he saw the roach and made the whole shower current fall down 😂😂😂,430,normal,0.9
pzo3xasqmLU,acefamily,0.30642062,high,The animals at the pet store were doing the mannequin challenge lmao,1754,normal,0.9
pzo3xasqmLU,acefamily,0.30642062,high,"Anyone here in march 2018?? 😓😓



OMG tnx for the 300+ likes♥♥",842,normal,0.8
pzo3xasqmLU,acefamily,0.30642062,high,I would die if someone dare put a roach on me 💀💀,111,normal,0.9
pzo3xasqmLU,acefamily,0.30642062,high,Who else 2018 watching them,681,normal,0.8
pzo3xasqmLU,acefamily,0.30642062,high,That is a huge roach the best prank ever I just had to watch it again.,1394,normal,0.9
pzo3xasqmLU,acefamily,0.30642062,high,Who’s watching 2018 still ? 😂,802,normal,0.8
pzo3xasqmLU,acefamily,0.30642062,high,When he dropped the curtains I was dead😂😂😂😂😂😂,102,normal,0.9
u5JF_Y5mZBI,acefamily,0.30546242,high,"AUSTIN 1 
CATHERINE 0
HAHAHAHAHA WHO WANTS MORE PRANKS???",8133,normal,0.95
u5JF_Y5mZBI,acefamily,0.30546242,high,When elle comes out and doesn’t even question the belly has me crying that’s how you really know she’s seen a lot throughout the years so of pranks and etc 😂😂this really made my day as you guys always do❤️😂,4982,normal,0.9
u5JF_Y5mZBI,acefamily,0.30546242,high,"Shes a real one, we all love her, her saying stupid then throwing down the belly was iconic",450,normal,0.9
u5JF_Y5mZBI,acefamily,0.30546242,high,SHES really THE FRICKEN BEST !!!! The level of commitment she had. Next level shit ! SHOUT OUT TO GRANDMA FOR THE FOOTAGE !!!! 😂😂😂😂,319,normal,0.9
u5JF_Y5mZBI,acefamily,0.30546242,high,Catherine is really really funny 😂😂😂 I just love how she handles things like this 😂😂 She's a genious,565,normal,0.9
u5JF_Y5mZBI,acefamily,0.30546242,high,The way she threw the stomach had me dying that caught me off guard 😂😭😂😂😂😭😂😂😆🤣!!,234,normal,0.9
u5JF_Y5mZBI,acefamily,0.30546242,high,The way the belly was thrown down the stairs 🤣🤣🤣🤣🤣 Best prank ever! Keep the pranks coming ❤️👏🏻,620,normal,0.9
u5JF_Y5mZBI,acefamily,0.30546242,high,That was hilarious! Definitely put a smile on my face. I even felt Catherine’s embarrassment!,173,normal,0.9
u5JF_Y5mZBI,acefamily,0.30546242,high,The belly throw from upstairs was hilarious! Catherine was so done with it 😂 Austin 1 Cathrine 1 for performance,620,normal,0.9
u5JF_Y5mZBI,acefamily,0.30546242,high,When she threw the belly down I was dying of laughter 🤣 bc she’s amazing for actually going through with this 😆,344,normal,0.9
u5JF_Y5mZBI,acefamily,0.30546242,high,y’all’s pranks never fail to make my day HAHA LOVE YOUU!🙌😂,1823,normal,0.9
u5JF_Y5mZBI,acefamily,0.30546242,high,She went off and still lied just to save you . She’s a queen.,22,normal,0.85
u5JF_Y5mZBI,acefamily,0.30546242,high,When she threw the belly down from the stairs I fuckin died hahahahah Catherine’s a real one. Cussing you out & then having your back lmao love her,49,toxic,0.7
u5JF_Y5mZBI,acefamily,0.30546242,high,Catherine’s nervousness makes me laugh 😂😂 cause that’s how I would exactly react 😭,208,normal,0.9
u5JF_Y5mZBI,acefamily,0.30546242,high,I've missed this. It brings me back to when you guys posted like this on a regular basis. Please keep doing this! I hope you understand how happy this has made a lot of your OG fans,828,normal,0.9
u5JF_Y5mZBI,acefamily,0.30546242,high,who is deleting the hate comments because there's no way everyone just switched up like that LMFAOOOO,37,toxic,0.8
u5JF_Y5mZBI,acefamily,0.30546242,high,Catherine held it down for sure!😂 her face at the end was priceless lmaoo😂🤣.,143,normal,0.9
u5JF_Y5mZBI,acefamily,0.30546242,high,THE ACE FAMILY IS BACK!!!!! YASSSS! THIS IS WHAT WE'VE BEEN WAITING FOR 🙌 😍,869,normal,0.9
u5JF_Y5mZBI,acefamily,0.30546242,high,I can’t stop laughing sheee is the bestttttttt I love herrrrrrrrrrrr,849,normal,0.9
u5JF_Y5mZBI,acefamily,0.30546242,high,Catherine running and yelling this is so stupid is HILARIOUS 😂😂,19,normal,0.9
G2lLBiyZxKs,acefamily,0.30068776,high,WHEN ELLE STARTED CRYING ITS LIKE SHE KNEW😭💔,3160,normal,0.9
G2lLBiyZxKs,acefamily,0.30068776,high,When Elle took her shirt off😂😂😂😂😂😂😂😂,2108,inappropriate,0.8
G2lLBiyZxKs,acefamily,0.30068776,high,I love how Catherine continuously tells Elle to be very careful with puppy. We need more parents teaching their kids that any living creature is important.,525,normal,0.9
G2lLBiyZxKs,acefamily,0.30068776,high,I’m here in 2025😢,20,normal,0.8
G2lLBiyZxKs,acefamily,0.30068776,high,When Elle tried to take her shirt off 😂😂😭,2440,inappropriate,0.8
G2lLBiyZxKs,acefamily,0.30068776,high,9:34 “wanna take her shirt off Elle”💀💀❤️ “yea” *takes her shirt off*💀🤦🏽‍♀️❤️❤️😭,217,timestamp,0.9
G2lLBiyZxKs,acefamily,0.30068776,high,Omg when Elle started crying for the puppy it broke my heart 5:33,688,timestamp,0.9
G2lLBiyZxKs,acefamily,0.30068776,high,"Austin” tell her to look up”
Cathrine “ look up” the dog ☹️",41,normal,0.7
G2lLBiyZxKs,acefamily,0.30068776,high,Oh man you Need to Keep her,304,normal,0.8
G2lLBiyZxKs,acefamily,0.30068776,high,The way Elle took off her shirt 😭😭😭😂,1072,inappropriate,0.8
G2lLBiyZxKs,acefamily,0.30068776,high,"“Do u wanna take the shirt off Elle” 
“Yea”
**takes off her shirt**
“No not ur shirt Elle the dogs” 
“Oh” 
I CANT EVEN 😂😂😂",1326,normal,0.7
G2lLBiyZxKs,acefamily,0.30068776,high,"Miss how y’all used to do your older videos😞 please please go back to the old pattern, more vlog time more day to day content",16,normal,0.9
G2lLBiyZxKs,acefamily,0.30068776,high,you know whats so weird.. did anyone notice in the last video Catherine saying that the dog they get will end up finding them rather than them finding the dog.. thats so so crazy honestly,282,normal,0.7
G2lLBiyZxKs,acefamily,0.30068776,high,I wish that someone would drop off a cute puppy on my doorstep 😑😋🤣😂🐾,2439,normal,0.8
G2lLBiyZxKs,acefamily,0.30068776,high,"9:35 ""Do you want to take her shirt off?"" Elle says, ""Yeah"" starts to pull off her shirt. hahahha",178,timestamp,0.9
G2lLBiyZxKs,acefamily,0.30068776,high,At the start Elle was like so we either gonna return her or we gonna throw hands CAUSE IM THE INLY BABY THATS ALOWED IN HERE,16,normal,0.8
G2lLBiyZxKs,acefamily,0.30068776,high,"Austin: “Let me go buy a few things for the dog”
Comes back with the whole store!
Me dead on the floor! 😂😂😂😂😂🤣",879,normal,0.9
G2lLBiyZxKs,acefamily,0.30068776,high,"If you keep her, you should name her Grace because it has ACE in it.",1790,normal,0.8
G2lLBiyZxKs,acefamily,0.30068776,high,"Catherine ""We don't wanna keep a dog because she's cute"" 3 seconds later.... ""She's so cute I wanna keep her!"" Lmao 😂😂❤❤",690,normal,0.9
G2lLBiyZxKs,acefamily,0.30068776,high,"You two are absolutely right, this is the worst way to acquire a dog, someone leaving it on your doorstep.  Breeds and the right mix for your family are so important.  REMEMBER this all of you who might be thinking of getting a puppy for Christmas.  If you are all on board, then all of the family participates in the decision, and ADOPT, DON'T SHOP!!",8,normal,0.9
AmtrhZPo7No,acefamily,0.29735425,high,"i cannot wait until Lay-Lay starts talking, i wanna know what she’s thinking all the time😂",20927,normal,0.9
AmtrhZPo7No,acefamily,0.29735425,high,Laï Laï looks like she’s always angry 😭😂 cutest thing ever,13022,normal,0.9
AmtrhZPo7No,acefamily,0.29735425,high,Can’t believe Elle is talking in full sentences...remember when she was just as baby,1951,normal,0.9
AmtrhZPo7No,acefamily,0.29735425,high,aww I’m tearing up …. I just wanted to see the old fam 😭 like 2018 vibes and shyyt🥹🥹🥹🥹🥹,31,normal,0.9
AmtrhZPo7No,acefamily,0.29735425,high,You need to put that girl in DANCE lessons! She's got the coordination and the attitude and the love for movement. She could be amazing!!,1311,normal,0.9
AmtrhZPo7No,acefamily,0.29735425,high,"elle: ""you look pretty lai lai, but you look like a crazy granny lai lai"" LMFAOO",692,normal,0.9
AmtrhZPo7No,acefamily,0.29735425,high,"when elle said ""lele ur never gonna get a boyfriend looking like that"" i was deadd😂😂😂😂",484,normal,0.8
AmtrhZPo7No,acefamily,0.29735425,high,"They went from a small apartment to a mansion with 3 kids in 2 years.. if you’re reading this, I wish the same for you😭 🤍 love and success! I deff need it too, just started my youtube and have a long way to go!",1250,normal,0.9
AmtrhZPo7No,acefamily,0.29735425,high,"no one: 
elle: “you look pretty laïlaï but you look like a genie granny” 😭😭😭😭😭😭",324,normal,0.9
AmtrhZPo7No,acefamily,0.29735425,high,"Elle: “Lai lai do you LIke when I do your makeup??”

Alaïa: *Shakes head no with iconic angry face*

💀💀💀",547,normal,0.9
AmtrhZPo7No,acefamily,0.29735425,high,A 4YEAR OLD IS NOT SUPPOSED TO HAVE TIKTOK BUT IT IS FUNNY 😂,9,concern,0.7
AmtrhZPo7No,acefamily,0.29735425,high,"When I was a kid I used cheap ass kids makeup 
elle: kylie cosmetics",721,normal,0.9
AmtrhZPo7No,acefamily,0.29735425,high,"Elle: “do you like when I do your makeup? “
Elle: “She said no”",500,normal,0.9
AmtrhZPo7No,acefamily,0.29735425,high,"Lay lay always looks angry, like she’s going to punch someone lol",1916,normal,0.9
AmtrhZPo7No,acefamily,0.29735425,high,Who’s here in 2025❤❤❤❤,8,normal,0.9
AmtrhZPo7No,acefamily,0.29735425,high,every middle child is the “crazy one” trust!! THEY WILD WILD. Wait until lay lay is a teen!,1405,normal,0.9
AmtrhZPo7No,acefamily,0.29735425,high,"Elle : ""she says she's ugly  I'm not saying your not pretty Lay - Lay  , But you look like a granny granny Lay - Lay "" 😂😂😂 (3:02)",622,timestamp,0.8
AmtrhZPo7No,acefamily,0.29735425,high,"no one:
elle to lai lai: you'd never have your boyfriend like that",629,normal,0.9
AmtrhZPo7No,acefamily,0.29735425,high,Who’s watching this in 2025,21,normal,0.9
AmtrhZPo7No,acefamily,0.29735425,high,"Elle: “that’s a lil blush”
Catherine: “a lil blush?”

Elle to Alaïa: “you’ll never have a boyfriend like that”😂💀
@",740,normal,0.9
piqblGap92s,acefamily,0.2969768,high,this was actually a vlog that reminds me of the old ace family. do more like this 😭,1189,normal,0.95
piqblGap92s,acefamily,0.2969768,high,Lailai is literally the cutest human ever,311,normal,0.95
piqblGap92s,acefamily,0.2969768,high,"alaia is seriously just her own person😭 
Like she don’t care about nothin around her and her just being her is so hilarious to me 😭😭😭😭😭😭",182,normal,0.95
piqblGap92s,acefamily,0.2969768,high,Alaïa is SO cute😭 she said she’s grateful for her brother and sister 🥹,92,normal,0.95
piqblGap92s,acefamily,0.2969768,high,"Seeing Alaïa cry because she didn’t want you to cut your heart broke my heart….sweet little angel….btw, Austin’s hair actually looks really good even without the highlights.",983,normal,0.9
piqblGap92s,acefamily,0.2969768,high,Alaia crying for Austin’s hair is so pure 😢💗,288,normal,0.9
piqblGap92s,acefamily,0.2969768,high,People can hate on him but one thing that can’t be denied is his children absolutely adore him!!! You can tell by the way they ALL look at him. That’s all that matters at the end of the day anyway. ♥️,379,normal,0.9
piqblGap92s,acefamily,0.2969768,high,Omg Lai lai melted my heart with her “I’m grateful for my brother and sister” and then I busted out laughing! I love how she talks 😂,17,normal,0.95
piqblGap92s,acefamily,0.2969768,high,"""Stop u scarycat"" hahahah I laugh so hard when elle said that",48,normal,0.9
piqblGap92s,acefamily,0.2969768,high,Love how Alaïa is so protective of her daddy 💕,45,normal,0.95
piqblGap92s,acefamily,0.2969768,high,I miss the pranks...the challenges...the old ACE family😭💔,124,normal,0.9
piqblGap92s,acefamily,0.2969768,high,"""cutting off all this ugly color... no offense, respectfully"" lmfaooo 😂",3,normal,0.9
piqblGap92s,acefamily,0.2969768,high,"Whoever’s reading this, I pray that whatever your going throughh gets better and whatever your struggling with or worrying bout is going to be fine and that everyone has a fantastic day! Amen",813,normal,0.85
piqblGap92s,acefamily,0.2969768,high,There is just something so special and bright about Alaia she has such a beautiful soul!,43,normal,0.95
piqblGap92s,acefamily,0.2969768,high,this is the ace familyyyyy that ive been missin 🥺 keep updating like this guys 🤍,85,normal,0.9
piqblGap92s,acefamily,0.2969768,high,All that trash talk with gib just to get knocked out😂😂😂,4,toxic,0.7
piqblGap92s,acefamily,0.2969768,high,15:19 “Okay Elle the snitch thank you.” I’m crying that was so funny and then 16:54 Alaïa telling us what she’s grateful for oh my 😭😭😭,136,timestamp,0.9
piqblGap92s,acefamily,0.2969768,high,"Alaia is such a sweet, sensitive little sweetheart. and her poor wee tummy upset.  I laughed out loud when Austin said sit outside and let the sun shine on your tummy, and she and Elle did it.  Your kids are the best. Catherine did a brilliant job your hair looks fabulous Austin.  I am grateful for having found The ACE Family youtube channel.",17,normal,0.95
piqblGap92s,acefamily,0.2969768,high,Austin’s face everytime one of the kids cry 🤣,14,normal,0.9
piqblGap92s,acefamily,0.2969768,high,Alaia is such an empath so in tune love her soul ❤,8,normal,0.95
3MHFvKIMxVw,acefamily,0.29544428,high,"This is how many ppl like Elle's braids and Alaïas earings
👇",1206,normal,0.9
3MHFvKIMxVw,acefamily,0.29544428,high,"Who else’s wants to see Alaia’s reaction?
  👇🏽",1415,normal,0.9
3MHFvKIMxVw,acefamily,0.29544428,high,"I cant get over how beautiful Catherine is, how handsome Austin is , and how gorgeous their kids are😭",1077,normal,0.95
3MHFvKIMxVw,acefamily,0.29544428,high,Who got there ears pierced when they were a baby 👶,2275,normal,0.9
3MHFvKIMxVw,acefamily,0.29544428,high,Elle and Alaïa probably think that the ACE family is a camera 😂,361,normal,0.85
3MHFvKIMxVw,acefamily,0.29544428,high,I was expecting to see her ears actually getting pierced,329,normal,0.9
3MHFvKIMxVw,acefamily,0.29544428,high,I still prefer this song for their intro 😩,163,normal,0.85
3MHFvKIMxVw,acefamily,0.29544428,high,Who remember's when Elle got her Ears pierced 🥺💕,101,normal,0.9
3MHFvKIMxVw,acefamily,0.29544428,high,"This how many ace Family members! 💞
👇🏼",477,normal,0.9
3MHFvKIMxVw,acefamily,0.29544428,high,"This is how many people want to see a house tour video already‼️
👇🏼",214,normal,0.9
3MHFvKIMxVw,acefamily,0.29544428,high,My mom had my ears pierced when i was 2 months old. Rip mom⚘🙌🏽❤🕊👼🏾🤱🏾,159,normal,0.9
3MHFvKIMxVw,acefamily,0.29544428,high,You're an OG if you remember when Elle got her ears  pierced,279,normal,0.9
3MHFvKIMxVw,acefamily,0.29544428,high,"1:53 watching Elle say ""Hey Ace Family!"" is the cutest thing ever. She is into it as much as Austin LOL.",81,timestamp,0.95
3MHFvKIMxVw,acefamily,0.29544428,high,"*This is how many people wanted to see Alaïa reaction*


👇",219,normal,0.9
3MHFvKIMxVw,acefamily,0.29544428,high,who’s here watching this during quarantine? ❤️,149,normal,0.9
3MHFvKIMxVw,acefamily,0.29544428,high,"I know 99% people aren't going to see this 





But for the 1% who do see this have a lovely day!",216,normal,0.9
3MHFvKIMxVw,acefamily,0.29544428,high,who else wanted to see Alaïa's reaction???,649,normal,0.9
3MHFvKIMxVw,acefamily,0.29544428,high,Hit like if you want Alaia to recreate Elle's old pictures 🤞❤,314,normal,0.9
3MHFvKIMxVw,acefamily,0.29544428,high,now she’s pregnant with a boyyyy 🥺🎊❤️,214,normal,0.9
3MHFvKIMxVw,acefamily,0.29544428,high,"For the 2% that read this...





Hope you have a great day and God bless you and your family and keep smiling",257,normal,0.9
miJN6tghYcQ,acefamily,0.29476404,high,"Catherine: “Who sleeps during the day?”
Also Catherine: TAKES A NAP AT THE END OF THE VIDEO 😂",2105,normal,0.95
miJN6tghYcQ,acefamily,0.29476404,high,"Love how Catherine care for landon, joe & ray it’s really heart warming to see",163,normal,0.95
miJN6tghYcQ,acefamily,0.29476404,high,"Austin: Wet grass? Nope it's dry 🤣
Austin: keep off! ... well I'm on 🤣
Perfect example of bugging your siblings 🤣🤣🤣",819,normal,0.95
miJN6tghYcQ,acefamily,0.29476404,high,"catherine: “who naps in the middle of the day” 
also catherine: “can you nap with me” 

LOL, gotta love her 🤣♥️",145,normal,0.95
miJN6tghYcQ,acefamily,0.29476404,high,"For everybody who wanted to see more of Alaïa, our wish came true in this video 😭 I love me some Laï Laï 💕",1587,normal,0.9
miJN6tghYcQ,acefamily,0.29476404,high,I LOVE THIS RANDOM “unstructured” video. Especially with the little cuties 🥰 GOD BLESS YOUR FAMILY 🤞🏾❤️🙏🏾,308,normal,0.9
miJN6tghYcQ,acefamily,0.29476404,high,"One thing I love about Catherine, she’s always considerate about peoples privacy’s. Austin was like “yeah it’s fine I told him at 2” 😂😂😂",1319,normal,0.9
miJN6tghYcQ,acefamily,0.29476404,high,Alaïa is literally the cutest 🥺,34,normal,0.9
miJN6tghYcQ,acefamily,0.29476404,high,I love how lai lai quickly went to the room as soon as they left. She’s like this is mine now 😂💕💕,557,normal,0.9
miJN6tghYcQ,acefamily,0.29476404,high,"Catherine: who even takes naps these days

Also Catherine at 15:50   😂😂😂",5,timestamp,0.85
miJN6tghYcQ,acefamily,0.29476404,high,LaiLai talking in full sentences now kinda makes me sad. She’s so cute and growing so fast. 😭,45,normal,0.9
miJN6tghYcQ,acefamily,0.29476404,high,Lai Lai is so independent putting her clothes away herself 🥺🥺,11,normal,0.9
miJN6tghYcQ,acefamily,0.29476404,high,"I love how Catherine is looking at Lando, Ray and Joe like babies :(((((",361,normal,0.9
miJN6tghYcQ,acefamily,0.29476404,high,I want a child like Alaia<3333 she is the cutest,14,normal,0.9
miJN6tghYcQ,acefamily,0.29476404,high,"videos like this are my favorite!!! so wholesome and chill. no pre-planned stuff, just genuine great energy 🤍✨",416,normal,0.95
miJN6tghYcQ,acefamily,0.29476404,high,Love how steel says yeah to EVERYTHING😂🥺,5,normal,0.9
miJN6tghYcQ,acefamily,0.29476404,high,Laylay is a strong independent woman 😌❤️❤️❤️❤️,275,normal,0.9
miJN6tghYcQ,acefamily,0.29476404,high,Kicked him out because you’re getting foreclosed on 😂,8,toxic,0.8
miJN6tghYcQ,acefamily,0.29476404,high,"Catherine at 7:45 reminds me so much of a big sister LOL 😂💖 I feel like my sister would've done the exact same thing! ""High frequencies, open the windows, get some plants do yoga & be active"" a big sister to all ❤",194,timestamp,0.85
miJN6tghYcQ,acefamily,0.29476404,high,"idk if im the only one who is literally super obsessed with lai lai like omg how can someone be so cute damn 🥺🥺🥺 
may god bless you all i love you ace family yall better take my baby to a picnic",12,normal,0.9
4kCvdON9XjQ,acefamily,0.29427886,high,Am I The Only One That Thought It Was A Little Rude To Record Her On The Toilet.. 😂,10441,concern,0.7
4kCvdON9XjQ,acefamily,0.29427886,high,"2017- nothing
2018- nothing
2019- randomly pops up on recommended",1876,normal,0.8
4kCvdON9XjQ,acefamily,0.29427886,high,How else feels bad for Catherine  one 👍🏻= catherine getting austin back I feel so bad for her.,1714,normal,0.85
4kCvdON9XjQ,acefamily,0.29427886,high,Bruh she screamed so loud that she should be my alarm💀😭,424,normal,0.9
4kCvdON9XjQ,acefamily,0.29427886,high,she was screaming for a long time standing on the toilet 😂 😂 😂,2445,normal,0.9
4kCvdON9XjQ,acefamily,0.29427886,high,"When Austin went back inside to get the spider, Catherine should've gone to turn off the lights and shut the door on him. 
That would've been great(: LOL",12185,normal,0.85
4kCvdON9XjQ,acefamily,0.29427886,high,2018 anybody??😂,245,normal,0.8
4kCvdON9XjQ,acefamily,0.29427886,high,"Omg Austin saying ""oh shit"" as he puts the spider on the floor had me weak 🤣💀",463,normal,0.9
4kCvdON9XjQ,acefamily,0.29427886,high,"The real question is...
Did she get her toilet paper yet?",1227,normal,0.85
4kCvdON9XjQ,acefamily,0.29427886,high,Um...I never thought I’d see Catherine peeing and having a panic attack on the same day..,777,concern,0.75
4kCvdON9XjQ,acefamily,0.29427886,high,Oml poor catherine her screams of fear 2019?,621,normal,0.8
4kCvdON9XjQ,acefamily,0.29427886,high,Me watching this a second time bc it’s so damn funny: 💀,470,normal,0.9
4kCvdON9XjQ,acefamily,0.29427886,high,"Damn she hydrated as hell, that toilet water ain’t even yellow after she used it 😂😂",2704,normal,0.85
4kCvdON9XjQ,acefamily,0.29427886,high,I cant even look at a spider on screen nevermind that thing in person!!!!,4843,normal,0.9
4kCvdON9XjQ,acefamily,0.29427886,high,"This is how many time Catherin screamed
👇 jeez thx for all the likes",773,normal,0.8
4kCvdON9XjQ,acefamily,0.29427886,high,Missing these days 🤍 I’m sorry to hear about the divorce ♾️,117,concern,0.7
4kCvdON9XjQ,acefamily,0.29427886,high,I almost cried looking at it ...it was like it was in my room,1880,normal,0.85
4kCvdON9XjQ,acefamily,0.29427886,high,who else is looking at this during cornavirus season and Austin stealing toilet paper,1711,normal,0.85
4kCvdON9XjQ,acefamily,0.29427886,high,Austin stealing tissue rolls is me sneaking snacks in the middle of the night.,1972,normal,0.85
4kCvdON9XjQ,acefamily,0.29427886,high,She would be a good actress in a horror movie,158,normal,0.9
PXi9sVgImLI,acefamily,0.29288954,high,"Watching this a year later and realising how $10,000 would be nothing for them now",2476,normal,0.9
PXi9sVgImLI,acefamily,0.29288954,high,I died when he went to random people and told them that he won 😂😂💀💀,2486,normal,0.95
PXi9sVgImLI,acefamily,0.29288954,high,"""Hey my freaking girlfriend just pranked me with a fake lotto ticket."" 😂😂😂👌",1835,normal,0.9
PXi9sVgImLI,acefamily,0.29288954,high,15:57 the way Elle turned around and looked at him like “daddy you’re really about to fall for this?’ Lol I swear there’s something really special about Elle,350,timestamp,0.8
PXi9sVgImLI,acefamily,0.29288954,high,I think Catherine is the best at doing pranks because every time she pranks Austin i'm laughing like a horse 😂😂😂,4992,normal,0.9
PXi9sVgImLI,acefamily,0.29288954,high,He snatched that shit outta her hand faster then i clicked on this video😂,1350,normal,0.85
PXi9sVgImLI,acefamily,0.29288954,high,"10:24
“I feel sick.”
“You feel sick?”
“yeah.”
“That sucks” 😂😂🤷🏽‍♂️",702,timestamp,0.8
PXi9sVgImLI,acefamily,0.29288954,high,"Time traveler from 2020: you will have 3 beautiful kids, live in a mansion and have a beautiful life😉",703,normal,0.9
PXi9sVgImLI,acefamily,0.29288954,high,all his dreams were crushed in seconds.,629,normal,0.9
PXi9sVgImLI,acefamily,0.29288954,high,He ran to a lady he didn't even know bc of a fake lottery ticket 😂😂,684,normal,0.9
PXi9sVgImLI,acefamily,0.29288954,high,I just love how Catherine is so calm and unbothered. This was funny as heck 😂😭,1682,normal,0.9
PXi9sVgImLI,acefamily,0.29288954,high,"Who’s here after she just gave birth to her third child , her son",247,normal,0.85
PXi9sVgImLI,acefamily,0.29288954,high,Lol Austin does not take pranks as well as Catherine 😂,656,normal,0.9
PXi9sVgImLI,acefamily,0.29288954,high,Who else is watching this in 2020 when they already have 2 girls and one baby boy on the way,1815,normal,0.9
PXi9sVgImLI,acefamily,0.29288954,high,Lmfao I'm dying she let him go in the store 😂😂😂😂,807,normal,0.9
PXi9sVgImLI,acefamily,0.29288954,high,going back to these old vids and remembering the way he talked to her 😭 wow,9,normal,0.85
PXi9sVgImLI,acefamily,0.29288954,high,Bruh he looked like a 9 year old on Christmas lol,207,normal,0.9
PXi9sVgImLI,acefamily,0.29288954,high,He's a big baby! He gets mad when she pranks him but when he pranks her and she crys he laughs..  Good job Catherine! 👍 #TeamCatherine,1478,normal,0.9
PXi9sVgImLI,acefamily,0.29288954,high,haha omfg whoever works @ the gas station is prob like wtf is this dude crazy first he claims his car was stolen here now he claims he won this fake lottery ticket😭😭,2303,normal,0.9
PXi9sVgImLI,acefamily,0.29288954,high,“He is hating on me” 😂😂,185,normal,0.9
QYPKXRD_zyM,acefamily,0.28764218,high,I can’t believe it’s a boy like honestly I can’t even imagine them with a boy,3068,normal,0.9
QYPKXRD_zyM,acefamily,0.28764218,high,2018: everyone excited to see alaia in 4D screen when she was in her mama’s belly                           2020: alaia chillin’ and excited looking at her baby brother that’s in her mama’s belly in 4D screen,726,normal,0.8
QYPKXRD_zyM,acefamily,0.28764218,high,Austin: he doesn’t look like me it’s too early.                       Baby: *looks exactly like Austin*,505,normal,0.9
QYPKXRD_zyM,acefamily,0.28764218,high,Did anyone notice that he has long legs he is going to be really tall,721,normal,0.9
QYPKXRD_zyM,acefamily,0.28764218,high,"When ur rich enough to have a doctor bring her entire ultrasound machine  to ur bedroom 😂
Edit: Thx for all the likes",3445,normal,0.8
QYPKXRD_zyM,acefamily,0.28764218,high,"No one:
Catherine: “Aw he loves me already” 
😂😂😂 this family is too cute!",675,normal,0.9
QYPKXRD_zyM,acefamily,0.28764218,high,I'm I the only one who is still kinda getting used to their new intro but wishing they still had the old song probably just me 🥺,1717,normal,0.8
QYPKXRD_zyM,acefamily,0.28764218,high,"Also both girls look like Catherine but with Austin's hair, and skin tone.",347,normal,0.9
QYPKXRD_zyM,acefamily,0.28764218,high,I can’t get over Elles love for her baby sister. I love that they are so close!!!!!,674,normal,0.9
QYPKXRD_zyM,acefamily,0.28764218,high,"No body: 
Not even a single soul:
Catherine: AuStin WhY iS tHis 
yOuR tWiN aLreaDy!",664,normal,0.8
QYPKXRD_zyM,acefamily,0.28764218,high,"How can he say it doesn’t look like him, literally looks like it’s him curled up in there taking a nap 😂",434,normal,0.9
QYPKXRD_zyM,acefamily,0.28764218,high,"3:14 
Austin: ""Haha you thought they were gonna break but they 'didnit'""
Im dead",57,timestamp,0.95
QYPKXRD_zyM,acefamily,0.28764218,high,Omg I can't wait to see them all after 10- 15 years...,423,normal,0.9
QYPKXRD_zyM,acefamily,0.28764218,high,I love how Elle drops the cup and Alai does the same thing Elle does 2:51,251,timestamp,0.95
QYPKXRD_zyM,acefamily,0.28764218,high,I think he definitely looks like Austin,631,normal,0.9
QYPKXRD_zyM,acefamily,0.28764218,high,Who was here when she had elle and they lived in a apartment 🙀,417,normal,0.8
QYPKXRD_zyM,acefamily,0.28764218,high,Okay but are we gonna ignore the fact that Alaia was talking to Catherine's stomach 😭😭❤❤ my heart ❣,297,normal,0.9
QYPKXRD_zyM,acefamily,0.28764218,high,As soon as I saw the baby’s face I was like AUSTIN,320,normal,0.9
QYPKXRD_zyM,acefamily,0.28764218,high,"2:48 
""your kids can accidentally drop them""
Elle: Violently throws cup
Alaia: Oh me to",269,timestamp,0.95
QYPKXRD_zyM,acefamily,0.28764218,high,He's going to get all the girls when he is older,522,normal,0.7
Qc9yiDQmTsI,acefamily,0.28317016,high,Who’s been here since Elle was a single child,12485,normal,0.9
Qc9yiDQmTsI,acefamily,0.28317016,high,Austin calls Catherine sexy and then she tells him he looks like an enchilada 😂😫,2749,normal,0.8
Qc9yiDQmTsI,acefamily,0.28317016,high,"No one: 
Catherine: DO NOT disrespect penguins like that.",1674,normal,0.9
Qc9yiDQmTsI,acefamily,0.28317016,high,You guys remember when elle was a single child and they all lived in that house-😂 then that one video when Austin got in a bear costume and he scared elle and catherine?💀💀,2156,normal,0.9
Qc9yiDQmTsI,acefamily,0.28317016,high,Steel is the cutest pumpkin of the patch 😍,7524,normal,0.95
Qc9yiDQmTsI,acefamily,0.28317016,high,"Catherine is the most genuine person I’ve ever met, even when she’s upset, pranked or etc ... she’s still humble 🤞💯",2023,normal,0.9
Qc9yiDQmTsI,acefamily,0.28317016,high,"Austin: Is that a pigeon?
Me: (Kylie Jenner's ''is that a chicken?''  flashbacks)",2165,normal,0.9
Qc9yiDQmTsI,acefamily,0.28317016,high,Austin: it’s a pigeon Catherine: don’t disrespect penguins like that,340,normal,0.9
Qc9yiDQmTsI,acefamily,0.28317016,high,When Elle said “Laï Laï just messed it up. She thinks this is hide n go seek but this is not” 🤣🤣🤣🤣😭💀,1377,normal,0.9
Qc9yiDQmTsI,acefamily,0.28317016,high,Catherine should speak to the kids in Spanish for 24 hours,1931,normal,0.85
Qc9yiDQmTsI,acefamily,0.28317016,high,"I promise you it’s like Elle is copy and paste Catherine while Lai lai is a mixture of Austin and Catherine, then steel is copy & paste Austin 😂😂",957,normal,0.9
Qc9yiDQmTsI,acefamily,0.28317016,high,Can’t wait until Elle is older and makes her own YouTube channel she’s already good at making videos,825,normal,0.9
Qc9yiDQmTsI,acefamily,0.28317016,high,"2:10 ELLE: ""All they have left is a Turkey...Ewww"".... 
😅😅😅 IM DEAD...",865,timestamp,0.95
Qc9yiDQmTsI,acefamily,0.28317016,high,"Austin: "" Laï Laï who are you?
Laï Laï: "" I don't know yall just threw me in this.""",930,normal,0.9
Qc9yiDQmTsI,acefamily,0.28317016,high,"“Ah lai lai just messed it up, she thinks this is hide and go seek “ 😂😂😂 I love herrr",511,normal,0.9
Qc9yiDQmTsI,acefamily,0.28317016,high,i feel like Catherine should have another page for like mental health and wellness and workouts and all that cause ik id watch that on the daily :),660,normal,0.85
Qc9yiDQmTsI,acefamily,0.28317016,high,"Elle is 90% Catherine
Alaïa is 50% of both Austin & Catherine
Steel 90% Austin",595,normal,0.9
Qc9yiDQmTsI,acefamily,0.28317016,high,"Austin: drops “Steel”



Catherine: boy you better get back here 😂😂",781,normal,0.9
Qc9yiDQmTsI,acefamily,0.28317016,high,"*”Do not disrespect the penguins like that”*
~Catherine Paiz 2020",492,normal,0.9
Qc9yiDQmTsI,acefamily,0.28317016,high,"“Do not disrespect penguins like that” 
~ Catherine Paiz 2020",257,normal,0.9
mLGIFX5OaRE,acefamily,0.28209078,high,It was so kind of Catherine to give that cute dog water,3250,normal,0.95
mLGIFX5OaRE,acefamily,0.28209078,high,I started crying when cathrine gave that dog some water. Cathrine you are such a blessing,418,normal,0.95
mLGIFX5OaRE,acefamily,0.28209078,high,bring the dog home!!! like if u agree!,3900,normal,0.9
mLGIFX5OaRE,acefamily,0.28209078,high,Yea Catherine is kind. And sweet too.that dog she gave that dog some water and   i like that shirt,114,normal,0.9
mLGIFX5OaRE,acefamily,0.28209078,high,"I love how all Elle has to do is look at Austin, give him those eyes and say ""dada"" and then Austin cant say no 😭😻💞💞",375,normal,0.85
mLGIFX5OaRE,acefamily,0.28209078,high,"“Damn they got these dogs barkin n turkeys chirpin” 

“ they don’t know if the dog is a certain type of ETHnicity” 
😂😂😂😂💀  AUSTIN GOT ME DEAD ASF",128,normal,0.8
mLGIFX5OaRE,acefamily,0.28209078,high,CATHERINE LOOKS GORGEOUS PREGNANT ♥️♥️,714,normal,0.9
mLGIFX5OaRE,acefamily,0.28209078,high,"xd 7:21 I started laughing because austin said, ""Oh, he's mad, he's mad at the world."" LOL",37,timestamp,0.9
mLGIFX5OaRE,acefamily,0.28209078,high,i love Elles reaction when she heard the dogs for the first time it's so cute,222,normal,0.9
mLGIFX5OaRE,acefamily,0.28209078,high,"If you guys get a puppy for Elle, you should name him ""ACE"" ❤ Like whoever agrees!...",217,normal,0.9
mLGIFX5OaRE,acefamily,0.28209078,high,"Guys, the Staford that seemed aggressive had very kind but sad eyes, he just needs some loving and he'll become the sweetest little bodyguard for your lovely family!",82,normal,0.85
mLGIFX5OaRE,acefamily,0.28209078,high,Who else wants to adopt all the dogs,53,normal,0.9
mLGIFX5OaRE,acefamily,0.28209078,high,Elle is the queen of the camera. Her posing is so adorable. ❤👑,122,normal,0.9
mLGIFX5OaRE,acefamily,0.28209078,high,ELLE LOOKS BEYOND CUTE IN HER JERSEY❤️😭😭😭😭😭😭😭😭😭,1233,normal,0.9
mLGIFX5OaRE,acefamily,0.28209078,high,"Tibetan Terrier,  Maltese Terrier, Shih Tzu, Brussels Griffon, Portugese Water Dog, Soft-Coated Wheaten Terrier, Poodle, and West Highland White Terrier dogs are hypoallergenic. (like so they can see)",525,normal,0.8
mLGIFX5OaRE,acefamily,0.28209078,high,Awww so sweet love youACE FAMILY stay blessed,58,normal,0.9
mLGIFX5OaRE,acefamily,0.28209078,high,Awe when Catherine gave Zeus some Fiji water 😍 so sweet!!!,158,normal,0.9
mLGIFX5OaRE,acefamily,0.28209078,high,He said “you definitely not apart of the ace family” 😂😂😂😂,50,normal,0.85
mLGIFX5OaRE,acefamily,0.28209078,high,I hope the quiet husky gets a nice home,189,concern,0.7
mLGIFX5OaRE,acefamily,0.28209078,high,Elle is so priceless the cutest reaction the most humblest well behave kid ever !! 🌸😻🤗😘🥰😍,19,normal,0.9
KA3d8pSiQJE,acefamily,-0.10461053,low,"Ace family: moving to Las Vegas 
Their new mansion: am i a joke to u??",1458,normal,0.9
KA3d8pSiQJE,acefamily,-0.10461053,low,Elle and alaia dont understand how rich their parents are🤣🤣🤣 they probs think its normal to have luxury,3027,normal,0.9
KA3d8pSiQJE,acefamily,-0.10461053,low,This video called me poor in 400 languages.,2986,normal,0.9
KA3d8pSiQJE,acefamily,-0.10461053,low,*me watching while the ace family make me feel poor for 13 minutes straight...*,644,normal,0.9
KA3d8pSiQJE,acefamily,-0.10461053,low,"Ace family: “we’re moving to Las Vegas”

New Mansion: “did I mean nothin to you”",804,normal,0.9
KA3d8pSiQJE,acefamily,-0.10461053,low,"*We have a big family four of us *
My Mexican family 7 siblings nd my parents left that chat",655,normal,0.8
KA3d8pSiQJE,acefamily,-0.10461053,low,"Austin: Catherine and I have been to Vegas like about 4 times...
Me: in their whole life?
Austin: ...in the last month
Me: *cries in broke",623,normal,0.9
KA3d8pSiQJE,acefamily,-0.10461053,low,Their hotel is bigger than my house,288,normal,0.9
KA3d8pSiQJE,acefamily,-0.10461053,low,"Austin: why is everything so nice here

Me: cuz your freaking rich",688,normal,0.9
KA3d8pSiQJE,acefamily,-0.10461053,low,This called me broke in 100 different languages 😂,702,normal,0.9
KA3d8pSiQJE,acefamily,-0.10461053,low,"This how many people misses the old intro😭❤️
⬇️",2368,normal,0.9
KA3d8pSiQJE,acefamily,-0.10461053,low,"them living in the most luxurious hotel and getting excited about a fruit.
also, who is watching in quarantine",155,normal,0.9
KA3d8pSiQJE,acefamily,-0.10461053,low,This video just called me broke in 100 different languages,497,normal,0.9
KA3d8pSiQJE,acefamily,-0.10461053,low,"Austin:we’re moving to Vegas 
Me:WHAT ABOUT YOUR NEW MANSION",779,normal,0.9
KA3d8pSiQJE,acefamily,-0.10461053,low,Catherine should do a 24 hours ignoring Austin video. I feel like it’s gonna be funny 😁. Like if u agree.,538,normal,0.9
KA3d8pSiQJE,acefamily,-0.10461053,low,The master bathroom is bigger than my living room😂,243,normal,0.9
KA3d8pSiQJE,acefamily,-0.10461053,low,"Austin: We might be moving to Vegas.
Me: WHAT ABOUT YOUR MANSION",441,normal,0.9
KA3d8pSiQJE,acefamily,-0.10461053,low,"Austin: “hotel room” 

Me: “I think he means hotel house”",480,normal,0.9
KA3d8pSiQJE,acefamily,-0.10461053,low,"Jake Paul: 5 MiL oN YoUTuBe BeEn 6 MoNtHs NeVeR dOnE bEfoRe 

Ace family: hold my bebe

Omg thx for all the likes 😁😭",252,normal,0.9
KA3d8pSiQJE,acefamily,-0.10461053,low,"Only a true ACE Family member will know that they wouldn't move to Las Vegas, because they wouldn't leave their precious masterpiece (A.K.A. new home, and lovely memories) so easily! They worked really hard on that new house, to just give it all away quickly.",87,normal,0.9
WV5b4a9yoak,acefamily,-0.10543503,low,"This is why I love Ryan so much, he pays attention. This guy is his sister’s number one hype man. I love it!",4487,normal,0.95
WV5b4a9yoak,acefamily,-0.10543503,low,I love how Ryan knows his sister and brother and law so well. Especially his sister. You can just see the love he has for Catherine!!,879,normal,0.95
WV5b4a9yoak,acefamily,-0.10543503,low,Ryan winning and taking Landon with him is everything ❤️ That’s the spirit of a champion ❤️❤️❤️❤️,609,normal,0.9
WV5b4a9yoak,acefamily,-0.10543503,low,Landon and Ryan’s faces when Austin and Cathy were being affectionate to each other were priceless they both cringed real quick 🤣😭❤️ this was heart warming seeing y’all reunite even though y’all have such busy life’s I love you Ace Familllyyyyyy❤️🥰🥰,654,normal,0.9
WV5b4a9yoak,acefamily,-0.10543503,low,Ryan kills me 😂😂 his energyyyy is unmatched ❤️,27,normal,0.9
WV5b4a9yoak,acefamily,-0.10543503,low,The way Catherine and Austin looked at each other and went like….WHATTTTTTTT had my laughing so hard 😂,396,normal,0.9
WV5b4a9yoak,acefamily,-0.10543503,low,"Catherine’s face when Austin said “Catherine’s a cougar” 😅
These guys always make me smile
Love from a fellow creator <3",449,normal,0.9
WV5b4a9yoak,acefamily,-0.10543503,low,Catherine said: “you don’t know us tf” LMAOOO I died,110,normal,0.9
WV5b4a9yoak,acefamily,-0.10543503,low,Ryan is so freaking sweet wanting to take Landon as his plus one.,23,normal,0.9
WV5b4a9yoak,acefamily,-0.10543503,low,Austin and Catherine’s chemistry is crazy even after all these years. Soulmates ❤️,65,normal,0.9
WV5b4a9yoak,acefamily,-0.10543503,low,Ryan’s energy is everything 😍🦋🌈🙏🏽,195,normal,0.9
WV5b4a9yoak,acefamily,-0.10543503,low,I love how Landon was so confident showing his answer where there first date was 😂💗,186,normal,0.9
WV5b4a9yoak,acefamily,-0.10543503,low,I was cheesin this whole video. This makes me so happy to see them all together,429,normal,0.9
WV5b4a9yoak,acefamily,-0.10543503,low,"“aw shit, you don’t know us. da fuck” 😂😂😭",1,normal,0.9
WV5b4a9yoak,acefamily,-0.10543503,low,the genuine love and happiness in this video is insane ! this is the video we did not know we needed.❤️🥺,172,normal,0.9
WV5b4a9yoak,acefamily,-0.10543503,low,The face catherine made when she told landon “what? You don’t know us wtf”😂😂😂,99,normal,0.9
WV5b4a9yoak,acefamily,-0.10543503,low,Catherines Face when Austin said “Catherine’s a cougar” 😂😂😂😂,120,normal,0.9
WV5b4a9yoak,acefamily,-0.10543503,low,I feel like Ryan and Austin have similar personalities and seem more like brothers.  Also you can tell what a sweet brother Ryan is.  He remembered so many details.,165,normal,0.9
WV5b4a9yoak,acefamily,-0.10543503,low,"You guys are back 🥺😭!!! 
The amount of GENUINE LOVE I felt through this video alone!!! I absolutely love the bond between all four of you. It’s a beautiful thing to see.",98,normal,0.95
WV5b4a9yoak,acefamily,-0.10543503,low,5:56 😂😂😂 you dont know us tf,3,timestamp,0.8
c0vqKd78GPw,acefamily,-0.10668299,low,"People aren’t saying you broke up, people are saying you’re BROKE. Lol.",10840,toxic,0.8
c0vqKd78GPw,acefamily,-0.10668299,low,They're never breaking up lol. This channel is their cash cow.,6649,toxic,0.7
c0vqKd78GPw,acefamily,-0.10668299,low,Knew it was Clickbait but still clicked for some reason,16690,normal,0.9
c0vqKd78GPw,acefamily,-0.10668299,low,well turns out two years later they ended up actually breaking up,69,normal,0.9
c0vqKd78GPw,acefamily,-0.10668299,low,I thought she actually got some balls to leave him after he’s cheated 50 times lol,6585,toxic,0.8
c0vqKd78GPw,acefamily,-0.10668299,low,POV: you know it’s clickbait,1575,normal,0.9
c0vqKd78GPw,acefamily,-0.10668299,low,"no one said y’all broke up, they said YALL BROKE 😂",3748,toxic,0.8
c0vqKd78GPw,acefamily,-0.10668299,low,"at this point, i don’t feel bad for her.",1233,toxic,0.7
c0vqKd78GPw,acefamily,-0.10668299,low,""" when a woman changes her hair, pay attention ; she's about to change her life. ""
 fits well lol.",1925,normal,0.9
c0vqKd78GPw,acefamily,-0.10668299,low,Catherine's sc stories is one of the few reasons that I still have snapchat,4268,normal,0.9
c0vqKd78GPw,acefamily,-0.10668299,low,"Whenever Austin acts like himself, it makes the video more enjoyable",1833,normal,0.9
c0vqKd78GPw,acefamily,-0.10668299,low,""" we've never clickbaited yall with our relationship "" what do you call your entire channel then babe ??🥴🤦🏾‍♀️😂",508,toxic,0.8
c0vqKd78GPw,acefamily,-0.10668299,low,"Nothing hits different than when The Ace Family video intro starts with, ""Someone told me love is only in the movie"" and I miss that!😩😭",469,normal,0.9
c0vqKd78GPw,acefamily,-0.10668299,low,who’s here after they ACTUALLY broke up?,14,normal,0.9
c0vqKd78GPw,acefamily,-0.10668299,low,"I used to absolutely love the ace family. I watched them when Elle wasn't even a year old and still watched for the longest, but they started to become so much less genuine. The reason I loved them was because of how genuine and positive they were, it wasn't all for views and money it just seemed like they were enjoying their life and having fun. Now its a lot different, there's so much drama and lies, its so toxic. Catherine and austins relationship itself is toxic. I don't like speaking like this on other peoples lives but its just so disappointing to witness what was such a happy family turn into such a fake life with negativity.",2460,concern,0.7
c0vqKd78GPw,acefamily,-0.10668299,low,the amount of times he's been caught cheating on catherine is unreal.and the amount of times shes let it slide for her kids is also insane. i don't know what's actually going on but i really hope catherine and her kids are okay.,1012,concern,0.8
c0vqKd78GPw,acefamily,-0.10668299,low,Austin has no patience for Catherine when she takes over and actually has a conversation you can see him getting annoyed and impatient,775,concern,0.8
c0vqKd78GPw,acefamily,-0.10668299,low,No one is saying y’all broke up . We’re all saying you guys are the biggest con artists of YouTube in 2021 🤣🤣🤣,1323,toxic,0.8
c0vqKd78GPw,acefamily,-0.10668299,low,i've never clicked on something so fast,438,normal,0.9
c0vqKd78GPw,acefamily,-0.10668299,low,"Catherine, u really could make it out on ur own with ur girls …",391,normal,0.9
6DSNWlvqM9E,acefamily,-0.10797267,low,"You know what, I bet Catherine doesn't even have a skincare routine at all. Austin just calls her beautiful all the time and the compliments clear her pores",2454,normal,0.9
6DSNWlvqM9E,acefamily,-0.10797267,low,lord give me a relationship like theirs..,3163,normal,0.9
6DSNWlvqM9E,acefamily,-0.10797267,low,"This is for Catherine...I love how he looks at you.  I had that with my love but, sadly, he passed away 7 years ago.  You two remind me of what true love feels like.  God Bless you and your family.  So beautiful!",3170,normal,0.9
6DSNWlvqM9E,acefamily,-0.10797267,low,i feel like alot of Catherines beauty comes from her composure. she has real morals and respect for herself thats wired so hard that she just radiates this different beautiful type of energy. gotta love a true Queen,1128,normal,0.9
6DSNWlvqM9E,acefamily,-0.10797267,low,AUSTIN is the energetic one and CATHERINE is the calm one. That's a pretty good combination guys.,1829,normal,0.9
6DSNWlvqM9E,acefamily,-0.10797267,low,The way he looks at her and she looks at him... you can tell they are so in love. I think he really adores her. So cute!,705,normal,0.9
6DSNWlvqM9E,acefamily,-0.10797267,low,find someone who looks at you and talks about you the way Austin does to Catherine...,960,normal,0.9
6DSNWlvqM9E,acefamily,-0.10797267,low,This was REAL LOVE which he will NEVER find again... Austin you fumbled a Queen breaks my 💔,20,toxic,0.7
6DSNWlvqM9E,acefamily,-0.10797267,low,Relationships like this give me hope one day I'll find my true love unexpectedly,1268,normal,0.9
6DSNWlvqM9E,acefamily,-0.10797267,low,Catherine is so damn gorgeous. Even her voice is angelic 😭💖,1025,normal,0.9
6DSNWlvqM9E,acefamily,-0.10797267,low,The way Austin looks at Catherine is just speechless 😫😍😍😍😍,687,normal,0.9
6DSNWlvqM9E,acefamily,-0.10797267,low,who’s here after the divorce,108,normal,0.8
6DSNWlvqM9E,acefamily,-0.10797267,low,When Catherine said who is this dweeb lmao,2108,normal,0.8
6DSNWlvqM9E,acefamily,-0.10797267,low,is it just me or did Catherine look more beautiful than ever in this video?,1151,normal,0.9
6DSNWlvqM9E,acefamily,-0.10797267,low,"Austins face when Catherine says ""who's this dweeb texting me?"" 😂",802,normal,0.9
6DSNWlvqM9E,acefamily,-0.10797267,low,This whole story and I still dont know how they met LOL,756,normal,0.8
6DSNWlvqM9E,acefamily,-0.10797267,low,"when catherine said that she heard that voice in her head to reply back to text , that may be God. so it sounds like he put y'all together for an reason which is called TRUE LOVE",701,normal,0.9
6DSNWlvqM9E,acefamily,-0.10797267,low,The way he looks at her 😍,691,normal,0.9
6DSNWlvqM9E,acefamily,-0.10797267,low,"""I was like who is this dweeb texting me"" hahahha Austin face like"" ...well damn""",589,normal,0.9
6DSNWlvqM9E,acefamily,-0.10797267,low,Who's here in 2020!!!♥️,472,normal,0.8
0EaoARcw3yw,acefamily,-0.10875514,low,The sadness in her eyes,64,concern,0.7
0EaoARcw3yw,acefamily,-0.10875514,low,"i’m just so proud how far you’ve both come as separate people, parents and as a whole family 🤍",181,normal,0.95
0EaoARcw3yw,acefamily,-0.10875514,low,Her face wasn't Too thrilled about this ANNIVERSARY.  THINGS WERE ALREADY BAD,19,concern,0.8
0EaoARcw3yw,acefamily,-0.10875514,low,Whos still here after there divorce 😂😂,11,toxic,0.6
0EaoARcw3yw,acefamily,-0.10875514,low,They def delete their comments,45,concern,0.7
0EaoARcw3yw,acefamily,-0.10875514,low,"I loved them together so much. Seeing this video makes me wonder why they ever got divorced. They have what most people want in a relationship/ partner. But then again, we don’t know what goes on behind closed door. But nonetheless I do believe they will always love each other ❤",14,normal,0.85
0EaoARcw3yw,acefamily,-0.10875514,low,Looking back on all the memories and old videos of when Elle was a baby just makes me want to cry. Your guys personality and heart never changed❤️,33,normal,0.9
0EaoARcw3yw,acefamily,-0.10875514,low,Catherine would of preferred going to the movies 😂,5,normal,0.8
0EaoARcw3yw,acefamily,-0.10875514,low,So it was all pretending 😂,16,toxic,0.6
0EaoARcw3yw,acefamily,-0.10875514,low,"It's crazy how this family has grown so much, CONGRATS TO YOU TWO!!!🥳♥️",99,normal,0.95
0EaoARcw3yw,acefamily,-0.10875514,low,She’s FINALLY wearing her ring again. ❤Been awhile since I have seen her wear it in her videos.,7,normal,0.85
0EaoARcw3yw,acefamily,-0.10875514,low,"The intro is so beautiful, I just love the ACE Family and I can’t wait to see the big things they are going to accomplish in life 🫶🏼🥰",79,normal,0.95
0EaoARcw3yw,acefamily,-0.10875514,low,Wow watching this after the call her daddy interview is wild. Like they did not kiss once here and it was their ANNIVERSARY !!!! The signs were everywhere but they tried to put on a front,7,concern,0.75
0EaoARcw3yw,acefamily,-0.10875514,low,"I forgot why I had started watching the ace family but man I just got remembered that I love the love they have for each other. You can tell it’s genuine, they’ve been through and grown so much together their bond is so mesmerizing ✨ happy anniversary guys ❤",94,normal,0.9
0EaoARcw3yw,acefamily,-0.10875514,low,"4:58 catherine ""youre actually doing this? youre not going to put a bicycle on my back or anything"" LMFAOOOO",1,timestamp,0.9
0EaoARcw3yw,acefamily,-0.10875514,low,who’s here after call her daddy and reading catherine book??,5,normal,0.85
0EaoARcw3yw,acefamily,-0.10875514,low,Court side seats but bro is bankrupt lololol,1,toxic,0.7
0EaoARcw3yw,acefamily,-0.10875514,low,The best part of December is the daily laughs and smile from you guys 🥹,7,normal,0.9
0EaoARcw3yw,acefamily,-0.10875514,low,The chocolate in his pants lmao,1,normal,0.8
0EaoARcw3yw,acefamily,-0.10875514,low,"Bru she can literally see the back of it ,you can see what it says lol 🤣🤣",8,normal,0.8
v_9jZ8R9VRA,acefamily,-0.10894634,low,"It sucks that you guys put so much money and time into this place but everything happens for a reason, memories were made, lessons were learned, and even better things are to come! I can see the relief and happiness on all of your faces and I’m so happy that everything’s finally working out. Thank you guys for sharing your experience with us so we can learn as well! Love you guys 💗",8170,normal,0.9
v_9jZ8R9VRA,acefamily,-0.10894634,low,"Thank you for all of the love and support!!! On to a new chapter, come along with us on this journey called LIFE. We love you all
Love, Ace Family",2131,normal,0.95
v_9jZ8R9VRA,acefamily,-0.10894634,low,The fact that they still have supporters is mind blowing,1267,toxic,0.7
v_9jZ8R9VRA,acefamily,-0.10894634,low,this will be a humbling experience for them,2603,toxic,0.7
v_9jZ8R9VRA,acefamily,-0.10894634,low,"Austin’s materialistic, while Catherine is thankful to just have warm water.",73,toxic,0.8
v_9jZ8R9VRA,acefamily,-0.10894634,low,Austin laughing when Catherine fell😂 glad y’all aren’t editing out the natural shit👍🏽,155,normal,0.9
v_9jZ8R9VRA,acefamily,-0.10894634,low,"I'm sorry but when Elle said ""we gotta inform this to the new owners"" my heart melted",768,normal,0.85
v_9jZ8R9VRA,acefamily,-0.10894634,low,“ I literally Just Fweaking Fell” 😂 Catherine Screaming Had Me Dying💀,3344,normal,0.9
v_9jZ8R9VRA,acefamily,-0.10894634,low,"Can't becomplaining about ""people always in your business and your life"" when you're whole job is being a YouTuber/influencer",14,toxic,0.8
v_9jZ8R9VRA,acefamily,-0.10894634,low,I love you guys❤️,4565,normal,0.95
v_9jZ8R9VRA,acefamily,-0.10894634,low,"Catherine looks relieved, haven’t seen her this happy in so long💗",388,normal,0.9
v_9jZ8R9VRA,acefamily,-0.10894634,low,THATS WHAT HAPPENS when you LIVE BEYOND YOUR BUDGET,12,toxic,0.8
v_9jZ8R9VRA,acefamily,-0.10894634,low,"I see Catherine so different now, more relaxed and being herself. Sometimes being in a stressful situation makes you someone you are not. I’m so happy for the ACE Family new adventure and beginning 🤍",582,normal,0.9
v_9jZ8R9VRA,acefamily,-0.10894634,low,From flexing their home for three years to shit talking their home,14,toxic,0.85
v_9jZ8R9VRA,acefamily,-0.10894634,low,Hopefully this will be a humbling experience for them.,903,toxic,0.7
v_9jZ8R9VRA,acefamily,-0.10894634,low,6:05 “we don’t have gas here so we can’t cook or use a dryer” .....it’s almost like someone should create a stove and a dryer that just plugs in...and doesn’t run off gas.... 🤪,9,timestamp,0.9
v_9jZ8R9VRA,acefamily,-0.10894634,low,I love that Catherine ain’t holding back. She feels so much more real the last couple videos. The old ace family would of edited out that fall in the bushes lol I living for the authentic Catherine that gives zero fucks about ppls opinions anymore. Stay true to who y’all are ppl can see what’s acts. I can feel the relief and pure joy through her.,359,normal,0.9
v_9jZ8R9VRA,acefamily,-0.10894634,low,The fact that the kids are happy and they aren't questioning why they're leaving their home ...then all is well ...i just wish you happiness n good health n long life for you guys coz thats what matters in this life,725,normal,0.9
v_9jZ8R9VRA,acefamily,-0.10894634,low,This literally is like a whole new side of the ACE family and I am living for it!!,453,normal,0.9
v_9jZ8R9VRA,acefamily,-0.10894634,low,"My mouth dropped at the fact there’s no sealing on the floors. Similar situation happened to my family and last year our closets completely collapsed so I am glad you all got out! Congratulations on the new home, sending lots of positive energy for your new start😊",368,normal,0.85
mr1-qOG14bY,acefamily,-0.111375794,low,"This how many people that don’t live in LA
👇🏽👇🏽👇🏽",11174,normal,0.9
mr1-qOG14bY,acefamily,-0.111375794,low,"Ace family: we’re going to get married in 2018!
Alaïa: Hold my placenta",1425,normal,0.8
mr1-qOG14bY,acefamily,-0.111375794,low,"Catherine: ""Awww I can give my dress to Elle when she's older!"" 
Austin: ""Yea- .. wait""",535,normal,0.9
mr1-qOG14bY,acefamily,-0.111375794,low,Who is watching after Catherine married Igor?,9,normal,0.7
mr1-qOG14bY,acefamily,-0.111375794,low,Anyone else think Austin is gonna be one of those men who are is going to cry when he sees Catherine walk down the isle they are so good for each other!!!!,593,normal,0.8
mr1-qOG14bY,acefamily,-0.111375794,low,"“That dress is alright but you make it beautiful.” 
Goals 🥺🥺🥺❤️❤️",663,normal,0.9
mr1-qOG14bY,acefamily,-0.111375794,low,I hope they keep this channel going till Elle gets married 😩❤️,2474,normal,0.9
mr1-qOG14bY,acefamily,-0.111375794,low,All I know is that cathrine would look beautiful in anything she wear's,311,normal,0.9
mr1-qOG14bY,acefamily,-0.111375794,low,"There is a designer in Dubai called Michael Cinco, I think he is the perfect one to design your own dress! He designed Victoria Swarowski´s wedding dress and it was stunning!",555,normal,0.8
mr1-qOG14bY,acefamily,-0.111375794,low,"every time Catherine said ""massive"" I thought of Cardi B's met gala dress",752,normal,0.7
mr1-qOG14bY,acefamily,-0.111375794,low,"*in school* 
Teacher: Kids what is this 📷?
Elle: THE ACE FAMILY",399,normal,0.9
mr1-qOG14bY,acefamily,-0.111375794,low,Omg😭😭🥰 Elle is still wearing her promise ring from Austin when he proposed to Catherine 🥰🥰🥰😍😍❤️,681,normal,0.9
mr1-qOG14bY,acefamily,-0.111375794,low,“the dress is alright but you make it beautiful” MY HEART 😭😭 i can’t waittt,581,normal,0.9
mr1-qOG14bY,acefamily,-0.111375794,low,"Catherine: “Awe I can give my dress to Elle!!”

Austin: “Wait, she got about 40 years” 

😂😂",410,normal,0.9
mr1-qOG14bY,acefamily,-0.111375794,low,"This is how much people are excited for them to get married

👇🏻",674,normal,0.9
mr1-qOG14bY,acefamily,-0.111375794,low,"This is how many years Catherine and Austin will be together
 👇🏼",491,normal,0.9
mr1-qOG14bY,acefamily,-0.111375794,low,"This is how many People are waiting for the wedding
👇🏻",765,normal,0.9
mr1-qOG14bY,acefamily,-0.111375794,low,Does anyone think it would be amazing if Catherine went on Say Yes to The Dress?😍,1691,normal,0.8
mr1-qOG14bY,acefamily,-0.111375794,low,Can anyone else imagine Catherine on the show “Say Yes to the Dress” I can ❤️,426,normal,0.8
mr1-qOG14bY,acefamily,-0.111375794,low,"Brooo the irony of this video 😭 she said ""we are gonna have it forever"" referring to the crystal, and then went to talk about crystal from Brazil in the car (Igor is from Brazil) and she said its bad luck to have the groom sees the dress before marriage 😭💔",5,normal,0.7
xyIIKSMrtR8,acefamily,-0.11226,low,"Oh my God Elle said  ""Amazing  "".So cute...and sweet. God continue to bless us all.",1425,normal,0.95
xyIIKSMrtR8,acefamily,-0.11226,low,"Top 4 best things in this video:
- They got Patty back
- Catherine is pregnant
- They hit 5 million
- ELLE SAID “AMAZING” 😍😍😍",746,normal,0.9
xyIIKSMrtR8,acefamily,-0.11226,low,"CATHERINE IS PREGNANT, PATTY IS BACK, AND 5 MILLION ACE FAMILY MEMBERS!!! GOD IS GOOD!!! ❤️♠️",106,normal,0.9
xyIIKSMrtR8,acefamily,-0.11226,low,"Austin so funny when the TV went back to 4,999,999",160,normal,0.9
xyIIKSMrtR8,acefamily,-0.11226,low,"When it went back to 4,999,999 😂😂",220,normal,0.9
xyIIKSMrtR8,acefamily,-0.11226,low,"*(Hits 5M)*
*(Cheering n screaming)*
*(goes back to 4,999,999)*
*Austin:(oh hell no...)*
Omg soooo funny!!!😂😂😂",228,normal,0.9
xyIIKSMrtR8,acefamily,-0.11226,low,Who else would watch The Ace Family's reality TV show if they made one?,422,normal,0.85
xyIIKSMrtR8,acefamily,-0.11226,low,"Austin : ""5M"" OHHHH YEAHHHHHHH
             1 sec later 
              ""4.9M"" wait what the hell oh hell naww 
              ""5M"" OH HELL YEAh



I'm dying 😂❤️",222,normal,0.9
xyIIKSMrtR8,acefamily,-0.11226,low,9:51 the “Wait what the hell.. oh hell nawww” had us dying 😂💀,145,timestamp,0.95
xyIIKSMrtR8,acefamily,-0.11226,low,Catherine got pregnant after she burry her wisdom tooth that's cute,74,normal,0.85
xyIIKSMrtR8,acefamily,-0.11226,low,Patty is no longer Patty... she’s Patricia😂,21,normal,0.9
xyIIKSMrtR8,acefamily,-0.11226,low,"*patty literally went from a donut to a donut with sprinkles*  

i love austin😂",62,normal,0.9
xyIIKSMrtR8,acefamily,-0.11226,low,So first y'all are pregnant and then y'all get patty back then u hit 5 million and THEN Elle says amazing this is a lot to handle,61,normal,0.9
xyIIKSMrtR8,acefamily,-0.11226,low,When Elle Said “Amazing” 😭❤️,86,normal,0.9
xyIIKSMrtR8,acefamily,-0.11226,low,This family is the definition of life goals,147,normal,0.9
xyIIKSMrtR8,acefamily,-0.11226,low,Watching this when u have more then 11 million,256,normal,0.9
xyIIKSMrtR8,acefamily,-0.11226,low,I love how we’re all here collectively excited over Elle trying to say “amazing” 😂 she literally has 5million people constantly cheering her on and watching her grow up :’) Elle is OUR baby lmao 💕,54,normal,0.9
xyIIKSMrtR8,acefamily,-0.11226,low,When elle said “amazing” im shook 😍😭,155,normal,0.9
xyIIKSMrtR8,acefamily,-0.11226,low,For the gender reveal put a blue or pink powder on the basketball net and do a trick shot and what colour comes out from the net is the gender. Like to show the ace family,115,normal,0.85
xyIIKSMrtR8,acefamily,-0.11226,low,When Austin said “outterior” instead of “exterior” 😂😂😂😂😂,39,normal,0.9
wlkSclAcbtI,acefamily,-0.11494511,low,"we all need a man like Austin. knowing his queen so well, love it!!",1589,normal,0.9
wlkSclAcbtI,acefamily,-0.11494511,low,"A man who can shop for his woman in public without being embarrassed, is a man you need",2964,normal,0.9
wlkSclAcbtI,acefamily,-0.11494511,low,The way Austin talks about Catherine makes me want to cry.,3677,normal,0.9
wlkSclAcbtI,acefamily,-0.11494511,low,Am I the only one who appreciates how confident Austin is,867,normal,0.9
wlkSclAcbtI,acefamily,-0.11494511,low,Austin has the confidence to go into Victora Secret and buy a bra😂🤣😂🤣,678,normal,0.9
wlkSclAcbtI,acefamily,-0.11494511,low,I love how Austin compliments her,431,normal,0.9
wlkSclAcbtI,acefamily,-0.11494511,low,Her body 🙏🏾😫,4701,inappropriate,0.8
wlkSclAcbtI,acefamily,-0.11494511,low,Austin’s style back then VS now he only wear Gucci,806,normal,0.9
wlkSclAcbtI,acefamily,-0.11494511,low,We totally all need a man like Austin,349,normal,0.9
wlkSclAcbtI,acefamily,-0.11494511,low,"I love how positively Austin speaks about women’s bodies 
More men need to be like him 💕",396,normal,0.9
wlkSclAcbtI,acefamily,-0.11494511,low,he knows her bra size. he's doing it right,2527,normal,0.7
wlkSclAcbtI,acefamily,-0.11494511,low,i jus noticed austin said “h&m has a little bit of everything” but he’s really at forever 21 😂,134,normal,0.9
wlkSclAcbtI,acefamily,-0.11494511,low,Austin you are the best husband ever,3973,normal,0.9
wlkSclAcbtI,acefamily,-0.11494511,low,"“When people tell me not to film. I just walk away and keep filming because I’m a savage” - Austin 
Lmao",141,normal,0.9
wlkSclAcbtI,acefamily,-0.11494511,low,Did anybody else automatically think that Austin blew half of his budget on the bra right off the bat?😂😂😂,851,normal,0.9
wlkSclAcbtI,acefamily,-0.11494511,low,the fact that this was 3 years ago and he still has the same energy for his women is amazing,64,normal,0.9
wlkSclAcbtI,acefamily,-0.11494511,low,they should do a who knowa Elle best and buys her some clothes. like if u agree,515,normal,0.9
wlkSclAcbtI,acefamily,-0.11494511,low,"as soon as I saw him in Victoria secret I thought to myself ""well there goes ur $100 budget"" lol",527,normal,0.9
wlkSclAcbtI,acefamily,-0.11494511,low,"We all need an Austin, such a gentleman and knows how to treat his family😂😭❤️❤️❤️",403,normal,0.9
wlkSclAcbtI,acefamily,-0.11494511,low,"Austin- ""mmmhh damn bebe i wanna eat you"" 
Catherine- *glares* ""Austin can you stop""😂😂😂😂😂😂😂",346,inappropriate,0.8
xO1_JJnh1vs,acefamily,-0.11580883,low,The old ace family house was such a vibe and tbh everything was so special,799,normal,0.95
xO1_JJnh1vs,acefamily,-0.11580883,low,Remember Elle being taken on her first day at school at the backyard...in their old house by austin😂😂🔥🔥🔥👍👍,428,normal,0.9
xO1_JJnh1vs,acefamily,-0.11580883,low,"I haven't seen the Ace family in a long time, so it's strange that Elle speaks so fluently.",533,normal,0.9
xO1_JJnh1vs,acefamily,-0.11580883,low,I remember when Austin pranked Catherine by telling him he was quitting YouTube and then jumping off the balcony 😂😂,911,normal,0.85
xO1_JJnh1vs,acefamily,-0.11580883,low,My favorite memory is when Catherine asked “ who eats bread like that” and Elle goes “me” 😏... rewatched that like 100 times,351,normal,0.8
xO1_JJnh1vs,acefamily,-0.11580883,low,"catherine finding out she was pregnant in the bathroom, you guys getting married in the backyard, and elles 2nd bday are my favorite moments there",470,normal,0.9
xO1_JJnh1vs,acefamily,-0.11580883,low,I remember when Catherine pranked austin when he was getting out the shower and saw Ryan sitting on the golf cart covered in a white sheet and he came out with the bat lmao,690,normal,0.85
xO1_JJnh1vs,acefamily,-0.11580883,low,It’s sad how people rarely watch YouTube anymore because of tik tok😭 tik tok has become the new YouTube,546,normal,0.9
xO1_JJnh1vs,acefamily,-0.11580883,low,Only those who remember “someone told me love was only in the movies...” can like.,493,normal,0.8
xO1_JJnh1vs,acefamily,-0.11580883,low,"My favorite memory was when Austin was Elles teacher 🤧 
Austin: “do u even have a mother” 
Elle: “no”",292,normal,0.85
xO1_JJnh1vs,acefamily,-0.11580883,low,My favorite memory in this house is when Catherine found out she was pregnant with Lailai ❤️❤️❤️❤️,1109,normal,0.9
xO1_JJnh1vs,acefamily,-0.11580883,low,My favorite memorie is Elles first day of school but the teacher was actually Austin 😭✋,239,normal,0.9
xO1_JJnh1vs,acefamily,-0.11580883,low,We'll take it! Then everyone can still watch vlogs at this house,2241,normal,0.85
xO1_JJnh1vs,acefamily,-0.11580883,low,"GUYSS REMEMBER WHEN THEY DID THE ""EATING WHAT THE PERSON INFRONT OF US DECIDES CHALLENGE"" AND WHEN THEY SAID THEY'RE GONNA DO THE PART 2 WITH ELLE😭",164,normal,0.85
xO1_JJnh1vs,acefamily,-0.11580883,low,My favorite memory in that house is when Cathrine found out she was pregnant,354,normal,0.9
xO1_JJnh1vs,acefamily,-0.11580883,low,my favorite memory: When they found out they were pregnant with Lay Lay and surprised Austin.,138,normal,0.9
xO1_JJnh1vs,acefamily,-0.11580883,low,The old ace family house brings back memories unfortunately that house was broken into and they had to move,411,concern,0.7
xO1_JJnh1vs,acefamily,-0.11580883,low,You can automatically tell that Catherine’s and Leslie’s relationship is so much warmer than with Shyla,481,normal,0.8
xO1_JJnh1vs,acefamily,-0.11580883,low,"When you found out you were pregnant of Alaia, The RAT gang, Catherine on a dirty bike, Ryan being more in your videos... All good memories ❤️",212,normal,0.85
xO1_JJnh1vs,acefamily,-0.11580883,low,"Not gonna lie, I haven’t watched the ace family in like 2 months lol but I’m here now",348,normal,0.9
T-TlC0d7Nos,acefamily,-0.11602891,low,let catherine wake up in kylies house next,749,normal,0.9
T-TlC0d7Nos,acefamily,-0.11602891,low,"How funny would it be if he woke up at Miranda sings/Colleen Balinger's house! LMAO, Miranda would flip out! 
like if you agree!",43,normal,0.9
T-TlC0d7Nos,acefamily,-0.11602891,low,Austin wake up in Kylies house and get a lip kit for Catherine 😂😂😂😂😂,216,normal,0.9
T-TlC0d7Nos,acefamily,-0.11602891,low,Who’s here after Catherine and igor got married 🥲,2,normal,0.9
T-TlC0d7Nos,acefamily,-0.11602891,low,Wake up at Alex Wassbi's house and wake up at kylie's house like if you agree,124,normal,0.9
T-TlC0d7Nos,acefamily,-0.11602891,low,Wake up in Kylie Jenner’s house and get Cathrine a lip kit🤣🤣,305,normal,0.9
T-TlC0d7Nos,acefamily,-0.11602891,low,damn get Elle a Grammy award for the beginning of the video 😂😂😂😂😂,89,normal,0.9
T-TlC0d7Nos,acefamily,-0.11602891,low,OMG JAMES CHARLES SHOULD DO YOUR MAKEUP FOR YOUR WEDDING !!!😍✨ 🙌🏽,402,normal,0.9
T-TlC0d7Nos,acefamily,-0.11602891,low,"KYLIE JENNERS HOUSE NEXT!!!!
Like if you agree so that they see it",472,normal,0.9
T-TlC0d7Nos,acefamily,-0.11602891,low,WAKE UP IN DAVID DOBRIK’S HOUSE!!,52,normal,0.9
T-TlC0d7Nos,acefamily,-0.11602891,low,KYLIE JENNERS HOUSE NEXT.  !!!!!! 💞💞💞💞😭😭.    PLZ LIKE SO THEY CAN SEE IT,632,normal,0.9
T-TlC0d7Nos,acefamily,-0.11602891,low,Elle is too cute 😍 “your too big”,222,normal,0.9
T-TlC0d7Nos,acefamily,-0.11602891,low,Omg I just love Austin waking up in people's houses🤣like if u love it to😂👍🏻👍🏻👍🏼❤💖,48,normal,0.9
T-TlC0d7Nos,acefamily,-0.11602891,low,wake up in kylie jenner house,101,normal,0.9
T-TlC0d7Nos,acefamily,-0.11602891,low,Can Elle wake up in Kylie Jenner’s house🙏🏼🙏🏼💗💗,257,normal,0.9
T-TlC0d7Nos,acefamily,-0.11602891,low,"""Do you think we can fit in there together?"" 'Noo your too big"" that had me dying",80,normal,0.9
T-TlC0d7Nos,acefamily,-0.11602891,low,I keep forgetting they’re not married yet 😂,192,normal,0.9
T-TlC0d7Nos,acefamily,-0.11602891,low,"Who else loves how Elle says ""baby sister"" cause I do",76,normal,0.9
T-TlC0d7Nos,acefamily,-0.11602891,low,You should wake up at Arianna Grandes house! Like if u agree,116,normal,0.9
T-TlC0d7Nos,acefamily,-0.11602891,low,He was in his brothers house 🤣,169,normal,0.9
W5JIzZGBis4,acefamily,-0.118665576,low,I love how Elle doesn’t get jealous of her little sister,4828,normal,0.95
W5JIzZGBis4,acefamily,-0.118665576,low,"Catherine:who gives you a foot massage 
Austin:looks at elle
Elle:dada",1021,normal,0.9
W5JIzZGBis4,acefamily,-0.118665576,low,Even though Catherine was doing her routine she checked on her daughters that is the kind of moms kids have been trying to look for,1863,normal,0.9
W5JIzZGBis4,acefamily,-0.118665576,low,I love how much Austin cares about and loves his children. I also love that Elle doesn't get jealous of her little sister!,587,normal,0.95
W5JIzZGBis4,acefamily,-0.118665576,low,"Alaia: *crying* 
Elle: you want me Alaia 
(While she was brushing her teeth)",967,normal,0.9
W5JIzZGBis4,acefamily,-0.118665576,low,"Elle :u want me Alaïa?
Alaïa: *talks in baby language*
That melted my heart 💕",984,normal,0.9
W5JIzZGBis4,acefamily,-0.118665576,low,Who think Elle is growing up so fast??? 😂,4692,normal,0.9
W5JIzZGBis4,acefamily,-0.118665576,low,“The most difficult thing about giving Alai a bath is getting in between her rolls.”🤣🤣🤣🤣🤣🤣,339,normal,0.9
W5JIzZGBis4,acefamily,-0.118665576,low,"Catherine be like : EXCUSE YOU ! YOU ARE SOOO RUDE 😂😂😂

Edit: Thank you for over 300 likes",639,normal,0.9
W5JIzZGBis4,acefamily,-0.118665576,low,"Austin: Elle could u pls turn the volume down just a little my love 
Elle:*turns to down straight away*",828,normal,0.9
W5JIzZGBis4,acefamily,-0.118665576,low,“You want me alaïa” awwww sister goals!!!,338,normal,0.9
W5JIzZGBis4,acefamily,-0.118665576,low,Who's here binge watching the ace family beacuse of quarantine? 🙋🏼‍♀️,1097,normal,0.85
W5JIzZGBis4,acefamily,-0.118665576,low,"Cathrine: Elle, are you a princess or a a queen? 

Elle: baby

I love Elle ❤️",691,normal,0.9
W5JIzZGBis4,acefamily,-0.118665576,low,"Catherine: Elle who usually brushes your hair?

Austin: *looks at Elle*


Elle: DADDA",923,normal,0.9
W5JIzZGBis4,acefamily,-0.118665576,low,"15:59 The cutestttttttt!!! 
Alaïa: *makes a noise* 
elle: you want me alaïa?!",330,timestamp,0.9
W5JIzZGBis4,acefamily,-0.118665576,low,Who's here after Catherine finds out she's pregnant with a boy 😀😀,638,normal,0.85
W5JIzZGBis4,acefamily,-0.118665576,low,Austin and Catharine fighting over skincare is so funny😂,386,normal,0.9
W5JIzZGBis4,acefamily,-0.118665576,low,Catherine should talk to Austin in Spanish for 24 hrs! Like so they can see this idea!,1162,normal,0.85
W5JIzZGBis4,acefamily,-0.118665576,low,"Austin: * puts bubbles on Elle’s hair 
Austin: * laughs
Elle: why? wut happened?
Austin & Catherine: * more laughs
😂😂😂😂😂😂😂😂😂😂😂😂😂😂",711,normal,0.9
W5JIzZGBis4,acefamily,-0.118665576,low,5:05 elle: what happend: austin: dieing in laughter  elle: - smiles -,35,timestamp,0.9
_yMeWOdsYxE,acefamily,-0.122241944,low,Who’s here after Catherine interview on Call Her Daddy??,1266,normal,0.9
_yMeWOdsYxE,acefamily,-0.122241944,low,2018 anyone else?,14287,normal,0.9
_yMeWOdsYxE,acefamily,-0.122241944,low,Who’s Here After The ACE Family 2019 basketball charity event! July-1-2019.  The event happened on June/29/2019,2162,normal,0.9
_yMeWOdsYxE,acefamily,-0.122241944,low,2026 anyone looking back at memories 💔,11,normal,0.9
_yMeWOdsYxE,acefamily,-0.122241944,low,2019 anyone?,8048,normal,0.9
_yMeWOdsYxE,acefamily,-0.122241944,low,Who is here after Catherine had baby no. 3,4182,normal,0.9
_yMeWOdsYxE,acefamily,-0.122241944,low,Whose here watching while in quarantine? 🙃,5536,normal,0.9
_yMeWOdsYxE,acefamily,-0.122241944,low,"I’m here after they just announced their divorce. My heart breaks for the kids, I’ll be praying for all of them. I’ll be missing them since this is the time I started watching them. Sad day for the real ace family fans. 😢",428,concern,0.8
_yMeWOdsYxE,acefamily,-0.122241944,low,Who else is here after the ace family have just moved into the new House with the massive bed no....just..me...then,2174,normal,0.9
_yMeWOdsYxE,acefamily,-0.122241944,low,"I just decided to come to their first video, 2018 anyone?",1193,normal,0.9
_yMeWOdsYxE,acefamily,-0.122241944,low,Their channel grew so quickly! Who’s watching in 2018?,2368,normal,0.9
_yMeWOdsYxE,acefamily,-0.122241944,low,Who’s here after her book?,135,normal,0.9
_yMeWOdsYxE,acefamily,-0.122241944,low,Who is watching their old vids during quarentine,1263,normal,0.9
_yMeWOdsYxE,acefamily,-0.122241944,low,2018? anyone? specially for the first time like me! 😂,902,normal,0.9
_yMeWOdsYxE,acefamily,-0.122241944,low,I love the end when Austin was kissing Elle and who else is watching this on November 2018 like if you are😜,944,timestamp,0.7
_yMeWOdsYxE,acefamily,-0.122241944,low,anybody from 2025 looking back,31,normal,0.9
_yMeWOdsYxE,acefamily,-0.122241944,low,"Most of the comments are
2018 anyone??😂😂😂",777,normal,0.9
_yMeWOdsYxE,acefamily,-0.122241944,low,2018... anyone else?,4583,normal,0.9
_yMeWOdsYxE,acefamily,-0.122241944,low,June 2018 anyone else haha??,3148,normal,0.9
_yMeWOdsYxE,acefamily,-0.122241944,low,Who's here after the .. .the divorce?😔,842,concern,0.8
nR0JoJin5uo,acefamily,-0.12270035,low,"THANK YOU TO EVERYONE WHO IS APART OF THE ACE FAMILY, LETS CONTINUE TO GROW AND MAKE THE WORLD A BETTER PLACE. STAY POSITIVE AND GOD BLESS, WE LOVE YOU ALL!!!",13704,normal,0.95
nR0JoJin5uo,acefamily,-0.12270035,low,no haters is going to stop the Ace family,1350,normal,0.9
nR0JoJin5uo,acefamily,-0.12270035,low,ELLE LOOKS SO CUTE IN HER LITTLE JOGGING SUIT 😍😍😍,521,normal,0.9
nR0JoJin5uo,acefamily,-0.12270035,low,Who else is binge watching old ace family video’s???😂🤣❤️,255,normal,0.9
nR0JoJin5uo,acefamily,-0.12270035,low,The reason this family is growing so much is because you guys talk to us like family members not fans & I appreciate that so much! 💕,228,normal,0.95
nR0JoJin5uo,acefamily,-0.12270035,low,I love how Austin told ELLE to see if that baby girl is part of the ACE family😂,37,normal,0.9
nR0JoJin5uo,acefamily,-0.12270035,low,Every video Elle seems to talk more and more 😭😍😍,66,normal,0.9
nR0JoJin5uo,acefamily,-0.12270035,low,"i love how Catherine had to say
""when the  numbers go down does that mean someone ACCIDENTALLY  subscribed?"" 


and yes i am watching this again in 2020 and they have over 18 mil now on the road to 20 mil",61,normal,0.85
nR0JoJin5uo,acefamily,-0.12270035,low,5:50 u could tell Catherine was waiting for a kiss😂😂,44,timestamp,0.8
nR0JoJin5uo,acefamily,-0.12270035,low,I love that he yells on the balcony every time lol,52,normal,0.9
nR0JoJin5uo,acefamily,-0.12270035,low,#RoadTo10Million🙌🙏🙏🙇 Hopefully like if you guys think that they should get 10 Million ACE Family Members,109,normal,0.9
nR0JoJin5uo,acefamily,-0.12270035,low,Now Road to 18M CONGRATULATIONSS ACE FAMILY MEMBERS💙,37,normal,0.9
nR0JoJin5uo,acefamily,-0.12270035,low,Elle is so smartttt when she turned the phone towards the Tv😂😂,62,normal,0.9
nR0JoJin5uo,acefamily,-0.12270035,low,Who else just knows they’ll reach 4 mill before Christmas 🙋🏻🙋🏻🙋🏻,297,normal,0.9
nR0JoJin5uo,acefamily,-0.12270035,low,"""WE GOTTA GO CELEBRATE CAUSE IM HUNGRY!!!"" while shes eating cake lmaoooo",84,normal,0.9
nR0JoJin5uo,acefamily,-0.12270035,low,"Austin:we hit 3m members 0:

Me:it 2019 and you hit 17m",36,normal,0.9
nR0JoJin5uo,acefamily,-0.12270035,low,I swear EVERYTHING is Austin's favorite LMFAOO!!!,17,normal,0.9
nR0JoJin5uo,acefamily,-0.12270035,low,Elle's addidas outfit😍😍,59,normal,0.9
nR0JoJin5uo,acefamily,-0.12270035,low,Love you ACE FAMILAAAAYYYYY ❤️❤️❤️❤️look at Elle's face at 2:50 😂😂 she's like oh helll nawww,17,timestamp,0.85
nR0JoJin5uo,acefamily,-0.12270035,low,Now is road to 11mill.,101,normal,0.9
BoPIURgMOjQ,acefamily,-0.12351589,low,"omg elle 😂😂 
she was pretending that she was on FaceTime and even took a video and said “ayeee” 😂😂",3367,normal,0.95
BoPIURgMOjQ,acefamily,-0.12351589,low,Elles voice sounds so mature!! She’s growing up really fast 🥰,2299,normal,0.95
BoPIURgMOjQ,acefamily,-0.12351589,low,When Elle said her bf mean cuz he ain’t text her back I felt that 😭😭😭😭😭,2044,normal,0.9
BoPIURgMOjQ,acefamily,-0.12351589,low,2026 anyone 😢,6,normal,0.8
BoPIURgMOjQ,acefamily,-0.12351589,low,"11:21 
Elle: *takes selfie* “aye”
this part had me dying 😂😂 she’s such a character",658,timestamp,0.9
BoPIURgMOjQ,acefamily,-0.12351589,low,"11:22 😂 Elle said ""ayeee"" while taking the picture",538,timestamp,0.9
BoPIURgMOjQ,acefamily,-0.12351589,low,Omg elle is so big now. I've been here since she was a baby. I cant believe it. She talks so extremely well,516,normal,0.95
BoPIURgMOjQ,acefamily,-0.12351589,low,2025 any one 😢,355,normal,0.8
BoPIURgMOjQ,acefamily,-0.12351589,low,"I have a cool video idea! How about Austin do a video of him doing mom duties for a day with both Elle & Alaia with no help from Catherine! Grocery shopping, errands, cook dinner, etc.",3354,normal,0.85
BoPIURgMOjQ,acefamily,-0.12351589,low,"This is how many years the ACE  family will be together 🤗😄
👇 Edit: OH MY GOSH 😭 THANK
       YALL ALL FOR THE LIKES 😭",2964,normal,0.9
BoPIURgMOjQ,acefamily,-0.12351589,low,Austin and Catherine's genes are super competitive🤣❤. Both kids manage to look thoroughly mixed up.,745,normal,0.85
BoPIURgMOjQ,acefamily,-0.12351589,low,Anyone 2026 😢😢😢😢😢😢😢,2,normal,0.8
BoPIURgMOjQ,acefamily,-0.12351589,low,This is how many ppl love cathrine without make up,1679,normal,0.85
BoPIURgMOjQ,acefamily,-0.12351589,low,"Elle talks to her boyfriend: you are very mean

Austin: why is he mean?

Elle: because he didn’t answer 

Me: LOL 😂",883,normal,0.9
BoPIURgMOjQ,acefamily,-0.12351589,low,"when alaia is in the shower she look's like her dad and when she is dry she look's like her mom 
like wtf",1375,normal,0.85
BoPIURgMOjQ,acefamily,-0.12351589,low,Anybody here after the book?😭,32,normal,0.8
BoPIURgMOjQ,acefamily,-0.12351589,low,"Austin:“Do u have a boyfriend”
Elle:“Yes”
Austin:“No u don’t”

Lol I’m dying",1949,normal,0.9
BoPIURgMOjQ,acefamily,-0.12351589,low,"Austin: “Tell Robbie he’s canceled”
Elle: “K”",402,normal,0.9
BoPIURgMOjQ,acefamily,-0.12351589,low,you guys elle is so big i just might cry. i remember when i used to be like “dang i cant wait till she starts talking” AHHHH,646,normal,0.95
BoPIURgMOjQ,acefamily,-0.12351589,low,"anyone noticed how cute when they were deciding who to shower with, austin said alaia’s name and she looked up. So cuteee",188,normal,0.9
NAdcqajcvtU,acefamily,-0.12795399,low,"Austin is the pen ❤️
Catherine is the glue 💛
Elle is the colors 💚
Alaïa is the highlighter 💙

Austin draws the world ❤️
Catherine keeps it together 💛
Elle makes it colourful 💚
Alaïa makes it brighter 💙",773,normal,0.95
NAdcqajcvtU,acefamily,-0.12795399,low,Catherine has been looking in such a good mood recently she smiles way more than before and seems to play along with austin,362,normal,0.9
NAdcqajcvtU,acefamily,-0.12795399,low,Chef look like Travis Scott from the back at first 😂😂😂😂😂😂😂😂😂😂,1672,normal,0.9
NAdcqajcvtU,acefamily,-0.12795399,low,Bruh I thought chef will was going to run out of the house🤣🤣🤣,820,normal,0.9
NAdcqajcvtU,acefamily,-0.12795399,low,Not gonna lie on Catherine's snapchat when She was posting the food picks I thought they went to eat out all that time... that's how good he is,624,normal,0.85
NAdcqajcvtU,acefamily,-0.12795399,low,"Welcome Chef Will!!! 
This is how much the ace family supports Chef Will...",713,normal,0.9
NAdcqajcvtU,acefamily,-0.12795399,low,Austin pulling Alaïa and Elle reminds me of Elle's caterpillar rides😭 who else agrees,691,normal,0.9
NAdcqajcvtU,acefamily,-0.12795399,low,He should make a cooking show on yt called cooking for the Ace Family 😭🥰,999,normal,0.9
NAdcqajcvtU,acefamily,-0.12795399,low,The blanket has replaced the caterpillar rides! Who remembers baby Elle getting caterpillar rides?😍😭,2560,normal,0.9
NAdcqajcvtU,acefamily,-0.12795399,low,"Everyone is saying they wish they had their own chef.. 

Me: my mom is my chef😂😂",644,normal,0.9
NAdcqajcvtU,acefamily,-0.12795399,low,*Remember when he used to drag Elle on the caterpillar*,667,normal,0.9
NAdcqajcvtU,acefamily,-0.12795399,low,The Ace Family over here eating fancy food while I'm over here eating cereal 😂🤣😭,365,normal,0.9
NAdcqajcvtU,acefamily,-0.12795399,low,Who also thinks Catherine should do a workout routine and if you do you should like so the ace family can see it,714,normal,0.9
NAdcqajcvtU,acefamily,-0.12795399,low,"Nobody:
Catherine: elle's legs are so long that's why I call  her bambi",457,normal,0.9
NAdcqajcvtU,acefamily,-0.12795399,low,"Awww, your chef seems really sweet. He's a good addition to the ACE family.",368,normal,0.9
NAdcqajcvtU,acefamily,-0.12795399,low,I felt so bad for the chef.. literally he was so confused and I actually felt like giving him a hug or something,103,normal,0.9
NAdcqajcvtU,acefamily,-0.12795399,low,Is or just me or- CATHERINE IS SO HAPPY NOW LIKE NOT SAYING SHE WAS NOT BUT HER HAPPINESS HAS INCRESED BY LIKE 50% WE LOVE A HAPPY SISTER😍,386,normal,0.9
NAdcqajcvtU,acefamily,-0.12795399,low,Ace family chef should have  a youtube channel to show his skills give a plus if you agree.,445,normal,0.9
NAdcqajcvtU,acefamily,-0.12795399,low,I love how they didn't cut the messed up parts,398,normal,0.9
NAdcqajcvtU,acefamily,-0.12795399,low,😂😂😂😂😂 I honestly thought he was running out of the house.,309,normal,0.9
H9RcqVHvjxM,acefamily,-0.13271117,low,"*Waking up in Kylie Jenners house would be EPIC! Don't forget to ""STEAL"" one of her lip kits for Catherine!* 😂💀The ace family inspired us to create ourchannel, we'd appreciate any support❤",134,normal,0.9
H9RcqVHvjxM,acefamily,-0.13271117,low,"*he should wake up in Kylie Jenner’s house !!!!! Who else agrees ? LIKE IF YOU DO ❤️ BTW, speaking of the Kardashian/Jenner’s.... NORTH WEST was at my sons school trip, I just uploaded the video NOW* ❤️❤️",248,normal,0.9
H9RcqVHvjxM,acefamily,-0.13271117,low,"Thumbs up for Catherine to wake up at Kylie’s house with the princesses to have a little play date with Stormi. The main princesses in the same room, legendary. 

Good Luck to all who applied to win $1000. Have a blessed day.

$talishatorres1",147,normal,0.9
H9RcqVHvjxM,acefamily,-0.13271117,low,Plz wake up in Kylie Jenner’s house or Emma Chamberlain’s house,296,normal,0.9
H9RcqVHvjxM,acefamily,-0.13271117,low,Alaia this is where you were created 😂💀,195,normal,0.8
H9RcqVHvjxM,acefamily,-0.13271117,low,Imagine if he woke up in kylie Jenner’s house! That would be soo cool🔥🔥🔥,1634,normal,0.9
H9RcqVHvjxM,acefamily,-0.13271117,low,KYLIE JENNER'S HOUSE PLEASE!!!!😂😂😂,860,normal,0.9
H9RcqVHvjxM,acefamily,-0.13271117,low,It would be so funny that after the end of vlogmas everyone could come to ur house and take their stuff back 😂,331,normal,0.9
H9RcqVHvjxM,acefamily,-0.13271117,low,"you should wake up in liza koshy's house!!!!
Like so they can see it👍👍",333,normal,0.9
H9RcqVHvjxM,acefamily,-0.13271117,low,Wake up in Kylie’s house!like if u want Austin to do it❤️🥰🥳🛏💤😴,171,normal,0.9
H9RcqVHvjxM,acefamily,-0.13271117,low,"Am I the only one noticing that Elle changes her nail color everyday, it’s the cutest ever😂",128,normal,0.9
H9RcqVHvjxM,acefamily,-0.13271117,low,"""It's not easy living somewhere that doesn't feel like home."" That makes me so sad.",135,normal,0.9
H9RcqVHvjxM,acefamily,-0.13271117,low,"Wake up in one of kardashians/Jenner houses
Like if you agree they should
Edit: OMG I HAVE NEVER GOT THIS MANY LIKES!!!",162,normal,0.9
H9RcqVHvjxM,acefamily,-0.13271117,low,By the time I skip the whole waking up in someone's house intro the video is more than half ways through lol.,119,timestamp,0.8
H9RcqVHvjxM,acefamily,-0.13271117,low,If you woke up at Shane Dawson’s house that would be everything,44,normal,0.9
H9RcqVHvjxM,acefamily,-0.13271117,low,Who came here after watching Tana’s house tour?,193,normal,0.9
H9RcqVHvjxM,acefamily,-0.13271117,low,I really want Austin to wake up is Kylie Jenner’s house or David’s.😂,73,normal,0.9
H9RcqVHvjxM,acefamily,-0.13271117,low,Catherine plss wake up in Kylie’s house with the princess,99,normal,0.9
H9RcqVHvjxM,acefamily,-0.13271117,low,Catherine should wake up in Chantelle‘s house or apartment idk😂,84,normal,0.9
H9RcqVHvjxM,acefamily,-0.13271117,low,Wake up in Colleen/Miranda sings 😂,115,normal,0.9
Cgogkk9zZ0Y,acefamily,-0.13576183,low,"Steel: “crying” 

Austin: “yeah yeah ik it’s emotional.” 

😭😭😂😂🤣🤣😅😅❤️",1758,normal,0.9
Cgogkk9zZ0Y,acefamily,-0.13576183,low,“We’re gonna have him forever?” Poor Elle she’s been so used to all the puppy prank videos😭trust issues lmao,1980,normal,0.85
Cgogkk9zZ0Y,acefamily,-0.13576183,low,"Calling it now, they will be coming out with a "" We had to give our puppy up for adoption "" video in a few months",546,concern,0.7
Cgogkk9zZ0Y,acefamily,-0.13576183,low,"Steel: *crying*
Austin: “ I know… it’s emotional”
LMFAOOOO",663,normal,0.9
Cgogkk9zZ0Y,acefamily,-0.13576183,low,"It’s gotta be ACE, it just makes the most sense",4060,normal,0.8
Cgogkk9zZ0Y,acefamily,-0.13576183,low,the fact that Elle can really talk now makes me feel so old,922,normal,0.85
Cgogkk9zZ0Y,acefamily,-0.13576183,low,who’s watching in 2025💔,12,normal,0.8
Cgogkk9zZ0Y,acefamily,-0.13576183,low,ACE would be the perfect name for him. He's soooo adorable.,3423,normal,0.9
Cgogkk9zZ0Y,acefamily,-0.13576183,low,The moment Elle realized she has a baby and responsibilities. So cute lol 😂,765,normal,0.9
Cgogkk9zZ0Y,acefamily,-0.13576183,low,I remember when Elle couldn’t even talk now she’s like a little teenager 😭,486,normal,0.9
Cgogkk9zZ0Y,acefamily,-0.13576183,low,Omg steel boys face expression when Austin was talking to the kids had my kids and I dying laughing. We kept putting it on repeat. Congrats on the new family member,255,normal,0.85
Cgogkk9zZ0Y,acefamily,-0.13576183,low,is so beautiful seeing elle talk and have a genuine coversation now,659,normal,0.9
Cgogkk9zZ0Y,acefamily,-0.13576183,low,Alaia 100% already made the announcement. “Ace come here! Ace come here!”😂 The perfect name.,243,normal,0.85
Cgogkk9zZ0Y,acefamily,-0.13576183,low,"When Elle was on the phone with them in the car, so cute. She’s so grown now.",626,normal,0.9
Cgogkk9zZ0Y,acefamily,-0.13576183,low,I love how Catherine gives all her kids the same love and attention💕,33,normal,0.9
Cgogkk9zZ0Y,acefamily,-0.13576183,low,Alaïa is literally saying “Ace come here” lol so cute,359,normal,0.9
Cgogkk9zZ0Y,acefamily,-0.13576183,low,Alaïa is a vibe. She’s literally the sweetest. Middle kids always seem to be bomb! 👏🏻👏🏻 loving her energy.,825,normal,0.9
Cgogkk9zZ0Y,acefamily,-0.13576183,low,The look Elle gave when Austin said “is water in the bowl” she got so serious 😂😂,650,normal,0.9
Cgogkk9zZ0Y,acefamily,-0.13576183,low,"Alaia said: “you want to eat, you want to eat” to the dog in the cutest voice ever 😩💗",35,normal,0.9
Cgogkk9zZ0Y,acefamily,-0.13576183,low,4:58 my guy steel was so excited he started tweaking 😂😂😂. I’ve never seen a baby make a face like that.,53,timestamp,0.8
Wh2DrG1bE9I,acefamily,-0.13647035,low,Lailai seems organized. She wanted to put her belongings back in her stocking and her crocs back in the box. So cute.,7389,normal,0.95
Wh2DrG1bE9I,acefamily,-0.13647035,low,Lol Lai Lai’s face is always a mood 😂😂 she’s so serious and taking it very good,2671,normal,0.95
Wh2DrG1bE9I,acefamily,-0.13647035,low,"When elle asked if santa drinks almond milk , she’s the cutest!",498,normal,0.95
Wh2DrG1bE9I,acefamily,-0.13647035,low,I love how Elle is being such a good example to her siblings and being grateful for everything,470,normal,0.95
Wh2DrG1bE9I,acefamily,-0.13647035,low,I loveddd when Elle asked if santa liked “almond milk or oat milk” that was so cute,1077,normal,0.95
Wh2DrG1bE9I,acefamily,-0.13647035,low,“ Ask Santa if he wants almond milk or oat milk”  “I like almond milk” 😂😂😂,399,normal,0.95
Wh2DrG1bE9I,acefamily,-0.13647035,low,Elle asking if Santa likes almond or oat milk is frickin adorable 😭😭😭,312,normal,0.95
Wh2DrG1bE9I,acefamily,-0.13647035,low,"I love that Elle hugs her mom and says thank u ……
They’re so polite and well behaved kids for being so little….you don’t see that much these days!",81,normal,0.95
Wh2DrG1bE9I,acefamily,-0.13647035,low,when austin says “we allow them to have a phone” “ cause i’m santa claus” sent me😂😂,165,normal,0.9
Wh2DrG1bE9I,acefamily,-0.13647035,low,"AUSTIN:"" this is a very low end computer, like a toy"" 
ME: watching this on the exact computer feelin hella cheap now",51,normal,0.9
Wh2DrG1bE9I,acefamily,-0.13647035,low,Austin is a character dude 😂😂 “I like almond milk.” That’s the truth but we talking about Santa.😂😂,231,normal,0.95
Wh2DrG1bE9I,acefamily,-0.13647035,low,"I love the videos where it’s just them, nothing crazy, nothing extravagant, just them. It’s much more fun to watch!",445,normal,0.95
Wh2DrG1bE9I,acefamily,-0.13647035,low,Elle is literally a little Catherine. Looks & personality. It’s adorable 🥰,397,normal,0.9
Wh2DrG1bE9I,acefamily,-0.13647035,low,it makes me so happy to see Elle so grateful for everything she gets especially as her family is quite wealthy and even though she may be used to receiving gifts she's still happy for each and every one. The other kids seem grateful to but obviously they're still young which is why I'm talking about little ellie. Also props to you both for not giving the kids crazy expensive things and making them super spoilt though they are privileged and treating them like children and getting what they actually wanted instead of a lil flex gift for social media. people may say whatever they want about this family but no one can ever say your kids haven't been raised well. <3,1147,normal,0.9
Wh2DrG1bE9I,acefamily,-0.13647035,low,Lai lai looking at her hands and trying to make sure she has two fingers up is so cute 🥺😂,271,normal,0.9
Wh2DrG1bE9I,acefamily,-0.13647035,low,When austin was explaining to Steel boy why they couldnt wrap his present was so funny and cute😂❤️,37,normal,0.9
Wh2DrG1bE9I,acefamily,-0.13647035,low,Elle- “I don’t think Santa really got me this I think mommy and daddy did” 🤣🤣😭,49,normal,0.95
Wh2DrG1bE9I,acefamily,-0.13647035,low,“Very low end computer” I’m over here like “DAMN THATS NICE!”,95,normal,0.9
Wh2DrG1bE9I,acefamily,-0.13647035,low,"“ they have a phone cuz .. we allow them to have a phone” PERIODDDD, you guys don’t owe anyone an explanation!! Merry Christmas!! ❤️",101,normal,0.9
Wh2DrG1bE9I,acefamily,-0.13647035,low,I love that they stopped caring about opinions from other people and I can see that they are truly happy being themselves.,80,normal,0.9
wWZSPHR8OkE,acefamily,-0.13757113,low,"Cathrine: “don’t pull the prank” 
Cathrine 10mins later: “hurry up and move the car “ 😂",554,normal,0.9
wWZSPHR8OkE,acefamily,-0.13757113,low,YOU CALLED HIM BEBE IM WEAK,261,normal,0.9
wWZSPHR8OkE,acefamily,-0.13757113,low,Never thought these houses will become the home of the Ace Family,378,normal,0.9
wWZSPHR8OkE,acefamily,-0.13757113,low,I was dying when Austin called Rug “Bebe” 😂😂😂😂,399,normal,0.9
wWZSPHR8OkE,acefamily,-0.13757113,low,“to who bebe” 😂😂😂,191,normal,0.9
wWZSPHR8OkE,acefamily,-0.13757113,low,"How many likes can ""Elle"" get",276,normal,0.9
wWZSPHR8OkE,acefamily,-0.13757113,low,“To who bebé”😂😂💀,110,normal,0.9
wWZSPHR8OkE,acefamily,-0.13757113,low,"18:24. Austin😂 "" To who bebe, I mean bro""",108,timestamp,0.8
wWZSPHR8OkE,acefamily,-0.13757113,low,“to who bebe?” 😂😂❤️,121,normal,0.9
wWZSPHR8OkE,acefamily,-0.13757113,low,Omg Austin called him Bebeeee😂😂😂😂😂 i am dead.. i love you guys❤️,355,normal,0.9
wWZSPHR8OkE,acefamily,-0.13757113,low,"""The post notification shotout goes to who bebe?"" Austin to FaZe Rug😂😂
I'm dead",503,normal,0.9
wWZSPHR8OkE,acefamily,-0.13757113,low,I DIED when Austin called Rug “Bebe”💀😂,117,normal,0.9
wWZSPHR8OkE,acefamily,-0.13757113,low,"18:24"" To who bebe""😂😂",111,timestamp,0.8
wWZSPHR8OkE,acefamily,-0.13757113,low,"The way you called Rug ""bebe"" it was so hilarious omg 😂😂 x",864,normal,0.9
wWZSPHR8OkE,acefamily,-0.13757113,low,Lmao “ we do have to give our post notification shoutout to who Bebe “ 😂😂😂😂😂😂😂😂😂😂 i cried lmao.,211,normal,0.9
wWZSPHR8OkE,acefamily,-0.13757113,low,Who’s here when they connected the two houses and are having a baby boy 💕😭,69,normal,0.9
wWZSPHR8OkE,acefamily,-0.13757113,low,‘ to who bebe ‘ 😭😂❤️,50,normal,0.9
wWZSPHR8OkE,acefamily,-0.13757113,low,“to who bebe?” HAHAHAHA ❤️,128,normal,0.9
wWZSPHR8OkE,acefamily,-0.13757113,low,"Rugg: I don’t care about the house I just wanna live close to you

Awwwww😭😭❤️❤️❤️",82,normal,0.9
wWZSPHR8OkE,acefamily,-0.13757113,low,Rug looks like the boy from Ratatouille  😹😹😹,162,normal,0.9
1tHcW1z8dQY,acefamily,-0.1405088,low,"3 years later their pregnant with their third child, they have 18 million subs, they have an app AND they live in a MANSION",219,normal,0.9
1tHcW1z8dQY,acefamily,-0.1405088,low,Who else is watching when they have 17million subs💕💕 They've come a long way💞,1047,normal,0.9
1tHcW1z8dQY,acefamily,-0.1405088,low,"5:02 😂😂😂 ""you guys are heavy god damn""",135,timestamp,0.8
1tHcW1z8dQY,acefamily,-0.1405088,low,Who is here after baby Steel is born 🥰,198,normal,0.9
1tHcW1z8dQY,acefamily,-0.1405088,low,their reaction was soooooo cute,1112,normal,0.9
1tHcW1z8dQY,acefamily,-0.1405088,low,when Austin picked up Catherine😂 ellie was hanging on for dear life😂💘 love you guys❤❤,372,normal,0.9
1tHcW1z8dQY,acefamily,-0.1405088,low,who’s here after Steel is born?!?!,582,normal,0.9
1tHcW1z8dQY,acefamily,-0.1405088,low,Who else is watching when they have 17 million ACE FAMILY MEMBERS?! 😁😁,629,normal,0.9
1tHcW1z8dQY,acefamily,-0.1405088,low,"I think you guys hit 1 million so quick because you have the most adorable baby ever. And because like your intro says "" Someone told me, love only exsist in the movies, it doesn't exist in real life these days"". You guys prove that it can exsist in real life, so people gravitate towards that. hopefully this whole YouTube thing never gets in the way of your  relationship. Congrats on everything.",492,normal,0.9
1tHcW1z8dQY,acefamily,-0.1405088,low,"Who remembers when their channel was named Austin & Catherine and the intro was like a telenovela? They've come a long way, they deserve 1 mil & more❤️❤️",549,normal,0.9
1tHcW1z8dQY,acefamily,-0.1405088,low,lol they said fuck that stop sign,43,toxic,0.7
1tHcW1z8dQY,acefamily,-0.1405088,low,Who else is watching when now they have 17 millon,116,normal,0.9
1tHcW1z8dQY,acefamily,-0.1405088,low,whoever said that elle doesn't have friends is not true bc they are 2 mill of fans family,200,normal,0.8
1tHcW1z8dQY,acefamily,-0.1405088,low,Austin funny asf😭😭😭,77,normal,0.9
1tHcW1z8dQY,acefamily,-0.1405088,low,😂😂😂😂😂😭 Austin driving home from party city 😫😂😂😂,42,normal,0.9
1tHcW1z8dQY,acefamily,-0.1405088,low,Who’s here after Catherine’s interview on call her daddy?,5,normal,0.9
1tHcW1z8dQY,acefamily,-0.1405088,low,i’m sad,5,normal,0.7
1tHcW1z8dQY,acefamily,-0.1405088,low,Who's watching this when they have 18.9M ace family member's me1😜😝😁,64,normal,0.9
1tHcW1z8dQY,acefamily,-0.1405088,low,Who else is watching when they just had a baby boy,42,normal,0.9
1tHcW1z8dQY,acefamily,-0.1405088,low,Who else is here to see the old Catherine i mean when they had only Elle🥰 and now they family of 5 they so blessed ❤🙏🏻🥰 ily❤,42,normal,0.9
RsdGGeDWl_Q,acefamily,-0.14105122,low,What an incredible home! You guys definitely deserve a beautiful home!!,9937,normal,0.95
RsdGGeDWl_Q,acefamily,-0.14105122,low,Is it me or the energy even between them is different but in a good way!? Like it makes me happy to see them happy and such in a good place with their relationship/lives. I love the positive vibes that I have been getting from their videos recently.,2965,normal,0.9
RsdGGeDWl_Q,acefamily,-0.14105122,low,HEYYY ACE FAMILYYYY!!! BEYOND BLESSED TO BE ABLE TO SHARE THIS NEW CHAPTER WITH YOU ALL. THANK YOU FOR ALWAYS BEING THERE WITH US :),3228,normal,0.9
RsdGGeDWl_Q,acefamily,-0.14105122,low,As an OG ace family member who kinda had stopped watching ... it made me really happy to watch this showing them being raw and themselves and showing how they're messy and not perfect just like us. Hearing them clown eachother & cuss just makes me smile and reminds of of the old videos.,1940,normal,0.9
RsdGGeDWl_Q,acefamily,-0.14105122,low,*our new RENTAL tour* there i fixed it. 🙃,795,normal,0.85
RsdGGeDWl_Q,acefamily,-0.14105122,low,I’m getting the same vibe I had when I first started watching them and I’m loving it. I feel like they’re so much happier and they look so in love and I’m loving it,1641,normal,0.9
RsdGGeDWl_Q,acefamily,-0.14105122,low,"Is it just me… or do they seem SOOO much happier. In life and their relationship, they’re glowing. I feel like this has definitely taken away so much of their stress. Happy for y’all!",1580,normal,0.9
RsdGGeDWl_Q,acefamily,-0.14105122,low,"They must be deleting 99% of the comments. I’m getting chills reading these sappy comments, like wtf kind of copium are these people on??",158,toxic,0.8
RsdGGeDWl_Q,acefamily,-0.14105122,low,"This is the vibes we have been missing for the last few years. It’s so nice to see you guys so happy again, you and your family definitely deserve this happiness in life!",909,normal,0.9
RsdGGeDWl_Q,acefamily,-0.14105122,low,"This home feels hella warm compared to the previous. Less unnecessary space and more inviting, hope this home brings happiness and more success for y'all!",387,normal,0.9
RsdGGeDWl_Q,acefamily,-0.14105122,low,This home not being 100% yours I hope it gives you a sense of humility 😄,25,toxic,0.85
RsdGGeDWl_Q,acefamily,-0.14105122,low,I literally feel like the old ace family is back with so much happiness and you guys definitely deserve all the amazing things in this world ❤,1113,normal,0.9
RsdGGeDWl_Q,acefamily,-0.14105122,low,"This home is SO much more cozy and such a vibe. Everyone else sees it as a negative that you lost your other home, but God has bigger blessings in mind.",429,normal,0.9
RsdGGeDWl_Q,acefamily,-0.14105122,low,"This home looks so much more homey then the other one. I can tell you guys are so much more happy, I love it! Happy for you guys ❤️",889,normal,0.9
RsdGGeDWl_Q,acefamily,-0.14105122,low,When youre broke but have an image to keep,9,toxic,0.85
RsdGGeDWl_Q,acefamily,-0.14105122,low,someone on your team is reaaaal busy deleting comments 😂,38,toxic,0.8
RsdGGeDWl_Q,acefamily,-0.14105122,low,"This new home has such a warm, homely energy compared to the old home. Congratulations Catherine & Austin, it’s beautiful 💞",560,normal,0.9
RsdGGeDWl_Q,acefamily,-0.14105122,low,They look so happy and relaxed now. Is it just me? They seem in such a good place now in there new home. It’s so heartwarming to see them in a good place now xxxx,351,normal,0.9
RsdGGeDWl_Q,acefamily,-0.14105122,low,I literally can’t believe how much happier y’all seem just overall. For the last few years something has felt off I feel but recently it’s just so different in such a good way. It reminds me of why I started watching y’all’s videos to begin with❤️ @acefamily,2019,normal,0.9
RsdGGeDWl_Q,acefamily,-0.14105122,low,"This home is amazing!!!! I actually love it so much better then your old home. It fits you guys better, and it’s a lot more homey! And you can see you guys are actually happy in this home. For months I could see how unhappy you were in your old home you guys never filmed anymore. I’m excited for you guys and this new beginning.",743,normal,0.9
jxtC68PSsw4,acefamily,-0.14176437,low,Me watching this in 2025,39,normal,0.9
jxtC68PSsw4,acefamily,-0.14176437,low,Austin's dad gotta be my favorite person in this entire world hahahaha,832,normal,0.9
jxtC68PSsw4,acefamily,-0.14176437,low,""" A gift from me to myself"" Go Catherine!! 👏😂",422,normal,0.9
jxtC68PSsw4,acefamily,-0.14176437,low,Me watching this in 2023 🧍🏻‍♀️,7,normal,0.9
jxtC68PSsw4,acefamily,-0.14176437,low,""" It's not about how many the gifts are, it's how much the gift costs "" 😂😂😂👏",421,normal,0.9
jxtC68PSsw4,acefamily,-0.14176437,low,"""Its not about how many gifts there are its about how much the gift cost"" 😂😂😂 Austin's dad",64,normal,0.9
jxtC68PSsw4,acefamily,-0.14176437,low,At first I tought it was Ryan but it was Austin's dad lol,298,normal,0.9
jxtC68PSsw4,acefamily,-0.14176437,low,Make this blue if Elle is so cute.   👇🏿,317,normal,0.8
jxtC68PSsw4,acefamily,-0.14176437,low,"""But tbh I don't fuck with that santa, he tried to steal my Gucci shoes"" oh naw 💀😂",47,toxic,0.7
jxtC68PSsw4,acefamily,-0.14176437,low,Austin said “he don’t need gifts he need new feet”😂😂😂😂😂😂😂,186,normal,0.9
jxtC68PSsw4,acefamily,-0.14176437,low,"I love how Catherine said “for those who celebrate it”
Girl , respect ✊🏼!",221,normal,0.9
jxtC68PSsw4,acefamily,-0.14176437,low,"Dad: those are weapons 
Austin : real talk he don’t need gifts he need some new feet",62,normal,0.9
jxtC68PSsw4,acefamily,-0.14176437,low,"""Yo big ass can't fit in the chimney boy"" 😂😂😂",99,toxic,0.7
jxtC68PSsw4,acefamily,-0.14176437,low,Imma miss the ace family when they stop doing vloging everyday 😭😭,417,normal,0.9
jxtC68PSsw4,acefamily,-0.14176437,low,"4:40 come on Austin how can u not get a dog already, I think Elle is ready for a dog, her reaction is the cutest",163,timestamp,0.95
jxtC68PSsw4,acefamily,-0.14176437,low,"Catherine: I’m not pregnant guys

Week later gets pregnant 😂",93,normal,0.9
jxtC68PSsw4,acefamily,-0.14176437,low,“I was passin out gifts and I seen something no one should ever have to see”😂😂😂😂😂😂,152,normal,0.9
jxtC68PSsw4,acefamily,-0.14176437,low,Catherine is me ordering things for myself and wrapping it to open on Christmas 😂😂,345,normal,0.9
jxtC68PSsw4,acefamily,-0.14176437,low,"He don't need gifts, he need a new feet.😂😂😂😂😂",186,normal,0.9
jxtC68PSsw4,acefamily,-0.14176437,low,Anyone still watching 2024?,3,normal,0.9
RItR1fugq4c,acefamily,-0.14361586,low,"Elle is Soo much like Catherine , the way she express herself is Soo much like Catherine lol, who agrees",2858,normal,0.95
RItR1fugq4c,acefamily,-0.14361586,low,"When alaia gave Austin a hug after opening her gift, that was the cutest blesss 😭",1396,normal,0.95
RItR1fugq4c,acefamily,-0.14361586,low,Elle getting a Louis Vuitton purse “WHAT iN tHe WORLD is tHIIIIS” 😂,2366,normal,0.9
RItR1fugq4c,acefamily,-0.14361586,low,Alaia when she got her blanket ... “ Ima head out “ 😭✌🏽,354,normal,0.9
RItR1fugq4c,acefamily,-0.14361586,low,When Elle was more excited for a puzzle instead of a Louis Vuitton,2026,normal,0.9
RItR1fugq4c,acefamily,-0.14361586,low,These are some of the most educated kids I’ve ever seen. Now days everyone expects wealthy families kids to be bad but Elle and Alaia are so sweet and so appreciative,1639,normal,0.9
RItR1fugq4c,acefamily,-0.14361586,low,"When a 4 year old gets Luis Vuitton🤣
And likes a princess puzzle more",1176,normal,0.9
RItR1fugq4c,acefamily,-0.14361586,low,When Elle said “she got a purse too?!” Had me sent 😂,411,normal,0.9
RItR1fugq4c,acefamily,-0.14361586,low,I like how Catherine thinks about other children who can’t have toys for Christmas. I’m glad they have amazing mother like her who will teach them kindness.,2099,normal,0.9
RItR1fugq4c,acefamily,-0.14361586,low,It’s just so crazy hearing Elle talk and conversate with people.. she’s so grown omg 😭😭 I remember watching since she was like 8 months old 😭😭,978,normal,0.95
RItR1fugq4c,acefamily,-0.14361586,low,"Lai Lai is just like me: ‘don’t talk to me, i’ve just woken up.’",615,normal,0.9
RItR1fugq4c,acefamily,-0.14361586,low,Those kids got more presents than all the presents I received in life COMBINED,444,normal,0.9
RItR1fugq4c,acefamily,-0.14361586,low,lai lai hugging austin after opening her shoes was so wholesome,523,normal,0.9
RItR1fugq4c,acefamily,-0.14361586,low,Lai lai gives me middle child vibes for sure! She’s so fun and care free,411,normal,0.9
RItR1fugq4c,acefamily,-0.14361586,low,"Laïlaï melts my heart, she’s so precious and such a daddy’s girl it’s adorable. You have such beautiful children 🥺❤️",900,normal,0.9
RItR1fugq4c,acefamily,-0.14361586,low,"i know people are gonna say their children are spoiled, imma just go ahead and say that it’s their money. They are fortunate enough to be able to spoil their children because of their hard work.",267,normal,0.85
RItR1fugq4c,acefamily,-0.14361586,low,"Elle: “I’ve been wanting this for years!!”
Austin: “for years... your only 4”",594,normal,0.9
RItR1fugq4c,acefamily,-0.14361586,low,It's so satisfying watching people receiving gifts u can't afford,820,normal,0.85
RItR1fugq4c,acefamily,-0.14361586,low,I CANNOT believe how big Elle is I remember when she was just a baby!,244,normal,0.95
RItR1fugq4c,acefamily,-0.14361586,low,Alaia giving Austin a thank you hug after opening up the converse shoes was the CUTEST🥺♥️,539,normal,0.95
Zt0SM_evnes,acefamily,-0.14480779,low,"WE ARE BEYOND BLESSED TO HAVE YOU ALL APART OF OUR FAMILY, WE WILL BE EXPERIENCING A LOT THIS YEAR TOGETHER. IF YOU HAVEN'T ALREADY, TURN ON YOUR NOTIFICATIONS SO DON'T MISS OUT ON ANYTHING. WE LOVE YOU GUYS!",1768,normal,0.9
Zt0SM_evnes,acefamily,-0.14480779,low,"When Catherine and Austin thought it would take 1-2 years to save up for a house, but they blew up on YouTube and a couple months later they live in a mansion",322,normal,0.8
Zt0SM_evnes,acefamily,-0.14480779,low,“GOD WORKS IN MYSTERIOUS WAYS” OMG!!!! He didn’t allow you to buy that house because he knew you guys would get something better😭😭😭😭😭😭,572,normal,0.9
Zt0SM_evnes,acefamily,-0.14480779,low,Watching this when there huge new mansion is built -2019 😬,350,timestamp,0.7
Zt0SM_evnes,acefamily,-0.14480779,low,Still watching their old vlogs. miss this era sm 🥺❤️,77,normal,0.9
Zt0SM_evnes,acefamily,-0.14480779,low,Who else is watching all there old videos again,183,normal,0.9
Zt0SM_evnes,acefamily,-0.14480779,low,Im proud of them  they now recently live a huge beautiful house,307,normal,0.9
Zt0SM_evnes,acefamily,-0.14480779,low,OMG baby elle!!! She was so tiny and chubby😭,94,normal,0.9
Zt0SM_evnes,acefamily,-0.14480779,low,Who is watching this when they got their 10 million $ mansion October almost 2020,30,timestamp,0.7
Zt0SM_evnes,acefamily,-0.14480779,low,"I don't agree with allowing strangers into your home with a young baby. Your home is your privacy and safe space and Austin I know you have such a kind heart but you just don't know what people's motives are. It's okay to have that idea but in a public setting, not your home...that's your privacy. I'm just worried for your safety, Catherine's, and most importantly Elle's safety. ❤",141,concern,0.8
Zt0SM_evnes,acefamily,-0.14480779,low,watching this in 2025🎉🎉,5,timestamp,0.7
Zt0SM_evnes,acefamily,-0.14480779,low,This makes me soo sad 😢,15,normal,0.8
Zt0SM_evnes,acefamily,-0.14480779,low,I feel like almost every youtuber is moving lol,358,normal,0.8
Zt0SM_evnes,acefamily,-0.14480779,low,Who's here after steel is born,92,timestamp,0.7
Zt0SM_evnes,acefamily,-0.14480779,low,"I wanna cry 😭😭😭
They have come so far💖 
Love them ❤️",212,normal,0.9
Zt0SM_evnes,acefamily,-0.14480779,low,"I'm barely 20 and I can't wait to get out of my depression that I've been fighting for 5 years and anxiety for almost all my life, I already started by getting out of an abusive relationship that I was in for 4 years.. You guys just give me so much hope for everything, I deserve to be happy and have a man that loves me and respects me like Austin loves and respects Catherine. I'm really happy I found you guys.",47,normal,0.8
Zt0SM_evnes,acefamily,-0.14480779,low,"""You know how lighting really changes your mood?"" The truest line I've heard today!!",15,normal,0.9
Zt0SM_evnes,acefamily,-0.14480779,low,omg catherine's hair looks very nice,128,normal,0.9
Zt0SM_evnes,acefamily,-0.14480779,low,Catherines body is RIGHT already!!,49,normal,0.8
Zt0SM_evnes,acefamily,-0.14480779,low,God definitely knew what he was doing. Y’all didn’t get that house because he already knew y’all deserve the best. Now you have a home you love!! ❤️❤️❤️,18,normal,0.9
jlG5pkwCo5M,acefamily,-0.14570741,low,"THANK YOU FOR TAKING THE TIME TO WATCH OUR BASKETBALL CHARITY EVENT RECAP....
No matter how much more we attain in life with you support, the 2019 Ace Family event will always be a memorable night. A magical night that will forever live in our minds and hearts! Thank you ACE FAMILY for your support and on behalf of the Painted Turtle Camp, thank you for making it happen! We love you more than words can describe.

Catherine, Austin, Elle and Alaïa",29365,normal,0.9
jlG5pkwCo5M,acefamily,-0.14570741,low,Here after reading first 3 chapters of Catherine 's book just to relive what Catherine was feeling. Girl was so strong,3266,normal,0.9
jlG5pkwCo5M,acefamily,-0.14570741,low,Who’s here after reading the first three chapters of Catherine book? The way she explained it was amazing and I just needed to see,3512,normal,0.9
jlG5pkwCo5M,acefamily,-0.14570741,low,The way they both leave the arena is SO telling…Catherine genuinely showing raw emotion & utterly grateful for their supporters and Austin just there for an ego stroke.,1159,normal,0.9
jlG5pkwCo5M,acefamily,-0.14570741,low,When you read her book vs looking at these clips you could see the sadness in her eyes she was trying so hard to mask. No one noticed. 😢,728,normal,0.9
jlG5pkwCo5M,acefamily,-0.14570741,low,This is how many people like Catherines outfit,6565,normal,0.9
jlG5pkwCo5M,acefamily,-0.14570741,low,And who's here after reading the sample in Catherine's book ? 💔 Her description was so accurate. 😭,966,normal,0.9
jlG5pkwCo5M,acefamily,-0.14570741,low,"My great grandpa died today at age 103... Send a like for a prayer💔🙏

Wow... Ace family is the strongest family",10696,normal,0.9
jlG5pkwCo5M,acefamily,-0.14570741,low,Who knew 5 years later will be here to see the tragedy this video holds instead of how much we adored this time of the ace family as young kids/adults.,580,normal,0.9
jlG5pkwCo5M,acefamily,-0.14570741,low,"Austin was devastated when his NBA dream didn’t come true, now look where he’s at, A WHOLE STADIUM CHEERING FOR HIM.
Your plan  >
God’s plan >>>>>",2708,normal,0.9
jlG5pkwCo5M,acefamily,-0.14570741,low,okay but the camera man and the editor deserve all the credit.👏🏽,2450,normal,0.9
jlG5pkwCo5M,acefamily,-0.14570741,low,Here after reading the first chapter of her book. So heartbroken. Catherine is just amazing. ❤️,434,normal,0.9
jlG5pkwCo5M,acefamily,-0.14570741,low,"I love how Chris didn’t promote his album when Austin gave him the mic ! He promoted The Ace Family !! Much respect!


Thank you guys for all the likes !!!!!!",2156,normal,0.9
jlG5pkwCo5M,acefamily,-0.14570741,low,And we can all agree they Catherine’s outfit is on point,1813,normal,0.9
jlG5pkwCo5M,acefamily,-0.14570741,low,Awww when Catherine walked out she is so beautiful and an amazing mom and wife❤️,855,normal,0.9
jlG5pkwCo5M,acefamily,-0.14570741,low,So wild he didn’t want to walk out with her - insane. The ACE family wouldn’t have been what it became without her.,115,normal,0.9
jlG5pkwCo5M,acefamily,-0.14570741,low,"straight hair..... is catherine’s thing !! 😩😍 in general, she’s such a beautiful woman. 😩😩",1576,normal,0.9
jlG5pkwCo5M,acefamily,-0.14570741,low,hearing everyone says “hey ace family” and “what’s going on everybody” warms my hearttttt,564,normal,0.9
jlG5pkwCo5M,acefamily,-0.14570741,low,Who else has been there from the beginning from when Elle was like 5 or 6 moths old. Bc I was I have been there from the beginning,604,normal,0.9
jlG5pkwCo5M,acefamily,-0.14570741,low,“Can’t wait to go home and cuddle “ after finding out he invited his mistress IS INSANE,89,toxic,0.8
hYSZlrbEcpA,acefamily,-0.14766705,low,"THE FAMILY THAT HAS STAYED STRONG & AS ONE DESPITE ANYTHING. You guys are soo genuinely beautiful! I love to watch you guys, been watching since the over night in toys r us challenge & y’all give nothing but positive vibes. Wish I I could talk to Cathy one day.🥺",2277,normal,0.9
hYSZlrbEcpA,acefamily,-0.14766705,low,Who’s here after Catherine and Igor’s wedding ? 💒,103,normal,0.9
hYSZlrbEcpA,acefamily,-0.14766705,low,"I think the wedding should just be an intimate thing with family and close friends! We will definitely be able to see the vlog afterwards! A wedding is stressful as is, so just keep it an intimate thing so you guys and truly truly enjoy your day! ❤❤❤❤❤❤",3569,normal,0.9
hYSZlrbEcpA,acefamily,-0.14766705,low,Let the wedding be with family members and close friends. It's u guys special moment♥️,1491,normal,0.9
hYSZlrbEcpA,acefamily,-0.14766705,low,I’m here after Catherine announces her marriage to Igor 😅,13,normal,0.9
hYSZlrbEcpA,acefamily,-0.14766705,low,"Ok hear me out, I’m sure others would agree, why don’t you have your wedding at a venue you love, and livestream for us all. I feel it would be so cool to be there in person, but it’s not about us fans, it’s about YOU BOTH. so why not just livestream it when y’all have it at a special place, don’t accommodate your special special day to us, we will be happy with whatever ❤️❤️",2536,normal,0.9
hYSZlrbEcpA,acefamily,-0.14766705,low,"“In reality you got scammed”

Scammers",15,toxic,0.8
hYSZlrbEcpA,acefamily,-0.14766705,low,Who else thinks Catherine needs to make her own channel😍,1985,normal,0.9
hYSZlrbEcpA,acefamily,-0.14766705,low,That dislike bar starting to look like homies forehead.,6,toxic,0.7
hYSZlrbEcpA,acefamily,-0.14766705,low,"As much as all ace family members would love to be part of your wedding, we would also love for you two to celebrate in a more intimate way where just close friends and family are there to celebrate the love for you both ♥️ we’ll be here for the ride no matter what 💫 regardless this wedding will be epic and beautiful ✨💍",488,normal,0.9
hYSZlrbEcpA,acefamily,-0.14766705,low,"For the wedding let it just be family and friends, it’s a huge special moment for you both!",169,normal,0.9
hYSZlrbEcpA,acefamily,-0.14766705,low,I’m so happy for y’all.. I really think a wedding should be family and close friends..  a wedding is stressful as is.. y’all should enjoy that special day.. love you guys😘😘😘😗,599,normal,0.9
hYSZlrbEcpA,acefamily,-0.14766705,low,500$ OH NAHHAHHAH,6,normal,0.8
hYSZlrbEcpA,acefamily,-0.14766705,low,“Congratulations to everyone that is early and found this comment” 🏆,440,normal,0.9
hYSZlrbEcpA,acefamily,-0.14766705,low,Keep the wedding between you and the family! A wedding is a beautiful thing that you should enjoy within each other! My wedding was a super small wedding and it was beyond BEAUTIFUL because it was about just my husband and I!! The love between y’all would definitely be displayed in front of people who truly are for your marriage. 💗,634,normal,0.9
hYSZlrbEcpA,acefamily,-0.14766705,low,your ace fest dosent even have an address? Hard to believe it you are able to get a venue that big in that short period of time,33,toxic,0.7
hYSZlrbEcpA,acefamily,-0.14766705,low,Keep the wedding between you guys and your family it’s an intimate thing and we can see the vlog afterwards!! I love you guys so much!!! These places are beautiful ❤️❤️,160,normal,0.9
hYSZlrbEcpA,acefamily,-0.14766705,low,Definitely let the moment be surrounded with true genuine family and friends around and then Live stream for us cause I definitely wanna feel apart even at a distance! 💯🙌🏾❤️‍🔥,161,normal,0.9
hYSZlrbEcpA,acefamily,-0.14766705,low,Is this the wedding where all of the scammers come lmao,17,toxic,0.8
hYSZlrbEcpA,acefamily,-0.14766705,low,I thought they were already married.,36,normal,0.9
ftVk1xSWdaA,acefamily,-0.14900056,low,Just realised that Catherine is looking at Cathrine in the thumbnail.,256,normal,0.9
ftVk1xSWdaA,acefamily,-0.14900056,low,"Bird: Chirps
Austin: ""STOP YELLEING AT ME""
I'm dead 💀 lol 😂",101,normal,0.95
ftVk1xSWdaA,acefamily,-0.14900056,low,"I think at the end of vlogmas, everyone should come back to your house to take their stuff back, it would be so funny!",2745,normal,0.9
ftVk1xSWdaA,acefamily,-0.14900056,low,I knew he was in Logan Paul's house as soon as I saw that parrot ( I used to watch jake Paul and Logan Paul ),262,normal,0.85
ftVk1xSWdaA,acefamily,-0.14900056,low,"You should wake up in kylie jenner,s house",159,normal,0.9
ftVk1xSWdaA,acefamily,-0.14900056,low,"Catherine HAS to wake up at *Kylie Jenner’s!!*
Get those lip kits girl!!😂😂

Let’s be YouTube buddies! ❣️


$juliamfrank",141,normal,0.85
ftVk1xSWdaA,acefamily,-0.14900056,low,"You should wake up at your own house on Christmas and say, ""Finally!!""😂",92,normal,0.9
ftVk1xSWdaA,acefamily,-0.14900056,low,Austin be having too much fun in these intros 😂 he’s like a kid in a candy store lol. I knew it was Logan Paul house clearly cuz his name was all in the house 💀,61,normal,0.9
ftVk1xSWdaA,acefamily,-0.14900056,low,"Jeffree Star tweeted yesterday and said that he and Shane are waiting for you guys, PLEASE WAKE UP AT JEFFREE STAR AND SHANE'S HOUSES 😍😭",113,normal,0.85
ftVk1xSWdaA,acefamily,-0.14900056,low,"Catherine should wake up at Kylie Jenner’s house🥳
Like if you agree 🥰",75,normal,0.9
ftVk1xSWdaA,acefamily,-0.14900056,low,Austin should wake up in Kylie’s house next like if you agree,243,normal,0.9
ftVk1xSWdaA,acefamily,-0.14900056,low,"Omg when Logan found Austin, Austin was like *Let's go BIRDIE LETS GO LET'S GO* 😂😂😂",110,normal,0.9
ftVk1xSWdaA,acefamily,-0.14900056,low,austin should wake up at david dobrik’s house 😂💜,255,normal,0.9
ftVk1xSWdaA,acefamily,-0.14900056,low,"Omg can catherine wake up in kylie’s house , it would be the best !!!",226,normal,0.9
ftVk1xSWdaA,acefamily,-0.14900056,low,"*wake up at Kylie jenner’s house with elle or alaïa so they can be with stormi! Who else thinks it would be cute seeing them together? 😊😍* Who agrees ♠️💕
The ace family i spired us to create our channel 🎄 any support would be amazing ❤️",226,normal,0.9
ftVk1xSWdaA,acefamily,-0.14900056,low,"Austin : close your eyes Elle , 
Elle: ahhhh hell nawww 😂 

$ewsee this intros are too good , I hope I win next time 🙏🏼🙏🏼",124,normal,0.9
ftVk1xSWdaA,acefamily,-0.14900056,low,"I was so weak when he was talking about the turtle😂""why does your neck look like that, i feel so sorry for you""😂
3:58








And then hes like ""ooh is that a trampoline"" 4:06😂😭",83,timestamp,0.8
ftVk1xSWdaA,acefamily,-0.14900056,low,Catherine and Elle should wake up in Kylie’s house 👀😍 cashapp tag: shmariaaa,89,inappropriate,0.7
ftVk1xSWdaA,acefamily,-0.14900056,low,Who else started laughing when Austin started screaming because the Bird out of the cage,75,normal,0.9
ftVk1xSWdaA,acefamily,-0.14900056,low,When i heard that bird i new it was Maverick😂😂,77,normal,0.9
Q7KEjLW35IY,acefamily,-0.1492244,low,"Austin: ""They got a lot of toys here!""
Catherine: ""Well this is Toy's R us"" 😂",285,normal,0.95
Q7KEjLW35IY,acefamily,-0.1492244,low,"Austin : ""they got a lot of toys here. ""
Catherine : ""well this is toys r us ""
Me: 😂😂😂",40,normal,0.95
Q7KEjLW35IY,acefamily,-0.1492244,low,"“they got a lot of toys here”
“Well this is toy r us”😂😂😂😂💀",97,normal,0.95
Q7KEjLW35IY,acefamily,-0.1492244,low,I think Elle deserves a real puppy. Who Else Is Watch After Alaïa was born. Then give this comment a thumbs up 👍,186,normal,0.9
Q7KEjLW35IY,acefamily,-0.1492244,low,Elle is so beautiful like if u agree,807,normal,0.85
Q7KEjLW35IY,acefamily,-0.1492244,low,"Austin- ""they got a lot of toys in here"" Catherine- ""well this is ToysRUs 😂"" 😂😂😂",249,normal,0.95
Q7KEjLW35IY,acefamily,-0.1492244,low,I like the chef and how she has a sense of humor with that entrance she made 😂,115,normal,0.9
Q7KEjLW35IY,acefamily,-0.1492244,low,"The Chef is one of the most kindess, beautiful and funny person I have ever meet. I just wish I could meet her in person 😢.",170,normal,0.9
Q7KEjLW35IY,acefamily,-0.1492244,low,The chefs intro tho😂👌🏼,193,normal,0.9
Q7KEjLW35IY,acefamily,-0.1492244,low,The chef definitely is an ACE Family member best introduction I’ve ever seen 😂😂😂,31,normal,0.9
Q7KEjLW35IY,acefamily,-0.1492244,low,YAAAASSSSS Qween Touché👏👏 I can already tell I'm going to love her. The whole bit coming down the stairs to the song 'Milkshake'. She's THAT bitch. Welcome to the family TOUCHÉ!!❤❤,87,normal,0.7
Q7KEjLW35IY,acefamily,-0.1492244,low,"Austin~They got a lot of toys here

Catherine~Well this is ToysRus

Me~😂😂😂",96,normal,0.95
Q7KEjLW35IY,acefamily,-0.1492244,low,"""You're smart bebe that's why I married you "" 😂😂😂",38,normal,0.9
Q7KEjLW35IY,acefamily,-0.1492244,low,OMG GIVE HER A LITTLE REAL PUPPY,52,normal,0.9
Q7KEjLW35IY,acefamily,-0.1492244,low,Omg the chef was so extra when she first came out on camera I loved it though 😂😂,24,normal,0.9
Q7KEjLW35IY,acefamily,-0.1492244,low,"2:00 I died 😹😹😹😹. ""Well this is Toys R Us""",3,timestamp,0.8
Q7KEjLW35IY,acefamily,-0.1492244,low,YESSS get Elle a real puppy🙌🏼🙌🏼,36,normal,0.9
Q7KEjLW35IY,acefamily,-0.1492244,low,I really thought the chef was Austin coming down the stairs dancing 😂😂,16,normal,0.9
Q7KEjLW35IY,acefamily,-0.1492244,low,I’m weak on how the Chief came out lmao I already love her and I don’t even know her lol,36,normal,0.9
Q7KEjLW35IY,acefamily,-0.1492244,low,“Thats why I married you”😂😂😭😭,66,normal,0.9
0fa1kA5bnW4,acefamily,-0.1527243,low,How Elle fixed Alaïa’s head piece thing is sooo cuteeeee,744,normal,0.95
0fa1kA5bnW4,acefamily,-0.1527243,low,"Nobody:
Not a single soul:
Elle: screaming at the top of her lungs about her juice 🤣",470,normal,0.9
0fa1kA5bnW4,acefamily,-0.1527243,low,I had this idea we’re you guys should make a pack with all the flavors like a fruity mix pack so you can have the chance to try all flavors.,836,normal,0.9
0fa1kA5bnW4,acefamily,-0.1527243,low,Y’all should make a pack with all the different flavors. We don’t know what it tastes like lol,651,normal,0.9
0fa1kA5bnW4,acefamily,-0.1527243,low,Who else here just realized that catherine's gift to austin on his last birthday is literally their own juice?!🙋🏻,1457,normal,0.9
0fa1kA5bnW4,acefamily,-0.1527243,low,Out of everything I wouldn’t have expected them to release juice that’s very interesting,600,normal,0.85
0fa1kA5bnW4,acefamily,-0.1527243,low,"No one:
Everybody in the comments: tHe rAnDoM PeRsoN tHaT likEs ThiS wIl pOssiBlY bE a BillIoNairE",734,normal,0.8
0fa1kA5bnW4,acefamily,-0.1527243,low,“Youve never heard these flavors before”    “Cool blue freeze” 😂😂 cool blue is a gatorade flavor,296,normal,0.85
0fa1kA5bnW4,acefamily,-0.1527243,low,"Elle fixing Alaïa 's  cap by herself.

Observant and caring big sister.🥰",502,normal,0.95
0fa1kA5bnW4,acefamily,-0.1527243,low,"no one:
Logan: gotta cleanse my palate… i gotta cleanse my palate…",523,normal,0.9
0fa1kA5bnW4,acefamily,-0.1527243,low,"austin:”no one has ever seen this before”
people that work there:”am i a joke to you”

thank you for the likes ❤️",474,normal,0.9
0fa1kA5bnW4,acefamily,-0.1527243,low,who's gonna tell him that there's such thing as watermelon fruit punch,173,normal,0.85
0fa1kA5bnW4,acefamily,-0.1527243,low,You guys should put it in grocery stores! It’ll be easier for some people you who can’t get it on your site,432,normal,0.9
0fa1kA5bnW4,acefamily,-0.1527243,low,"They went from an apartment to a huge mansion in the space of 3 years . I wish the same to you ❤️ love and success . I know I need some blessings with my new channel, I have a long way to go🥰",397,normal,0.9
0fa1kA5bnW4,acefamily,-0.1527243,low,Elle actually realizing how crazy her life is,192,normal,0.85
0fa1kA5bnW4,acefamily,-0.1527243,low,"Maybe if I was a die hard fan............... even then, it still wouldn’t make sense to buy the juice if Arizona tea is $.99 lol",183,normal,0.85
0fa1kA5bnW4,acefamily,-0.1527243,low,"“she’s good, we love her”
-James Charles 2020",400,normal,0.8
0fa1kA5bnW4,acefamily,-0.1527243,low,*Let's see how many people were here when Elle was a single baby*,2548,normal,0.8
0fa1kA5bnW4,acefamily,-0.1527243,low,What happened to the volume mid way I thought my headphones were broken,385,normal,0.85
0fa1kA5bnW4,acefamily,-0.1527243,low,LMFAO James at the end “oh NO I’m sending YOU the invoice sister I don’t know what you’re thinking” 😂😂😂😂,21,normal,0.9
V0eyIW4Yd7Q,acefamily,-0.15745232,low,"I'm not gonna lie, I like the care free Catherine. Catherine is unapologetically doing and saying what she wants and I love it",2739,normal,0.95
V0eyIW4Yd7Q,acefamily,-0.15745232,low,"This proves that bigger is not always better. They found the perfect size home for their family. Something that not only brings them joy but also contentment. 
Don’t strive for things that you think will make you feel and others feel “you made it”. The grass isn’t always greener where you decide to plant it. And sometimes the simpler things is all you need. 
Happy for them! ❤",1930,normal,0.9
V0eyIW4Yd7Q,acefamily,-0.15745232,low,3 months later: “hey ace family! we’re moving!!”,484,normal,0.85
V0eyIW4Yd7Q,acefamily,-0.15745232,low,"These videos feel nostalgic, whose here in September 2025",13,normal,0.9
V0eyIW4Yd7Q,acefamily,-0.15745232,low,Catherine is literally just so happy now 😊 I love it. Been here since first apartment :),785,normal,0.95
V0eyIW4Yd7Q,acefamily,-0.15745232,low,This video is so original,612,normal,0.9
V0eyIW4Yd7Q,acefamily,-0.15745232,low,Austin’s humor forever makes every video 10xs better 😂,824,normal,0.9
V0eyIW4Yd7Q,acefamily,-0.15745232,low,'First time I feel like it's a home' she says that's every time they move 😂😂😂😂😂😂,15,normal,0.9
V0eyIW4Yd7Q,acefamily,-0.15745232,low,"I like how he keeps saying ""cozy"" you mean SMALL????!!! 😅",14,normal,0.85
V0eyIW4Yd7Q,acefamily,-0.15745232,low,"Hearing Catherine so happy and laughing, is so cute 🥲",17,normal,0.95
V0eyIW4Yd7Q,acefamily,-0.15745232,low,I bet they will be moving out in 5 months,152,normal,0.85
V0eyIW4Yd7Q,acefamily,-0.15745232,low,I love how closed and comfy this home feels. It’s not tooooo big and just open space and this one is just perfect space. Enough space but not so open either! Y’all seem so happy!,433,normal,0.9
V0eyIW4Yd7Q,acefamily,-0.15745232,low,"Catherine looks soo much better! No stress, happy! You can see it! When you get older & having kids, priorities change. Its that down to Earth, homey feel! Its the settling in phase they both have reached & achieved. Moving is hard on the kids & changing schools. This will be perfect to stay put! Congrats!",380,normal,0.9
V0eyIW4Yd7Q,acefamily,-0.15745232,low,"This video is the first video in awhile I feel, where they are both so happy and truly content with where they are. It’s so good to see them with big smiles and laughing. Which of course we will always be with them for sad or bad times too, but to see them joke with each other is so good!!! Loved this real and raw videos. I can just see the good vibes",204,normal,0.9
V0eyIW4Yd7Q,acefamily,-0.15745232,low,"They’ve laughed more than any other videos I’ve seen recently, reminds me of your first videos, I hope you guys are truly happy",51,normal,0.9
V0eyIW4Yd7Q,acefamily,-0.15745232,low,Glad to see them finally living in their means. It’s way smaller but I bet they will be much happier,53,normal,0.9
V0eyIW4Yd7Q,acefamily,-0.15745232,low,Don’t think I’ve seen Catherine laugh so much! ❤,94,normal,0.95
V0eyIW4Yd7Q,acefamily,-0.15745232,low,When life humbles you Type of vibe.,8,normal,0.85
V0eyIW4Yd7Q,acefamily,-0.15745232,low,"it‘s never gonna be a ,,forever home“😂😂",4,normal,0.85
V0eyIW4Yd7Q,acefamily,-0.15745232,low,We’re getting back to the ACE family that all of us fell in love with watching ❤️,20,normal,0.9
5BbUyyxXKC0,acefamily,-0.15879518,low,"""Aww he look like a oreo cookie"" 
""Aww he look like a raisin""
""Aww.. uh.... he looks a bit rough""
""Aww you look like an alien"" 
""Look like ET""
😂😂😂",73,normal,0.9
5BbUyyxXKC0,acefamily,-0.15879518,low,"""Awwww he look like a oreo cookie""
""Aw he look like a raisin""
""Awww look at him he look like a alien"" lol i died at all of these",289,normal,0.9
5BbUyyxXKC0,acefamily,-0.15879518,low,The way Elle looks at her dad at 0:18 😍😭,38,timestamp,0.95
5BbUyyxXKC0,acefamily,-0.15879518,low,"Catherine’s singing is so adorable, love her😍💕",330,normal,0.95
5BbUyyxXKC0,acefamily,-0.15879518,low,"It's better to get a puppy that will get bigger because it will create a bond with princess Elle and later on, the dog will end up protecting her and it will be better in the end",881,normal,0.85
5BbUyyxXKC0,acefamily,-0.15879518,low,8:17 Austin 😂😂😂😂😂😂,101,timestamp,0.95
5BbUyyxXKC0,acefamily,-0.15879518,low,OMG! I died when Austin tried singing in Spanish 😂😭,493,normal,0.9
5BbUyyxXKC0,acefamily,-0.15879518,low,Catherine can sing so well💕❤💗💞.,189,normal,0.95
5BbUyyxXKC0,acefamily,-0.15879518,low,"ACE FAMILY DON'T FORGET TO TURN ON YOUR POST NOTIFICATIONS TO GET A SHOUT OUT. AND DON'T BE AFRAID TO INVITE MEMBERS TO THE FAMILY, WE LOVE YOU GUYS!!!",2077,normal,0.9
5BbUyyxXKC0,acefamily,-0.15879518,low,How does Elle make a face at austin's drink but not when eating a lemon lmao,145,normal,0.9
5BbUyyxXKC0,acefamily,-0.15879518,low,6:38  GOT MY HEART ALL THE WAY.  ❤😍✨💍,78,timestamp,0.95
5BbUyyxXKC0,acefamily,-0.15879518,low,7:56 Catherine’s voice😍❤️✨,26,timestamp,0.95
5BbUyyxXKC0,acefamily,-0.15879518,low,I'm from the future and they still haven't got a puppy:(,718,normal,0.85
5BbUyyxXKC0,acefamily,-0.15879518,low,Elle's face when she tried the smoothie or drink the first time soo cuteee ❤😍,54,normal,0.9
5BbUyyxXKC0,acefamily,-0.15879518,low,Elle can I ask you somehting.. Why you so cute ?? 😕😕,499,normal,0.9
5BbUyyxXKC0,acefamily,-0.15879518,low,lol austin’s face at 7:51 😂🤣 by the way catherine has a beautiful voice!,76,timestamp,0.95
5BbUyyxXKC0,acefamily,-0.15879518,low,When Catherine was singing the song Todo Cambio by Camila 😩😍,77,normal,0.9
5BbUyyxXKC0,acefamily,-0.15879518,low,"ACE family! It's really important to adopt, not shop to avoid puppy mills and save an animal from being euthanized! Much support to your family, I  hope you take this into consideration :) ❤️",69,normal,0.9
5BbUyyxXKC0,acefamily,-0.15879518,low,It's so sad how the puppy's never get adopted I cried watching this video I want all the dogs,567,normal,0.9
5BbUyyxXKC0,acefamily,-0.15879518,low,"This video makes me so sad because those puppies come from bad places, mostly mills where they are kept in really bad conditions and many of those puppies are taken away from their mothers before they should be",234,normal,0.9
fcz31UkJk4k,acefamily,-0.15981948,low,catherine really needs to have her own channel to talk about self care and mommy life something for herself,2148,normal,0.9
fcz31UkJk4k,acefamily,-0.15981948,low,I love when Catherine talks solo. Its weird because i feel like it’s “sister talk”,2544,normal,0.9
fcz31UkJk4k,acefamily,-0.15981948,low,"catherine should make her own channel just talking about stuff like her clothes, organization and just life tips in general because it seems like she really enjoys talking about that kind of stuff!",686,normal,0.9
fcz31UkJk4k,acefamily,-0.15981948,low,I like how simple Catherine is.,310,normal,0.9
fcz31UkJk4k,acefamily,-0.15981948,low,"No offence to Austin but I would really like to see Catherine having her own channel where she can talk about life her beliefs, skincare , woman stuff or just anything in general! The ace family’s videos are starting get a little bit like “click-baited” in a sort of way. And they are kind of exaggerating the titles. I feel like Catherine is a very genuine person, I read her Snapchat stories and see the things she posts and I would love to find out more about HER life! Not the kids, not Austin’s but hers! (I love the kids and Austin don’t get me wrong haha!) She just seems so interesting like I’m so interested in everything she likes and stuff! 




But also! Stop click baiting this video had NOTHING to do with the ace family house! Like wtf be more honest with your FANS and make videos that aren’t clickbaiting to get more money.",4298,normal,0.9
fcz31UkJk4k,acefamily,-0.15981948,low,Steel  is a hybrid  between  Austin and  Catherine ... I  see Catherine  and  Austin  in him simultaneously,487,normal,0.9
fcz31UkJk4k,acefamily,-0.15981948,low,It was funny how elle just went up and slapped Catherine’s butt during the workout,979,normal,0.7
fcz31UkJk4k,acefamily,-0.15981948,low,catherine needs her own channel!!! she’s so calming and could give mommy tips too!,386,normal,0.9
fcz31UkJk4k,acefamily,-0.15981948,low,May God bless the 1% of people that see this and their parents,397,normal,0.8
fcz31UkJk4k,acefamily,-0.15981948,low,I want Catherine to ignore Austin one day as a prank to see his reaction. Prank wars!!:),964,normal,0.8
fcz31UkJk4k,acefamily,-0.15981948,low,"The more I see Steel, the more he looks like Alaïa when she was a few months old! Does anyone else see it, or is it just me?",380,normal,0.9
fcz31UkJk4k,acefamily,-0.15981948,low,We’re just here for Catherine and the kids 🤷🏾‍♀️,508,normal,0.9
fcz31UkJk4k,acefamily,-0.15981948,low,Lets see how many people were here since Elle was a single child?,735,normal,0.8
fcz31UkJk4k,acefamily,-0.15981948,low,"I really wish Catherine had her own channel , I would watch her all the time. I loveee her energy and vibe ✨🧚🏽‍♀️🦋🦋",522,normal,0.9
fcz31UkJk4k,acefamily,-0.15981948,low,catherine has to be her own channel   i love to listen to her   speaks very calmly and magically,271,normal,0.9
fcz31UkJk4k,acefamily,-0.15981948,low,It should be catherine with her kids vlog without austin lmao,358,toxic,0.7
fcz31UkJk4k,acefamily,-0.15981948,low,"Catherine needs to get her own channel where it’s just her, and she talks about skincare, clothes, make up and whatever she wants to share and talk about!  Her voice is so calming, and I love listening to her talk about stuff that interest her :)",243,normal,0.9
fcz31UkJk4k,acefamily,-0.15981948,low,Who thinks Steel and Alaïa look so much alike? They could act like siblings and I wouldn’t even know!,371,normal,0.9
fcz31UkJk4k,acefamily,-0.15981948,low,"Steel is alaia's twin
Anyone agree??? 🙈🙈



Tysm guys this is the most likes i ever got😍😍🥰",1131,normal,0.9
fcz31UkJk4k,acefamily,-0.15981948,low,Austin is literally so annoying and i used to be obsessed with them but hes so rude to Catherine like she needs her own channel. I love youuu Catherine,464,toxic,0.8
HU4VDjLRc8c,acefamily,-0.16462384,low,I'm glad Catherine put it out to those people that don't understand that a relationship is not perfect... Catherine is an amazing role model and Elle is lucky to have her as a mom ❤,192,normal,0.9
HU4VDjLRc8c,acefamily,-0.16462384,low,“She thirsty ugh....I got a thirsty daughter...”-Austin 😂😂😂😂😂😂😂😂💀💀💀💀😭👏🏼👏🏼👏🏼ded af 😂😂😂❤️,52,normal,0.8
HU4VDjLRc8c,acefamily,-0.16462384,low,"""she thirsty , i got a thirsty daughter "" LMAOOOOOOOOOOOOOOOOOOO",46,normal,0.8
HU4VDjLRc8c,acefamily,-0.16462384,low,& now they’re getting divorced..,20,normal,0.9
HU4VDjLRc8c,acefamily,-0.16462384,low,"""There's times when I hate this women, but at the same time I fucking love this women"" lol ❤ You should put that in your speech for your wedding Austin 😂 and y'all made me cry all over again with your proposal, simply beautiful!",112,normal,0.7
HU4VDjLRc8c,acefamily,-0.16462384,low,AND CATHERINE IS PREGNANT NOW. OMG CONGRATULATIONS!!! <3,407,normal,0.9
HU4VDjLRc8c,acefamily,-0.16462384,low,"""She's thirsty for boys like you were thirsty for me""- Austin Mcbroom 2k18",64,normal,0.7
HU4VDjLRc8c,acefamily,-0.16462384,low,It’s so cool how Elle kept saying baby and Catherine was pregnant and she didn’t know,210,normal,0.9
HU4VDjLRc8c,acefamily,-0.16462384,low,"I love how he calls Catherine his queen and Elle his Princess , that’s so cute 😊",299,normal,0.9
HU4VDjLRc8c,acefamily,-0.16462384,low,"Austin:”What’s your last name” 
Catherine: “Mcbroom” 
😂😂❤️❤️",54,normal,0.9
HU4VDjLRc8c,acefamily,-0.16462384,low,"""I got a thirsty daughter"" 😂😂😂😂💗",69,normal,0.8
HU4VDjLRc8c,acefamily,-0.16462384,low,Here after their “We got married” video.,69,normal,0.9
HU4VDjLRc8c,acefamily,-0.16462384,low,I find it so funny when Austin forgets to edit out parts he repeats himself,1223,normal,0.8
HU4VDjLRc8c,acefamily,-0.16462384,low,When Elle has better outfits than you..,133,normal,0.8
HU4VDjLRc8c,acefamily,-0.16462384,low,I feel like Elle is gonna get a man before me. The way she be chasing boys lmao😂😂😭,407,normal,0.7
HU4VDjLRc8c,acefamily,-0.16462384,low,But little did she know she was already pregnant for 11 days 😍😍,134,normal,0.9
HU4VDjLRc8c,acefamily,-0.16462384,low,Little did Catherine know she was already pregnant 🤰🏽 during this video 😂,458,normal,0.9
HU4VDjLRc8c,acefamily,-0.16462384,low,“She is thirsty ew...I got a thirsty daughter”😂Austin need to quit it,88,normal,0.8
HU4VDjLRc8c,acefamily,-0.16462384,low,I’m surprised “hey ace family” wasn’t Elle’s first words 😂😂😂,57,normal,0.8
HU4VDjLRc8c,acefamily,-0.16462384,low,"the way catherine screams, "" aUsTiN "" is literally so cute and i wish the best for them <3",36,normal,0.9
eqL0I1ZW_c0,acefamily,-0.16711424,low,if Catherine made her own channel about beauty etc I would totally watch it,1801,normal,0.9
eqL0I1ZW_c0,acefamily,-0.16711424,low,"Austin “it’s so nice to walk from the fitness room to the master bedroom”

Me: “it’s so nice walking from my fridge to my couch”",2555,normal,0.9
eqL0I1ZW_c0,acefamily,-0.16711424,low,"This is how many people wants the official house tour in the next video!😩
👇🏻👇🏻👇🏻",3316,normal,0.9
eqL0I1ZW_c0,acefamily,-0.16711424,low,Their bed is bigger than my whole room literally,1131,normal,0.9
eqL0I1ZW_c0,acefamily,-0.16711424,low,I have actually never seen anyone swim the way Austin does 😂,1299,normal,0.9
eqL0I1ZW_c0,acefamily,-0.16711424,low,"So cute they nicknamed alaia, “lay lay” 🥺",874,normal,0.9
eqL0I1ZW_c0,acefamily,-0.16711424,low,"I was so happy when Catherine won the rock, paper, scissor.😂♥️",832,normal,0.9
eqL0I1ZW_c0,acefamily,-0.16711424,low,Elle go end up being a model or actresses I Can see it ☺ come back to this comment 20 years later,298,normal,0.9
eqL0I1ZW_c0,acefamily,-0.16711424,low,that awkward moment when their swimming pool is as big as my house,1373,normal,0.9
eqL0I1ZW_c0,acefamily,-0.16711424,low,when ur so rich u take 10 minutes to walk from one room to another,757,normal,0.9
eqL0I1ZW_c0,acefamily,-0.16711424,low,Like if y’all can’t wait too see there home decorated when it’s CHRISTMAS TIME🎄,843,normal,0.9
eqL0I1ZW_c0,acefamily,-0.16711424,low,These guys are rich asf it isn’t even realistic ! Damn,695,normal,0.9
eqL0I1ZW_c0,acefamily,-0.16711424,low,When ur house is the size of their pool😂🤧,1525,normal,0.9
eqL0I1ZW_c0,acefamily,-0.16711424,low,"13:15 did y’all saw Elle’s abs wooooooow

Like so I don’t disappear",602,timestamp,0.95
eqL0I1ZW_c0,acefamily,-0.16711424,low,"I literally still remember when they were in their apartment, they grew so much.",312,normal,0.9
eqL0I1ZW_c0,acefamily,-0.16711424,low,You should put rails around the pool for safety,637,concern,0.85
eqL0I1ZW_c0,acefamily,-0.16711424,low,"""Instead of having to go all the way downstairs"" lol the struggles when you're rich",394,normal,0.9
eqL0I1ZW_c0,acefamily,-0.16711424,low,I just realised that elle looks like catherine so much,713,normal,0.9
eqL0I1ZW_c0,acefamily,-0.16711424,low,"u can do 2 house tours...one with not everything furnished and then the next one with everything furnished..






like if u agree",442,normal,0.9
eqL0I1ZW_c0,acefamily,-0.16711424,low,Who has been watching them since they were in their apartment ME❤😭❤,366,normal,0.9
JgCpegIg4d8,acefamily,-0.16717088,low,"When Elle got older, she'll realize that how caring and loving her parents was. She's the most luckiest girl in the world. I wuv u <3",627,normal,0.95
JgCpegIg4d8,acefamily,-0.16717088,low,I really thought y'all were going to a real party 😂😂,2598,normal,0.9
JgCpegIg4d8,acefamily,-0.16717088,low,OMG! Elle is so cute! Like if you agree,2465,normal,0.9
JgCpegIg4d8,acefamily,-0.16717088,low,Elle is the most beautiful baby girl in the world,1143,normal,0.9
JgCpegIg4d8,acefamily,-0.16717088,low,Elle is going to be so beautiful when she's older,526,normal,0.9
JgCpegIg4d8,acefamily,-0.16717088,low,"is anyone else watching in 2018😭🧡
I love rewatching videos😚😚❤️",437,normal,0.85
JgCpegIg4d8,acefamily,-0.16717088,low,"This is how many times Austin said ""Hey Ace Family""

🔽",221,timestamp,0.7
JgCpegIg4d8,acefamily,-0.16717088,low,Is someone here watching when steel Macbroom is born? 1 like 1 yes,273,normal,0.8
JgCpegIg4d8,acefamily,-0.16717088,low,OMG!!! Elle is literally the cutest baby on 🌎 like if u agree,256,normal,0.9
JgCpegIg4d8,acefamily,-0.16717088,low,Elle In the Thumbnail Was the Cutest! ^-^,265,normal,0.9
JgCpegIg4d8,acefamily,-0.16717088,low,That was the party omg they spent money just to dance in front of a camera just for us. Awwww,127,normal,0.85
JgCpegIg4d8,acefamily,-0.16717088,low,Anyone here after ace family got to know they are having a son,135,normal,0.8
JgCpegIg4d8,acefamily,-0.16717088,low,Who else thinks Catherine slayyyysss  everday💗💍,923,normal,0.85
JgCpegIg4d8,acefamily,-0.16717088,low,yessss now that you have the vanity with bomb lighting please film your everyday makeup/go to looks! all in favor say i lol,273,normal,0.85
JgCpegIg4d8,acefamily,-0.16717088,low,I miss these they looked so natural,72,normal,0.85
JgCpegIg4d8,acefamily,-0.16717088,low,6:17 Elle is so smart when Austin has the nerf gun😂she’s adorable,564,timestamp,0.8
JgCpegIg4d8,acefamily,-0.16717088,low,"Who ever reads this comment I hope you have a blessed day, and if you have had a rough day it gets better. Seek the Lord! IT'S A TOUGH DAY, NOT A TOUGH LIFE!",199,normal,0.9
JgCpegIg4d8,acefamily,-0.16717088,low,I thought you were legit going to a party😂,827,normal,0.9
JgCpegIg4d8,acefamily,-0.16717088,low,Elle is like her dada😍😍😍so cute,199,normal,0.9
JgCpegIg4d8,acefamily,-0.16717088,low,"Elle=cut ie
Austin=dreamer
Catherine=his world
Family=perfection 😍",156,normal,0.9
BaBic2r0eos,acefamily,-0.17057163,low,"I'm an ace family member!!💗💗like if you are too!
   Omg thank u guys for so many likes",190,normal,0.9
BaBic2r0eos,acefamily,-0.17057163,low,the word is coming out.,72,normal,0.7
BaBic2r0eos,acefamily,-0.17057163,low,Thumbs up if your an ACE family member ♠️💞👍🏼,50,normal,0.9
BaBic2r0eos,acefamily,-0.17057163,low,People in LA you lucky as hell 😭,373,normal,0.8
BaBic2r0eos,acefamily,-0.17057163,low,Missing old ace fam videos☹️wanna see more elle scenes...pranks...and everything....,107,normal,0.85
BaBic2r0eos,acefamily,-0.17057163,low,Lmaooo that passive aggressiveness tho 😂 A good person wouldn’t show off & tell the world  about the good deeds they’ve done. They do it lowkey. Stay humble y’all.,73,toxic,0.8
BaBic2r0eos,acefamily,-0.17057163,low,"I was always proud of you guys till now, you talk about positivity and making the world a better place, yet your out here doing the opposite.",114,concern,0.85
BaBic2r0eos,acefamily,-0.17057163,low,Omg when he slapped the camera I screamed 😂 I’m literally dead Austin is so funny lol,39,normal,0.9
BaBic2r0eos,acefamily,-0.17057163,low,I am so confused and I don’t even know how I feel about Austin and Catherine anymore😔,135,concern,0.8
BaBic2r0eos,acefamily,-0.17057163,low,Y’all better explain yourself before it gets worse,48,concern,0.8
BaBic2r0eos,acefamily,-0.17057163,low,"The fact that Austin is so mad that the truth is finally coming out 😂 just look at his face when he’s giving that “ace family members vs ace family watchers” weak ass speech, he looked so triggered 💀",119,toxic,0.75
BaBic2r0eos,acefamily,-0.17057163,low,Everyone who hates on the ace family there actually helping them with views,112,normal,0.85
BaBic2r0eos,acefamily,-0.17057163,low,Damn. Makes me wonder why Chef Touche really left.,175,concern,0.7
BaBic2r0eos,acefamily,-0.17057163,low,"It just sucks because I really loved them like crazy and supported their positivity. I believed they were amazing people and never participated in drama, but they do things lowkey. It’s hard to continue to believe what they portray themselves to be with all these rumours, there’s just too many for them to be fake rumours. 🤷🏾‍♀️",34,concern,0.85
BaBic2r0eos,acefamily,-0.17057163,low,Where is princess/mini bebe? :(,93,concern,0.8
BaBic2r0eos,acefamily,-0.17057163,low,"I'm a new Ace family member.. During this quarantine, I've been watching their videos from the beginning and still trying to catch up :)",15,normal,0.9
BaBic2r0eos,acefamily,-0.17057163,low,this video proves how strong the ace family army is 💪🏻❤️♠️,30,normal,0.9
BaBic2r0eos,acefamily,-0.17057163,low,Who else just comes for Elle ? 😕❤️and get sad when she’s not in a video?,25,normal,0.85
BaBic2r0eos,acefamily,-0.17057163,low,"Ace Family, I love you guys. I really do. But you guys should really take the time to make things right. It's not enough to say you you stay away from drama and negativity. Save your reputation before it's too late. Apologize and right your wrongs. Set a good example for Elle and her sister. They are watching you...",44,concern,0.85
BaBic2r0eos,acefamily,-0.17057163,low,This is exactly why I love The ACE Family.,9,normal,0.9
lKFF7wtE2vU,acefamily,-0.17219746,low,"1 year later: “We never got privacy in our mansion, so we’re building a house in Mars.”",3464,normal,0.9
lKFF7wtE2vU,acefamily,-0.17219746,low,The intro makes me think it’s a documentary of people who died.,2163,normal,0.8
lKFF7wtE2vU,acefamily,-0.17219746,low,RIP to everyone who died in New Zealand,490,normal,0.7
lKFF7wtE2vU,acefamily,-0.17219746,low,That’s not a house... it’s a high school 🤦‍♂️,1371,toxic,0.6
lKFF7wtE2vU,acefamily,-0.17219746,low,damn they combined the houses.. i can barely buy something from mcdonalds,2362,normal,0.9
lKFF7wtE2vU,acefamily,-0.17219746,low,Pretty sure Elle would be lost 80% of the time.,2346,normal,0.8
lKFF7wtE2vU,acefamily,-0.17219746,low,This is a true definition of a couple that grows and glow together,609,normal,0.9
lKFF7wtE2vU,acefamily,-0.17219746,low,"No one:
Ace family: We combined 2 huge houses together",604,normal,0.9
lKFF7wtE2vU,acefamily,-0.17219746,low,I haven’t heard “HEYY ACE FAMILYYYY” in a very long time,448,normal,0.9
lKFF7wtE2vU,acefamily,-0.17219746,low,"This house is bigger than my school

Not even joking",2632,normal,0.9
lKFF7wtE2vU,acefamily,-0.17219746,low,"Catherine : We want privacy 

ALSO Catherine : I wish everyone could just come over and just help us pack",528,normal,0.8
lKFF7wtE2vU,acefamily,-0.17219746,low,mannn that’s a lottt of cleaning 😅,662,normal,0.9
lKFF7wtE2vU,acefamily,-0.17219746,low,OHH SHITT THEIR WHOLE BALCONY IS THE SAME SIZE AS MY HOUSE INCLUDING THE BACKYARD,559,normal,0.9
lKFF7wtE2vU,acefamily,-0.17219746,low,"I honestly miss their vlogs. Honestly 😭 just the vlogs. And the pranks, the family and friends 😭",581,normal,0.9
lKFF7wtE2vU,acefamily,-0.17219746,low,RIP to everyone who died in Mozambique and Malawi. Please pray for these countries🙏❤,375,normal,0.8
lKFF7wtE2vU,acefamily,-0.17219746,low,Just wait for the house tour its going to be 50 minutes long,1050,normal,0.9
lKFF7wtE2vU,acefamily,-0.17219746,low,"I really hope idiots don't try to scavenge this place out, they deserve the respect & privacy come on",591,concern,0.7
lKFF7wtE2vU,acefamily,-0.17219746,low,Someone could live in their house & they wouldn’t even know 😂,405,normal,0.9
lKFF7wtE2vU,acefamily,-0.17219746,low,"Now I understand why the old house was never fully furnished. Their bedroom looked so bare, no decoration. They were keeping it for this house wow. Everything makes so much sense",222,normal,0.9
lKFF7wtE2vU,acefamily,-0.17219746,low,"ace family: we need privacy


shows the outside of the houses.",328,concern,0.8
TjYTwVpg5jQ,acefamily,-0.17241305,low,Valentina is so sweet and adorable,3137,normal,0.9
TjYTwVpg5jQ,acefamily,-0.17241305,low,"I just wanna give Valentina a hug. She just had to watch Elle open the presents, I mean, she did get a lot but not as much as Elle 💔❤️ (edit: stop replying to this it’s nearly been 2 years, idk why i still get notifications from this lmfao)",10267,concern,0.8
TjYTwVpg5jQ,acefamily,-0.17241305,low,who else felt hella bad for valentina ???? dude she was so appreciative of the few gifts she got awe,396,concern,0.85
TjYTwVpg5jQ,acefamily,-0.17241305,low,Catherine literally said “ which ones that” like they gave Valentina loads of presents,294,concern,0.8
TjYTwVpg5jQ,acefamily,-0.17241305,low,"The fact that Catherine only said that one line to her OWN little sister and got her 1 gift with all the money they be making is just sad, I feel bad for Valentina just watching Elle open all her gifts but at least she was grateful, much love Valentina😭♥️",241,concern,0.85
TjYTwVpg5jQ,acefamily,-0.17241305,low,They got the baby that clearly doesn't need shoes instead of Catherines sister who clearly needs some. That just shows.....,438,concern,0.8
TjYTwVpg5jQ,acefamily,-0.17241305,low,Ok cute but why is she cold to her own sister poor her 😂😂😂😂,4099,concern,0.75
TjYTwVpg5jQ,acefamily,-0.17241305,low,What pisses me off the most is they didn't even to bother to wrap her toys.,721,concern,0.8
TjYTwVpg5jQ,acefamily,-0.17241305,low,"oh... Valentina barely got anything. And she was still so happy,",594,normal,0.7
TjYTwVpg5jQ,acefamily,-0.17241305,low,"Valentina would grow up to be a strong successful polite lady, the way she handled the heartbreak... and his daughter may become the biggest diva ever... people need to control the situation...",918,normal,0.8
TjYTwVpg5jQ,acefamily,-0.17241305,low,"I love how out of the hundreds of presents Elle got, the 1 present you get for Valentina isn’t even wrapped. You’re loaded, the least you could do was get her a nice pair of shoes. She’s Catherine’s sister, not some stranger 🙄😥

I wish I could go over there and hug her. She’s so little, I can’t believe she had to suffer through that. I almost cried at how polite she was being.",716,concern,0.85
TjYTwVpg5jQ,acefamily,-0.17241305,low,imagine being like 4 and getting an ipod and wireless headphones,296,normal,0.7
TjYTwVpg5jQ,acefamily,-0.17241305,low,"IN MY OPINION! Elle is spoiled she got a iPod, and headphones! And Catherine’s sister got a few lol dolls! And a free jojo doll and clothes and she was so greatful I live her❤️",455,concern,0.8
TjYTwVpg5jQ,acefamily,-0.17241305,low,At least Valentina says Thank you ❤️,1072,normal,0.9
TjYTwVpg5jQ,acefamily,-0.17241305,low,I really felt bad for Valentina.....she is a kid too....😟,354,concern,0.85
TjYTwVpg5jQ,acefamily,-0.17241305,low,Valentina must have been crying on the inside,257,concern,0.8
TjYTwVpg5jQ,acefamily,-0.17241305,low,Valentina deserves more presents ☹️ “you got the biggest one” 🤣 like bruh it only came with the lol stuff,360,concern,0.8
TjYTwVpg5jQ,acefamily,-0.17241305,low,"You will spoil your child so much to where she will be grateful for nothing. Valentina was picking up yalls mess. She was grateful to be there. Hurts my heart.  My shout out goes to Valentina for being a grateful girl, and for holding your composure during this unfair mess.",958,concern,0.85
TjYTwVpg5jQ,acefamily,-0.17241305,low,Valentina is  a good girl for not Breaking  up and Crying,733,normal,0.7
TjYTwVpg5jQ,acefamily,-0.17241305,low,Valentina was so grateful and respectful for her fee gifts that she got. She literally got about 30 seconds of time on the vlog with her few presents. I understand that Catherine and Austin are not responsible for her but they seemed more interested in Elle and all her presents. I felt so sorry for Valentina who was just sat watching the whole time. Poor Valentina.,286,concern,0.85
VZzwS-rjtro,acefamily,-0.17377424,low,"Who else misses the old ACE Family, when you could feel their happiness coming out of their bodies. So sad 😞",1490,normal,0.9
VZzwS-rjtro,acefamily,-0.17377424,low,"Austin and Catherine didn’t change, they just do things differently to protect themselves and their family.",1896,normal,0.9
VZzwS-rjtro,acefamily,-0.17377424,low,I feel bad for elle and alaina because when they are older they are going to have to deal with fake friends😭,3171,concern,0.8
VZzwS-rjtro,acefamily,-0.17377424,low,Real fans would respect them and their privacy,2173,normal,0.9
VZzwS-rjtro,acefamily,-0.17377424,low,"some of these fans go way to far. like you don't go show up at peoples houses and scream their name. just because the Ace Family is famous doesn't mean they're any different from us. Everyone deserves privacy, especially when you vlog almost 
everything in your life.          





Edit: THANKS FOR ALL THE LIKES OMG I NEVER GOT THIS MANY LIKES!!


edit 2: yo i came back like months later and im shook HOW DID I GET SO MANY LIKES",2024,concern,0.9
VZzwS-rjtro,acefamily,-0.17377424,low,Episode 3: ace family builds their own town so they can go grocery shopping in peace,1884,normal,0.8
VZzwS-rjtro,acefamily,-0.17377424,low,Who’s reading the comments before watching the video 🙋‍♀️😂.,400,normal,0.9
VZzwS-rjtro,acefamily,-0.17377424,low,I dont care what NO ONE says I'm gonna support them to the fullest!!! 💯🤞❤,1124,normal,0.9
VZzwS-rjtro,acefamily,-0.17377424,low,I think they are not complaining about there life. I think it's just because there have grown so fast in one year and didn't realized it until fans were everywhere.,592,normal,0.8
VZzwS-rjtro,acefamily,-0.17377424,low,i honestly think their trying to show that it's not easy being famous.,1754,normal,0.8
VZzwS-rjtro,acefamily,-0.17377424,low,The beginning of this documentary seems so depressing,1627,normal,0.8
VZzwS-rjtro,acefamily,-0.17377424,low,When Catherine said that Elle started to know about fans and how to stay away from windows just made me cry<3,79,normal,0.9
VZzwS-rjtro,acefamily,-0.17377424,low,people that show up to their house are not ace family members!! They are stalkers! *RESPECT THIER PRIVACY AND HOME*,325,concern,0.9
VZzwS-rjtro,acefamily,-0.17377424,low,The beginning makes it feel like a horror movie,417,normal,0.8
VZzwS-rjtro,acefamily,-0.17377424,low,They should hire ACTUAL security for their family’s safety. It’s really not safe for them anymore.,444,concern,0.9
VZzwS-rjtro,acefamily,-0.17377424,low,"Austin is Not a BAD Dad!!!!!!!! 
Doesn’t mean, that Austin Puts Alaia down, on her stomach, doesn’t mean, he’s a BAD Dad!! It only means, that, it’s Tummy time. Ppl, u have to stop posting rude, nasty comments!!!

Omg, thx!! For the Likes!!! I’ve Never ever, had this much! luv y’all peeps, 💛",387,normal,0.7
VZzwS-rjtro,acefamily,-0.17377424,low,"Me: watches Ace Family documentary
Ace Family: *talks about struggling in rich*
Me: 🙃",375,toxic,0.6
VZzwS-rjtro,acefamily,-0.17377424,low,"Those true fans of The ACE Family will respect their privacy. If seen on the street, maybe ask if they're in a hurry before asking for a picture. Just like you, they are humans who also have things to do. Don't take it the wrong way if they decline a picture! Don't show up at someone's house just to take a picture/get clout. 
! Love to The ACE Family !
<3",385,normal,0.9
VZzwS-rjtro,acefamily,-0.17377424,low,Actually Gina (Catherine mom) just look like catherine when she was young,89,normal,0.8
VZzwS-rjtro,acefamily,-0.17377424,low,WHAT KIND OF PEOPLE STALK SOMEONE OUTSIDE THEIR HOME?,541,concern,0.9
pJUnz_97d6E,acefamily,-0.18073326,low,"This song represents sooo much more than just an intro. This one hit home for anyone who’s been watching since it was just the three of them! I love how raw, genuine, and REAL this intro is! No videographer, no crazy editing, just pure family nostalgia❤ I’m beyond in love with this. This is definitely going to be a core memory for the kids",2662,normal,0.95
pJUnz_97d6E,acefamily,-0.18073326,low,"The song and seeing how much grown Elle is 
Making me cryyy! So pure genuine",715,normal,0.95
pJUnz_97d6E,acefamily,-0.18073326,low,"Hearing the song brought back so much nostalgia, happiness and love back, we lived through so many years with you guys seeing you guys grow…thank you for this!! It made all of us so so happy! Thank you for bringing us peace & happiness to our lifes!! I love you guys ❤️❤️",673,normal,0.95
pJUnz_97d6E,acefamily,-0.18073326,low,This made me tear up so much I’m just so glad y’all chose to bring it back brings back so many memories 🥹,259,normal,0.95
pJUnz_97d6E,acefamily,-0.18073326,low,"Can we all agree that we all teared up or cried just hearing the music & watching the intro? 🥺😭❤️ so wholesome, so happy it’s back I love it!! ❤",305,normal,0.95
pJUnz_97d6E,acefamily,-0.18073326,low,i literally got so emotional when I heard the song 😭 this family has grown so much ❤️,232,normal,0.95
pJUnz_97d6E,acefamily,-0.18073326,low,when the song started playing.. i got full body chills and started crying 😭 we really love you guys so much and i feel like we all needed this ❤️,957,normal,0.95
pJUnz_97d6E,acefamily,-0.18073326,low,I literally cried with that intro. I love that Elle was the first to grab the camera cause she was the first baby we all fell in love with. 😢😢😢😢 you guys will always be genuine with the love of the family you guys created. Thank you for the years of videos. Happy holidays ace family🤍,152,normal,0.95
pJUnz_97d6E,acefamily,-0.18073326,low,"as soon as I heard it I started tearing up omg. it went from austin,catherine and elle in their little 2 bedroom apartment and seeing how they’ve came it’s so inspiring and i’ve never been so proud of a family. they deserve the world❤️",303,normal,0.95
pJUnz_97d6E,acefamily,-0.18073326,low,"When I saw Elle pick up the camera and the song came on, literally cried!!!! Love the new intro 😍",432,normal,0.95
pJUnz_97d6E,acefamily,-0.18073326,low,goosebumps 100/10 i’m literally crying after i heard the music 😭❤,560,normal,0.95
pJUnz_97d6E,acefamily,-0.18073326,low,"Literally shed a few tears! That song represents the very beginning and everything that The Ace Family is. As an OG ace member, it brought back memories from the first video I ever saw with just Austin, Catherine and Elle. Now the family is so much bigger and brighter.",112,normal,0.95
pJUnz_97d6E,acefamily,-0.18073326,low,"hearing the intro song again, genuinely gave me chills. so proud of how far they've come. a full circle moment.",90,normal,0.95
pJUnz_97d6E,acefamily,-0.18073326,low,This was so perfect. I’m so emotional. It’s crazy that Elle was the only baby when this was the intro song and now we’ve been able to see all 3 of them grow up❤️ love you guys sm.,218,normal,0.95
pJUnz_97d6E,acefamily,-0.18073326,low,I love how elle knows Austin is Santa and still goes along with it and motivates their younger siblings it’s so adorable!😭❤️,165,normal,0.95
pJUnz_97d6E,acefamily,-0.18073326,low,"This intro literally made me tear up, especially when the song came on. I love how raw it is. Nothing but genuine love and memories with the family ♥️😭",29,normal,0.95
pJUnz_97d6E,acefamily,-0.18073326,low,You have no idea how much this song got me so emotional 😭 you never failed to get me out of a bad mood ❤I LOVE YOU ACE FAMILYYYYYYYYYY,265,normal,0.95
pJUnz_97d6E,acefamily,-0.18073326,low,"The song just warmed my heart, It’s the throwback we all didn’t know we needed",110,normal,0.95
pJUnz_97d6E,acefamily,-0.18073326,low,"No matter how many years pass, this song should always be in the intro, love it <3",114,normal,0.95
pJUnz_97d6E,acefamily,-0.18073326,low,"i was crying when i heard the song again, brought back so much history for me about you guys. it made me feel through how much shiiit y’all went and im so proud that you’re still here. this is beautiful and so pure. it really made me feel like its very pure. thank you for being back real time <3 love you",40,normal,0.95
GfpP-bPfHlk,acefamily,-0.1824131,low,"They did thatttt!! 🤩 I feel so happy for them, Wow I love them so much ☹️💓",41239,normal,0.9
GfpP-bPfHlk,acefamily,-0.1824131,low,All these ads on here I feel like I paid for 1/4 of the house 😂😂,20350,normal,0.8
GfpP-bPfHlk,acefamily,-0.1824131,low,"“ we are really minimalistic “ 

The house: am i a joke to you?",752,toxic,0.7
GfpP-bPfHlk,acefamily,-0.1824131,low,"""We are minimalists""
*looking at a whole wall of shoes*
Catherine: ""i need more shoes""",424,toxic,0.7
GfpP-bPfHlk,acefamily,-0.1824131,low,The way Austin designed that house looked like he was just tryna flex instead of bringing a family in to live in,486,toxic,0.8
GfpP-bPfHlk,acefamily,-0.1824131,low,"Them: “we’re minimalists.”

Also them: *has two houses merged into one*",457,toxic,0.8
GfpP-bPfHlk,acefamily,-0.1824131,low,"“We are minimalists”
*Has 200 pairs of shoes each*",410,toxic,0.8
GfpP-bPfHlk,acefamily,-0.1824131,low,imagine losing yoir phone in their house.... and its on silent,2841,normal,0.7
GfpP-bPfHlk,acefamily,-0.1824131,low,Anyone in 2026?,17,normal,0.6
GfpP-bPfHlk,acefamily,-0.1824131,low,"“We’re minimalists”
*has a grand piano that plays itself*",382,toxic,0.7
GfpP-bPfHlk,acefamily,-0.1824131,low,I’m literally just trying to see the house but there is 16 ads,2416,normal,0.8
GfpP-bPfHlk,acefamily,-0.1824131,low,“We’re very minimalist” I LET OUT A NASTY LAUGH😂😂😂😂💀,528,toxic,0.7
GfpP-bPfHlk,acefamily,-0.1824131,low,Sad to see how much potential this beautiful home had if only it were built properly so it could be functional,430,normal,0.8
GfpP-bPfHlk,acefamily,-0.1824131,low,"Austin: “We are minimalists” 
ACE family: owns 2 houses and combines them into one for a family of 4",443,toxic,0.8
GfpP-bPfHlk,acefamily,-0.1824131,low,Can’t relate to having a house big enough for an hour video about it,1576,normal,0.7
GfpP-bPfHlk,acefamily,-0.1824131,low,"""We're very minimalist""

Gets a piano that plays itself🤣🤣🤣",447,toxic,0.7
GfpP-bPfHlk,acefamily,-0.1824131,low,It was nice of them to post this so all the perspective buyers at the foreclosure auction can see what they are getting.,695,normal,0.8
GfpP-bPfHlk,acefamily,-0.1824131,low,"""We're very minimalist"" has a whole tree in their house. 😅😂",329,toxic,0.7
GfpP-bPfHlk,acefamily,-0.1824131,low,"This is how many times Catherine said “umm” 😂❤️❤️
👇🏻",282,normal,0.9
GfpP-bPfHlk,acefamily,-0.1824131,low,Are we going to talk about how the man yelling stop is telling them to stop distoring there house,465,normal,0.7
DMsSd7AUNFs,acefamily,-0.18481097,low,“You have to be mentally strong to do what we do” everyone with a career,840,normal,0.9
DMsSd7AUNFs,acefamily,-0.18481097,low,"“tHiS aPaRtMeNt WaS sO sMalL”
*walks up three floors to their bedroom*",1420,normal,0.9
DMsSd7AUNFs,acefamily,-0.18481097,low,Their “struggle” apartment is nicer than my current apartment.,1424,normal,0.9
DMsSd7AUNFs,acefamily,-0.18481097,low,“THERE PPL THAT ARE DYING” ~kourtney,996,normal,0.9
DMsSd7AUNFs,acefamily,-0.18481097,low,Who else went straight to the comments?,15416,normal,0.9
DMsSd7AUNFs,acefamily,-0.18481097,low,if you have a laundry unit inside your first apartment then you're living the dream tbh,678,normal,0.9
DMsSd7AUNFs,acefamily,-0.18481097,low,“enjoy your meal but never forget your very first plate”,360,normal,0.9
DMsSd7AUNFs,acefamily,-0.18481097,low,i literally scrolled down in the comments to make sure people are thinking what im thinking- thank god they were lol,431,normal,0.9
DMsSd7AUNFs,acefamily,-0.18481097,low,*working moms and middle class has left the chat*,625,normal,0.9
DMsSd7AUNFs,acefamily,-0.18481097,low,HE SAID THEY WERE STRUGGLING.....GIRL I-,2170,normal,0.9
DMsSd7AUNFs,acefamily,-0.18481097,low,Who else is watching the old Ace family vids in quarantine??                 Edit thank you so much for the likes!!!!!!!!!!,459,normal,0.9
DMsSd7AUNFs,acefamily,-0.18481097,low,"""we couldn't afford furniture for two weeks"" WOOOOW HOW TRAGIC",1768,normal,0.9
DMsSd7AUNFs,acefamily,-0.18481097,low,"*me knowing everyone is gonna hate the video*
Also me: *going STRAIGHT to comment section*",491,normal,0.9
DMsSd7AUNFs,acefamily,-0.18481097,low,"No one: 

Ace family: DOCUMENTARY",614,normal,0.9
DMsSd7AUNFs,acefamily,-0.18481097,low,I wish Kourtney Kardashian would react to this video and say “ace family there are people that are dying” 🤷‍♀️😂,785,normal,0.9
DMsSd7AUNFs,acefamily,-0.18481097,low,“Kim there’s people that are dying”,392,normal,0.9
DMsSd7AUNFs,acefamily,-0.18481097,low,"“We’re struggling” 







Wears Full Gucci outfit entire video",610,normal,0.9
DMsSd7AUNFs,acefamily,-0.18481097,low,"“We’re HUGE risk takers”
*moves apartments*",601,normal,0.9
DMsSd7AUNFs,acefamily,-0.18481097,low,To whoever is reading this i just want u to know god has doors open for u,699,normal,0.9
DMsSd7AUNFs,acefamily,-0.18481097,low,"Sees Shane Dawson's documentary gets views* 

Ace Family:",872,normal,0.9
V8dpiF1DTSU,acefamily,-0.1889632,low,Your kids don't know it but as they get older they will understand how blessed they are to have parents like you.,630,normal,0.95
V8dpiF1DTSU,acefamily,-0.1889632,low,I love how Catherine has that experience of being an aunt 😭❤️,581,normal,0.9
V8dpiF1DTSU,acefamily,-0.1889632,low,8:26 Alaïas reaction seeing a baby like her for the first time😂😂,701,timestamp,0.9
V8dpiF1DTSU,acefamily,-0.1889632,low,Ryan and Austin together = a comedy show 😂,1644,normal,0.9
V8dpiF1DTSU,acefamily,-0.1889632,low,Who else misses the old videos with Tre and Ryan. All the pranks. Still love the ace fam.,1543,normal,0.85
V8dpiF1DTSU,acefamily,-0.1889632,low,"IM SO HAPPY CATHERINE GETS TO EXPERIENCE BEING A AUNT, I KNOW SHE'S A MOM BUT BEING A AUNT IS A DIFFERENT FEELING❤",491,normal,0.9
V8dpiF1DTSU,acefamily,-0.1889632,low,"i love their new intro from the basketball charity event but who else misses the old one?
like if you miss the old one.
just me okay.",2483,normal,0.85
V8dpiF1DTSU,acefamily,-0.1889632,low,Who’s here after the ace family announced their 3rd baby 😊 andd Ryan and Leslie having their 2nd baby!,611,normal,0.9
V8dpiF1DTSU,acefamily,-0.1889632,low,Austin should’ve said to Catherine “you lookin like somebody auntie” 😂,1790,normal,0.85
V8dpiF1DTSU,acefamily,-0.1889632,low,"AUSTIN: our 3rd child
Ryan : aye no she’s staying with me
😂😂😂",741,normal,0.9
V8dpiF1DTSU,acefamily,-0.1889632,low,Who else genuinely loves Austin and Ryan’s friendship?!,816,normal,0.9
V8dpiF1DTSU,acefamily,-0.1889632,low,“You’re having a 3rd child?”.    Austin wasn’t joking around 😂,701,normal,0.9
V8dpiF1DTSU,acefamily,-0.1889632,low,"Not even lying Catherine and Ryan look like twins in the thumbnail



Edit: thank you so much for the likes! Btw. (In my first video I’m going to give shoutouts to people who subscribe;))))",1140,normal,0.8
V8dpiF1DTSU,acefamily,-0.1889632,low,Everyone blow the comments up with”Catherine u should do a coming home drunk prank in Austin”,852,normal,0.7
V8dpiF1DTSU,acefamily,-0.1889632,low,I love Ryan and Austin's relationship. They crack me up.,924,normal,0.9
V8dpiF1DTSU,acefamily,-0.1889632,low,who else feels like Elle will be so gorgeous when shes older,547,normal,0.85
V8dpiF1DTSU,acefamily,-0.1889632,low,"Ace family: *just got a baby*


Dj Khaled: *Another one*",1779,normal,0.85
V8dpiF1DTSU,acefamily,-0.1889632,low,When Elle and Alaia get older they are going to realize how lucky they are to have parents like Austin and Catherine,448,normal,0.9
V8dpiF1DTSU,acefamily,-0.1889632,low,13:45 Ryan hiding his alien he rescued from Area 51 😂😂,721,timestamp,0.9
V8dpiF1DTSU,acefamily,-0.1889632,low,Ryan said “can it happen tonight?” Austin said “we’re working on it” LMAOO,33,normal,0.85
W1ku5EIxmrU,acefamily,-0.19214262,low,"HEY ACE FAMILLLY, WE COULD NEVER THANK YOU ENOUGH FOR ALL OF YOUR CONSISTENT LOVE AND SUPPORT. WE ARE SO EXCITED FOR THIS NEW CHAPTER IN OUR LIVES AND WE ARE GLAD YOU ALL ARE APART OF IT. WE LOVE YOU ALL!!!",21771,normal,0.9
W1ku5EIxmrU,acefamily,-0.19214262,low,2025 anyone😢,86,normal,0.8
W1ku5EIxmrU,acefamily,-0.19214262,low,I love the way Catherine dresses. She looks super cute and super comfortable all the time. I want that !!,2057,normal,0.85
W1ku5EIxmrU,acefamily,-0.19214262,low,"""we won't be able to take a shit without being filmed DAMM"" 😂😂 love Austin",52,normal,0.9
W1ku5EIxmrU,acefamily,-0.19214262,low,I honestly miss this house:(((,1242,normal,0.85
W1ku5EIxmrU,acefamily,-0.19214262,low,"“Bebe can you let me shine, it’s a big moment for me”😂😂😂💀",139,normal,0.9
W1ku5EIxmrU,acefamily,-0.19214262,low,Damn Elle can’t have a guy over ever 😂😂💀 she’ll be caught in 2 seconds,246,normal,0.8
W1ku5EIxmrU,acefamily,-0.19214262,low,Come come! Austin kills me. Man this house is breathtaking and you guys deserve it all.,2971,normal,0.9
W1ku5EIxmrU,acefamily,-0.19214262,low,I feel like this was there house. Like It was for them. This is were all the memories was. The other house they built is not giving any vibes anymore,226,normal,0.85
W1ku5EIxmrU,acefamily,-0.19214262,low,That is literally a DREAM HOUSE😍😍😍,2591,normal,0.9
W1ku5EIxmrU,acefamily,-0.19214262,low,"*""I think that's why I can swim cause I'm only 50% black""* 😂😂😂",603,normal,0.85
W1ku5EIxmrU,acefamily,-0.19214262,low,"well, Elle is never gonna be able to sneak out with all those cameras 😂😂😂 .",227,normal,0.85
W1ku5EIxmrU,acefamily,-0.19214262,low,Re watching these videos in 2024 gives me that good feeling. I love you guys. I hope you both find what you’re looking for. The ACE family will be forever.,55,normal,0.9
W1ku5EIxmrU,acefamily,-0.19214262,low,“I think that’s why I can swim because I’m only 50% black.” -Austin McBroom 2017 😂 I laughed more at that than I was supposed to.,61,normal,0.85
W1ku5EIxmrU,acefamily,-0.19214262,low,"“Don’t show the back yard.” 

*walks into recording room and shows the whole back yard* 

💀",120,normal,0.9
W1ku5EIxmrU,acefamily,-0.19214262,low,elle wont be able to sneak out or throw parties with all them cameras LOLLLL,135,normal,0.85
W1ku5EIxmrU,acefamily,-0.19214262,low,anyone here after the new house is being built ❤️❤️🙈,580,normal,0.8
W1ku5EIxmrU,acefamily,-0.19214262,low,"BITCH THAT'S NOT A HOUSE THAT'S A MANSION! HELL YEAH!
YOU MADE IT ! IM COMING OVER BRO",215,toxic,0.7
W1ku5EIxmrU,acefamily,-0.19214262,low,You know you made it when you say you’re gonna hire a chef 😅,1049,normal,0.9
W1ku5EIxmrU,acefamily,-0.19214262,low,Who is watching after the house got broken into,2021,concern,0.9
52xlWnG27-k,acefamily,-0.2204162,low,"I honestly think Elle is growing up so fast. It feels like just yesterday, Elle began to walk and started forming words and now she’s holding and taking care of her sister and says full sentences! I’m not ready for her to grow up..",663,normal,0.9
52xlWnG27-k,acefamily,-0.2204162,low,"This family is so inspiring, Austin you’re showing young boys around the world how to treat their future wife and kids one day. Thank you.",1377,normal,0.9
52xlWnG27-k,acefamily,-0.2204162,low,Elle is the best big sister to Alaïa 😭❤️,1349,normal,0.9
52xlWnG27-k,acefamily,-0.2204162,low,Elle looks like a baby version of Catherine.....and I love Catherine’s baby voice..when she talks to her children 🥰🥰,206,normal,0.9
52xlWnG27-k,acefamily,-0.2204162,low,If u think Elle is a good sister like this 👍🏾,293,normal,0.9
52xlWnG27-k,acefamily,-0.2204162,low,ELLE AND ALAÏA ARE SO CUTE 😭💛,1612,normal,0.9
52xlWnG27-k,acefamily,-0.2204162,low,When she was saying ace family I’m sick I thought she said ace family I shit,343,normal,0.8
52xlWnG27-k,acefamily,-0.2204162,low,@ 9:00 Catherine's face lit up when he said their going christmas decore shopping💖💖💖💖💖💖💖💖💖💖,62,timestamp,0.9
52xlWnG27-k,acefamily,-0.2204162,low,"ELLE NEEDS HER OWN CHANNEL
SHE IS THE CUTEST KID ON YT
       LIKE IF YOU AGREE",260,normal,0.9
52xlWnG27-k,acefamily,-0.2204162,low,"Am I the only one who thought Elle said ""I shit"" instead of ""I'm sick""!

It’s at 2:50 btw",301,timestamp,0.9
52xlWnG27-k,acefamily,-0.2204162,low,Even Alaia is growing up fast🙀😇,110,normal,0.9
52xlWnG27-k,acefamily,-0.2204162,low,Catherine asking Elle about the ink on the wall was so adorable because Elle got so quiet omg 😩😩,52,normal,0.9
52xlWnG27-k,acefamily,-0.2204162,low,im obsessed with Catherine's laugh,146,normal,0.9
52xlWnG27-k,acefamily,-0.2204162,low,Am I the only one that thinks that Alaiah grow so fast😭😍?,238,normal,0.9
52xlWnG27-k,acefamily,-0.2204162,low,feel like catherine has been happier since she gave birth to alaïa,276,normal,0.9
52xlWnG27-k,acefamily,-0.2204162,low,Whis reading comments while watching the video😀😂😂,116,normal,0.8
52xlWnG27-k,acefamily,-0.2204162,low,I thought Elle Said I Shit,119,normal,0.8
52xlWnG27-k,acefamily,-0.2204162,low,Is it me or the baby is growing up so fast,362,normal,0.9
52xlWnG27-k,acefamily,-0.2204162,low,"1:28
Austin : “everybody take a screenshot”
* 14 million people take screenshot of the cutest moment ever *",96,timestamp,0.9
52xlWnG27-k,acefamily,-0.2204162,low,2:49 sound like she is saying “I shet” (she is so cute),60,timestamp,0.9
OHnqWNtAdvI,acefamily,-0.2222429,low,2025? Anyone,46,normal,0.8
OHnqWNtAdvI,acefamily,-0.2222429,low,Elle is a great cute big sister for Alaïa...!😍,5771,normal,0.95
OHnqWNtAdvI,acefamily,-0.2222429,low,"1. They got engaged in August... August 24th to be exact lol, on Catherine's birthday 😊
2. ACE now stands for Austin, Alaia, Catherine and Elle McBroom (Don't forget baby alaia) 😍
3. The Ace Family has 13 million subscribers! Nearly at 14 million, on 13,700,000 😎
4. They have lived in 4 different places since moving to California (2 apartments and 2 houses)
5. Elle Lively McBroom's date of birth is May 28th 2016 😍
6. -  Austin is 26 years old (May 20th)
- Catherine is 28 years old (August 24th)
- Elle Lively is 2 years old (May 28th)
- Alaia is 1 month old (October 17th)
7. Austin has done so many pranks on Catherine but here are a few lol
- Break up prank
- Worlds hottest sauce prank
- Real tarantula prank
- Calling Girlfriend another girls name prank
- Hickey prank
- Lyric prank
- Home invasion prank
- Huge teddy bear comes alive prank
8. The Ace Family call their subscribers 'Ace Family Members'
9. The Ace Family always say ""Heyyyy Ace Famillll-aaayyyy! What's goin' on everybody?!""
10. The Range Rover is a satin chrome red
- The Jeep (Shelby) is yellow - a banana yellow to be exact lol, as they stated in their video
- Austins first car, a chevy camaro is a baby blue chrome colour and Austin's Lamborghini (aka dream) is orange
11. The most viral Ace Family video is ""The best proposal of all time"" which is Austins proposal to Catherine and it has over 25 million views 😎
12. Two phrases that Austin always says are:
- ""Awwww hellll naaaawww"" and ""You lookin' like somebody Aunty"" lol
13. Austin flew to New York to get Catherine's engagement ring with the Ace Family manager 
14. Glenn Travis sings their intro song
15. Alaia's middle name is Marie, which is the same as mine, but mine is spelt Maree.

I have been an Ace Family member since forever, the first video I watched the got me hooked was when they did that epic car prank on Austin's father and used chalk and cellotape to create a fake scratch. From there I was hooked and have literally seen every single video at least twice 😍😊",1705,normal,0.85
OHnqWNtAdvI,acefamily,-0.2222429,low,Ryan: “And I’m thankful for the food ima bout to eat” 😂😂😂😂,230,normal,0.9
OHnqWNtAdvI,acefamily,-0.2222429,low,"My favourite catchphrase

*”You lookin like somebody aunty”* 😂",148,normal,0.9
OHnqWNtAdvI,acefamily,-0.2222429,low,"1-Ace family got engaged in August month..

2- Ace stands for :-
A- AUSTIN, ALAÏA 
C- CATHERINE
E- ELLE

3- The ace family currently has 13 million subscribers...

4- The ace family has lived in 4 different places before they moved to California...

5- Elle was born on May-28-2016..

6- Catherine is 28, Austin is 26, Elle is 2 and alaïa is 1 month..

7- Till now Austin has done breakup prank, quitting YouTube prank and lost the baby prank on Catherine...

8- They call their subscribers as Ace family...

9- They say ""HEY ACE FAMILYYY"" at the beginning of each video...

10- The ace family car colours are 
Jeep- banana yellow /mustard yellow
Lamborghini- orange
Range cover- satin chrome
Camero- purple

11- The ace family most viral video is when Austin proposed to Catherine...

12- One of Austin's catch phrases is ""awww hell Naww""

13- Austin went to New York to get Catherine's engagement ring...

14- Glenn Travis sings feel my love in ace family's Intro..

15- Alaïa's middle name is Marie..

I really love u soo much ace family😘...I love to watch ur videos😊...I hope u choose me...luv you guys❤..If I win this I will buy gifts for my family😉...keep going❤😍
LOADS AND LOADS OF LOVE FROM US TO U😘❤😘",276,normal,0.8
OHnqWNtAdvI,acefamily,-0.2222429,low,Damn Ryan is a true ace family member 😂,161,normal,0.85
OHnqWNtAdvI,acefamily,-0.2222429,low,I love how Austin mom and dad and his dad girlfriend can be in the same room without arguing that’s true family bonding ambeing mature bc my mom and dad can’t stand each other,414,normal,0.8
OHnqWNtAdvI,acefamily,-0.2222429,low,"Cathrine and Mom: This is a great idea
Austin: *tHiS iS a RaTcHeT iDeA*",160,normal,0.85
OHnqWNtAdvI,acefamily,-0.2222429,low,"Answers:

1. August, 2017
2. A- Austin/Alaïa
    C- Catherine 
    E- Elle
3. 13M and counting 🤪
4. 4 places including their current house (2 apartments, 2 houses) 
5. 28/05/2016 (Saturday)
6. Austin- 26
    Catherine- 28
    Elle- 2
    Alaïa- 1 month 
7. - he’s done with YouTube 
    - the hot sauce prank 
    - home invasion prank 
    (all very crack up by the way)
8. ACE FAMILY 🤪
9. ‘HEY ACE FAMILAYYYYYY!!!!!! What’s     goin’ on everybodayyy?’ 
10. -blue/purple/silver lookin one (don’t know what colour it is specifically) 
      -the Ace Family truck was blue pink white and red I believe 
      - red 
      - yellow 
      -black 
      - orange 
Oh and Elle’s little pink boombox car 🤪
11. The engagement video 😍
12. ‘Awh Hell Nawwww’
      ‘You lookin’ like somebodies aunty’ 
13. New York
14. Glenn Travis 
15. Alaïa MARIE McBroom 

Bonus question:
30th June 2018 (Monday)

I’m running on AUS time so we’re a day ahead in everything ✌🏼✌🏼

❤️❤️❤️❤️❤️❤️❤️❤️❤️❤️❤️❤️❤️",267,normal,0.8
OHnqWNtAdvI,acefamily,-0.2222429,low,"“I KNOW YOU’VE NEVER MET US BUT WE’RE HERE!!”
Austin has me dead😂😂",364,normal,0.9
OHnqWNtAdvI,acefamily,-0.2222429,low,Who is like me and watches old videos of the ACE family EDITED and like if you are,346,normal,0.8
OHnqWNtAdvI,acefamily,-0.2222429,low,"Austin:I look like I'm on my first day of school

*Starts twerking*",70,normal,0.7
OHnqWNtAdvI,acefamily,-0.2222429,low,I am thankful for my brother that just fought cancer,256,normal,0.9
OHnqWNtAdvI,acefamily,-0.2222429,low,"When Elle said “NOOOO BOOYYYSSS!!!” Austin should’ve said, I’m a man not a boy Bebe!!😂😂❤️❤️",77,normal,0.9
OHnqWNtAdvI,acefamily,-0.2222429,low,"Austin: bebe we gotta eat first! You're not pregnant anymore you don't have excuses!
Also Austin: *already shoving brownie in his mouth*",24,normal,0.85
OHnqWNtAdvI,acefamily,-0.2222429,low,Awe Alaïas 1st Thanksgiving!!! 😩❤️,1059,normal,0.95
OHnqWNtAdvI,acefamily,-0.2222429,low,As soon a Catherine said name one of Austin’s catchphrases I said “LOOKIN LIKE SOMEBODY AUNTIE!!!” like if you agree 👍,68,normal,0.9
OHnqWNtAdvI,acefamily,-0.2222429,low,"one of austines catch phrases is ''damn girl u lookin like somebodys auntie''

like if u agree",86,normal,0.9
OHnqWNtAdvI,acefamily,-0.2222429,low,"elle: “no boys!!” 
austin: “you want dada to go?”
elle: “yeah go go ok good good”
*austin fake cries*😂😂😂",43,normal,0.9
IQSVnBLZjyM,bonniehoellein,0.36919278,high,I cracked up when Olivia quoted you saying “ that’s not how you do it! “ 😂,14,normal,0.95
IQSVnBLZjyM,bonniehoellein,0.36919278,high,Sideshow bob absolutely killed me.,3,normal,0.9
IQSVnBLZjyM,bonniehoellein,0.36919278,high,When Joel said “your doors fine by the way!” I laughed so much 😂😂,3,normal,0.95
IQSVnBLZjyM,bonniehoellein,0.36919278,high,Is that the drone he got for Christmas finally being used? 😂 the view on your property is beautiful. Have a blessed week 😊,15,normal,0.9
IQSVnBLZjyM,bonniehoellein,0.36919278,high,Joel looking back also had me cracking up 😂😂😂😂😂 love you Bonnie and fam.,2,normal,0.95
IQSVnBLZjyM,bonniehoellein,0.36919278,high,"Your house is so romantic and dreamy. Seriously just gorgeous. Watching them ride their horses across the property. I die. One day, one day I shall have land.",5,normal,0.85
IQSVnBLZjyM,bonniehoellein,0.36919278,high,"Between the little look back at you when he pulled the VR headset off, the way he's sitting and just his general body mannerisms, Joel reminds me so much of Lincoln while flying his drone!",1,normal,0.85
IQSVnBLZjyM,bonniehoellein,0.36919278,high,"I’ve been a silent watcher since the way beginning, I remember Boston being so little and I just wanted to say that I absolutely love the way you love your kids, it genuinely makes my heart so happy",1,normal,0.9
IQSVnBLZjyM,bonniehoellein,0.36919278,high,Happy Birthday Grandpa Hoellein! I wish you many more!!   🎈🎈🎈🎂🎈🎈🎈,2,normal,0.95
IQSVnBLZjyM,bonniehoellein,0.36919278,high,"I have not seen that prank. The way Joel whipped around was sooo Lincoln 😂 Sounds just like his phone! Yikes that is powerful if it can cut up fingers and toes. How dang stinking cute are you bringing Joel a snack?!
Happy birthday  Grandpa Hoellein!",3,normal,0.9
IQSVnBLZjyM,bonniehoellein,0.36919278,high,Those sunflowers 😍😍🌻🌻,1,normal,0.9
IQSVnBLZjyM,bonniehoellein,0.36919278,high,Love seeing Joel’s parents. Belated happy birthday Grandpa Hoellein xx,0,normal,0.9
IQSVnBLZjyM,bonniehoellein,0.36919278,high,"Sending Love,Peace,& Blessings 🥰☮️💜",3,normal,0.9
IQSVnBLZjyM,bonniehoellein,0.36919278,high,The sunflowers you have out back are beautiful! 🌻,1,normal,0.9
IQSVnBLZjyM,bonniehoellein,0.36919278,high,Love this family 💗,2,normal,0.95
IQSVnBLZjyM,bonniehoellein,0.36919278,high,love this family so much and loved this vlog ❤❤❤,1,normal,0.95
IQSVnBLZjyM,bonniehoellein,0.36919278,high,"Haaaha  I find it funny this story telling ng about Joel hit by drone. Then drone was demolished, but Bonnie’s focus was the door 😂",1,normal,0.9
IQSVnBLZjyM,bonniehoellein,0.36919278,high,Continuing the money jokes Grandpa could've added 'Just show me the money.' 🙃 Sending Grandpa Hoellein Happy Birthday greetings from WV.  🥰,0,normal,0.9
IQSVnBLZjyM,bonniehoellein,0.36919278,high,Happy birthday Grandpa Hoellein🥳🥳🥳,0,normal,0.95
IQSVnBLZjyM,bonniehoellein,0.36919278,high,Glad Joel is ok. Happy birthday Grandpa Hoillein ❤,0,normal,0.9
WxJ-abAiUq8,bonniehoellein,0.35389322,high,"oh my word, i spat my drink out at Joel ''Well if you don't have covid at least you'll have pneumonia'' 🤣",15,normal,0.95
WxJ-abAiUq8,bonniehoellein,0.35389322,high,Lincoln and Bonnie just have the exact same face it’s so cute! He looks so much like his mum!,2,normal,0.95
WxJ-abAiUq8,bonniehoellein,0.35389322,high,When my husband got COVID I separated him from us. He lived (alone) in our room with a bathroom... and he had no reason to leave. BUT every day he came outside in the garage to get fresh air and do what his heart loves which is working in cars. I work for a hospital..and I ask why did you NOT all wear masks around eachother...while COVID was in the house. Just observing...thankfully for us we had no additional spread,4,normal,0.9
WxJ-abAiUq8,bonniehoellein,0.35389322,high,I love Lincoln's take on covid...little kids just forget. ❤ I also love the way your family has walked through this experience together.,18,normal,0.95
WxJ-abAiUq8,bonniehoellein,0.35389322,high,We have had it in our house a couple times. We just quarantine the whole family and didn't worry about staying away from each other.,16,normal,0.9
WxJ-abAiUq8,bonniehoellein,0.35389322,high,"I tested negative with the rapid tests, but tested positive when the doctor sent my test into the lab.",3,normal,0.9
WxJ-abAiUq8,bonniehoellein,0.35389322,high,Hello Bonnie I'm so sorry for Lincoln but he has done really really well and so did Olivia! Lincoln has grown up so much in the last few years I can really tell! I hope everyone gets better soon have a lovely day best wishes Nick in the wheelchair from England xx,22,normal,0.9
WxJ-abAiUq8,bonniehoellein,0.35389322,high,"Favorite statement of the whole vlog ""If you don't have Covid you'll at least have pneumonia."" 🤣",2,normal,0.95
WxJ-abAiUq8,bonniehoellein,0.35389322,high,Lincoln my 6 year old grandson Cody just went back to school after having covid too. We played games and watched movies to pass the time too! I hope everyone is well now! Sending hugs from Wilsonville Oregon.,7,normal,0.9
WxJ-abAiUq8,bonniehoellein,0.35389322,high,It’s difficult navigating extended family time and trying to stay safe and responsible.  You guys are doing great.  ❤️,2,normal,0.95
WxJ-abAiUq8,bonniehoellein,0.35389322,high,"Bonnie, I think that this whole Covid thing is making us all feel tired and listless.  I am so tired of not being able to go anywhere without worry",1,normal,0.9
WxJ-abAiUq8,bonniehoellein,0.35389322,high,So excited to see your plans for the inside of the new house❤️,3,normal,0.9
WxJ-abAiUq8,bonniehoellein,0.35389322,high,Goodmorning Hollien family It's nice to Lincoln feeling better 😊,1,normal,0.9
WxJ-abAiUq8,bonniehoellein,0.35389322,high,"Aaw, hang in there sweetie 😊 You're doing a great job and I really enjoy watching your videos ❤️ My 10 year old daughter tested positive for Covid yesterday (monday) so we are in quarantine. I have been feeling really unwell since sunday 🥴😩 so I went to the doctor today and I have Covid as well. My partner and I are at home with our 3 kiddos (10yo daughter, 7yo son and an almost 5yo son) and it's definitely not easy but we'll get through it. Sending hugs from the Czech republic 😘",5,normal,0.9
WxJ-abAiUq8,bonniehoellein,0.35389322,high,We love the Totino's frozen pizza's(The square one's)we add a few extra toppings on them and they are so yummy!!!                                                                                                            😋😋😋😋😋😋,2,normal,0.9
WxJ-abAiUq8,bonniehoellein,0.35389322,high,"Haha, the blooper at the end with the boys playing outside ""well if you dont have covid at least you'll have pneumonia""🤣 
#boys #nocoats",2,normal,0.95
WxJ-abAiUq8,bonniehoellein,0.35389322,high,So excited for the floorpan video!!,0,normal,0.9
WxJ-abAiUq8,bonniehoellein,0.35389322,high,I love all of you guys so much and I hope that you are all having a wonderful day today ❤️❤️❤️❤️❤️❤️❤️❤️❤️❤️❤️❤️❤️❤️❤️❤️❤️❤️❤️❤️,0,normal,0.95
WxJ-abAiUq8,bonniehoellein,0.35389322,high,Hi Bonnie I'm so sorry that 2 of your kids got covid but tell olivia she is a fighter and Lincoln is going to get through it he just needs love and you are such an amazing person,1,normal,0.9
WxJ-abAiUq8,bonniehoellein,0.35389322,high,I think your videos are entertaining whether you're out doing stuff or just sitting chatting...I love them all. ❤,0,normal,0.95
3oKnF3-apk8,bonniehoellein,0.33708155,high,Luv seeing you guys laughing and having fun together 💙     😁     🩷,1,normal,0.95
3oKnF3-apk8,bonniehoellein,0.33708155,high,Laughing is a good thing.❤,0,normal,0.9
3oKnF3-apk8,bonniehoellein,0.33708155,high,Megusto,1,normal,0.8
3oKnF3-apk8,bonniehoellein,0.33708155,high,Hi from Keir gunter,0,normal,0.8
5IxYAgcNlGw,bonniehoellein,0.33515903,high,I wear Huggies Goodnites pull ups diaper for night issue. Hope people understand,0,normal,0.7
5IxYAgcNlGw,bonniehoellein,0.33515903,high,They can still use #PampersPants there is nothing wrong with that 👧🏾💖💖💖,0,normal,0.8
--3FXZJCkQ0,bonniehoellein,0.32798755,high,"""Your cozy crib"" too sweet! She is such a cutie.",10,normal,0.9
--3FXZJCkQ0,bonniehoellein,0.32798755,high,😂 this was the funnest video to scroll by and see.,4,normal,0.9
--3FXZJCkQ0,bonniehoellein,0.32798755,high,she is so sweet Millie,1,normal,0.9
--3FXZJCkQ0,bonniehoellein,0.32798755,high,Millie so cute 😊😊😊 I love her,2,normal,0.9
--3FXZJCkQ0,bonniehoellein,0.32798755,high,That’s cute.  Millie your adorable.,2,normal,0.9
--3FXZJCkQ0,bonniehoellein,0.32798755,high,She so cute and adorable baby one day she grow up she be so sweet young lady one day 😊😊😊,4,normal,0.9
--3FXZJCkQ0,bonniehoellein,0.32798755,high,Cute 😊,1,normal,0.9
--3FXZJCkQ0,bonniehoellein,0.32798755,high,Awwwww so sweet and precious ❤❤,1,normal,0.9
--3FXZJCkQ0,bonniehoellein,0.32798755,high,She's so adorable I love her so much! 🥰,1,normal,0.9
--3FXZJCkQ0,bonniehoellein,0.32798755,high,💞💗💞,1,normal,0.8
--3FXZJCkQ0,bonniehoellein,0.32798755,high,I feel bad,2,concern,0.7
SFz1KRUaarc,bonniehoellein,0.3271839,high,"My favorite kind of vlog. Just family, talking, eating ice cream, and being together. It doesn't get better than that.",31,normal,0.9
SFz1KRUaarc,bonniehoellein,0.3271839,high,"I was shouting at the boys to wear their seat belts in the back, there old enough to know!",5,normal,0.85
SFz1KRUaarc,bonniehoellein,0.3271839,high,"Give yourself all the love sweet girl!! We understand you, Olivia! ❤",9,normal,0.9
SFz1KRUaarc,bonniehoellein,0.3271839,high,"Where to start. Please share the stain remover and brush, Olivia is almost grown and yes her eyes are beautiful, the boys are also growing up so fast, such a sweet thing for Lincoln to tell Cody and Boston is a cool dude getting to hang with Cody and his friends. Oh! I love my flip flops like those. 🩵🩵🩵",8,normal,0.95
SFz1KRUaarc,bonniehoellein,0.3271839,high,"I'm sorry, CAR!?! DRIVING?!?! I've been watching for 10 years, since the very beginning. This is crazy congratulations Olivia!! You guys are always the light in  my days. If I'm feeling off, I still go back to old videos that bring me joy💕",2,normal,0.9
SFz1KRUaarc,bonniehoellein,0.3271839,high,Crying at the end! I had this feeling of joy coming back to your family in this video!,1,normal,0.9
SFz1KRUaarc,bonniehoellein,0.3271839,high,You have such respectful children. You don’t see that often.,2,normal,0.9
SFz1KRUaarc,bonniehoellein,0.3271839,high,I am so excited for Olivia!    🚗🚗🚗,3,normal,0.9
SFz1KRUaarc,bonniehoellein,0.3271839,high,"that sunset view on your parcel is amazing, oh man I love it",0,normal,0.9
SFz1KRUaarc,bonniehoellein,0.3271839,high,So exciting for Olivia!🤗😝🚗🚗 i just rewatched her baptism video a few days ago since it popped up on my recommendations. She has grown up to be such a kind and beautiful young lady. Thank you for sharing these casual vlogs.I always look forward to them on my lunch break❣️❣️,2,normal,0.9
SFz1KRUaarc,bonniehoellein,0.3271839,high,Thank you for sharing your day!  I really enjoyed the video.  And I never get tired of those views out your windows!,1,normal,0.9
SFz1KRUaarc,bonniehoellein,0.3271839,high,You should do more vlogs  like this. One  just a day in the life. These are the videos I like to watch,0,normal,0.9
SFz1KRUaarc,bonniehoellein,0.3271839,high,GREAY JOB LINCON!!!!! 🎉,3,normal,0.9
SFz1KRUaarc,bonniehoellein,0.3271839,high,This blog was so fun and sweet!! Love it!! Have a wonderful day guys!! ♥️,2,normal,0.9
SFz1KRUaarc,bonniehoellein,0.3271839,high,My teenager harasses me daily with crazy ugly Snapchat filters…I feel your pain 😂. Also the kids wanting to hang out in your room says a lot. ❤ love u guys!,0,normal,0.9
SFz1KRUaarc,bonniehoellein,0.3271839,high,Beautiful family you can see that they all love and appreciate each other,0,normal,0.9
SFz1KRUaarc,bonniehoellein,0.3271839,high,How exciting love see Olivia so happy for her 1st car,0,normal,0.9
SFz1KRUaarc,bonniehoellein,0.3271839,high,I’d love to see the process of the jean blanket!,0,normal,0.9
SFz1KRUaarc,bonniehoellein,0.3271839,high,"All about family time. It is so fun hanging together, and everyone is connected.  Remembered those times many times as I got older .",0,normal,0.9
SFz1KRUaarc,bonniehoellein,0.3271839,high,"Ohhh my heart just is healing with you.  The kids seem amazing, of corse sweet Olivia but your boys.  I also have 2 boys SO different only 16 apart but at 28/30 they STILL hang out with each other.  Shared friends and are still there for each other.  I LOVE watching you heal/grow and LIVE.  such a joy watching you all.  ❤",1,normal,0.9
jAW8Gfufo5M,bonniehoellein,0.32603532,high,"This just made me cry. Watching you since Lincoln was born, and now he’s grown up. Makes me cherish the time with my babies more.",9,normal,0.9
jAW8Gfufo5M,bonniehoellein,0.32603532,high,"Architect here - please don’t fall in trap of new house being bright whites and greys! Don’t be afraid of warmth, I understand it’s on trend but you could be pleased with natural colors and the positive effects on mental health!",1,normal,0.9
jAW8Gfufo5M,bonniehoellein,0.32603532,high,"So sweet to see you cuddling Lincoln, it made me teary eyed seeing how big he has gotten!!",10,normal,0.9
jAW8Gfufo5M,bonniehoellein,0.32603532,high,"Those naps that leave you confused. 😂 I fell asleep in the middle of the day the other day, and when I woke up, I saw that it was 5:30. I couldn’t figure out why it was daylight at 5:30 am. Then I heard my husband and realized he had just gotten home from work and was trying not to wake me up.",5,normal,0.9
jAW8Gfufo5M,bonniehoellein,0.32603532,high,Came back to watch this video. To support the channel. He was asleep in the toy box. He looks so comfy.,3,normal,0.9
jAW8Gfufo5M,bonniehoellein,0.32603532,high,"Your sons are gonna really grow up to have empathy and love for woman , you are a beautiful mother ❤️",3,normal,0.9
jAW8Gfufo5M,bonniehoellein,0.32603532,high,I love how humble your family is I hope you never change,4,normal,0.9
jAW8Gfufo5M,bonniehoellein,0.32603532,high,Make contact with the Gardner Quad Squad for Yoel's back She knows pads that could work for him to because Ashley has also a back problem. You can try it at least. Good luck and get well.,2,normal,0.7
jAW8Gfufo5M,bonniehoellein,0.32603532,high,I got tears in my eyes watching you pull Lincoln out of the toy box. I have a four year old boy. Precious moments,2,normal,0.9
jAW8Gfufo5M,bonniehoellein,0.32603532,high,I’m literally crying when you started holding Lincoln kids grow up so fast I remember when he was just a baby 😭😭❤️,3,normal,0.9
jAW8Gfufo5M,bonniehoellein,0.32603532,high,Bonnie you have to be the most caring and loving mom.. I just love you so much and your precious family ❤️,2,normal,0.9
jAW8Gfufo5M,bonniehoellein,0.32603532,high,Aw he looked so cute sleeping in the toy box!,5,normal,0.9
jAW8Gfufo5M,bonniehoellein,0.32603532,high,I love all of you guys so much and I hope that you are all having a wonderful day today ❤️❤️❤️❤️❤️❤️❤️❤️❤️❤️❤️❤️❤️❤️❤️❤️,2,normal,0.9
jAW8Gfufo5M,bonniehoellein,0.32603532,high,Can't help but totally love little Lincoln the rogue!!! You and Joel are brilliant parent's.  Blessings to you all from Ireland 🇮🇪 🙏 ❤,3,normal,0.9
jAW8Gfufo5M,bonniehoellein,0.32603532,high,Oh how precious with Lincoln. Cherish those moments it goes so fast . My sweet caboose and son is 12 today,3,normal,0.9
jAW8Gfufo5M,bonniehoellein,0.32603532,high,LOVE the “feminine” tile SOOO much Bonnie!!! It’s gorgeous!!,4,normal,0.8
jAW8Gfufo5M,bonniehoellein,0.32603532,high,"I am BEYOND excited to see the finishes you pick out for your new house!! 
My fav vid of the last house was the lighting fixtures. UNREAL! I can’t wait too see the tiles you choose, and lighting and faucets! Oh my ❤️❤️❤️",4,normal,0.8
jAW8Gfufo5M,bonniehoellein,0.32603532,high,Why did you pulling that sweet boy out of the toy box make me lose it?! So sweet!,2,normal,0.9
jAW8Gfufo5M,bonniehoellein,0.32603532,high,I remember cuddling my son when he was that age. He is now 31yrs old. I will be praying for Joel.,2,normal,0.9
jAW8Gfufo5M,bonniehoellein,0.32603532,high,What a sweet moment between a mom and her baby…. Seeing you with him on the chair just melted my heart ❤️,3,normal,0.9
_FCWZ8Rb9Cg,bonniehoellein,0.32540387,high,Way to leave us hanging! Lol,54,normal,0.8
_FCWZ8Rb9Cg,bonniehoellein,0.32540387,high,"Wait.....WAIIIIIITTTT....does Olivia NOT know how beautiful Princess Leia was, and how awesome it is to wear her hair for May 4th????  What are you doing as parents!?!?!??!  GASP!  LMAO....",22,normal,0.8
_FCWZ8Rb9Cg,bonniehoellein,0.32540387,high,"Girl I did the exact same thing literally 4 months ago! Joel may be slightly ticked but knowing his love for you, he’ll  just me glad that his family is okay!",1,normal,0.9
_FCWZ8Rb9Cg,bonniehoellein,0.32540387,high,I LOVE THAT YOU BOTH SANG THAT SONG FROM CINDERELLA FT. WHITNEY HOUSTON. My day is MADE!,1,normal,0.95
_FCWZ8Rb9Cg,bonniehoellein,0.32540387,high,Oh my gosh the it’s possible song brings me back to SO many memories😩😭❤️❤️❤️,1,normal,0.95
_FCWZ8Rb9Cg,bonniehoellein,0.32540387,high,Oh no Bonnie!! So glad you’re ok!!  Still loving your hair BTW!  Sending love and luck!!,37,normal,0.9
_FCWZ8Rb9Cg,bonniehoellein,0.32540387,high,"I remember when I was Boston's age, I loved it when I went to the library and I was read that book, remember laughing so hard and I read it Non-Stop",1,normal,0.9
_FCWZ8Rb9Cg,bonniehoellein,0.32540387,high,"My family is notorious for doing some serious damage to cars in drive thru lanes, so I totally understand that feeling! Hope your car can be repaired! Love you guys",1,normal,0.9
_FCWZ8Rb9Cg,bonniehoellein,0.32540387,high,Why do you need to file a police report if you hit your car into a pole,2,normal,0.8
_FCWZ8Rb9Cg,bonniehoellein,0.32540387,high,"My kids love the ""David goes to school"" book! 😂",11,normal,0.9
_FCWZ8Rb9Cg,bonniehoellein,0.32540387,high,"Not the car!! Dang it!!! It’ll all be okay girl, the insurance will get it fixed and it’ll be like new. 
Big hugs from my family to yours from Melbourne, Australia xx",209,normal,0.9
_FCWZ8Rb9Cg,bonniehoellein,0.32540387,high,no police report needed. the insurance will handle it. you will pay your deductible and then they'll repair it.,58,normal,0.8
_FCWZ8Rb9Cg,bonniehoellein,0.32540387,high,Countdown shall begin soon to 1 million subs!! What an incredible milestone and journey... excited to keep cheering you on to this achievement - and beyond!,5,normal,0.9
_FCWZ8Rb9Cg,bonniehoellein,0.32540387,high,That's why there called accidents Bonnie and it's what insurance is for everything is going to be fine I'm sure. 😋,14,normal,0.8
_FCWZ8Rb9Cg,bonniehoellein,0.32540387,high,Olivia's hair was amazing!,3,normal,0.9
_FCWZ8Rb9Cg,bonniehoellein,0.32540387,high,"Oh, I am so sorry.  I know it doesnt help to say don't worry but, I hope you didn't worry to much.  On a great note I love the way you styled your hair today, you look beautiful.",4,normal,0.9
_FCWZ8Rb9Cg,bonniehoellein,0.32540387,high,Such sweet memories for your Dad and Joel and Jared to be able to hang out and go on little trips. So special!,1,normal,0.9
_FCWZ8Rb9Cg,bonniehoellein,0.32540387,high,Its like 70 and 80 where we r..... and its still spring💜,1,normal,0.8
_FCWZ8Rb9Cg,bonniehoellein,0.32540387,high,Accidents are so scary. I hope everything is OKay! ♡♡,7,normal,0.9
_FCWZ8Rb9Cg,bonniehoellein,0.32540387,high,Most expensive McDonald’s ever..,1,normal,0.9
PsofmMVnY78,bonniehoellein,0.31843808,high,"I don’t know what it is, I have just LOVED your vlogs ever since you’ve been living in your parents’ house! It just feels cozy and homey and natural",21,normal,0.9
PsofmMVnY78,bonniehoellein,0.31843808,high,"As an adult I learned about the term ""decision fatigue"" and I felt SO understood. Sometimes your brain can only take so many choices at a time lol",39,normal,0.9
PsofmMVnY78,bonniehoellein,0.31843808,high,"I’d invest in a few trail cameras on your property, especially with how much Joel has the kiddos there. People are so bold nowadays. You really can’t trust anyone. It’s shocks me with the entitlement people think they have because they watch your channel and feel like they “know” you. 

My parents have an oceanfront property that they built their cottage on and you have to take a private road to actually go to our driveway, before we got cameras we posted signs that said “private property, you’re on camera”. Scares the potential weirdos away haha.",17,concern,0.7
PsofmMVnY78,bonniehoellein,0.31843808,high,"The white is going to look outstanding with your black exterior accents.. gutters, windows, etc. I don’t know if the red would look as good. I would love to see a side by side mock up of the house in red vs white!",28,normal,0.9
PsofmMVnY78,bonniehoellein,0.31843808,high,"I love that you all gather at your mom and dad’s house and continue to make the memories that you had as a child! I would also like to say that just because you choose to share your life on the internet, does not give anyone the right to trespass or invade your personal property or space! It’s foul and and disrespectful! I am sorry this happened to you and Joel!",8,normal,0.9
PsofmMVnY78,bonniehoellein,0.31843808,high,My husband does the same thing…he thinks I won’t eat everything I ordered and will get something different because he knows I won’t finish it. But when my eyes are bigger than my stomach I say the same thing “do you think I’m gonna share?” 😂😂 And he is always right…he gets my leftovers.,3,normal,0.9
PsofmMVnY78,bonniehoellein,0.31843808,high,"Bonnie, l love that you are all living in your mum and dad’s home while you build - it feels correct 😊 l understand that deep connection and sense of having a hug from mum 💕💕💕",29,normal,0.9
PsofmMVnY78,bonniehoellein,0.31843808,high,"Another example of your wonderful Grace and Love. Someone intrudes on your Property, you do the right thing, and the viewer has NO consequences. You guys just keep moving forward, building your house and sharing your lives with us. Thank you. I couldn’t put up with it. It takes a beautiful family, raised well and with alot of Grace and Faith to do what you are doing.",10,normal,0.8
PsofmMVnY78,bonniehoellein,0.31843808,high,We got rid of our front loader and got a top loader and I absolutely love it and would never switch back!,1,normal,0.9
PsofmMVnY78,bonniehoellein,0.31843808,high,I’ve seen homes with the white brick and the type of soil that surrounded the home bled into the brick and made the home look dirty. My sisters house is the red brick and I love how it always looks classy … good luck ❤,3,normal,0.9
PsofmMVnY78,bonniehoellein,0.31843808,high,Go with the top load washers! And do the white brick it’s so pretty!,3,normal,0.9
PsofmMVnY78,bonniehoellein,0.31843808,high,"There are some really nice looking, classy top loaders. With some amazing options, that  front loaders don't have.",2,normal,0.9
PsofmMVnY78,bonniehoellein,0.31843808,high,The house looks so nice and clean and fire on. So cozy! I like how your kids know how to wash and dry dishes by hand,2,normal,0.9
PsofmMVnY78,bonniehoellein,0.31843808,high,Love seeing you in your parents home ❤❤ such a good transition before your new home. This feels comforting to me too. 🥰🥰,5,normal,0.9
PsofmMVnY78,bonniehoellein,0.31843808,high,I love this long vlog with so many tips and tricks!!❤,8,normal,0.9
PsofmMVnY78,bonniehoellein,0.31843808,high,"I am only a few minutes into the video, but I can relate to feeling overwhelmed. Unfortunately, my mom passed away unexpectedly last week. We are not only grieving, but we have to get her out of her apartment within 14 days. To figure out what was special to her and wasn't is hard while packing. To figure out the legal part is also overwhelming. One minute at a time. Thank you for the advice at the beginning of the video. Even if not geared towards me, I feel I got comfort through those words. 💜",72,normal,0.9
PsofmMVnY78,bonniehoellein,0.31843808,high,Maytag Top Load no agitator is heavenly! Large capacity. Love you guys!,2,normal,0.9
PsofmMVnY78,bonniehoellein,0.31843808,high,I think the white brick!! It will be stunning with the black/gray roof.,2,normal,0.9
PsofmMVnY78,bonniehoellein,0.31843808,high,Gosh this family melts me ☺️. A huge sadness for me is I don’t have a childhood home to go back to  it’s such a blessing to have that and I’m so thankful you have it💜💜,1,normal,0.9
PsofmMVnY78,bonniehoellein,0.31843808,high,I had front loaders for a decade and just got top-loader Speed Queens with the agitator and I love it! A majority of people I know are switching back to top loaders with agitators (unless they are getting two washers/dryers and then they go with front loaders because they have to) and they don't regret it. The store where I bought mine even hauled away and behind their store there were TONS of front loaders that they had taken from other people's homes. Haha,2,normal,0.9
SoeW83JufhE,bonniehoellein,0.31569237,high,Hispanics are very family oriented and it's beautiful.,176,normal,0.8
SoeW83JufhE,bonniehoellein,0.31569237,high,Very sweet of him to tell your daughter that. Sometimes it take someone else for them to realize that. Love him for that,99,normal,0.9
SoeW83JufhE,bonniehoellein,0.31569237,high,"She agreed with him, she's a good girl!  He's a good influence on your kids!",29,concern,0.6
SoeW83JufhE,bonniehoellein,0.31569237,high,"Awww, this is good advice for adults too!!",6,normal,0.95
SoeW83JufhE,bonniehoellein,0.31569237,high,"In Olivia’s case, her mom will always be there. This advice isn’t for everyone though, but still a good advice.",6,normal,0.9
SoeW83JufhE,bonniehoellein,0.31569237,high,No one has your back more than your Mama. And thankfully Olivia has two great parents in her corner.,17,normal,0.9
SoeW83JufhE,bonniehoellein,0.31569237,high,You have some amazing workers working on your house.,27,normal,0.85
SoeW83JufhE,bonniehoellein,0.31569237,high,"Love this Your contractor is a amazing man and is working so hard on your house and making sure it gets done right, he advice is spot on! “ listen to your mom and not to friends” mom will always be there for us when we need her but friends come and go He’s a wonderful man for giving that advice to Olivia.",5,normal,0.85
SoeW83JufhE,bonniehoellein,0.31569237,high,"As someone who didn’t get the chance to listen to my mom because she passed when I was little, I’ll say, if you have a good mom, who loves you, listen to her. Moms aren’t perfect, but good moms are always in your corner, they will always be your biggest cheerleader, and will love you to the ends of the earth.",1,normal,0.9
SoeW83JufhE,bonniehoellein,0.31569237,high,Wow thats sweet I heard that 😍,5,normal,0.9
SoeW83JufhE,bonniehoellein,0.31569237,high,Friends are important too,1,normal,0.9
SoeW83JufhE,bonniehoellein,0.31569237,high,That's precious!!!,10,normal,0.9
SoeW83JufhE,bonniehoellein,0.31569237,high,"Basically your mom will never steer you wrong, Listen to your mom, not friends. Cuz when you get sick, everything, no your friends wont be there basically, your mom will be",27,normal,0.9
SoeW83JufhE,bonniehoellein,0.31569237,high,hes speaking facts right here,0,normal,0.9
SoeW83JufhE,bonniehoellein,0.31569237,high,SO TRUE!!!! ❤,2,normal,0.9
SoeW83JufhE,bonniehoellein,0.31569237,high,So sweet!,0,normal,0.9
SoeW83JufhE,bonniehoellein,0.31569237,high,I’d keep that contractor around.,0,normal,0.85
SoeW83JufhE,bonniehoellein,0.31569237,high,I thought it was Joel who said that.,3,normal,0.85
SoeW83JufhE,bonniehoellein,0.31569237,high,we do learn life lessons the hard way and its when we least expect it too it can be something sudden and unexpected,0,normal,0.9
SoeW83JufhE,bonniehoellein,0.31569237,high,I can't hear it either:(,2,normal,0.85
E_cxNYYkn4w,bonniehoellein,0.3115696,high,5 years and still no comments I can fix’s that,1,normal,0.8
t67P53wsKao,bonniehoellein,0.30237246,high,When it comes to getting toys out of boxes kids suddenly get bionic strength!,30,normal,0.9
t67P53wsKao,bonniehoellein,0.30237246,high,Can you do like a video where the boys have to buy an outfit for Olivia and then Olivia picks who did the best. X,23,normal,0.9
t67P53wsKao,bonniehoellein,0.30237246,high,Love the kids excitement with opening the LEGO Box!😍,14,normal,0.95
t67P53wsKao,bonniehoellein,0.30237246,high,"Everything about the bonfire is AMAZING!! The company, the bonfire and the view 😍",3,normal,0.9
t67P53wsKao,bonniehoellein,0.30237246,high,You and Ellie really need to do the husband swap!,102,inappropriate,0.8
t67P53wsKao,bonniehoellein,0.30237246,high,"Your new property is AWESOME. I am sure you will have many magical gatherings around the fire pit as you and your guests marvel over the lights of the city in the distance and the wide open space all around you. It was such a great idea to go there at night and celebrate your new chapter. This is one of the best vlogs you've ever created, Bonnie.",0,normal,0.9
t67P53wsKao,bonniehoellein,0.30237246,high,I didn't see anything else in this vlog apart from Bonnie's smokin lookin eye makeup 😍😍😍,36,inappropriate,0.85
t67P53wsKao,bonniehoellein,0.30237246,high,"Darn, Bonnie has a REAL man!!! He fixes anything. It seems like Joel is the last man on earth. Yep, he’s a keeper👍🏻. Love how happy the kids were opening the LEGO box. 🥰 You guys look like you had sooo much FUN at the 🔥 . Bonnita 😂🤣😂",1,normal,0.9
t67P53wsKao,bonniehoellein,0.30237246,high,So fun! My cousin is one of the creators for The LEGO Movies 😍,2,normal,0.9
t67P53wsKao,bonniehoellein,0.30237246,high,Lucky kids. Legos are super expensive.,11,normal,0.9
t67P53wsKao,bonniehoellein,0.30237246,high,"I love watching your kids play ""I can tell which one is mine!"" haha so cute",0,normal,0.95
t67P53wsKao,bonniehoellein,0.30237246,high,"I love how Olivia got, like, 8 things, and the other kids only got 1 or 2 yet they were still happy 😊",0,normal,0.95
t67P53wsKao,bonniehoellein,0.30237246,high,The view of that city was so majestic. I need friends and family  that will come out to a bonfire even when it's cold Just to share the special moments ❤️,0,normal,0.9
t67P53wsKao,bonniehoellein,0.30237246,high,OMG I CAN'T WAIT FOR THE LEGO MOVIE 2!!!!!!!!!!!!!!!!!!!!,1,normal,0.9
t67P53wsKao,bonniehoellein,0.30237246,high,OMGosh! the view is amazing from your property. I can't wait till you decide to build on it and are true neighbors.,0,normal,0.9
t67P53wsKao,bonniehoellein,0.30237246,high,Oh my gah the mountains behind you at your property... wow 😮 gorgeous,2,normal,0.9
t67P53wsKao,bonniehoellein,0.30237246,high,Awww Joel it’s not the size that matters it’s how you use it,1,inappropriate,0.85
t67P53wsKao,bonniehoellein,0.30237246,high,The unicorn watch is so cute!,0,normal,0.95
t67P53wsKao,bonniehoellein,0.30237246,high,"Oh wow, I thought you’re view was spectacular during the day, but at night it’s fabulous with all the city lights below. This is going to be so awesome to watch you build and settle into your new homes.",0,normal,0.9
t67P53wsKao,bonniehoellein,0.30237246,high,My kids and I are SOOOOOO jealous of that LEGO package! 😯😵 LEGO is our LIFE!,1,normal,0.9
bXpwyZRpI2U,bonniehoellein,0.30226249,high,The fact that you did this story time in full cat face is everything. 😂❤,110,normal,0.9
bXpwyZRpI2U,bonniehoellein,0.30226249,high,"Usually when people are like that , it’s not about you ,it’s about something going on with them.  Have a great day ❤",61,normal,0.9
bXpwyZRpI2U,bonniehoellein,0.30226249,high,Poor people who bought your house 🤣,81,toxic,0.8
bXpwyZRpI2U,bonniehoellein,0.30226249,high,I love that you dressed like a cat for the story time.,167,normal,0.95
bXpwyZRpI2U,bonniehoellein,0.30226249,high,"I was so hoping you were going to say she said something nice to Joel after he was finished helping fix her fence. Such good examples to show your children that even when people are not kind, you still are the bigger person and help when someone needs it❤",62,normal,0.9
bXpwyZRpI2U,bonniehoellein,0.30226249,high,I actually laughed out loud😂 imagine her seeing this and calling the cops 😂😂,64,normal,0.9
bXpwyZRpI2U,bonniehoellein,0.30226249,high,"I had one of those neighbors. Arghhh!  The cats were leaving you ""gifts"" to try to let you know they felt badly that you had to deal with her! LOL!!  One more reason to celebrate the move.",64,normal,0.9
bXpwyZRpI2U,bonniehoellein,0.30226249,high,"We all have one of them neighbors!
The cat costume was the perfect touch. You are the best Bonnie. Love you 😂",14,normal,0.95
bXpwyZRpI2U,bonniehoellein,0.30226249,high,Cats bringing mice to your door is literally a gift,1,normal,0.9
bXpwyZRpI2U,bonniehoellein,0.30226249,high,The cats don't come around anymore because you got a dog. lol Love you guys!🙀🐶🤣,9,normal,0.9
bXpwyZRpI2U,bonniehoellein,0.30226249,high,"I'm going to say a prayer for her..... She has to be going thru something that is making her a grumpy gus. 
I know I don't know you personally but ur kids are so respectful and you both have raised them right. 
I think she's jealous, because you guys are living a great life. You have a beautiful family and make amazing memories. Keep doing it and keep ur head up. Its almost done and can only get better from here.",20,normal,0.85
bXpwyZRpI2U,bonniehoellein,0.30226249,high,I respect how you are able to keep the petty patty in you under control .. myself on the other hand is laying here thinking of all the things I would do in revenge that week before moving 😳😂😂,30,normal,0.85
bXpwyZRpI2U,bonniehoellein,0.30226249,high,"We had a neighbor like that.  Just had to bear it but he passed away.  My thought, your last day in that house I would send a bouquet of flowers telling her that she is in your prayers.  Brighten her day? Just being neighborly.  Have an amazing day.",4,normal,0.9
bXpwyZRpI2U,bonniehoellein,0.30226249,high,"Maybe the new people who bought your house will have a couple hungry Rottweilers, and your neighbor will no longer be known as the ""cat"" lady.",1,toxic,0.7
bXpwyZRpI2U,bonniehoellein,0.30226249,high,Jealousy!!!! That's all this is!!! Thank you for spillin the tea!!! Made me smile seeing you tell the story and livin it up with the costume!! So fun!! :) Please give Ellie our love and let her know we are all praying for her!,4,normal,0.9
bXpwyZRpI2U,bonniehoellein,0.30226249,high,My parents had neighbors complaining about their weeds while my Mom was fighting cancer AND the next time while my Dad was in dialysis and not doing well! Also their retirement community used to have family time for grandchildren to swim at their pool and people would complain of it being too loud and too much splashing. I think some people are just miserable! My Mom always used to say that when old people act like that…it’s either they hate children or have no kids coming to visit them bc their children don’t like them.,3,concern,0.85
bXpwyZRpI2U,bonniehoellein,0.30226249,high,There has got to be repercussions for people like her wasting the cop’s time. I’m so glad I don’t have neighbors like this. 🤦‍♀️,1,normal,0.85
bXpwyZRpI2U,bonniehoellein,0.30226249,high,"You will probably be glad to move, lol",6,normal,0.9
bXpwyZRpI2U,bonniehoellein,0.30226249,high,"I’ve parked at the end of our road for four years getting my son. Now the neighbor there puts up a sign on the outside of her fence that says this is not a bus stop no trespassing or parking anytime. I called DOH. They said I’m fine. Then she comes out and tells me about it. Now she put up a janky orange fence with black tape. I just park right in the middle of the road now and It’s a narrow road so if I have to move out of the way from a car I have to back up in front of her driveway. 🤷‍♀️ then her grown son stands outside right by the fence and I guess watches me and now my 5 year old is scared. It’s where our road meets the highway and it’s where the bus lets them off. They can’t walk down the road by themselves they have to be picked up. And the school board, doh and police all do nothing.",2,concern,0.9
bXpwyZRpI2U,bonniehoellein,0.30226249,high,"Sounds like a difficult situation you’ve been faced with over the years. I’m sorry that has been your experience. I was challenged as I was watching to think how I would respond in a situation like this and I’m not sure but I appreciated having that thought provoked within. I don’t know the ins and outs of either yours or your neighbours stories and what has brought you both to where you are today. So I’m not able to comment further than that. But know I am praying that if there is any opportunity for love to be shown and given before you leave, that you will be presented with that chance and that peace can be made before the end of this season ❤️ All the best for this transition season for you and your family.",10,normal,0.9
wf1cAzqnmws,bonniehoellein,0.2996791,high,Lincoln can be made to respond to discipline. Put him in the corner or take away things that he likes. He’ll learn that being naughty will cost him his fun time. He’s getting treated to much like a baby.,103,normal,0.9
wf1cAzqnmws,bonniehoellein,0.2996791,high,Olivia : look at that booty shaking.......whahahahah Olivia is just a mini Bonnie!,89,inappropriate,0.95
wf1cAzqnmws,bonniehoellein,0.2996791,high,You always laugh when he in trouble  I wouldn't listen either  he think  you're joking with him,9,normal,0.9
wf1cAzqnmws,bonniehoellein,0.2996791,high,"Oh man I would've lost my mind over that cake. I've never understood how some of the extended Griffiths family lets the kids stick their fingers and tongues in the finished cake, that never would've flown in my family. This is terrible I feel bad for Bonnie!",7,normal,0.8
wf1cAzqnmws,bonniehoellein,0.2996791,high,I feel your frustration. Joel seems so thankful and understanding that you loved him enough to do that and it wasn’t your fault it got messed up,4,normal,0.9
wf1cAzqnmws,bonniehoellein,0.2996791,high,awww cody trying to make bonnie feel better is absolutely adorable !!!,4,normal,0.95
wf1cAzqnmws,bonniehoellein,0.2996791,high,"No, to the tuna...yuckola....that's cat food!",3,normal,0.85
wf1cAzqnmws,bonniehoellein,0.2996791,high,Lincoln is such a terror.,2,normal,0.8
wf1cAzqnmws,bonniehoellein,0.2996791,high,"Bonnie, you know yourself each child is different. We use the tools we have to discipline. Work on Lincoln's week spot and either take away or make him do something he absolutely hates. You know you'll get the tantrums either way but your kids know not to press your buttons and its time little man learnt the hard way.",53,normal,0.85
wf1cAzqnmws,bonniehoellein,0.2996791,high,Boston was so confused 😂 he oppened his mouth and was like 'äaahhh??'😂😂,4,normal,0.9
wf1cAzqnmws,bonniehoellein,0.2996791,high,"Okay I debated commenting but I’m genuinely curious. Is that a typical lunch for your kids, those portion sizes? Just wondering because it seems so tiny! My 14 month old usually eats double that for lunch, so I can’t imagine someone older like Olivia not starving, haha! Maybe they have gotten used to it, or maybe I was just spoiled with my food growing up, but I just wanna give those kiddos something more, haha! Maybe some nice whole grain bread with the tuna, and a yogurt or some crackers or carrots on the side.",61,concern,0.7
wf1cAzqnmws,bonniehoellein,0.2996791,high,"My favorite way for tuna is to mix it up with pickle relish, salad dressing, onion and shredded cheddar then put between bread and toast it in the frying pan. So good!",9,normal,0.8
wf1cAzqnmws,bonniehoellein,0.2996791,high,"Was that Lincoln crying in the background while you were cleaning up the crumbs? I think people missed that... I see so many comments saying you should have disciplined him. Sometimes doing anything while angry isn't the option, I think she Bonnie handled this perfectly. She talked out her frustrations and then turned off the camera and dealt with it. I imagine it was him in time out crying while she was wiping up the crumbs. 

All children are different. It makes parenting so stressful for sure. You are doing great Bonnie.",37,normal,0.85
wf1cAzqnmws,bonniehoellein,0.2996791,high,Guys you all need to stop criticizing her on how she disciplines her own children(key word: own). You have now right to tell her what to do with her own kids. I love you so much Bonnie!🥰❤️,1,concern,0.8
wf1cAzqnmws,bonniehoellein,0.2996791,high,There is always that one child who does not respond to punishment or discipline. Try different things. At least one will work.,14,normal,0.85
wf1cAzqnmws,bonniehoellein,0.2996791,high,"""You get what you get, & you don't throw a fit!"" I learned this from y'all and I swear even as an adult I have to remind myself of that sometimes! Lol! Especially on payday 😫😂🤣😝🤭",0,normal,0.9
wf1cAzqnmws,bonniehoellein,0.2996791,high,I love tuna with Mayo and vegtables and i like  salmon!!!!! Happy Birthday Joel!!!! 💖 Yum🎂,10,normal,0.9
wf1cAzqnmws,bonniehoellein,0.2996791,high,"Bonnie, your videos are raw, honest and relatable.. that’s why I love them so much x🙌🏻",1,normal,0.9
wf1cAzqnmws,bonniehoellein,0.2996791,high,The cake just has character! Looks great Bonnie! Happy birthday Joel!,0,normal,0.9
wf1cAzqnmws,bonniehoellein,0.2996791,high,I can’t believe how calm you are about the cake. I would be screaming my head off. Lol 😂,0,normal,0.9
DBM1sCIOspA,bonniehoellein,0.2932161,high,That was the cutest clip ever with you and Lincoln,33,normal,0.95
DBM1sCIOspA,bonniehoellein,0.2932161,high,"Lincoln has taken off with his talking and it's easy to understand what he's saying, he's a delight to watch 💙",14,normal,0.95
DBM1sCIOspA,bonniehoellein,0.2932161,high,Love that Sherri is spending time with you! I think she is the sweetest. I'm sure she adores spending quality time with her aunt and doing fun girly things.,95,normal,0.95
DBM1sCIOspA,bonniehoellein,0.2932161,high,I thought lincoln had a frozen meat burger in his mouth🤣🤣😂😂 i was like the heck,4,normal,0.9
DBM1sCIOspA,bonniehoellein,0.2932161,high,I think Lincoln doesn't need a binky anymore! He's so grown up now! ❤️,23,normal,0.95
DBM1sCIOspA,bonniehoellein,0.2932161,high,Lincoln playing with himself in the mirror is soo cut and I love the way he talks it sounds funny but he talk right,5,normal,0.7
DBM1sCIOspA,bonniehoellein,0.2932161,high,Lincoln talks now.   Why is this weird to me hahah,135,normal,0.8
DBM1sCIOspA,bonniehoellein,0.2932161,high,Oh my goodness that third dress was gorgeous,6,normal,0.9
DBM1sCIOspA,bonniehoellein,0.2932161,high,"Bonnie, you should totally wear the second outfit it makes you look even prettier and slimmer 🙌",9,normal,0.85
DBM1sCIOspA,bonniehoellein,0.2932161,high,Outfit number 3 looks AMAZING on you!,14,normal,0.9
DBM1sCIOspA,bonniehoellein,0.2932161,high,the rose wrap dress is everything!,7,normal,0.9
DBM1sCIOspA,bonniehoellein,0.2932161,high,Wear the 3rd dress!!! It looked the best 😍,14,normal,0.9
DBM1sCIOspA,bonniehoellein,0.2932161,high,That last dress I really think it fits you and your personality! It might look better in a large! Not trying to offend you or anything!,7,normal,0.85
DBM1sCIOspA,bonniehoellein,0.2932161,high,2 looks like a concert dress. its very pretty but not too dressy. i love it,1,normal,0.85
DBM1sCIOspA,bonniehoellein,0.2932161,high,"Pause at 2:10, Lincoln looks so much like Cody!!!",5,timestamp,0.9
DBM1sCIOspA,bonniehoellein,0.2932161,high,"Lincoln is talking so much.  He's not camera shy is he, lol.  He takes after his beautiful momma, he has her sense of humor already. ❤️",0,normal,0.9
DBM1sCIOspA,bonniehoellein,0.2932161,high,I like the 2nd dress,8,normal,0.85
DBM1sCIOspA,bonniehoellein,0.2932161,high,I love the second one 😍❤,7,normal,0.9
DBM1sCIOspA,bonniehoellein,0.2932161,high,I think the 2nd one ❤️,10,normal,0.9
DBM1sCIOspA,bonniehoellein,0.2932161,high,'Look at what you did you little jerk' YES HAHAHAHAHHAHA IM DONE AHAHHAHA,0,toxic,0.7
6vKz1dzzZoM,bonniehoellein,0.29215997,high,Honestly loved seeing Joel with Lincoln.  The two of them are so cute!!!!,124,normal,0.9
6vKz1dzzZoM,bonniehoellein,0.29215997,high,I’m excited to see the bloopers  that came out of Joel’s little self-promo at the beginning lol,78,normal,0.9
6vKz1dzzZoM,bonniehoellein,0.29215997,high,"Joel, I love that you have not changed your editing... I really love the way you edit...",39,normal,0.95
6vKz1dzzZoM,bonniehoellein,0.29215997,high,Joel is such a good patient daddy with all the kids....,23,normal,0.95
6vKz1dzzZoM,bonniehoellein,0.29215997,high,Lincoln is such a good helper 🧒🏼,60,normal,0.95
6vKz1dzzZoM,bonniehoellein,0.29215997,high,I cried all the way thru this vlog.. .Joel you are such a loving dad and Lincoln is Little Bonnie what a personality and so full of love and wanting to please.  ❤️❤️🌞,28,normal,0.9
6vKz1dzzZoM,bonniehoellein,0.29215997,high,Lincoln is seriously the cutest little boy!,40,normal,0.9
6vKz1dzzZoM,bonniehoellein,0.29215997,high,"joel : are you gonna help me ? 
Lincoln : no!",9,normal,0.9
6vKz1dzzZoM,bonniehoellein,0.29215997,high,"“They have no legs but they can move, that’s not right” 😂😭 Joel 2K18",8,normal,0.85
6vKz1dzzZoM,bonniehoellein,0.29215997,high,Lincoln loves helping his daddy!! It’s so precious to see! He wanted to be just like Joel!! Wow my heart!,4,normal,0.95
6vKz1dzzZoM,bonniehoellein,0.29215997,high,I recalibrate by watching Bonnie and Joel and fam! 😁,24,normal,0.9
6vKz1dzzZoM,bonniehoellein,0.29215997,high,"Joel, I love to watch you nurturing your kids. If there were more parents like you two, there might not be so much bad news in the world❤️❤️❤️❤️",3,normal,0.95
6vKz1dzzZoM,bonniehoellein,0.29215997,high,This little guys knowledge of the meaning of his language and his speech is amazing. He is a beautiful young man.,0,normal,0.9
6vKz1dzzZoM,bonniehoellein,0.29215997,high,"Lincoln is so smart and adorable. I have said it before and I’ll say it again, your kids are so lucky to have such a great father like Joel.",3,normal,0.95
6vKz1dzzZoM,bonniehoellein,0.29215997,high,Joel and little linky are my favorite duo,3,normal,0.9
6vKz1dzzZoM,bonniehoellein,0.29215997,high,Awe Lincoln was so scared about the grasshopper going in his hair😂😭Awe he’s so sweet,3,normal,0.9
6vKz1dzzZoM,bonniehoellein,0.29215997,high,"I am right there with you, Joel. Snakes are my biggest fear as well.",6,normal,0.9
6vKz1dzzZoM,bonniehoellein,0.29215997,high,"Joel doesn’t get enough credit for how good of an editor he is, he seriously made mowing a lawn look interesting!",0,normal,0.9
6vKz1dzzZoM,bonniehoellein,0.29215997,high,Awwww I seriously have a soft spot for Lincoln.  He is growing up too quickly and hes such a good boy helping his dad.  Cuteness Overload!!!  Awww hes so cute helping his daddy. 💕,0,normal,0.9
6vKz1dzzZoM,bonniehoellein,0.29215997,high,"Joel, you are THE BEST DAD! You are FANTASTIC at fathering those young boys & you’re so patient and loving! I absolutely adore watching you with them & teaching them ♥️",0,normal,0.95
8bSHyNpTg6Y,bonniehoellein,0.2859512,high,"""You're cute, mom""
""You're cute too, Cody""
""Thank you""

My heart has melted.",29,normal,0.9
8bSHyNpTg6Y,bonniehoellein,0.2859512,high,"""You're cute mom"" 😭😭😭😭",32,normal,0.9
8bSHyNpTg6Y,bonniehoellein,0.2859512,high,"Look at you, Bonnie! Baby wearing and cutting your boys hair! 💛 Such a super mom. I just wanted to let you know that you are everything and more that a mom should be. You show love in so many ways and I am not even sure you realize it! With the way you serve lunch, to the way you tidy up your sweet home, to the way you cut your boys' hair. Through your laughter and honesty. You are a wonderful, beautiful person. And I'm so happy the stars aligned just right so we could all meet you and your awesome family here on YouTube. You are my favorite! I'm sure you are the favorite of many ☺️💛",134,normal,0.95
8bSHyNpTg6Y,bonniehoellein,0.2859512,high,"Cody: ""Mom you're cute!""
How much sweeter can a little boy get? 😊❤️",14,normal,0.95
8bSHyNpTg6Y,bonniehoellein,0.2859512,high,"Sometimes when I watch vlogs, they feel ""staged"" or ""unrealistic"" (those aren't necessarily the words I'm looking for, but they'll do). When I watch your vlogs, they feel so authentic. I love seeing the ""chaos"" and the moments that aren't always rosy. They give us all realistic expectations of life and what it is like to be a mother of 4. I only have one son, almost 7 months, and it can be hard enough to balance it all with work and a home and a child. You rock at it and show us both the ups and downs and a strong relationship between you and Joel. Keep it up :)",57,normal,0.8
8bSHyNpTg6Y,bonniehoellein,0.2859512,high,"I love love love when Boston says ""church"" PRECIOUS!! You have the sweetest kiddos!!",21,normal,0.95
8bSHyNpTg6Y,bonniehoellein,0.2859512,high,I'm not a mum but I love watching your videos and learning from you. Your kids are so sweet!,33,normal,0.9
8bSHyNpTg6Y,bonniehoellein,0.2859512,high,"You are like supermom!  Keeping one kids entertained, while cutting another's hair, and keeping a newborn comfortably asleep!  You go girl!!",1,normal,0.95
8bSHyNpTg6Y,bonniehoellein,0.2859512,high,"omg ok i zoned out a little at the end and all i heard was joel say ""one on one time with bonnie"" and then bonnie said ""yeah we'll film it"" and my mind went to strange places ok im done hahahahahahahaha",5,normal,0.7
8bSHyNpTg6Y,bonniehoellein,0.2859512,high,"Boston is just the most scrumptious little boy in the world!!! His mannerisms & the way he talks is just so ridiculously cute!! You have such a gorgeous little family, I absolutely love watching you guys!",1,inappropriate,0.6
8bSHyNpTg6Y,bonniehoellein,0.2859512,high,"I love when you give the ""MOM LOOK"" . Lol I think we all have one , and I love it. 😉👍🏻👍🏻",39,normal,0.9
8bSHyNpTg6Y,bonniehoellein,0.2859512,high,"Its nice to see you treat the boys as individuals and don't play favorites. Cody is such a good boy, but Boston is still kinda of a baby still although he has a good vocabulary.  You definitely don't play favorites. Its so refreshing to see your patience also.",9,normal,0.9
8bSHyNpTg6Y,bonniehoellein,0.2859512,high,"I've been watching your vlogs for a while now and I love them, but for some reason, this is definitely one of my favorites. You are such a good mom Bonnie. I know there are definitely those crazy days and moments that don't get put up on YouTube land, but you are seriously such an encouragement. I'm pregnant with number two and I feel so so encouraged.",4,normal,0.9
8bSHyNpTg6Y,bonniehoellein,0.2859512,high,"I really enjoyed todays vlogg. Your children are so cute and precious. Bonnie don't worry about the carpet getting stain and walls getting bang. They will wash and you can paint. They stay little for such a short time. Enjoy them while they can. You'll have plenty of time to have a perfect house when they are older. Well, by then you'll have grandkids. Lol. You have such a cute, sweet and loving family. God Bless You with a great family. God bless you and keep you safe.",39,normal,0.9
8bSHyNpTg6Y,bonniehoellein,0.2859512,high,"While watching you cut the boys hair, I couldn't help but think ""Bonnie is seriously the best mom"". I love how you have conversations with them and talk to them like little adults. You have truly raised wonderful children and I absolutely love watching you guys!",0,normal,0.9
8bSHyNpTg6Y,bonniehoellein,0.2859512,high,"I loved when Cody said, ""I'm free!!!""",2,normal,0.9
8bSHyNpTg6Y,bonniehoellein,0.2859512,high,Oh my goodness those boys say the cutest things. What a great way to start the week.,1,normal,0.9
8bSHyNpTg6Y,bonniehoellein,0.2859512,high,"Poop hehehe 
Poop hehehe 
Poop hehehe 
Poop hehehe 
That was so funny",74,normal,0.9
8bSHyNpTg6Y,bonniehoellein,0.2859512,high,I love your whole family and when Cody was saying love you it was the cutest thing ever!!! So cute love your kids!!,9,normal,0.95
8bSHyNpTg6Y,bonniehoellein,0.2859512,high,"And Cody!!! ""Your cute mom"" SO SWEET",1,normal,0.95
zQUnc1IzelA,bonniehoellein,0.28384757,high,I can NOt with the zipper ending of this vlog 😂😂😂😂 we’ve all been there! It’s panic mode when you’re the one stuck but watching someone else be stuck is pretty funny! Who knew?! Lol I got stuck in a dress while pregnant and indeed did cut it off! Haha,62,normal,0.9
zQUnc1IzelA,bonniehoellein,0.28384757,high,Haha I totally get that moment of panic when you can’t get a dress off 😝,31,normal,0.9
zQUnc1IzelA,bonniehoellein,0.28384757,high,Lincoln a little snitch 😂😂,6,normal,0.95
zQUnc1IzelA,bonniehoellein,0.28384757,high,5:30 why is Joel’s legs shinier than mine 😂😂😂,14,timestamp,0.9
zQUnc1IzelA,bonniehoellein,0.28384757,high,Even clothes knows you're the boss Bon.  How do you have such power?,33,normal,0.9
zQUnc1IzelA,bonniehoellein,0.28384757,high,"Haha your dress situation, reminds me of a time when i tried on a romper in a dressing room and i couldn’t get it off to save my life 😂",46,normal,0.9
zQUnc1IzelA,bonniehoellein,0.28384757,high,"I love how Lincoln is the peanut gallery ""he break it like dis, he did, he did!"" After Bonnie gave Boston a talking to!",3,normal,0.95
zQUnc1IzelA,bonniehoellein,0.28384757,high,"Use a nonscratching sponge, they're blue not green and you won't have to worry so much about scratching up your stainless steel.",7,normal,0.85
zQUnc1IzelA,bonniehoellein,0.28384757,high,Bonnie your house always looks so clean! I love when you share your cleaning tips with us!,33,normal,0.9
zQUnc1IzelA,bonniehoellein,0.28384757,high,I love how Lincoln was telling on Boston how he was breaking sticks! What an expressive little guy! He is so smart! Way above a 2 year old.,2,normal,0.95
zQUnc1IzelA,bonniehoellein,0.28384757,high,"""I was gonna win either way"" 😂🤭 .. I couldn't stop laughing",0,normal,0.9
zQUnc1IzelA,bonniehoellein,0.28384757,high,You should've left the dress on all weekend until Joel came back and told him you couldn't get it off without his help 😂😂,0,normal,0.9
zQUnc1IzelA,bonniehoellein,0.28384757,high,bonnie's laugh made my day go from 0 to 100 real quick,3,normal,0.9
zQUnc1IzelA,bonniehoellein,0.28384757,high,I laugh just as much as Joel when I watch your vlogs😂 love how honest and real you guys are 😊,1,normal,0.9
zQUnc1IzelA,bonniehoellein,0.28384757,high,"Bonnie trying to get out that dress, is the realest feeling ever. Men will NEVER understand the fear of being stuck inside clothes.",0,normal,0.9
zQUnc1IzelA,bonniehoellein,0.28384757,high,I already know what Joel is gonna laugh about tomorrow 😂💕,0,normal,0.9
zQUnc1IzelA,bonniehoellein,0.28384757,high,I couldn’t help but laugh when Bonnie was trying to unzip her dress 😂😂,0,normal,0.9
zQUnc1IzelA,bonniehoellein,0.28384757,high,Oh man!! I'm loving Lincoln's black panther suit!!,0,normal,0.9
zQUnc1IzelA,bonniehoellein,0.28384757,high,I literally see no dirt in that sink lol Its a sink....haha Girl you make me laugh. love you!! hahaha :),3,normal,0.9
zQUnc1IzelA,bonniehoellein,0.28384757,high,I love using just a little old English furniture polish on a paper towel after I clean the sink to get a high shine and repel water spots.,0,normal,0.85
h4hjqgad_3E,bonniehoellein,0.2833543,high,"Every time Lincoln gets a haircut it reminds of Jesse and Becky’s twins on Full House getting their first haircut, it basically looks like nothing was done but combed lol",33,normal,0.9
h4hjqgad_3E,bonniehoellein,0.2833543,high,I cant wait for you to chop Lincoln’s hair 🙈 but he is so adorable!,75,normal,0.9
h4hjqgad_3E,bonniehoellein,0.2833543,high,I seriously can't with the conversations Lincoln comes up with. I was cracking up so hard.,39,normal,0.95
h4hjqgad_3E,bonniehoellein,0.2833543,high,What I really love about you and your sisters is that you really love your children. You love them you appreciate that they are in your lives you feel blessed that you have them. Its great to see. Thank you for documenting,100,normal,0.9
h4hjqgad_3E,bonniehoellein,0.2833543,high,"I do totally agree with you Bonnie, it's about finding the joy in the moment you are in! Man are that they might have joy is one of my faves!",92,normal,0.9
h4hjqgad_3E,bonniehoellein,0.2833543,high,"Lincoln is so adorable!
Bonnie: behave yourself
Lincoln: i will
Ahhh adorable!  I can’t! You make me so happy!  Thank you for sharing!  You are all such great humans!  Love ya guys!  You changed me life for the better!  
❤️💗❤️💗 Lincoln going potty!  Ahhhhhh! Why is he and all your other kids so cute! It’s been amazing watching your kids grow up!",46,normal,0.95
h4hjqgad_3E,bonniehoellein,0.2833543,high,Oh my gosh just the word makes my head itch lol,114,normal,0.8
h4hjqgad_3E,bonniehoellein,0.2833543,high,"Lincoln and his little voice are too cute!!
I laughed so hard when he said he didn't have lice! 😍😂",14,normal,0.95
h4hjqgad_3E,bonniehoellein,0.2833543,high,Bonnie you look so good I’m glad your feeling better❤️,40,normal,0.9
h4hjqgad_3E,bonniehoellein,0.2833543,high,"I don't have kids yet, but I can only imagine they literally make everything better! Even just a day in the bathroom!",7,normal,0.9
h4hjqgad_3E,bonniehoellein,0.2833543,high,Lincoln has great verbal skills for his age!! His sentences crack me up.,2,normal,0.95
h4hjqgad_3E,bonniehoellein,0.2833543,high,Lincoln would be so cute with short hair!,4,normal,0.85
h4hjqgad_3E,bonniehoellein,0.2833543,high,"When Lincoln gets a haircut like Cody and Boston, he's going to look like mini me to grandpa Griffith . It will be adorable ! 😊",4,normal,0.9
h4hjqgad_3E,bonniehoellein,0.2833543,high,I do not have lice mom-Lincoln 😝,46,normal,0.85
h4hjqgad_3E,bonniehoellein,0.2833543,high,Lol you don’t take enough off!,44,normal,0.8
h4hjqgad_3E,bonniehoellein,0.2833543,high,When did Lincoln get so big :(,53,normal,0.9
h4hjqgad_3E,bonniehoellein,0.2833543,high,I loved this!! We had babies 6 weeks apart and it has been so fun to watch Lincoln grow along with my little and how similar they are because of age!! You also look so beautiful and happy. You have taught me to be a better mom these past 4 years and this video was just the best! ♡♡♡,24,normal,0.9
h4hjqgad_3E,bonniehoellein,0.2833543,high,I love that even in your crazy busy life you find the time to just enjoy the moment ❤️ It’s the little things that make the best memories!,13,normal,0.9
h4hjqgad_3E,bonniehoellein,0.2833543,high,Lincoln is a hoot! 🤣😍 I love those moments where your kid cracks you up by spontaneous things they say or do! I get a lot of that from my youngest (strong willed one)  too!,6,normal,0.9
h4hjqgad_3E,bonniehoellein,0.2833543,high,"First of all, adorable video. But second of all, can we all take a moment to appreciate how SPOTLESS her toilet base is?? 🙌👏#CleanBathroomHero",114,normal,0.85
Oa-uuvRe6LI,bonniehoellein,0.28103316,high,love how joel always compliments on how  pretty you are even when you probably don’t feel like you look pretty ❤❤,20,normal,0.9
Oa-uuvRe6LI,bonniehoellein,0.28103316,high,The way Bonnie growls and stomps off to the Thermostat 😂,2,normal,0.9
Oa-uuvRe6LI,bonniehoellein,0.28103316,high,Abrupt ending much 😂😂 Hope everyone recovers from their injuries God bless,24,normal,0.95
Oa-uuvRe6LI,bonniehoellein,0.28103316,high,"Poor Olivia, that’s definitely a seeing star moment. 😢 ❤",2,normal,0.9
Oa-uuvRe6LI,bonniehoellein,0.28103316,high,When u start walking in pain is another level of pain😂oops worst pain ever hope u doing good olivia,8,normal,0.9
Oa-uuvRe6LI,bonniehoellein,0.28103316,high,Ouch. I hope everyone feels better.,1,normal,0.9
Oa-uuvRe6LI,bonniehoellein,0.28103316,high,Feel better soon everyone,1,normal,0.9
Oa-uuvRe6LI,bonniehoellein,0.28103316,high,I remember when she cut her hand  while cutting an apple. Poor Olivia.,3,normal,0.9
Oa-uuvRe6LI,bonniehoellein,0.28103316,high,It’s always Olivia! Bless her xx,2,normal,0.85
Oa-uuvRe6LI,bonniehoellein,0.28103316,high,Oh no hope Olivia feels better soon ❤❤,1,normal,0.9
Oa-uuvRe6LI,bonniehoellein,0.28103316,high,Okay I hope you are going to continue this on your next vlog.I really want to know what happened with Olivia. Very abrupt ending.🤣🙃,8,normal,0.85
Oa-uuvRe6LI,bonniehoellein,0.28103316,high,"My fav night of the week… Bonnie and Joel night… !!! X2 with today’s task !!!
Love it 
Hi from Australia !!!!",3,normal,0.95
Oa-uuvRe6LI,bonniehoellein,0.28103316,high,"Oh, Olivia 😢 That looks painful! I'm sorry that happened to you!",0,normal,0.9
Oa-uuvRe6LI,bonniehoellein,0.28103316,high,"Uh Oh no, poor Olivia. Im glad SHE didnt need stiches too. I could almost hear her pain!",1,normal,0.9
Oa-uuvRe6LI,bonniehoellein,0.28103316,high,"Poor Olivia, I know how that feels",2,normal,0.9
Oa-uuvRe6LI,bonniehoellein,0.28103316,high,Oh my goodness poor Olivia i hope she is ok sending love to her,0,normal,0.9
Oa-uuvRe6LI,bonniehoellein,0.28103316,high,I hope Olivia’s thumb is doing better and Joel heals up nicely. 🇨🇦Michelle,2,normal,0.9
Oa-uuvRe6LI,bonniehoellein,0.28103316,high,Great vlog today you guys I love all of you guys so much and I hope that you are all having a wonderful day today ❤❤❤❤❤❤❤❤❤❤,1,normal,0.95
Oa-uuvRe6LI,bonniehoellein,0.28103316,high,Aww We got shut off!    ~~~~💙💜💜💙💙💙~~~~,3,normal,0.85
Oa-uuvRe6LI,bonniehoellein,0.28103316,high,File a complaint to the medical board!,0,toxic,0.7
bRqWaOhL6-g,bonniehoellein,0.2801848,high,"Bonnie, please take us along with you to clean out that whole room! It can be a series and we can do it together. ❤ I love your extended video’s. Love a good “Girl Chat” 🥰",100,normal,0.9
bRqWaOhL6-g,bonniehoellein,0.2801848,high,"Yelling  at my tv everytime you said, ""i can't""......BONNIE THROW IT AWAY! 😂😂",35,normal,0.9
bRqWaOhL6-g,bonniehoellein,0.2801848,high,"Saw this, immediately got up and put my laundry away that i've been procrastinating on for 3 days. Do more videos like this!!",3,normal,0.95
bRqWaOhL6-g,bonniehoellein,0.2801848,high,"Watching you purge the makeup reminded me how really pretty you are, especially now because less really is more. Plus…you look younger!🩵",22,normal,0.9
bRqWaOhL6-g,bonniehoellein,0.2801848,high,i uaed to love watching you clean your side of the bed in your old house!!! Keep making videos like this!,8,normal,0.9
bRqWaOhL6-g,bonniehoellein,0.2801848,high,I remember when Ellie snuck into your house to borrow Velvet Teddy for family pictures!!!! Oh you brought back memories for all of us!!!,5,normal,0.9
bRqWaOhL6-g,bonniehoellein,0.2801848,high,I love the cleaning! I don’t know why it’s so entertaining but I’m here for it! Keep going,11,normal,0.95
bRqWaOhL6-g,bonniehoellein,0.2801848,high,"I’m so happy to hear you use Vaseline. I also use baby oil to remove my makeup and mascara. Both work great, they’re less expensive and I always get told I don’t look 66.",5,normal,0.9
bRqWaOhL6-g,bonniehoellein,0.2801848,high,Fun to watch you walk down memory lane and make hard but necessary decisions.😊 there's something very therapeutic about getting rid of old stuff!,3,normal,0.9
bRqWaOhL6-g,bonniehoellein,0.2801848,high,A mom here and love the clean out videos.  Kudos to you Bonnie,1,normal,0.95
bRqWaOhL6-g,bonniehoellein,0.2801848,high,Bonnie I have been watching you since 2017 and the way I would DIE  for a bollie case!  I was in college when I started watching you and I remember watching videos of snowy winter days where you would cuddle at home with Boston and Lincoln while the big kids were at school and I would dream of being in that chapter of life…. And now 10 years later I am! I have 20 month old twins and still feel nostalgic when I think back to your old videos!,2,normal,0.85
bRqWaOhL6-g,bonniehoellein,0.2801848,high,I got emotional with you as you’re going through this. I know it brings up memories from a certain time frame. YouTube was at a height during this time and for me it was a peak time in my life as well. I know this was hard for you and I’m so proud of you.,0,normal,0.9
bRqWaOhL6-g,bonniehoellein,0.2801848,high,Oh how I wish Bollie brand was still around. I so need those Bollie cases!❤,0,normal,0.9
bRqWaOhL6-g,bonniehoellein,0.2801848,high,It's like you knew what I needed to see today. I have been holding on to makeup for the longest time. Why is it soooo hard?! I AM SO PROUD OF YOU!!! Now come sit with me and we can go through my stuff! hahahah Love ya!,2,normal,0.9
bRqWaOhL6-g,bonniehoellein,0.2801848,high,Wow this brought back so many memories! I loved this!,2,normal,0.95
bRqWaOhL6-g,bonniehoellein,0.2801848,high,This was fun! Thanks for making me giggle Bonnie!   ❤,2,normal,0.95
bRqWaOhL6-g,bonniehoellein,0.2801848,high,Please do this again! I'll watch it while I clean out my vanity too!,0,normal,0.9
bRqWaOhL6-g,bonniehoellein,0.2801848,high,"I feel you, Bonnie! I recently bought a new vanity and threw away all my make up. It was all expired but I was holding on to the good memories of discovering good makeup products with my favorite beauty influencers (used to be called gurus 😅). But I kept a few things for myself, mostly my wedding Make up and threw away the rest. If it didn’t fit in the vanity, it left my space. Now I feel refreshed and everything (except the wedding make up) is used daily or almost daily. And the wedding Make up reminds me of a very happy day and it makes me happy. It was hard but I’m so glad I do it!",0,normal,0.9
bRqWaOhL6-g,bonniehoellein,0.2801848,high,"Staring at makeup in my drawer I got for my friend’s wedding in 2022 realizing that was 3 years ago, looking at other products from when I worked at Ulta 4+ years ago. Thank you for the push to finally sit down and do it!",0,normal,0.9
bRqWaOhL6-g,bonniehoellein,0.2801848,high,"Bonnie, you did a good job of getting rid of stuff even when you felt it was hard emotionally and proud of you for keeping the things you wanted to and not having the pressing feeling of throwing it away right now. 💕",0,normal,0.9
WrFVdb3DezU,bonniehoellein,0.27979264,high,"""So what.. you think you're a better mom than me?"" Lolol 😂",29,toxic,0.7
WrFVdb3DezU,bonniehoellein,0.27979264,high,I think Joel and Jared should go to Home Depot and Bonnie and Ellie should do their voice over!,217,normal,0.9
WrFVdb3DezU,bonniehoellein,0.27979264,high,I miss when Jackson used to call you aunt mama!!,128,normal,0.9
WrFVdb3DezU,bonniehoellein,0.27979264,high,"Bonnie, your channel makes me laugh when i am sad. You channel brings me joy every time i watch a new video. It is so amazing to watch your family grow. I appreciate everything you do to keep your kids happy, your husband happy, your siblings happy, and your views happy. Thank you for doing what you do.",17,normal,0.95
WrFVdb3DezU,bonniehoellein,0.27979264,high,oatmill 😂😁😀😅😄😉,221,normal,0.8
WrFVdb3DezU,bonniehoellein,0.27979264,high,Lol at Joel's dandruff compliment!,15,normal,0.9
WrFVdb3DezU,bonniehoellein,0.27979264,high,I love how Joel's list said Oatmill instead of Oatmeal!  It's all in how you say it! :),36,normal,0.9
WrFVdb3DezU,bonniehoellein,0.27979264,high,"Bonnie, I loved how you didn't complain about your husband buying snacks and soda's. You just laughed, accepted it, and didn't yell or scream or even nag. I feel that I'd yell at my  future/bf if he brought home soda when I didn't want him to lol. However, you are a very accepting woman and you just go with the flow. You are so beautiful in your soul and I love it ^_^",15,normal,0.9
WrFVdb3DezU,bonniehoellein,0.27979264,high,Every single one of your videos has brought be so much joy. Families that love each other and others will forever be together.,3,normal,0.95
WrFVdb3DezU,bonniehoellein,0.27979264,high,your cookies were made with love....made with love means I licked the spoon lol,11,normal,0.85
WrFVdb3DezU,bonniehoellein,0.27979264,high,Bonnie has the most beautiful hair I'm so jealous lol,58,normal,0.9
WrFVdb3DezU,bonniehoellein,0.27979264,high,I love how hands on Joel is! 😍,38,normal,0.9
WrFVdb3DezU,bonniehoellein,0.27979264,high,LINCOLN WAS SO CUTE WHEN HE TRIED TO WEAR BONNIE'S SHOES AHHHH😍😍😍,2,normal,0.9
WrFVdb3DezU,bonniehoellein,0.27979264,high,"🙃You must really love Ellie b/c your wearing JEANS! 🙊👖 I don't care what anyone says, Bonnie you are a BABE😍",100,inappropriate,0.7
WrFVdb3DezU,bonniehoellein,0.27979264,high,"Who else just loves how cute Lincoln is? Gosh, so cute!",2,normal,0.9
WrFVdb3DezU,bonniehoellein,0.27979264,high,You should put Olivia in a hip hop dance class!,57,normal,0.85
WrFVdb3DezU,bonniehoellein,0.27979264,high,1:58 Joel made the exact same look that Boston does alot in the videos! Boston is like the carbon copy of Joel and its so cuteeeee! Much love from Indonesia x,14,timestamp,0.8
WrFVdb3DezU,bonniehoellein,0.27979264,high,"Whenever I see Lincoln with a binky I think of Boston saying ""Jackson too big a binky""",1,normal,0.9
WrFVdb3DezU,bonniehoellein,0.27979264,high,"My husband John use to be a HUGE soda drinker. He loved having one after a long hard day. He stopped and dropped 40 lbs! I wish it was that easy for me haha. 
We snack at night mostly and it's hard to not eat all the sweet treats!! 🍦🍨🍩🎂🍰🍫🍬",3,normal,0.85
WrFVdb3DezU,bonniehoellein,0.27979264,high,"Bonnie I love how you let Boston help with cooking, so heartwarming to watch!",1,normal,0.9
9E5belNBQFM,bonniehoellein,0.27906477,high,“Probably a turtle.” 🤣🤣🤣💀💀💀💀,19,normal,0.85
9E5belNBQFM,bonniehoellein,0.27906477,high,i think about the cutest thing ive seen in a while is lincoln saying “im nervous” when bonnie asked him if he was excited or nervous 😂😂,26,normal,0.9
9E5belNBQFM,bonniehoellein,0.27906477,high,"Lincoln is getting so tall, his little personality honestly cracks me up! The turtle comment made me laugh out loud. All your boys are super handsome and Olivia is becoming such a mature young lady-beautiful inside and out. I admire y’all’s parenting skills and the love you show all of your kids. 💕",25,normal,0.95
9E5belNBQFM,bonniehoellein,0.27906477,high,I laughed unbelievably hard at Lincoln thinking a turtle was in the jar. My 6 year old would totally do that,3,normal,0.9
9E5belNBQFM,bonniehoellein,0.27906477,high,I love how you are doing vlogs all the time again. So fun. I literally cannot start my day without you guys.,6,normal,0.9
9E5belNBQFM,bonniehoellein,0.27906477,high,lol Next time Bonnie looks in her white container there will be a turtle or a frog maybe waiting on her.  🤣🤣🤣,12,normal,0.85
9E5belNBQFM,bonniehoellein,0.27906477,high,👋 bonnie joel family from England 🇬🇧 love the oreo theme😅your kids are such a joy.always make me smile.have a fun weekend xx 😘,4,normal,0.9
9E5belNBQFM,bonniehoellein,0.27906477,high,Lol Lincoln legit wanted a turtle to be in there,1,normal,0.9
9E5belNBQFM,bonniehoellein,0.27906477,high,Def expected there to be oreos in there. But now he knows there is nothing in there it's a perfect oreo hiding spot.,3,normal,0.85
9E5belNBQFM,bonniehoellein,0.27906477,high,i laughed so hard at ''idk probably a turtle'' 🐢,4,normal,0.9
9E5belNBQFM,bonniehoellein,0.27906477,high,Lincoln's just so cute I love him!,4,normal,0.9
9E5belNBQFM,bonniehoellein,0.27906477,high,Haha sugar rush for the kids. They seemed so happy with those Oreos,2,normal,0.9
9E5belNBQFM,bonniehoellein,0.27906477,high,I LOVE YOU GUYS SUCH A WELL ORGANIZED FAMILY AND SO SWEET AND FUNNY💕💓,6,normal,0.9
9E5belNBQFM,bonniehoellein,0.27906477,high,Bonnie said hold up watch the Curls,1,normal,0.8
9E5belNBQFM,bonniehoellein,0.27906477,high,I was lucky because my mom said school was my job so I didn’t have an outside job. Spending money was doing extra chores. And this went clear through  college. I lived at home to save money. Best parents ever!!😜🤗,1,normal,0.8
9E5belNBQFM,bonniehoellein,0.27906477,high,"Awe, Lincoln was so nervous about what was in that jar like thing in ur room that he tooted lol 😆 😅 😄 😂 Good trick Bonnie I loved it.",2,normal,0.85
9E5belNBQFM,bonniehoellein,0.27906477,high,Olivia needs to try Ben and Jerry brownie core ice cream!,1,normal,0.85
9E5belNBQFM,bonniehoellein,0.27906477,high,He was so disappointed ☹️ no turtle 🐢 boo!,1,normal,0.9
9E5belNBQFM,bonniehoellein,0.27906477,high,I love all of you guys so much and I hope that you are all having a wonderful day today ❤️❤️❤️❤️❤️❤️❤️❤️❤️❤️❤️❤️❤️❤️❤️❤️,1,normal,0.9
9E5belNBQFM,bonniehoellein,0.27906477,high,That was my favorite mission going to Mexico. I would love to go back.,2,normal,0.85
L2dZA_WEfAQ,bonniehoellein,0.27879936,high,"Coming from a 17 year old here, it may be a sad reality, but technology is essential in our world and for everyday life. I understand why you don't support the ""everyone has one so I need one"" notion, but it's not even about that. Your daughter is in high school. Introducing freedom and independence (within reason) is essential at her age. The amount of younger kids I see that are sheltered and stay within their own bubble is growing. It's completely reasonable and realistically needed for her to have her own phone; and not even for entertainment purposes but for school and keeping in contact with you. The idea of sharing with a younger sibling may not go the way you want it to either. You gotta be able to trust your kid to use the phone responsibly.",64,normal,0.85
L2dZA_WEfAQ,bonniehoellein,0.27879936,high,O.M.G I HAVE NOT WATCHED THIS CHANNEL FOR YEARS LIKE 5 YEARS AND I MISS THEM SM. OLIVIA HAS GROWN SO MUCH.. LIKE OMG SHE IS SO PRETTY IMA START WATCHING THRM AGAIN,16,normal,0.9
L2dZA_WEfAQ,bonniehoellein,0.27879936,high,sharing a phone must be hell LMAO. im so glad i never needed to. olivia is almost like 16 lmao i think shes old enough to have her own😭😭😭,48,normal,0.9
L2dZA_WEfAQ,bonniehoellein,0.27879936,high,Olivia has gotten so big. I remember her so little!!! Shes a beautiful mature young woman already!!!! Youre a great mom Bonnie.,33,normal,0.95
L2dZA_WEfAQ,bonniehoellein,0.27879936,high,I'm mind boggled at the fact that some parents just let their kids have a phone with no boundaries. I think your kids ( Olivia and Cody)are responsible enough and respect the boundaries you set enough to have this. This made me remember that time Olivia saved all her money for a phone and she was so sad she didn't  have enough.,89,normal,0.9
L2dZA_WEfAQ,bonniehoellein,0.27879936,high,Life 360 is a absolute must,13,normal,0.8
L2dZA_WEfAQ,bonniehoellein,0.27879936,high,"I remember when I was in middle school, which first of all…I genuinely don’t know why 12,13 and 14 year olds need a iPhone…every teacher wanted the kids to do a Kahoot game; I feel like it’s also bad that kids “need” a phone to play…no kid should have a phone at that age. I also remember that I was so “annoyed” that my parents didn’t give me a phone but now I realized that it was safer for me but also kids are still developing their brains at that time, so kids having phones and social media is just the worst thing to do in my opinion. Having a phone at Olivia’s age is the best option and it’s also amazing that you are “restricting” things because she still is growing mentally. You have the best parental advice!! I’m still very young but a lot of the stuff you say, I 100% agree with. So kudos to you and Joel!! Your kids seem so respectful and so kind!!",13,normal,0.85
L2dZA_WEfAQ,bonniehoellein,0.27879936,high,"As recent 18 year old, ive had social media since I was about 9. At the time social media was definitely a bit more innocent, but now days social media can be very very scary. I totally agree with the social media rule. As someone who has social media, it can be so draining and addictive. But the one thing I am happy about is my privacy. Although I'm not ever texting anything I don't want my parents to see, if my friends are going through things that they just want to talk to me about, I don't think its appropriate for my parents to be reading those kind of messages!",7,normal,0.85
L2dZA_WEfAQ,bonniehoellein,0.27879936,high,"It’s easy for them to not *miss* their phone or feel the *need* to have a phone without internet or social media, because they grew up in that type of household. And guess what? They’re fully functional, happy and entertained kids! And that truly shows how a kid doesn’t *need* a phone with all of that, not even when so many think it’s a “basic necessity” nowadays. 
Proud of you for sticking up for your kids and your beliefs even when a big chunk of the world thinks otherwise!",22,normal,0.85
L2dZA_WEfAQ,bonniehoellein,0.27879936,high,Life 360 is a must!,41,normal,0.8
L2dZA_WEfAQ,bonniehoellein,0.27879936,high,"Coming from a person that had unrestricted access to the internet and social media at around the age of 10, thank you. This is the way parents need to govern their children’s access to the internet.",133,normal,0.85
L2dZA_WEfAQ,bonniehoellein,0.27879936,high,Great advice  for parents and phones for their teens. 📲😊,9,normal,0.9
L2dZA_WEfAQ,bonniehoellein,0.27879936,high,"Thank you for protecting your kids! I had unrestricted access to the internet since the first iPhone was made pretty much. I saw images and videos no minor should see. My dad told me a story of when he was a kid and sneaking into adult rated stores and he said he saw images and videos no kid should see. It’s easier now for kids to be exposed to those types of things. And parents need to be aware. There is no need for a kid to have a phone. Even with school projects online, you can ask a teacher if you can do it on paper or use a computer or a parent’s phone.",6,normal,0.9
L2dZA_WEfAQ,bonniehoellein,0.27879936,high,It brings me back to Olivia saving up for her first iPhone,2,normal,0.9
L2dZA_WEfAQ,bonniehoellein,0.27879936,high,"i work at a high school and i just have to say this is something i wish i saw A LOT more of!! it’s so so sad to see kids who are addicted to their phone at 14 or deal with mental health issues due to social media/technology use 😢 if anyone hates on this please ignore it 😂
great job bonnie!!",3,concern,0.8
L2dZA_WEfAQ,bonniehoellein,0.27879936,high,"I think the combination of restricting their access to social media (probably the biggest ""problem"" with having a phone) and allowing them to use a phone and learn how to do so responsibly makes the most sense!",3,normal,0.85
L2dZA_WEfAQ,bonniehoellein,0.27879936,high,Such great tips. There are too many kids on social media and different platforms like TikTok with zero supervision. It's so harmful for them on so many levels,5,concern,0.85
L2dZA_WEfAQ,bonniehoellein,0.27879936,high,"I appreciate the boundaries you set up, keeping her safe with some necessary freedom. I remember watching the video of her counting up her money for a phone! Time goes by quick.",3,normal,0.9
L2dZA_WEfAQ,bonniehoellein,0.27879936,high,"so proud of them and their responsible selves!!❤❤❤ duh, so proud of you and joel, too.",5,normal,0.9
L2dZA_WEfAQ,bonniehoellein,0.27879936,high,"I love the rule of no fighting over texts. When I was Olivias age, my Friends and I had so many arguments about misunderstandings over texts. 🙈😅",3,normal,0.9
ALW4nu9lWGw,bonniehoellein,0.27845043,high,I have noticed how Bonnie is so confident filming in public now compared to when she started YouTube. I think it's awesome.,298,normal,0.9
ALW4nu9lWGw,bonniehoellein,0.27845043,high,Is no one going to address how amazing Bonnie looks in that blue dress! So beautiful! 👗,12,normal,0.7
ALW4nu9lWGw,bonniehoellein,0.27845043,high,"Bonnie, you look STUN-NING in this vlog. It absolutely blew me away when the vlog started! And that blue dress! So pretty, you are a beautiful woman.",59,normal,0.9
ALW4nu9lWGw,bonniehoellein,0.27845043,high,"We just had our second baby boy in March and his name is also Lincoln! We started vlogging because we love it, but also dreams of being able to be home with my babies like you are everyday!",17,normal,0.8
ALW4nu9lWGw,bonniehoellein,0.27845043,high,"Aw Lincoln's just like ""Wait a minute mom, where did you get these from? 🤔 where did you guys go???"" 😂 So glad to see you guys home safe and sound! What will the NEXT trip be!? 🙌💃💕 Aw Joel's msg at the end!😢 Hope Everyone had an AMAZING Mother's Day!💐",14,normal,0.9
ALW4nu9lWGw,bonniehoellein,0.27845043,high,Lincoln looks like a little Minion! So stinking cute! 🤣 I hope he gets to feeling better soon. Hugs!,3,normal,0.9
ALW4nu9lWGw,bonniehoellein,0.27845043,high,1st baby= organic fruits and vegetables. 4th baby= bag of Skittles 😅😅😅,74,normal,0.8
ALW4nu9lWGw,bonniehoellein,0.27845043,high,Every mom deserves to have a meal or time by herself now and then.  I know I love my alone time when I'm sewing or crocheting Christmas gifts.  So enjoy those times.,2,normal,0.9
ALW4nu9lWGw,bonniehoellein,0.27845043,high,how cute is Lincoln sharing with the kids. lol he really didn't want to at all hahaha,2,normal,0.9
ALW4nu9lWGw,bonniehoellein,0.27845043,high,I love that they had all Disney teddy bears on all of the kids back packs so cute,1,normal,0.9
ALW4nu9lWGw,bonniehoellein,0.27845043,high,I  couldn't stop laughing at Lincoln not wanting to hand out the skittles.  He's too funny.,0,normal,0.9
ALW4nu9lWGw,bonniehoellein,0.27845043,high,"On the mash potatoes masher, put a clear coat of nail polish on the rust bit, let it completely dry, and it will help hold everything together so no rust chips off in your food ! hope this helps !",3,normal,0.8
ALW4nu9lWGw,bonniehoellein,0.27845043,high,aww Love a good Jared vlog ending.. So touching.  That wink at the end is such a sweet endearing notion.,1,normal,0.9
ALW4nu9lWGw,bonniehoellein,0.27845043,high,"I watch this family everyday, so no matter the title I still watch. Also loved seeing the children with their Disney characters in their backpacks walking, too cute!",0,normal,0.9
ALW4nu9lWGw,bonniehoellein,0.27845043,high,"My husband turns to me and says: ""she's talking to you right now!"" 😂🤣 I've watched EVERY video of yours 😘 its neat to watch your family grow.",1,normal,0.9
ALW4nu9lWGw,bonniehoellein,0.27845043,high,Joel is dad goals !!!! ❤️ you two are the sweetest couple & most loving parents - such a great influence to have on YouTube,0,normal,0.9
ALW4nu9lWGw,bonniehoellein,0.27845043,high,Thank you Joel. I was surrounded by my boys and wonderful husband on Mothers Day. Reminding me how grateful I am to be their mom.,0,normal,0.9
ALW4nu9lWGw,bonniehoellein,0.27845043,high,thank you for acknowledging and thanking your viewers and subscribers. You truly are a great mom and imspiring! I find many YouTubers don't appreciate and realize they wouldn't be doing fun things without us.,0,normal,0.9
ALW4nu9lWGw,bonniehoellein,0.27845043,high,LOVE how appreciative you are Bonnie!!,1,normal,0.9
ALW4nu9lWGw,bonniehoellein,0.27845043,high,sweet family.  thanks Joel that was very nice thing to say to Mothers.  some of us don't have kids to say that to us. to busy with their own life💜,1,normal,0.9
Dn6w5dXOf0Q,bonniehoellein,0.2775125,high,what the,0,toxic,0.6
qwAm4C8dpdw,bonniehoellein,0.27669543,high,"Not an indoor dog?! Our dog brings us so much joy I couldn't imagine not having her in the house, she's a member of the family!",4,normal,0.9
qwAm4C8dpdw,bonniehoellein,0.27669543,high,"""Don't you dare say Joel"" oh my gosh those kids are funny :) lol",2,normal,0.95
qwAm4C8dpdw,bonniehoellein,0.27669543,high,""" do they even listen?"" I'm totally with you. I have a 4 year old, 2 year old and a 6 month old. I'm constantly asking if my older two even listen to anything I say. Totally enjoyed this vlog. I'm so glad to see I'm not alone in motherhood.",2,normal,0.9
qwAm4C8dpdw,bonniehoellein,0.27669543,high,"""We're both in trouble, we're both naughty"" oh my goodness😂😂",10,normal,0.95
qwAm4C8dpdw,bonniehoellein,0.27669543,high,"Gee, does this film bring back memories to me. !  Bonnie, just close your eyes and imagine that you have 2 times as many little  "" curtain climbers ""
plus one.  Yes, 9 of the little ones. I am 84 years old now and I think back and wonder how in the world I ever got things done but  every one is a happy memory and oh ! what I would give today just for 1 day with those little people.  They are all grown now with families of their own. I love watching you with your family and love your show  !  👍",3,normal,0.85
qwAm4C8dpdw,bonniehoellein,0.27669543,high,"Bonnie, my mom always said that she never would get a dog and 3 years ago we ended up getting once. Our dog has been the biggest blessing in our lives and my moms best friend.",1,normal,0.9
qwAm4C8dpdw,bonniehoellein,0.27669543,high,Cody is so adorable!!! I just want to hug him!,4,normal,0.9
qwAm4C8dpdw,bonniehoellein,0.27669543,high,"My absolute best advice for you, as someone who just rescued a 4 week old puppy (who is now almost four months)... with as many children and things to do as you do, do not get a puppy. Go to a shelter and adopt an older dog, or find a retired breeding female who has been tested for temperament time and time again.
You don't have time for the puppy stage, (the chewing, mouthing, sleepless nights, potty training it is truly, truly, like having another newborn, and there are SO many well behaved, already potty trained dogs just sitting in shelters waiting for a home. Since they're older, you'll already know what you're dealing with, no temperament or behavior surprises ESPECIALLY in a home with small children!

Dogs are a great addition to families and many breeds are very tolerant of children and prefer that setting.
I'm a part of a non-for-profit called Cause For Paws and I would be absolutely glad to help answer any questions you have about breeds, adoption, or breeder puppies. Please let me know! :)",22,normal,0.85
qwAm4C8dpdw,bonniehoellein,0.27669543,high,Cody is going to be a heartbreaker when he grows up! What a cutie pie!,1,normal,0.9
qwAm4C8dpdw,bonniehoellein,0.27669543,high,I could never say no to Boston's little voice or face! He is too cute. You are such a good mom!,1,normal,0.9
qwAm4C8dpdw,bonniehoellein,0.27669543,high,"My favorite moment in this vlog is when you say ""Do they even listen?"" and Lincoln's eyes are sparkling with amusement. Oh my goodness. It's as if he is thinking ""I listen, Mom. I'm the best kid in this family.""",0,normal,0.9
qwAm4C8dpdw,bonniehoellein,0.27669543,high,"You should tell Olivia if she wants a puppy she has to behave the best she can, not be sassy, not laugh after mom finishes talking, etc. tell her that it's to prove to you she is responsible.",7,normal,0.85
qwAm4C8dpdw,bonniehoellein,0.27669543,high,"Boston is so cute!!!! ""We are both in trouble, We are both naughty"" hahahah",1,normal,0.9
qwAm4C8dpdw,bonniehoellein,0.27669543,high,"BONNIE, THAT BABY LINCOLN IS SO GORGEOUS! THOSE BLUE EYES AND CHUBBY CHEEKS MELT MY HEART!",16,normal,0.9
qwAm4C8dpdw,bonniehoellein,0.27669543,high,"I recommend adopting an older dog from a shelter but if that option doesn't work out, golden doodles are great with kids :)",2,normal,0.85
qwAm4C8dpdw,bonniehoellein,0.27669543,high,"Boston is TOO funny! ""we're both in trouble, we're both naughty"" UGh he is such a character.",0,normal,0.9
qwAm4C8dpdw,bonniehoellein,0.27669543,high,boston getting so worried he'll get in trouble is freakin adorable!,1,normal,0.9
qwAm4C8dpdw,bonniehoellein,0.27669543,high,I love how Bonnie went full on cleaning for a spill of oatmeal😂,1,normal,0.9
qwAm4C8dpdw,bonniehoellein,0.27669543,high,Love That Boston said Mrs. Doubtfire. Aslo the way he said it :),4,normal,0.9
qwAm4C8dpdw,bonniehoellein,0.27669543,high,Enjoy every minute with them !!! One minute your trying to raise them a young family so much to do all the time and the next they are grown with a family of their own it goes by in the blink of an eye!!! Love you guys!!!,0,normal,0.9
TiiofThzE4E,bonniehoellein,0.2753957,high,Olivia's face 😂 she knows whats up!,561,normal,0.9
TiiofThzE4E,bonniehoellein,0.2753957,high,"I love how they bounce back so quickly, forgive and forget! If only adults would do that!",96,normal,0.95
TiiofThzE4E,bonniehoellein,0.2753957,high,"I LOVE HIS SISTERS FACE IN THE CORNER SHE IS ALL SMILES AND LAUGHING LIKE 
""HAHA I GOT MAH CANDY!""😂😂",89,normal,0.9
TiiofThzE4E,bonniehoellein,0.2753957,high,I wanted to give him a hug when he started crying aw haha,152,normal,0.9
TiiofThzE4E,bonniehoellein,0.2753957,high,for some reason his cry was cute. like it wasn't demonic like some. it  was just cute idk,200,normal,0.85
TiiofThzE4E,bonniehoellein,0.2753957,high,Olivia laughing 😂😂,73,normal,0.9
TiiofThzE4E,bonniehoellein,0.2753957,high,Olivias smirk when he first starts crying gets me every time!,27,normal,0.9
TiiofThzE4E,bonniehoellein,0.2753957,high,"If my mum told me she ate all my sweets, I'd cry. 


I'm 17..",351,normal,0.8
TiiofThzE4E,bonniehoellein,0.2753957,high,1:07 savage olivia,129,timestamp,0.95
TiiofThzE4E,bonniehoellein,0.2753957,high,Hes like my life savings gone😂😭,2,normal,0.85
TiiofThzE4E,bonniehoellein,0.2753957,high,if I was a parent immediately be like I'M SO SORRY WE ARE  JUST KIDDI G,52,normal,0.85
TiiofThzE4E,bonniehoellein,0.2753957,high,"Dear everyone who is saying this is cruel and that she is a bad parent, THIS WAS A PRANK. I'll bet this kid was just fine after he got his candy. She's not a bad parent.This was a harmless prank, and the kid was only upset for a little while. This won't cause emotional damage to anyone, yall need to calm down XD",59,concern,0.7
TiiofThzE4E,bonniehoellein,0.2753957,high,That was the most dramatic cry I have ever heard lol,233,normal,0.9
TiiofThzE4E,bonniehoellein,0.2753957,high,1:11  bro in the corner just laughing,1,timestamp,0.95
TiiofThzE4E,bonniehoellein,0.2753957,high,the face of despair when he looks into the bucket xD,0,normal,0.9
TiiofThzE4E,bonniehoellein,0.2753957,high,So cute how sister was grinning I'm the background! ,39,normal,0.9
TiiofThzE4E,bonniehoellein,0.2753957,high,Poor Kody. Olivia couldn't help giggling though.,49,normal,0.9
TiiofThzE4E,bonniehoellein,0.2753957,high,Did you see Olivia s face ha ha ha love you all,210,normal,0.9
TiiofThzE4E,bonniehoellein,0.2753957,high,At 0:56 it sounded like a door was slowly opening,25,timestamp,0.95
TiiofThzE4E,bonniehoellein,0.2753957,high,Your such a mean mom for teasing your kid like that,5,concern,0.75
5FSHaY-ygFk,bonniehoellein,0.2753957,high,Daddy's always get blamed. Poor guys are all at work while their kids are wishing tummy aches on them. Ha ha,55,normal,0.85
5FSHaY-ygFk,bonniehoellein,0.2753957,high,Thank you for letting Bonnie put this up! Haha ,91,normal,0.9
5FSHaY-ygFk,bonniehoellein,0.2753957,high,"POOR EMMA GAWD I HATE THE ""I ATE YOUR CANDY"" PRANKS",2,toxic,0.8
5FSHaY-ygFk,bonniehoellein,0.2753957,high,"So mean, but SO cute!!",2,normal,0.9
5FSHaY-ygFk,bonniehoellein,0.2753957,high,It's funnier because she's still in her costume.,9,normal,0.9
5FSHaY-ygFk,bonniehoellein,0.2753957,high,Awwww Dad's gonna have a tummy ache. Haha.. He might deserve it for eating all of Emma's candy! ;),5,normal,0.9
5FSHaY-ygFk,bonniehoellein,0.2753957,high,Poor Emma,1,normal,0.9
5FSHaY-ygFk,bonniehoellein,0.2753957,high,Awe bless her heart. Goodness she is one beautiful girl. Daddy better watch out for those boys and for a tummy ache. Hehe,3,inappropriate,0.7
5FSHaY-ygFk,bonniehoellein,0.2753957,high,"I came over because of Ellie and Jared.  Poor little one, her heart was broken.  :(",1,concern,0.8
5FSHaY-ygFk,bonniehoellein,0.2753957,high,This one is one of the cutest I hope Jimmy showed this one!!!,1,normal,0.9
5FSHaY-ygFk,bonniehoellein,0.2753957,high,Aww poor thing,1,normal,0.9
5FSHaY-ygFk,bonniehoellein,0.2753957,high,she. is. your.  kid,1,normal,0.7
5FSHaY-ygFk,bonniehoellein,0.2753957,high,The kid acted like nothing happened when she got her candy lol,0,normal,0.9
5FSHaY-ygFk,bonniehoellein,0.2753957,high,Ohh my god Emma! You're so precious ❤️,0,normal,0.9
5FSHaY-ygFk,bonniehoellein,0.2753957,high,She's so cute 😍🍭,1,normal,0.9
5FSHaY-ygFk,bonniehoellein,0.2753957,high,That is so cruel to do to kids!!  I also did that!!,2,concern,0.8
5FSHaY-ygFk,bonniehoellein,0.2753957,high,She is so cute,1,normal,0.9
5FSHaY-ygFk,bonniehoellein,0.2753957,high,Haha ooh Emma you crack me up! So cute!,0,normal,0.9
5FSHaY-ygFk,bonniehoellein,0.2753957,high,how  would   do  there  kids  like  that,1,concern,0.8
5FSHaY-ygFk,bonniehoellein,0.2753957,high,omg remember when this came out wow,2,normal,0.9
u4n-Nk_arws,bonniehoellein,0.27242446,high,"I really have to give props to her parents, for raising such sweet kids.  I really enjoy watching all of them! They are so cute.",7,normal,0.9
u4n-Nk_arws,bonniehoellein,0.27242446,high,12:41 Lincoln's planking. LOL,6,timestamp,0.95
u4n-Nk_arws,bonniehoellein,0.27242446,high,"HI, just a quick comment on the Tula carrier. The reason why it won't allow the baby to face ""out"" is because it is not good for their backs. So even if some carriers will technically allow the baby to look ""out"" I highly recommend not to do it; it won't support baby's back and won't keep it sitting in the ""correct"" sitting position, which is the knees being higher than the bum. I can understand that it seems appealing to allow the baby to look ""out"", wouldn't suggest it though :-) hope this helps, cheerio from Austria, J",15,normal,0.9
u4n-Nk_arws,bonniehoellein,0.27242446,high,When I grow up I want to be a mother just like you. You are so beautiful and aspiring to me! Olivia Cody Bosten and little Lincoln are so lucky to have you and Joel as their parents! Love you!,45,normal,0.9
u4n-Nk_arws,bonniehoellein,0.27242446,high,"Bonnie, all of your kids are adorable, but I have a huge soft spot for Cody.  What a genuinely sweet and loving little boy!!",3,normal,0.9
u4n-Nk_arws,bonniehoellein,0.27242446,high,Cody's excitement about Lincoln crawling is the cutest thing in the world! What a great big brother! <3,0,normal,0.9
u4n-Nk_arws,bonniehoellein,0.27242446,high,So exciting you caught Lincoln crawling on video! The way your kids love one another is just so precious.,0,normal,0.9
u4n-Nk_arws,bonniehoellein,0.27242446,high,"Boston's smile at the start of this video simply slays me.  How much more adorable could God make a child?  All of the Hoelleins.. simply beautiful.. But that Boston.. oh my lord, he is so precious!",2,normal,0.9
u4n-Nk_arws,bonniehoellein,0.27242446,high,Any good carrier doesnt face outward because it's bad for their little hips!  but a wrap is perfect for facing out. The kangaroo hold is wonderful :),12,normal,0.9
u4n-Nk_arws,bonniehoellein,0.27242446,high,I love how your kids love each other! So sweet! :),4,normal,0.9
u4n-Nk_arws,bonniehoellein,0.27242446,high,Olivia has such a beautiful singing voice! That little girl is just so precious.,0,normal,0.9
u4n-Nk_arws,bonniehoellein,0.27242446,high,That little grin...Lincoln looks awfully proud of himself. 😍😏,1,normal,0.85
u4n-Nk_arws,bonniehoellein,0.27242446,high,I think it shows a lot about how compassionate your children are when they are so excited for their baby brother to start crawling. Such a sweet moment.,1,normal,0.9
u4n-Nk_arws,bonniehoellein,0.27242446,high,"Bonnie, when the video started I first thought ""SLAY"" you look incredible",6,normal,0.9
u4n-Nk_arws,bonniehoellein,0.27242446,high,I think its sweet how both you and Ellie have mentioned your mom saying its always a good idea to get ready!,0,normal,0.9
u4n-Nk_arws,bonniehoellein,0.27242446,high,"OMG!!! Olivia made me SO happy singing in Portuguese! Its my mother tongue :) I kinda recognised the words and that was so funny, I didn't expect. 
Can you please tell her that I am very proud and excited to see more! She did great xxx",6,normal,0.9
u4n-Nk_arws,bonniehoellein,0.27242446,high,When he crawled I was sooooo excited as if he was my own child 😂,1,normal,0.9
u4n-Nk_arws,bonniehoellein,0.27242446,high,"So awesome that you caught Lincoln crawling for the very first time on ""film""--you couldn't have picked a better time to turn the camera on!!! 🙌",9,normal,0.9
u4n-Nk_arws,bonniehoellein,0.27242446,high,"I love how Lincoln was like, ""oh my word, I'm moving forward! I'm moving forward! Um..how do I turn around?!"" ☺️☺️😍😍",0,normal,0.9
u4n-Nk_arws,bonniehoellein,0.27242446,high,Hey! I am no baby wearing expert but I just wanted to tell you I have a Tula and my youngest is 15 months old now. Now that he is older I wear him on my back while grocery shopping or at times when I just can't let him run free and he loves it and can see lots going on! I know you said you like to wear the baby facing out but it's not very supportive for their growing bodies and can also over stimulate them! Just wanted to let you know as Lincoln gets older you can move him to the back carry so you might end up loving it later on!,7,normal,0.9
bwxoSwhvFQw,bonniehoellein,0.26908633,high,"That quiet, sweet, exercise of patience and precision, wrapping each shell, taping the box so carefully.  And then Lincoln says, “so satisfying.”  What a perfect, everyday little memory, the kind that will one day make him say, every time I pack up a box, I think of my mom.",15,normal,0.9
bwxoSwhvFQw,bonniehoellein,0.26908633,high,"Swimming in socks!!!?   lol. Sending Love, Peace,& Blessings 🥰☮️💜",8,normal,0.95
bwxoSwhvFQw,bonniehoellein,0.26908633,high,Linc is too cute for his own good! You know he felt like a million bucks carrying his catches over to filet them!! Cutie patootie! Love love love these vlogs each year.,4,normal,0.95
bwxoSwhvFQw,bonniehoellein,0.26908633,high,Lincoln is definitely all boy and he is definitely going to be a heartbreaker. He is such a handsome young man.,31,normal,0.9
bwxoSwhvFQw,bonniehoellein,0.26908633,high,"I could never swim in socks, lol You guys are having the best time ❤❤",2,normal,0.95
bwxoSwhvFQw,bonniehoellein,0.26908633,high,Old people always call my daughter sir !! 😂 it's the funniest thing 😂,1,normal,0.9
bwxoSwhvFQw,bonniehoellein,0.26908633,high,4:25 This Kid ❤❤,2,timestamp,0.9
bwxoSwhvFQw,bonniehoellein,0.26908633,high,Love watching you guys!❤,3,normal,0.95
bwxoSwhvFQw,bonniehoellein,0.26908633,high,"the boys independence is crazy! i’ve pretty much seen them all grow up and im 19. They all have so many traits of joel regarding all their practical skills and ability to do all the things they do and i’ve definitely seen lincoln has also picked up on this, You and olivia are so alike, i also can see she’s starting to speak in such a way that she’s pretty much another version of you and it just shows how they’ve been brought up. I admire you guys!! (also do you have a P.o. box? I’ve seen on your old videos in utah you used to have one)❤",12,normal,0.9
bwxoSwhvFQw,bonniehoellein,0.26908633,high,"Miss Bonnie when I’ve mailed seashells and little breakables from vacation, I put it in the jar, filled it up with the shells and then put rice in it and then wrapped the jar up with bubble wrap",7,normal,0.85
bwxoSwhvFQw,bonniehoellein,0.26908633,high,NOTHING has made my heart happier. This vlog… I swear the sun came out and I just felt the JOY!! Watching the love and gentleness of amazing lessons you are teaching these kids.  They have NO idea right now the gift they are being given.  Thank you for raising our the future our world needs. ❤❤,5,normal,0.95
bwxoSwhvFQw,bonniehoellein,0.26908633,high,Great vlog today you guys I love all of you guys so much and I hope that you are all having a wonderful day today ❤❤❤❤❤❤❤❤❤❤❤❤❤❤❤❤❤❤❤❤❤❤❤,0,normal,0.95
bwxoSwhvFQw,bonniehoellein,0.26908633,high,I love you Bonnie!!!❤❤❤Looks so much fun,0,normal,0.95
bwxoSwhvFQw,bonniehoellein,0.26908633,high,Your kids are a credit to you both. Lincoln is growing into a thoughtful and caring young man 🫶🏼,0,normal,0.9
bwxoSwhvFQw,bonniehoellein,0.26908633,high,Awwweee Lincoln so handsome !! I remember the exact vlog when he was born🥹😭😭,0,normal,0.9
bwxoSwhvFQw,bonniehoellein,0.26908633,high,You're too funny Cody 😂😂,0,normal,0.9
bwxoSwhvFQw,bonniehoellein,0.26908633,high,"Happy Friday, Bonnie!😊😊😊😊😊😎☀💙💙💙💙💙💙🙏🌷💖💖💖💖💖💖⭐⭐⭐⭐⭐⭐👍. I love it when Cody bumps Olivia into the pool fully clothed and it's so...funny! LOL!😂😂😂😂😂😂😂. And Olivia's hair got wet, too! LOL!!😂😂😂😂😂😂💙💙💙💙💙💙💙👍",1,normal,0.9
bwxoSwhvFQw,bonniehoellein,0.26908633,high,Lincoln carrying his fish bucket! 🧡It’s so nice to see how much fun he is having snorkeling and fishing 🌼 I so enjoy watching your videos Bonnie and Joel! These Florida videos are nice to watch to just get away from everyday life and stress. Thanks for sharing with us. 🌸,0,normal,0.95
bwxoSwhvFQw,bonniehoellein,0.26908633,high,"It’s always so much fun to see what y’all are up too…I haven’t commented in a while, but thought I’d come on here and say I really am happy that y’all are having such a good time. I have friends that live there. We also have family and friends that live all over Florida… Sending hugs, love, prayers and kindness with a daily dose of encouragement.♥️🙏🏼👍🏼🇺🇸🌹with a smile.😊",2,normal,0.9
bwxoSwhvFQw,bonniehoellein,0.26908633,high,Goodmorning Hollien family Happy Friday. Hope you guys have a wonderful weekend and enjoy your more adventures. ❤❤❤❤❤❤,1,normal,0.9
PYMws6g63zc,bonniehoellein,0.26895803,high,Listening to Olivia talk about hanging out with her friends at the mall brought back so many memories.  I love your hair Bonnie.,41,normal,0.9
PYMws6g63zc,bonniehoellein,0.26895803,high,"I love how mature Olivia is, she has grown up so much. I can’t believe that Olivia is getting so much older now and she is becoming a young lady and her personality is really showing",21,normal,0.9
PYMws6g63zc,bonniehoellein,0.26895803,high,At 4:04 Olivia sounds just like Bonnie for a sec,46,timestamp,0.8
PYMws6g63zc,bonniehoellein,0.26895803,high,Aww Olivia is the cutest! She is everyone’s ideal friend. Such a great person inside and out,22,normal,0.95
PYMws6g63zc,bonniehoellein,0.26895803,high,Olivia sounds & talks just like her Momma 💕,4,normal,0.9
PYMws6g63zc,bonniehoellein,0.26895803,high,OMG! Olivia is sooooooo grown up! I can't believe how quickly the time has passed! I started watching your vlogs years ago and it feels just like yesterday! I bet as a mom you feel that it has just been a second :D,6,normal,0.9
PYMws6g63zc,bonniehoellein,0.26895803,high,Olivia should have her own channel!,10,normal,0.85
PYMws6g63zc,bonniehoellein,0.26895803,high,😂😂😂 not Joel taking a handful of Cheerios from the passenger seat and eating them! Haha! 🙌🏻🤩,3,normal,0.9
PYMws6g63zc,bonniehoellein,0.26895803,high,"I love it when Lincoln spilled the Cheerios and Joel vacuumed them up at 2:12 because it’s so satisfying. Also, I love watching your videos!",0,timestamp,0.9
PYMws6g63zc,bonniehoellein,0.26895803,high,I love your videos sooooo much!! You and your family just lite my whole day!,11,normal,0.95
PYMws6g63zc,bonniehoellein,0.26895803,high,The view on that property! Holy smokes!,3,normal,0.85
PYMws6g63zc,bonniehoellein,0.26895803,high,Olivia sounds like her mom,1,normal,0.9
PYMws6g63zc,bonniehoellein,0.26895803,high,"Bonnie, I just LOVE your hair style !!!!     It looks so cute on you and it seems to be so bouncy when you walk !    
     Olivia, you are so mature when you are doing your vlogs.  When you were out shopping with your friends and you started to giggle, about the way that you did your face , and you said something about getting kicked out of the mall because of it, it may be because you seemed to be making fun of other people.  To YOU, it wasn't making fun of people,you were just having fun  - period !     You weren't making fun of anyone else you were just having fun by drawing on your face and it made you laugh at yourself. Anyway, you just be yourself and don't let anyone spoil your fun. 
     I felt so badly that Lady had to get down from the blanket in the basket because she wasn't doing anything wrong. She was just sleeping there . She wasn't chewing on the basket and she was showing you that she could be on the blanket in the basket WITHOUT chewing on it !!!!    Poor little Lady Girl  !!!!!    I understand that you have your rules, but she was VERY cute lying down up there !!!!!      And she was soooooo comfy - cozy !!!!",1,normal,0.9
PYMws6g63zc,bonniehoellein,0.26895803,high,"As I was listening to Olivia, I realized how her voice sounds so much like Bonnie’s. I just kept listening and I kept seeing if Bonnie was in the room!",1,normal,0.9
PYMws6g63zc,bonniehoellein,0.26895803,high,Olivia needs her own youtube channel!!,4,normal,0.85
PYMws6g63zc,bonniehoellein,0.26895803,high,I started watching you years ago! Loved the wholesome videos….. you have changed in last few years…. And in a way that I can’t watch anymore 😞. Glad you and family are doing well and thriving …,0,concern,0.8
PYMws6g63zc,bonniehoellein,0.26895803,high,I love your hair! I think it looks great that length,3,normal,0.9
PYMws6g63zc,bonniehoellein,0.26895803,high,Olivia sounds just like Bonnie the entire time!,1,normal,0.9
PYMws6g63zc,bonniehoellein,0.26895803,high,"Bonnie, I LOVE your short hair! It's gorgeous with all those curls. ❤❤",13,normal,0.9
PYMws6g63zc,bonniehoellein,0.26895803,high,I love all of you guys so much and I hope that you are all having a wonderful day today ❤️❤️❤️❤️❤️❤️❤️❤️❤️❤️❤️❤️❤️❤️❤️❤️❤️❤️,0,normal,0.95
OQR-WNtnI_E,bonniehoellein,0.26837993,high,Poor dog lisa jackson whitby  ont😢,0,normal,0.7
sNMOciZfsr8,bonniehoellein,0.26790428,high,"bonnie you are such a beautiful mother, i truly admire this parenting style so much, i’ve been rewatching so many of your vlogs and i feel so much comfort in your parenting style and im deeply sorry you’ve been compared to other people negatively, your children have grown up to be so respectful, so gracious and so loving and that’s the direct product of you and joel, as a 21 year old i wish i had parents like you guys, you’ve don’t such an amazing job through everything you’ve been through and i hate to see people criticizing your family without seeing how different you all are! sending love!",4,normal,0.9
sNMOciZfsr8,bonniehoellein,0.26790428,high,Big fan Bonnie I’ve been watching since 2018-2019,3,normal,0.9
sNMOciZfsr8,bonniehoellein,0.26790428,high,2:47 that is my favorite line when i get in trouble,0,timestamp,0.95
sNMOciZfsr8,bonniehoellein,0.26790428,high,You treating your kids you’re gonna go like you’re treating them wrong. You don’t just stick them in the corner every time I don’t listen to you bro same thing like all these rules. It’s **** stupid too.,0,concern,0.7
Zad0eHQnkKA,bonniehoellein,0.26686323,high,Bonnie you're actually really funny!,1,normal,0.9
Zad0eHQnkKA,bonniehoellein,0.26686323,high,The cute Hollien boys💙💙💙💙 and Lady 🩷🩷,1,normal,0.85
Zad0eHQnkKA,bonniehoellein,0.26686323,high,😂😂😂,1,normal,0.8
RRtWJGYv06U,bonniehoellein,0.26499498,high,"I loved the way you handled Lincoln's discipline! Calm, stern yet so loving. :)",29,normal,0.9
RRtWJGYv06U,bonniehoellein,0.26499498,high,I love that you guys have the kids help a lot around the house. It teaches them responsibility.,47,normal,0.9
RRtWJGYv06U,bonniehoellein,0.26499498,high,Bonnie sitting on the floor right outside the bathroom looking like a million bucks with four kids scattered all over her while on a business call. Mom superpowers.👑💪🏻💄💅🏻😘,58,normal,0.9
RRtWJGYv06U,bonniehoellein,0.26499498,high,“Just sit down and just sit” that’s me @ my kids all the time lololol,4,normal,0.9
RRtWJGYv06U,bonniehoellein,0.26499498,high,Lincoln is my favorite toddler on YouTube. He seems older than almost 3!,19,normal,0.9
RRtWJGYv06U,bonniehoellein,0.26499498,high,I cannot believe how well Lincoln is talking now!! He’s so big!,17,normal,0.9
RRtWJGYv06U,bonniehoellein,0.26499498,high,Lincoln with the pull-up on his head too funny.,40,normal,0.9
RRtWJGYv06U,bonniehoellein,0.26499498,high,"OOHHHHHH,   I CANT STAND TO SEE LINCOLN CRY 😂😂😭💙❤💛💚💜",27,normal,0.85
RRtWJGYv06U,bonniehoellein,0.26499498,high,"Lincoln is so dang precious. When he said ""ok"" when you told him that he was too little to cross the street, my heart just melted. Also, I'm not a big camper, but going up to girls camp as a leader was  some crazy good times. Have fun.",8,normal,0.9
RRtWJGYv06U,bonniehoellein,0.26499498,high,Cody just seems like a really big boy lately! He’s getting tall and seems so mature.,8,normal,0.9
RRtWJGYv06U,bonniehoellein,0.26499498,high,Why is linchon so cute! Bonnie your hair is so nice today! -Brooke,89,normal,0.9
RRtWJGYv06U,bonniehoellein,0.26499498,high,OWOWOW TWO VIDEOS ??,32,normal,0.85
RRtWJGYv06U,bonniehoellein,0.26499498,high,Bonnie is so pretty just sitting on the floor surrounded by her babies <3,8,normal,0.9
RRtWJGYv06U,bonniehoellein,0.26499498,high,OH MY I was laughing so hard with Lincoln and the diaper on his head.. He is adorable!,4,normal,0.95
RRtWJGYv06U,bonniehoellein,0.26499498,high,What did we do to deserve 2 vlogs today!?😍😄👌🏼💜,139,normal,0.95
RRtWJGYv06U,bonniehoellein,0.26499498,high,Is Joel so happy to have J and E’s new baby’s MIDDLE name named after him?! ❤️,53,normal,0.9
RRtWJGYv06U,bonniehoellein,0.26499498,high,"At 13:48, I laughed so hard when Bonnie started speaking with a lisp. 😂😂😂🤣🤣🤣🤣Bonnie I could watch you talk like that for days. Its hella funny!!!",1,timestamp,0.9
RRtWJGYv06U,bonniehoellein,0.26499498,high,Bonnie i love the way u get right down on lincons level and hold his hand and look right in his eyes and u speak to him to make him understand u r stern but kind about it...i love the way u parent and how much u show u love ur kids thank u for sharing ur life with us,1,normal,0.9
RRtWJGYv06U,bonniehoellein,0.26499498,high,Your earrings and dress at the beginning of the vlog! 😍😍 Lincoln hugging you after he got into trouble was SO precious!,1,normal,0.9
RRtWJGYv06U,bonniehoellein,0.26499498,high,It is so cute when Bonnie tries not to laugh when disciplining the kids reminds me of how I’m going to be as a mom 🤣🙌🏾,1,normal,0.9
6lmxCnuNMVU,bonniehoellein,0.26461452,high,Coming back for the nostalgia,25,normal,0.85
6lmxCnuNMVU,bonniehoellein,0.26461452,high,Olivia being so certain she was going to have $900 was so heartbreaking,90,normal,0.9
6lmxCnuNMVU,bonniehoellein,0.26461452,high,Awww bless her she really thought she had nine hundred dollars in there,218,normal,0.9
6lmxCnuNMVU,bonniehoellein,0.26461452,high,25cents aww that’s so cute😭💗💗💗💗,114,normal,0.9
6lmxCnuNMVU,bonniehoellein,0.26461452,high,‘ 25 cents ‘ 😂😂😂😂😂,77,normal,0.9
6lmxCnuNMVU,bonniehoellein,0.26461452,high,She Sold The Doll For 25 cents 😂,172,normal,0.9
6lmxCnuNMVU,bonniehoellein,0.26461452,high,Who remembers when the title was iPhone x Instead of 14,14,normal,0.85
6lmxCnuNMVU,bonniehoellein,0.26461452,high,She is just sooo sweet and humble.i wish all 8year olds were like that,74,normal,0.9
6lmxCnuNMVU,bonniehoellein,0.26461452,high,at 8 i was still asking for toy animals and dolls.. the times have changed so much..,52,normal,0.9
6lmxCnuNMVU,bonniehoellein,0.26461452,high,"Aw... She feels so guilty for wanting something!!! When I was little all I ever wanted was a cell phone, she's so cute!!!",47,normal,0.9
6lmxCnuNMVU,bonniehoellein,0.26461452,high,2024 anyone?,144,normal,0.7
6lmxCnuNMVU,bonniehoellein,0.26461452,high,Your face when she said she sold the doll for 25 cents!😂You did the right thing Bonnie!💜 I just had this same conversation with my 8 year old last night and it really is too young unless your not with her all the time other than school. Sometimes we have to say no to certain things and it's okay. We know what's best for our children😘,939,normal,0.9
6lmxCnuNMVU,bonniehoellein,0.26461452,high,Tell Olivia I am not allowed to have a phone until I am 18! My mom sends a little flip phone with me when I go babysit! 😂I love her problem solving! She is so sweet! 😀,702,normal,0.9
6lmxCnuNMVU,bonniehoellein,0.26461452,high,Who else is waching this in 2018!!,422,normal,0.9
6lmxCnuNMVU,bonniehoellein,0.26461452,high,"Hi Bonnie and Olivia, I just wanted you to know on Amazon Olivia can afford to buy an IPhone 5s that costs only $119 just a thought
EDIT: I’ve never gotten this many like likes tysm❤️❤️❤️❤️❤️",116,normal,0.8
6lmxCnuNMVU,bonniehoellein,0.26461452,high,"It might me a good idea to start of with an iPod and I got one of those around 10 they are good any you can only text and things like that when you have wifi !!!

Just an idea",1699,normal,0.8
6lmxCnuNMVU,bonniehoellein,0.26461452,high,Aww Olivia giving you a HUGE thumbs up! I didn't have my first cell phone until I was 17.,501,normal,0.9
6lmxCnuNMVU,bonniehoellein,0.26461452,high,An iPhone X isn’t a great idea for a 8 year old. Maybe a iPod because she could FaceTime audio you. I agree with Bonnie she doesn’t need a phone she could get a iPod and she could text/call you on it and a iPod is like 200 dollars,167,normal,0.9
6lmxCnuNMVU,bonniehoellein,0.26461452,high,I'm really sorry but she needs to be at least in middle school before she gets a phone,27,normal,0.9
jcPTAHmabak,bonniehoellein,0.2633937,high,Lincoln saying ‘ dangerous ‘ oh myyy too cute!!💛,49,normal,0.9
jcPTAHmabak,bonniehoellein,0.2633937,high,"The way he said ""dangerous""😂 like the crocodile hunter🤭💜",131,normal,0.9
jcPTAHmabak,bonniehoellein,0.2633937,high,"Ohhh that nice conversation with little Lincoln, he’s smart little boy.",59,normal,0.9
jcPTAHmabak,bonniehoellein,0.2633937,high,"""He pooped my pants out"" 😂",27,normal,0.9
jcPTAHmabak,bonniehoellein,0.2633937,high,"""That's dangerous!"" Oh my, I can't cope at how cute he is 😭😍",22,normal,0.9
jcPTAHmabak,bonniehoellein,0.2633937,high,I can't believe how much Lincoln is talking! I feel like a few months ago he would only say a few words omg,25,normal,0.9
jcPTAHmabak,bonniehoellein,0.2633937,high,"Bonnie when you said, ""Tell me all about it!"", my heart melted. Such a great parenting moment, mama!! What every peanut wants to hear!!",14,normal,0.9
jcPTAHmabak,bonniehoellein,0.2633937,high,Oh my goodness....Lincoln never fails to melt my heart with his cuteness!,77,normal,0.9
jcPTAHmabak,bonniehoellein,0.2633937,high,lincoln is soooo serious when he speaks ahaha. The spider swallowed my pants and pooped them out aha,10,normal,0.9
jcPTAHmabak,bonniehoellein,0.2633937,high,Lincoln is absolutely the most adorable little guy I love how he's talking so much now but it's kinda sad too they grow up so fast!😂,5,normal,0.9
jcPTAHmabak,bonniehoellein,0.2633937,high,I really enjoyed that story. He's got quite the imagination and the ability to express it. He ate them and he pooped them out!  Bahahahahahaha Just too funny!!,9,normal,0.9
jcPTAHmabak,bonniehoellein,0.2633937,high,“Dangerous” 😂😂😂,7,normal,0.9
jcPTAHmabak,bonniehoellein,0.2633937,high,i’m a bit sad of how short the video is. but at least we got some content right? yea! i still love them all sooo much💞,13,normal,0.9
jcPTAHmabak,bonniehoellein,0.2633937,high,Every time I see Lincoln I just think of baby Bonnie and the marker on the wall video,10,normal,0.9
jcPTAHmabak,bonniehoellein,0.2633937,high,"I love listening to Lincoln talk, it’s the cutest 💗",6,normal,0.95
jcPTAHmabak,bonniehoellein,0.2633937,high,"I'm sorry but, Lincoln cannot grow up he just has to stay small for ever. What a sweet little boy.",5,normal,0.9
jcPTAHmabak,bonniehoellein,0.2633937,high,"I think I just hit rewind and listened to Lincoln say, ""it's dangerous,"" like 1,000 times.     That was the cutest thing EVER!!! 😂",4,normal,0.95
jcPTAHmabak,bonniehoellein,0.2633937,high,Omg I laughed so hard !! Lincoln was so funny 🕷,5,normal,0.9
jcPTAHmabak,bonniehoellein,0.2633937,high,Its giangerous (dangerouss) cutestt baby ever 😍😂 Lincoln is at sucha fun age n finally starting to talk full sentences omgg the cutestttt ❤,32,normal,0.9
jcPTAHmabak,bonniehoellein,0.2633937,high,I love me some Lincoln! I love all your kids but he is so sweet. You all have a great weekend.,5,normal,0.9
dtvO4OMNz3k,bonniehoellein,-0.16827929,low,"Joel has always a golden glow about him! You can just see his kindness from miles away like a beautiful golden sunset! Bonnie, I think you are as equally kind, but yours is shown in a different way. From the way you keep your home, to the way you easily cry and the way you have raised beautiful kind children! A beautiful mixture of you both! Empathy flows from you all and you can definitely see and feel it!",26,normal,0.85
dtvO4OMNz3k,bonniehoellein,-0.16827929,low,"My husband is the same way!! He would literally do anything and everything for me. He could work all day and night and still tell me, ""just go relax, I got it taken care of"". I don't know where the drive and energy he has comes from. That gift of ""acts of service"" is a treasure!!",18,normal,0.85
dtvO4OMNz3k,bonniehoellein,-0.16827929,low,"As a mum of 3 amazing girls, we love watching these vlogs and we talk about Joel. I don’t know if Joel realises that he’s helping me show my girls to never settle for anything less than a pure soul in a boyfriend, partner & husband! I’m so serious when I say the motto we say when discussing this now they are getting older is “Joel is the goal!” Never settle for anything less than a Joel ladies & gents. My husband is a Joel too & I’m so lucky to have him. We were also childhood sweethearts and will be celebrating 21 wonderful years together soon which is crazy! Joel - thank you for setting that standard for so many!",12,normal,0.85
dtvO4OMNz3k,bonniehoellein,-0.16827929,low,"I also wanted to say your husband is such a great man, he loves you so much, I wish I could have had a husband like him. He loves you so much!",9,normal,0.85
dtvO4OMNz3k,bonniehoellein,-0.16827929,low,I love how much respect ur children have for eachother and how caring they r respect to bonnie and Joel xxxx,1,normal,0.9
dtvO4OMNz3k,bonniehoellein,-0.16827929,low,"Bonnie!!! Be kind to yourself! 😊 for real, Joel looks at you with such love and admiration......you both are just a delight. Your family is such a delight ❤",11,normal,0.9
dtvO4OMNz3k,bonniehoellein,-0.16827929,low,"I can't believe the kids have grown so much that they can go skying without an adult, I remember when they couldn't even ski! I hope you get well soon Bonnie! Yeah, go easy on the glover oil, it doesn't take much! I hope everyone has a safe and happy weekend!   🙏🤗💖",10,normal,0.9
dtvO4OMNz3k,bonniehoellein,-0.16827929,low,"Man, Joel's empathy is unprecedented. I applaud it, love it so much for you Bonnie. I hope you heal fast! ❤",2,normal,0.9
dtvO4OMNz3k,bonniehoellein,-0.16827929,low,This made me tear up!  How sweet it is to see you speak such things over and to your husband. A good reminder for us to honor the beautiful people in our lives. ❤,2,normal,0.9
dtvO4OMNz3k,bonniehoellein,-0.16827929,low,Ughhh we ALL need a Joel in our lives FEEL BETTER BONNIE,2,normal,0.85
dtvO4OMNz3k,bonniehoellein,-0.16827929,low,Sounds like Joel isn’t just nice but kind. Kindness is a fruit of a spirit sounds like he’s walking it out!,0,normal,0.85
dtvO4OMNz3k,bonniehoellein,-0.16827929,low,I love watching the kids being so independent. I remember when they were so little. They are such great kids you have. ❤,0,normal,0.9
dtvO4OMNz3k,bonniehoellein,-0.16827929,low,omg those jumps Cody did. I am scared only watching it. can be so dangerous. but seems you guys had some fun,4,normal,0.9
dtvO4OMNz3k,bonniehoellein,-0.16827929,low,Being in awe of your honey is exactly why you have him. Your admiration is why he has the fuel to keep exploring his story. Being in love is funny isn’t it?,0,normal,0.85
dtvO4OMNz3k,bonniehoellein,-0.16827929,low,"I feel the SAME. WAY. About me and my husband!  I always tell people ""he needs to tell me NO more!"" But the second he tells me no i'll cry! lolol I'm a spoiled brat and he made me this way!",1,normal,0.9
dtvO4OMNz3k,bonniehoellein,-0.16827929,low,I need to try this soup recipe!❤I just love seeing the older kids hanging out together! Bonnie you have such good kids!,0,normal,0.95
dtvO4OMNz3k,bonniehoellein,-0.16827929,low,You’re very lucky to have a man like Joel but he’s lucky to have you as well. I enjoy watching the two of you and your kids so much. You both are blessed for sure❤️,0,normal,0.9
dtvO4OMNz3k,bonniehoellein,-0.16827929,low,"Joel is a blessing. ❤The kids are growing so fast, Lincoln was so appreciative of a great day, melted my heart. ❤",1,normal,0.9
dtvO4OMNz3k,bonniehoellein,-0.16827929,low,I'm so glad you show how nice Joel is and all the things he does for you. It truly has made me believe I deserve that too and that it's worth sticking it out for a guy who treats me that well.,0,normal,0.9
dtvO4OMNz3k,bonniehoellein,-0.16827929,low,Olivia! You are adorable. Feel better Bonnie.❤,0,normal,0.95
rN1XwweGKrI,bonniehoellein,-0.16899389,low,"My husband and I don't buy each other gifts for Christmas. We buy as we need it or want it, providing the money is there and if it's necessary. I'm glad for those that do buy each other gifts. I wasn't raised with the attitude that gift giving was something parents do. Togetherness was more important.",6,normal,0.9
rN1XwweGKrI,bonniehoellein,-0.16899389,low,"Bonnie! You and your family should play white elephant! You have a big family so it would be fun! You set a price limit and each person gets a present and wraps it. Then you have each person draw a number out of a bowl and that decides when they can pick a gift. The 1st person can choose any gift they want, and then the second person can decide to take the gift that the first person got or a new one. And this continues until everyone has gone!!",3,normal,0.9
rN1XwweGKrI,bonniehoellein,-0.16899389,low,This is so irrelevant but you look STUNNING in this video!,55,normal,0.9
rN1XwweGKrI,bonniehoellein,-0.16899389,low,"I really love anything personalized. Toy box, blanket, towel, etc. I also LOVE books. Though I'm an early childhood educator - so that might be why I get to excited about books and give every child I know a book!",0,normal,0.9
rN1XwweGKrI,bonniehoellein,-0.16899389,low,"little thing I'm planning, an advent calendar.. use 24 little coin envelopes, target has 50 for 9.99 to 11.99, 7 colours, each gets numbered 1-24, and the flap is hung on twine. each one has a coin, a treat, or something to be enjoyed every night till Christmas. Im also making marshmallow snowmen for dinner, im in a community bldg, some friends are getting these. on a skewer, put 3 big marshmallows. Each gets a face of black or chocolate sprinkles, and an orange one for the nose, three silver balls for buttons on the middle body, and a chocolate wafer or mint topped with a mini pb cup for a hat. glue on with a little cake frosting. i found these in magazines, cant wait! easy for the kids, and yummy!",1,normal,0.85
rN1XwweGKrI,bonniehoellein,-0.16899389,low,This year I'm sending my husband a wish list in an email with links and specific details. Gotta live technology and Amazon Prime! 😂🎄🎅🏼🎁🎉,6,normal,0.9
rN1XwweGKrI,bonniehoellein,-0.16899389,low,"I always like a mixture between things that I wish for and gifts that I didn't expect and are picked by the ones giving it to me. But as you said, Christmas time is so much more. I love how everything feels humble and Christmas decoration is just so beautiful. I always feele like a child again around Christmas. And then every year it's over so soon...",0,normal,0.9
rN1XwweGKrI,bonniehoellein,-0.16899389,low,Bonnie is such an amazing ro model to not just only her kids but to everyone who watches her videos too,0,normal,0.9
rN1XwweGKrI,bonniehoellein,-0.16899389,low,"So for our kids, as to not go overboard, we give them 1 thing they want, 1 thing they need, 1 thing to wear & 1 thing to read. Then of course stocking stuffers and we get a big ""family"" gift that we can all use.",1,normal,0.9
rN1XwweGKrI,bonniehoellein,-0.16899389,low,"I just wanted to share one of the quirky things I do monthly.  On the 25th day of the month I always inform at least one person that it's only ?_________months until Christmas. I always choose someone at random and it's usually a coworker of mine.  In the first 7 months of the year, people just laugh. But in August, people start getting slightly concerned.  And in November, there is a look of total disbelief. Hilarious!!!",1,normal,0.8
rN1XwweGKrI,bonniehoellein,-0.16899389,low,I actually love that idea of the list. As much as I know my husband I find he is so hard to buy for because he usually doesn't care what he gets.,0,normal,0.9
rN1XwweGKrI,bonniehoellein,-0.16899389,low,My husband and I do detailed gift lists as well. Its all just options but then its so much easier! And going off the list is totally fine too!,0,normal,0.9
rN1XwweGKrI,bonniehoellein,-0.16899389,low,"Bonnie I love January,February and March also. After a busy summer and then the busy holidays I always say it's time to settle in for a long winters nap.",0,normal,0.9
rN1XwweGKrI,bonniehoellein,-0.16899389,low,"""You can buy one, none, all, but this is just kind of a guide"" actually translates to BUY ME THEM ALL!! 😂😂",0,normal,0.85
rN1XwweGKrI,bonniehoellein,-0.16899389,low,That fireplace !! So well done,0,normal,0.95
rN1XwweGKrI,bonniehoellein,-0.16899389,low,"Love the idea of the list.
I usually give my loved ones homemade giftcards, like: movie-tickets (the receiver choose the movie, I pay and tag along), I give my dad a yearly giftcard for a helping hand with the house maintenance, I can give giftcards for cafe-dates to my mom and friends. etc.
I find that a lot of people have to many things, and often people buy what they need for them selves or a lot of things are too expensive for one person to give. I like to give away experiences and memories :)",0,normal,0.9
rN1XwweGKrI,bonniehoellein,-0.16899389,low,"Bonnie, I really admire your confidence!",0,normal,0.9
rN1XwweGKrI,bonniehoellein,-0.16899389,low,i love u n family especially  lincoln.You are alway so positive n full of fun.,0,normal,0.9
rN1XwweGKrI,bonniehoellein,-0.16899389,low,When our kids were little we used to take them to the dollar store and they would buy gifts for each other.And even now that they are teenagers and young adults they get each other regular gifts but there is always a dollar store gift in there as well. By the way you are gorgeous.,0,normal,0.85
rN1XwweGKrI,bonniehoellein,-0.16899389,low,"Bonnie I LOVE making hand crafted stuff from scrap I have around the house or home made breads,  jams, ect",0,normal,0.9
WCfLAR0fm8Q,bonniehoellein,-0.1692977,low,🥰Love Chads beard❤,1,normal,0.9
WCfLAR0fm8Q,bonniehoellein,-0.1692977,low,❤❤❤❤❤,1,normal,0.95
WCfLAR0fm8Q,bonniehoellein,-0.1692977,low,Awesome family ❤❤,1,normal,0.95
WCfLAR0fm8Q,bonniehoellein,-0.1692977,low,💞💓💞,1,normal,0.95
G8I3e5SopNE,bonniehoellein,-0.17174,low,I thought it was so cute watching Lincoln smell the milk. I have been doing that since I was 11 years old when I drank a glass of milk and it was spoiled now I always smell the milk.,18,normal,0.9
G8I3e5SopNE,bonniehoellein,-0.17174,low,Olivia’s laugh is contagious when you guys tried moving the house tiles on the wood pellet 😆☺️,9,normal,0.9
G8I3e5SopNE,bonniehoellein,-0.17174,low,"Please never stop showing the beautiful view from your window. If this channel was just a view from your window every day, I would probably still watch. I would love a full year timelapse, if you're willing to do a long term project!",3,normal,0.9
G8I3e5SopNE,bonniehoellein,-0.17174,low,"The first thing that come to mind when I read ""We have house guests"" was it's aunt Linda <3",3,normal,0.9
G8I3e5SopNE,bonniehoellein,-0.17174,low,A good Christmas gift for all the boys is “hey dude” shoes they are almost like crocs but look a little nice since I know the boys love those crocs! Perfect for the warm Florida weather as well. Happy holidays!,4,normal,0.9
G8I3e5SopNE,bonniehoellein,-0.17174,low,That nook looks so cozy!,0,normal,0.9
G8I3e5SopNE,bonniehoellein,-0.17174,low,I hope you guys had a happy thanksgiving ❤️🦃,5,normal,0.9
G8I3e5SopNE,bonniehoellein,-0.17174,low,That view! Breathtaking!🩵,1,normal,0.9
G8I3e5SopNE,bonniehoellein,-0.17174,low,You should do a popcorn making video!!,0,normal,0.9
G8I3e5SopNE,bonniehoellein,-0.17174,low,"Hope your family had a nice thanksgiving, love from the UK ❤",0,normal,0.9
G8I3e5SopNE,bonniehoellein,-0.17174,low,Goodmorning Hollien family Happy Monday. The view is fabulous. Wow the pies look amazing and yummy yum. Thank you for sharing always. ❤❤,5,normal,0.95
G8I3e5SopNE,bonniehoellein,-0.17174,low,"Your daily views are stunning, wonderful family , happy thanksgiving to you all ❤️🎄❤️🥰😘😘",1,normal,0.95
G8I3e5SopNE,bonniehoellein,-0.17174,low,Looks like fun! That under-the-stairs hideaway is darling. What did the senior Hoellein's do for Thanksgiving?,4,normal,0.9
G8I3e5SopNE,bonniehoellein,-0.17174,low,Lincoln sniffing the milk cracked me up.,1,normal,0.9
G8I3e5SopNE,bonniehoellein,-0.17174,low,I just love family 👪 ❤️,0,normal,0.9
G8I3e5SopNE,bonniehoellein,-0.17174,low,Bonnie I love those light switches may you please tell us where you got those?,0,normal,0.85
G8I3e5SopNE,bonniehoellein,-0.17174,low,I love you guys ❤,0,normal,0.9
G8I3e5SopNE,bonniehoellein,-0.17174,low,Ahh I'm so jealous *good kind..happy for you kind 😂* . My goal is to save to go on a trip to Florida.,0,normal,0.9
G8I3e5SopNE,bonniehoellein,-0.17174,low,I hope you had a very blessed Thanksgiving. Now where is the function of Christmas my whole family is going to be here for Christmas all the grandkids except for two. I love your videos I am sending you a huge amount of love hugs and prayers always to your beautiful family thank you for sharing your beautiful family everyday❤️❤️❤️❤️❤️❤️🙏😅🙏🙏🙏🙏🙏🎄🎄⛄⛄🌨️🌨️,0,normal,0.9
G8I3e5SopNE,bonniehoellein,-0.17174,low,"Loved your tan outfit! 
I know you’ve talked before about online school. But curious if it’s with the school district or an online one that the school district takes the transfer credits for the next school year",0,normal,0.85
Lu03gqpleT4,bonniehoellein,-0.17395972,low,Joel is the best father. By far my favorite YouTube Dad. It's not love he's putting on a show for the camera like some. Just a legit good guy. ,6,normal,0.9
Lu03gqpleT4,bonniehoellein,-0.17395972,low,"Joel is such a good dad! The way he included Cody in on what he was doing was so sweet. Little boys love to be their dad's little helper but sometimes they can be more of a hindrance than a helper, lol, so it is so great to see them working together. :) Reminds me of the song, Watching You by Rodney Atkins",2,normal,0.9
Lu03gqpleT4,bonniehoellein,-0.17395972,low,I cannot get over how good of a dad joel is! you and joel are both wonderful parents! you remind me so much of my parents!,3,normal,0.9
Lu03gqpleT4,bonniehoellein,-0.17395972,low,"Joel is such an awesome handy man!! Holy cow! Bonnie, you scored with him! =) Thanks for sharing! Much love!",7,normal,0.9
Lu03gqpleT4,bonniehoellein,-0.17395972,low,Love how the vlog always ends with Joel saying he had a really nice time! 😂 Lol ,2,normal,0.9
Lu03gqpleT4,bonniehoellein,-0.17395972,low,I love how Olivia always wants to tell us what you guys are up to :D so cute,3,normal,0.9
Lu03gqpleT4,bonniehoellein,-0.17395972,low,"I am literally cracking up at Joel's ending 😂😂 cute video, you guys!! What lucky kids to have such a hard working dad. Reminds me of time spent when I was a kid, helping my own dad with projects in the backyard ❤️",2,normal,0.9
Lu03gqpleT4,bonniehoellein,-0.17395972,low,Joel is such a great boy daddy!! I can see why God would give him a house full of boys. Just think of the grateful daughters-in-law you're going to have one day!,20,normal,0.9
Lu03gqpleT4,bonniehoellein,-0.17395972,low,"You gathered a great commuity. Im seriously impressed about the comments you get.
So much love here😍
I love what you do and cant wait for more ",7,normal,0.9
Lu03gqpleT4,bonniehoellein,-0.17395972,low,"You guys as a couple are just the cutest!!! I can see how much you guys love each other, which is such an inspiration for me!!!! ",1,normal,0.9
Lu03gqpleT4,bonniehoellein,-0.17395972,low,I love how animated your daughter is when she talks 😊😊,5,normal,0.95
Lu03gqpleT4,bonniehoellein,-0.17395972,low,Joel and Bonnie= relationship goals :) ,28,normal,0.9
Lu03gqpleT4,bonniehoellein,-0.17395972,low,"you have the sweetest little family! Joel is so kind to the kids, is he always so even tempered? And you are a wonderful Mom too Bonnie! Looking forward to ""meeting"" the new little man in the early Fall too!",1,normal,0.9
Lu03gqpleT4,bonniehoellein,-0.17395972,low,Where can I find myself a Joel?! xx,70,normal,0.85
Lu03gqpleT4,bonniehoellein,-0.17395972,low,Can I say Joel did amazing job on the swing set :) ,2,normal,0.9
Lu03gqpleT4,bonniehoellein,-0.17395972,low,"Bonnie, I love your videos! Thank you for sharing your sweet family with us and keeping things real. It's adorable to see how much your husband adores you and your family :)",3,normal,0.9
Lu03gqpleT4,bonniehoellein,-0.17395972,low,Joel sounds like my hubby! I love his sence of humor! The swing set will last through all four kids and friends and family! Well done!,0,normal,0.9
Lu03gqpleT4,bonniehoellein,-0.17395972,low,"I don't know what it is about you and your family but I think you may be my favorite to watch, lol!",35,normal,0.9
Lu03gqpleT4,bonniehoellein,-0.17395972,low,Love the swing set looks real sturdy. You should really trade mark the saying Joel says with the wink on a t-shirt and sell them like everyone else on YouTube I'm sure it will be a big hit. ,17,normal,0.85
Lu03gqpleT4,bonniehoellein,-0.17395972,low,"You, Joel, and the kids are just too cute. What a lovely example of love and marriage. This was a fun watch. Thank you!",0,normal,0.95
e1OhJF0XkAA,bonniehoellein,-0.17395972,low,I couldn't stop laughing over the  2 person duck duck goose game! That literally made my day!,13,normal,0.9
e1OhJF0XkAA,bonniehoellein,-0.17395972,low,"i feel horrible for saying this, but i died laughing at the slow-mo sound boston made after he got hit with the football lol",28,normal,0.85
e1OhJF0XkAA,bonniehoellein,-0.17395972,low,"The ""I love you too mom"" coming from the bathroom 😍😍 so sweet @BonnieHoellein  !!!!",9,normal,0.9
e1OhJF0XkAA,bonniehoellein,-0.17395972,low,"I couldn't stop grinning through this video! Hasn't Lincoln filled out Bonnie!!?? From seeing him at the beginning of this video I think he'll have the same build as Boston! He's so tall! Ohhh look at those baby cheeks, Ahh! 

I love watching the boys play - it's so lovely for them to be out & about now the weather is getting warmer isn't it?! I love the motto that windows can be cleaned but memories can't be remade! Let boys be boys / children be children right?!

Your kitchen 'looks' to dieeee for. I know you've wanted this for such a long time, I'm  really looking forward to the restoration! X",3,normal,0.9
e1OhJF0XkAA,bonniehoellein,-0.17395972,low,haha boys will be boys !  Cody's face after he hit Boston is hilarious !!,15,normal,0.9
e1OhJF0XkAA,bonniehoellein,-0.17395972,low,"Missing the teeny tiny Boston who knew to say only a 'NO' and pronounced everything unmatchably adorably (incorrectly). Seen him grow this big, via vlogs, its a different emotion hehe",2,normal,0.9
e1OhJF0XkAA,bonniehoellein,-0.17395972,low,"I definitely saw that coming! I have two brothers and we would play silly games like that. ""It's fun and games until someone gets hurt"" was literally my moms motto.",36,normal,0.9
e1OhJF0XkAA,bonniehoellein,-0.17395972,low,I replayed that game scene so many times. I could not stop laughing omg,6,normal,0.9
e1OhJF0XkAA,bonniehoellein,-0.17395972,low,I love it when Bonnie called her kids Little stinkers LOL,8,normal,0.9
e1OhJF0XkAA,bonniehoellein,-0.17395972,low,the footage if Cody throwing the ball in Boston face is so funny but so sad lol. you know they will LOVE and LAUGH their heads off watching that when they are older. :),5,normal,0.9
e1OhJF0XkAA,bonniehoellein,-0.17395972,low,I DIED when Cody threw the ball at Boston. Typical brothers! I hope you guys have a great weekend!,1,normal,0.95
e1OhJF0XkAA,bonniehoellein,-0.17395972,low,Duck-duck-duck....Goose! That was hilarious ....only kids would think about playing that game with only two of them....,2,normal,0.9
e1OhJF0XkAA,bonniehoellein,-0.17395972,low,when did Lincoln start looking like such a big boy???!!! I swear it happened overnight! you have such adorable kids bonnie!!! Your a great mother,2,normal,0.9
e1OhJF0XkAA,bonniehoellein,-0.17395972,low,You should knock down the wall where your fridge is and put a big island in with lots of storage under! It would be open concept and look so good,1,normal,0.85
e1OhJF0XkAA,bonniehoellein,-0.17395972,low,"Lincoln's ""pug breathing"" is adorable",0,normal,0.9
e1OhJF0XkAA,bonniehoellein,-0.17395972,low,Bonnie that door in your dinning room drives me bananas... I could only imagine what it does to you!!! I kinda figured you're waiting for your kitchen to be remodeled... On another note your kiddos are all so cute but I must admit Lincoln is WAY TOOOOOO cute!!,1,normal,0.85
e1OhJF0XkAA,bonniehoellein,-0.17395972,low,I've never seen anyone so happy to get a black jellybean. LOL,1,normal,0.9
e1OhJF0XkAA,bonniehoellein,-0.17395972,low,Codys face of guilty innocence 😂 priceless,0,normal,0.9
e1OhJF0XkAA,bonniehoellein,-0.17395972,low,I need Boston's slo-mo scream in every blog from now on! Most hilarious thing ever,0,normal,0.9
e1OhJF0XkAA,bonniehoellein,-0.17395972,low,I love Lincoln's monster jammies!!! SO cute!,1,normal,0.9
IYZiy7268M4,bonniehoellein,-0.17534891,low,Ellie's voice in your video literally made my heart SWELL! That poem ❤,44,normal,0.9
IYZiy7268M4,bonniehoellein,-0.17534891,low,"If you saw me making the hash browns, no you didn't.",29,normal,0.85
IYZiy7268M4,bonniehoellein,-0.17534891,low,"I am part of a very broken family that sadly will never repair and see or experience what once was. When your family dynamic was challenged, you all struggled but stayed strong and united. And look where you are now! I am in awe of the strength and resilience you all have and even though there are still fractures, you hold onto the bonds that tie you all together. I smile when I watch these treasured times. If only to live the hope and love through your families eyes. Thank you ❤",19,concern,0.8
IYZiy7268M4,bonniehoellein,-0.17534891,low,"Watching this video brings up so many feelings in me. Nostalgia for the old times. Deep sadness knowing all that you had to go through. And above all, the thought of those moments when sharing your family’s life made me so happy.
Seeing this video, I truly miss seeing that sense of family in every one of your posts. Watching Ellie and Jared—I missed them so much just hearing their voices. I wish I could see more of the kids. I wish I could keep growing alongside them.
I miss the rest of the children too. Because when they were all together, one of my favorite games was when you’d line them up for a photo, and I’d try to name them all. Because yes, I was so much a part of your family that I knew all their names.
I hope the wounds heal. That God will always be with you. And that very soon, without fear of anything, we’ll be able to see all the Griffith children together again—laughing, growing, and sharing their lives just as they always did with us.
I miss you, and I always will.",6,concern,0.8
IYZiy7268M4,bonniehoellein,-0.17534891,low,"It’s good to see your Mom and Dad in this video 😊 Griffith and sister Griffith in your video, Bonnie. 😊",3,normal,0.9
IYZiy7268M4,bonniehoellein,-0.17534891,low,Lucy’s laugh putting the worm on Cody haha,3,normal,0.9
IYZiy7268M4,bonniehoellein,-0.17534891,low,"So glad that your family can still get together.  Even if it looks different each time.  I'm sure it's difficult, but keep pushing forward and making the effort to get together.  That's the real medicine and treatment you all need in life.  Sending love, hope and a bit of light to all of your lives.",14,normal,0.9
IYZiy7268M4,bonniehoellein,-0.17534891,low,So glad you could see Ellie too!!!,5,normal,0.9
IYZiy7268M4,bonniehoellein,-0.17534891,low,For many families the poem at the end was right on & so inclusive..  appreciated seeing this beautiful vlog & everyone's love for each other & happiness. TY for sharing the love with us.,11,normal,0.9
IYZiy7268M4,bonniehoellein,-0.17534891,low,Cute shot of Olivia & Grandpa G.  Please take a pic of each of the kids with him… they’ll LOVE having a special pic with him when they are adults with children of their own. ❤️❤️,3,normal,0.9
IYZiy7268M4,bonniehoellein,-0.17534891,low,How blessed to know that your parents got to wake up in the morning with their family ❤ coveting hard on that 🫶,3,normal,0.95
IYZiy7268M4,bonniehoellein,-0.17534891,low,The sleeping places these kids used was very imaginative . I loved this.,2,normal,0.95
IYZiy7268M4,bonniehoellein,-0.17534891,low,"Beautiful vlog.  It actually brought tears to my eyes to see the precious moments of your family together again, like watching old friends.  Great job of putting this one together Bonnie.  So sweet to hear the cousins laughing together, and I love the poem at the end.  As crazy as it seems, Youtube has a weird way of making those of us who have watched your family for years, feel comforted when we see your family together, and feel at home as we see clips in your parents' house.  Hugs to you all! ❤",32,normal,0.95
IYZiy7268M4,bonniehoellein,-0.17534891,low,Loved seeing your Griffiths Family Reunion and seeing Ellie and her family.  I miss the four of you together and the fun/laughs that you had.,27,normal,0.95
IYZiy7268M4,bonniehoellein,-0.17534891,low,"This made me smile, laugh and get a little emotional 💛 Gosh how I’ve missed seeing yall all together and the cousins playing and laughing , the adults laughing and cutting up, Lake Day!! It may sound silly but just ‘Thank You’ for sharing this special weekend with all of us! So much love from GA ❤️",13,normal,0.95
IYZiy7268M4,bonniehoellein,-0.17534891,low,What beautiful memories those kids will have sleeping outside how fun ❤,3,normal,0.95
IYZiy7268M4,bonniehoellein,-0.17534891,low,I like the different outdoor sleeping arrangements 😁,3,normal,0.95
IYZiy7268M4,bonniehoellein,-0.17534891,low,This video brought up a lot of emotions I’m sure for your whole family. I’ve wanted you guys for years! The unspoken doesn’t need to be said. But I pray with time you all heal together. Much love to you all Bonnie ❤️,5,normal,0.9
IYZiy7268M4,bonniehoellein,-0.17534891,low,Something about seeing you all together that just warms my soul. I have prayed so many prayers for your family and will continue to do so! 💜,3,normal,0.95
IYZiy7268M4,bonniehoellein,-0.17534891,low,"Bonnie, it's so good to see the family back together again,. Your message at the end really sums it all up. It's hard to move on from what happened, it's hard because your loved ones aren't there and there is hurt but the family is so whole and together at the same time. Thank you for continuing to share your life even when it doesn't feel right or okay. Thank you for sharing your life with us.",3,normal,0.9
ZYIay6NVStU,bonniehoellein,-0.17534891,low,So glad you are enjoying your family reunion. I know it looks different this year. Thank you for sharing.,0,normal,0.95
ZYIay6NVStU,bonniehoellein,-0.17534891,low,❤❤❤❤,0,normal,0.95
la2dBaJPP8I,bonniehoellein,-0.1771133,low,SO Heartwarming to see Great Grandma surrounded by all those babies! WOW!,1,normal,0.95
la2dBaJPP8I,bonniehoellein,-0.1771133,low,Let's keep this comment at a (even) amount of likes,55,normal,0.8
la2dBaJPP8I,bonniehoellein,-0.1771133,low,That moment with all the great grandkids was so emotional. What a precious moment 💕,0,normal,0.95
la2dBaJPP8I,bonniehoellein,-0.1771133,low,"Joel, what a great place to grow up and what a blessing to be able to show your kids where you grew up and played as a boy. We love the old homes like you.",0,normal,0.95
la2dBaJPP8I,bonniehoellein,-0.1771133,low,Joel is so good with his kids!!💙,38,normal,0.95
la2dBaJPP8I,bonniehoellein,-0.1771133,low,"one of my favorite things to watch is Joel dressing the kids, especially Lincoln. gosh he is just such a great dad!",1,normal,0.95
la2dBaJPP8I,bonniehoellein,-0.1771133,low,There's something so satisfying and overwhelming taking your kids where you used to play and spend holidays as a child!,0,normal,0.95
la2dBaJPP8I,bonniehoellein,-0.1771133,low,The scene of young and old sitting in front of the house eating reminds me iof the reel to reel movies of my grandmother and parent's home and their family picnics in our backyard in the 1960s. We were blessed in that our grandparents lived next door. All their generations have passed on now as that was 50 years ago so thanks for the memory.,0,normal,0.95
la2dBaJPP8I,bonniehoellein,-0.1771133,low,Joel YOU BETTER START HAVING A NICE TIME AGAIN! Haha,10,normal,0.9
la2dBaJPP8I,bonniehoellein,-0.1771133,low,"I love when Joel goes to his grandma and tells stories of his childhood, it makes my heart full! ❤️",0,normal,0.95
la2dBaJPP8I,bonniehoellein,-0.1771133,low,"I grew up running and playing in the irrigation water on my grandparents' grass too. That's how they still water their lawn, orchard and garden in Orem, UT. SO much fun!",0,normal,0.9
la2dBaJPP8I,bonniehoellein,-0.1771133,low,"Joel dressing Lincoln at the beginning was just adorable. Boston not leaving Joel's side at the party was adorable. This family is adorable. I love you all!  Thank you so much for sharing your lives with us, it is so appreciated. I think you guys need to do shirts with ""I had a really nice time"" on it. 😉",1,normal,0.9
la2dBaJPP8I,bonniehoellein,-0.1771133,low,"Your grandma is a lucky woman to have such a great family.... I know many families where they just don't really care about the ""old ones"" in their family because they regard them as fragile, sick and annoying or something.... it's good to see that there are families like yours who care and love, no matter what❤",0,normal,0.9
la2dBaJPP8I,bonniehoellein,-0.1771133,low,"Thanks sharing this with us Joel. It was beautiful seeing grandma with all her great grandchildren. I lost my grandma last year and I miss her so much! You will never forget these moments and nor will grandma C, very very special xxxx love you all!",0,normal,0.9
la2dBaJPP8I,bonniehoellein,-0.1771133,low,Having a big family is so special. I miss the days when my great grandparents were around to have all of us together. It's harder now that everyone is grown with their own kids to get the extended cousins together. And Bonnie I hope you were able to have a good day one on one with Lincoln. Love that Joel is willing to vlog on his own too,0,normal,0.9
la2dBaJPP8I,bonniehoellein,-0.1771133,low,Born and raised in Morgan! spent my weekend up there and love it too! We plan to buy land and build next to my parents some day. So fun to see that Joel's childhood was just like mine!!!,0,normal,0.9
la2dBaJPP8I,bonniehoellein,-0.1771133,low,"It always bring a big smile to my face when ever you mention you grandma. 
She looks lovely with all of her great grand children.
I love my grandma so dearly we call her Néné:)",0,normal,0.9
la2dBaJPP8I,bonniehoellein,-0.1771133,low,Bonnie you seem a little sad and like you could be going through some personal things and I know renovating can do that along with many other things. It is not our place to ask or know but we have a mighty God who knows all and I will be specifically asking him to be helping you through whatever how big or small it is that he holds you tight and lifts you up and makes you feel as special as he knows you are . And that he reminds you that this to shall pass and that you will come out of it stronger and that much more of a woman of God continuing to do his work! Sending lots of love!!! 😘,30,normal,0.85
la2dBaJPP8I,bonniehoellein,-0.1771133,low,"Hey Joel, that picture of your grandma and all her great grandkids, that would make a great Christmas card.",0,normal,0.9
la2dBaJPP8I,bonniehoellein,-0.1771133,low,Our neighbors in Hyrum flooded their yard to water. Then the next day there would be worms everywhere. We'd gather up and sale to fishermen. Great childhood memories.,1,normal,0.85
FapRBGa_1AA,bonniehoellein,-0.17757629,low,"No wonder Mark turned out so great, his family seems pretty amazing too, treating Aunt Linda like one of their own ❤️ Now where the heck are her presents!?🎄😂",129,normal,0.9
FapRBGa_1AA,bonniehoellein,-0.17757629,low,"I may be almost 30 years old, but Bonnie, I swear to gosh I consider you and Joel role models! Your kindness, values, and love is just everything I want to be as a person and a parent(someday)",27,normal,0.9
FapRBGa_1AA,bonniehoellein,-0.17757629,low,“technically she wasn’t calling yours either” I LOST IT😂😂😂😂😂😂,2,normal,0.9
FapRBGa_1AA,bonniehoellein,-0.17757629,low,Thank's Joel for editing your Thanksgiving Video so we had a video today . Love your sweet family .,38,normal,0.9
FapRBGa_1AA,bonniehoellein,-0.17757629,low,I see where”Mark” gets his kind heart. ❤️And Bonnie you are so patient. ❤The two of you make a great team! Thank you for the video!,19,normal,0.9
FapRBGa_1AA,bonniehoellein,-0.17757629,low,I am not your momma but I am a momma. That being said I am so proud and touched at how sweetly you guys take care of Aunt Linda ! Joel dad was so sweet to get her that gift !!! Precious !!!! Joel you are such a great man !!! Bonnie you are a great woman ! I know your parents are so proud ! I also know our Heavenly Father is so proud!!!! God bless !,10,normal,0.9
FapRBGa_1AA,bonniehoellein,-0.17757629,low,Aunt Linda with Joel's dad 🥹 so sweet 💕,13,normal,0.9
FapRBGa_1AA,bonniehoellein,-0.17757629,low,It’s wonderful how Joel’s parents’ home is welcoming for the children and family. I love the kid’s station. Such a blessing. Children surely make the holidays extra special❤,14,normal,0.9
FapRBGa_1AA,bonniehoellein,-0.17757629,low,I love how Joel's father inculdeds aunt Linda.,4,normal,0.95
FapRBGa_1AA,bonniehoellein,-0.17757629,low,"“She wasn’t calling your name anyway”
“Technically she wasn’t calling yours either” 😂😂",1,normal,0.9
FapRBGa_1AA,bonniehoellein,-0.17757629,low,Aunt Linda's reaction to her Christmas countdown candy chain is the same as my reaction every time someone gifts me chocolate. Haha!,3,normal,0.9
FapRBGa_1AA,bonniehoellein,-0.17757629,low,I loooove how Joel says hi to Aunt Linda!🥰 the inflection in his voice expresses just how he feels about her❤,7,normal,0.95
FapRBGa_1AA,bonniehoellein,-0.17757629,low,"Joel’s family is so amazing for treating Aunt Linda like one of their own! It’s no Wonder Joel is such an amazing man, because of his wonderful family. Praying for his mother btw 🙏",1,normal,0.95
FapRBGa_1AA,bonniehoellein,-0.17757629,low,Thanks for sharing your thanksgiving with us Bonnie and Joel. Aunt Linda just melts the heart. Hope she sleeps sweetly in all way to 7am 😊,12,normal,0.9
FapRBGa_1AA,bonniehoellein,-0.17757629,low,Holidays with aunt Linda are the best to watch! What a sweet spirit!,4,normal,0.9
FapRBGa_1AA,bonniehoellein,-0.17757629,low,"Oh. My. Glory!!! I adore Aunt Linda footage!! She is absolutely precious!! I love that you and ""Mark"" are including her in the holidays, while your parents are on their mission. Such special memories for your kids to have as they grow up. ❤",6,normal,0.9
FapRBGa_1AA,bonniehoellein,-0.17757629,low,Aunt Linda is one lucky lady to have so many great family members.,1,normal,0.9
FapRBGa_1AA,bonniehoellein,-0.17757629,low,"I laughed so hard at the technically she wasn't saying yours either. That was so sweet of Grandma and Grandpa Hoellein to do a candy advent for Aunt Linda. The VCR!  She loves Christmas , a girl after my own heart.  I'm glad your mom and dad weren't alone on Thanksgiving too. Thanks for pumping out the vlog so fast. I know it's a lot of work!",36,normal,0.9
FapRBGa_1AA,bonniehoellein,-0.17757629,low,Joel with Aunt Linda is the sweetest thing.,3,normal,0.95
FapRBGa_1AA,bonniehoellein,-0.17757629,low,"It’s so easy to see that your entire family is so thankful for Aunt Linda. Bonnie & Joel, Its so obvious that you have taught your children to be so loving and kind. Aunt Linda is blessed to have all of you in her life.",2,normal,0.95
-sImCddp-zc,bonniehoellein,-0.18018837,low,"Who knew Aunt Linda was what our family needed more of.
She is I light in the kids lives.",102,normal,0.9
-sImCddp-zc,bonniehoellein,-0.18018837,low,This is so beyond beautiful Bonnie. The way both you and Joel show your love towards aunt Linda is so warming. Your mum and dad would feel so grateful to have you looking after her and capturing these gorgeous memories. 💕,41,normal,0.9
-sImCddp-zc,bonniehoellein,-0.18018837,low,Bonnie the love you show to everyone is unimaginable,88,normal,0.9
-sImCddp-zc,bonniehoellein,-0.18018837,low,"i just adore the relationship Aunt Linda and ""Mark"" have!",7,normal,0.9
-sImCddp-zc,bonniehoellein,-0.18018837,low,Lynda makes my day with Her comments. Thank you for keep showing her while your mom and dad are away,26,normal,0.9
-sImCddp-zc,bonniehoellein,-0.18018837,low,This is such a simple yet such beautiful video. I loved it! Seeing Aunt Linda and “Mark” dancing in the car made my day. She is such a light to your family,24,normal,0.9
-sImCddp-zc,bonniehoellein,-0.18018837,low,Lady seemed to bring Aunt Linda so much comfort while at the family BBQ. That’s so sweet ❤️,7,normal,0.9
-sImCddp-zc,bonniehoellein,-0.18018837,low,"i lost it when you said “mark,sorry” when you called joel, joel. 😂 i just love how sweet you are to your aunt linda and i love that she gave him a new name when she’s around !",3,normal,0.9
-sImCddp-zc,bonniehoellein,-0.18018837,low,It’s a blessing Aunt Linda has you all. She is full of joy. Lady in the window at the drive thru is how my dogs are ❤️,5,normal,0.95
-sImCddp-zc,bonniehoellein,-0.18018837,low,"the part about your grandpas siblings and missing your grandpa, has  me balling 😭😭😭💔💔💔 I miss both of my grandpas so much",1,normal,0.9
-sImCddp-zc,bonniehoellein,-0.18018837,low,"I think this is a blessing. Your kids will really get to share great times with Aunt Linda that will always live in their memories. They will speak of this and look back on it when they get older. ❤️ Cherish it, cherish the moments.",4,normal,0.9
-sImCddp-zc,bonniehoellein,-0.18018837,low,The love you have for everyone is so amazing!❤️,9,normal,0.95
-sImCddp-zc,bonniehoellein,-0.18018837,low,What a wonderful day for you all! How sweet that aunt Linda bought donuts 🍩 Have a great day!,7,normal,0.95
-sImCddp-zc,bonniehoellein,-0.18018837,low,"Aunt Linda and “Mark” are so adorable together. Having the “older ones in the family, still be here, is such a gift. What a nice day you all had! ❤️",2,normal,0.9
-sImCddp-zc,bonniehoellein,-0.18018837,low,You guys are so great with her. She really loves you all and it shows ❤,0,normal,0.95
-sImCddp-zc,bonniehoellein,-0.18018837,low,So nice to hear that explanation at the beginning. I loved seeing Aunt Linda with your family.,3,normal,0.9
-sImCddp-zc,bonniehoellein,-0.18018837,low,Bonnie such a sweet explanation of your vlogging and how you filmed or edited it for us.   So sweet with the music and kids dancing in the car and Lady asleep beside you in the car!!! Aunt Linda you have a wonderful family!!,4,normal,0.9
-sImCddp-zc,bonniehoellein,-0.18018837,low,"Bonnie, you have such a kind soul. I cried watching your video. You’re so tender.",0,normal,0.9
-sImCddp-zc,bonniehoellein,-0.18018837,low,Goodmorning Hollien family.Aunt Linda is so happy and cheerful.❤️❤️God bless you all ❤️,3,normal,0.9
-sImCddp-zc,bonniehoellein,-0.18018837,low,Your family and Aunt Linda are so lucky to have each other. So many lessons of love! ❤️❤️❤️,2,normal,0.9
3cRIwes2tA4,bonniehoellein,-0.18133368,low,Aww Joel is the best ever! it's so sweet seeing Lincoln smile when he realize it was Bonnie voice he was hearing,60,normal,0.9
3cRIwes2tA4,bonniehoellein,-0.18133368,low,Joel gives me hope that the right guy will come around,347,normal,0.85
3cRIwes2tA4,bonniehoellein,-0.18133368,low,"I'm so in love with this video...between Joel braiding of Olivia's hair, to Joel putting on the lotion on the boys, and the cutest love letter from Joel and the kids! That hat Bonnie is hilarious and how it almost flew off! Hope Olivia feels better soon!! 💕",36,normal,0.9
3cRIwes2tA4,bonniehoellein,-0.18133368,low,I know you were really hoping for a girl before you knew Lincoln was a boy but I think it's meant to be because lord knows we need more men like Joel in this world. He should have a chat with my boyfriend haha,56,normal,0.85
3cRIwes2tA4,bonniehoellein,-0.18133368,low,I love that whenever you talk about Joel you have a certain smile and your face lights up . You can truly tell that he is your soulmate . So happy for you pretty lady . Have a safe flight home 💜,5,normal,0.9
3cRIwes2tA4,bonniehoellein,-0.18133368,low,Who else has been LOVVVVVVING the vlogs?!!!??!?!,7,normal,0.9
3cRIwes2tA4,bonniehoellein,-0.18133368,low,you two are the epitome of relationship goals. you don't always get along but you always love each other and show respect to each other. you can see how much love and passion you guys have towards each other. watching you and your family gives me hope that I'll find someone like Joel one day. hope you had fun on your vacation bonnie.,3,normal,0.9
3cRIwes2tA4,bonniehoellein,-0.18133368,low,Joel you are so pro doing Olivia hair👍👍💖💖,75,normal,0.9
3cRIwes2tA4,bonniehoellein,-0.18133368,low,Please keep your vlogs natural and relatable !! Your family is the best,17,normal,0.95
3cRIwes2tA4,bonniehoellein,-0.18133368,low,What a fun sledding jump!  Enjoy your last moments in Hawaii Bonnie !!!! That letter was so sweet 🤗😍,7,normal,0.95
3cRIwes2tA4,bonniehoellein,-0.18133368,low,"Oh, Bonnie. I rejoice with you for having such a loving husband! Yours and Joel's marriage is such a balm in our crazy, broken down society. I'm so glad you've had such a wonderful adventure. 💜😘",4,normal,0.9
3cRIwes2tA4,bonniehoellein,-0.18133368,low,"Joel you had me crying again!! You are so sweet...and what I love most about you is, as Bonnie said, that you can tell that you don't do things just for the vlogs, you do them because you feel it in your heart 😊
I've been loving these vlogs with the two different locations, but I can't wait to have the family reunited!
Lots of love from Spain!",3,normal,0.9
3cRIwes2tA4,bonniehoellein,-0.18133368,low,Such a sweet couple. Love how Joel notices what makes Bonnie happy and love how Bonnie appreciates her husband and his efforts!,2,normal,0.9
3cRIwes2tA4,bonniehoellein,-0.18133368,low,"Oh Bonnie! you look just like a 40's glamour star in your vintage-style bathing suit, sarong and Audrey Hepburn hat.  Joel, such a good husband/dad.",6,normal,0.9
3cRIwes2tA4,bonniehoellein,-0.18133368,low,"Bonnie..Please don't ever change...you have a beautiful soul..
and your laugh and humor are priceless...you make me smile....This world needs more people like you Bonnie..thank you for sharing your story and God Bless you and your precious family😘",2,normal,0.9
3cRIwes2tA4,bonniehoellein,-0.18133368,low,Joel is such a great husband to Bonnie and a great father to his kids!💗❤️😘,4,normal,0.9
3cRIwes2tA4,bonniehoellein,-0.18133368,low,"Joel, Bonnie, and kids you have a special place in heaven. You guys are complete angels and I adore each and everyone of you. 😇❤",1,normal,0.9
3cRIwes2tA4,bonniehoellein,-0.18133368,low,My heart melted that Joel sent you a letter. He's so sweet and romantic.  Your relationship is so inspiring!,1,normal,0.9
3cRIwes2tA4,bonniehoellein,-0.18133368,low,"JOEL-You are so cute..I just have to say that, you really are. Bonnie is a very lucky lady! ❤️😊",5,normal,0.9
3cRIwes2tA4,bonniehoellein,-0.18133368,low,😭DANG IT BONNIE!! All the crying i've done this week! When will it end!?!😭😭😭,24,normal,0.85
S53yb6A4Uss,bonniehoellein,-0.1847544,low,Oh if everyone was as innocent as Aunt Linda she's so sweet,42,normal,0.85
S53yb6A4Uss,bonniehoellein,-0.1847544,low,I think as a community we can all collectively agree that we LOVE Aunt Linda! She is so sweet with a fun personality!! Merry Christmas Aunt Linda!,31,normal,0.85
S53yb6A4Uss,bonniehoellein,-0.1847544,low,"AWww Boston was so good! He looked like he was about to cry, but he didn't whine at all.",26,normal,0.9
S53yb6A4Uss,bonniehoellein,-0.1847544,low,I just love how gentle Olivia is with aunt Linda. Merry belated Christmas to you all. Love from Namibia 🇳🇦,64,normal,0.9
S53yb6A4Uss,bonniehoellein,-0.1847544,low,I don’t know if she’s Aunt Linda in the middle of the night 😂 We love you 💕,52,normal,0.85
S53yb6A4Uss,bonniehoellein,-0.1847544,low,"Joel ""she wrapped the cat""😂 Greatest Christmas movie ever!!!",67,normal,0.85
S53yb6A4Uss,bonniehoellein,-0.1847544,low,"I love how Olivia is so sweet, polite, gentle, and loving with aunt Linda! Happy belated Christmas! ❤️",16,normal,0.9
S53yb6A4Uss,bonniehoellein,-0.1847544,low,Each one of you treat Aunt Linda so precious. Great lessons also being taught. ❤️,12,normal,0.9
S53yb6A4Uss,bonniehoellein,-0.1847544,low,The way the kids are with aunt Linda is the best they kids are so sweet ❤❤❤,13,normal,0.95
S53yb6A4Uss,bonniehoellein,-0.1847544,low,"It’s always nice to see Aunt Linda, what a character ❤",1,normal,0.9
S53yb6A4Uss,bonniehoellein,-0.1847544,low,You have such respectful children and how adorable they are with Aunt Linda.,5,normal,0.9
S53yb6A4Uss,bonniehoellein,-0.1847544,low,You 2 are my heroes… raising your family the right way and accepting everyone for who they are… don’t ever change,1,normal,0.9
S53yb6A4Uss,bonniehoellein,-0.1847544,low,Oh my god 'Aunt Linda' - The Star of the Show indeed.,1,normal,0.9
S53yb6A4Uss,bonniehoellein,-0.1847544,low,"Looking at the kids and looking at Aunt Linda, I think Boston looks a lot like her. I love Aunt Linda she is the sweetest. Enjoy all the memories with her. Cherish her❤",1,normal,0.9
S53yb6A4Uss,bonniehoellein,-0.1847544,low,I love watching Aunt Linda’s present opening each year. She’s like the queen of Christmas.,6,normal,0.9
S53yb6A4Uss,bonniehoellein,-0.1847544,low,Boss Linda at your bedside in the middle of the night 😂😂😂😂😂. The best Mark,28,normal,0.85
S53yb6A4Uss,bonniehoellein,-0.1847544,low,I have to say you treat your aunt linda very great. And your like day and night compared to your sister Ruby you seem like a gentle soul that takes care of your kids and let them know that their loved,1,normal,0.8
S53yb6A4Uss,bonniehoellein,-0.1847544,low,We should all send aunt linda a gift this christmas! Give her the biggest Christmas ever,1,normal,0.85
S53yb6A4Uss,bonniehoellein,-0.1847544,low,"The ending of this video killed me🤣 imagining Linda beside your bed in the middle of the night is hilarious LOL she’s such a sweetie, and I love how you all are with her 🥰",6,normal,0.9
S53yb6A4Uss,bonniehoellein,-0.1847544,low,Aunt Linda is the best. I love her,1,normal,0.9
XL3qk_H5Yc0,bonniehoellein,-0.18809652,low,"I don't think we've ever seen on your channel, this side of you Bonnie. Just completely and blissfully content, letting loose and living like no ones watching. It honestly makes me cry to see you like this Bonnie, you are truly a treasure",255,normal,0.85
XL3qk_H5Yc0,bonniehoellein,-0.18809652,low,"The pure happiness of bonnie during that hike, made me tear up a little. So happy for them!",356,normal,0.9
XL3qk_H5Yc0,bonniehoellein,-0.18809652,low,"I am so happy to see Bonnie let her hair down and just enjoy herself.  Not worrying how she looks. She looked great in this video, all the way. Loved her romper. So cute and pretty on her.  She doesn't like the go pro. I don't blame her. The videos were so much better when she held the camera. Keep having fun, Bonnie. You deserve it.",204,normal,0.9
XL3qk_H5Yc0,bonniehoellein,-0.18809652,low,Joel is looking so exhausted and Bonnie looks so refreshed lol,41,normal,0.85
XL3qk_H5Yc0,bonniehoellein,-0.18809652,low,"Oh my gosh I totally just cried watching all of you guys eat dinner. To see you guys love on each other and just be sweet is so refreshing. It's funny because so many people in the comments were saying how they teared up or got emotional watching this video, and I really think that you touch people's hearts. Thanks for your positivity, it makes such a difference <3",49,normal,0.9
XL3qk_H5Yc0,bonniehoellein,-0.18809652,low,Who else thinks Bonnie has a gorgeous body!?,241,inappropriate,0.8
XL3qk_H5Yc0,bonniehoellein,-0.18809652,low,On a scale of 1 to 10 my love of Bonnie is about a 30. You guys are all so funny! I have a cousin that lives on Kauai. I need a Hawaiian vacation,130,normal,0.85
XL3qk_H5Yc0,bonniehoellein,-0.18809652,low,"""I WANNA BE AN ANGEL!!"" I'm laughing so hard!! Bonnie kills me! 😂😂😂😂😂",3,normal,0.9
XL3qk_H5Yc0,bonniehoellein,-0.18809652,low,"BONNIE!!!! You are so lucky in so many ways! You are such a big inspiration to me!! You have a great husband (i mean he stayed up till 2 am and woke up at 4 just for you!) and you have an amazing family, and you have so many people that support you! there are so many more that I could list but those are just some of the big ones! And I love how you smiled through out this whole entire vlog!!! I want to be just like you! 😘 God bless you!",72,normal,0.9
XL3qk_H5Yc0,bonniehoellein,-0.18809652,low,"Bonnie you are a beautiful woman!! And you definitely know how to ""dress for your body type"" keep killing it girl!",61,normal,0.8
XL3qk_H5Yc0,bonniehoellein,-0.18809652,low,Joel is cracking me up with his sign in the car!,55,normal,0.95
XL3qk_H5Yc0,bonniehoellein,-0.18809652,low,I love how you all are letting loose and enjoying your trip. Never feel guilty for taking time for yourself. Your kids will be fine. 👍🏼,4,normal,0.9
XL3qk_H5Yc0,bonniehoellein,-0.18809652,low,Joel all the editing has really paid off! The vlogs have been so beautiful the past couple of days! Good job☺,73,normal,0.9
XL3qk_H5Yc0,bonniehoellein,-0.18809652,low,"This vlog is going down into my all time faves.  Bonnie, your laugh and smile are so contagious. You look absolutely stunning in every outfit I've seen so far from bathing suit, to romper - doesn't matter... you are beautiful! I love that you were having so much fun in the rain on your hike. Many women would be upset and frustrated with the weather and getting wet, etc. Not you. That's part of what I love about you - you see the bright side most of the time and that makes me smile.  Joel,  your editing of these vlogs is awesome. I'm sorry you had such a rough, late night and early morning, but you are a very talented guy. I loved the transitions (from ☀️ to ❄️, etc.) and your clips, etc. Thank you. Thank you for being so selfless and doing this video for us (and yourselves). I mean it - I'm clicking the Thumbs Up and the Add To Favourites (and I only have 5 in there). xoxox Heather St. Albert, AB 🇨🇦",9,normal,0.85
XL3qk_H5Yc0,bonniehoellein,-0.18809652,low,"Joel's sign was sooo cute and funny the way he showed it😁😁 
I smiled and laughed the whole vlog and sometimes I even had tears in my eyes because it's so fun to see Bonnie having a blast😍",8,normal,0.9
XL3qk_H5Yc0,bonniehoellein,-0.18809652,low,"okay i don't often leave comments. but can we please appreciate joels nice work on the vlog here! and bonnie, your aura is amazing!",6,normal,0.9
XL3qk_H5Yc0,bonniehoellein,-0.18809652,low,Loved the scene of Joel driving and Bonnie's road. So fun!,3,normal,0.85
XL3qk_H5Yc0,bonniehoellein,-0.18809652,low,"Joel, you are such an amazing dad and husband! I pray i find someone who loves me as much as you love Bonnie! Bonnie, I hope you are having the best vacation, you deserve it beautiful mama! ❤",16,normal,0.9
XL3qk_H5Yc0,bonniehoellein,-0.18809652,low,I love Joel's editing and the sign he had in the car when he was plowing off snow! Haha so cute! :),2,normal,0.9
XL3qk_H5Yc0,bonniehoellein,-0.18809652,low,"This past vlogs have been so precious... Bonnie letting loose and being so happy, Joel having bonding time with the kids, always making us laugh! The videos are incredible and the editing is so good! I have been loving it!!!",1,normal,0.9
ICWh_GGSaLs,bonniehoellein,-0.190694,low,Awwww Lincoln falling right when You're Welcome ended was so cute 😂,3,normal,0.9
ICWh_GGSaLs,bonniehoellein,-0.190694,low,"""I hate that it has a cord... wish it had batteries.. or like WiFi..."" LOL!!! Something I would say!",10,normal,0.8
ICWh_GGSaLs,bonniehoellein,-0.190694,low,If you are hesitant you aren't done with babies I was the same way after I had the girls.And 6.5 years after  our youngest daughter God blessed us with the sweetest little boy.,32,normal,0.85
ICWh_GGSaLs,bonniehoellein,-0.190694,low,"What every Tuber parent does before pressing record:
""I'll give you a dollar if you .... ""
happens more often than we think.",34,concern,0.7
ICWh_GGSaLs,bonniehoellein,-0.190694,low,Olivia should donate her hair to charity! <3,14,normal,0.85
ICWh_GGSaLs,bonniehoellein,-0.190694,low,OMG THAT CLICKBAIT!!! I was about to cry,8,normal,0.8
ICWh_GGSaLs,bonniehoellein,-0.190694,low,"Lincoln is so cute,funny and he makes me laugh",7,normal,0.9
ICWh_GGSaLs,bonniehoellein,-0.190694,low,wow never knew bonnie would clickbait us.,12,normal,0.8
ICWh_GGSaLs,bonniehoellein,-0.190694,low,So glad she didn't cut her hair all off I was so worried,10,normal,0.9
ICWh_GGSaLs,bonniehoellein,-0.190694,low,"The thumbnail scared me! I was like NO her beautiful hair! 😂
But Lincoln giving Bonnie kisses, he's such a sweet boy",40,normal,0.9
ICWh_GGSaLs,bonniehoellein,-0.190694,low,Lincoln is looking more and more like Boston! It's so cute:),5,normal,0.9
ICWh_GGSaLs,bonniehoellein,-0.190694,low,wow that's a big banana LOL that is too cute Boston singing in his ear every time Lincoln moves he tries to get his ear hahaha,3,normal,0.9
ICWh_GGSaLs,bonniehoellein,-0.190694,low,The part with you and Lincoln and the sweet lullaby in the background omg,3,normal,0.9
ICWh_GGSaLs,bonniehoellein,-0.190694,low,😜 Thank you Joel! When I saw you Bonnie put the scissors that high my face did 😳😱 and I screamed NOOOO! 😂,40,normal,0.9
ICWh_GGSaLs,bonniehoellein,-0.190694,low,it's so sweet to have special time with the older kids while the younger ones are asleep. best snuggles ever!,1,normal,0.9
ICWh_GGSaLs,bonniehoellein,-0.190694,low,"In Bonnie's whisper voice ""don't call me butt chin!"" :) hehe. In the same voice she said ""don't call me bud!"". Oh Bonnie, my husband and I quote you often :)",31,normal,0.9
ICWh_GGSaLs,bonniehoellein,-0.190694,low,"I thought i was the only mom to read books to my kids while taking a bath,my kids are teenagers now and they always say mom remeber when u would read books to us while we took a bath...lol...such great memories.",2,normal,0.9
ICWh_GGSaLs,bonniehoellein,-0.190694,low,"Omg the beginning...
""I'll give you a dollar if you sing it.""
*Instantly starts singing*
😂❤",1,normal,0.9
ICWh_GGSaLs,bonniehoellein,-0.190694,low,I about had a heart attack when you put the sissors that far up on her hair!!!!!  oh my.  love the cuddles w your children. ♡♡♡,2,normal,0.9
ICWh_GGSaLs,bonniehoellein,-0.190694,low,Bonnie how do you made the stinking cute kids? 😂😂I'm obsessed with your cute kids💖,10,normal,0.9
gn7-1Q2vwkY,bonniehoellein,-0.1909988,low,You truly know who your real friends are during times of hardship. I’m so glad that your in-laws have been a source of peace for you ❤,84,normal,0.9
gn7-1Q2vwkY,bonniehoellein,-0.1909988,low,"Voice it every time, Mrs. Hoellein, every SINGLE time. It makes my heart swell too.",6,normal,0.9
gn7-1Q2vwkY,bonniehoellein,-0.1909988,low,Grandma and grandpa look so at peace watching your babies grow into little adults. Full hearts 🥰,30,normal,0.9
gn7-1Q2vwkY,bonniehoellein,-0.1909988,low,The reason for going that extra mile to make memories is very sad but how great you get to do it and have these videos to look back on one day. There is nothing better or more comforting than sitting with the people you love and just talking.,6,normal,0.9
gn7-1Q2vwkY,bonniehoellein,-0.1909988,low,You and Joel are honestly the best ur so sweet to each other xx ❤❤,8,normal,0.9
gn7-1Q2vwkY,bonniehoellein,-0.1909988,low,So many emotions in this video. Hearing you talk about your love with Joel makes me so giddy! I do believe the two of you have grown even more in love over the years on YT. I’ve watched since before Lincoln and can tell your love has grown more and more. The kids being so excited about fishing is the cutest ever! And seeing grandma & grandpa being there with you all is just amazing. ❤,2,normal,0.9
gn7-1Q2vwkY,bonniehoellein,-0.1909988,low,Your vlogs are making me smile.  Love your RV vaca vlogs. Your kids seem so happy and loved! So happy you are having a great time in Florida! Thank you for sharing.,3,normal,0.9
gn7-1Q2vwkY,bonniehoellein,-0.1909988,low,Aww his first fish 😊,1,normal,0.9
gn7-1Q2vwkY,bonniehoellein,-0.1909988,low,Lady is like “you can leave now” 😍,1,normal,0.95
gn7-1Q2vwkY,bonniehoellein,-0.1909988,low,"I don’t mean to be rude, but did anyone else think Lady was hiding under the covers because she had had an accident on the bedspread until Bonnie moved the brown candy wrapper? I was saying to myself, poor baby had a mishap and then later we find out she peed on Olivia. I love this family with all its ups and downs and tender moments sprinkled with laughter and fun adventures.",3,normal,0.9
gn7-1Q2vwkY,bonniehoellein,-0.1909988,low,Stan and Kaye are so cute I’m glad to see them hanging out with the kids,7,normal,0.95
gn7-1Q2vwkY,bonniehoellein,-0.1909988,low,Joel’s longer hair in the hair with his beard is a WHOLE VIBE 🔥,1,normal,0.9
gn7-1Q2vwkY,bonniehoellein,-0.1909988,low,You sweet mother in law reminds me so much of my mom who passed 5 years ago. Sometimes I’ll pause the video just to look at her sweet face. These moments are absolutely priceless. ❤,1,normal,0.9
gn7-1Q2vwkY,bonniehoellein,-0.1909988,low,"And i totally love joels hair, your in-laws, florida all the way, bonnie i absolutely love it.",1,normal,0.9
gn7-1Q2vwkY,bonniehoellein,-0.1909988,low,It’s so sweet to watch y’all enjoy Florida and family time ❤,1,normal,0.95
gn7-1Q2vwkY,bonniehoellein,-0.1909988,low,"We never know what this thing called life will bring us, I love your love story, hard times good times,your videos bring me lots of warm fuzzies. 💕💕💕💕",1,normal,0.95
gn7-1Q2vwkY,bonniehoellein,-0.1909988,low,Such beautiful moments and memories that are being made as a family for you all. What a nice Florida vacation life refresh! So happy you’re enjoying every minute and have your vlogs for reference of this wonderful time together! 💕,2,normal,0.95
gn7-1Q2vwkY,bonniehoellein,-0.1909988,low,Always love watching you and your family bonnie. You are such a wonderful 💕 lady .sending good vibes. God bless,1,normal,0.95
gn7-1Q2vwkY,bonniehoellein,-0.1909988,low,I love you and Joel’s love♥️ it’s so pure and sincere. Yall have grown up together!,1,normal,0.95
gn7-1Q2vwkY,bonniehoellein,-0.1909988,low,"Yay the full version ❤
A true fisherman story 🐟🐠🎣- the fish size gets bigger and bigger every time you tell people 😂😂",26,normal,0.9
R-PTCQvDfuc,bonniehoellein,-0.19172145,low,"I have loved your family for many years. Since Boston was a baby. My girlfriend, and now our puppy also love your videos. You’re honestly the only vlog she’ll watch with me. ❤",1,normal,0.9
R-PTCQvDfuc,bonniehoellein,-0.19172145,low,I swear Marco Island is magic!,2,normal,0.9
R-PTCQvDfuc,bonniehoellein,-0.19172145,low,Vicarious shelling in the sun whilst I sit in northern Minnesota drinking my morning coffee. ❤️,2,normal,0.9
R-PTCQvDfuc,bonniehoellein,-0.19172145,low,We will be definitely using Treasure Seekers Shell Tour on Marco Island!  Amazing!!!❤,1,normal,0.9
R-PTCQvDfuc,bonniehoellein,-0.19172145,low,What a fun time!,2,normal,0.9
R-PTCQvDfuc,bonniehoellein,-0.19172145,low,Great vlog today you guys I love all of you guys so much and I hope that you are all having a wonderful day today ❤❤❤❤❤❤❤❤❤❤❤❤❤❤❤❤❤❤,1,normal,0.95
R-PTCQvDfuc,bonniehoellein,-0.19172145,low,Beautiful footage! I especially loved the music you chose when seeing all the dolphins ❤🐬❤🐬❤🐬❤   I will definately share the info on this tour company. What an amazing day 🥰,2,normal,0.95
R-PTCQvDfuc,bonniehoellein,-0.19172145,low,I absolutely love seeing you guys on the same beautiful beach I’ve grown up on! So happy you guys got to experience all the beautiful shells that are there as well!! Wish I was there while you guys were!,1,normal,0.95
R-PTCQvDfuc,bonniehoellein,-0.19172145,low,"Happey Easter 🐇🐣 Cody, Boston, Lincoln, Joel, Bonnie, and Olivia and rest of your family. 
The sea 🌊 shells 🐚 all looked nice. Nice that your family is bringing home the seashells. The dolphins 🐬 were fun friends saying have a good ride going home.",2,normal,0.95
R-PTCQvDfuc,bonniehoellein,-0.19172145,low,"Happy Wednesday, Bonnie!😊😊😊😊😊😎☀💙💙💙💙💙💙🙏🌷💖💖💖💖💖💖⭐⭐⭐⭐⭐⭐👍. Your beautiful smile is so tingly like a shiny diamond😍💎. And the seashell tour is super awesome! Have fun!😀😙💙💙💙💙💙💙🙏🌷💖💖💖💖💖💖😊⭐⭐⭐⭐⭐⭐👍",2,normal,0.95
R-PTCQvDfuc,bonniehoellein,-0.19172145,low,amazing video you guys😊😊😊❤,2,normal,0.95
R-PTCQvDfuc,bonniehoellein,-0.19172145,low,Great clips of the 🐬. ❤,1,normal,0.95
R-PTCQvDfuc,bonniehoellein,-0.19172145,low,Those dolphins were so amazing!Beautiful seashells! 🐚 what a neat experience!🌼 These videos are just breathtaking! Florida is so stunning! 🌴☀️💦,1,normal,0.95
R-PTCQvDfuc,bonniehoellein,-0.19172145,low,Favorite video of the trip so far! Between the beautiful shells & dolphins! Chefs kiss! 🤌🏻🐬🥰,4,normal,0.95
R-PTCQvDfuc,bonniehoellein,-0.19172145,low,"Bonnie and Joel, I absolutely adore you and your kids! And the entire Griffiths family owns a piece of my heart ❤
Thank you so much for bringing all of us along on your journey in this beautiful life, I truly enjoy it. 
May I make a suggestion for when you're editing? Can you edit the music in at a lower volume,  perhaps? Even as an older lady, it's almost overwhelming how loud it is compared to the rest of the content. Otherwise,  you do such a wonderful job creating content for your viewers.  I'm praying for your Dad, Bonnie and for the Griffiths clan as you all navigate this difficult time. Also for Joel's sweet Mama and the Hoellein clan. God bless you ❤❤❤",2,normal,0.9
R-PTCQvDfuc,bonniehoellein,-0.19172145,low,Have you opened a sand dollar to see the tiny doves yet?? 🐚🌴🌺,1,normal,0.9
R-PTCQvDfuc,bonniehoellein,-0.19172145,low,You are the best YouTuber ever Bonnie,1,normal,0.95
R-PTCQvDfuc,bonniehoellein,-0.19172145,low,"Bonnie, I am so glad ya'll got to go on a shelling tour! I knew you would LOVE it!",4,normal,0.95
R-PTCQvDfuc,bonniehoellein,-0.19172145,low,I am so glad you got to see Marco Island!!!,2,normal,0.95
R-PTCQvDfuc,bonniehoellein,-0.19172145,low,Goodmorning Hollien family Happy Wednesday. Wow always love watching your volgs. Wow awesome shells. Thank you for sharing. ❤❤,3,normal,0.95
6tUN50S0kAs,bonniehoellein,-0.19236887,low,"I can’t even begin to imagine the wave of emotions your parents must feel coming home. There is so much happiness to be reunited with family, be back in their home, sleep in their own bed, and get used to day to day life again. With that there is also sadness the loss of Linda, coming home to their daughter in prison and the aftermath the six children from that daughter, their grandchildren faced. To trying to navigate a relationship with them. It’s so sweet to see these happy moments but I’m aware these videos only show a glimpse of what their life back home is like now. Thinking and Praying for them during those happy moments and also with all the sadness and struggles they are facing ❤",16,normal,0.9
6tUN50S0kAs,bonniehoellein,-0.19236887,low,We loved to see Grandma and Grandpa Griffiths again. We surely missed them. ❤❤❤,73,normal,0.9
6tUN50S0kAs,bonniehoellein,-0.19236887,low,We've missed Grandma and Grandpa Griff.... wish they get back to their videos... they are not responsible for anything and we love them lots for their values and dignity !!!,5,normal,0.9
6tUN50S0kAs,bonniehoellein,-0.19236887,low,No better sound than the rain hitting the top of a RV/Camper,12,normal,0.9
6tUN50S0kAs,bonniehoellein,-0.19236887,low,Such a blessing to see your Mom and Dad back home again.  Such wonderful memories.  Hope they start vlogging again.  Much love!,3,normal,0.9
6tUN50S0kAs,bonniehoellein,-0.19236887,low,I’m sure the grandkids were happy to see there grandparents after their mission. It’s nice to see Beau and his family,12,normal,0.9
6tUN50S0kAs,bonniehoellein,-0.19236887,low,"Getting a glimpse of your parents, does my heart good!!!",3,normal,0.9
6tUN50S0kAs,bonniehoellein,-0.19236887,low,I was so happy to see your parents in the video.,1,normal,0.9
6tUN50S0kAs,bonniehoellein,-0.19236887,low,It is so good to see and hear your parents voices again❤,1,normal,0.95
6tUN50S0kAs,bonniehoellein,-0.19236887,low,Gosh! I love seeing Grandma and Grandpa Griffiths again! ❤,1,normal,0.95
6tUN50S0kAs,bonniehoellein,-0.19236887,low,The tackle was the best ever lol so so glad to see Grandpa and Grandma Griffiths. I pray that in due time they will come back to YT.,110,normal,0.9
6tUN50S0kAs,bonniehoellein,-0.19236887,low,"You still have the memories of the home that is not there, Bonnie. Those are the memories you will always have and treasure. It’s wonderful seeing your Mom and Dad.",10,normal,0.9
6tUN50S0kAs,bonniehoellein,-0.19236887,low,I cant even explain how happy it makes me to have these vlogs back and your parents back. God bless bonnie and joel. Love you all,2,normal,0.9
6tUN50S0kAs,bonniehoellein,-0.19236887,low,"Soooo good to see Grandma and Grandpa Griffiths back with you all again, I’ve missed their videos too. Please remember and remind them that you’ve done nothing wrong and deserve to all be happy. Im sure this year has been heavy for all of you but on your parents particularly bad but they and you all are loved regardless, and I hope behind closed doors those that should be are managing to heal and recover from the bad bits xx",3,normal,0.85
6tUN50S0kAs,bonniehoellein,-0.19236887,low,Oh I bet Gma and Gpa Griff loved being back with the grandkids and Rv'ing! ❤,23,normal,0.9
6tUN50S0kAs,bonniehoellein,-0.19236887,low,"What a beaut family trip. Love to your parents, I’m so glad they’re back from their mission safe.",3,normal,0.9
6tUN50S0kAs,bonniehoellein,-0.19236887,low,Love the Vlog glad to see everyone’s back together having fun again so fun to see grandma and grandpa Griff,5,normal,0.9
6tUN50S0kAs,bonniehoellein,-0.19236887,low,You kind of made us homesick! The falls are spectacular. We love Ecuador but Idaho is beautiful.,1,normal,0.85
6tUN50S0kAs,bonniehoellein,-0.19236887,low,"Sending Love,Peace,& Blessings 🥰☮️💜",6,normal,0.9
6tUN50S0kAs,bonniehoellein,-0.19236887,low,Burst out laughing when Cody came out with the oversized ice cream... what a sense of humour 👏 replayed it too. What a cool little guy! 😂 COMEDY GOLD! 🎉 12:01,2,normal,0.9
_8ECd9txBxw,bonniehoellein,-0.19610351,low,"Long time viewer... I've never commented but I felt compelled to today!  I'm a new mama and I just have to say the way you talk to your kids and parent them is so inspiring to me. You can just see the love they have for you in their eyes! Keep up the good work, mama. :)",8,normal,0.9
_8ECd9txBxw,bonniehoellein,-0.19610351,low,Bonnie and Joel raise their kids so well. I love it,3,normal,0.9
_8ECd9txBxw,bonniehoellein,-0.19610351,low,"I absolutely love waking up and being entertained by your early morning vlogs! thanks for all your hard work with recording and editing, sleepless nights and still maintaining  to be positive!",5,normal,0.9
_8ECd9txBxw,bonniehoellein,-0.19610351,low,I love how Bonnie handled Cody's situation at the beginning! Stern yet loving and it worked😂👍🏻❤️,2,normal,0.9
_8ECd9txBxw,bonniehoellein,-0.19610351,low,"You're such a hands on mom!! I like how you keep your home looking so nice and keep your kids clean, well dressed, organized and you definitely make sure they are all loved.",1,normal,0.85
_8ECd9txBxw,bonniehoellein,-0.19610351,low,Hahaha I don't know why but I laugh so hard when Boston cries because he is so cute!! Love you guys!!,2,normal,0.9
_8ECd9txBxw,bonniehoellein,-0.19610351,low,"At my cousin's school, if kids are caught kissing in the biology hall, the teachers yell ""HERPES DOESN'T GO AWAY!""",1,normal,0.8
_8ECd9txBxw,bonniehoellein,-0.19610351,low,"Bonnie, you're an amazing mum. That little chat you had about the boots, 👍 keep up the good work",3,normal,0.9
_8ECd9txBxw,bonniehoellein,-0.19610351,low,I love and admire your family!!😍 your children are so cute!! I always look forward to your vlogs!! ❤️,5,normal,0.95
_8ECd9txBxw,bonniehoellein,-0.19610351,low,"let him cry if he wants.its his body.  this isn't parenting. this is forcing another human being to,stop their emotions when YOU want them too",20,concern,0.9
_8ECd9txBxw,bonniehoellein,-0.19610351,low,Truly admire Bonnie as a mother!😍❤️,2,normal,0.9
_8ECd9txBxw,bonniehoellein,-0.19610351,low,Lincoln's face when Joel brought him down in the tube is hilarious,1,normal,0.9
_8ECd9txBxw,bonniehoellein,-0.19610351,low,shes so nasty to poor Cody I feel so sorry for him.,5,concern,0.85
_8ECd9txBxw,bonniehoellein,-0.19610351,low,"Your parenting Bonnie is amazing, you talk to them like humans not little kids and teaching self regulation is so crucial at that age. Bravo",0,normal,0.9
_8ECd9txBxw,bonniehoellein,-0.19610351,low,Bonnie - I absolutely love watching you interact with your kids. You always talk so sweet and positive to them. A lot of YouTube families don't show footage of their kids crying or how they handle it so I love that you put it on here and how gentle you are with the kids 😍,0,normal,0.9
_8ECd9txBxw,bonniehoellein,-0.19610351,low,I love waking up and watching your videos and it just makes my day,2,normal,0.9
_8ECd9txBxw,bonniehoellein,-0.19610351,low,"I had a terrible cold and now a huge cold sore, but tea tree essential oil is a life saver!",4,normal,0.8
_8ECd9txBxw,bonniehoellein,-0.19610351,low,Oh my gosh Bon! This description is the funniest ever! 😄 Sorry about the HERPS though!,1,normal,0.8
_8ECd9txBxw,bonniehoellein,-0.19610351,low,You are the most loving and genuine mom!! Made me weep and smile with joy!! You guys are the best. Bonnie you are a inspiration to me. Thank you for all your hard work!!,0,normal,0.9
_8ECd9txBxw,bonniehoellein,-0.19610351,low,"Bonnie
I'm an old mom, closer to your parents age. I want to pat you on the back for both filming and including the video of you explaining to Cody ""you can wear the (frozen) boots you left outside and be HAPPY or stay home"".  This prepares children to take responsibility for their own actions and prepares them for the occasional struggles of life. When parents rescue children from consequences THEO CAN HANDLE IT UNDERMINES THEORY CONFIDENCE. Bravo Mama!",0,normal,0.85
9PY0E5u4oZg,bonniehoellein,-0.19821954,low,The skating montage was SO funny 😂😂😂,13,normal,0.9
9PY0E5u4oZg,bonniehoellein,-0.19821954,low,I was laughing SO hard at the ice skating. Those are the kind of memories you remember for years to come! x,2,normal,0.9
9PY0E5u4oZg,bonniehoellein,-0.19821954,low,2:28 Landon is the best lol PS they make legos for girls too 😊,6,timestamp,0.95
9PY0E5u4oZg,bonniehoellein,-0.19821954,low,Joel's mom and dad are the sweetest 👍,2,normal,0.9
9PY0E5u4oZg,bonniehoellein,-0.19821954,low,When your mom put on that black wig to sing with your dad well you looked just like her!!! It was wonderful to see.,5,normal,0.9
9PY0E5u4oZg,bonniehoellein,-0.19821954,low,Am I the only one who thought Boston and the little boy at 7:58 look so much alike at first glance? He sure gets his looks from the Hoellein side!,5,timestamp,0.9
9PY0E5u4oZg,bonniehoellein,-0.19821954,low,Lincoln’s approach to skating is hilarious,1,normal,0.9
9PY0E5u4oZg,bonniehoellein,-0.19821954,low,Watching your vlogs makes me think of the Christmas story with your children playing outside in the snow and playing with all their cousin  outside.  You all are so very blessed to have such a close family.,2,normal,0.9
9PY0E5u4oZg,bonniehoellein,-0.19821954,low,This. How special to have these memories,1,normal,0.95
9PY0E5u4oZg,bonniehoellein,-0.19821954,low,"At 6:19
Bon: “Joel?”
Joel: “yes dear?” 
Oww my heart, he is such a sweetheart and I love it!😍😍😭",1,timestamp,0.9
9PY0E5u4oZg,bonniehoellein,-0.19821954,low,"That look from Boston at 8:32, though??!! Like he's thinking, ""You have GOT to be kidding me???!!!"" LOL #TheHulk #TheRealOne",1,timestamp,0.9
9PY0E5u4oZg,bonniehoellein,-0.19821954,low,I was dying when Lincoln started crawling in the skating rink 🤣🤣🤣,1,normal,0.95
9PY0E5u4oZg,bonniehoellein,-0.19821954,low,Lincoln are stinking cute 💖,15,normal,0.95
9PY0E5u4oZg,bonniehoellein,-0.19821954,low,Lincoln looked so cute in that vest and glasses!  :),1,normal,0.95
9PY0E5u4oZg,bonniehoellein,-0.19821954,low,Looks like you guys had a great Christmas weekend! Is there anything Joel can’t do? That man amazes me! Can’t wait to see the kids opening their gifts from 🎅. 💜💙💚💛,5,normal,0.95
9PY0E5u4oZg,bonniehoellein,-0.19821954,low,i literally can't tell Boston & Cody apart. So amazing how much Boston has grown,1,normal,0.9
9PY0E5u4oZg,bonniehoellein,-0.19821954,low,I love how all the kids kept getting back up and trying to ice skate.  I would have just given up after the first few falls.,2,normal,0.95
9PY0E5u4oZg,bonniehoellein,-0.19821954,low,"What a beautiful line up of all the cousins. You guys are just awesome, I've loved all the families Christmas videos. MERRY CHRISTMAS TO YOU ALL. GOD BLESS",2,normal,0.95
9PY0E5u4oZg,bonniehoellein,-0.19821954,low,"I think in the past decade Christmas has been over commercialized...  I love seeing families together.. Not worrying about what each person bought for them.. But what they made..  Christmas should be about our Lord Jesus Christ.. I know I'm going to get a lot of wtf.. But I don't care..when our son was born my husband and I never celebrated Christmas like everyone else.. On Christmas day we volunteered or did something for someone else.. That was our gift to our Lord.. And on New Years we would do our gifts.. But we made Christmas about Jesus and only him.. From the time my son could understand we told him the truth about Santa.. I know ppl are going to say why would you do that.. My own family didn't like it.. But I didn't care.. I wanted our son to really know the true meaning of Christmas and what it means.. My son is now 18 and to this day he thanks us for giving him the values we did.. 

I love this family and the extended family cause they know what Christmas day is all about.. Everyone has different views on how to celebrate or what they want their children to know and its ok if you want your child to imagine that their is a Santa.. There is no wrong way I'm just saying how we did it.. So I don't need a lot of hateful comments.. 
BTW.. if you wait till New Years.. It's SO MUCH CHEAPER... especially the older your child gets.. Last year my husband spent over 500.00 just for a 17 year old.. And really he didn't get that much.. He got a iPhone,  video games,  boots,  new TV,  laptop,  clothes,  and a watch.  We haven't even started this year.. Lol...",11,normal,0.9
9PY0E5u4oZg,bonniehoellein,-0.19821954,low,Whoop whoop! Love starting my morning off with your vlogs! Tell Joel thanks for editing so late to upload!!,25,normal,0.9
mBXSXmQAG4A,bonniehoellein,-0.19854972,low,If you want to see this trip from @JulieDeru perspective go watch her vlog too! https://youtu.be/txE980K-FWI?si=HowkcnyWK0BtvDe_,14,normal,0.9
mBXSXmQAG4A,bonniehoellein,-0.19854972,low,"Oh my goodness what a treat to see Grandma  & Grandpa.  I have missed them so much.  When all the kids ran to each other to hug... I almost cried. There is no better love or friendship than that of a cousin, besides siblings of course. But what a joy to see everyone reunited.  These vlogs with your family are priceless. I wished I would have captured more of my family.  God bless this entire family. I love you all!!!!!!!",56,normal,0.95
mBXSXmQAG4A,bonniehoellein,-0.19854972,low,Hearing Gramma Griffiths voice at the end of the vlog brought such comfort and warmness.,9,normal,0.95
mBXSXmQAG4A,bonniehoellein,-0.19854972,low,This made me miss Grandpa and Grandma even more now that they are back home,17,normal,0.95
mBXSXmQAG4A,bonniehoellein,-0.19854972,low,It was so nice to see grandma and grandpa and Julie's family in the vlog ❤,34,normal,0.95
mBXSXmQAG4A,bonniehoellein,-0.19854972,low,My heart melted when Cody said they got to spend more time with their grandparents. Looked like a wonderful trip for everyone.,12,normal,0.95
mBXSXmQAG4A,bonniehoellein,-0.19854972,low,I miss your mom and dads vlogs. The sweetest people ❤,9,normal,0.95
mBXSXmQAG4A,bonniehoellein,-0.19854972,low,Nothing better than to see G and G Griff❤,8,normal,0.95
mBXSXmQAG4A,bonniehoellein,-0.19854972,low,"So nice seeing your parents, I miss them.",6,normal,0.95
mBXSXmQAG4A,bonniehoellein,-0.19854972,low,Grandma and Grandpa Griffiths! What a treat! They always bring the biggest smile to my face! Those boys have the sweetest and most genuine hearts. They will carry these memories for the rest of their life. I just love all of you guys!,10,normal,0.95
mBXSXmQAG4A,bonniehoellein,-0.19854972,low,"This was so fun to watch and even “funner” to live! The boys really were amazing and so appreciative of every little thing, it is obvious how much love is in their soles.",38,normal,0.9
mBXSXmQAG4A,bonniehoellein,-0.19854972,low,So nice to see your parents. Miss there channel.,2,normal,0.9
mBXSXmQAG4A,bonniehoellein,-0.19854972,low,"Oh Bonnie, it’s fantastic to see your mum & dad. I miss their vlogs. Much love to them both 👏🏻🙏🏼🫶",37,normal,0.95
mBXSXmQAG4A,bonniehoellein,-0.19854972,low,Oh my goodness!!! Bonnie I’ve missed your mom and dad!!!! And they look fabulous 🩷🩷,11,normal,0.95
mBXSXmQAG4A,bonniehoellein,-0.19854972,low,"You’re doing a great job and raising your kids! I know we probably only see the best side of them on here but you could tell that they are great kids! Miss your parents, I hope they come back to YouTube soon.",4,normal,0.9
mBXSXmQAG4A,bonniehoellein,-0.19854972,low,Always thrilled to see grandma and grandpa Griffiths🤗🫶,3,normal,0.95
mBXSXmQAG4A,bonniehoellein,-0.19854972,low,Your boys definitely have good manners. It was wonderful seeing your parents and Julie and her family. 🩵,7,normal,0.95
mBXSXmQAG4A,bonniehoellein,-0.19854972,low,I love seeing grandma and grandpa in the vlogs. So glad they got to spend some special time with the cousins.,4,normal,0.95
mBXSXmQAG4A,bonniehoellein,-0.19854972,low,So nice to see grandma & grandpa ❤,5,normal,0.95
mBXSXmQAG4A,bonniehoellein,-0.19854972,low,I love the bond Grandma and Grandpa Griffiths have with their grandkids. So precious.  Great job vlogging Boston!,2,normal,0.95
P_pHsLcKzts,bonniehoellein,-0.20164114,low,Aunt Linda reminds me so much of my aunt who passed away a year ago. Linda is such a light in the world.,67,normal,0.9
P_pHsLcKzts,bonniehoellein,-0.20164114,low,"The view from Olivias bedroom, with the snow, her brothers and all watching a VHS 😭 so blooming cute! What a perfect Christmas eve memory for them all. Aunt Linda melted my heart, as per usual 🥰 Merry Christmas to everyone single one of you! ❤",55,normal,0.9
P_pHsLcKzts,bonniehoellein,-0.20164114,low,"Proof that your kids, will always be Aunt Linda’s babies! Your kids love her so much!",24,normal,0.9
P_pHsLcKzts,bonniehoellein,-0.20164114,low,Why did Boston giving Aunt Linda Hugs just MELT ME🥹,15,normal,0.9
P_pHsLcKzts,bonniehoellein,-0.20164114,low,"As a mother to a daughter with special needs (4), I hope and pray she is surrounded by as much love and kindness as Aunt Linda is in her life. I’ve always loved watching your family treat her with respect and love, but it has been abundantly more heartwarming as I imagine my daughter’s future. ❤️ Merry Christmas Aunt Linda!",10,normal,0.9
P_pHsLcKzts,bonniehoellein,-0.20164114,low,"I LOVE that your kids not only know what Pollyanna and White Christmas     are but want to watch them.  They definitely know what quality movies are. Also, love seeing Aunt Linda in the vlogs again- ❤",35,normal,0.9
P_pHsLcKzts,bonniehoellein,-0.20164114,low,Nightmare before Christmas is a beautiful movie with a great lesson. You’re missing out guys!!,4,normal,0.9
P_pHsLcKzts,bonniehoellein,-0.20164114,low,"I love all your kiddos, but it’s such a joy to me to watch Olivia grown into a wonderful young lady. She is so mature and she has such a kind heart. It’s been a privilege to watch her grow!!!",6,normal,0.9
P_pHsLcKzts,bonniehoellein,-0.20164114,low,Loved this special first Christmas in your new home Bonnie and Joel. Praying that 2024 brings peace and serenity for you all. ❤️🙏🇮🇪,8,normal,0.95
P_pHsLcKzts,bonniehoellein,-0.20164114,low,Grandma and grandpa Hollein and all the things remind me of my childhood...I miss my grandparents so much 😢...love aunt Linda😊,1,normal,0.9
P_pHsLcKzts,bonniehoellein,-0.20164114,low,I love Linda’s reactions to her present and the way she said all the kids names!,3,normal,0.9
P_pHsLcKzts,bonniehoellein,-0.20164114,low,AUNT LINDA IS THE VIBEEEEEEE,3,normal,0.85
P_pHsLcKzts,bonniehoellein,-0.20164114,low,Lovely to see Aunt Linda looking bright and festive.  Such a lucky lady to have family like you.,2,normal,0.9
P_pHsLcKzts,bonniehoellein,-0.20164114,low,"😢 my favorite part of these Christmas Eve videos, are you and Joel’s date night in front of the fireplace. I hope you two still shared that moment together.",2,normal,0.9
P_pHsLcKzts,bonniehoellein,-0.20164114,low,Merry Christmas Aunt Linda!  I know you have had the best celebration of us all this year!!  You are loved and missed!  Enjoy your celebration with Jesus!,1,normal,0.9
P_pHsLcKzts,bonniehoellein,-0.20164114,low,How precious you all are especially with Aunt Linda being able to be with you!  Loved how Lady cozied up to her!😩❤️🎄,4,normal,0.9
P_pHsLcKzts,bonniehoellein,-0.20164114,low,Loved getting to see Aunt Linda having a good time with family. What a sweet lady!,4,normal,0.9
P_pHsLcKzts,bonniehoellein,-0.20164114,low,I love how you include Aunt Linda. She is a very special lady.♥️ This video melted my heart.🥰,1,normal,0.9
P_pHsLcKzts,bonniehoellein,-0.20164114,low,"Aunt Linda is the absolute light of life. Everything she is in a video, even if it's just on the phone with Bonnie, I can't help having the biggest grin on my face and feeling so much joy in my heart. She is an absolute treasure of a human being ❤❤",1,normal,0.9
P_pHsLcKzts,bonniehoellein,-0.20164114,low,What a sweet Christmas Eve with Aunt Linda.,5,normal,0.9
DW0ReRzw0AE,bonniehoellein,-0.20309153,low,Oh how I miss your sweet Mom. Can we talk about her skin care. She is absolutely stunning. And glowing.❤❤❤,34,normal,0.85
DW0ReRzw0AE,bonniehoellein,-0.20309153,low,"I love Grandma’s RV, it’s beautiful! We miss her channel 😢",69,normal,0.9
DW0ReRzw0AE,bonniehoellein,-0.20309153,low,What a treat to see you Mom. I’m her age and love seeing her again. I miss her channel. And I miss her cooking tips!,22,normal,0.9
DW0ReRzw0AE,bonniehoellein,-0.20309153,low,"Hearing your Mom talk..Made my day!!
Best Mom and Grandma, EVER!!!!!!!!!!
💗",19,normal,0.9
DW0ReRzw0AE,bonniehoellein,-0.20309153,low,GRANDMA GRIFF!!!!! It’s so good to see you!! ❤,12,normal,0.9
DW0ReRzw0AE,bonniehoellein,-0.20309153,low,I miss your Mom's videos so so much!! She is truly a amazing person!!❤,8,normal,0.9
DW0ReRzw0AE,bonniehoellein,-0.20309153,low,Ohhh Bonnie! I am so happy to see your mother! She looks good! She is beautiful as ever! That did my heart good seeing her and hearing her. Thank you for sharing her with the rest of us. Gosh she is so loved and missed. 😩 You can tell Jennifer puts love into everything she does. Her paintings are magnificent. She touched so many of our lives with sharing her wisdom and faith. I really miss that. ❤️,13,normal,0.9
DW0ReRzw0AE,bonniehoellein,-0.20309153,low,So happy to see your mom!!! I miss her so much and think of her and your dad often. Please tell her she is missed by so many and we wish she would post some videos again!! She is loved!!!!,2,normal,0.9
DW0ReRzw0AE,bonniehoellein,-0.20309153,low,Love seeing your Mom and all of her beautiful artwork! ❤,7,normal,0.95
DW0ReRzw0AE,bonniehoellein,-0.20309153,low,It’s so great to see your mom!  I miss her and your dad so much!,2,normal,0.95
DW0ReRzw0AE,bonniehoellein,-0.20309153,low,"just love seeing your mom, miss them both on their you tube channel. hugs from Miami",3,normal,0.95
DW0ReRzw0AE,bonniehoellein,-0.20309153,low,How sweet to see your mom!! I often go back to her bread making tutorial! 🫶🏻,1,normal,0.95
DW0ReRzw0AE,bonniehoellein,-0.20309153,low,I miss your mama!! I loved watching her channel. You guys are the best ❤,1,normal,0.95
DW0ReRzw0AE,bonniehoellein,-0.20309153,low,"I must say, I thoroughly enjoyed that little snippet of Grandma showing her yummy food & artwork (did she always have that talent? Her paintings are beautiful!) it was just really nice & comforting to hear her voice again. Thanks Grandma! We all miss you!❤️",4,normal,0.9
DW0ReRzw0AE,bonniehoellein,-0.20309153,low,Oh how I’ve missed seeing Jennifer and Chad on a regular basis!  Please tell them they are missed but it warms my heart to see y’all together! ❤❤❤❤❤,1,normal,0.95
DW0ReRzw0AE,bonniehoellein,-0.20309153,low,Hi Bonnie and Mom 😊 I miss your Mom's videos so very much.  She taught me to make bread!!  Please tell her Nina said hello and I am still lifting ALL of you up in prayer  😉,3,normal,0.95
DW0ReRzw0AE,bonniehoellein,-0.20309153,low,It was so wonder to see your mom❤!  I didn’t know that she painted🤷🏻‍♀️!  Her paintings are lovely 💕!,3,normal,0.95
DW0ReRzw0AE,bonniehoellein,-0.20309153,low,Grandmas meals are the best!!,11,normal,0.9
DW0ReRzw0AE,bonniehoellein,-0.20309153,low,"We also need a recipe for that fantastic ""Grandma Meal""",4,normal,0.9
DW0ReRzw0AE,bonniehoellein,-0.20309153,low,Its so nice to see your mum Bonnie ❤ and your dad in other vlogs! Sending lots of love your way ❤,4,normal,0.95
M5UBJlw44uA,bonniehoellein,-0.20367455,low,Joel is the kindest person!  The world needs more Joel’s in it!,29,normal,0.9
M5UBJlw44uA,bonniehoellein,-0.20367455,low,Joel is such a good man. So attentive. Taking off aunt Linda’s boots. Olivia is def her fathers daughter,30,normal,0.9
M5UBJlw44uA,bonniehoellein,-0.20367455,low,"Bonnie, I’m watching this randomly years after the fact but I just want you to know what a special soul you have. You are a beautiful person to your core. I hope you never forget that. Thanks for sharing your love ❤.",3,normal,0.9
M5UBJlw44uA,bonniehoellein,-0.20367455,low,"""I heard a loud Ho Ho Ho outside""!  LOL I love it so much! Happy Thanksgiving everyone!",38,normal,0.9
M5UBJlw44uA,bonniehoellein,-0.20367455,low,Does it feel special and nostalgic living in your old family home with your own family? I feel like it would be a weird and kinda magical season of life ❤️,21,normal,0.9
M5UBJlw44uA,bonniehoellein,-0.20367455,low,Joel is the sweetest person ever.  He and aunt Linda sitting on the sofa was so adorable.,9,normal,0.9
M5UBJlw44uA,bonniehoellein,-0.20367455,low,Every time I see aunt Linda my heart breaks and melts for her she is so sweet,13,normal,0.9
M5UBJlw44uA,bonniehoellein,-0.20367455,low,"So much about this vlog made my morning but Joel removing Aunt Linda’s boots so kindly just warmed my heart. 💗

Happy thanksgiving to everyone!",15,normal,0.9
M5UBJlw44uA,bonniehoellein,-0.20367455,low,The relationship you all have with Aunt Linda melts my heart❤,2,normal,0.95
M5UBJlw44uA,bonniehoellein,-0.20367455,low,"I think it's really sweet that she called Jennifer ""Mama"" as she really is like a mother to Aunt Linda.",2,normal,0.95
M5UBJlw44uA,bonniehoellein,-0.20367455,low,I love how loved Aunt Linda is. It was fun to listen to your conversation with Aunt Linda while you were making the pie.,9,normal,0.95
M5UBJlw44uA,bonniehoellein,-0.20367455,low,oh it made my day to see Linda again! she’s the star 🌟 happy thanksgiving 🦃,34,normal,0.95
M5UBJlw44uA,bonniehoellein,-0.20367455,low,It absolutely makes my heart feel so warm to see how happy aunt Linda is with your family!!  And to see how much you all love and care for her,5,normal,0.95
M5UBJlw44uA,bonniehoellein,-0.20367455,low,"I work with autistic adults and it warms WARMSSS my heart to see the love that surrounds aunt Linda   Because unfortunately that’s isn’t always the case and when this is Job you do you see things that are infuriating, simply because people are uneducated and so bloody mean. Happy thanksgiving happy birthday to you Bonnie and aunt Linda ❤you are amazing",3,normal,0.9
M5UBJlw44uA,bonniehoellein,-0.20367455,low,"My kids have an aunt Racheal. She is my sister in law and our family is blessed to have her. I know as my in-laws age, my husband and I will be her primary care givers. Watching Bonnie and Mark care for aunt Linda it dawned on me that there may be a day my kids care for their aunt Racheal in a similar fashion. And while they are children now I know that they will, because the bond they share is something special. Thank you for sharing moments of Aunt Linda with us. I know how blessed we are to have Auntie Racheal in our family and I can’t  help but think how blessed all your viewers are to have aunt Linda.",2,normal,0.9
M5UBJlw44uA,bonniehoellein,-0.20367455,low,Ok anyone else just just a little teary-eyed watching Bonnie making pie in her mom's kitchen using her signature yellow roaster bowl. I know her parents are doing amazing things but what a beautiful moment and I know they are missing them. So sweet happy holidays to you and the entire family near and your two special family members in Serbia.,13,normal,0.9
M5UBJlw44uA,bonniehoellein,-0.20367455,low,"Bonnie you are so wonderful with aunt Linda, sending love to you all",3,normal,0.95
M5UBJlw44uA,bonniehoellein,-0.20367455,low,Grandma & Grandpa Griff’s house is so cosy. There is something so comforting about the red carpet and the fireplace ❤,3,normal,0.95
M5UBJlw44uA,bonniehoellein,-0.20367455,low,"“Don’t tell nobody” had me laughing out loud! Love you guys,HAPPY THANKSGIVING y’all 🫶🏼🫶🏼",10,normal,0.9
M5UBJlw44uA,bonniehoellein,-0.20367455,low,The clip of aunt Linda and bonnie was just so sweet.,1,normal,0.95
gVIYIS1Yy8U,bonniehoellein,-0.20430449,low,Thanks Bonnie for inviting us in. Loved hearing all the family. Best part is your laugh it just brings me joy every time i hear it! Hope your mouth is all healed. Blessings,18,normal,0.9
gVIYIS1Yy8U,bonniehoellein,-0.20430449,low,"It’s such a different season from past celebrations, but I love that Bonnie finds a way to continue to share what she can. I applaud those who have chosen to make new choices or step away, and appreciate those who have chosen to reimagine how they continue to share their stories ❤ what has never changed is the love that you can hear you still hold for one another! 😊 Happy New Year!",10,normal,0.9
gVIYIS1Yy8U,bonniehoellein,-0.20430449,low,I miss Grandma and Grandpa Griffin 😢😢 I always enjoyed them and the love they showed on world. I also loved listening to their old stories from the past and  when grandma would cook as well😢😢😢,81,normal,0.9
gVIYIS1Yy8U,bonniehoellein,-0.20430449,low,Your mum and dad always do the best gifts for everyone!,8,normal,0.9
gVIYIS1Yy8U,bonniehoellein,-0.20430449,low,Thank you for sharing your party with us ❤,13,normal,0.95
gVIYIS1Yy8U,bonniehoellein,-0.20430449,low,"I love that your mom had the same gift ideas as you with the belt, buckle and bolo tie ❤",6,normal,0.95
gVIYIS1Yy8U,bonniehoellein,-0.20430449,low,I just love your parents! I love how your mom brings her country roots to you all ! It's my fav!!,6,normal,0.95
gVIYIS1Yy8U,bonniehoellein,-0.20430449,low,It’s so good to see everyone together again!! I’m so happy for the joy you guys bring each other!,6,normal,0.95
gVIYIS1Yy8U,bonniehoellein,-0.20430449,low,LLOOOOOVED this for you guys!! Your parents gift to everyone was phenomenal. Simple yet meaningful perfection! ❤,7,normal,0.95
gVIYIS1Yy8U,bonniehoellein,-0.20430449,low,Your mom is always so clever with her gift ideas,14,normal,0.9
gVIYIS1Yy8U,bonniehoellein,-0.20430449,low,"Thankyou so much for sharing your life, and special moments.  I would miss your family so much.  Even hearing everyone, and little flashes of what’s happening is so special.  I miss them all.",2,normal,0.85
gVIYIS1Yy8U,bonniehoellein,-0.20430449,low,I just love that u do that for your lil duckies. So sweet ❤,2,normal,0.9
gVIYIS1Yy8U,bonniehoellein,-0.20430449,low,Gosh this made me so happy to watch.  Thank you for sharing your lives with us. ❤,3,normal,0.9
gVIYIS1Yy8U,bonniehoellein,-0.20430449,low,Love the belts❤,0,normal,0.9
gVIYIS1Yy8U,bonniehoellein,-0.20430449,low,Awww aunt Linda’s roommmmm 😢,5,normal,0.85
gVIYIS1Yy8U,bonniehoellein,-0.20430449,low,For Mouth sores etc…. Take vitamin B6. My husband had chapped lips and a split in his lip for a year. Doctor told us about B6 and it healed within 2 days. Take it all winter long. Blessings to your family ❤,2,normal,0.8
gVIYIS1Yy8U,bonniehoellein,-0.20430449,low,This was so lovely to hear all the family together again. I really hope you enjoyed your Christmas and Happy New Year to you all xxx,2,normal,0.9
gVIYIS1Yy8U,bonniehoellein,-0.20430449,low,"seen the past years,  and this years so much fun",1,normal,0.8
gVIYIS1Yy8U,bonniehoellein,-0.20430449,low,You guys always pick fantastic gifts I love the idea with the belts and the belt buckle,1,normal,0.9
gVIYIS1Yy8U,bonniehoellein,-0.20430449,low,Hey Hollien family Happy Wednesday. Always thank you for sharing fabulous and incredible volgs ❤❤,1,normal,0.9
3N3D2lY8tpM,bonniehoellein,-0.20655227,low,I just love Joel!!! He is the sweetest husband on he planet!! Love how much he loves his family!!!,6,normal,0.9
3N3D2lY8tpM,bonniehoellein,-0.20655227,low,Jared: BOOM.... Sorry *whipsers* boom 🍒,14,normal,0.7
3N3D2lY8tpM,bonniehoellein,-0.20655227,low,"Haha. When olivia did the nae nae, it really made me laugh so hard. Hahaha. You really did a great job olivia!",49,normal,0.85
3N3D2lY8tpM,bonniehoellein,-0.20655227,low,"Ok, I'm just saying, you guys should make yourselves available for hire...like people could hire you to come to their wedding reception to make it fun :) haha, I think any party would be fun with Bonnie around!",71,normal,0.8
3N3D2lY8tpM,bonniehoellein,-0.20655227,low,My daughter just got engaged! Every time I see a Wedding or Reception I cry thinking about her Wedding.,3,normal,0.85
3N3D2lY8tpM,bonniehoellein,-0.20655227,low,Olivia HIT that whip! You go girl!!,4,normal,0.9
3N3D2lY8tpM,bonniehoellein,-0.20655227,low,"""the breast feeding boob""...just went viral! lmao",8,normal,0.6
3N3D2lY8tpM,bonniehoellein,-0.20655227,low,I could not stop laughing at y'all dancing 😂😂😂😂😂 SO FUNNY,4,normal,0.9
3N3D2lY8tpM,bonniehoellein,-0.20655227,low,I love the connection fathers (often) have to their daughters... every time I see Joel and Oliva together I just think it's the sweetest thing ever,1,normal,0.95
3N3D2lY8tpM,bonniehoellein,-0.20655227,low,I couldn't stop laughing at all you guys dancing! Looked so fun!,2,normal,0.95
3N3D2lY8tpM,bonniehoellein,-0.20655227,low,I LOVE that Olivia dances like no one else is watching! She's so sassy! ❤️,0,normal,0.95
3N3D2lY8tpM,bonniehoellein,-0.20655227,low,"Olivia's whip and Nae Nae! Oh my gosh, hysterical!",1,normal,0.95
3N3D2lY8tpM,bonniehoellein,-0.20655227,low,Joels kiss to Olivia melted my heart ❤️❤️,0,normal,0.9
3N3D2lY8tpM,bonniehoellein,-0.20655227,low,"Super fun!  See, you don't need alcohol to have a good time!",28,normal,0.9
3N3D2lY8tpM,bonniehoellein,-0.20655227,low,Bonnie that laugh!!! 😂😂😂😂omg,2,normal,0.9
3N3D2lY8tpM,bonniehoellein,-0.20655227,low,I love that y'all took Olivia on a special date just her. I bet she'll remember it forever. And made her feel soooo special!,0,normal,0.95
3N3D2lY8tpM,bonniehoellein,-0.20655227,low,"i love individually letting my kids come do ""special grown up things"" with us! they are memories they will always remember! :)",0,normal,0.95
3N3D2lY8tpM,bonniehoellein,-0.20655227,low,"I love how all of you guys show affection to your spouses. It's like all of you are permanently in the honeymoon stage, even your mom and dad.
I was raised in a non affectionate family, literally no hugs or kisses or I love yous, cuddles etc. 
it's nice to see and I love how you guys can just get silly with each other and have fun.",0,normal,0.85
3N3D2lY8tpM,bonniehoellein,-0.20655227,low,That looked like such a fun reception! Nothing is better than laughing and dancing the night away. Can we just talk about Laura and her husband's lift in their first dance!?,0,normal,0.9
3N3D2lY8tpM,bonniehoellein,-0.20655227,low,"Congrats on 200,000 subscribers Bonnie !!!!",6,normal,0.9
JXe3UkjhYqc,bonniehoellein,-0.20854822,low,Seeing Lincoln in his snow gear was so cute! I love his little bowlegged self. Hope you have an awesome day!,3,normal,0.95
JXe3UkjhYqc,bonniehoellein,-0.20854822,low,"Lincoln in the snowsuit looked just like Baymax! He even walked like him too, so cute!!",2,normal,0.95
JXe3UkjhYqc,bonniehoellein,-0.20854822,low,Lincoln in the snow suit...stinkin cute!! Loved the nativity scenes and the churches coming together to celebrate the birth of Jesus,3,normal,0.95
JXe3UkjhYqc,bonniehoellein,-0.20854822,low,there where some beautiful Nativity scenes at your Church Joel! What a lovely idea the represent all ideas of the Nativity!,16,normal,0.9
JXe3UkjhYqc,bonniehoellein,-0.20854822,low,Lincoln in that little snowsuit MY HEART oh my goodness how adorable,2,normal,0.95
JXe3UkjhYqc,bonniehoellein,-0.20854822,low,Forever wishing I will see mountains in my front yard!! Lol😛,7,normal,0.85
JXe3UkjhYqc,bonniehoellein,-0.20854822,low,I loooved seeing all of those precious nativities.,4,normal,0.9
JXe3UkjhYqc,bonniehoellein,-0.20854822,low,"I had to laugh at little Lincoln with his snow cloths on. He looked so darn cute walking in all that. Take care, Bonnie. I know how it feels to fall down. It's like your whole body is in  shock. Hurts and aches all over.  Be careful.",2,normal,0.9
JXe3UkjhYqc,bonniehoellein,-0.20854822,low,An advantage of staying up late here in Australia - I get to see your vlog 2 minutes after it goes up!! Love you guys ❤️,6,normal,0.95
JXe3UkjhYqc,bonniehoellein,-0.20854822,low,Little Lincoln looked so cute in his snow outfit!,97,normal,0.95
JXe3UkjhYqc,bonniehoellein,-0.20854822,low,Bonnie your kids are stinking cute 💖,18,normal,0.95
JXe3UkjhYqc,bonniehoellein,-0.20854822,low,Aweh Bonnie and family I just want to let you guys know how special you all are and I am absolutely so grateful for these vlogs. Loving you guys from Canada a ton xoxo,2,normal,0.9
JXe3UkjhYqc,bonniehoellein,-0.20854822,low,LOVED seeing all the different nativity scenes. :),2,normal,0.9
JXe3UkjhYqc,bonniehoellein,-0.20854822,low,Your home looks SO cozy!,9,normal,0.9
JXe3UkjhYqc,bonniehoellein,-0.20854822,low,Lincoln walking around holding his boots was just next-level cute :D Haha so funny too.,0,normal,0.95
JXe3UkjhYqc,bonniehoellein,-0.20854822,low,I love how a baby can captivate an entire room!! Truly precious.,0,normal,0.9
JXe3UkjhYqc,bonniehoellein,-0.20854822,low,When Lincoln was walking around the kitchen in that snow suit I was dying. He is so adorable.,0,normal,0.95
JXe3UkjhYqc,bonniehoellein,-0.20854822,low,I watch the vlogs right when I wake up!,4,normal,0.9
JXe3UkjhYqc,bonniehoellein,-0.20854822,low,Lincoln toddling around is just the cutest. My 17 month old watches him every day and just giggles.,0,normal,0.95
JXe3UkjhYqc,bonniehoellein,-0.20854822,low,"I am not a part of any church or ever have been but during the holidays when I see families like yours, it makes me feel like I would like to be part of a community like that. I don't know. I have my family but this just seems like more and something bigger xoxo Merry Christmas 🎄🎅🏼",1,normal,0.9
6pC5c4Tdm_w,bonniehoellein,-0.21365419,low,The gift part was so sweet. It is SO important that young girls know their dad loves them - however he intentionally chooses to show it. 💕,23,normal,0.9
6pC5c4Tdm_w,bonniehoellein,-0.21365419,low,How sweet of Joel to show Olivia how special she is to him by telling her she's his Valentine too. 💝 that perfume bottle is Georgous!! I never tried it but I bet it smells wonderful !!  Continue to have a wonderful time on your vacation 😀,46,normal,0.85
6pC5c4Tdm_w,bonniehoellein,-0.21365419,low,The Hollein genes are strong!  The cousins could pass for Joel’s kids!,58,normal,0.85
6pC5c4Tdm_w,bonniehoellein,-0.21365419,low,"If only all dads and husbands could be half the man Joel is💕You’ve got a gem Bonnie, thanks for sharing the special moments with us.",4,normal,0.9
6pC5c4Tdm_w,bonniehoellein,-0.21365419,low,What a sweet thoughtful book Bonnie!  You and Joel are such amazing parents. It's plain to see how much the nieces and nephews love you guys too!,12,normal,0.9
6pC5c4Tdm_w,bonniehoellein,-0.21365419,low,"Ohhh~ You guys are honestly the sweetest
Couple. I wasn't expecting to be so emotional this early in the morning 🥺
When Jole(lol) was reading one of the
Notes from Bonnie I nearly balled 😭!!
And the gift to Olivia was so Dear 🥰!
I love you two and your whole family.
HAPPY VALENTINE'S DAY ❤️❤️❤️❤️❤️",32,normal,0.85
6pC5c4Tdm_w,bonniehoellein,-0.21365419,low,Joel’s parents did an amazing job raising him!  🤗,5,normal,0.85
6pC5c4Tdm_w,bonniehoellein,-0.21365419,low,Joel is such a great husband and dad we all need a joely in our life ♥️,2,normal,0.9
6pC5c4Tdm_w,bonniehoellein,-0.21365419,low,What a wonderful thing to be treating Olivia as a valentine to teach her that is how a boy or man should treat her. Love the gifts you gave each other.so special,3,normal,0.9
6pC5c4Tdm_w,bonniehoellein,-0.21365419,low,"Omg, Carley looks like Lincoln with long hair!!!! So cute",2,normal,0.9
6pC5c4Tdm_w,bonniehoellein,-0.21365419,low,Aw Valentines gift ❤️ I would love to go back in time and be able to watch those early days with my boyfriend 🥺,3,normal,0.9
6pC5c4Tdm_w,bonniehoellein,-0.21365419,low,"I'm crying, bonnie your gift to joel is so sweet and Joel giving Oliva a gift is precious, i truly hope that oliva finds a guy who treats her good like joel does. 💕",1,normal,0.85
6pC5c4Tdm_w,bonniehoellein,-0.21365419,low,"I think I'm gonna cry happy!😢😊😊. Both of you are the greatest family in the world! The sightseeing of animals in the zoo, having fun at the playground (my favorite type of fun), watching the greatest movie of all time - ""Ghostbusters 4 Afterlife"" and the surprise of Valentine's Day gifts! WOW!💙💙💙💙💙💙. Happy belated Valentine's Day, everyone!😊😙💙💙💙💙💙🌈🌷💖💖💖💖💖💖💖😊😎⭐⭐⭐⭐⭐⭐👍",4,normal,0.9
6pC5c4Tdm_w,bonniehoellein,-0.21365419,low,I absolutely love the way Joel loves you Bonnie. And vice-versa. That journal made me cry! And the way you both love your kids and show them how they should be treated by others. You guys are my favorite YT family! So glad I get to follow along with your realness and adventures!,3,normal,0.9
6pC5c4Tdm_w,bonniehoellein,-0.21365419,low,Literally cried watching this!! I will never get over you guys’ love for each other! It is so special and shows through the screen.,1,normal,0.9
6pC5c4Tdm_w,bonniehoellein,-0.21365419,low,How beautiful is to see how Joel celebrate both of you is the sweetest thing ever,0,normal,0.9
6pC5c4Tdm_w,bonniehoellein,-0.21365419,low,It's so weird seeing you at our zoo! I hate that we missed seeing you! Hope you enjoy our wonderful state.,3,normal,0.8
6pC5c4Tdm_w,bonniehoellein,-0.21365419,low,Awe so sweet. My dad has always bought me a rose on Valentine’s Day since I was really little and still does… 💜,0,normal,0.9
6pC5c4Tdm_w,bonniehoellein,-0.21365419,low,You guys are the sweetest!! I LOVE that Joel got Olivia something for Valentine's and the reason behind it!!,1,normal,0.9
6pC5c4Tdm_w,bonniehoellein,-0.21365419,low,Yup Joel is 1000% the best husband/father ever👌😍,2,normal,0.9
ma41uFKu2OA,bonniehoellein,-0.21493912,low,My Christmas Eve tradition I made for my self is when I’m at my nans house for supper I go in my nana room and watch all our your Christmas Day/eve vlongs every year😀,3,normal,0.8
ma41uFKu2OA,bonniehoellein,-0.21493912,low,You both are beautiful people and I love watching you’re family growing up 🥰🥰🥰🥰,1,normal,0.9
ma41uFKu2OA,bonniehoellein,-0.21493912,low,Beautiful!!!!,1,normal,0.9
ma41uFKu2OA,bonniehoellein,-0.21493912,low,Joel bonnie love each other lisa jackson whitby ont ❤,1,normal,0.8
6G9nQArujU4,bonniehoellein,-0.21826558,low,"Haha. ""I don't want to ask for so much stuff, but I want everything!"" Same here cody, same here!",57,normal,0.85
6G9nQArujU4,bonniehoellein,-0.21826558,low,Oh my god... Boston is so freaking smart. His little voice “ Cody you can ask SANTA for these stuff” - that’s what I was going to say ... now you know exactly what to get them for Christmas. Your kids are so sweet ❤️❤️I’m so glad your channel is back.,35,normal,0.85
6G9nQArujU4,bonniehoellein,-0.21826558,low,"It was so refreshing to see Cody's HONEST reaction! Giving can be hard, especially for kids. No reason to try and pretend like it's not.",1,normal,0.85
6G9nQArujU4,bonniehoellein,-0.21826558,low,"As a kid, I was one of those kids that needed everthing that would be offered .  I wore Salvation Army clothes 98 percent of the time.  And at thanksgiving we would be given a basket of food with a turkey.  At Christmas one year they hand delivered a ballerina Barbie with a crown in her head.  And when we went to the same organization for a group giving away to the kids, I have to be honest this gift is the only gift I would get.  And some lady was nice enough to crochet the outfit for a doll.  And for a kid that has nothing some people don't understand.  I needed toys to play with.  I didn't want to worry about ruining her dress.  But I am still appreciative of all the effort and time these people took to care about the kids.  For a few years I started buying toys for kids in need.  I went to all the people that knew me and trusted me to see if they would help me to buy for a bunch of kids.  Those years that I did that made me feel better than any gift I was ever given.  Thankyou Bonnie for showing the spirit of giving.",114,normal,0.85
6G9nQArujU4,bonniehoellein,-0.21826558,low,I truly appreciate showing the kids honest reactions. We took my son to Walmart to pick out some toys to drop off outside the store at the toys for tots. He is almost four and it was a hard lesson for him to learn after picking out all these toys he had to give them away. I think it’s great to show the process of teaching your kids to give and being honest no kid wants to give away the hottest new toys lol,51,normal,0.9
6G9nQArujU4,bonniehoellein,-0.21826558,low,What a great idea!! Love that y'all are giving all of those toys away - such a special memory with family.,26,normal,0.9
6G9nQArujU4,bonniehoellein,-0.21826558,low,OH MY GOODNESS. My heart is M E L T I N G over Boston trying to talk Cody into being OK with donating all the toys. So sweet.,1,normal,0.9
6G9nQArujU4,bonniehoellein,-0.21826558,low,"Olivia hopping , one shoe on one shoe off across the rug is so cute 💜",71,normal,0.9
6G9nQArujU4,bonniehoellein,-0.21826558,low,Donating toys is our family tradition...We go through all the toys and I have the kids donate them themselves...Teaches them a lot...hoping they with learn gratitude and giving.,4,normal,0.9
6G9nQArujU4,bonniehoellein,-0.21826558,low,"Lincoln is so talkative, it's great!",29,normal,0.9
6G9nQArujU4,bonniehoellein,-0.21826558,low,"So, what if kids start asking: ""why can't ""poor"" kids just ask Santa for presents?"" What do you say THEN. help😂",14,normal,0.8
6G9nQArujU4,bonniehoellein,-0.21826558,low,5:39 Olivia's reactions melt my heart she's so sweet.,2,timestamp,0.95
6G9nQArujU4,bonniehoellein,-0.21826558,low,Guessing she’s having another boy!!!!💙💙💙 #boymom 🤗,10,normal,0.85
6G9nQArujU4,bonniehoellein,-0.21826558,low,"The kiddos faves at the toys was so sweet, however I love even more how your kiddos knew and remembered that these toys were for other people, and Cody saying I don't want to ask for everything was so cute, your kiddos are adorable and although it was hard, it would be hard for me too, but they still knew what was going on, u are such a great family, I love y'all, u are so generous and awesome!!!!",2,normal,0.9
6G9nQArujU4,bonniehoellein,-0.21826558,low,Omg Cody has such a sweet soul “I don’t want to ask for too much” such a selfless little boy (although a little hesitant lol) because you’re the best mom and Joel is the best dad. I love you and your family Bonnie!!!!!,1,normal,0.9
6G9nQArujU4,bonniehoellein,-0.21826558,low,Olivia's face at 5:39 is so perfect!!! That was awesome! Congrats on getting the channel fixed and also thanks for the great example you set for your kids and others by donating all those toys to kids in need!!!,2,timestamp,0.95
6G9nQArujU4,bonniehoellein,-0.21826558,low,"omgosh Cody with the "" I don't want to ask for too much"" ... Okay cuteness overload times a million! That just tugged at my heart! This is how you know you are raising great kids Bonnie and Joel!  How special for these families you are donating these items too. Awesome!",17,normal,0.9
6G9nQArujU4,bonniehoellein,-0.21826558,low,I love how Boston was setting an example to cody. He is so grown.,1,normal,0.9
6G9nQArujU4,bonniehoellein,-0.21826558,low,The sound when Lincoln walks 😂😂😂,4,normal,0.9
v73zdjha3vs,bonniehoellein,-0.21864754,low,All of your children are so sweet but Boston truly just has my heart! He is such a sweet gentle boy!!!,9,normal,0.9
v73zdjha3vs,bonniehoellein,-0.21864754,low,"Lol! Joel: On todays task- how to put out an explosive fire. 😂 
Looks like you all had a fun couple of days!",5,normal,0.9
v73zdjha3vs,bonniehoellein,-0.21864754,low,LOL Boston flaring his nostrils at the beginning 🤣🤣🤣🤣,2,normal,0.9
v73zdjha3vs,bonniehoellein,-0.21864754,low,Always a fun day when the cousin's are around!! I hope no one is hurt in the fire for sure!!     🙏🙏🙏🙏🙏🙏,2,normal,0.85
v73zdjha3vs,bonniehoellein,-0.21864754,low,"the fake sneeze was ""REAL""  FOR SURE🤣🤣",21,normal,0.85
v73zdjha3vs,bonniehoellein,-0.21864754,low,I think Joel needs to be a firefighter in his free time! 😂❤️,2,normal,0.95
v73zdjha3vs,bonniehoellein,-0.21864754,low,"Omg Lincoln looks just like Bonnie, he even makes the same faces as her 😂",1,normal,0.95
v73zdjha3vs,bonniehoellein,-0.21864754,low,"The cousin fun this summer has been awesome.  Yikes, that fire had me nervous. Joel you could've panned a bit more to show us the whole rainbow, though, lol",1,normal,0.9
v73zdjha3vs,bonniehoellein,-0.21864754,low,I love the wind chimes in the background when your doing their haircuts and the wind blowing. So relaxing!! Those are the days I look back on as a child. So nostalgic feeling ❤,0,normal,0.9
v73zdjha3vs,bonniehoellein,-0.21864754,low,Boston flaring his nostrils in the beginning lol🎉,3,normal,0.9
v73zdjha3vs,bonniehoellein,-0.21864754,low,My husband thanks you for recording the fire! 🔥. He’s an old firefighter.  It is interesting to watch.,0,normal,0.9
v73zdjha3vs,bonniehoellein,-0.21864754,low,Anyone else see the rainbow when Joel was talking about the fire and fire hydrant??,0,normal,0.9
v73zdjha3vs,bonniehoellein,-0.21864754,low,"I think Boston earning the money for his Ball Glove is such a good lesson,as it's teaching him responsibility and hard work. I do the exact same with my youngest daughter who's 14 and will start her 1st job in the Fall. Nothing in life is free and dirty hands mean clean money.",2,normal,0.9
v73zdjha3vs,bonniehoellein,-0.21864754,low,Goodmorning Hollien family Happy Friday. Amazing volg thank you for sharing ❤❤❤,0,normal,0.95
v73zdjha3vs,bonniehoellein,-0.21864754,low,I wish I had Boston's energetic oomph 😂,1,normal,0.9
v73zdjha3vs,bonniehoellein,-0.21864754,low,Boys are a league of their own! Bonnie as a mom of boys You are an amazing mom! The fire footage was amazing thanks for sharing Joel!,5,normal,0.9
v73zdjha3vs,bonniehoellein,-0.21864754,low,Aww man I was so invested in the fire…lol how long did it take to be put out and what was on fire?,4,normal,0.9
v73zdjha3vs,bonniehoellein,-0.21864754,low,was anyone else yelling at Joel threw the screen to show the beautiful rainbow 😂,0,normal,0.9
v73zdjha3vs,bonniehoellein,-0.21864754,low,Lincoln looks just like you Bonnie!,1,normal,0.95
v73zdjha3vs,bonniehoellein,-0.21864754,low,"Happy Friday, Bonnie!😊😊😊😊😊😎☀💙💙💙💙💙💙🌷💖💖💖💖💖💖🎇👍. Your boys are incredible and tough. WOW!!😍😍😍😍😍😍👍",1,normal,0.95
A15MHsZ2WIw,bonniehoellein,-0.21932948,low,Let’s just appreciate how happy and loving this family is 🥰,37,normal,0.95
A15MHsZ2WIw,bonniehoellein,-0.21932948,low,"I love that old charming fence! I hope the new home owner loves it too. 
The shed can never be too big. Think of all the storage you’ll have for an RV, ATV’s, Frank, Joel’s tools, outdoor equipment and you won’t have to pay for storage for anything! If Joel has a shop space, he can teach the kids how to build things too.",19,normal,0.9
A15MHsZ2WIw,bonniehoellein,-0.21932948,low,Make sure you put a bathroom with a shower in the shop. And remember you have your recreation vehicles and the room is amazing!,11,normal,0.9
A15MHsZ2WIw,bonniehoellein,-0.21932948,low,"I love the fence. I mean, I would paint it.....but I still love it",2,normal,0.9
A15MHsZ2WIw,bonniehoellein,-0.21932948,low,I love the fence! Has a certain charm to it❤️,9,normal,0.9
A15MHsZ2WIw,bonniehoellein,-0.21932948,low,Joel works so hard. He deserves the shop he wants.,1,normal,0.95
A15MHsZ2WIw,bonniehoellein,-0.21932948,low,you deserve to have a big shop Joel. Congratulations,3,normal,0.95
A15MHsZ2WIw,bonniehoellein,-0.21932948,low,"Bonnie, I feel your pain. Our garage is much bigger than our house too! Let him have his fun. He's having fun with all his toys and you'll reap the benefits of a happy husband!",8,normal,0.9
A15MHsZ2WIw,bonniehoellein,-0.21932948,low,"As my husband always says, “buy once, cry once”. 😅",1,normal,0.9
A15MHsZ2WIw,bonniehoellein,-0.21932948,low,I miss our big family gatherings. Bonnie you just leave Joel's shop alone lol. That fence has many a story it could tell. I love it too!,1,normal,0.9
A15MHsZ2WIw,bonniehoellein,-0.21932948,low,I recognized one of Joel’s cousins  from the family reunion,2,normal,0.85
A15MHsZ2WIw,bonniehoellein,-0.21932948,low,Love the fence . So rustic,2,normal,0.9
A15MHsZ2WIw,bonniehoellein,-0.21932948,low,We can't wait to see the new house,2,normal,0.9
A15MHsZ2WIw,bonniehoellein,-0.21932948,low,"You're a hard workin woman, Bonnie!😊💙💙💙💙💙💙💙👍. And I love the plans on the new fence. I like that!😀⭐🎉⭐🎉⭐🎉⭐🎉⭐👍.",2,normal,0.9
A15MHsZ2WIw,bonniehoellein,-0.21932948,low,Trust me you will fill it up. It is not too big ❤️,2,normal,0.9
A15MHsZ2WIw,bonniehoellein,-0.21932948,low,I like the fence. It reminds me of barn boards.,1,normal,0.9
A15MHsZ2WIw,bonniehoellein,-0.21932948,low,Goodmorning Hollien family. Love seeing the family reunions volgs.❤️❤️,2,normal,0.9
A15MHsZ2WIw,bonniehoellein,-0.21932948,low,I like your fence Bonnie. It’s antique looking,1,normal,0.9
A15MHsZ2WIw,bonniehoellein,-0.21932948,low,Love your family and vlogs. Keep up the great job that you do Bonnie.,1,normal,0.95
A15MHsZ2WIw,bonniehoellein,-0.21932948,low,THAT FENCE IS PERFECT,0,normal,0.9
MbfZ3DFbqDU,bonniehoellein,-0.22122046,low,"I have Spina Bifida myelomeningocele, I’m 37 years old and had the spinal fusion when I was 12 years old. Every time you talk about the medical stuff I get it. I love your channel. Thank you for sharing your life with us.",0,normal,0.85
MbfZ3DFbqDU,bonniehoellein,-0.22122046,low,Was Lady in the pantry?! Hahaha that made me laugh so hard!,0,normal,0.9
lCCb8grqjmE,bonniehoellein,-0.22263403,low,"Bonnie, I love the sweater that you wore to breakfast! So cute!!! ❤",4,normal,0.9
lCCb8grqjmE,bonniehoellein,-0.22263403,low,I would just like to thank you your husband and your children for doing these videos. It warms my heart. It makes me so happy to see good clean families out here. I’ve been around a lot of hate and ugly and dirty people and this gives me a feeling that as a country we will survivewith good people like you guys,8,normal,0.95
lCCb8grqjmE,bonniehoellein,-0.22263403,low,I miss Aunt Linda's excitement for Christmas 🎄,33,normal,0.9
lCCb8grqjmE,bonniehoellein,-0.22263403,low,I love in the Christmas video Boston said that Cody is his favorite person in the family!! That is so sweet! It says A LOT about BOTH of those boys!! 💙🩵,2,normal,0.95
lCCb8grqjmE,bonniehoellein,-0.22263403,low,"Bonnie & Joel, 
You have a beautiful family and it’s very obvious that your family is so happy and healthy. Prayers for Lincoln, asthma is not easy to deal with. I understand the struggles and the cooler air helps me too.",7,concern,0.7
lCCb8grqjmE,bonniehoellein,-0.22263403,low,"Bonnie , you look beautiful as always , thank u for a great vlog , beautiful family!  😊 what a lovely family tradition ❤",7,normal,0.9
lCCb8grqjmE,bonniehoellein,-0.22263403,low,"I watch your family all the time.  I sure wish your parents would film more often.  My best go out to your dad, and also to Joel's mum.  I'm 76, and even though I'm older, I feel like I'm just as young as the both of you.  God bless and all the best of luck and good health.",1,normal,0.85
lCCb8grqjmE,bonniehoellein,-0.22263403,low,You guys have WAY too much fun!  Thank you for inviting us along.,0,normal,0.9
lCCb8grqjmE,bonniehoellein,-0.22263403,low,Sweetest family ever!,4,normal,0.95
lCCb8grqjmE,bonniehoellein,-0.22263403,low,Amazing video bonnie and family i love you cody olivia boston Lincoln and bonnie and joel😊😊😊😊😊❤❤❤❤❤,6,normal,0.9
lCCb8grqjmE,bonniehoellein,-0.22263403,low,Thanks for sharing your beautiful family with all of us!  💙💜💜💙💙💙,2,normal,0.9
lCCb8grqjmE,bonniehoellein,-0.22263403,low,Olivia's side part at the end is SO CUTE!!!,1,normal,0.85
lCCb8grqjmE,bonniehoellein,-0.22263403,low,Goodmorning Hollien family Happy Tuesday. Love your family because you guys work together. Thank you for sharing amazing volgs ❤❤,2,normal,0.9
lCCb8grqjmE,bonniehoellein,-0.22263403,low,Such a fun family tradition for you all! 🎄,0,normal,0.9
lCCb8grqjmE,bonniehoellein,-0.22263403,low,Nice Strike Cody!! That was awesome,0,normal,0.9
lCCb8grqjmE,bonniehoellein,-0.22263403,low,What a wonderful tradition! Looks like so much fun!❤️,4,normal,0.9
lCCb8grqjmE,bonniehoellein,-0.22263403,low,Awe you all are incredible.,0,normal,0.9
lCCb8grqjmE,bonniehoellein,-0.22263403,low,Great vlog today you guys I love all of you guys so much and I hope that you are all having a wonderful day today ❤❤❤❤❤❤❤❤❤❤❤❤❤❤❤❤❤❤❤❤❤,0,normal,0.9
lCCb8grqjmE,bonniehoellein,-0.22263403,low,Does Olivia use product when she does her pony? It’s so perfectly slicked!,2,normal,0.85
lCCb8grqjmE,bonniehoellein,-0.22263403,low,"I love your family holiday tradition.  Bonnie, you look so cute in your festive winter sweater.  Olivia looking beautiful in that cute yellow sweater.  Nice strike Joel.
That was nice that Lady got to go with to that hotel.  The food looked amazing at that Italian restaurant.  The music you added to that dinner was a great touch.
Thanks for sharing with all of us.  💚",0,normal,0.9
GajUGIhFsIw,bonniehoellein,-0.22271898,low,"You should do a heart for every kid:

Olivia-💜
Cody-💙
Boston-💚
Lincoln-💛

It would be SUPER CUTE",7,normal,0.9
GajUGIhFsIw,bonniehoellein,-0.22271898,low,Everyone is at the beach and I'm over here in my bed. 🙄😂,131,normal,0.85
GajUGIhFsIw,bonniehoellein,-0.22271898,low,Anybody complaining about the kids being out of school needs to understand that their parents are able to easily teach them what they're learning in school it's only an elementary level,4,normal,0.9
GajUGIhFsIw,bonniehoellein,-0.22271898,low,"Hahaha I would start singing songs from moana 😂😂 ""I've been staring at the edge of the water""",4,normal,0.95
GajUGIhFsIw,bonniehoellein,-0.22271898,low,What a wonderful experience/memories you are creating for your family. Cody and Olivia will grow so much from this.  I admire your decision to pull them out of school to take this trip. A school is not the only place kids can expand their education.  Enjoy every minute.,336,normal,0.9
GajUGIhFsIw,bonniehoellein,-0.22271898,low,"""The house comes with a sexy man"" 👏 bonnie I love your one liners 😂",3,normal,0.7
GajUGIhFsIw,bonniehoellein,-0.22271898,low,guest as in ellie n jared!!...they hv their birthday month too😍😍,196,normal,0.9
GajUGIhFsIw,bonniehoellein,-0.22271898,low,I just love how different everyone is. It's all of your kids first time in ocean water yet my son has been in ocean water more times then I can count and he's 4. But yet he has never seen snow and you're kids have seen it more than you can count. Love it!,31,normal,0.9
GajUGIhFsIw,bonniehoellein,-0.22271898,low,who is watching and going through the comments,314,normal,0.6
GajUGIhFsIw,bonniehoellein,-0.22271898,low,"Ahh, ocean air, soft breezes, the smell of the ocean. The kids will remember this all their lives.",1,normal,0.95
GajUGIhFsIw,bonniehoellein,-0.22271898,low,"Omg have a fabulous time !!! Just a bit nervous about Lincoln climbing up on that seat on the balcony and falling over , maybe move the seats the other way to the window side away from the railings x",183,concern,0.85
GajUGIhFsIw,bonniehoellein,-0.22271898,low,Where that lady is playing the ukulele is where me and my husband got married. I miss Hawaii every day we were there because my husband was in the military for three years. I love your family and I pray you guys have an amazing time,23,normal,0.9
GajUGIhFsIw,bonniehoellein,-0.22271898,low,Are you pulling all your kids out of school for a month?? ❤️,46,normal,0.9
GajUGIhFsIw,bonniehoellein,-0.22271898,low,i don't know why watching your family on the beach has me in tears- but it does.. hearing the testimony of you and joel (before kids).. and how starting out it was so hard for y'all.. times were tough and money was very tight- but still the love has always been strong.. and to now look at your family- with all of your sweet babies with true genuine heart and souls.. it really has all come full circle for y'all. i had no idea when i first started watching your channel- how drawn to your family i would be (in a non creepy way i promise).. you and joel (even when you are mad at eachother)- really set such a good example of how marriage and love should be- to hear your children talk really shows the values and morals you are instilling in them. i am so beyond thrilled you are back in hawaii with your family and i cannot wait to see the memories you are about to create!!!!!,2,normal,0.9
GajUGIhFsIw,bonniehoellein,-0.22271898,low,Im just curious to know why you decided to go now and not during summer vacation?,67,normal,0.85
GajUGIhFsIw,bonniehoellein,-0.22271898,low,I feel like the visitors will be Bonnie's parents! 🙂,39,normal,0.8
GajUGIhFsIw,bonniehoellein,-0.22271898,low,I love how Joel says foliage. 😂 Have so much fun! I'm jealous!,2,normal,0.9
GajUGIhFsIw,bonniehoellein,-0.22271898,low,"my little niece just asked me ""why does the ocean in this video remind me of the ocean in Moana?"" I just laughed at how cute she was",2,normal,0.9
GajUGIhFsIw,bonniehoellein,-0.22271898,low,"My mom pulled me out of school in second grade to go to England for a month. It was during winter break. We left around the 15th of December and didn't return until the start of February. My mom did ask my teacher for all the work I would miss and I completed all of it. When I returned, my classmates were a lesson behind. Winter break was 2 weeks and we stayed for an additional 4 weeks and it was fun. The only difference is that I was placed in a primary school during our stay. 

So all of you haters saying that Bonnie is a bad mother for pulling Olivia out of school, shut your pie hole. Bonnie is an amazing mother for giving her children this wonderful learning opportunity to learn hands on about different regions and cultures in our country/the world. 

And for those of you saying that Bonnie is selfish for taking her family to Hawaii instead of Disney can finally shut up because they're staying right next to a Disney resort. Its a two in one deal, and Bonnie you are amazing for thinking of that! Joel you are an amazing father and husband to Bonnie and the kids. Im happy that I can see all of you happy and stress free. Please enjoy your vacation and have a great time!",1,normal,0.85
GajUGIhFsIw,bonniehoellein,-0.22271898,low,"I love that you addressed all the negative comments! You guys don't need to explain yourselves, honestly. But hopefully all those people who were upset about the kids missing school will leave you be now.",2,normal,0.9
-EsRkXy-Mfc,bonniehoellein,-0.22688162,low,First thanks for sharing! You didn’t have to but you chose to. You respectfully recorded but let us in on this beautiful healing journey. Second hearing your dad laugh in the background made my heart so happy! Praying for so many beautiful memories ahead even though it’s different,85,normal,0.9
-EsRkXy-Mfc,bonniehoellein,-0.22688162,low,"Seeing the reunion is somehow a bit healing for us even. Eventhough the tone or the vibe of this family reunion is different than before. Dunno if I'm the only one that feels that.. 
But for us as longtime followers it feels good to see you again like this..",16,normal,0.85
-EsRkXy-Mfc,bonniehoellein,-0.22688162,low,Thank you all for finding a way to include us! It was a special treat to see you all together! Continued prayers for your family as you find new ways to make new memories in your next chapter ❤,17,normal,0.9
-EsRkXy-Mfc,bonniehoellein,-0.22688162,low,"Bonnie, I love seeing your parents in the videos.  I hope your Dad is feeling better.  Prayers for all.",21,normal,0.95
-EsRkXy-Mfc,bonniehoellein,-0.22688162,low,Vinegar best for a bee sting 😮❤😊,1,normal,0.9
-EsRkXy-Mfc,bonniehoellein,-0.22688162,low,"Thank you so much for sharing this with us! It makes my heart so happy to see you all together, happy and laughing. 🩷",3,normal,0.95
-EsRkXy-Mfc,bonniehoellein,-0.22688162,low,Nothing beats spending time with loved ones! Thanks so much for sharing your beautiful family with us!    🙏🤗💖,9,normal,0.95
-EsRkXy-Mfc,bonniehoellein,-0.22688162,low,This makes me so happy to see you all together!,7,normal,0.9
-EsRkXy-Mfc,bonniehoellein,-0.22688162,low,"That was some clever editing,  glad you all got to spend time together and start some new traditions , that little pink body in Aunt Bonnie's home was the cutest thing ever.😊",9,normal,0.85
-EsRkXy-Mfc,bonniehoellein,-0.22688162,low,What a beautiful Thanksgiving!!!! So happy for you all!!!❤,4,normal,0.95
-EsRkXy-Mfc,bonniehoellein,-0.22688162,low,"Made me cry seeing you all back together again.  When Jared mentioned they were renting a fifth wheel I was hoping this is what it would be.  Loved it, my plans for next year.  Juney’s little voice is so cute.  I am going to rewatch it now.  Your families are wonderful.  Hugs to you all.",7,normal,0.9
-EsRkXy-Mfc,bonniehoellein,-0.22688162,low,Bonnie....Happy Belated Birthday Beautiful!!! You are such an amazing person...don't let anyone ever tell you any different! Thanks for sharing your Birthday and Thanksgiving with us ❤❤❤❤❤,5,normal,0.9
-EsRkXy-Mfc,bonniehoellein,-0.22688162,low,"Haven't been this happy to watch a vlog since your family reunion a few months ago. ❤🙏 Thank you for sharing your light, life and loves with us all!",6,normal,0.95
-EsRkXy-Mfc,bonniehoellein,-0.22688162,low,"Making new and fun family memories.  It was fun to “see” everyone, while respecting their privacy. Y’all have worked so hard to get here and deserve every laugh, giggle, hug etc. 🩵",16,normal,0.9
-EsRkXy-Mfc,bonniehoellein,-0.22688162,low,♥️🙏🏻🇺🇸What a wonderful video! It is so much Fun to hear the laughter and love. Sending love hugs prayers and kindness with a daily dose of encouragement ♥️🙏🏻♥️🇺🇸,5,normal,0.9
-EsRkXy-Mfc,bonniehoellein,-0.22688162,low,Happy Birthday what a huge blessing for this trip,7,normal,0.9
-EsRkXy-Mfc,bonniehoellein,-0.22688162,low,Happy Belated Birthday Bonnie. Thank you for sharing your trip. ❤❤,4,normal,0.9
-EsRkXy-Mfc,bonniehoellein,-0.22688162,low,This video was awesome here's to many fresh new experiences and happier beginnings and memories for your future ❤❤❤❤,4,normal,0.9
-EsRkXy-Mfc,bonniehoellein,-0.22688162,low,Hey can Joel actually record himself washing the vacuum and maybe you guys can throw that clip in one of your future videos. I have to do the same thing with my vacuum so I can keep it clean to use for the house but I always feel like I clean it in the dumbest way lollll so it’d maybe help me out to see how he does it🤭🫣,18,normal,0.85
-EsRkXy-Mfc,bonniehoellein,-0.22688162,low,"Wow - that looked like a lot of fun!
Thanks for sharing 😁",0,normal,0.9
XSOmAuGrGKE,bonniehoellein,-0.23754272,low,It was such a fun day! Keshia and I had a blast! My mom also had lots of fun watching the kids! 😁♥️♥️♥️,256,normal,0.9
XSOmAuGrGKE,bonniehoellein,-0.23754272,low,Your right the kids really have grown up on holidays. Lincoln especially is a real toddler now. So glad you and Joel had some adult time love you guys xxx,18,normal,0.9
XSOmAuGrGKE,bonniehoellein,-0.23754272,low,"swooning over Bonnie saying ""so pretty"", and Joel then saying ""mhm , the oceans nice too"". i love these hawaii vlogs.",3,normal,0.8
XSOmAuGrGKE,bonniehoellein,-0.23754272,low,Olivia is turning into a real young lady looking after her baby brother and sharing her ice cream with him . All your children are so sweet . You should be very proud of them .,2,normal,0.95
XSOmAuGrGKE,bonniehoellein,-0.23754272,low,So nice that June's mom could watch the kids!! That excursion looked SO fun and definitely not kid friendly,5,normal,0.9
XSOmAuGrGKE,bonniehoellein,-0.23754272,low,"OLIVIA, AGAIN, YOU ARE JUST SO SWEET TO SHARE YOUR ICE CREAM WITH LINCOLN.  MOST KIDS WOULD THINK THAT WAS YUCK AND WANT A SEPARATE SPOON, AT LEAST.  YOUR KIDS ARE AMAZING,  BONNIE & JOEL.",4,normal,0.95
XSOmAuGrGKE,bonniehoellein,-0.23754272,low,Reading through the comments- Glad I'm not the only one who got all teary-eyed as they paddled up to shore! I could feel Bonnie's nervous/excited laugh! So awesome you guys! 💑🌺🌊🚣🏻‍♀️,4,normal,0.9
XSOmAuGrGKE,bonniehoellein,-0.23754272,low,"I love those people!!! They're so much like every Hawaiian person, always giving love and spreading aloha. My grandparents bring so much stuff for everybody when they visit",4,normal,0.9
XSOmAuGrGKE,bonniehoellein,-0.23754272,low,How many of you think that Bonnie is so beautiful?! Thumbs up for Bonnie!!,7,normal,0.9
XSOmAuGrGKE,bonniehoellein,-0.23754272,low,"June, Keshia & mom are WONDERFUL people! Nothing but prayers for them! XOXO. Bonnie you are the cutest!",6,normal,0.9
XSOmAuGrGKE,bonniehoellein,-0.23754272,low,"What an amazing video, Bonnie and Joel!  I'm so glad you got to go out and do something as a couple, especially with Keisha (sp?) and June. How amazing was that kayaking trip, the food, the scenery and the company!?!  What a sweet woman, June's mom was to bring the kiddos and you gifts. It was so precious. She will make a wonderful grandmother some day! Olivia at the end sharing her ice cream with Lincoln - OMG that little girl is so sweet and seems to have grown up before my eyes over this trip. She truly is a gift from above, as all your children are, but there is something super special about the heart that beats inside Olivia.  She has the best of momma and daddy inside her. xoxox Heather🇨🇦
Oh, and a special thank you to you, Joel, for all of your hard work and hours of editing, uploading, rendering, etc. I am sure I speak for many when I say that it is truly appreciated, so a sincere thank you from me! xo",4,normal,0.9
XSOmAuGrGKE,bonniehoellein,-0.23754272,low,"Bonnie, your slightly terrified giggles had me cracking up!",37,normal,0.9
XSOmAuGrGKE,bonniehoellein,-0.23754272,low,I am so happy for you guys! Can't wait to see the rest of your travels!💞❤️ Who else loves this family?💞💞💞,3,normal,0.9
XSOmAuGrGKE,bonniehoellein,-0.23754272,low,Awwww Olivia feeding Lincoln the ice cream gosh to darn cute,9,normal,0.95
XSOmAuGrGKE,bonniehoellein,-0.23754272,low,"Olivia feeding Lincoln her ice cream, melted my heart ❤️",1,normal,0.95
XSOmAuGrGKE,bonniehoellein,-0.23754272,low,It's so cute when Bonnie gets excited about something 😂❤,2,normal,0.9
XSOmAuGrGKE,bonniehoellein,-0.23754272,low,"I'm loving all these Hawaii vlogs, but this one was extra incredible! It looks like you guys went on such an amazing adventure today! You guys totally deserve it! It was so beautiful! The water is so clear and it is absolutely gorgeous! It was so sweet at the end when Olivia was feeding Lincoln! Love, love, love!",4,normal,0.9
XSOmAuGrGKE,bonniehoellein,-0.23754272,low,That was so sweet of them to bring gifts! Looked liked such a fun and much needed date!!,3,normal,0.9
XSOmAuGrGKE,bonniehoellein,-0.23754272,low,Olivia feeding Lincoln is the cutest thing ever.,1,normal,0.95
XSOmAuGrGKE,bonniehoellein,-0.23754272,low,You can just tell how many special memories are being made on this vacation! Love the footage of Olivia feeding Lincoln at the end! ❤️,1,normal,0.9
ppDl2jD-d18,bonniehoellein,-0.25951475,low,Congrats guys! I wish your videos were longer 😭💕💕💕,5,normal,0.9
ppDl2jD-d18,bonniehoellein,-0.25951475,low,I love the fifth wheel. It’s super nice.,5,normal,0.9
ppDl2jD-d18,bonniehoellein,-0.25951475,low,Beautiful unit!! Congratulations so happy for your family ❤️,9,normal,0.9
ppDl2jD-d18,bonniehoellein,-0.25951475,low,I used to do RV life! This brings back so many awesome memories!,0,normal,0.95
ppDl2jD-d18,bonniehoellein,-0.25951475,low,Wow it’s very nice and spacious! But dude your wife is hard to please you are just so lucky you both can agree on this one! 👌🏽,0,normal,0.85
ppDl2jD-d18,bonniehoellein,-0.25951475,low,How freaking beautiful is that motorhome ❤️ that’s one of the most beautiful ones I have seen … ❤️❤️❤️,3,normal,0.95
ppDl2jD-d18,bonniehoellein,-0.25951475,low,You guys picked well! Such a beautiful RV. I can't wait to go on the adventures with you.,26,normal,0.95
ppDl2jD-d18,bonniehoellein,-0.25951475,low,"bonnie, your laugh has always been my favorite.",0,normal,0.9
ppDl2jD-d18,bonniehoellein,-0.25951475,low,This is so awesome!! You guys have worked so hard for so many years to be able to do this!! Hard work pays off!!! 🙌👏💪❤️,17,normal,0.95
ppDl2jD-d18,bonniehoellein,-0.25951475,low,"What a knockout she is!
I envy Joel",0,inappropriate,0.7
ppDl2jD-d18,bonniehoellein,-0.25951475,low,"Tip where we were just a full time rv family, upgrade your tires! We ended up with 4 flat tires with our brand new RV. It was so frustrating to end up on the side of the Rd over and over. Once we upgraded the tires we never had a flat again!!",2,normal,0.9
ppDl2jD-d18,bonniehoellein,-0.25951475,low,Love your RV. Thank you for the tour….Sending hugs prayers and kindness. 🙏🏼👍🏼❤️,1,normal,0.95
ppDl2jD-d18,bonniehoellein,-0.25951475,low,I love all of you guys so much and I hope that you are all having a wonderful day today ❤️❤️❤️❤️❤️❤️❤️❤️❤️❤️❤️❤️❤️❤️❤️❤️❤️❤️❤️,0,normal,0.95
ppDl2jD-d18,bonniehoellein,-0.25951475,low,"Looks amazing, also the editing of this video was great!",2,normal,0.9
ppDl2jD-d18,bonniehoellein,-0.25951475,low,Love from Australia xxx,2,normal,0.9
ppDl2jD-d18,bonniehoellein,-0.25951475,low,Love it so much! Can't wait to see the next chapters of your story unfold!,1,normal,0.95
ppDl2jD-d18,bonniehoellein,-0.25951475,low,Can't wait to see your future adventures. You are so lucky that your family is super close and tight with each other. These are memories that will last forever.,1,normal,0.95
ppDl2jD-d18,bonniehoellein,-0.25951475,low,I absolutely love you guys so much,2,normal,0.95
ppDl2jD-d18,bonniehoellein,-0.25951475,low,"great review. We are in the market for our first RV and after months of homework, we keep coming back to the Jayco brand.",0,normal,0.9
ppDl2jD-d18,bonniehoellein,-0.25951475,low,"So beautiful and with your tour it has given us a lot more to think about when choosing our 5th wheel.  Like pantry vs just cabinets, more storage outside.   Even the couches for visiting.  Thanks, guys.",2,normal,0.9
hjVygutyShI,bonniehoellein,-0.2628187,low,Julie and Bonnie together again 😊😊… I hope you enjoyed xx I love Gentle Julie.,9,normal,0.9
hjVygutyShI,bonniehoellein,-0.2628187,low,"Bonnie, that question is such a great question. It teaches your kids that they can be honest with you at any time, even if you may be disappointed in them or if they think it may the other way around but not in a disrespectful way. They could come to you when they are older and say “Mom, when you say this, I feel this…, then this is where an honest discussion comes into play when they are teens. So many kids are afraid of their parents, go to others for advice, rather than trusting their families. No way with your kids, they trust you guys! Also, they know they can always trust you because you allow they to RESPECTFULLY have a conversation about yourself.",31,normal,0.9
hjVygutyShI,bonniehoellein,-0.2628187,low,I'm so glad you guys got to see the Derus and the cousins got to hang out. I miss the Griffith family reunion videos. I hope your folks are well. I miss their Serbia videos. I understand though. Hugs and much love from Wilsonville Oregon,13,normal,0.9
hjVygutyShI,bonniehoellein,-0.2628187,low,Good morning  🙏  thank enjoy watch yall,1,normal,0.95
hjVygutyShI,bonniehoellein,-0.2628187,low,Hi dear! Good morning! Was wondering about your parents. I miss their videos. I found your channel through them. They were so much fun. I hope they’re well.,77,normal,0.9
hjVygutyShI,bonniehoellein,-0.2628187,low,Tearing up watching all the cousins ❤😍,3,normal,0.95
hjVygutyShI,bonniehoellein,-0.2628187,low,"I grew up in Maryland and when I first came to Utah I felt exposed by the openness of the landscape.  Now, when I go to the East and all the trees it feels like a hug after being in the vastness of the West.  What is behind the trees is more trees haha.  If you don’t mow fields they become woods.",7,normal,0.9
hjVygutyShI,bonniehoellein,-0.2628187,low,"How’s grandma and grandpa Griffis on their mission? When are they gonna make more videos again? I miss their videos and I missed them when they come back to Utah back from the mission loves to grandma and grandma Griffith, Bonnie. I just wanna ask when I get back to the videos again I miss the videos. And I love your videos too.❤❤❤❤❤❤❤❤❤❤❤❤😊",9,normal,0.9
hjVygutyShI,bonniehoellein,-0.2628187,low,Good to see you're all still having fun.,1,normal,0.95
hjVygutyShI,bonniehoellein,-0.2628187,low,I was always taught leaves of three let it be! Also not everyone is allergic to poison ivy. The mythbusters made a great episode about it!,0,normal,0.9
hjVygutyShI,bonniehoellein,-0.2628187,low,"I have lived in GA my whole life, fun fact that is the old braves stadium now the new one Truist Park is in Smyrna GA!! it is so nice to hear some nice things about the state but I rather live somewhere else LoL",0,normal,0.9
hjVygutyShI,bonniehoellein,-0.2628187,low,"Im in West Virginia and girl the trees are THICK lol i feel ""stuck"" alot but gosh its sooo beautiful here ❤",0,normal,0.9
hjVygutyShI,bonniehoellein,-0.2628187,low,"OK.....wow! You were traveling through Douglasville, Ga.....down MY street, ...the little road you were on before they stopped for a potty break!! Who would have thought!!",1,normal,0.9
hjVygutyShI,bonniehoellein,-0.2628187,low,"I teared up when the cousins reunited, so so sweet 🥹🤍",1,normal,0.95
hjVygutyShI,bonniehoellein,-0.2628187,low,Bonnie and Joel thank you what takes me along on your vacation I know I will never get there but I got to watch your kids having so much fun fishing everything they did just watching the smiles on their eyes when they caught their first fish and the boat rides it's going to be hard coming home cuz you had so much fun but but you will be glad you're home . I don't know how you're going home but if you're coming up through Northern California High Sierras I supposed to be getting snow I know it's May 3rd already what what does weather love you guys I'm sending you a huge amount of love hugs and prayers always❤❤❤❤❤❤❤❤❤❤❤❤🙏🙏🙏🙏🙏🙏🙏🙏🙏🙏🙏🙏🙏,2,normal,0.9
hjVygutyShI,bonniehoellein,-0.2628187,low,"Happy you got to visit Friends and Family, especially the Deru Family, miss all of them, and your mom and dad. Praying for you and all of your family's, extra for the children.",1,normal,0.9
hjVygutyShI,bonniehoellein,-0.2628187,low,I live near the TN/GA line! Glad you all enjoyed your time here!,0,normal,0.9
hjVygutyShI,bonniehoellein,-0.2628187,low,It’s so funny how I’m always envious of your mountains in Utah.. then you’re traveling through the scenery I see every day like thick trees and you’re raving about it… and I’ve never even thought twice about having thick trees where I live lol,1,normal,0.9
hjVygutyShI,bonniehoellein,-0.2628187,low,"Happy Friday, Bonnie!😊😊😊😊😊😎☀💙💙💙💙💙💙🌷💖💖💖💖💖💖🎇🎇🎇🎇🎇🎇👍",1,normal,0.95
hjVygutyShI,bonniehoellein,-0.2628187,low,I’m absolutely loved watching this Florida adventure and your family bond and learn new things and grow love seeing you reunited with friends and family and sad to see this trip. Come to an end but also excited to see you guys get to explore your new property and home during the spring and summer months and just can’t wait to see what next adventure the Hoelliens take me on.,0,normal,0.9
h4JmqqvWTxU,bonniehoellein,-0.265764,low,Your mum and dad in the middle of the clip giving each other a little kiss! 😭,35,normal,0.9
h4JmqqvWTxU,bonniehoellein,-0.265764,low,Why isn't Ruby in the family blogs anymore? It's such a shame. Especially with the cousins missing out . 😔😔,85,concern,0.85
h4JmqqvWTxU,bonniehoellein,-0.265764,low,"Where are the frankies? Is there something wrong, a feud maybe with the  family?",34,concern,0.85
h4JmqqvWTxU,bonniehoellein,-0.265764,low,"It’s so nice seeing Beau, Emily, and the kids in the vlogs :) i wish I had an Aunt Linda in my life. She’s amazing!",13,normal,0.95
h4JmqqvWTxU,bonniehoellein,-0.265764,low,I just realized I haven’t seen ruby and the kids in the vlogs with the family lately. Hope she is doing ok ❤️,232,normal,0.9
h4JmqqvWTxU,bonniehoellein,-0.265764,low,I can't believe I used to watch it all when I was like six and now every time a holiday comes around I immediately go to your channel to watch and get festive,0,normal,0.85
h4JmqqvWTxU,bonniehoellein,-0.265764,low,Does 8 passenger family not come to any family things anymore?,24,normal,0.9
h4JmqqvWTxU,bonniehoellein,-0.265764,low,"I’m so happy to see aunt Linda is doing ok!! I love your channel so much, you’re so open and I think that’s rare to find sometimes with social media, thanks for always putting a smile on my face!!",10,normal,0.95
h4JmqqvWTxU,bonniehoellein,-0.265764,low,Love seeing Aunt Linda in the video! I to would like to know how come we haven't  seen Ruby and her family in the family gatherings the last year?  Love yur whole family!!!! Love the ending! Thanks for sharing!  👍💕💝💕👍,19,normal,0.9
h4JmqqvWTxU,bonniehoellein,-0.265764,low,This is the most beautifully edited video you've had in a long time. I felt like I was part of your Thanksgiving. Well done to Joel or whoever edited!,20,normal,0.9
h4JmqqvWTxU,bonniehoellein,-0.265764,low,Aunt Linda is off her oxygen! ❤❤❤,43,normal,0.9
h4JmqqvWTxU,bonniehoellein,-0.265764,low,It’s so good seeing Aunt Linda holding Amelia! I’m glad she’s doing better. I love seeing all the generations. ❤️,2,normal,0.95
h4JmqqvWTxU,bonniehoellein,-0.265764,low,I love how relaxed your parents are with all of the kids in their house,1,normal,0.9
h4JmqqvWTxU,bonniehoellein,-0.265764,low,"I’ve learned so much from watching your family vlogs over the years. Cooking, cleaning, fashion, travel tips, etc. I hope you had a wonderful Thanksgiving! 😊",5,normal,0.9
h4JmqqvWTxU,bonniehoellein,-0.265764,low,I love the shot of your mom sitting in the lazy boy just enjoying the view of her legacy! Reminds me of how my grandma did the same. She would say “just admiring my riches!”❤️,20,normal,0.9
h4JmqqvWTxU,bonniehoellein,-0.265764,low,Anyone else think aunt Linda is a legend,9,normal,0.85
h4JmqqvWTxU,bonniehoellein,-0.265764,low,"It’s so great to have comments! Bonnie, I love how your authentic self comes through in your videos! I have loved getting to know you through your videos. My favorite part of being subscribed to your channel, as well as your siblings, is watching your unique virtues shine.",1,normal,0.9
h4JmqqvWTxU,bonniehoellein,-0.265764,low,Lovely family time - good on you for including the honest bumpy bits 🥰 Bonnie your curls are gorgeous. 🕊🧡 Happy Thanksgiving,2,normal,0.9
h4JmqqvWTxU,bonniehoellein,-0.265764,low,Happy late Thanksgiving you guys! It's cool that the boys get their own hotel room.,1,normal,0.9
h4JmqqvWTxU,bonniehoellein,-0.265764,low,You will cheerish moments like this forever. Glad that you captured them for all of us to see 💖,1,normal,0.9
dA0QHBOp7vc,bonniehoellein,-0.27789488,low,I love watching all your videos but the Christmas Eve ones are my favourite 🎊 🥰,1,normal,0.9
dA0QHBOp7vc,bonniehoellein,-0.27789488,low,Boston seem like he didn't really care about the mousetrap game,0,normal,0.85
dA0QHBOp7vc,bonniehoellein,-0.27789488,low,Merry christmas lisa jackson whitby ont❤,0,normal,0.85
kLha7kFgTvI,bonniehoellein,-0.28560728,low,BONNIE your body looks amazing!,295,inappropriate,0.8
kLha7kFgTvI,bonniehoellein,-0.28560728,low,"Bonnie, you pulled your pants up for a second there and this is the first time I’ve seen your new figure, and DANG GIRL you look amazing!!!!",77,inappropriate,0.85
kLha7kFgTvI,bonniehoellein,-0.28560728,low,"My kids did 25 days of service,  on each day on their advent calendar they had a task to do for a neighbor or friends. Small things for neighbors, like shoveling the walkway, or scraping ice off their cars. If it wasn't a chore, it was helping by caring.  Simply by hugging someone,  or giving someone a meal. I could totally see your children enjoying something like this, it made my children feel all grown up, at a young age it gave them responsibility they normally wouldn't have. Your list is an awesome way to work towards getting things they want, and Boston was so sweet, and generous wanting to give more than get. Very sweet vlog, I am going to get some of the kisses, to make cookies with. Thanks for sharing the candies, I didn't even know that they made those.💖",118,normal,0.9
kLha7kFgTvI,bonniehoellein,-0.28560728,low,"Bonnie in yesterday’s vlog “i only ate one candy”, bonnie in today’s vlog “ this video is sponsored by hersheys”😂😂😂😂😂",37,normal,0.8
kLha7kFgTvI,bonniehoellein,-0.28560728,low,Make cookies and go visit a nursing home and bring them cookies,33,normal,0.9
kLha7kFgTvI,bonniehoellein,-0.28560728,low,Bonnie! Couldn’t help but notice how FANTASTIC you look! GET IT GURRRRLLL,27,inappropriate,0.8
kLha7kFgTvI,bonniehoellein,-0.28560728,low,We always made Christmas cookies and decorated gingerbread houses.,8,normal,0.9
kLha7kFgTvI,bonniehoellein,-0.28560728,low,Omg Bonnie not seeing you in a robe you look sooooooooooooooo sooooooooo good!!!!!!!!!,12,inappropriate,0.85
kLha7kFgTvI,bonniehoellein,-0.28560728,low,"Bonnie, you look fantastic! What a fun idea! I love how excited your kids are and oh so sweet and selfless!",66,normal,0.95
kLha7kFgTvI,bonniehoellein,-0.28560728,low,Bonnie forget the haters on your surgery and them thinking your addicted to your pain killers. You look SO GOOD!! And you seem like you’re feeling and doing so much better. Love ya! ❤️❤️,6,normal,0.85
kLha7kFgTvI,bonniehoellein,-0.28560728,low,I love how you and Joel acknowledge Boston’s selfless ideas. Such a sweet and thought boy!,0,normal,0.9
kLha7kFgTvI,bonniehoellein,-0.28560728,low,I love how excited Olivia gets when she speaks about her thoughts and ideas she's so sweet 💖💖💖,0,normal,0.9
kLha7kFgTvI,bonniehoellein,-0.28560728,low,My mall has a salvation army tree where you choose a name and it says a child's age and what they want for Christmas and it's so fun to be able to get them gifts that their parents aren't able to afford due to hardships! Each kid could choose a name and you could have a shopping day to pick out gifts for the name they chose!:),3,normal,0.9
kLha7kFgTvI,bonniehoellein,-0.28560728,low,You guys should do a family secret Santa for each other,6,normal,0.9
kLha7kFgTvI,bonniehoellein,-0.28560728,low,Get the family together to make Gingerbread house.,6,normal,0.9
kLha7kFgTvI,bonniehoellein,-0.28560728,low,"Bonnie, i just have to tell you that your body looks amazing❤️ you were beautiful before too but I can see how you’re glowing now❤️❤️ I love you soooooo much❤️❤️❤️",17,inappropriate,0.8
kLha7kFgTvI,bonniehoellein,-0.28560728,low,All your kids are great but Boston is just the sweetest!! The things he says always brightens my day because he is always trying to do good for someone,0,normal,0.9
kLha7kFgTvI,bonniehoellein,-0.28560728,low,my favorite tradition to do with my family is putting on our christmas pajamas and riding around town and looking at all of the christmas lights! We do this every year and it's the best thing ever,0,normal,0.9
kLha7kFgTvI,bonniehoellein,-0.28560728,low,"Little Boston.... ugh, melt my heart!!!! I loved his idea of getting presents for other people.",0,normal,0.9
kLha7kFgTvI,bonniehoellein,-0.28560728,low,"Bonnie’s body is literally goals, she looks so great after her surgery!!",0,inappropriate,0.8
H5wC-dJAVPg,bratayley,0.3555696,high,"Hayley is so cute Katie: ""why are you picking out Annies clothes"" Hayley: ""because she told me to"" Katie: ""do you do everything Annie tells you to do"" Hayley: ""Mmhh""  Awwwwww",14,normal,0.95
H5wC-dJAVPg,bratayley,0.3555696,high,That scream Hayley did when she was in the washer was so funny😂😂😂,158,normal,0.95
H5wC-dJAVPg,bratayley,0.3555696,high,My heart broke when Hayley said she would go out with Caleb 😪😪,8,normal,0.9
H5wC-dJAVPg,bratayley,0.3555696,high,Thumbs up if you think Hayley is cute,290,normal,0.95
H5wC-dJAVPg,bratayley,0.3555696,high,Mr  Billy must miss doing guy things with Caleb.,50,normal,0.9
H5wC-dJAVPg,bratayley,0.3555696,high,"Can we just talk about how cute Hayley is!! ""Because her told me to."" My favorite sentence that little Hayley said!",40,normal,0.95
H5wC-dJAVPg,bratayley,0.3555696,high,"Hayley ""ok ok well start over""",4,normal,0.9
H5wC-dJAVPg,bratayley,0.3555696,high,Her singing😂❤️❤️❤️😍😍,7,normal,0.9
H5wC-dJAVPg,bratayley,0.3555696,high,I STARTED CRACKING UP AT THE SCREAM OMG,3,normal,0.9
H5wC-dJAVPg,bratayley,0.3555696,high,Hayley curly hair is goals,3,normal,0.9
H5wC-dJAVPg,bratayley,0.3555696,high,haley is so cute,80,normal,0.95
H5wC-dJAVPg,bratayley,0.3555696,high,Haleys scream made me laugh so much,2,normal,0.9
H5wC-dJAVPg,bratayley,0.3555696,high,My favorite app is youtube because I like watching Bratayley,4,normal,0.9
H5wC-dJAVPg,bratayley,0.3555696,high,I'm so sad Caleb died I wish he came back!,8,normal,0.9
H5wC-dJAVPg,bratayley,0.3555696,high,i almost broke my friends dryer because we were getting in there and starting it and spining in it,32,concern,0.6
H5wC-dJAVPg,bratayley,0.3555696,high,OMG I love Hayley so much she always makes my day. She isn't an ordinary little sassy kid. She's caring and has passion for her siblings. Miss u Caleb 😭,0,normal,0.95
H5wC-dJAVPg,bratayley,0.3555696,high,Ok ok let's start over!!!!😂😂😂 Hayley is so cute and funny💕😂 p.s anyone watching in 2017?,3,normal,0.9
H5wC-dJAVPg,bratayley,0.3555696,high,my favorite app is YouTube,13,normal,0.9
H5wC-dJAVPg,bratayley,0.3555696,high,thumps up if you love Haley and Annie I luv you 2,4,normal,0.95
H5wC-dJAVPg,bratayley,0.3555696,high,"""Let's start over"" AW!! She is so cute! That dryer is so big. I bet my little sisters can fit.😂",2,normal,0.9
CNQpUL38ON0,bratayley,0.28020957,high,I'm literally watching all their videos to watch Caleb grow up and remember the good times. Rest in paradise are sweet angel you will never be forgotten.,321,concern,0.8
CNQpUL38ON0,bratayley,0.28020957,high,"“mommy stop the camera”
“stop the camera”
“STOP THE CAMERA”",55,normal,0.9
CNQpUL38ON0,bratayley,0.28020957,high,Has anybody noticed that their vlogs are much longer now than they were back then??,281,normal,0.9
CNQpUL38ON0,bratayley,0.28020957,high,Who started from there first video ? 😂😊,863,normal,0.9
CNQpUL38ON0,bratayley,0.28020957,high,OMG HAYLEY LOOKS SOOOOOO CUTE,161,normal,0.7
CNQpUL38ON0,bratayley,0.28020957,high,its amazing how much haley has grown,85,normal,0.9
CNQpUL38ON0,bratayley,0.28020957,high,R.I.P Caleb 😔 you will always be remembered,17,concern,0.8
CNQpUL38ON0,bratayley,0.28020957,high,i loved the times when they were all little !!!!,35,normal,0.9
CNQpUL38ON0,bratayley,0.28020957,high,comment if you did that with the beginning machine when you were little,114,normal,0.9
CNQpUL38ON0,bratayley,0.28020957,high,Remember when Jules talked exactly like Hayley did when she was 5/6 😂 I love it,3,normal,0.9
CNQpUL38ON0,bratayley,0.28020957,high,"3:13 ""Oh no my hand's stuck"" She said it like: ""again"" 


I'm binge watching cuz why not?!",7,timestamp,0.9
CNQpUL38ON0,bratayley,0.28020957,high,it honestly makes me cry how much these kids have grown up. I still remember watching bratayley three years ago. Back in the good old days. Annie has come so far :),8,normal,0.9
CNQpUL38ON0,bratayley,0.28020957,high,3:14 oh no my hand is stuck omg hahahhahahahhhahahhahhahaha,26,timestamp,0.9
CNQpUL38ON0,bratayley,0.28020957,high,Aw Hayley is so cute then but funnier now 😘,18,normal,0.8
CNQpUL38ON0,bratayley,0.28020957,high,Thumbs up if your watching in 2017 and you went all the way back to the first videos because of Caleb 😇,38,normal,0.9
CNQpUL38ON0,bratayley,0.28020957,high,"love watching them this young, I miss caleb",44,normal,0.9
CNQpUL38ON0,bratayley,0.28020957,high,I grew up watching these videos I’ve watched every single one twice or even more 😂 I’m rewatching them again tho because I like seeing Hayley and Annie’s progress through the years and seeing Caleb because he will always be missed by everyone in the fandom,11,normal,0.9
CNQpUL38ON0,bratayley,0.28020957,high,"I love how Hayley runs and how she said ""wrong way"" and turned the other way and all the other adorable things she did.kissed the puppy.",2,normal,0.9
CNQpUL38ON0,bratayley,0.28020957,high,"2020, with Coronavirus anyone? 🥺",26,normal,0.7
CNQpUL38ON0,bratayley,0.28020957,high,Haley is super cute at that age however Brataley is just no words,8,normal,0.8
30SwyGiyqHw,bratayley,0.26200446,high,"“Shhhh don’t tell anyone..”
Annie: “dude..”",509,normal,0.9
30SwyGiyqHw,bratayley,0.26200446,high,If Caleb was alive he would be soooooo happy I miss him.........😭😭😭😭😭😭😭❤️❤️❤️❤️❤️,1767,normal,0.95
30SwyGiyqHw,bratayley,0.26200446,high,"I swear 2 god the new trend on YouTube is getting pregnant.....
I'm like BRUHHHHHHHHHHHHHHHHHHHHH",1482,normal,0.85
30SwyGiyqHw,bratayley,0.26200446,high,anyone here rewatching old bratayley videos in may quarantine 2020?,725,normal,0.9
30SwyGiyqHw,bratayley,0.26200446,high,WHY did that ultrasound pic look like an emoji?,1600,normal,0.8
30SwyGiyqHw,bratayley,0.26200446,high,"The way Annie reacted was so mature, honestly. She's gonna be such a great mother when she gets older.",255,normal,0.9
30SwyGiyqHw,bratayley,0.26200446,high,THATS WHY PAIGE WAS MAD WHEN SHE COULDNT GET HOT KRIPSY KREME DONUTS,405,normal,0.7
30SwyGiyqHw,bratayley,0.26200446,high,Why is everyone pregnant these days? 😂 like if agree,1514,normal,0.85
30SwyGiyqHw,bratayley,0.26200446,high,"Who else has been waiting for their reaction to her pregnancy ? 




Btw i'm a small YouTuber",3209,normal,0.8
30SwyGiyqHw,bratayley,0.26200446,high,Remember when they were joking that Paige was pregnant . Now she actually is!!!,225,normal,0.9
30SwyGiyqHw,bratayley,0.26200446,high,For everyone saying she should name it Caleb they Paige wouldn’t name it Caleb. They don’t want to replace him. Maybe Logan but that is Paige’s decision. Caleb is the one and only 🆑,455,normal,0.85
30SwyGiyqHw,bratayley,0.26200446,high,everyone is pregnant🤣🤣🤣 congratulations paige,510,normal,0.9
30SwyGiyqHw,bratayley,0.26200446,high,Omg if it’s a boy Paige should name him Logan in dedication of Caleb  🆑,921,normal,0.85
30SwyGiyqHw,bratayley,0.26200446,high,2:58 when Annie is crying and laughing lol,425,timestamp,0.95
30SwyGiyqHw,bratayley,0.26200446,high,"I love there reaction to her being pregnant😁💜

        Bruh ""its like gummy bear""😁",415,normal,0.9
30SwyGiyqHw,bratayley,0.26200446,high,So thats why paige REALLLY wanted Krispy Kreme❤❤🤣🤣🤣,293,normal,0.8
30SwyGiyqHw,bratayley,0.26200446,high,Everybody on YouTube are getting pregnant 😂😆 🤰,1377,normal,0.85
30SwyGiyqHw,bratayley,0.26200446,high,If she has a boy I feel like they are gonna treat him like Caleb ❤️🤩 and he is gonna be really loved ❤️❤️,313,normal,0.9
30SwyGiyqHw,bratayley,0.26200446,high,"“Shhhh don’t tell anyone..”
Annie: “dude..”😒",68,normal,0.9
30SwyGiyqHw,bratayley,0.26200446,high,2018 really is the year of pregnancy’s..like I literally never expected Paige to be pregnant 😱,227,normal,0.85
lmL5hOZVEbI,bratayley,0.2571895,high,I like how Hayley is getting her own personality😇😇😇,122,normal,0.95
lmL5hOZVEbI,bratayley,0.2571895,high,We all happy to see Annie much much better <3,227,normal,0.95
lmL5hOZVEbI,bratayley,0.2571895,high,Who here is missing Caleb 😭❤️ ? ❤️ ❤️ ❤️ ❤️ ❤️,487,normal,0.9
lmL5hOZVEbI,bratayley,0.2571895,high,6:06 Annie cussed,5,timestamp,0.9
lmL5hOZVEbI,bratayley,0.2571895,high,10:55-11:01 annie kind of sounds like she has a southern accent😂😂💗,4,timestamp,0.9
lmL5hOZVEbI,bratayley,0.2571895,high,this really makes me want Chipotle😂😂,5,normal,0.85
lmL5hOZVEbI,bratayley,0.2571895,high,🆑💜 Maybe only 1% will read this maybe more but Please don't let the haters get to you! Don't let the failure get to you! You are a strong & beautiful soul! ❤ You'll get there but it takes a lot of determination 💕 You CAN do it! If people are trying to bring you down it only means you are above them 💙 Please don't give up on yourself or your dreams 💕💜🆑,851,normal,0.9
lmL5hOZVEbI,bratayley,0.2571895,high,who misses caleb a whole lot,147,normal,0.9
lmL5hOZVEbI,bratayley,0.2571895,high,Good job Annie for drinking your moms drink😆 I do that to my mom when I am sick.,15,normal,0.9
lmL5hOZVEbI,bratayley,0.2571895,high,i would rather work alone because when you're in a group mostly one person does all the work and everyone still gets credit,40,normal,0.85
lmL5hOZVEbI,bratayley,0.2571895,high,If you get a rabbit please get two so that it will have a friend to play and communicate with. Keep up with the great videos,44,normal,0.9
lmL5hOZVEbI,bratayley,0.2571895,high,"For Question of the Day, I agree with Annie because working with a group, members can put all of their idea's together and make a outstanding idea.",1,normal,0.9
lmL5hOZVEbI,bratayley,0.2571895,high,"Hey , who thinks they should do a house tour",444,normal,0.85
lmL5hOZVEbI,bratayley,0.2571895,high,Who else likes & comments before the video starts 😂❤️,44,normal,0.85
lmL5hOZVEbI,bratayley,0.2571895,high,doesn't Annie's mom sound a little bit like the gabbie show or is it just me,46,normal,0.85
lmL5hOZVEbI,bratayley,0.2571895,high,"I can't imagine Annie is really getting a horse soon. My parents made me stop riding when I was like 7 years old and they never allowed me starting again. And Annie can't really ride and is getting a horse? That's amazing! I had to admit, I'm jealous.",1,normal,0.85
lmL5hOZVEbI,bratayley,0.2571895,high,"Wouldn't it be funny if they got 3,999,999 subscribers and then YouTube shutdown and they had to start all over😂",33,normal,0.85
lmL5hOZVEbI,bratayley,0.2571895,high,2 views and 300 likes. Good job YouTube,56,normal,0.85
lmL5hOZVEbI,bratayley,0.2571895,high,If you read this have a great day😄😇💜,24,normal,0.9
lmL5hOZVEbI,bratayley,0.2571895,high,Who else caught that when Mrs.katie said oh no who's going to make us laugh when mk is gone and Winnie raised her paw😊💙,1,normal,0.9
cb_XSZOBpKE,bratayley,0.254062,high,"The game with the marbles is called Mancala I love that game.
Please like so they can see",102,normal,0.95
cb_XSZOBpKE,bratayley,0.254062,high,*Started tearing up a bit when Paige said “she said yes to Jesus” So happy for you Annie* 💛💛,121,normal,0.95
cb_XSZOBpKE,bratayley,0.254062,high,"We are so so so so proud of you for oficially excepting Jesus! Best advice for you is to stick with him! I have been praying for you, and Hayley!",50,normal,0.95
cb_XSZOBpKE,bratayley,0.254062,high,I love mr.billys relationship with all of Annies friends(the coral girls) he acts like they are his own children,56,normal,0.9
cb_XSZOBpKE,bratayley,0.254062,high,Annie that is really exciting congrats for accepting Jesus in to your life! I am proud of you.,44,normal,0.95
cb_XSZOBpKE,bratayley,0.254062,high,"I'M SO PROUD OF ANNIE SAYING YES TO JESUS, SHE'S AMAZING! ILYSM THE LEBLANC FAMILY (including Caleb, I will never forget you, your in my heart and in my mind as always💜)",77,normal,0.95
cb_XSZOBpKE,bratayley,0.254062,high,Annie I’m so proud of you for accepting Jesus!! It’s an incredibly freeing experience that will greatly change your life! It won’t always be easy but it’s worth it. Welcome to the family of Christ!!!!!💝✝️,32,normal,0.95
cb_XSZOBpKE,bratayley,0.254062,high,"""She said yes to Jesus!"" That makes me so happy!! Annie, you are amazing! 💕",17,normal,0.95
cb_XSZOBpKE,bratayley,0.254062,high,I have Annie's Bible! I'm also happy that Annie is going to church with PAGIE!,81,normal,0.9
cb_XSZOBpKE,bratayley,0.254062,high,Awww she said yes to Jesus officially💜💜💜💜,96,normal,0.95
cb_XSZOBpKE,bratayley,0.254062,high,SHE SAID YES TO JESUS!it means sha have faith,40,normal,0.95
cb_XSZOBpKE,bratayley,0.254062,high,YOU GUYS SHOULD DO A VIDEO WHERE ANNIE FILMS KATIE FOR THE DAY,77,normal,0.9
cb_XSZOBpKE,bratayley,0.254062,high,"""She said yes to Jesus"" Love the Bratayley and Rock you hair fam!",68,normal,0.9
cb_XSZOBpKE,bratayley,0.254062,high,Congrats Annie! Angels are celebrating! And your name is in the book of lambs!!,64,normal,0.9
cb_XSZOBpKE,bratayley,0.254062,high,"""She said yes to Jeusus"" Love you annie and the fam!😂😊😊😙😙😙",114,normal,0.9
cb_XSZOBpKE,bratayley,0.254062,high,I'm so glad Annie went to church and wants to watch church!!!!!,60,normal,0.9
cb_XSZOBpKE,bratayley,0.254062,high,So glad you accepted Jesus Annie! Welcome to the family of Christ! 🙌🏻🙏🏽👏⛪️✝️💜🆑,128,normal,0.9
cb_XSZOBpKE,bratayley,0.254062,high,I’m so happy that Annie gave her life to Jesus! Remember to talk to god every day and read your bible! God bless you❤️,50,normal,0.9
cb_XSZOBpKE,bratayley,0.254062,high,Congragulations annie THAT IS A  BIG decition makeing god a part of your life i am praying for your family i want to see you guys reading the bible and going to church god bless your family annie🙏,41,normal,0.9
cb_XSZOBpKE,bratayley,0.254062,high,"anyone else hear when Hayley said ""this is gonna make it into best of Bratayley byeeeeeeeee"" Annie said ""no it's not""",1,normal,0.85
fRPLOINKUyw,bratayley,0.24741481,high,I really want room tours from both of the girls!! Please do it!,1330,normal,0.95
fRPLOINKUyw,bratayley,0.24741481,high,"Asher: i'm waiting for this gummy bear to jump up and runaway from me 
Me&Annie: *laughing out of confusion*",350,normal,0.9
fRPLOINKUyw,bratayley,0.24741481,high,If this gets more likes then I’ll rewrite what my comment was,5296,normal,0.85
fRPLOINKUyw,bratayley,0.24741481,high,"Annie’s Full Room Tour
Hayley’s room tour
Annie’s Workout Routine

Vids I’m hoping for",535,normal,0.9
fRPLOINKUyw,bratayley,0.24741481,high,"“We have a very busy schedule”
*spends two hours choosing a caption for instagram*",318,normal,0.8
fRPLOINKUyw,bratayley,0.24741481,high,I love how Hayley meets famous people but doesn’t even realize that they are super famous!?!?! 😂😂,268,normal,0.9
fRPLOINKUyw,bratayley,0.24741481,high,Aww Annie and Asher Facetiming is so adorable lol 💫💖,542,normal,0.95
fRPLOINKUyw,bratayley,0.24741481,high,"everybody sing along!




III AMMMM A BAKED POTATO BAKED POTATO BAAAAAAKED POOOOOTATOOOOO



Edit: WOAH 13 LIKES! THATS THE MOST I EVER GOT!😭",383,normal,0.9
fRPLOINKUyw,bratayley,0.24741481,high,"Ashannie=like 
No ashannie=comment
Edit 1: Annie and Asher can date if they want and don't need people's opinions. I did this to see what y'all think.
I have been hearing ashannie is over? is that true??",435,normal,0.85
fRPLOINKUyw,bratayley,0.24741481,high,Ahhhh I love seeing Annie being able to be open about her relationship with us!! So glad she’s happy!,66,normal,0.9
fRPLOINKUyw,bratayley,0.24741481,high,THE END OMG ASHER EEHEHEEH WE GOT CONTENT W/ THE SHAZAM MAN!!!,847,normal,0.85
fRPLOINKUyw,bratayley,0.24741481,high,"it was SO funny, asher sounded like he was drunk. idk why he was laughing hahahahahahaha",419,normal,0.85
fRPLOINKUyw,bratayley,0.24741481,high,I feel this so hard instagram was making me so mad too. Anyone else?,441,normal,0.85
fRPLOINKUyw,bratayley,0.24741481,high,"Asher:I'm just waiting for these gummy bears to jump up and run away from me 

Annie:{mouths}Help🙃

OMG i can't rn",80,normal,0.9
fRPLOINKUyw,bratayley,0.24741481,high,"Didint you know annie caleb said i will not die?






who remembers caled here?",68,normal,0.7
fRPLOINKUyw,bratayley,0.24741481,high,OMG a 30-minute vlog! Love it guys!,542,normal,0.95
fRPLOINKUyw,bratayley,0.24741481,high,THE FACT THAT ANNIE FACETIMING HER BOYFRIEND MAKES ME WANNA CRY SHES ALL GROWN NOW SHES NOT 8 ANYMORE OMG MY HEART 😩😩😩❤️❤️❤️,90,normal,0.9
fRPLOINKUyw,bratayley,0.24741481,high,"Aw Asher is so weird but cute ❤️😂I love his laugh ❤️😂
ANNIE: ""He's laughing at something."" 
ASHER: ""I don't know why I'm laughing""
Annie smiles: ""What's so funny I don't understand?""",41,normal,0.9
fRPLOINKUyw,bratayley,0.24741481,high,"Who else thinks Annie would make a GREAT mom? And since everyone is commenting, no, because she's too young, I'm going to make an edit saying, ""I mean when she's older"". Sorry, if I wasn't clear about that in the first place, not to be rude to anyone.",117,normal,0.85
fRPLOINKUyw,bratayley,0.24741481,high,Asher and Annie are so cute... I love them together. ❤️💕💗,67,normal,0.95
4TeAl9hpFXI,bratayley,0.2437752,high,"“your... you got bangs....”
*hayley holds the short hair, makes duck face, stops and says*
“wHAt?!”",1391,normal,0.95
4TeAl9hpFXI,bratayley,0.2437752,high,Hayley had me dead when she tried to act clueless when she obviously cut her bangs. lmaooo,2897,normal,0.95
4TeAl9hpFXI,bratayley,0.2437752,high,"Like for a room tour! I still want to see Annie’s room
👇🏻♥️",681,normal,0.9
4TeAl9hpFXI,bratayley,0.2437752,high,"katie:*gets mad at hay for cutting her bangs*
Hayley:No this could be a good title 
lol",459,normal,0.9
4TeAl9hpFXI,bratayley,0.2437752,high,"“You have bangs!”
“ wait what?”
*poses for thumbnail*",227,normal,0.95
4TeAl9hpFXI,bratayley,0.2437752,high,"This is how many people love Bratayley
👇🏻",1970,normal,0.9
4TeAl9hpFXI,bratayley,0.2437752,high,Hayley looked scared when her mom found out she cut her hair 😂,890,normal,0.9
4TeAl9hpFXI,bratayley,0.2437752,high,hayley: *keeps tucking bangs behind ear after katie pointed them out*,577,normal,0.9
4TeAl9hpFXI,bratayley,0.2437752,high,"hayley: what!?

katie: you cut your bangs!

hayley: *makes duck lips* what?

katie: hayley!

hayley: this could be a good title!",500,normal,0.9
4TeAl9hpFXI,bratayley,0.2437752,high,"How many people never forgot Caleb 
👇",1563,normal,0.9
4TeAl9hpFXI,bratayley,0.2437752,high,This is how many people wants that Asher is in the vlogs💙,1247,normal,0.9
4TeAl9hpFXI,bratayley,0.2437752,high,"Katie: Why did you cut your hair
Hayley: Do you like it
Me:🤣😂😀😄",536,normal,0.9
4TeAl9hpFXI,bratayley,0.2437752,high,"Katie: Hayley noel Leblanc did u cut ur hair? 
Hayley: no.......
Also Hayley: this could be a good title?",693,normal,0.9
4TeAl9hpFXI,bratayley,0.2437752,high,"Who remembers the question “high and low?” Og fans:))
👇",666,normal,0.9
4TeAl9hpFXI,bratayley,0.2437752,high,Who else is here from the new Jules vlog,116,normal,0.9
4TeAl9hpFXI,bratayley,0.2437752,high,"This is how many people love Annie and Hayley

👇",781,normal,0.9
4TeAl9hpFXI,bratayley,0.2437752,high,"Bro,when Katie said Hayley's whole name my heart literally sank to the bottom of a big pit,😱😱😱😱😱😱😱😱",286,normal,0.85
4TeAl9hpFXI,bratayley,0.2437752,high,"She actually denied it 😂 
*”wHaT!? nO i DiDnT”*",91,normal,0.9
4TeAl9hpFXI,bratayley,0.2437752,high,"Cute when Hayley got caught with cutting her hair. The shock and denial 🤣😂🤣
That was utterly adorable.",76,normal,0.9
4TeAl9hpFXI,bratayley,0.2437752,high,"""Mr plane is being very loud right know"" - Annie Leblanc 2019 😂😂",134,normal,0.9
UvQppk02pog,bratayley,0.2430473,high,PRAY FOR MY 9 YEAR OLD COUSIN! HE'S IN THE HOSPITAL AND IT'S HIS BIRTHDAY. HE HAS BAD ASTHMA AND CAN'T BREATHE. #staystrongCoby,365,concern,0.8
UvQppk02pog,bratayley,0.2430473,high,"I like Annie🐼,thumbs up if you like her",48,normal,0.9
UvQppk02pog,bratayley,0.2430473,high,Always remember to celebrate life when it's time for Bratalyley,8,normal,0.9
UvQppk02pog,bratayley,0.2430473,high,"I love when their mom is always like ""alright my friends"" I just love when she says it 😂😂😂",22,normal,0.9
UvQppk02pog,bratayley,0.2430473,high,"Who else watches Brataley everyday 
?",341,normal,0.9
UvQppk02pog,bratayley,0.2430473,high,"Annie already can eat what she wants😂 me too, so I would say sleep 3 hours",3,normal,0.8
UvQppk02pog,bratayley,0.2430473,high,If u are reading this have a wonderful day/night!,53,normal,0.9
UvQppk02pog,bratayley,0.2430473,high,"Does anyone else sing along to the intro and the ""I....am.....a.... baked potato..."" ? 😂 I hope I'm not the only one Lol ❤️",17,normal,0.9
UvQppk02pog,bratayley,0.2430473,high,It's so cute how Mary Kate helps them draw☺️💗,2,normal,0.9
UvQppk02pog,bratayley,0.2430473,high,"like, if you love bratayley❤️",42,normal,0.9
UvQppk02pog,bratayley,0.2430473,high,When you realize we're going to find out who the next president is tomorrow,120,normal,0.8
UvQppk02pog,bratayley,0.2430473,high,The eating one duh 😂,1,normal,0.8
UvQppk02pog,bratayley,0.2430473,high,its so amazing to see Mary Kate next to Hayley cause to me they look so much alike Mary Kate is like the older version of hayley,16,normal,0.9
UvQppk02pog,bratayley,0.2430473,high,The minute before bratayley uploads is the longest minute EEEEVVVVVEEEEERRRRR,109,normal,0.9
UvQppk02pog,bratayley,0.2430473,high,the eating one for the question of the day,7,normal,0.8
UvQppk02pog,bratayley,0.2430473,high,Omg I love Hayley's hair in a bun,24,normal,0.9
UvQppk02pog,bratayley,0.2430473,high,Anyone else watch bratayley everyday? 😸,28,normal,0.9
UvQppk02pog,bratayley,0.2430473,high,eat what ever I want,2,normal,0.8
UvQppk02pog,bratayley,0.2430473,high,I always look forward to watching bratayley😊💙,54,normal,0.9
UvQppk02pog,bratayley,0.2430473,high,Annie wears that outfit so much almost every blog of theirs I watch,11,normal,0.8
hqTKvCuVFkg,bratayley,0.24248548,high,"Can we all just take a minute to just think how lucky we are and just say a prayer to Manchester 🙏🏻
1 like= 1prayer/1person cares😇",562,normal,0.9
hqTKvCuVFkg,bratayley,0.24248548,high,Who remembers when Hayden carried Annie over those water fountains 😍,242,normal,0.9
hqTKvCuVFkg,bratayley,0.24248548,high,I bet Annie will do great singing X's and O's one like =good luck for Annie,86,normal,0.9
hqTKvCuVFkg,bratayley,0.24248548,high,"ahh annie's personality was shinning by the end of the video, she's so cute !!",54,normal,0.9
hqTKvCuVFkg,bratayley,0.24248548,high,Aw it was so sweet and mature of Annie to talk about Manchester ❤️,161,normal,0.9
hqTKvCuVFkg,bratayley,0.24248548,high,Jayden is such a good friend and when she is around you can see Annie becomes herself,66,normal,0.9
hqTKvCuVFkg,bratayley,0.24248548,high,"I love seeing footage of Hayden and Annie, you can tell they are great friends ❤",55,normal,0.9
hqTKvCuVFkg,bratayley,0.24248548,high,Did anyone notice at 2:34 Annie's wearing a sweater with Hayden on it,70,timestamp,0.8
hqTKvCuVFkg,bratayley,0.24248548,high,🙏pray for Manchester How many likes can we get for Manchester,755,normal,0.9
hqTKvCuVFkg,bratayley,0.24248548,high,"PEOPLE PLEASE READ: I was noticing in some of the previous videos that people are hating on Annie. She is growing up and you can't stop that.  Bratayley works hard to make these videos and you should respect that. I also think it's not fair to Annie that people are making rumours about ""Hannie"" it could be true but if it was they aren't telling us for a reason so stop commenting about it. I love you Bratayley and I just wanted to mention that. Have a nice day! 😊",474,normal,0.9
hqTKvCuVFkg,bratayley,0.24248548,high,Does anyone else see that Annie was wearing a sweatshirt that has Hayden's face on it in the beginning like if u agree,40,normal,0.9
hqTKvCuVFkg,bratayley,0.24248548,high,Aww she has Hayden's sweatshirt,17,normal,0.9
hqTKvCuVFkg,bratayley,0.24248548,high,Did anyone notice that Annie was wearing Hayden's hoodie!!😱,455,normal,0.9
hqTKvCuVFkg,bratayley,0.24248548,high,"Thanks for your support through this tragic moment🙏 it's devastating news and as I'm so close to the city it's even worse, it's broke my heart 💔 but my thoughts and prayers go out to everyone involved 🙏❤ x",14,normal,0.9
hqTKvCuVFkg,bratayley,0.24248548,high,Omg Jayden and Annie look like the perfect friends ever!💗Like if u agree,10,normal,0.9
hqTKvCuVFkg,bratayley,0.24248548,high,Y'all should do a video reacting to old vlogs!! Like if y'all agree,64,normal,0.9
hqTKvCuVFkg,bratayley,0.24248548,high,Awwww Hayden's hoodie😩😍love u guys,49,normal,0.9
hqTKvCuVFkg,bratayley,0.24248548,high,Annie and Jayden are so beautiful,67,normal,0.9
hqTKvCuVFkg,bratayley,0.24248548,high,who notice the picture on annie jacket at 2:34,35,timestamp,0.8
hqTKvCuVFkg,bratayley,0.24248548,high,I love when Jayden is in the vlogs she is so funny and looks like a good friend to Annie,10,normal,0.9
7h5XaxBjLXA,bratayley,0.22596696,high,"Whose here after knowing that paige is pregnant 🤰🏼

Edit: omg thank you for so many likes i’ve never gotten that much likes before ❤️",185,normal,0.9
7h5XaxBjLXA,bratayley,0.22596696,high,Who else really wants to see the house!?😂😂,1537,normal,0.9
7h5XaxBjLXA,bratayley,0.22596696,high,"""It's me who loves you, Hayley!"" ~David

WE MISS YOU, DAVID!

AOTD: Annie LeBling bracelets of course!",323,normal,0.9
7h5XaxBjLXA,bratayley,0.22596696,high,Omg when Annie dropped her phone to give Paige a hug was the cutest thing I’ve ever seen!! I actually cried,203,normal,0.9
7h5XaxBjLXA,bratayley,0.22596696,high,Hayley and Annie have perfect teeth,225,normal,0.8
7h5XaxBjLXA,bratayley,0.22596696,high,"honestly, Billy is really good at surprises!!!!!!!, I didn't think Paige was coming though!!!!!!!",302,normal,0.9
7h5XaxBjLXA,bratayley,0.22596696,high,"Love bratayley 
Who else reads the comments and gets distracted then has to rewind





Paige is back!!!!!!!!!!!! YUZZZZZZZZZZZ!!!!!!!! AHHHHHHHHHHHH!",146,normal,0.9
7h5XaxBjLXA,bratayley,0.22596696,high,PAIGEEEEEE OMG OMG I SCREAMED WHEN I SAW HER SHES BACK!!!! AHHHHHHH OMG❤️❤️,90,normal,0.9
7h5XaxBjLXA,bratayley,0.22596696,high,"YAYYYYY PAIGE!!

And I need Annie and Carson to do a song together! Their voices would go so well together!💛",146,normal,0.9
7h5XaxBjLXA,bratayley,0.22596696,high,*who else was surprised when* _Paige_ *showed up brought to many memories*,40,normal,0.9
7h5XaxBjLXA,bratayley,0.22596696,high,I thought Paige looked different but I don’t know why then it hit me her highlights are gone,105,normal,0.8
7h5XaxBjLXA,bratayley,0.22596696,high,Annie and her sister are so pretty anyone else agree,37,normal,0.8
7h5XaxBjLXA,bratayley,0.22596696,high,To be honest when i saw Paige my heart stopped! I missed her so much!  I also cant wait for the house tour! I feel like the house is big! Love you guys!,46,normal,0.9
7h5XaxBjLXA,bratayley,0.22596696,high,Are we not going to talk about how close they are to 7 million,19,normal,0.8
7h5XaxBjLXA,bratayley,0.22596696,high,At 16:47 I heard him say to Annie “good job babe that was fun” did anyone else hear that!!!!!!??????😵😵,27,timestamp,0.9
7h5XaxBjLXA,bratayley,0.22596696,high,WHERE’S THE NOTIF SQUAD AT?!,60,normal,0.8
7h5XaxBjLXA,bratayley,0.22596696,high,""" SKITTELS ""................ When they said that my cat named Skittles came running",47,normal,0.8
7h5XaxBjLXA,bratayley,0.22596696,high,I thought it was Paige in Annie's instagram story 😜😜😜,62,normal,0.8
7h5XaxBjLXA,bratayley,0.22596696,high,OMG PAIGEEE IS BACK IM SO HAPPY I SWEAR X,20,normal,0.9
7h5XaxBjLXA,bratayley,0.22596696,high,omg i got so excited to see Paige !! i thought it was her on Annies instagram story!!!,36,normal,0.9
3wPtT0fgMwc,bratayley,0.20800321,high,"Does anyone else want them to lable what day it is right before the footage


If so like this so they can see it",1115,normal,0.9
3wPtT0fgMwc,bratayley,0.20800321,high,"Who remembers when this happened...




Hayley: “ I never wanna go to the park again”

Annie: “I wanna be a lion when I grow up”",754,normal,0.9
3wPtT0fgMwc,bratayley,0.20800321,high,"Hopefully, everyone had a nice Fourth of July. Ah, Annie and Katie together again.",1402,normal,0.95
3wPtT0fgMwc,bratayley,0.20800321,high,"Annie and Katie together again, just like the good ole days in Maryland, who's been here since those days??",566,normal,0.95
3wPtT0fgMwc,bratayley,0.20800321,high,I’m actually so shocked Annie and Katie reunited. But I’m happy they did 😎🥳,798,normal,0.9
3wPtT0fgMwc,bratayley,0.20800321,high,"Who is still missing Caleb Leblanc....😭🤧💕
👇🏼
👇🏼
👇🏼",803,normal,0.85
3wPtT0fgMwc,bratayley,0.20800321,high,OMG IT'S KAITE AND ANNIE BACK TOGETHER!!!,586,normal,0.9
3wPtT0fgMwc,bratayley,0.20800321,high,It’s Caleb’s birthday today! He’s 17! Wow he’s so old now! I hope he is resting  well! Ilysm Caleb Rest In Peace! 😭❤️❤️,124,normal,0.9
3wPtT0fgMwc,bratayley,0.20800321,high,"When I saw all those people walking through his door I thought ""Is it ever going to end?!""😂😂



This is the most likes I've ever gotten! Thanks beautiful people!💞",950,normal,0.9
3wPtT0fgMwc,bratayley,0.20800321,high,Okay who else at the beginning thought Annie was rubbing deodorant all over her face.😂🤣,275,normal,0.9
3wPtT0fgMwc,bratayley,0.20800321,high,Who else wishes they do daily vlogs?!🙃,2717,normal,0.9
3wPtT0fgMwc,bratayley,0.20800321,high,"“Can it be called canadian day?”
Me: “can the 4th of july be called american day?” 😂😂😂",58,normal,0.9
3wPtT0fgMwc,bratayley,0.20800321,high,Not even one clip of Asher😂 what did we all expect?!??,863,normal,0.9
3wPtT0fgMwc,bratayley,0.20800321,high,I’ve just noticed that Annie really don’t use her blanky no more,82,normal,0.9
3wPtT0fgMwc,bratayley,0.20800321,high,"Caleb's Birthday is almost here you guys!!! :D

EDITED: What the drum!?! I have over 100s of Likes!! NO WAY!!! THAT'S DRUMTASTIC!!! Thank you guys!! :D",243,normal,0.9
3wPtT0fgMwc,bratayley,0.20800321,high,"I miss the old days then they vlogged like everyday and can’t forget about Caleb aswell❤️ Just miss it all..
Edit; Can’t believe Caleb 17 in only a week (13 July) 😢😢",169,normal,0.9
3wPtT0fgMwc,bratayley,0.20800321,high,Have not watched hope Asher's in the vlog,489,normal,0.9
3wPtT0fgMwc,bratayley,0.20800321,high,"Who remembers when Bratayley....




At the end of every vlog has the kids sing...
“I... am... a....baked potato..... baked potato.... I am a... baked potatooooo..... Thanks for watching Bratayley”

Edit: when the kids sang it",82,normal,0.9
3wPtT0fgMwc,bratayley,0.20800321,high,Omg can I please have the Leblanc genes their actually flawless🥰🤩🥴,279,normal,0.85
3wPtT0fgMwc,bratayley,0.20800321,high,anyone else just love when Hayley was like Julianna Grace Leblanc and Annie was like WHAAAAT!,45,normal,0.9
mTj55H3JbqM,bratayley,0.20732811,high,her speech got so much better in 2 years,2,normal,0.95
mTj55H3JbqM,bratayley,0.20732811,high,Rip toshi,3,normal,0.8
mTj55H3JbqM,bratayley,0.20732811,high,Toshi's expression on the beanbag is adorable :),2,normal,0.95
mTj55H3JbqM,bratayley,0.20732811,high,"my daughters and i watch y'all's videos together. they decided to answer today! mommy's is oatmeal raisin... sky's is chocolate chip cookies, ray's is s'mores, and b bear's is ""I don't wanna!"" lol! she is a lot like hayley as the little one of the family! it's gotta be normal!",1,normal,0.9
mTj55H3JbqM,bratayley,0.20732811,high,You did I remember,1,normal,0.7
mTj55H3JbqM,bratayley,0.20732811,high,"My moms homemade chocolate chip cookies, it's an old family recipe :)",1,normal,0.9
mTj55H3JbqM,bratayley,0.20732811,high,"just came back from school and it uploaded 5 mins ago 
",0,normal,0.85
mTj55H3JbqM,bratayley,0.20732811,high,Chocolate chip cookies are my favorite cookie in the entire world which is awesome I like it so much I want to eat right now,1,normal,0.9
mTj55H3JbqM,bratayley,0.20732811,high,"i love all your videos great job ANNIE,CALEB,andHAYLEY making videos
",1,normal,0.95
mTj55H3JbqM,bratayley,0.20732811,high,Chocolate cookie,1,normal,0.9
mTj55H3JbqM,bratayley,0.20732811,high,Marshmallow chocolate chip,1,normal,0.9
mTj55H3JbqM,bratayley,0.20732811,high,aww the puppy is so cute !!!!,0,normal,0.95
mTj55H3JbqM,bratayley,0.20732811,high,you should make the guest room a place where annie does gymnastics,0,normal,0.85
mTj55H3JbqM,bratayley,0.20732811,high,Peanut butter,1,normal,0.9
mTj55H3JbqM,bratayley,0.20732811,high,Oatmeal cookies are my fave!!,1,normal,0.9
mTj55H3JbqM,bratayley,0.20732811,high,"the guest room should be annies gymnatics room 
",0,normal,0.85
mTj55H3JbqM,bratayley,0.20732811,high,awe poor toshi. He looked super comfy lol ,0,normal,0.9
mTj55H3JbqM,bratayley,0.20732811,high,And my fav cookie is raspberry cheesecake frum subway :p,1,normal,0.9
mTj55H3JbqM,bratayley,0.20732811,high," I love : Rainbow chip cookie, white chocolate cookie,choco chip n caramel
cookkie",0,normal,0.9
mTj55H3JbqM,bratayley,0.20732811,high,I like chocolate chip cookies! btw Toshie at the end was SO funny hahaha!,0,normal,0.95
iCikpMPDfeI,bratayley,-0.11978488,low,"4:29 Katie: caleb is in heaven

Sooo sad😪",256,timestamp,0.9
iCikpMPDfeI,bratayley,-0.11978488,low,I came to the Channel after Caleb past away and now after watching the old vlogs it makes me miss him,396,normal,0.95
iCikpMPDfeI,bratayley,-0.11978488,low,"I miss his laugh.
I miss his smile.
I miss voice.
I miss it all.
R.I.P. Caleb Logan. I will never forget you. 💜🆑",149,normal,0.95
iCikpMPDfeI,bratayley,-0.11978488,low,its sad because she says caleb died and whent to heavan and he actually did,368,normal,0.9
iCikpMPDfeI,bratayley,-0.11978488,low,I hope heaven is filled with all the food court food options!,324,normal,0.85
iCikpMPDfeI,bratayley,-0.11978488,low,anyone else watching this cause they miss Caleb😢😢😢😢😢,395,normal,0.9
iCikpMPDfeI,bratayley,-0.11978488,low,I love watching this video over and over again because I get to see everyone laughing and smiling and having fun😊🆑❤️,86,normal,0.95
iCikpMPDfeI,bratayley,-0.11978488,low,I miss bratayley who’s here after they ended their channel😩😩,68,normal,0.9
iCikpMPDfeI,bratayley,-0.11978488,low,when they were in the food court and there mom said Caleb is in heaven I got sad then when she said he died I got even more sad,241,normal,0.9
iCikpMPDfeI,bratayley,-0.11978488,low,'He's died and gone to heaven' - Katie. The angels must have known Caleb has a very sweet heart so they had to take him to heaven with them. Now Caleb is in heaven he can eat as many baked potatoes as he wants. Miss him so much ! 🆑💜,23,normal,0.9
iCikpMPDfeI,bratayley,-0.11978488,low,4:29 Katie said “Caleb’s in heaven right now” and I nearly cried,23,timestamp,0.9
iCikpMPDfeI,bratayley,-0.11978488,low,It's also funny watching them vlog in public because in Australia we don't see people regularly walking down the with camera's filming so no one k led what to do there so confused😂😂,127,normal,0.85
iCikpMPDfeI,bratayley,-0.11978488,low,I'm glad Caleb lived his life to the fullest going to all these amazing places! ✨,45,normal,0.9
iCikpMPDfeI,bratayley,-0.11978488,low,"""died and gone to australia"" now he can have all the baked potatoes he'd ever need 💕👼",19,normal,0.85
iCikpMPDfeI,bratayley,-0.11978488,low,Billy looked so happy in that submarine. You can tell he was in the navy. Lol thank you for your service billy,62,normal,0.9
iCikpMPDfeI,bratayley,-0.11978488,low,"At 4:55 when Katie said "" he's died and gone to Australia like when they say he's died and gone to heaven I was like but he did go to heaven God bless you bratayley 😇😇😇😇😇🙏🙏🙏🙏",29,timestamp,0.9
iCikpMPDfeI,bratayley,-0.11978488,low,Australians. We could have touched that $20 that Caleb touched😱,122,normal,0.8
iCikpMPDfeI,bratayley,-0.11978488,low,"Katie: ""Sleep with one eye open."" Caleb: ""Haha, HUH! That's creepy",7,normal,0.85
iCikpMPDfeI,bratayley,-0.11978488,low,4:27-4:29 yes...Caleb is in heaven 😓😖😔🙏🏽🙏🏽,107,timestamp,0.9
iCikpMPDfeI,bratayley,-0.11978488,low,Lol caleb laughing when he scared Mrs katie ☺️,42,normal,0.9
JHlVO70CnTY,bratayley,-0.12818581,low,who thinks this family is full of joy and happiness like every time you watch them your happy,1002,normal,0.95
JHlVO70CnTY,bratayley,-0.12818581,low,I love how they still include Caleb with like the ornaments and they hang his stocking it's so amazing how they keep it with the family even though he's not there 😇😢💜💜💜 much love 💚,155,normal,0.9
JHlVO70CnTY,bratayley,-0.12818581,low,I think it's so sweet that they still put everything up for caleb! 💖 he would be so proud! I love you guys!,511,normal,0.9
JHlVO70CnTY,bratayley,-0.12818581,low,Lets try and get this comment to over 20 likes for Caleb😭,80,normal,0.85
JHlVO70CnTY,bratayley,-0.12818581,low,I think it is so cute how they still have all of Caleb's stuff!! Also when his name is said or they find anything of his they just think about him and know he is still looking over them!!! Another thing is me and Annie have the same first Christmas ornament,31,normal,0.9
JHlVO70CnTY,bratayley,-0.12818581,low,"Bratayley should do throw back Thursday's. Basically a portion in their Thursday vlogs they should reenact an old video. 

Please like so they can see",190,normal,0.85
JHlVO70CnTY,bratayley,-0.12818581,low,I love Annie's room! She should film a Black Friday haul on her channel! 🙌🏼,48,normal,0.9
JHlVO70CnTY,bratayley,-0.12818581,low,What I want for Christmas is to Caleb to come back 😭 it's no the same without him 😭,52,normal,0.9
JHlVO70CnTY,bratayley,-0.12818581,low,who else misses celeb,88,normal,0.9
JHlVO70CnTY,bratayley,-0.12818581,low,Katie looks so young and she's so PRETTY! She's 36 and amazing. Heart goes to you and your beautiful family 😍,129,normal,0.9
JHlVO70CnTY,bratayley,-0.12818581,low,It's so cute that they still put calebs stocking up 😭❤️,37,normal,0.9
JHlVO70CnTY,bratayley,-0.12818581,low,Who’s watching in quarantine and can’t wait for Christmas 🙋‍♀️🙋‍♀️🙋‍♀️🙋‍♀️🙋‍♀️🙋‍♀️,22,normal,0.9
JHlVO70CnTY,bratayley,-0.12818581,low,"Why does everyone always have to be so mean in the comment section? I mean like seriously!! Every time I leave a comment I have to triple check for my spelling and grammar just so I don't get hated on. I mean it's just a typo!!!!! People are so rude behind a screen. Or negatively commenting on someone, it's just not nice!! Sorry I wrote all of this lol😂 I've just been reading the comments tonight and I got really mad at some of them! Mind your own business!! Like if you agree or comment... I'm not fishing for likes!!! I honestly want to see how many people agree with me. And if you think I am fishing for likes then leave a comment. I just want to make sure I'm not the only one!😂",832,normal,0.85
JHlVO70CnTY,bratayley,-0.12818581,low,"You know who's beautiful in this world






Read the first word again😁☄️🌺❤️❤️😘😘",144,normal,0.9
JHlVO70CnTY,bratayley,-0.12818581,low,Reply if Annie should do clothing hauls I love her style and want to know where she buys thwm﻿,569,normal,0.9
JHlVO70CnTY,bratayley,-0.12818581,low,annie your room is amazing with the decorations,59,normal,0.9
JHlVO70CnTY,bratayley,-0.12818581,low,Everyone have a good day and remember you are beautiful no matter what anyone says,39,normal,0.9
JHlVO70CnTY,bratayley,-0.12818581,low,Polar express and home alone are my favorite Christmas movies!!,74,normal,0.9
JHlVO70CnTY,bratayley,-0.12818581,low,Is it just me who finds it hard to see Annie as Julianna,271,normal,0.9
JHlVO70CnTY,bratayley,-0.12818581,low,Annie I don't blame you I sleep with a blankey,23,normal,0.9
ODvS24svI9Q,bratayley,-0.12841251,low,Omg the old intro I miss it sooo much😂😂😭😭😭😭😭😭😭,28,normal,0.95
ODvS24svI9Q,bratayley,-0.12841251,low,I honestly can't wait until I can do this Christmas stuff when I have my own kids when i'm older :),53,normal,0.9
ODvS24svI9Q,bratayley,-0.12841251,low,Who else is doing a bratayley Christmas marathon(me).....,172,normal,0.9
ODvS24svI9Q,bratayley,-0.12841251,low,"i watch these christmas vlogs every year around christmas, it's almost like a tradition! it's crazy, i was around 10 years old when this was posted, now i'm grown :,)",12,normal,0.9
ODvS24svI9Q,bratayley,-0.12841251,low,Reading comments and everyone's like 3 days until xmas and I'm like 2 months😂,32,normal,0.9
ODvS24svI9Q,bratayley,-0.12841251,low,"when i watch this show it makes me wish i had brothers and sisters
",8,normal,0.9
ODvS24svI9Q,bratayley,-0.12841251,low,"1:09 Hayley's facial transition. :D --> :|
5:02 Hayley's like, ""Stop fibbing, Mommy."" :D  First time I've heard of snow flurries.
9:56 Aww, that was sweet of Caleb, ""Ooh, I want a hug."" from Hayley.  That's a good big brother.  Good job, Caleb!
12:30 I miss putting my great-nieces to bed. :(  They were fond memories.",3,timestamp,0.8
ODvS24svI9Q,bratayley,-0.12841251,low,I LOVE THE THEME SONG I WISH YOU GUYS STILL HAD IT,25,normal,0.95
ODvS24svI9Q,bratayley,-0.12841251,low,Who's watching in 2016 🎆🎆🎆🎆🎆 they look so young it's 4 years ago,4,normal,0.9
ODvS24svI9Q,bratayley,-0.12841251,low,Just binge watching all their Christmas videos 🎄🎄🎄,11,normal,0.9
ODvS24svI9Q,bratayley,-0.12841251,low,I cried when Caleb said he wanted hugs I wish Caleb can still have hugs in heaven,3,normal,0.9
ODvS24svI9Q,bratayley,-0.12841251,low,"LESS THAN 2 DAYS TIL, CHRISTMAS !! Caleb have a great Christmas up in heaven with God. Annie, Haley and your parents I am thinking of Caleb and you guys have  a Very Merry Christmas",10,normal,0.9
ODvS24svI9Q,bratayley,-0.12841251,low,rip caleb,10,normal,0.9
ODvS24svI9Q,bratayley,-0.12841251,low,Wow! The lights looks amazing - so magical :),8,normal,0.95
ODvS24svI9Q,bratayley,-0.12841251,low,"4:27 Annie: what are those?

Illuminati confirmation (by the way they my twinkle toes",3,timestamp,0.7
ODvS24svI9Q,bratayley,-0.12841251,low,I am watching this because I miss Caleb,26,normal,0.9
ODvS24svI9Q,bratayley,-0.12841251,low,Omg the memories !!! 💘💘 y’all guys were my favs R.I.P Caleb,3,normal,0.9
ODvS24svI9Q,bratayley,-0.12841251,low,I remember watching this vid 5 years ago when it came out,3,normal,0.9
ODvS24svI9Q,bratayley,-0.12841251,low,I miss Caleb so much,4,normal,0.9
ODvS24svI9Q,bratayley,-0.12841251,low,what I would do is evrey Christmas Eve i would go back and watch all my old Christmas vlogs and stuff,4,normal,0.9
PXfIfRjOEnE,bratayley,-0.13537735,low,Bratayley knows how to make people feel better when they are sad,7,normal,0.9
PXfIfRjOEnE,bratayley,-0.13537735,low,I really love that family and i really miss Caleb :( <3,12,normal,0.9
PXfIfRjOEnE,bratayley,-0.13537735,low,Just imagine they could be filming right this second u never know,74,normal,0.8
PXfIfRjOEnE,bratayley,-0.13537735,low,crying because  I miss Caleb and Annie tagged him on musical.ly  😢😢😢😢😢,8,normal,0.9
PXfIfRjOEnE,bratayley,-0.13537735,low,That hotel is like bigger than my house...,77,normal,0.8
PXfIfRjOEnE,bratayley,-0.13537735,low,Annie is just so naturally beautiful,7,normal,0.7
PXfIfRjOEnE,bratayley,-0.13537735,low,"Me: Oh! New bratayley Video!

1. Like the Video 
2. read the comments
3. watch the video😂

who else?😂😂",83,normal,0.9
PXfIfRjOEnE,bratayley,-0.13537735,low,Omg these notifications don't make me any faster 😂😂😂,36,normal,0.9
PXfIfRjOEnE,bratayley,-0.13537735,low,"Who reckons Haley should do a morning routine for school? 
Thumbs up if you think so👍🏻",7,normal,0.9
PXfIfRjOEnE,bratayley,-0.13537735,low,"Hello bratayley, I really would like to thank you. My life is hard. And it's like everyday for about 20 mins it's safe, happy, ok to smile, and act like a kid still, and it's all because of you. It's amazing to see the happiness of your family, you have been though a lot, and it's great to see a smile even in the worse events in life. Love and joy is in each vlog, showing us to always celebrate life, even if it's hard. Thank you, for showing me I can smile, thank you for teaching me to respect life. :) thank you, for the 20 mins that let me be a kid still.",21,normal,0.9
PXfIfRjOEnE,bratayley,-0.13537735,low,Awe! Annie I love your necklace! I want one so much!,60,normal,0.8
PXfIfRjOEnE,bratayley,-0.13537735,low,How much likes can we get for Bratayley!7️⃣,10,normal,0.8
PXfIfRjOEnE,bratayley,-0.13537735,low,Im so excited Annie has the necklace i bought her on so cool im glad i finally know for sure you got them i had to do that do you could take Caleb where ever when ever i miss Caleb so much i seen your pics on instagram to i hope you guys have fun in NY I live In NY But not New York New York my dream one day is to meet all of you maybe have lunch do something fun stay safe everyone hopefully Haley got hers to im sure she did though im going to meet you guys soon i hope maybe with my daughter,59,normal,0.8
PXfIfRjOEnE,bratayley,-0.13537735,low,At 5:20 did you see Arden? She dabbed when she sneezed!😂😂,2,timestamp,0.9
PXfIfRjOEnE,bratayley,-0.13537735,low,I wonder how many noise complaints they got,97,normal,0.7
PXfIfRjOEnE,bratayley,-0.13537735,low,I fell so bad for Hayley,7,concern,0.7
PXfIfRjOEnE,bratayley,-0.13537735,low,15:41 ANY CARATS HEARD THE 'SEVENTEEN' OMG BAHAHAHAAH,8,timestamp,0.9
PXfIfRjOEnE,bratayley,-0.13537735,low,If you want them to do a house tour get this comment 50 likes!!!,22,normal,0.8
PXfIfRjOEnE,bratayley,-0.13537735,low,What I love so much is how Annie rubs her Caleb necklace by her lip like she always did with her blanky❤,1,normal,0.9
PXfIfRjOEnE,bratayley,-0.13537735,low,The hotel is way bigger then my house☹️ on gymscool I though they were in coach Mary's mansion😂😂😂,8,normal,0.8
NdnY1s1Jc3o,bratayley,-0.13576731,low,Annie looked so uncomfortable in the thumbnail😂😂,52,normal,0.9
NdnY1s1Jc3o,bratayley,-0.13576731,low,Who else imagine Caleb being in all those picture with his big smile 😩😪😁,233,normal,0.9
NdnY1s1Jc3o,bratayley,-0.13576731,low,"I literally started crying when all of their fans started screaming for them. The have gotten so far, I'm so happy for them. They also have gone through so much. They deserve all of this. Brataley, thank you so much for everything you have done for me. You are a great family, and great YouTubers. The future looks bright for you.",570,normal,0.9
NdnY1s1Jc3o,bratayley,-0.13576731,low,"Around 6.20 Mario says ""she is so pretty"" pointing at annie",187,timestamp,0.95
NdnY1s1Jc3o,bratayley,-0.13576731,low,"look at mario when their taking the pics with ariel LOL ""OMG LOOK SHES SO PRETTY""",83,normal,0.8
NdnY1s1Jc3o,bratayley,-0.13576731,low,I would cry if I met Caleb,87,normal,0.9
NdnY1s1Jc3o,bratayley,-0.13576731,low,at 6:19 Mario says that Annie's so pretty,142,timestamp,0.95
NdnY1s1Jc3o,bratayley,-0.13576731,low,who heard mario say she is so pretty,43,normal,0.8
NdnY1s1Jc3o,bratayley,-0.13576731,low,"I can't believe how lucky u guys are, I'm just speechless about the fact that ur just a family and many other families just barely even have anything",68,normal,0.9
NdnY1s1Jc3o,bratayley,-0.13576731,low,I would cry if I met Zach and Mario ! Yo !,163,normal,0.9
NdnY1s1Jc3o,bratayley,-0.13576731,low,Who else saw Mario call Annie pretty?😊,131,normal,0.9
NdnY1s1Jc3o,bratayley,-0.13576731,low,Who heard Mario said Annie is pretty?,20,normal,0.9
NdnY1s1Jc3o,bratayley,-0.13576731,low,Should've got a picture with Maria and Zach,62,normal,0.8
NdnY1s1Jc3o,bratayley,-0.13576731,low,"When they walked in that meet and greet room. It looked so empty because Caleb was not there😔 RIP Buddy, love you👼🏽❤️",8,normal,0.9
NdnY1s1Jc3o,bratayley,-0.13576731,low,Mario: she's so pretty look at her eyebrows Zach look. I love him he's so sweet,40,normal,0.9
NdnY1s1Jc3o,bratayley,-0.13576731,low,"Mean while I'm at home on my bed, eating potatoes and stalking people on YouTube",96,normal,0.7
NdnY1s1Jc3o,bratayley,-0.13576731,low,"If you're reading this, you're awesome and the best!!!",429,normal,0.9
NdnY1s1Jc3o,bratayley,-0.13576731,low,Without Caleb this is a straight up girl channel,29,normal,0.8
NdnY1s1Jc3o,bratayley,-0.13576731,low,"When Mario said ""She so pretty""",69,normal,0.9
NdnY1s1Jc3o,bratayley,-0.13576731,low,cherish every moment or else you won't have anything to look back to and cry and laugh,1,normal,0.9
S3bWGZX7-Qg,bratayley,-0.13820677,low,"18:05
Annie ""PRETZEL!"" ""I look like a duck"" ""hey, don't touch me"" ""you're not supposed to touch your skin"" 
I love Annie's random moods :)",61,timestamp,0.9
S3bWGZX7-Qg,bratayley,-0.13820677,low,I think we all need Paige in our lives,155,normal,0.95
S3bWGZX7-Qg,bratayley,-0.13820677,low,OMG Paige just makes the vlog 10 times better,87,normal,0.95
S3bWGZX7-Qg,bratayley,-0.13820677,low,Annie’s face when the elevator door opened and the guy was out there lol 😍😂,11,normal,0.9
S3bWGZX7-Qg,bratayley,-0.13820677,low,I like that Katie shows her face,39,normal,0.9
S3bWGZX7-Qg,bratayley,-0.13820677,low,If you reading this you are the must beautiful person in the world don't let anyone tell you different,81,normal,0.85
S3bWGZX7-Qg,bratayley,-0.13820677,low,IM DYING PAIGE😂😂😂😂,159,normal,0.9
S3bWGZX7-Qg,bratayley,-0.13820677,low,#familygoals like if u think they're such a cute family 💞👏👏,172,normal,0.9
S3bWGZX7-Qg,bratayley,-0.13820677,low,I love Paige in the vlogs! She always makes me laugh.,138,normal,0.95
S3bWGZX7-Qg,bratayley,-0.13820677,low,"I think Annie is just a little homesick. And she must miss gg, whiney, annnnddd piper💛",11,normal,0.9
S3bWGZX7-Qg,bratayley,-0.13820677,low,I saw Annie in the Dallas concert and I had no clue she was sick until I watched this vlog! She did amazing!! ❤️😘,19,normal,0.9
S3bWGZX7-Qg,bratayley,-0.13820677,low,"2:59 Annie saying “ no don’t do it please, don’t do it.” Haha 😂 she’s embarrassed",23,timestamp,0.9
S3bWGZX7-Qg,bratayley,-0.13820677,low,"I'm glad that Annie is feeling better, I'm happy that Paige is back, AND Katie you are really really beautiful, and one last thing Y'ALL ARE WORTH IT  I love you guys :)",54,normal,0.9
S3bWGZX7-Qg,bratayley,-0.13820677,low,It was so nice seeing Katie in the vlog!,16,normal,0.9
S3bWGZX7-Qg,bratayley,-0.13820677,low,Paige should surprise Hayden .,14,normal,0.85
S3bWGZX7-Qg,bratayley,-0.13820677,low,Omg Paige 😂😂😂,13,normal,0.9
S3bWGZX7-Qg,bratayley,-0.13820677,low,who else misses hayden in the vlog?,28,normal,0.85
S3bWGZX7-Qg,bratayley,-0.13820677,low,Omg Paige,25,normal,0.85
S3bWGZX7-Qg,bratayley,-0.13820677,low,Annie is probably getting migraines because she is not getting enough sleep. When I dont get enough sleep my head throbs and my stomach hurts cause of a migraine.,28,concern,0.8
S3bWGZX7-Qg,bratayley,-0.13820677,low,ANNIE IS SO GOOFY!!!😂😂😂😂,10,normal,0.9
ajBe593yi98,bratayley,-0.1435794,low,u guys should do a question of the day when your parents answer them too,6,normal,0.9
ajBe593yi98,bratayley,-0.1435794,low,My fave part was the art with the little Chinese dancers!!!,2,normal,0.9
ajBe593yi98,bratayley,-0.1435794,low,"in my country,the lion dance people climb on this long, thin ,sticks that get longer by the steps",3,normal,0.9
ajBe593yi98,bratayley,-0.1435794,low,"The lion dance performance would've to be my favorite part, thanks for recording and posting it right here Bratayley, NICE!!",0,normal,0.9
ajBe593yi98,bratayley,-0.1435794,low,am the only one who saw the pic of caleb around 8:45 _ 8:59,7,timestamp,0.8
ajBe593yi98,bratayley,-0.1435794,low,"My fav subject is reading, writing, penmanship, and lunch! ",0,normal,0.9
ajBe593yi98,bratayley,-0.1435794,low,the sign means happy healthy new year,0,normal,0.9
ajBe593yi98,bratayley,-0.1435794,low,That is called a lion dance it is very popular during CNY. But the colour choices here are much more superb. Much more intresting and much more loud.,1,normal,0.9
ajBe593yi98,bratayley,-0.1435794,low,"Is time for bratayley,is time for the question of the day ❤❤❤😊😊😊",0,normal,0.9
ajBe593yi98,bratayley,-0.1435794,low,If lunch counts LUNCH if it does not count Art,2,normal,0.9
ajBe593yi98,bratayley,-0.1435794,low,"Lunch, recess, reading, academic support, and science",0,normal,0.9
ajBe593yi98,bratayley,-0.1435794,low,"Kindness and peaceful ness
",0,normal,0.9
ajBe593yi98,bratayley,-0.1435794,low,World history because I loved the teacher and learning about the past.,0,normal,0.9
ajBe593yi98,bratayley,-0.1435794,low,i like lunch. i learn something new about myself every day,0,normal,0.9
ajBe593yi98,bratayley,-0.1435794,low,Art because I love being creative,0,normal,0.9
ajBe593yi98,bratayley,-0.1435794,low,I love the festivals for Chinese new year,0,normal,0.9
ajBe593yi98,bratayley,-0.1435794,low,"That festival looked awesome! It looked so fun to watch  and  My favourite subject has to be science,because my teacher is really nice and explains things when I don't understand  ",0,normal,0.9
ajBe593yi98,bratayley,-0.1435794,low,I love ur videos and that was really cool hope u guys had fun,0,normal,0.9
ajBe593yi98,bratayley,-0.1435794,low,Those are my favorite shows 😁😁😘,0,normal,0.9
ajBe593yi98,bratayley,-0.1435794,low,happy Chinese new year,0,normal,0.9
pfY1cyWhp5U,bratayley,-0.14415574,low,1:36 Little do they know that Annie was gonna quit gymnastics in 8 months😢😭💞,32,timestamp,0.9
pfY1cyWhp5U,bratayley,-0.14415574,low,And I love seeing Katie and Annie hanging out more I love them together,45,normal,0.95
pfY1cyWhp5U,bratayley,-0.14415574,low,Katie and Annie are best friend goals,45,normal,0.95
pfY1cyWhp5U,bratayley,-0.14415574,low,"when katie was saying orange repeatedly, ms. katie asked her ""oh. who's the president of the united states?"" 😂😂😂😂😂😂",16,normal,0.9
pfY1cyWhp5U,bratayley,-0.14415574,low,99% of you won't see this but I hope everyone has a great holiday coming up,408,normal,0.9
pfY1cyWhp5U,bratayley,-0.14415574,low,Watching these athletes at any level is very cool. Good job Annie :),26,normal,0.95
pfY1cyWhp5U,bratayley,-0.14415574,low,That FaceTime call was adorable,10,normal,0.95
pfY1cyWhp5U,bratayley,-0.14415574,low,omg hayley is gonna be the best vlogger when she's older,4,normal,0.9
pfY1cyWhp5U,bratayley,-0.14415574,low,Actually!! My eyes change colors every day..... and they are two different colors! One eye is usually green and the other is blue and then the next day they switch positions! Other days they are blue and brown or green and brown . . . and then RARELY they can be purple and gray! My eyes are super weird! XD,229,normal,0.85
pfY1cyWhp5U,bratayley,-0.14415574,low,Annie and Katie are actually friendship goals,7,normal,0.95
pfY1cyWhp5U,bratayley,-0.14415574,low,Hayley and Alexa's friendship is adorable,11,normal,0.95
pfY1cyWhp5U,bratayley,-0.14415574,low,Awe the girls facetiming is so freaking adorable,4,normal,0.95
pfY1cyWhp5U,bratayley,-0.14415574,low,DAMN THAT PIZZA LOOKED FINE😍😭,103,normal,0.7
pfY1cyWhp5U,bratayley,-0.14415574,low,awww that sister moment was so adorable 😢😍❤❤❤❤,9,normal,0.95
pfY1cyWhp5U,bratayley,-0.14415574,low,did anyone else notice the big gap in katies  (annies friend) two front teeth?,54,normal,0.85
pfY1cyWhp5U,bratayley,-0.14415574,low,How sweet Im so jealous annie is so sweet to hayley,27,normal,0.9
pfY1cyWhp5U,bratayley,-0.14415574,low,*fun fact* their videos get 1000 views before 60 seconds of uploading,88,normal,0.85
pfY1cyWhp5U,bratayley,-0.14415574,low,I'm so happy Hayley is having fun!!☺️💜,7,normal,0.95
pfY1cyWhp5U,bratayley,-0.14415574,low,*this channel is awesome*,63,normal,0.9
pfY1cyWhp5U,bratayley,-0.14415574,low,My eyes are a mix of different shades of green and blue.,5,normal,0.85
PLDlf-hVn6M,bratayley,-0.14825608,low,HAYLEY IS JUST SO DARN CUTE!,1,normal,0.95
PLDlf-hVn6M,bratayley,-0.14825608,low,"Hi Caleb , Annie and Hayley , you guys are such an inspirational group of people . I have watched all your videos about 100 times !! Your videos are so funny and exciting . I know you won't get a chance to read my comment , but I just want to let you know , keep doing what your doing now , don't ever stop , just follow your dreams and you will always succeed , I love bratayley and I will keep watching you until the last episode . Caleb , your so funny and athletic . I love you guys !!!!!!!!!!!!",1,normal,0.9
PLDlf-hVn6M,bratayley,-0.14825608,low,we were just like this in front of the tv counting down beautiful family,0,normal,0.9
PLDlf-hVn6M,bratayley,-0.14825608,low,I love you guys you are my fav you tube channel I watch the new everyday and I seen every video ever made and have been watching 4 3 years,2,normal,0.9
PLDlf-hVn6M,bratayley,-0.14825608,low,"on new years eve we went to my aunt's house (like we do every new years eve) and we have a bunch of fireworks, then when we here the ones who are in the house countdown to 0 all of use make this HUGE fireworks that we have been preparing for the last 30 minutes",0,normal,0.85
PLDlf-hVn6M,bratayley,-0.14825608,low,it’s January 1 2022 right now:(,1,normal,0.8
PLDlf-hVn6M,bratayley,-0.14825608,low,Tomorrows New Years and I'm watching all of them!,0,normal,0.85
PLDlf-hVn6M,bratayley,-0.14825608,low,That was a short video but it was so cool when everybody was counting down and happy new years brathayley,0,normal,0.9
PLDlf-hVn6M,bratayley,-0.14825608,low,and she uploaded it today so thats why we saw it today,0,normal,0.8
PLDlf-hVn6M,bratayley,-0.14825608,low,when you guys did the count down i said to myself thats the same thing that i did on the same day,0,normal,0.85
PLDlf-hVn6M,bratayley,-0.14825608,low,you should do a contest on who dresses up the coolest,0,normal,0.8
PLDlf-hVn6M,bratayley,-0.14825608,low,hahaha im surprised that annie fell asleep and hayley didnt!,0,normal,0.85
PLDlf-hVn6M,bratayley,-0.14825608,low,"happy new year ,2013 wow it been quick",0,normal,0.8
PLDlf-hVn6M,bratayley,-0.14825608,low,HAPPY NEW YEARS HAPPY PEOPLE,0,normal,0.8
PLDlf-hVn6M,bratayley,-0.14825608,low,Hayley's hair is beautiful at 4:20,0,timestamp,0.9
PLDlf-hVn6M,bratayley,-0.14825608,low,"i can read that Happy New Year Bratayley
",0,normal,0.85
PLDlf-hVn6M,bratayley,-0.14825608,low,I luv you guys I think you should do a family tag it is where you ask questions about to the family happy new year,0,normal,0.85
PLDlf-hVn6M,bratayley,-0.14825608,low,happy late new year! when i have new years eve party i dont have as much fun like them. They have face paint! U r so lucky to have a wonderful family!! part of my family lives far away,0,normal,0.85
PLDlf-hVn6M,bratayley,-0.14825608,low,Bratayley,0,normal,0.8
PLDlf-hVn6M,bratayley,-0.14825608,low,Hayley is so cute!!!,0,normal,0.95
DDyUnbikIm4,bratayley,-0.16939035,low,"Annie:what are you doing I’m here?
Caleb:coming
Annie:go clean your room
Caleb:ok
Katie:why don’t you listen to me like that when I say go clean your room?
Caleb:..........(closes door and leaves)",17,normal,0.9
DDyUnbikIm4,bratayley,-0.16939035,low,Thins up if Hayley's adorable,289,normal,0.95
DDyUnbikIm4,bratayley,-0.16939035,low,"Caleb: What's that noise?
Hayley: That's me, my puppy is walking 
😂😂😊",16,normal,0.95
DDyUnbikIm4,bratayley,-0.16939035,low,"Hayley:IM GOING DOWNSTAIRS!!!!
MOM: can you help me clean up?
Hayley:ok
haha mood change",71,normal,0.9
DDyUnbikIm4,bratayley,-0.16939035,low,can anyone imagine how these people changed so much?,160,normal,0.8
DDyUnbikIm4,bratayley,-0.16939035,low,"When Hayley said yeah when Mrs.Katie asked for her to show her presents, she sounded like she does today anyone else agree?",71,normal,0.85
DDyUnbikIm4,bratayley,-0.16939035,low,"Who was singing happy birthday for hay ❤️❤️
I know I was 😅😅",80,normal,0.9
DDyUnbikIm4,bratayley,-0.16939035,low,"rewatching all these videos, i just remember me and my brother sharing a laptop and some headphones when we were younger and always watching these we loved them ❤️ R.I.P caleb ❤️",18,normal,0.9
DDyUnbikIm4,bratayley,-0.16939035,low,I watch this because I saw how little Haley was she's so cute,41,normal,0.9
DDyUnbikIm4,bratayley,-0.16939035,low,Whose here for precious Caleb?,201,normal,0.9
DDyUnbikIm4,bratayley,-0.16939035,low,"Some one: do u need help?
Hayley:NOO
Mom:no thank u!!
Hayley:no thank u 🙄",6,normal,0.9
DDyUnbikIm4,bratayley,-0.16939035,low,"Actually, I've been playing violin for 4 years and Caleb (RIP) is holding the violin correctly with the exception of his right hand position - I'm having a Bratayley marathon in 2017!!!",10,normal,0.85
DDyUnbikIm4,bratayley,-0.16939035,low,1:49 when everybody is akwardly singing to you and you don't know where to look😂,5,timestamp,0.95
DDyUnbikIm4,bratayley,-0.16939035,low,The picture of Annie and Caleb at 1:13 was so precious; they probably lost it though. Hayley's was adorable!!,7,timestamp,0.95
DDyUnbikIm4,bratayley,-0.16939035,low,Who else cringed when Hayley poured that whole bag of toys out 🙋🏽,3,normal,0.9
DDyUnbikIm4,bratayley,-0.16939035,low,Who’s here after her 12th birthday !,1,normal,0.9
DDyUnbikIm4,bratayley,-0.16939035,low,when Hayley couldn't open the zipper lol it was so cute 4:02,12,timestamp,0.95
DDyUnbikIm4,bratayley,-0.16939035,low,When he played the violin he didn't tighten the bow which could mess it up and he was playing on his shirt which could mess it up. Haha :) Who else here misses him?,1,normal,0.85
DDyUnbikIm4,bratayley,-0.16939035,low,am watching this on September 3 and Hayley is 10 now anybody watching when Hayley is 10 now!!!,6,normal,0.9
DDyUnbikIm4,bratayley,-0.16939035,low,It was funny when Hayley was all shy and wouldn't blow out the candle and when present time came she was showing it to everybody comes to show how much she likes opening presents,1,normal,0.9
1SlslrMCbWA,bratayley,-0.17511863,low,Anyone else watching this new years 2026 ! 🎉,8,normal,0.9
1SlslrMCbWA,bratayley,-0.17511863,low,I'm so glad that Annie is wanting to go to church and read her bible more💞,31,normal,0.95
1SlslrMCbWA,bratayley,-0.17511863,low,"How many likes can this little pineapple get?



🍍",76,normal,0.9
1SlslrMCbWA,bratayley,-0.17511863,low,When Hayley said his name is Caleb I was like he was sent down to watch over Hayley because she was not spending New Years with the bratayley family,103,normal,0.85
1SlslrMCbWA,bratayley,-0.17511863,low,Congratulations to Alexa's parents on their marriage!!💐,18,normal,0.9
1SlslrMCbWA,bratayley,-0.17511863,low,"Hi Braytaley ✨  We LOVE your vlogs!! Our son Harvey was diagnosed with cancer this time four years ago.  He has a dream of being big on youtube and we as a family want to make that happen for him. I know this is a super big ask and most people would think, why would you be bothered. But we know that your family are super supportive and we would appreciate your help so much. Please help us show Harvey that dreams do come true and that anything is possible!! ✨✨",691,normal,0.9
1SlslrMCbWA,bratayley,-0.17511863,low,I so happy that Hayley is starting to find her own friends and hanging out with Alexa,184,normal,0.9
1SlslrMCbWA,bratayley,-0.17511863,low,"I loveeee when Hayley hangs out with Alexa and I love when her parents vlog for her, I think it's great she was with them for New Years it's going to make Hayley so independent",34,normal,0.9
1SlslrMCbWA,bratayley,-0.17511863,low,I'm watching from the future. Hahahaha,5,normal,0.9
1SlslrMCbWA,bratayley,-0.17511863,low,My New Years revolution is to try harder in school and be better in school so I can have a chance to be better at school,5,normal,0.9
1SlslrMCbWA,bratayley,-0.17511863,low,it seems like Hayley found her best friend 💖,30,normal,0.9
1SlslrMCbWA,bratayley,-0.17511863,low,"Once Hayley said ""his name is Caleb"" that brought back so many memories😥💙",5,normal,0.9
1SlslrMCbWA,bratayley,-0.17511863,low,"-Hayley is 8 years old and Caleb was 8 when Bratayley started.
-Bratayley started 6 years ago and Annie was 6 when Bratayley started​.
-2017 would be the two year anniversary of Caleb's unexpected death and Hayley was 2 when Bratayley started. 
That's ironic 😄😄😄",4,normal,0.9
1SlslrMCbWA,bratayley,-0.17511863,low,I think it's good that Alexa's dad filmed for Hayley on New Years Eve,3,normal,0.9
1SlslrMCbWA,bratayley,-0.17511863,low,Does anyone else think Hayley would make a good artist? Her painting was really good!,4,normal,0.9
1SlslrMCbWA,bratayley,-0.17511863,low,I love it how Alexa's mum and dad will film Hayley and Alexa for the vlogs and HAPPY NEW YEAR EVERYONE❤️❤️,53,normal,0.9
1SlslrMCbWA,bratayley,-0.17511863,low,Aww that little boys name was Caleb 💙,14,normal,0.9
1SlslrMCbWA,bratayley,-0.17511863,low,My new years resolution is to Celebrate Life!! 💜,23,normal,0.9
1SlslrMCbWA,bratayley,-0.17511863,low,Hayley: oh my god his name is CALEB his name is CALEB!!! I'm done,77,normal,0.9
1SlslrMCbWA,bratayley,-0.17511863,low,Who else noticed a photo of Caleb at 16:02,8,timestamp,0.95
QA5bHKZCGmo,bratayley,-0.20722657,low,Anyone here in 2020 and misses these old gymnastic vlogs??,669,normal,0.95
QA5bHKZCGmo,bratayley,-0.20722657,low,why is this in my recommended 4 years later,282,normal,0.9
QA5bHKZCGmo,bratayley,-0.20722657,low,I miss Annie when she was little I know obviously now she’s really successful in her music and acting but she used to be a gymnast and not travel all the time and I miss the daily vlogs but it’s okay,144,normal,0.9
QA5bHKZCGmo,bratayley,-0.20722657,low,annie and Katie are bff goals,44,normal,0.9
QA5bHKZCGmo,bratayley,-0.20722657,low,"If you are reading this remember
* You are beautiful
* You are worthy
* You are valuable
* You are smart




Have an amazing day or night!",192,normal,0.95
QA5bHKZCGmo,bratayley,-0.20722657,low,Whoever is reading this your beautiful and amazing,165,normal,0.95
QA5bHKZCGmo,bratayley,-0.20722657,low,I like it when Hayley's hair is straightened because she looks mature and older like 15 lol XD EVEN though she is short XD,115,concern,0.7
QA5bHKZCGmo,bratayley,-0.20722657,low,"when they were on the highest level at the high roller, i was always thinking, caleb would've loved it.",17,normal,0.9
QA5bHKZCGmo,bratayley,-0.20722657,low,who's here in june 2020 watching this in quarantine,18,normal,0.9
QA5bHKZCGmo,bratayley,-0.20722657,low,2020 quarantine anyone!?,41,normal,0.9
QA5bHKZCGmo,bratayley,-0.20722657,low,"they should have a shirt that says ""I'm nervcited""",42,normal,0.85
QA5bHKZCGmo,bratayley,-0.20722657,low,Your know your Australian when you assume every house/hotel has a ceiling fan and get scared when people stand up on beds!,13,normal,0.85
QA5bHKZCGmo,bratayley,-0.20722657,low,Hayley's hair is on point though,233,normal,0.9
QA5bHKZCGmo,bratayley,-0.20722657,low,I just lost one of my best friend a couple of minutes ago. I was crying nonstop. Then I watched you guys and I instantly felt happier. Thank you for cheering me up! It's been a rough day. Ilysm!,43,normal,0.9
QA5bHKZCGmo,bratayley,-0.20722657,low,You can see how Katie was more appreciative about receiving things than Annie. And mature .,15,normal,0.9
QA5bHKZCGmo,bratayley,-0.20722657,low,"Lately, if been missing Caleb more than I usually miss him. It feels like a piece of my heart is gone. He was so young, strong, funny, sweet, and caring. Most 13 year old boys aren't that perfect, expect for Caleb. No one in this entire world could replace such a sweet boy. I don't know but there was something that was different about him. He always would say the worlds weirdest thing ever, but that is what made him so special. We all miss our sweet Caleb so much. Rest in Paradise Caleb.",3,normal,0.9
QA5bHKZCGmo,bratayley,-0.20722657,low,"That handstand at 17:51, GOOD JOB HAYLEY! ROUND OF APPLAUSE TO YOU!! Hayley is doing so well with gymnastics! Congrats Annie on your meet!",9,timestamp,0.8
QA5bHKZCGmo,bratayley,-0.20722657,low,Awwww Hayley was wearing a necklace with a C on it #celebratelife 🆑,15,normal,0.9
QA5bHKZCGmo,bratayley,-0.20722657,low,I'm looking forward to the future vids where Annie is like 20 😊,109,normal,0.9
QA5bHKZCGmo,bratayley,-0.20722657,low,when Annie said bagel and cream cheese I played it so many times I was dyingggg,7,normal,0.9
Z4NSnKtFygY,bratayley,-0.26288092,low,"hayley=I like dying
mom=you like what???
hay=I'm dying
mom=your not dying
hay=im dying but im not dying
mom=annie,your sister dosent make any sense",20,normal,0.9
Z4NSnKtFygY,bratayley,-0.26288092,low,i'm not really dying i'm just dying lol classic hayley,65,normal,0.9
Z4NSnKtFygY,bratayley,-0.26288092,low,Was this in anyone else's recommended??😘😁And oh goodness Hayley you are special😂😂,17,normal,0.8
Z4NSnKtFygY,bratayley,-0.26288092,low,Watching in 2017!!! Its so crazy how much they have changed,12,normal,0.9
Z4NSnKtFygY,bratayley,-0.26288092,low,Wow! Ive been watching bratayley for 6 years!,3,normal,0.9
Z4NSnKtFygY,bratayley,-0.26288092,low,im watching this in 2017,8,normal,0.9
Z4NSnKtFygY,bratayley,-0.26288092,low,The vlogs won't b the same without serenity and nanny and grandpa!!!! :'( BYYYYEEEEE!!!!!,2,concern,0.7
Z4NSnKtFygY,bratayley,-0.26288092,low,I'm trying to watch  bratayley from the beginning,1,normal,0.9
Z4NSnKtFygY,bratayley,-0.26288092,low,awesome video,0,normal,0.9
Z4NSnKtFygY,bratayley,-0.26288092,low,Making my FIRST true friend!!!,0,normal,0.9
Z4NSnKtFygY,bratayley,-0.26288092,low,myyyyyyy full twist! :DD,0,normal,0.8
Z4NSnKtFygY,bratayley,-0.26288092,low,Everytime I watch your videos I am always over the 300 mark and now its at 117 so I'm so happy (im talking about views),0,normal,0.8
Z4NSnKtFygY,bratayley,-0.26288092,low,Probably on bars! I am close to my kip! And GREAT JOB ANNIE!!!!! I can't wait to watch your meets!!!,0,normal,0.8
Z4NSnKtFygY,bratayley,-0.26288092,low,I'm watching in 2017 🙂🙂,2,normal,0.9
Z4NSnKtFygY,bratayley,-0.26288092,low,AND,0,normal,0.5
Z4NSnKtFygY,bratayley,-0.26288092,low,Getting my over hand serve in volleyball,0,normal,0.8
Z4NSnKtFygY,bratayley,-0.26288092,low,Being nominated for poet of the year. :) ,0,normal,0.8
Z4NSnKtFygY,bratayley,-0.26288092,low,"MY ARIEL!!!
",0,normal,0.8
Z4NSnKtFygY,bratayley,-0.26288092,low,Bratayley helping out at the underground I use to go to.,0,normal,0.7
Z4NSnKtFygY,bratayley,-0.26288092,low,My full back end!!:))),0,normal,0.8
005OTIlVagc,brentrivera,0.45642453,high,EVERYONE LIKE THIS VIDEO !! LETS GET TO 400K LIKES :) WE CAN DO IT!!,1509,normal,0.9
005OTIlVagc,brentrivera,0.45642453,high,"Brent, its never too late to build something good and genuine.",180,normal,0.9
005OTIlVagc,brentrivera,0.45642453,high,its never too late to build something good and genuine,128,normal,0.9
005OTIlVagc,brentrivera,0.45642453,high,The one that you pulled on Liv was so good,12,normal,0.9
005OTIlVagc,brentrivera,0.45642453,high,Do the paste in your house,1,normal,0.7
005OTIlVagc,brentrivera,0.45642453,high,"Brent, its never too late to build something good and genuine",175,normal,0.9
005OTIlVagc,brentrivera,0.45642453,high,You had to take Caleb as the scientist 😂,6,normal,0.9
005OTIlVagc,brentrivera,0.45642453,high,It’s never too late to build something good and genuine,65,normal,0.9
005OTIlVagc,brentrivera,0.45642453,high,4:31 bens dance got me on the floor,23,timestamp,0.95
005OTIlVagc,brentrivera,0.45642453,high,The fact that the mariachi band followed her to the movie theater 😂,58,normal,0.9
005OTIlVagc,brentrivera,0.45642453,high,3:18  THATS MIKEY FROM DHARMANNNNNNNNNN,2,timestamp,0.95
005OTIlVagc,brentrivera,0.45642453,high,The hotel incident tho💀,63,normal,0.9
005OTIlVagc,brentrivera,0.45642453,high,6:00 about time to get epic 😂😂😂😂😂😂😂😂😂,8,timestamp,0.95
005OTIlVagc,brentrivera,0.45642453,high,"doing an experiment in pierson's house
Brent:  This is not your house, that is your REAL house.",18,normal,0.9
005OTIlVagc,brentrivera,0.45642453,high,Wow I think Lexi likes it 😂,1,normal,0.9
005OTIlVagc,brentrivera,0.45642453,high,1:52 OMFG,9,timestamp,0.95
005OTIlVagc,brentrivera,0.45642453,high,"Brent, its never too late to build somthing good and genuine",24,normal,0.9
005OTIlVagc,brentrivera,0.45642453,high,Funny vid I thought 💭 Pierson had that bronco car,5,normal,0.9
005OTIlVagc,brentrivera,0.45642453,high,MIKEY IS THAT U?,1,normal,0.8
005OTIlVagc,brentrivera,0.45642453,high,"Brent, it's never too late to build something good and genuine.",7,normal,0.9
zBamnxFYYd0,brentrivera,0.4208452,high,"this was so fun😍 always like picking on my sister😂 

smash the like button if you thought my pranks were DA BOMB💣",12496,normal,0.9
zBamnxFYYd0,brentrivera,0.4208452,high,Brice: wow you definitely look like a Bush...😂😂😂 I died out of laughter,342,normal,0.9
zBamnxFYYd0,brentrivera,0.4208452,high,Omg i know Sarah and Hero 😳 They performed in America’s got Talent,1855,normal,0.8
zBamnxFYYd0,brentrivera,0.4208452,high,"No one:

Literately no one:

Brent: we are gonna fill Lexis room with brooms",394,normal,0.9
zBamnxFYYd0,brentrivera,0.4208452,high,The way brent was ow ow ow so many times when Andrew was coming brents face was so funny 😆 and we love u brent your videos are super funny and awesome 👌,41,normal,0.9
zBamnxFYYd0,brentrivera,0.4208452,high,"No one:
Literally no one:
Mason: packs his bag bc of a spider


Edit:thnx for all the likes ur all amazing",659,normal,0.9
zBamnxFYYd0,brentrivera,0.4208452,high,"Everyone:


Literally everyone:


Mason when he sees a spider:",294,normal,0.9
zBamnxFYYd0,brentrivera,0.4208452,high,"Mason: *I'm going to a different country*
Me: *just because of a spider?*
      😂😂😂😂",318,normal,0.9
zBamnxFYYd0,brentrivera,0.4208452,high,The fact Brent tells Lexi not to freak out and she dose is just so funny,9,normal,0.9
zBamnxFYYd0,brentrivera,0.4208452,high,"*""Going to a different country!""*
A whole mood😂",161,normal,0.9
zBamnxFYYd0,brentrivera,0.4208452,high,"Brent: where are you going 
mason: TO A DIFFERENT COUNTRY !",236,normal,0.9
zBamnxFYYd0,brentrivera,0.4208452,high,Mason’s reaction to the spider is honestly a mood.,135,normal,0.9
zBamnxFYYd0,brentrivera,0.4208452,high,Imagine how funny it was to see Lexi and Brent fight over Brents room with the bathroom in it,8,normal,0.9
zBamnxFYYd0,brentrivera,0.4208452,high,"Is Mason actually leaving?!

Wait weren’t Sarah and Hero on “America’s Got Talent?”  Cause I loved their act on there!  Hero is just so adorable!

1 like = Loving Hero and Sarah",1870,normal,0.8
zBamnxFYYd0,brentrivera,0.4208452,high,"Andrews a fricking legend, he pulled the pencil out when no one else had the guts too.",415,normal,0.9
zBamnxFYYd0,brentrivera,0.4208452,high,I love when Brent put the pudding on Lexie’s hand and when she said “MOOOM” Brent told her it was pudding 😂,306,normal,0.9
zBamnxFYYd0,brentrivera,0.4208452,high,U need to prank Lexi that u have a buzz cut 😂,1,normal,0.9
zBamnxFYYd0,brentrivera,0.4208452,high,Mason is that one guy everyone wants to be friends with lmao,368,normal,0.9
zBamnxFYYd0,brentrivera,0.4208452,high,"Lexi: **sees Brent with a Pencil in his nose and freeks out**
Ben:**sees Brent with a pencil in his nose and doesn’t care**



*edit:* ty so much for all the likes 😊",451,normal,0.9
zBamnxFYYd0,brentrivera,0.4208452,high,"Last digit is who u are: 

0: Brent

1: Lexi

2:Ben

3: celeb

4: Andrew 

5: the mother

6: the father

7. Just a person, you may go now... 

8: a CRAZY FAN OMG I LOVE YOU!!!! 

9: the poor pencil "" in"" Brent's nose

Edit: I never got so many likes!",598,normal,0.8
a5nS4bBA1dk,brentrivera,0.40401426,high,"thanks for watching ❤️ I love you all so much :)

400k likes and we’ll show you some UNRELEASED footage😂😂",12281,normal,0.9
a5nS4bBA1dk,brentrivera,0.40401426,high,RELEASE THAT BIERSON CONTENT,16080,normal,0.8
a5nS4bBA1dk,brentrivera,0.40401426,high,THIS VIDEO WAS SOOOO GOOOD 😍🤯🤣,6602,normal,0.95
a5nS4bBA1dk,brentrivera,0.40401426,high,"13 year old : Are you ohkay?
Alan : 🖐🏻

Literally killed me🤣",91,normal,0.9
a5nS4bBA1dk,brentrivera,0.40401426,high,5:20 made me cry with laughter 😂,18,timestamp,0.95
a5nS4bBA1dk,brentrivera,0.40401426,high,So nobody's talking about how Jeremy kissed JJ so smoothly 😂😂,260,normal,0.85
a5nS4bBA1dk,brentrivera,0.40401426,high,Katie watching the Jeremy and Jimena part be like 👁👄👁,262,normal,0.85
a5nS4bBA1dk,brentrivera,0.40401426,high,"u have done very good things for your friends, and you are a nice person.  Keep it up homie 👍👍",20,normal,0.9
a5nS4bBA1dk,brentrivera,0.40401426,high,"Jeremy literally have crush on every single girl, and Brent is friend with all of them❤️😂",332,normal,0.85
a5nS4bBA1dk,brentrivera,0.40401426,high,"""I feel like the only dates that go on are the one with third wheels"" - Brent. PREACH",202,normal,0.85
a5nS4bBA1dk,brentrivera,0.40401426,high,I would NOT pick a fight with that 13 year old! 😮 or... any 13 year old for that matter 😅,2052,normal,0.9
a5nS4bBA1dk,brentrivera,0.40401426,high,5:14 I don't think hes OK,2,timestamp,0.95
a5nS4bBA1dk,brentrivera,0.40401426,high,"No one :
Absolutely no one :
Jeremy : new crush every week🤣🤣",229,normal,0.85
a5nS4bBA1dk,brentrivera,0.40401426,high,"Brent : My friend Jeremy has a little crush on Jimena Jimenez, 

He also has a crush on Charlie da melio, Katie sigmond, and all other female  tik tok stars",243,normal,0.85
a5nS4bBA1dk,brentrivera,0.40401426,high,can y’all just count how many crushes do Jeremy have.,306,normal,0.8
a5nS4bBA1dk,brentrivera,0.40401426,high,4:21 Jeremy’s face 😂🤣,4,timestamp,0.95
a5nS4bBA1dk,brentrivera,0.40401426,high,I feel like Brent and Pierson’s  relationship is slowly coming out to everyone,342,normal,0.8
a5nS4bBA1dk,brentrivera,0.40401426,high,Brent is the one who's always shipping people on the group but he can't even make a move with Pierson 😂,213,normal,0.8
a5nS4bBA1dk,brentrivera,0.40401426,high,"Ben sends Lexi out and then says ""oh the girls can stay""
Me: okay what? 😂😂",193,normal,0.85
a5nS4bBA1dk,brentrivera,0.40401426,high,Like it up we need to see Pearson and Brent,2,normal,0.85
X4YXxqCE_04,brentrivera,0.3668031,high,"if you're early, LIKE this video ❤ I'm replying back to you 🙂",4552,normal,0.95
X4YXxqCE_04,brentrivera,0.3668031,high,Aw my heart just melted when he tried to cheer Pierson and brings her things and also goes disney to make her happy❤️ he's such a nice guy and takes care of his friends so well this was a wholesome❤️This video just made by day🌼✨ You never fail to entertain us ❤️😊✨,3202,normal,0.95
X4YXxqCE_04,brentrivera,0.3668031,high,"The way brent brought pierson to disney land and brought here snacks made me cry, he's so kind and caring , he also knows exactly how to cheer somone up!",382,normal,0.95
X4YXxqCE_04,brentrivera,0.3668031,high,Aww Brent wanted the Kiss 🥺,227,normal,0.7
X4YXxqCE_04,brentrivera,0.3668031,high,To be honest Brent is actually kind of good at being a cheerleader,58,normal,0.9
X4YXxqCE_04,brentrivera,0.3668031,high,I love how Brent always is the nice friend and cheers everyone up.,421,normal,0.95
X4YXxqCE_04,brentrivera,0.3668031,high,"the cheering pierson up literally melted my hear, that's amazing brent🥺",20,normal,0.95
X4YXxqCE_04,brentrivera,0.3668031,high,Legend has it Andrew is still standing there in pain,16,normal,0.8
X4YXxqCE_04,brentrivera,0.3668031,high,Today my baby has died so pray for my baby,33,concern,0.9
X4YXxqCE_04,brentrivera,0.3668031,high,"Brent knows how to make our day better. The way he tried to cheer Pierson up was so wholesome 
Love from a fellow creator <3",129,normal,0.95
X4YXxqCE_04,brentrivera,0.3668031,high,"The way brent cheer up Pierson by bringing candy, flowers, something sweet, and Disney land😭😩🦋",189,normal,0.95
X4YXxqCE_04,brentrivera,0.3668031,high,I love how Brent cheers Pierson on they have so much energy together,45,normal,0.95
X4YXxqCE_04,brentrivera,0.3668031,high,When Ben got punched by zoey he can go 2ant to fitting zoey because he whole be done with the fitting 😂,1,normal,0.8
X4YXxqCE_04,brentrivera,0.3668031,high,The way he tried his best to cheer Pierson up 🥰,40,normal,0.95
X4YXxqCE_04,brentrivera,0.3668031,high,3:53 “let’s kiss instead”,13,timestamp,0.9
X4YXxqCE_04,brentrivera,0.3668031,high,Brierson's moment was the sweetest 🥺❤,11,normal,0.9
X4YXxqCE_04,brentrivera,0.3668031,high,When Jermany said zoey  fighting the final boss but is Jeremy fighting to find a boss  that is zoey,1,normal,0.8
X4YXxqCE_04,brentrivera,0.3668031,high,"Brent: cheers Pierson up
Also Brent: gets a boxer to fight other friends",113,normal,0.85
X4YXxqCE_04,brentrivera,0.3668031,high,I love how Brent when to Pierson's house and actually took her to disney land. I want a friend like him-,12,normal,0.95
X4YXxqCE_04,brentrivera,0.3668031,high,I love when Brent joins in the challenges 😂😂,21,normal,0.95
T4Cq3TjW3rY,brentrivera,0.35922027,high,thanks for watching :) love you guys!,17526,normal,0.9
T4Cq3TjW3rY,brentrivera,0.35922027,high,Fun fact: the”evil babysitter” is actually a Dhar Mann actor,3929,normal,0.8
T4Cq3TjW3rY,brentrivera,0.35922027,high,“I didn’t know the subject was flirting 101” hit hard😂😂😂,46,normal,0.7
T4Cq3TjW3rY,brentrivera,0.35922027,high,Sabrina looks like like the strict babysitter,3,normal,0.8
T4Cq3TjW3rY,brentrivera,0.35922027,high,"You should team up with Sssniperwolf and form the world's most unlikable ""power"" couple.",331,toxic,0.6
T4Cq3TjW3rY,brentrivera,0.35922027,high,"Nikki: talking to her boyfriend 
Drew: I didn’t know  this  was  flirting  101",247,normal,0.7
T4Cq3TjW3rY,brentrivera,0.35922027,high,0:19 that was sad😢,36,timestamp,0.9
T4Cq3TjW3rY,brentrivera,0.35922027,high,Fun fact: she used the same insult “ i’m not afraid to use the video of you guys beating me up with pillows,7,normal,0.7
T4Cq3TjW3rY,brentrivera,0.35922027,high,Babysitters can get the best of the worst of both parties,42,normal,0.7
T4Cq3TjW3rY,brentrivera,0.35922027,high,"The kids evil babysitter is more evil than evil kids, bro.",24,normal,0.8
T4Cq3TjW3rY,brentrivera,0.35922027,high,"Every like I get,I will adopt a puppy!!!!",2103,normal,0.9
T4Cq3TjW3rY,brentrivera,0.35922027,high,I am so proud of you guys for exposing the evil babysitter.,7,normal,0.8
T4Cq3TjW3rY,brentrivera,0.35922027,high,"Fun Fact: 
Nikki is a Dhar Mann and Smile Squad actor",434,normal,0.8
T4Cq3TjW3rY,brentrivera,0.35922027,high,Not that the “evil” babysitter is one of the kindest characters on dhar mann,143,normal,0.8
T4Cq3TjW3rY,brentrivera,0.35922027,high,Do world strictest babysitter versus most spoiled kids,152,normal,0.7
T4Cq3TjW3rY,brentrivera,0.35922027,high,Maybe try evil kids vs evil babysitters?,2,normal,0.7
T4Cq3TjW3rY,brentrivera,0.35922027,high,Can you do a video most evil kids vs most evil babysitter,145,normal,0.7
T4Cq3TjW3rY,brentrivera,0.35922027,high,"Nikki : talking to her boyfriend
drew: I did not know this was flirting 101 😂😂😂",178,normal,0.7
T4Cq3TjW3rY,brentrivera,0.35922027,high,This evil babysitter played nice character in Dhar Mann videos but in reality she is evil,70,normal,0.7
T4Cq3TjW3rY,brentrivera,0.35922027,high,"14:43 bro, putting a camera inside a CHILDS room is far illegal",15,concern,0.95
glND9o2pmO8,brentrivera,0.35867116,high,STOP SLIMING ME 😭,23105,normal,0.9
glND9o2pmO8,brentrivera,0.35867116,high,Brent Rivera The Zebra King. He raises Zebras now.,2288,normal,0.9
glND9o2pmO8,brentrivera,0.35867116,high,"""Do I like Twan or Brent this Week?"" 😂 That one was so Good and DONE 👍🏼",33,normal,0.9
glND9o2pmO8,brentrivera,0.35867116,high,I like how they all get along,33,normal,0.9
glND9o2pmO8,brentrivera,0.35867116,high,Feeling first with 1000 others 😂,1934,normal,0.8
glND9o2pmO8,brentrivera,0.35867116,high,"Done ✅
Impersonating Pierson was on another level 😂",24,normal,0.9
glND9o2pmO8,brentrivera,0.35867116,high,"Everybody: OMG is that a zebra??


Ben: I never thought these existed.",160,normal,0.9
glND9o2pmO8,brentrivera,0.35867116,high,Pantsing Jeremy was so funny 😂,10,normal,0.9
glND9o2pmO8,brentrivera,0.35867116,high,"Brent as Pierson 
Drops all of the drinks  “oh clumsy me!😅”",41,normal,0.9
glND9o2pmO8,brentrivera,0.35867116,high,"Jeremy: is that a zebra?
Zebra: no i'm a donkey",30,normal,0.9
glND9o2pmO8,brentrivera,0.35867116,high,"All of them:""IS THAT A ZEBRA?!"" Me:no it's a chicken-_-",145,normal,0.9
glND9o2pmO8,brentrivera,0.35867116,high,0:56 WHAT DO YOU THINK IT IS😂😂😂😂,6,timestamp,0.9
glND9o2pmO8,brentrivera,0.35867116,high,"Nobody:
Literally nobody:
Brent impersonating Pierson: do i like Twan or Brent this week?

He's jealous.",158,normal,0.9
glND9o2pmO8,brentrivera,0.35867116,high,"""Done"" also impersonating Pierson was the best part",14,normal,0.9
glND9o2pmO8,brentrivera,0.35867116,high,“Hm do I like Twan or Brent this week”😂,18,normal,0.9
glND9o2pmO8,brentrivera,0.35867116,high,1:00 HAHAHAHAHAHAH😂,1,timestamp,0.9
glND9o2pmO8,brentrivera,0.35867116,high,They r all like” is that a zebra?” Like no it’s a giraffe. 😂,26,normal,0.9
glND9o2pmO8,brentrivera,0.35867116,high,"Everyone: Is that a zebra? 

Zebra: where the Heck did you study at?",26,normal,0.9
glND9o2pmO8,brentrivera,0.35867116,high,"Done!!
0:12 Lexi's reaction was priceless.",15,timestamp,0.9
glND9o2pmO8,brentrivera,0.35867116,high,"pierson: ""i was about to say that you were a good kisser"" 
brent: ""😮😮""",19,concern,0.7
RI90w4gRPug,brentrivera,0.3523667,high,these kids are crazy!! hahaha,18491,normal,0.95
RI90w4gRPug,brentrivera,0.3523667,high,7:52 every dad in existence,119,timestamp,0.9
RI90w4gRPug,brentrivera,0.3523667,high,"“cut my life into pieces” looking ahh 0:23

2:00 npc looking ahh",129,timestamp,0.9
RI90w4gRPug,brentrivera,0.3523667,high,11:21 OMG IS THE MILLATARY SCHOOL WHEN FERRAN GOES TO MILLATARY STICKEST SCHOOL OMGGG,153,timestamp,0.85
RI90w4gRPug,brentrivera,0.3523667,high,Who is watching in 2026😊,3,normal,0.9
RI90w4gRPug,brentrivera,0.3523667,high,14:22 This kid broke character,91,timestamp,0.9
RI90w4gRPug,brentrivera,0.3523667,high,You should do the nicest kids for 24 hours!!!🥰,347,normal,0.95
RI90w4gRPug,brentrivera,0.3523667,high,P. DIDDY!? NAHH MAN BRO BETTER NOT DROP THE SOAP. 14:52,137,toxic,0.8
RI90w4gRPug,brentrivera,0.3523667,high,"22:22 I'd tell my mom ""Mom, can I leave?"" ""I hate my brother.""",2,normal,0.9
RI90w4gRPug,brentrivera,0.3523667,high,23:45 i wasn’t expecting that 😂,97,normal,0.9
RI90w4gRPug,brentrivera,0.3523667,high,6:23 gurl just chilling while her classmate cutting her hair,109,normal,0.9
RI90w4gRPug,brentrivera,0.3523667,high,I thought the most strict teacher the most angriest,21,normal,0.9
RI90w4gRPug,brentrivera,0.3523667,high,"If I was in this video, I would never mess with Scarlet. Her anger is so uncontrollable that it scares a 20 year old boy like me. Also, nice ABCDEFGHIJ 
KLMNOPQRST 
UVWXYZ poster and the 1 to 10 poster that Mrs Harshman pasted on the class walls of Iron Will Academy.",2,normal,0.9
RI90w4gRPug,brentrivera,0.3523667,high,3:10 she slammed the door just like I'mma slam her to the floor,20,toxic,0.85
RI90w4gRPug,brentrivera,0.3523667,high,6:39 my hair😭😭,29,normal,0.9
RI90w4gRPug,brentrivera,0.3523667,high,5:28 AnD DoM FoR SoMe ReAsOn got me!!😂😂😂,54,normal,0.9
RI90w4gRPug,brentrivera,0.3523667,high,The first kid feels like she could be good at science,3,normal,0.9
RI90w4gRPug,brentrivera,0.3523667,high,"It's the parents fault tho... If I forget to do the dishes at my house, I get grounded for at least a month",282,concern,0.85
RI90w4gRPug,brentrivera,0.3523667,high,He could just open it the cell door the gaurd did not lock it lol 16:12,21,timestamp,0.9
RI90w4gRPug,brentrivera,0.3523667,high,3:40 I foreshadowed this,24,timestamp,0.9
AAi0h0nKb8Q,brentrivera,0.35212535,high,I love how hard he is trying to expose *himself*,7655,inappropriate,0.9
AAi0h0nKb8Q,brentrivera,0.35212535,high,"“I found my iPhone 6”

Pulls out an iPhone 7",934,normal,0.8
AAi0h0nKb8Q,brentrivera,0.35212535,high,"""Goodnight cutie pie;)""
""Goodnight daddy""that got me there😂😂",118,normal,0.7
AAi0h0nKb8Q,brentrivera,0.35212535,high,"The texts ""goodnight daddy"" and ""goodnight cutie pie"" got me rollin💀💀",905,normal,0.7
AAi0h0nKb8Q,brentrivera,0.35212535,high,"""Good night daddy""

Me:AYO WHAT THE FU-",842,normal,0.7
AAi0h0nKb8Q,brentrivera,0.35212535,high,"""Goodnight daddy""
It was enough time of YouTube anyways",1086,normal,0.7
AAi0h0nKb8Q,brentrivera,0.35212535,high,"“goodnight cutie pie”
“goodnight daddy”
    


         No way he let that slide tho 💀 💀 😂😂",114,normal,0.7
AAi0h0nKb8Q,brentrivera,0.35212535,high,I couldn't imagine how excited he was to expose his sister texts,843,normal,0.6
AAi0h0nKb8Q,brentrivera,0.35212535,high,"""Goodnight daddy"" HOLD UP WAIT A DAM-",304,normal,0.7
AAi0h0nKb8Q,brentrivera,0.35212535,high,"“Good night daddy”
*Welp time to log off*",271,normal,0.7
AAi0h0nKb8Q,brentrivera,0.35212535,high,no way i just looked through my old phone today,1,normal,0.8
AAi0h0nKb8Q,brentrivera,0.35212535,high,"""good night daddy""know wait a damn minut",432,normal,0.7
AAi0h0nKb8Q,brentrivera,0.35212535,high,Is no one gonna talk about how it says: “goodnight daddy”,981,normal,0.7
AAi0h0nKb8Q,brentrivera,0.35212535,high,I love how he's trying to expose his own self Lol,202,inappropriate,0.9
AAi0h0nKb8Q,brentrivera,0.35212535,high,What actually surprised me was that he had what makes you beautiful going on in the background,15,normal,0.8
AAi0h0nKb8Q,brentrivera,0.35212535,high,"""My old Iphone 6""

Me: Still has a iphone 5:(",511,normal,0.7
AAi0h0nKb8Q,brentrivera,0.35212535,high,I love how he was trying to expose himself 😁,129,inappropriate,0.9
AAi0h0nKb8Q,brentrivera,0.35212535,high,"“Goodnight daddy”
AYO WHAT TH-",364,normal,0.7
AAi0h0nKb8Q,brentrivera,0.35212535,high,"""goodnight cutie pie""💀",1,normal,0.7
AAi0h0nKb8Q,brentrivera,0.35212535,high,"Brent: iPhone 6
The iPhone 7: “I don’t think so”",91,normal,0.8
QvHMvL3c1lc,brentrivera,0.34771687,high,I hope you guys like this one!! <3 love you!,3162,normal,0.95
QvHMvL3c1lc,brentrivera,0.34771687,high,I love how Lexi wakes up with full face of makeup and perfect hair.,607,normal,0.9
QvHMvL3c1lc,brentrivera,0.34771687,high,my chest still hurts 😢,1849,normal,0.8
QvHMvL3c1lc,brentrivera,0.34771687,high,In the Philippines! 11:46,2,timestamp,0.9
QvHMvL3c1lc,brentrivera,0.34771687,high,i love how brent never fails to be a snob irl,227,toxic,0.85
QvHMvL3c1lc,brentrivera,0.34771687,high,having mason back and bringing back our OG style is just amazing and this is what we want in your videos. Love you brent,140,normal,0.9
QvHMvL3c1lc,brentrivera,0.34771687,high,clackers were literally such a trend here just months ago(philippines),25,normal,0.85
QvHMvL3c1lc,brentrivera,0.34771687,high,9:57 thise were lato lato we use to play theme in philipines wheb we were kids,2,timestamp,0.9
QvHMvL3c1lc,brentrivera,0.34771687,high,"My grandma gave me a mini microwave, but I didn't use it because I new it was dangerous. But I dont have it anymore so Im good!!",8,normal,0.85
QvHMvL3c1lc,brentrivera,0.34771687,high,Brent never fails at kissing his sister,5,inappropriate,0.9
QvHMvL3c1lc,brentrivera,0.34771687,high,I loved the part where dom says Im barbie😂😂😂😂,14,normal,0.9
QvHMvL3c1lc,brentrivera,0.34771687,high,America is my country. You should go there cause I’m your biggest fan. I’m so excited for you guys to pick America. Yay woo hoo.❤❤❤❤❤❤❤❤❤❤❤❤❤❤❤,9,normal,0.85
QvHMvL3c1lc,brentrivera,0.34771687,high,It’s so good to have mason back!! That’s great. I’m so happy I thought he left amp world,23,normal,0.9
QvHMvL3c1lc,brentrivera,0.34771687,high,The antenna of the cotton candy alien sticking to the roof of the car was a moment,5,normal,0.85
QvHMvL3c1lc,brentrivera,0.34771687,high,It’s beautiful that you made their dreams. Come true. I love this.,11,normal,0.9
QvHMvL3c1lc,brentrivera,0.34771687,high,I was waiting for the kiss! 3:41,2,timestamp,0.9
QvHMvL3c1lc,brentrivera,0.34771687,high,Who else notices how Jeremy touches his hair every second especially in front of Lexi,9,normal,0.85
QvHMvL3c1lc,brentrivera,0.34771687,high,Why does Dom keep getting injured in this video?!🤦🏻‍♀️😂,53,normal,0.9
QvHMvL3c1lc,brentrivera,0.34771687,high,hi i been watching your vids since when i was 5 years old😊 now I'm 10 and yes i'm also are filipino fan i hope you have a good day,11,normal,0.9
QvHMvL3c1lc,brentrivera,0.34771687,high,1:38 “holy craaa”,5,timestamp,0.9
SLyT-Y8_kwc,brentrivera,0.34619653,high,thank you guys for watching :) make sure you're subscribed to be in the next video <3,8168,normal,0.95
SLyT-Y8_kwc,brentrivera,0.34619653,high,THE HOTEL 🔥🔥🔥,8303,normal,0.9
SLyT-Y8_kwc,brentrivera,0.34619653,high,Like if you love your dad,4511,normal,0.9
SLyT-Y8_kwc,brentrivera,0.34619653,high,It has 1 million likes so Brent come on,1,normal,0.85
SLyT-Y8_kwc,brentrivera,0.34619653,high,Lexi and Andrew were made for each other They have great chemistry and are funny and hilarious together LANDREW ❤,844,normal,0.9
SLyT-Y8_kwc,brentrivera,0.34619653,high,"Whoever’s reading this, I pray that whatever your going through gets better and whatever your struggling with or worrying bout is going to be fine and that everyone has a fantastic day! Amenn",358,normal,0.9
SLyT-Y8_kwc,brentrivera,0.34619653,high,"if you are here for the premiere, LIKE this video ❤ for a dm ❤",1401,normal,0.7
SLyT-Y8_kwc,brentrivera,0.34619653,high,Took me 2 years to realise the spoilded girl is gia rose from rock squad 😂😂,104,normal,0.85
SLyT-Y8_kwc,brentrivera,0.34619653,high,Can we just agree how crazy Andrew just shoved all those waters across the table 😂 I was laughing so hard I couldn’t even breathe 😂😂😂😂😂,453,normal,0.9
SLyT-Y8_kwc,brentrivera,0.34619653,high,"Brent---laughing through out the video 
Andrew and Lexi--saying yes and suffering",242,normal,0.85
SLyT-Y8_kwc,brentrivera,0.34619653,high,"It's so funny the way Andrew and Lexi behave like Brent and Pierson and they both say they are not dating 
Such irony😂😂😂",110,normal,0.9
SLyT-Y8_kwc,brentrivera,0.34619653,high,what Andrew did at the end when time was up is what I’ve wanted to do the whole time I was watching the vid lmao 😂💀,122,normal,0.9
SLyT-Y8_kwc,brentrivera,0.34619653,high,"I'm so sorry Andrew 😂😂
He had high hopes 😭😂",170,normal,0.9
SLyT-Y8_kwc,brentrivera,0.34619653,high,Gia is sooo good at being spoiled 0:02 edit: if you don’t know who she is she’s from the rock squad just for the people who don’t know who she is,17,timestamp,0.8
SLyT-Y8_kwc,brentrivera,0.34619653,high,"It’s insane that Brent basically risks his life to entertain his subscribes, we love you Brent ❤️",103,normal,0.9
SLyT-Y8_kwc,brentrivera,0.34619653,high,Lexi and Andrew handling their future kids be like😂,35,normal,0.9
SLyT-Y8_kwc,brentrivera,0.34619653,high,Andrew and Lexi are like a mom and dad for the spoiled kids,82,normal,0.9
SLyT-Y8_kwc,brentrivera,0.34619653,high,Brent has to do it😊,6,normal,0.9
SLyT-Y8_kwc,brentrivera,0.34619653,high,"when Brent asked 'whose room is gonna be this' and Andrew immediately said ""MINE AND LEXIS, just don't come in at night..""",71,normal,0.85
SLyT-Y8_kwc,brentrivera,0.34619653,high,"Andrew And Lexi Were Like Parents To Them😂
Tysm For 40 Likes!
Tysm for 50 likes!",91,normal,0.85
0u0rVkDgEqU,brentrivera,0.34426883,high,The guy who sounded like Shawn Mendes has got talent.,2263,normal,0.9
0u0rVkDgEqU,brentrivera,0.34426883,high,I love how Brent dosent just do one thing in one video he dose lots of different this aswell as what the title said,5098,normal,0.9
0u0rVkDgEqU,brentrivera,0.34426883,high,"Brent: sister “boyfriend”
Lexi and ben: “crush”",443,normal,0.8
0u0rVkDgEqU,brentrivera,0.34426883,high,"brent see’s someone who can sing in the street...
brent: “get in the car”",355,normal,0.9
0u0rVkDgEqU,brentrivera,0.34426883,high,"ben : hangs out with lexi

brent : ""nah i hate that, gonna arrest him""

brent : siKeeEe",668,normal,0.8
0u0rVkDgEqU,brentrivera,0.34426883,high,"""Get in the car get in the car"" 
The random person: ok *gets in the car""",256,normal,0.9
0u0rVkDgEqU,brentrivera,0.34426883,high,"Brent: You sound like Shawn Mendes 








*Get in the car.*",2130,normal,0.7
0u0rVkDgEqU,brentrivera,0.34426883,high,Ben looked like he was about to start crying 🤣😔,423,normal,0.9
0u0rVkDgEqU,brentrivera,0.34426883,high,"Lol OMG 4:46 “Ok Ben what did u learn from this”
“Honestly to not be friends with Brent” HAHA

Edit: omg thank you so much for about 300 likes!! :)",297,timestamp,0.9
0u0rVkDgEqU,brentrivera,0.34426883,high,"The disappointment everyone had when they saw Khyl, is the same disappointment people have when 
I enter a room.",1119,toxic,0.7
0u0rVkDgEqU,brentrivera,0.34426883,high,"Ben: *getting arrested
Brent: *this is what he gets for dating my sister*

Me:



👏👏👏👏👏👏👏👏👏👏👏👏👏",565,normal,0.8
0u0rVkDgEqU,brentrivera,0.34426883,high,"So what if he's not shawn mendes,he sings so amazing! They should've appreciated his voice more,if I were there I would become his fan :3",479,normal,0.9
0u0rVkDgEqU,brentrivera,0.34426883,high,Kyle should be on America's got talent like this if you agree,718,normal,0.9
0u0rVkDgEqU,brentrivera,0.34426883,high,"Brent: “get in the car” 

me: that guy just got into a car like yeet",511,normal,0.9
0u0rVkDgEqU,brentrivera,0.34426883,high,The guy who sounded like Shawn Mendes should be in America's Got Talent,752,normal,0.9
0u0rVkDgEqU,brentrivera,0.34426883,high,"2:39 who noticed that brent raised his hand towards ANDREW to give a hi-five, but andrew did not",199,timestamp,0.9
0u0rVkDgEqU,brentrivera,0.34426883,high,"Brent: "" This is what he gets for dating my sister"" 
Me: "" Oh my god did he just confirm it""",1212,normal,0.8
0u0rVkDgEqU,brentrivera,0.34426883,high,"Brent: sister's boyfriend
  Lexi: crush
     🤔",315,normal,0.8
0u0rVkDgEqU,brentrivera,0.34426883,high,"“The is what he gets for dating my sister” 
What a Moody and over protective brother.... fake arresting him 😂",245,normal,0.9
0u0rVkDgEqU,brentrivera,0.34426883,high,"Brent - So what did learn from this (expecting he would say to not hang out with Lexi)
Ben - Umm to not be friends with you",43,normal,0.9
cIXx8FlGJUI,brentrivera,0.33557916,high,thanks for watching :) love you guys <3,18552,normal,0.95
cIXx8FlGJUI,brentrivera,0.33557916,high,The way Dom jumped into the pool. That’s like a dumb way to jump in the pool.😂😂😂😂😂😂,255,toxic,0.8
cIXx8FlGJUI,brentrivera,0.33557916,high,Bring back the most evil kid and the most evil babysitter to meet each other,242,normal,0.7
cIXx8FlGJUI,brentrivera,0.33557916,high,"19:48 That ""I'll miss you so much"" was in quotes, hahaha",5,timestamp,0.9
cIXx8FlGJUI,brentrivera,0.33557916,high,Brent should exposing the world most strict parents,267,concern,0.85
cIXx8FlGJUI,brentrivera,0.33557916,high,"4:12 ""what are you feeling""
""Im an idiot sandwich 😭""",281,timestamp,0.9
cIXx8FlGJUI,brentrivera,0.33557916,high,13:18  Drew was so scared he just naturally decided to drop his ice cream lol😂😂😂😂😂😂😂😂😂(omg tysm for 203  likes I have never had anymore 😭),255,timestamp,0.9
cIXx8FlGJUI,brentrivera,0.33557916,high,Meredith the second babysitter she looks like joy from Kevin Lang show,11,normal,0.8
cIXx8FlGJUI,brentrivera,0.33557916,high,16:53   when he had a clean her dentures😂💀,215,timestamp,0.9
cIXx8FlGJUI,brentrivera,0.33557916,high,The mom in the second babysitter being a Dhar man actor is crazy 😮,284,normal,0.7
cIXx8FlGJUI,brentrivera,0.33557916,high,7:10 The way Dom jumped into the pool. That`s like a dumb way to jump in the pool.😂😂😂😂😂😂,140,timestamp,0.9
cIXx8FlGJUI,brentrivera,0.33557916,high,“I think there is mustard in my hair” had me rolling😂😂😂😂😂😂😂😂😂,1,normal,0.85
cIXx8FlGJUI,brentrivera,0.33557916,high,5:58 THE WAY HE SMACKED GWEN WITH THE PILLOW 😂😂😂,99,normal,0.85
cIXx8FlGJUI,brentrivera,0.33557916,high,Today is my first day on YouTube I always watched on tiktok plz let me get likes 😊,325,normal,0.7
cIXx8FlGJUI,brentrivera,0.33557916,high,God job exposing evil babysitters,285,concern,0.85
cIXx8FlGJUI,brentrivera,0.33557916,high,When that first babysitter said that the girl is a idiot sandwich reminds me of Gordon Ramsay😂😂😅😊😮❤,0,normal,0.8
cIXx8FlGJUI,brentrivera,0.33557916,high,"It’s so funny when everyone calls Drew, Bellfart 😂😂",208,toxic,0.75
cIXx8FlGJUI,brentrivera,0.33557916,high,23:20 Dom really got insulted in 69 ways 💀,206,timestamp,0.9
cIXx8FlGJUI,brentrivera,0.33557916,high,"""Yeah I'm gonna dead Bolt it""Wise words....",400,normal,0.7
cIXx8FlGJUI,brentrivera,0.33557916,high,8:41 Haha...,0,timestamp,0.9
bAf-2cI6D8Q,brentrivera,0.3354578,high,"if you're here early, give this video a LIKE and comment ! :)",11740,normal,0.95
bAf-2cI6D8Q,brentrivera,0.3354578,high,Boom. Roasted.,14520,toxic,0.7
bAf-2cI6D8Q,brentrivera,0.3354578,high,oh i have MORE than enough roasts for “the brent roast”,7945,toxic,0.7
bAf-2cI6D8Q,brentrivera,0.3354578,high,There should be a Guinness world record for this lol,1288,normal,0.9
bAf-2cI6D8Q,brentrivera,0.3354578,high,"Brent - pranking lexi
Lexi - pissed off
Brent - this proves how bad lexi is at driving 😂😂😂",203,toxic,0.8
bAf-2cI6D8Q,brentrivera,0.3354578,high,1:48 HEYYYYY SISTERSSSSSS😆😆😆,1,timestamp,0.95
bAf-2cI6D8Q,brentrivera,0.3354578,high,Whenever the squad sees jay they already know what’s gonna happen 😂,806,normal,0.9
bAf-2cI6D8Q,brentrivera,0.3354578,high,"1:27 The fact that Brent looks at his wrist for a ""clock"" LOL",163,timestamp,0.95
bAf-2cI6D8Q,brentrivera,0.3354578,high,I’m too good with my hands,677,inappropriate,0.6
bAf-2cI6D8Q,brentrivera,0.3354578,high,Can we allay this issue with,1,normal,0.7
bAf-2cI6D8Q,brentrivera,0.3354578,high,"james is literally just ""OH DRAMA, I LIVE FOR THIS, FIGHT FIGHT FIGHT""",429,normal,0.8
bAf-2cI6D8Q,brentrivera,0.3354578,high,Can we all appreciate the hard work that Brent puts in his videos to make them entertaining,1166,normal,0.9
bAf-2cI6D8Q,brentrivera,0.3354578,high,"Ben: ' you can't have any real celebrities in your vids'
Brent: shows him that he can have celebrities in his vids
😂😂this cracks me up",111,normal,0.9
bAf-2cI6D8Q,brentrivera,0.3354578,high,“Hello sisters “ 😂😂😂,2,normal,0.9
bAf-2cI6D8Q,brentrivera,0.3354578,high,"Lexi: “Are you gonna continue giving me attitude?”
James: *Ghasp*😮",188,normal,0.9
bAf-2cI6D8Q,brentrivera,0.3354578,high,"James literally said ""I was literally living for it I was like Yes fight let's go"" lmfao",141,normal,0.9
bAf-2cI6D8Q,brentrivera,0.3354578,high,The fact that Ben sees you and says “oh no” because he knows something is gonna happen 😂,232,normal,0.9
bAf-2cI6D8Q,brentrivera,0.3354578,high,"James living for the drama is such a mood
""Oh, my god. Yes. fight! LET'S GO""",72,normal,0.9
bAf-2cI6D8Q,brentrivera,0.3354578,high,"No one:
Brent and lexi: arguing like normal siblings
James charles: ""get the popcorn sister's this is about to be good"" 😏",140,normal,0.9
bAf-2cI6D8Q,brentrivera,0.3354578,high,"James is just like: ""sisters, don't act like this when there's an icon here""",206,normal,0.9
UzrLCAxMgIw,brentrivera,0.33203736,high,hey :) thanks for watching 💕,12706,normal,0.9
UzrLCAxMgIw,brentrivera,0.33203736,high,thanks for the new car 😊,10842,normal,0.9
UzrLCAxMgIw,brentrivera,0.33203736,high,If that exploded in my room I would ☠️,6489,normal,0.8
UzrLCAxMgIw,brentrivera,0.33203736,high,sorry for scaring you so much lexi😭,6999,normal,0.9
UzrLCAxMgIw,brentrivera,0.33203736,high,Who in 2024😊,19,normal,0.9
UzrLCAxMgIw,brentrivera,0.33203736,high,I laughed on purpose 🤫,3796,normal,0.9
UzrLCAxMgIw,brentrivera,0.33203736,high,Lexi fans 👇,3,normal,0.8
UzrLCAxMgIw,brentrivera,0.33203736,high,"""How did andrew's spit taste?""

*""wouldn't be the first time she tasted it!""* lmaooo I'm dead",524,inappropriate,0.95
UzrLCAxMgIw,brentrivera,0.33203736,high,"At the start in the back when Lexi was in the back, she was so pretty with the glasses and like green. It really is good on you, Lexi.",2,normal,0.9
UzrLCAxMgIw,brentrivera,0.33203736,high,"Things Brent promised to film:
1) Moving in with Pierson for 24 hours
2) Brent and Pierson becoming parents for 24 hours
3) What happened in Las Vegas
4) What happened in Paris 
5) Release the juicy footage of him and Pierson",313,normal,0.9
UzrLCAxMgIw,brentrivera,0.33203736,high,😳😳😳,1212,normal,0.7
UzrLCAxMgIw,brentrivera,0.33203736,high,"Today is ""Raksha Bandhan "" a festival we celebrate for siblings...We tie a small rope in our brother's wrists so that our bond gets stronger and so that they can protect each other in times, I Pray and hope for your and Alexa's bond to get sweeter and stronger every day....but I don't think I need to pray for you guys to protect each other after I each how overprotective Brent is for ALEXA.....",584,normal,0.9
UzrLCAxMgIw,brentrivera,0.33203736,high,Who else loves that Brent does many things in his videos?,876,normal,0.9
UzrLCAxMgIw,brentrivera,0.33203736,high,Hi Alan,1,normal,0.9
UzrLCAxMgIw,brentrivera,0.33203736,high,"**Things Brent promised to film**
-him and Pierson becoming parents for 24 hours
-moving in with Pierson for 24 hours
Spilling Vegas tea
-spilling Paris tea
Please repeat so Brent see this",118,normal,0.9
UzrLCAxMgIw,brentrivera,0.33203736,high,"Brent (to Lexi): ""how did Andrew's spit taste?""
Ben: ""wouldn't be the first time she tasted it""
😳",235,inappropriate,0.95
UzrLCAxMgIw,brentrivera,0.33203736,high,"1:39 
Brent: how did andrew's spit taste?
Ben: wouldn't be the first time she tasted it
M E G A S U S",321,timestamp,0.95
UzrLCAxMgIw,brentrivera,0.33203736,high,"Done.

Things Brent promised to film
-him and Pierson becoming parents for 24 hours
-moving in with Pierson for 24 hours
Spilling Vegas tea
-spilling Paris tea
Please repeat so Brent see this",80,normal,0.9
UzrLCAxMgIw,brentrivera,0.33203736,high,Hi ben,1,normal,0.9
UzrLCAxMgIw,brentrivera,0.33203736,high,It’s at 400k likes that means that Pierson gets to scare him for 24 hours 😂,1044,normal,0.9
L0FjG-GvVs0,brentrivera,0.32053474,high,"IF YOU'RE EARLY, LIKE THE VIDEO, THEN COMMENT DONE!! ❤ ❤",7211,normal,0.9
L0FjG-GvVs0,brentrivera,0.32053474,high,i gotta gym more 😳,3493,normal,0.8
L0FjG-GvVs0,brentrivera,0.32053474,high,I’m impressed with Drew ! How did he learn to do all of that?,2231,normal,0.9
L0FjG-GvVs0,brentrivera,0.32053474,high,I’m ❤like ing that,1,normal,0.9
L0FjG-GvVs0,brentrivera,0.32053474,high,"It’s unbelievable how many talented kids there are out there. Children these days are really tough and they really want a great future. Ben was actually quite good too, I’m not saying he’s bad. I would never have the courage to jump in the pool like that. Thanks for this entertaining video!",792,normal,0.7
L0FjG-GvVs0,brentrivera,0.32053474,high,"we’re all so happy mason’s back, after a few years. we all missed him so much!!",85,normal,0.9
L0FjG-GvVs0,brentrivera,0.32053474,high,"6:46  No way, they met Blaze who must be 13 now like someone else I know of.",7,timestamp,0.8
L0FjG-GvVs0,brentrivera,0.32053474,high,6:35 Andrew did so bad that they didn’t put the footage of him attempting the dives into the video,25,timestamp,0.8
L0FjG-GvVs0,brentrivera,0.32053474,high,"I’m actually really impressed with Drew’s skills,he did really good on the swimming one.",269,normal,0.9
L0FjG-GvVs0,brentrivera,0.32053474,high,I wish I had Drew’s courage and confidence to do tricks. He literally never flipped before and did It first time.💛,231,normal,0.9
L0FjG-GvVs0,brentrivera,0.32053474,high,67 likes 👍🏽 😂,2,normal,0.7
L0FjG-GvVs0,brentrivera,0.32053474,high,I can’t believe drew almost did it correctly😊🤪,46,normal,0.9
L0FjG-GvVs0,brentrivera,0.32053474,high,Drew is talented! He did quite good in all the challenges! Impressive 👀🔥,289,normal,0.9
L0FjG-GvVs0,brentrivera,0.32053474,high,6:40 blaze best one!!!,9,timestamp,0.8
L0FjG-GvVs0,brentrivera,0.32053474,high,6:41 tbh he looks like a little king von in my opinion,1,normal,0.7
L0FjG-GvVs0,brentrivera,0.32053474,high,1:37 did lexi cracked her back so hard😨😨,23,timestamp,0.8
L0FjG-GvVs0,brentrivera,0.32053474,high,"Done : This was really cool to watch, because I do contortion like Emerald, and I just broke my foot, so it was really awesome to be reminded of what I love!❤",35,normal,0.9
L0FjG-GvVs0,brentrivera,0.32053474,high,4:09  DANG HE KNOWS HOW TO FLIP,16,timestamp,0.8
L0FjG-GvVs0,brentrivera,0.32053474,high,"LOL! One thing is clear, Jeremy Actually goes to gym😂😂",9,normal,0.9
L0FjG-GvVs0,brentrivera,0.32053474,high,I love the way he didn't bother blurring the lisence plate on 9:05,26,timestamp,0.8
6SWaavcLcg0,brentrivera,0.32040972,high,"if you're here early, LIKE THE VIDEO ❤",3891,normal,0.95
6SWaavcLcg0,brentrivera,0.32040972,high,"Dexter is so cute 🥰 
👇",11,normal,0.95
6SWaavcLcg0,brentrivera,0.32040972,high,Dexter's reaction was hilarious when he tasted that morning smoothie 😂😂,636,normal,0.95
6SWaavcLcg0,brentrivera,0.32040972,high,Dexter is so cute❤❤❤❤❤,3,normal,0.95
6SWaavcLcg0,brentrivera,0.32040972,high,FIRST COMMENT 🤫😅😃,667,normal,0.9
6SWaavcLcg0,brentrivera,0.32040972,high,"Just finished my exams and hopped right on I didn't even breath
That's how addicting Brent's videos are!",48,normal,0.9
6SWaavcLcg0,brentrivera,0.32040972,high,Dexter‘s face when he drank it a smoothie it’s hilarious,24,normal,0.95
6SWaavcLcg0,brentrivera,0.32040972,high,Ha ha ha ha,1,normal,0.9
6SWaavcLcg0,brentrivera,0.32040972,high,Can we just appreciate how Brent cares about others relationship’s than his own,148,normal,0.85
6SWaavcLcg0,brentrivera,0.32040972,high,"I laughed a lot, thank your for showing us this funny monkey, great stuff, never dissapoints!!",370,normal,0.95
6SWaavcLcg0,brentrivera,0.32040972,high,OOOOOOO,241,normal,0.8
6SWaavcLcg0,brentrivera,0.32040972,high,67 hèeeèeeeee,1,normal,0.7
6SWaavcLcg0,brentrivera,0.32040972,high,6:41 the way he stole the bacon 😂😂😂,25,timestamp,0.95
6SWaavcLcg0,brentrivera,0.32040972,high,can we give a round of applause to dexter 👏,32,normal,0.9
6SWaavcLcg0,brentrivera,0.32040972,high,"the face the monkey made is HILARIOUS!!!
💖💖💖🤭",17,normal,0.95
6SWaavcLcg0,brentrivera,0.32040972,high,Ben and drew is in a tuff challenge,1,normal,0.85
6SWaavcLcg0,brentrivera,0.32040972,high,lexi’s outfit in 5:41 fits her so well❤,20,timestamp,0.9
6SWaavcLcg0,brentrivera,0.32040972,high,"The fact that Brent and Pierson just kissed so normally, that means they did it in the past 😏",11,normal,0.7
6SWaavcLcg0,brentrivera,0.32040972,high,Dexter is adorable omg I would love him as a  pet! <3 You should definitely do this again.,32,normal,0.9
6SWaavcLcg0,brentrivera,0.32040972,high,3:10😂😂,1,timestamp,0.95
IOsSmt8vXBA,brentrivera,0.3186442,high,"“I know but your bugging me” 
- Brent’s Mum 😂",1788,normal,0.95
IOsSmt8vXBA,brentrivera,0.3186442,high,I love the iconic “BRENT!” It will never get old!😂😂😂😂😂😂😂,149,normal,0.95
IOsSmt8vXBA,brentrivera,0.3186442,high,I love Lexi's reaction !!!!!! OMO🤣🤣🤣🤣🤣,373,normal,0.95
IOsSmt8vXBA,brentrivera,0.3186442,high,“BRENT!” GOT ME LAUGHING,265,normal,0.95
IOsSmt8vXBA,brentrivera,0.3186442,high,Lexis ‘Brent!’ Was way too real 😂😂😂,71,normal,0.95
IOsSmt8vXBA,brentrivera,0.3186442,high,"The way Lexi says ""BRenTT😡"" 😂😂😂❤",148,normal,0.95
IOsSmt8vXBA,brentrivera,0.3186442,high,I LOVE THE ‘OH MY GYAD’ IT ALWAYS GETS ME,122,normal,0.9
IOsSmt8vXBA,brentrivera,0.3186442,high,The mom’s reaction!!!😂😂😂,28,normal,0.9
IOsSmt8vXBA,brentrivera,0.3186442,high,I love this prank so funny!! 😂😂,46,normal,0.95
IOsSmt8vXBA,brentrivera,0.3186442,high,brent the bug 🐜,1,normal,0.9
IOsSmt8vXBA,brentrivera,0.3186442,high,"""WHY IS IT NOT HOT!??""
GOT ME ROLLING",0,normal,0.9
IOsSmt8vXBA,brentrivera,0.3186442,high,"""You see what i cant do this"" made me laughing🤭🤭🤭",12,normal,0.9
IOsSmt8vXBA,brentrivera,0.3186442,high,Lexi's first reaction (Always) Brent!😂,1,normal,0.95
IOsSmt8vXBA,brentrivera,0.3186442,high,The way Lexi said “Brent “ is so real 😅,5,normal,0.9
IOsSmt8vXBA,brentrivera,0.3186442,high,I loved lexi's response😂😂😂😂😮😮,4,normal,0.9
IOsSmt8vXBA,brentrivera,0.3186442,high,"Like if you heard Lexi scream""GREG""",1,normal,0.85
IOsSmt8vXBA,brentrivera,0.3186442,high,Lexis reaction 😂😂i love it bro!! LOL! LMAO,6,normal,0.9
IOsSmt8vXBA,brentrivera,0.3186442,high,"So hilarious! Your mum, was like I know but your bugging me, love it Brent! 🩷",9,normal,0.9
IOsSmt8vXBA,brentrivera,0.3186442,high,Haha!! BRENT US THE BEAT PRANKSTER!!❤❤,5,normal,0.9
IOsSmt8vXBA,brentrivera,0.3186442,high,😂Brent “it’s really hot”😂,1,normal,0.9
2q-ElKeOp5s,brentrivera,0.31800306,high,which evil kid was the WORST!?,12341,toxic,0.8
2q-ElKeOp5s,brentrivera,0.31800306,high,"“you’re a embarrassment to this family.” and
“is something on that list a new sister? cause i really need one.” is wild",88,normal,0.9
2q-ElKeOp5s,brentrivera,0.31800306,high,The “YoU SAiD bOOBy” reminds me of the 8 year olds in my old 2nd grade class…😅,267,normal,0.9
2q-ElKeOp5s,brentrivera,0.31800306,high,The way Ben and Brent looked the same 🤣🤣🤣,119,normal,0.9
2q-ElKeOp5s,brentrivera,0.31800306,high,that  mom  doenst  set any  rules  for  that damn  kid,9,concern,0.85
2q-ElKeOp5s,brentrivera,0.31800306,high,The second one that made the craziest twist😂😂😂😅😅😅,16,normal,0.9
2q-ElKeOp5s,brentrivera,0.31800306,high,9:29  It’s giving gi-hun shooting the front man 💀💀💀😭😭😭,100,timestamp,0.95
2q-ElKeOp5s,brentrivera,0.31800306,high,19:18 scooby-doo,24,timestamp,0.95
2q-ElKeOp5s,brentrivera,0.31800306,high,Makayla is so short that she needs to go on the bed to spill water on someone,1,normal,0.9
2q-ElKeOp5s,brentrivera,0.31800306,high,"Brent and his friends:☠️
The cameraman:just chillin😎",131,normal,0.9
2q-ElKeOp5s,brentrivera,0.31800306,high,"7:43 Brent's laugh 😂😂😂😂😂
"" I'm not a real doctor "" shirt ripping 😂😂😂😂",281,timestamp,0.95
2q-ElKeOp5s,brentrivera,0.31800306,high,14:36 I was so sure that the evil sister was the pink one 😂,182,timestamp,0.95
2q-ElKeOp5s,brentrivera,0.31800306,high,The most useful part about MASON & BEN,0,normal,0.9
2q-ElKeOp5s,brentrivera,0.31800306,high,"""dude I have more rizz than you!! 11!!1!!!"" is crazyy",112,normal,0.9
2q-ElKeOp5s,brentrivera,0.31800306,high,Vienna is finally a Has Been. She will never get an Award just like Caleb Getman and Patricia Farrell.,36,toxic,0.85
2q-ElKeOp5s,brentrivera,0.31800306,high,"""YOURE AN EMBARRESMENT TO THIS FAMILY''  is crazy",115,normal,0.9
2q-ElKeOp5s,brentrivera,0.31800306,high,"I made a squishy that makes everyone laugh 
I doubled McKenna and I cut one of her neck,covered it,added tag,and
Nya nya nya nya nya",0,normal,0.9
2q-ElKeOp5s,brentrivera,0.31800306,high,When they left the twin sisters house someone said “love you” 😂😂😂😂😂,101,normal,0.9
2q-ElKeOp5s,brentrivera,0.31800306,high,Every repeat that they played on dumb was really funny,11,normal,0.9
2q-ElKeOp5s,brentrivera,0.31800306,high,2:43 Bro's having homealone flashbacks💀💀💀💀,27,timestamp,0.95
Fg4-AECU2dE,brentrivera,0.3152287,high,"EVERYONE LIKE IT UP!! 500K LIKES AND WE SHAVE MASON'S HEAD!!😂😂

comment ""done"" when done for a shoutout🥰",13035,normal,0.9
Fg4-AECU2dE,brentrivera,0.3152287,high,We should start a boy band 😳,18245,normal,0.8
Fg4-AECU2dE,brentrivera,0.3152287,high,I just want to see Dom again,8917,normal,0.9
Fg4-AECU2dE,brentrivera,0.3152287,high,"“Done” 
No one:
Literally no one:
Brent, Mason, Alex, Andrew: We just wanna see Dom agaaaaiiinnnn!",2261,normal,0.9
Fg4-AECU2dE,brentrivera,0.3152287,high,0:31 Lexi literally knows every prank that someone tries to pull 😂🤣,52,timestamp,0.95
Fg4-AECU2dE,brentrivera,0.3152287,high,"“Hello my brother is dumb, and doesn’t know how to prank people.”    ~Lexi 2020


Edit: Omg thank you. I've never gotten so many likes before. Also thank you so much Brent for liking my comment it made my day.",463,normal,0.85
Fg4-AECU2dE,brentrivera,0.3152287,high,"'I just can't believe we lost a friend
To a girl who can back bend' 
AHAHA THAT IS SOO FUNNY 😂😂😂",339,normal,0.8
Fg4-AECU2dE,brentrivera,0.3152287,high,"“Done.”
“Hello my brother is dumb, and doesn’t know how to prank people.”

-Alexa Rivera 2020",335,normal,0.85
Fg4-AECU2dE,brentrivera,0.3152287,high,Let’s appreciate Brent’s amazing singing!!! 🤯,15,normal,0.9
Fg4-AECU2dE,brentrivera,0.3152287,high,Isn't anyone gonna talk abt how cute the baby was saying spiderman,527,normal,0.9
Fg4-AECU2dE,brentrivera,0.3152287,high,"“Done.”
“Hello my brother is dumb, and doesn’t know how to prank people.”

-Alexa Rivera 2020
Plus, "" We just wanna see Dom again "" 
I love this song 😍",138,normal,0.9
Fg4-AECU2dE,brentrivera,0.3152287,high,8:10 dom brack song 😂😂😂❤,1,timestamp,0.95
Fg4-AECU2dE,brentrivera,0.3152287,high,"I can't I just can't with the song. OMG. This many people like ""I just want to see Dom again!"" xD",387,normal,0.9
Fg4-AECU2dE,brentrivera,0.3152287,high,"No one 
Literally no one
The little kid: “Spider-Man”🥺",494,normal,0.9
Fg4-AECU2dE,brentrivera,0.3152287,high,"""we made him kiss once and now we regret it""
lmao.
DONE",198,normal,0.85
Fg4-AECU2dE,brentrivera,0.3152287,high,I LOVE HOW THE STOKE TWINS JUST RAN AWAY 😂😂😂,6,normal,0.9
Fg4-AECU2dE,brentrivera,0.3152287,high,"Mason is so underrated, he helps out more than you think and like he's just a good guy. Mason needs more love,  don't you think?",685,normal,0.9
Fg4-AECU2dE,brentrivera,0.3152287,high,Okay we actually need a full version of “ We just wanna see Dom again “!,159,normal,0.9
Fg4-AECU2dE,brentrivera,0.3152287,high,"Who else thinks those ""Have you seen Dom the Simp"" signs were hilarious
👇 😂😂😂",90,normal,0.85
Fg4-AECU2dE,brentrivera,0.3152287,high,"Nobody:


Every video: *”so today Mason is a...”* 😂",219,normal,0.9
-IN7tkEEMDE,brentrivera,0.30893084,high,Which kid do YOU think was the worst!?,5249,normal,0.9
-IN7tkEEMDE,brentrivera,0.30893084,high,"Brent, if I were you, I'd just go straight to the dented",6,normal,0.7
-IN7tkEEMDE,brentrivera,0.30893084,high,13:35 “don’t worry about it” 😊,6,timestamp,0.95
-IN7tkEEMDE,brentrivera,0.30893084,high,At 16:46 to The left of Connor was the subscribers it went 20m to 40m 😂,13,timestamp,0.95
-IN7tkEEMDE,brentrivera,0.30893084,high,The only time I was evil as a kid is when I hit a stranger with a stick.,3,normal,0.8
-IN7tkEEMDE,brentrivera,0.30893084,high,16:03  LOL!,33,timestamp,0.95
-IN7tkEEMDE,brentrivera,0.30893084,high,Dom is always getting pied in the face😂😂😂,20,normal,0.9
-IN7tkEEMDE,brentrivera,0.30893084,high,I think Connor be villain in series 💀,66,normal,0.8
-IN7tkEEMDE,brentrivera,0.30893084,high,13:21 BRENT SAID BRO BUT IM FUNNY AAAAAAAHAA,3,timestamp,0.9
-IN7tkEEMDE,brentrivera,0.30893084,high,"When the grandma said happy birthday grandma, I laughed so hard😂😂😂😂",59,normal,0.9
-IN7tkEEMDE,brentrivera,0.30893084,high,1:38 BRUH USE THE FART GUN,70,timestamp,0.95
-IN7tkEEMDE,brentrivera,0.30893084,high,Bryce is so excited ☺️😆,27,normal,0.9
-IN7tkEEMDE,brentrivera,0.30893084,high,"When conners nanny said ""happy birthday"" i was exploding with laughter",22,normal,0.9
-IN7tkEEMDE,brentrivera,0.30893084,high,من عربي هنا 0:14 ❤,27,timestamp,0.9
-IN7tkEEMDE,brentrivera,0.30893084,high,Crazy how there more worried about the car than the kid,149,concern,0.85
-IN7tkEEMDE,brentrivera,0.30893084,high,Now we know A drew secret,53,normal,0.7
-IN7tkEEMDE,brentrivera,0.30893084,high,It is 2026 bro.,1,normal,0.7
-IN7tkEEMDE,brentrivera,0.30893084,high,9:02 doesn’t he have a ankle monitor?!😂,50,timestamp,0.9
-IN7tkEEMDE,brentrivera,0.30893084,high,23:23 LOL!,5,timestamp,0.95
-IN7tkEEMDE,brentrivera,0.30893084,high,17:57 Rude Grandma 😂,17,timestamp,0.95
ItQ3cTdoGGs,brentrivera,0.3058562,high,"this video was so fun to make😍😂 sorry ben for being hard on ya😂 

smash that like button if u wanna see more of this!! 👍🏼😂",12213,normal,0.9
ItQ3cTdoGGs,brentrivera,0.3058562,high,"This is how many times he’s tried to ruin Lexi and bens relationship 
👇🏾",9576,normal,0.8
ItQ3cTdoGGs,brentrivera,0.3058562,high,I feel like Brent hates all of Lexi’s “boyfriends”😂,1972,normal,0.8
ItQ3cTdoGGs,brentrivera,0.3058562,high,Ben: *smiling so he doesn’t cry*,801,normal,0.9
ItQ3cTdoGGs,brentrivera,0.3058562,high,If brent wasent Ben's best friend then Ben probably kill him😂😂,374,toxic,0.6
ItQ3cTdoGGs,brentrivera,0.3058562,high,Ben is like the sweetest boyfriend/friend..he did everything Brent asked him to do..!😝♥️ all I can say is Lexi is damn lucky!,434,normal,0.9
ItQ3cTdoGGs,brentrivera,0.3058562,high,"Ben was so confused when Lexi was flirting in the car with Ryan
Ben every 2 seconds:  ‘yo wait what’",339,normal,0.9
ItQ3cTdoGGs,brentrivera,0.3058562,high,Lexi's laugh is LEGENDARY 🤣,831,normal,0.9
ItQ3cTdoGGs,brentrivera,0.3058562,high,Why is it that Ben always gets Roasted and Pranked the most out of everyone in the AMP squad?,84,normal,0.9
ItQ3cTdoGGs,brentrivera,0.3058562,high,"Ben: sees Bryan&lexi
Everyone: sees Ben die inside then almost starts crying",641,normal,0.9
ItQ3cTdoGGs,brentrivera,0.3058562,high,"everytime Ben looks in the backseat: “Yo what? Yo wait.. what?”

sorry for my bad english😅✌🏻",396,normal,0.9
ItQ3cTdoGGs,brentrivera,0.3058562,high,"Brent: “Who’s most likely to be come a special dancer?”
Ben: “You mean a stripper?” 🤣😂🤣",164,normal,0.9
ItQ3cTdoGGs,brentrivera,0.3058562,high,Who else is still waching this even though Lexi and Ben broke up like a week ago 😫,441,normal,0.8
ItQ3cTdoGGs,brentrivera,0.3058562,high,When Ben got into the car I was laughing so hard and at the same time feeling really bad for him,135,normal,0.9
ItQ3cTdoGGs,brentrivera,0.3058562,high,Title should be: “torturing Ben”,471,toxic,0.7
ItQ3cTdoGGs,brentrivera,0.3058562,high,This video should be retitled to “torturing Ben”,356,toxic,0.7
ItQ3cTdoGGs,brentrivera,0.3058562,high,"This video shud be called ""a day in the life of ben""😂😂",46,normal,0.9
ItQ3cTdoGGs,brentrivera,0.3058562,high,Ben Was Like OMG.. And Then He Just Fell Of The Ceiling😂😂,390,normal,0.9
ItQ3cTdoGGs,brentrivera,0.3058562,high,"Ben is so happy, smiling kind and humble. I love his personality.",238,normal,0.9
ItQ3cTdoGGs,brentrivera,0.3058562,high,"Ben: I'm just gonna leave
Brent: No need for the broom today",257,normal,0.9
6E7nxP3iD4c,brentrivera,0.30023378,high,i'm going to get you back brent :),14448,normal,0.9
6E7nxP3iD4c,brentrivera,0.30023378,high,His 50% Austrailian and 50% British accent had me dying 😂🤣😭💀,1236,normal,0.95
6E7nxP3iD4c,brentrivera,0.30023378,high,Nobody's gonna talk about how Brent gave the British accent 😀👌👌,501,normal,0.95
6E7nxP3iD4c,brentrivera,0.30023378,high,THE ACCENT😂😂😂😂😭😭😭😭😭😭😭,1,normal,0.95
6E7nxP3iD4c,brentrivera,0.30023378,high,I think Salish should get Brent back and act like a robber that would be good love you Salish!😂,29,normal,0.9
6E7nxP3iD4c,brentrivera,0.30023378,high,The fact tha5 Salish gets a new TV every time she goes to target is just amazing.,137,concern,0.7
6E7nxP3iD4c,brentrivera,0.30023378,high,"Brent : I dont like you you're sneaky 
Meanwhile brent : looks everywhere for her piggy bank",146,normal,0.9
6E7nxP3iD4c,brentrivera,0.30023378,high,"Brent: this might be dangerous so stand back
Salish: what are you going to blow the house up
Brent: maybe",179,normal,0.9
6E7nxP3iD4c,brentrivera,0.30023378,high,"If this hits 275 likes, I will do 275 push-ups",781,normal,0.85
6E7nxP3iD4c,brentrivera,0.30023378,high,"Watching this in 2026!


👇",12,normal,0.8
6E7nxP3iD4c,brentrivera,0.30023378,high,Lexi and drew dancing 😂😢😢😢😂😂😂😂 5:56,8,timestamp,0.9
6E7nxP3iD4c,brentrivera,0.30023378,high,it was funny when Salish snatch Brent wig,19,normal,0.9
6E7nxP3iD4c,brentrivera,0.30023378,high,THE ACCENT THE ACCENT IT IS SO GOOD HOWWWW,9,normal,0.9
6E7nxP3iD4c,brentrivera,0.30023378,high,She's going to get you back so hard,1,normal,0.9
6E7nxP3iD4c,brentrivera,0.30023378,high,8:17 she she was like uh uh,13,timestamp,0.9
6E7nxP3iD4c,brentrivera,0.30023378,high,Brent's English accent is actually good NGL & the way Salish snatched his wig off OMG I'm dead this was so funny 😂😂,74,normal,0.95
6E7nxP3iD4c,brentrivera,0.30023378,high,Now we need you guys to babysit the whole Rock Squad,82,normal,0.85
6E7nxP3iD4c,brentrivera,0.30023378,high,The way the cookies was buring and I could smell the burn while somebody cooking in my house is so relestic,40,normal,0.85
6E7nxP3iD4c,brentrivera,0.30023378,high,𝒽ℯ 𝓁ℴℴ𝓀𝓈 𝓀𝒾𝓃𝒹 ℴ𝒻 𝒸𝓇ℯ𝓅𝓅𝓎 😂,1,normal,0.7
6E7nxP3iD4c,brentrivera,0.30023378,high,The part when Salish says are you gonna like explode the house and then he says maybe got me laughing so hard😂😂😂😂😂😂,5,normal,0.9
I8_qF_Y-XvI,brentrivera,0.2996365,high,"hey :) if you are here EARLY, like the video! 
I'm replying back to you guys that do that <3",6112,normal,0.9
I8_qF_Y-XvI,brentrivera,0.2996365,high,THE CAR PRANK WAS 😂😂😂,5308,normal,0.9
I8_qF_Y-XvI,brentrivera,0.2996365,high,“Congrats to everyone who is early and found this comment”👽,597,normal,0.9
I8_qF_Y-XvI,brentrivera,0.2996365,high,This is the type of group that will make up something so stupid then eventually it will turn so competitive and fun🤣🤣🤣🤣,8,normal,0.9
I8_qF_Y-XvI,brentrivera,0.2996365,high,my ears are still ringing ☹️,373,normal,0.8
I8_qF_Y-XvI,brentrivera,0.2996365,high,I'm gonna miss the Amp House. So many good memories there. Though I'm still really excited to see what the new one will look like. Love you Brent and all Amp members! 😊❤,427,normal,0.9
I8_qF_Y-XvI,brentrivera,0.2996365,high,The Amp house had a lot of great memories when time passes on you will see the Amp house again eventually. I hope you guys have a fun time in your new house. And all your subscribers are still positive about your decision. Hope you and the Amp squad have a wonderful day!,48,normal,0.9
I8_qF_Y-XvI,brentrivera,0.2996365,high,yessss drew is in another vid! this is like over 10 vids i’ve said this BUT please add drew to amp world and more vids because he’s my fave and super funny and just fits in. also thanks for such an awesome channel!,15,normal,0.9
I8_qF_Y-XvI,brentrivera,0.2996365,high,No more kids for brent 3:09 LOL,9,timestamp,0.8
I8_qF_Y-XvI,brentrivera,0.2996365,high,Person’s good bye to the house was hilarious! Can’t wait to see the new Amp Worl house!,21,normal,0.9
I8_qF_Y-XvI,brentrivera,0.2996365,high,Kids:”That was REALLY GOOD” Jeremy :”NO IT WAS STUPID!!”,12,normal,0.9
I8_qF_Y-XvI,brentrivera,0.2996365,high,Hi adults les goo!!,1,normal,0.9
I8_qF_Y-XvI,brentrivera,0.2996365,high,"1 video after caleb pointed out - brent doesnt pay, brent starts throwing around money 🙂",51,normal,0.8
I8_qF_Y-XvI,brentrivera,0.2996365,high,"Brent: I can't help. I'm not allowed to help.
Ben: hey what about for 50 bucks?
Brent: ok well maybe I can help 
😂😂😂",145,normal,0.9
I8_qF_Y-XvI,brentrivera,0.2996365,high,Let’s appreciate Brent for posting fun videos and making our day better❤️,196,normal,0.9
I8_qF_Y-XvI,brentrivera,0.2996365,high,"Done done done done done, infinity done",1,normal,0.9
I8_qF_Y-XvI,brentrivera,0.2996365,high,Can we just take a moment and appreciate how Brent never fails to entertain us ❤️,287,normal,0.9
I8_qF_Y-XvI,brentrivera,0.2996365,high,Aww i love that amp house name plate above the swimming pool and the whole house🥺❤️but also I'm excited that what is coming next🤩Love your videos you never fall to entertain us 💗I love Ben's reaction when he sees his room upside down made by day😂😂😂❤️,91,normal,0.9
I8_qF_Y-XvI,brentrivera,0.2996365,high,Gonna miss that house love all of the videos and memories y'all made in that place but excited to see what new memories are to come in the next one love you Brent ❤️,296,normal,0.9
I8_qF_Y-XvI,brentrivera,0.2996365,high,Ben and Jeremy won the prank war 😂,2,normal,0.9
Po99zo91oLM,brentrivera,0.29863805,high,“It’s 911” is the best rejection I’ve ever heard,6325,normal,0.9
Po99zo91oLM,brentrivera,0.29863805,high,Bro changes crushes faster than I change my shirts💀,2238,normal,0.9
Po99zo91oLM,brentrivera,0.29863805,high,"""I WANT THE CUTE ONE"".    ""That's what they all say"" had me dying 🤣🤣",810,normal,0.9
Po99zo91oLM,brentrivera,0.29863805,high,“That’s what they all say” had me rolling 😂😂😂😂,97,normal,0.9
Po99zo91oLM,brentrivera,0.29863805,high,Pierson has joined the chat with a belt💀,515,normal,0.8
Po99zo91oLM,brentrivera,0.29863805,high,“That’s what they all say” 😭,410,normal,0.9
Po99zo91oLM,brentrivera,0.29863805,high,Pierson has joined the chat with a broom 💀,309,normal,0.8
Po99zo91oLM,brentrivera,0.29863805,high,*Pierson has left the chat crying bc of brent*,650,normal,0.8
Po99zo91oLM,brentrivera,0.29863805,high,"The ""it's 911"" 😂😂😂😂",10,normal,0.9
Po99zo91oLM,brentrivera,0.29863805,high,"""They all say the same"" 💀 💀 😂",7,normal,0.9
Po99zo91oLM,brentrivera,0.29863805,high,lmao he’s not even in the friendzone,216,normal,0.9
Po99zo91oLM,brentrivera,0.29863805,high,"Pierson watching:
👁️👄👁️",306,normal,0.8
Po99zo91oLM,brentrivera,0.29863805,high,Pierson be punching air rn,163,normal,0.8
Po99zo91oLM,brentrivera,0.29863805,high,It's 911 is the best rejection l've ever heard,12,normal,0.9
Po99zo91oLM,brentrivera,0.29863805,high,"""It's 911"" got me rolling on my kitchen's floor 😂😂😂",22,normal,0.9
Po99zo91oLM,brentrivera,0.29863805,high,"“I want the cute one”
“That’s what they all say”😂😂",62,normal,0.9
Po99zo91oLM,brentrivera,0.29863805,high,*Everybody gansta till Pierson shows up*,70,normal,0.8
Po99zo91oLM,brentrivera,0.29863805,high,"Pierson watching this : "" you probably have a death wish "" 🤣",50,normal,0.8
Po99zo91oLM,brentrivera,0.29863805,high,"""I want the cute one""
Yeah that's what they all say



Wait whu? 😂",3,normal,0.9
Po99zo91oLM,brentrivera,0.29863805,high,"""Wait! NO, I WANT THE CUTE ONE!"" Got me laughing 🤣",16,normal,0.9
Vcerqjjwwco,brentrivera,0.29437935,high,"MY FIRST MUSIC VIDEO IN 3 YEARS!  I really hope you guys enjoy it :) 

thanks for the support! love love love <3",10256,normal,0.95
Vcerqjjwwco,brentrivera,0.29437935,high,"Being 17 at this time is weird, I see it from both perspectives. Kids do act nothing like when I was a kid, but then again I don't act the same as people older than me.

edit: If it wasn't clear, I meant kids as in ages under 13, teens are a whole other can of worms lol",172,normal,0.9
Vcerqjjwwco,brentrivera,0.29437935,high,"Brent Rivera complaining about kids nowadays using phones all the time, when he was this kid 10 years ago on Vine💀",649,normal,0.9
Vcerqjjwwco,brentrivera,0.29437935,high,Who’s watching in 2026?,91,normal,0.85
Vcerqjjwwco,brentrivera,0.29437935,high,got this on repeat 🔁,5598,normal,0.95
Vcerqjjwwco,brentrivera,0.29437935,high,I had such a fun time filming this music video!! Can’t wait to see all my friends again! ☺️,347,normal,0.95
Vcerqjjwwco,brentrivera,0.29437935,high,1:50 I have heales,8,timestamp,0.9
Vcerqjjwwco,brentrivera,0.29437935,high,"HEY GUYS :) if you're here early, LIKE THIS VIDEO!! IM DM'ING YOU GUYS THAT DO THAT AND COMMENT DONE! ❤ ❤",1850,normal,0.9
Vcerqjjwwco,brentrivera,0.29437935,high,"I loved the olden days they’re so fun going out, going to the shops after school, hanging out with friends and just having fun without devices but it’s different now. This song is epic
[thanks for da likes :>]",143,normal,0.9
Vcerqjjwwco,brentrivera,0.29437935,high,"i'm glad i cherished the moments when i was a kid because kids nowadays are in such a rush to grow up, and honestly, growing up isn't all its claimed to be. grateful i was raised the way i was!",271,normal,0.9
Vcerqjjwwco,brentrivera,0.29437935,high,Who's watching 2025 and does not live look the same,5,normal,0.85
Vcerqjjwwco,brentrivera,0.29437935,high,The fact that Brent is holding the flip phone upside down when he showing them to the kids.,21,normal,0.9
Vcerqjjwwco,brentrivera,0.29437935,high,WAS IT LASAGNA OR MEATLOAF?,100,normal,0.8
Vcerqjjwwco,brentrivera,0.29437935,high,“The only thing I was playing with was toys not girls hearts😭”,112,normal,0.85
Vcerqjjwwco,brentrivera,0.29437935,high,"""WAS IT *LASAGNA* OR *MEAT LOAF?!""*
Bro sounds so desperate 💀",262,toxic,0.8
Vcerqjjwwco,brentrivera,0.29437935,high,"Kendama pros here
👇",2,normal,0.85
Vcerqjjwwco,brentrivera,0.29437935,high,"I’m happy liv is willing to sing in front of people, because her voice is beautiful.",381,normal,0.9
Vcerqjjwwco,brentrivera,0.29437935,high,You're actually putting the reality..great job Brent. I'm so proud of youu🥺🥺💗💗,98,normal,0.9
Vcerqjjwwco,brentrivera,0.29437935,high,"I loved the message of this song sm. Even though I’m 16 years old which isn’t that old. I grew up without a phone I didn’t even have a tablet I didn’t grow up with technology except for one of those old 📺. Me and others kids used to play with our toys or just play games that we invented or play tag etc and we had so much fun. I was born in the U.S but I was raised in Mexico till I was almost 13 that’s when I came and everything changed, it surprised me so much when I saw little kids knowing how to use a phone when I barely knew about social media and different type of games. I saw how girls my age wore makeup and different type of clothes not with the type of clothes I was raised with. That’s when I started being more self conscious and insecure about the way I looked, about the way I act, about the way I dress, about being “aesthetic” and now I am who I am. Without noticing I started adapting like everyone was I started wearing a bit of makeup trying to fit in. Being caught with the trends. And stuff now I’m just trying to be happy without worrying what other people think about me. Thanks for listening to me, I wasn’t planning on saying all this but that’s just what I feel and my experience.",93,normal,0.9
Vcerqjjwwco,brentrivera,0.29437935,high,"""Lonely af"" I STILL AM 😭",1,normal,0.85
8wJDFMPbtwQ,brentrivera,0.29342866,high,"thank you for watching ❤️ I love all of you :) 

to continue bringing videos like these to you guys, I am limiting the amount I film with my friends. but when I do film with them, we make sure to stay a safe distance (6 feet) from everyone that doesn't live with us (the fashion show for example) :) we are taking extra precautions to make sure we are keeping everyone healthy during this crazy time. 

be safe, stay home! if you have to go out, keep 6 feet away! :) love you❤️",4893,normal,0.95
8wJDFMPbtwQ,brentrivera,0.29342866,high,"Brent is such a kind hearted human...the look on Brent's friend when Brent gave her $500 was just priceless 
I Love You Brent!!!!!!!!!!",514,normal,0.9
8wJDFMPbtwQ,brentrivera,0.29342866,high,"Pierson: **wearing a toilet paper dress**
Me: *""well that's where all the toilet paper went""*",747,normal,0.9
8wJDFMPbtwQ,brentrivera,0.29342866,high,Maybe Lexi just gave Pierson a 10 so that she would become her sister-in-law and she would get together with Brent🤣🤣🤣,365,normal,0.85
8wJDFMPbtwQ,brentrivera,0.29342866,high,"Note to self: If I see an oversized package outside my door, I will hit it with a broom!
Edit: I wasn’t expecting so many likes! Thanks!",466,normal,0.9
8wJDFMPbtwQ,brentrivera,0.29342866,high,"No one
Brent: What's ur name?
Me: George 
Brent: Okay Nick 😂",333,normal,0.9
8wJDFMPbtwQ,brentrivera,0.29342866,high,"Isn’t everyday April Fools Day in your house? 😂

Edit: I never got this many likes and replies 😂",841,normal,0.9
8wJDFMPbtwQ,brentrivera,0.29342866,high,"Plot twist: Mason didn't get suspicious because, he's always part of the pranks and as is it happens he doesn't get pranked quite often.",172,normal,0.9
8wJDFMPbtwQ,brentrivera,0.29342866,high,"Employee: *how much toilet paper do you need*
Pierson: *Yes*",113,normal,0.9
8wJDFMPbtwQ,brentrivera,0.29342866,high,I learnt a lesson. When ever going to the Rivera's house always bring extra set of cloths 😂😂,715,normal,0.9
8wJDFMPbtwQ,brentrivera,0.29342866,high,"Brent: “Okay well, here’s five hundred”
Omg he is so generous 🥺",257,normal,0.9
8wJDFMPbtwQ,brentrivera,0.29342866,high,4:20 the way Brent holds lexi...🥺🥺🥺🥺💜💜💜,18,timestamp,0.95
8wJDFMPbtwQ,brentrivera,0.29342866,high,"""What's the name for this order?"" 
""George.""
""Alright, NICK, I'll have it right out for you.""
XD",42,normal,0.9
8wJDFMPbtwQ,brentrivera,0.29342866,high,I loved how Lexi Hensler was like : OH no and just kicked the box.😂🤣,162,normal,0.9
8wJDFMPbtwQ,brentrivera,0.29342866,high,"Brent: who's clothes are these
Ben: my moms dont tell her 
Also Brent: posts this on YouTube",190,normal,0.9
8wJDFMPbtwQ,brentrivera,0.29342866,high,Anyone in 2025😂,29,normal,0.9
8wJDFMPbtwQ,brentrivera,0.29342866,high,"Andrew: falls down on his hoverboard 
Me: how quarantine has people",236,normal,0.9
8wJDFMPbtwQ,brentrivera,0.29342866,high,Brent making “Starbucks drinks” is just hilarious,437,normal,0.9
8wJDFMPbtwQ,brentrivera,0.29342866,high,"No one:



Ligit no one


Starbuck employee: *Gets your name wrong*",47,normal,0.9
8wJDFMPbtwQ,brentrivera,0.29342866,high,Looking Ben in thumbnail looks like he played *Holi*...😂❤️👍,37,normal,0.9
8gern7qe678,brentrivera,0.2923996,high,"hey :) IF YOU'RE HERE EARLY, GIVE THIS VIDEO A LIKE ❤",4749,normal,0.9
8gern7qe678,brentrivera,0.2923996,high,Andrew Roasted Jeremy back 😂 He was holding that Forever 😂,1886,normal,0.9
8gern7qe678,brentrivera,0.2923996,high,"Brent 's nanny roasting Andrew was the best out of all the roast... She's so sweet... Pierson almost believed Brent's muscles 😂😂
You both make a best combo 💕💕💕💕💕💕",612,normal,0.9
8gern7qe678,brentrivera,0.2923996,high,Anyone here at 2025❤❤!,5,timestamp,0.95
8gern7qe678,brentrivera,0.2923996,high,I love how Andrew instantly roasted Jeremy back like he wanted to say that  to him forever 😂,709,normal,0.9
8gern7qe678,brentrivera,0.2923996,high,When Pierson fell my heart dropped,544,normal,0.85
8gern7qe678,brentrivera,0.2923996,high,Pierson is way too brave to do that stunt.I would have definitely passed out,129,normal,0.85
8gern7qe678,brentrivera,0.2923996,high,So when’s Lexi roast because we’re at 502k😂😂😂😂😂😂😂😂😂,1,normal,0.9
8gern7qe678,brentrivera,0.2923996,high,Aww the prom part was so cute! You’re too kind for helping him out 🥰,278,normal,0.9
8gern7qe678,brentrivera,0.2923996,high,Pierson and Ben's Roast was the Best 😂,207,normal,0.9
8gern7qe678,brentrivera,0.2923996,high,"I love how brent was just always encouraging Pierson while she was on that tightrope, screaming on top of her lungs 🥺😂",554,normal,0.9
8gern7qe678,brentrivera,0.2923996,high,2:18 weird baby Pierson screams 👶,5,timestamp,0.95
8gern7qe678,brentrivera,0.2923996,high,I love how Nona is ALWAYS complementing Andrew! It’s so cute ☺️,392,normal,0.9
8gern7qe678,brentrivera,0.2923996,high,It’s just so funny how it was a roast for Andrew but Andrew straight up roasted Jeremy,20,normal,0.9
8gern7qe678,brentrivera,0.2923996,high,"1:01 now that’s not a roast, it’s a fact 😂😂😂",11,timestamp,0.95
8gern7qe678,brentrivera,0.2923996,high,I just died when Pierson fell 😱😱😨😨,10,normal,0.9
8gern7qe678,brentrivera,0.2923996,high,Who else is waiting for the day when Brent and Pierson officially confirms their relationship? ❤️,85,normal,0.85
8gern7qe678,brentrivera,0.2923996,high,I love that Andrew finally got roasted 😂,14,normal,0.9
8gern7qe678,brentrivera,0.2923996,high,Man Pierson really love putting her life on the line for Brent 😄,64,normal,0.85
8gern7qe678,brentrivera,0.2923996,high,Brent  and Pierson  looks like an amazing Couple,16,normal,0.9
UNepVSnH-eM,brentrivera,0.2920676,high,9999+ missed calls from louisayy,355,normal,0.9
UNepVSnH-eM,brentrivera,0.2920676,high,I heard louisayy coming,420,normal,0.9
UNepVSnH-eM,brentrivera,0.2920676,high,I hear LoiS aYy footsteps approaching 😂😂😂😂😂😂😂😂😂,214,normal,0.9
UNepVSnH-eM,brentrivera,0.2920676,high,"""LOUIS WE GOT ANOTHER ONE""😂😂😂😂",29,normal,0.9
UNepVSnH-eM,brentrivera,0.2920676,high,“StooooooOOooooOooooOOOoop”😂😂😂😂❤❤❤,1,normal,0.9
UNepVSnH-eM,brentrivera,0.2920676,high,9999999999+ missed calls from louisayy,68,normal,0.9
UNepVSnH-eM,brentrivera,0.2920676,high,"I can hear louis ayy saying ""NOT THE TOILET DONUT!!!!!""",21,normal,0.9
UNepVSnH-eM,brentrivera,0.2920676,high,“TodAYY on LouisAYY..”,9,normal,0.9
UNepVSnH-eM,brentrivera,0.2920676,high,What my bro does when I'm not looking,1,normal,0.9
UNepVSnH-eM,brentrivera,0.2920676,high,"Louis was saying not another toilet doughnut😂😂😂







Thanks for the likes😮❤",18,normal,0.9
UNepVSnH-eM,brentrivera,0.2920676,high,Louis ayy is traumatized from this,44,normal,0.9
UNepVSnH-eM,brentrivera,0.2920676,high,“pls Dont be making a toilet donut” “ANOTHER TOILET DONUT”,6,normal,0.9
UNepVSnH-eM,brentrivera,0.2920676,high,Louis ayy is having flash backs😅😂😂😂,72,normal,0.9
UNepVSnH-eM,brentrivera,0.2920676,high,Louisayyyyyyyyyyyyyyyyyyyyyyyy😂,31,normal,0.9
UNepVSnH-eM,brentrivera,0.2920676,high,I thought she was going to eat the toilet paper 😭💀🥀,23,normal,0.9
UNepVSnH-eM,brentrivera,0.2920676,high,999999+ missed calls from Louisayy 😭 😭,2,normal,0.9
UNepVSnH-eM,brentrivera,0.2920676,high,Luisayy at the start: Pls don’t tell me this is a toilet donut…,80,normal,0.9
UNepVSnH-eM,brentrivera,0.2920676,high,Louisayy where are you?😂😂😂,5,normal,0.9
UNepVSnH-eM,brentrivera,0.2920676,high,Atleast its not a toilet donut😂😂😂😂,1,normal,0.9
UNepVSnH-eM,brentrivera,0.2920676,high,Loisayyy we need you,14,normal,0.9
JNKD9OBSl3c,brentrivera,0.29051998,high,Like this short for good luck in 2025❤,1101,normal,0.95
JNKD9OBSl3c,brentrivera,0.29051998,high,When Brent said “I’m going to prank my girlfriend” not me thinking it would be Pierson 💀🙈,1433,normal,0.9
JNKD9OBSl3c,brentrivera,0.29051998,high,Lexi whole attitude changed😅😂,34,normal,0.9
JNKD9OBSl3c,brentrivera,0.29051998,high,Number 3 back fired so hard,204,normal,0.9
JNKD9OBSl3c,brentrivera,0.29051998,high,"The way Lexi says 
BRENTtT!!!
Got me dying 😂",253,normal,0.9
JNKD9OBSl3c,brentrivera,0.29051998,high,Number 3😂😂pranked him and backfired sooooooo hard,21,normal,0.9
JNKD9OBSl3c,brentrivera,0.29051998,high,Number 3 was emotional damage,113,normal,0.85
JNKD9OBSl3c,brentrivera,0.29051998,high,#3 was hilarious 😂😂😆😂,18,normal,0.9
JNKD9OBSl3c,brentrivera,0.29051998,high,W,1,normal,0.8
JNKD9OBSl3c,brentrivera,0.29051998,high,2024 was peak prank szn 😂😂😂😂😂😂,1,normal,0.9
JNKD9OBSl3c,brentrivera,0.29051998,high,The second one just made me feel 😢😢😢😢😢😢😢😢😢😢😢😢😢😢,4,normal,0.85
JNKD9OBSl3c,brentrivera,0.29051998,high,AYO,1,normal,0.8
JNKD9OBSl3c,brentrivera,0.29051998,high,So cute but so funny at the same time 😂😂😂😂😂,12,normal,0.9
JNKD9OBSl3c,brentrivera,0.29051998,high,Is he cheating on Pearson,1,concern,0.7
JNKD9OBSl3c,brentrivera,0.29051998,high,That’s girl was cheating on Brent he me ROLING ON MY FLOOR😂😂❤,9,normal,0.7
JNKD9OBSl3c,brentrivera,0.29051998,high,Trop fort 😂😂😂,1,normal,0.85
JNKD9OBSl3c,brentrivera,0.29051998,high,Number 2 was the best 😂😂❤❤,25,normal,0.9
JNKD9OBSl3c,brentrivera,0.29051998,high,"👇🏻 if you knew, Brent had a girlfriend",1,normal,0.8
JNKD9OBSl3c,brentrivera,0.29051998,high,Lexi is always surprisingly calm in some of the pranks she is in,47,normal,0.9
JNKD9OBSl3c,brentrivera,0.29051998,high,Number 3 is one of the definitions of caught in 4k,1,normal,0.85
FBHN1b4oNgo,brentrivera,0.28442132,high,This kid is so strict he’s gonna go to military school,62,normal,0.9
FBHN1b4oNgo,brentrivera,0.28442132,high,I don’t want to hang around those kids😅😅,11,toxic,0.7
FBHN1b4oNgo,brentrivera,0.28442132,high,16:35 he got lucky💀😭,36,timestamp,0.95
FBHN1b4oNgo,brentrivera,0.28442132,high,SO how did Drew fall,1,normal,0.85
FBHN1b4oNgo,brentrivera,0.28442132,high,I also the second reason why where he says these cookies suck! Just so funny that’s the reason why I like your videos😂❤,10,normal,0.9
FBHN1b4oNgo,brentrivera,0.28442132,high,Hey brent 1:54 she looks like the teacher of the experience presentación of Roblox game,10,timestamp,0.9
FBHN1b4oNgo,brentrivera,0.28442132,high,"Brent I'm soooo sorry for your diamond play button but it's ok because when I grow up,I'm gonna be a youtuber and if I get a diamond play button I'll give it to you!It's OK if I don't get it!You need it more than me.😊❤",213,normal,0.8
FBHN1b4oNgo,brentrivera,0.28442132,high,Bro we dont saw the  other evil kids,3,normal,0.7
FBHN1b4oNgo,brentrivera,0.28442132,high,18:12 he fought teacher but did he win 😂 😂😂😂,39,timestamp,0.9
FBHN1b4oNgo,brentrivera,0.28442132,high,"Rips off shirt and says, i'm not a real doctor got me laughing😂😂😂😂😂😂😂😂😂😂",45,normal,0.8
FBHN1b4oNgo,brentrivera,0.28442132,high,He’s such a psychopath like bro I watch all of your videos like what the heck what,2,toxic,0.8
FBHN1b4oNgo,brentrivera,0.28442132,high,I don’t understand how it’s funny for that evil kids😮,89,concern,0.7
FBHN1b4oNgo,brentrivera,0.28442132,high,"Brent: ""I know that no kid is too evil for her to handle""

Scarlet: ""ARE YOU SURE ABOUT THAT?""",26,normal,0.85
FBHN1b4oNgo,brentrivera,0.28442132,high,bro really said “exposing 100 8 year olds” but there’s literally people older than 8 like that 10 year old and 13 year old,71,normal,0.75
FBHN1b4oNgo,brentrivera,0.28442132,high,That horse Pony IS really really really cool,4,normal,0.9
FBHN1b4oNgo,brentrivera,0.28442132,high,Under one hour gang,34,normal,0.8
FBHN1b4oNgo,brentrivera,0.28442132,high,Classic evil kid line “ I hate you guys “,45,normal,0.85
FBHN1b4oNgo,brentrivera,0.28442132,high,Bro the third kid mason was holding back his laugh the whole time😂,53,normal,0.9
FBHN1b4oNgo,brentrivera,0.28442132,high,"101 evil kid watch sausage party
102 evil kid girl destroyed bed
103 evil kid misbehaves at check e cheese
104 evil kid build evil robot giant
105 evil kid watch stranger things rated
106 evil kid girl skip school and go to McDonald's",2,normal,0.8
FBHN1b4oNgo,brentrivera,0.28442132,high,1:09:29 how’d he drive he got in the back seat😂😂😂,100,timestamp,0.95
HEehhF_aUis,brentrivera,0.28303236,high,THIS VIDEO WAS SO CRAZY TO FILM!!,1911,normal,0.9
HEehhF_aUis,brentrivera,0.28303236,high,It makes me so happy knowing that you and Ben are still great friends and film with each other 🫶🏻 I love you guys so much ❤️,158,normal,0.95
HEehhF_aUis,brentrivera,0.28303236,high,"he’s 27 still making 13 year old humor 
midlife crisis in advance 🥀",178,toxic,0.8
HEehhF_aUis,brentrivera,0.28303236,high,0:46 - Drew 😂,3,timestamp,0.95
HEehhF_aUis,brentrivera,0.28303236,high,8:36 He's seriously hiding the snacks in his pants!!?,6,timestamp,0.95
HEehhF_aUis,brentrivera,0.28303236,high,The fact every youtuber is using salish face on their thumbnail like even the stoke twins for a similar vid used salish face 💀🙏🏻,447,normal,0.85
HEehhF_aUis,brentrivera,0.28303236,high,9:15 OMG THE TARANTULA MY ARACHNOPHOBIA COULD NEVER 😮😮😮😮😮😮😮😮😮😮😮😂😂,138,timestamp,0.95
HEehhF_aUis,brentrivera,0.28303236,high,"19:18 ""im looking for brent"" 😂",6,timestamp,0.95
HEehhF_aUis,brentrivera,0.28303236,high,"It was so funny when David said ""excuse me? Quack quack?"" Then he start throwing water at brent 😂😂😂",2,normal,0.9
HEehhF_aUis,brentrivera,0.28303236,high,"23:06 Drew has the foolish mind of Ben, Jeremy, Derrick, and Cam combined",12,timestamp,0.95
HEehhF_aUis,brentrivera,0.28303236,high,9:05 omg that was actually real,15,timestamp,0.95
HEehhF_aUis,brentrivera,0.28303236,high,i’m so glad Brent and Ben finally see each other for the first time in forever.❤❤😊🎉,66,normal,0.95
HEehhF_aUis,brentrivera,0.28303236,high,“Those plants are. Nwew” 😂 21:40,69,timestamp,0.95
HEehhF_aUis,brentrivera,0.28303236,high,15:37 you’ve got an murderer. Bring this to the police.,16,toxic,0.85
HEehhF_aUis,brentrivera,0.28303236,high,Ben always wears a red shirt,15,normal,0.9
HEehhF_aUis,brentrivera,0.28303236,high,I remember when cam build that secret room 7:21,6,timestamp,0.95
HEehhF_aUis,brentrivera,0.28303236,high,This video is so goidy,1,normal,0.85
HEehhF_aUis,brentrivera,0.28303236,high,looks like brent finally hit puberty,9,toxic,0.7
HEehhF_aUis,brentrivera,0.28303236,high,4:32 this is my ballet song😂,17,timestamp,0.95
HEehhF_aUis,brentrivera,0.28303236,high,omg! collar of the year!,723,normal,0.85
jrgxGDb939Q,brentrivera,0.27858654,high,"hey guys :) this week's vlog is crazy😱 

subscribe and comment your ig username for AirPods :)",7508,normal,0.9
jrgxGDb939Q,brentrivera,0.27858654,high,What a nightmare! Hahaha,4783,normal,0.8
jrgxGDb939Q,brentrivera,0.27858654,high,It’s impossible for your friends to sleep in peace 😂,5819,normal,0.9
jrgxGDb939Q,brentrivera,0.27858654,high,i thought i was dreaming 😴,2466,normal,0.9
jrgxGDb939Q,brentrivera,0.27858654,high,I love how Brent just randomly has a key for everyone’s house/apartment 😂😂😂,130,normal,0.9
jrgxGDb939Q,brentrivera,0.27858654,high,OMGGG 😂😂😂,1328,normal,0.9
jrgxGDb939Q,brentrivera,0.27858654,high,The fact that he was able to stay up that late going around to his friends houses is insane,260,normal,0.9
jrgxGDb939Q,brentrivera,0.27858654,high,"Me at 3am: *sleeping*
Other people at 3am: *sleeping*
Brent: * hirering Penny Wise to scare his friends* 😑🤣",45,normal,0.9
jrgxGDb939Q,brentrivera,0.27858654,high,5:53 I love that dom still has his spaceship from when brent changed his room to a childs room 🤣,16,timestamp,0.95
jrgxGDb939Q,brentrivera,0.27858654,high,"""Pennywise"" - ""i wanna become normal.""
Me - remove your makeup.",23,normal,0.8
jrgxGDb939Q,brentrivera,0.27858654,high,"""It doesn't matter how big it is it matters what you do with it."" Wanna elaborate on that one lexi? 🤣",64,normal,0.7
jrgxGDb939Q,brentrivera,0.27858654,high,MASON DID NOTHING WRONG! BRING HIM BACK!,94,normal,0.8
jrgxGDb939Q,brentrivera,0.27858654,high,I love how Pierson was so sleepy that she didn’t really react😂🤣😅,35,normal,0.9
jrgxGDb939Q,brentrivera,0.27858654,high,"Anyone remember that video when brent exposed lexi and bens secrets, and said that he never gave away money in his videos. Now he does in every vid 😂. Love you guys ❤",31,normal,0.9
jrgxGDb939Q,brentrivera,0.27858654,high,"Brent- ""What is the biggest regret you've ever had in your life?""
Pierson- ""Not confessing my love for you""
Exactly!!!you guys belong together!!😍",190,normal,0.9
jrgxGDb939Q,brentrivera,0.27858654,high,"""Alright So I think it's Me and Pierson's Turn Now"" I thought He was Telling about The kiss 😂",190,normal,0.8
jrgxGDb939Q,brentrivera,0.27858654,high,The fact Brent is up at 3am to scare his friends is lit!!🔥🔥,0,normal,0.9
jrgxGDb939Q,brentrivera,0.27858654,high,"Who else wants Pierson and Brent to be official already 🙋‍♀️🥰🥺❤️‍🔥🔥
👇🏻",51,normal,0.9
jrgxGDb939Q,brentrivera,0.27858654,high,MASON GOT KICKED OUT OF THE GROOP BC HE WASNT WEARING A MASK! LET HIM BACK IN!!!,27,normal,0.8
jrgxGDb939Q,brentrivera,0.27858654,high,i laughed so hard on andrews. that was hilarious 🤣,50,normal,0.9
fSOscKdE4xY,brentrivera,0.2762739,high,36:15 Dom's walk🤣,19,timestamp,0.9
fSOscKdE4xY,brentrivera,0.2762739,high,Any one 2025??,5,normal,0.7
fSOscKdE4xY,brentrivera,0.2762739,high,THE SMALL BRENT IS SO FUNNY LOL 😂 HE LOOKS ACTUALLY LIKE BRENT,196,normal,0.9
fSOscKdE4xY,brentrivera,0.2762739,high,People who feel sad for Ashten.🙁😕,89,concern,0.6
fSOscKdE4xY,brentrivera,0.2762739,high,9:29 Drew was screaming you see😊,4,timestamp,0.9
fSOscKdE4xY,brentrivera,0.2762739,high,i was truly terrified when she ATTACKED ME,484,normal,0.7
fSOscKdE4xY,brentrivera,0.2762739,high,ppl; who wathching in 2025,1,normal,0.7
fSOscKdE4xY,brentrivera,0.2762739,high,"Honestly in my opinion, I would cry in half of these!",155,normal,0.8
fSOscKdE4xY,brentrivera,0.2762739,high,People from shorts 👇🏼,6,normal,0.7
fSOscKdE4xY,brentrivera,0.2762739,high,The strongest man then :🤬😡 the strongest man now:😝🤡,0,toxic,0.8
fSOscKdE4xY,brentrivera,0.2762739,high,Who has a crush on the Ashton that had the crumbl cookie,7,inappropriate,0.8
fSOscKdE4xY,brentrivera,0.2762739,high,17:43  ok bro this is reminding me of stoke twins 100%?,5,timestamp,0.9
fSOscKdE4xY,brentrivera,0.2762739,high,Poor dom,1,normal,0.8
fSOscKdE4xY,brentrivera,0.2762739,high,10:14 I would be terrified 😱( btw my biggest fear is lifts/elevators),4,timestamp,0.9
fSOscKdE4xY,brentrivera,0.2762739,high,31:30 was so disgusting,11,toxic,0.7
fSOscKdE4xY,brentrivera,0.2762739,high,Any one from 2025,5,normal,0.7
fSOscKdE4xY,brentrivera,0.2762739,high,I’m 2025,1,normal,0.7
fSOscKdE4xY,brentrivera,0.2762739,high,AT 33:27 Dom said drew licked him when his hand didnt touch his tongue 😂,5,timestamp,0.9
fSOscKdE4xY,brentrivera,0.2762739,high,Lexi‘s face in that car crash definitely was scared. She was trying not to die. She screams like a double date as well but now blah blah.,18,concern,0.6
fSOscKdE4xY,brentrivera,0.2762739,high,Feliz aniversário Dom!,17,normal,0.9
jrMWKDV9rik,brentrivera,0.2756495,high,"if this video gets 400k likes, ill do a HOUSE TOUR in my new house❤️❤️ 

comment ""done"" as many times as you can for a shoutout💕",10588,normal,0.9
jrMWKDV9rik,brentrivera,0.2756495,high,my costume was the best 😎,10336,normal,0.9
jrMWKDV9rik,brentrivera,0.2756495,high,Alex won scariest costume but you won handsomest costume,9454,normal,0.9
jrMWKDV9rik,brentrivera,0.2756495,high,Cooper said six seven at 6:24,9,timestamp,0.95
jrMWKDV9rik,brentrivera,0.2756495,high,"Me: Seing Everyone in the party 


My brain: WHERES PIERSON!!!!",641,normal,0.85
jrMWKDV9rik,brentrivera,0.2756495,high,"Anyone else notice that when brent said "" we are going to order some food""  below it was written ""oder"". Like if u noticed it.",181,normal,0.9
jrMWKDV9rik,brentrivera,0.2756495,high,"Lexi: that’s easy
Also Lexi: gets it wrong",59,normal,0.9
jrMWKDV9rik,brentrivera,0.2756495,high,"Lexi: ""this is no fun""
Also lexi:*laughing*",15,normal,0.9
jrMWKDV9rik,brentrivera,0.2756495,high,"Brent: Who's missing?
Alex: Ben and Jeremy
Pierson: Am i a joke?",444,normal,0.9
jrMWKDV9rik,brentrivera,0.2756495,high,"What do you think about Jeremy's costume.

Lexi: ""I think it's humiliating""
😂😂😂XD",573,normal,0.9
jrMWKDV9rik,brentrivera,0.2756495,high,"Lexi: ""it's gonna be so easy""
Also lexi: * cuts the actual airpod *",81,normal,0.9
jrMWKDV9rik,brentrivera,0.2756495,high,2:19 RIP Headphone users,2,timestamp,0.95
jrMWKDV9rik,brentrivera,0.2756495,high,"Everyone: ""Done""
Me: Where's Pierson?",120,normal,0.85
jrMWKDV9rik,brentrivera,0.2756495,high,I love how cooper was so excited to see Lexi 😂,202,normal,0.9
jrMWKDV9rik,brentrivera,0.2756495,high,"At 3:26 Brent: who's missing 
Me:Pierson
Others:Ben and  Jeremy 
Me:😐",41,timestamp,0.95
jrMWKDV9rik,brentrivera,0.2756495,high,3:32 jesus entering on a Halloween party is such a strong decision 😂,2,normal,0.9
jrMWKDV9rik,brentrivera,0.2756495,high,Mason is a type of friend that everyone needs.,717,normal,0.9
jrMWKDV9rik,brentrivera,0.2756495,high,"Man: *breaths fire*
Lexi: is he a dragon?
Me:😂🤣😅",53,normal,0.9
jrMWKDV9rik,brentrivera,0.2756495,high,Omg the best part Brent just randomly brought out Lexi's first kiss and have Ben come to meet him😹😹😹😹,72,normal,0.9
jrMWKDV9rik,brentrivera,0.2756495,high,4 : 58 got me loooooooooooool,1,timestamp,0.95
o5-5m2-HmEM,brentrivera,0.27496338,high,Piersons reaction was too funny she started backing up in her seat 😂😂😂,266,normal,0.95
o5-5m2-HmEM,brentrivera,0.27496338,high,I legit thought Pierson was gonna pee herself 😂,353,normal,0.95
o5-5m2-HmEM,brentrivera,0.27496338,high,Pearson going crazy,5,normal,0.9
o5-5m2-HmEM,brentrivera,0.27496338,high,Pierson be like “aaaahhhhhhhhhhhh I want to live another day ahhhhhhhhhhhhh”,11,normal,0.9
o5-5m2-HmEM,brentrivera,0.27496338,high,Piersons reaction was so funny that she put the legs up screamed like she got jumped scared and a lot more 😂❤,35,normal,0.95
o5-5m2-HmEM,brentrivera,0.27496338,high,Bro i can't stop watching this😂,45,normal,0.9
o5-5m2-HmEM,brentrivera,0.27496338,high,The way they all like screamed made me fall off my bed🤣🤣🤣,15,normal,0.9
o5-5m2-HmEM,brentrivera,0.27496338,high,Pearson saw her life flash began re her eyes 😂,9,normal,0.9
o5-5m2-HmEM,brentrivera,0.27496338,high,BRO Pierson is so funny her reaction was awesome! 😂❤,57,normal,0.95
o5-5m2-HmEM,brentrivera,0.27496338,high,Brent real fans are you here🎉🎉🎉🎉,1,normal,0.85
o5-5m2-HmEM,brentrivera,0.27496338,high,Omg Pearson's face it didn't even look like lexi was scared nice lexi ❤😅😅😅😂😂😂😂,7,normal,0.9
o5-5m2-HmEM,brentrivera,0.27496338,high,Pierson is the best on camera! Her personality always comes thru ❤❤,69,normal,0.95
o5-5m2-HmEM,brentrivera,0.27496338,high,Ngl that looks so fun😂 who else is with me,33,normal,0.9
o5-5m2-HmEM,brentrivera,0.27496338,high,"Who knew that the garage was paper?
👇🏻",1,normal,0.85
o5-5m2-HmEM,brentrivera,0.27496338,high,I know it’s a prank but Pierson cried after that it was funny but still😢😢😢,3,concern,0.8
o5-5m2-HmEM,brentrivera,0.27496338,high,Pierson is so pretty❤,34,normal,0.7
o5-5m2-HmEM,brentrivera,0.27496338,high,"Giraffe 
unicorn😂😂",2,normal,0.7
o5-5m2-HmEM,brentrivera,0.27496338,high,pierson was so scared her glasses teleported back onto her head,0,normal,0.85
o5-5m2-HmEM,brentrivera,0.27496338,high,You’re friend or lexi,1,normal,0.7
o5-5m2-HmEM,brentrivera,0.27496338,high,That looks like fun 😂😍😈❤️but I’d be scared for life if I was getting pranked 😨😳,5,normal,0.9
1OOy7LS-89w,brentrivera,0.27493608,high,My heart dropped when he said Dom got bit😮,54,normal,0.9
1OOy7LS-89w,brentrivera,0.27493608,high,Nah bro if I was walking and a snake suddenly fell onto me from a random tree  I would probably die of a heart attack before the venom could kill me,148,normal,0.9
1OOy7LS-89w,brentrivera,0.27493608,high,"Them saying no one‘s allowed to go there, but still going there 😂😂",1,normal,0.9
1OOy7LS-89w,brentrivera,0.27493608,high,I feel like u brought ur own trained snake from that zoo uncle,2,normal,0.8
1OOy7LS-89w,brentrivera,0.27493608,high,Il s'est déroulé dans ces conditions climatiques 😂😂😂😂😂,3,normal,0.7
1OOy7LS-89w,brentrivera,0.27493608,high,"No, we did not have a snake for him. I was with y’all.",10,normal,0.9
1OOy7LS-89w,brentrivera,0.27493608,high,I this gets 500 likes ill tell my crush i like her,1,normal,0.8
1OOy7LS-89w,brentrivera,0.27493608,high,❤️sorry  dom,1,normal,0.9
1OOy7LS-89w,brentrivera,0.27493608,high,Omg I wish I could join yall in your fun adventures but I also don't wanna take the risks 😂,0,normal,0.9
1OOy7LS-89w,brentrivera,0.27493608,high,Bro I like all your videos and subscribe,1,normal,0.9
1OOy7LS-89w,brentrivera,0.27493608,high,If a snake falls on me I would probably just die from being told there’s a snake on my shoulder before the venom could 😅,4,normal,0.9
1OOy7LS-89w,brentrivera,0.27493608,high,But you are the best YouTuber I watch your videos all the time. Thank you so much for posting this content.,5,normal,0.9
1OOy7LS-89w,brentrivera,0.27493608,high,"""my friend"" drew: what am i a rouch?",0,normal,0.7
1OOy7LS-89w,brentrivera,0.27493608,high,"Jay is really busy , if any youtuber talk's about animal he will be there😅😅",0,normal,0.8
1OOy7LS-89w,brentrivera,0.27493608,high,if a snake was close to me I would get a heart attack,0,normal,0.9
1OOy7LS-89w,brentrivera,0.27493608,high,I see that vid i always watch your vid i like and subscribe ❤❤,0,normal,0.9
1OOy7LS-89w,brentrivera,0.27493608,high,For next video I think you should go to the world expensive island😂🎉,3,normal,0.8
1OOy7LS-89w,brentrivera,0.27493608,high,😮😢,1,normal,0.7
1OOy7LS-89w,brentrivera,0.27493608,high,the way you explained it is perfect,1,normal,0.9
1OOy7LS-89w,brentrivera,0.27493608,high,I WATCH THIS VIDEO THIS DAY MORNING I SWEAR,1,normal,0.8
MSZr-rS8nds,brentrivera,0.27369174,high,“You can’t ride in a shopping cart” my entire childhood “I AM ABOVE THE LAW”,1361,normal,0.9
MSZr-rS8nds,brentrivera,0.27369174,high,Catcalling is a law for a reason,2194,normal,0.8
MSZr-rS8nds,brentrivera,0.27369174,high,"him: ""you cant open something before paying for it""
mom and I: ""proceeds to anyway.""",557,normal,0.9
MSZr-rS8nds,brentrivera,0.27369174,high,"‘oh..oh god! that’s her boyfriend, RUN’ got me dying 😂",12,normal,0.85
MSZr-rS8nds,brentrivera,0.27369174,high,My man just killed the whole bird population with that hamburger,471,normal,0.9
MSZr-rS8nds,brentrivera,0.27369174,high,He really thinks that we’re stupid 💀,566,normal,0.85
MSZr-rS8nds,brentrivera,0.27369174,high,"“Hey cutie!” 

“Bro I was talking to your boyfriend 😏” 
“AYO”",566,normal,0.8
MSZr-rS8nds,brentrivera,0.27369174,high,Definitely not me opening water in a shop before buying it😂,6,normal,0.9
MSZr-rS8nds,brentrivera,0.27369174,high,Hey cutie meanwhile her boyfriend walked so slow and looked so chill with it 💀💀💀,437,normal,0.85
MSZr-rS8nds,brentrivera,0.27369174,high,Imagine getting someone kicked out of a hotel.,393,normal,0.8
MSZr-rS8nds,brentrivera,0.27369174,high,Brent screaming when that girl’s  bf came over to him 😂😂,651,normal,0.85
MSZr-rS8nds,brentrivera,0.27369174,high,"""YOU CANT OPEN A THING IN THE STORE BEFORE BUYING IT""
MY DAD:🤣🤣",11,normal,0.9
MSZr-rS8nds,brentrivera,0.27369174,high,"“Can’t ride in a shopping cart…”

*Flashbacks to childhood*",223,normal,0.9
MSZr-rS8nds,brentrivera,0.27369174,high,"whose gonna tell him cat-calling being illegal isn't ""silly"" or ""dumb""",145,normal,0.8
MSZr-rS8nds,brentrivera,0.27369174,high,"Him: hey cutie 
In car:
""RUN",129,normal,0.8
MSZr-rS8nds,brentrivera,0.27369174,high,"Obviously, you can’t open something in the store before you buy it",1,normal,0.9
MSZr-rS8nds,brentrivera,0.27369174,high,“HopEfUlLy We dOnt GeT cAuGht.” *panTs a cop 2 seconds later*,319,normal,0.85
MSZr-rS8nds,brentrivera,0.27369174,high,"""today we're breaking weird laws"" 
""it's illegal to catcall a girl in public""",135,normal,0.85
MSZr-rS8nds,brentrivera,0.27369174,high,I can't believe he thinks cat calling being illegal is stupid. That's just messed up,231,concern,0.7
MSZr-rS8nds,brentrivera,0.27369174,high,Brent hope you reading you my favorite YouTuber my 6 favorite your videos are so cool,1,normal,0.95
SToocHIhCN4,brentrivera,0.27182266,high,lets get to 250k likes so we can become principal!! :P,9528,normal,0.9
SToocHIhCN4,brentrivera,0.27182266,high,Not her calling the gym teacher “Pookie” 💀😂,169,normal,0.9
SToocHIhCN4,brentrivera,0.27182266,high,People who recognize Connor from the BABBY sitting evil kids,196,normal,0.7
SToocHIhCN4,brentrivera,0.27182266,high,8:49  Mr bell fart got me,2,timestamp,0.95
SToocHIhCN4,brentrivera,0.27182266,high,My strict teacher is called Leslie😂😂😂 0:36,33,timestamp,0.95
SToocHIhCN4,brentrivera,0.27182266,high,Everybody like so we can see a video of Brent becoming principal!🎉🎉,123,normal,0.9
SToocHIhCN4,brentrivera,0.27182266,high,"The teacher is dead, when the principal sees this😅",151,normal,0.8
SToocHIhCN4,brentrivera,0.27182266,high,"Scary teacher 3d ahhhh video 💀 
 No offense intended",4,normal,0.8
SToocHIhCN4,brentrivera,0.27182266,high,3:52 Brent: no no more stikes!!!!,29,timestamp,0.95
SToocHIhCN4,brentrivera,0.27182266,high,CUTTING THE GRASS WITH SCISSORS IS FROM MR BEN!! 😂😂,151,normal,0.9
SToocHIhCN4,brentrivera,0.27182266,high,The way drew kept on getting them in trouble,46,normal,0.8
SToocHIhCN4,brentrivera,0.27182266,high,14:19 it’s Conner that evil kid he’s back!,2,timestamp,0.95
SToocHIhCN4,brentrivera,0.27182266,high,Drew:hi class its mrs harshman class:ha ha ha😂,17,normal,0.9
SToocHIhCN4,brentrivera,0.27182266,high,Ms harsh men is harsh 😂,16,normal,0.9
SToocHIhCN4,brentrivera,0.27182266,high,I CANT GET USE TOO DOM WITH A BUZZ CUT 🤣🤣,88,normal,0.8
SToocHIhCN4,brentrivera,0.27182266,high,7:32 first time i heard her swear,1,timestamp,0.95
SToocHIhCN4,brentrivera,0.27182266,high,Why is all the meanest teacher in love with gym teachers❤❤,87,normal,0.8
SToocHIhCN4,brentrivera,0.27182266,high,Good back flip drew,126,normal,0.9
SToocHIhCN4,brentrivera,0.27182266,high,12:57 her pookie😂😂😂😂😂,172,timestamp,0.95
SToocHIhCN4,brentrivera,0.27182266,high,14:19 it’s CLOBBERING TIME,2,normal,0.8
tQrx4ox7FQk,brentrivera,0.26931947,high,"love you mason❤️ enjoy your new car :) 

and smash that like button if you enjoyed this 💕",22967,normal,0.95
tQrx4ox7FQk,brentrivera,0.26931947,high,Ben crying because Mason’s happiness is the cutest thing I’ve seen today,11324,normal,0.9
tQrx4ox7FQk,brentrivera,0.26931947,high,"Okay but who doesn’t like Mason?!?
He deserved it
I’m so happy for him",7382,normal,0.9
tQrx4ox7FQk,brentrivera,0.26931947,high,"Honestly, Mason  is so sweet. He was not even mad at them for destroying his car.....He is literally a true friend",4998,normal,0.9
tQrx4ox7FQk,brentrivera,0.26931947,high,"Lexi: So surprised 
“Shut up, this is mine?!”😂😂😂🤣",122,normal,0.85
tQrx4ox7FQk,brentrivera,0.26931947,high,"6:08..aww..thats so sweet.
👇🏾
👇🏾 Like if you wish you would have a    friend like that",579,timestamp,0.8
tQrx4ox7FQk,brentrivera,0.26931947,high,"Mason: *smiling*
Also Mason: you guys suck
Mason: still *smiling*
That was soo cute 🥺",2065,normal,0.9
tQrx4ox7FQk,brentrivera,0.26931947,high,Mason is sooo sweet. I mean he's the definition of  true friend. Btw I miss him in Brent's videos :(,35,normal,0.9
tQrx4ox7FQk,brentrivera,0.26931947,high,Mason is so underrated he literally does so much for everyone's videos,1889,normal,0.9
tQrx4ox7FQk,brentrivera,0.26931947,high,"No one:
Brent: ""I feel like a proud dad""

😂😂😂😂😂",743,normal,0.85
tQrx4ox7FQk,brentrivera,0.26931947,high,"Lexi: Stop! This is mine ??? 
Brent: no no it’s masons 😂😭😂😂😂😂😂😂😂😂😂",571,normal,0.85
tQrx4ox7FQk,brentrivera,0.26931947,high,Who misses Mason,4,normal,0.85
tQrx4ox7FQk,brentrivera,0.26931947,high,3019: Destroying my friend's *Planet* and surprising him with a *new one*,2961,timestamp,0.8
tQrx4ox7FQk,brentrivera,0.26931947,high,"Lexi:”stop this is mine!” 
Brent:”no no this is mason’s”
Lexis face went from 😁 to 🥺


Edit:Thanks for 711 likes 🥰",681,normal,0.85
tQrx4ox7FQk,brentrivera,0.26931947,high,"2019: buys a car for Mason.
2029: Brent buys a mansion for Mason.",626,timestamp,0.8
tQrx4ox7FQk,brentrivera,0.26931947,high,Masons reaction almosst bought tears to my eyes hes the sweetest,15,normal,0.9
tQrx4ox7FQk,brentrivera,0.26931947,high,"Mason: “ no! Stop, you’re lying”
Also mason: “that’s not mine”
Mason again: *** takes key***",547,normal,0.9
tQrx4ox7FQk,brentrivera,0.26931947,high,when the prank doesn’t go as planned and he actually likes it 😂,1703,normal,0.9
tQrx4ox7FQk,brentrivera,0.26931947,high,"No one :


Ben: starts crying



Me: well that must have been awkward",675,normal,0.85
tQrx4ox7FQk,brentrivera,0.26931947,high,Anyone in 2025,3,normal,0.8
MnbK81zJexg,brentrivera,0.26624966,high,WHO ELSE IF FROM IG LIVE!?❤️,14636,normal,0.9
MnbK81zJexg,brentrivera,0.26624966,high,"“What’s in the shampoo?” “ idk blueberry, you tell me!” I LOST IT 😂😂😂😂😂😂",58,normal,0.9
MnbK81zJexg,brentrivera,0.26624966,high,4:02 Imagine Brent forgets that he did that and the next time he goes to take a shower he turns blue too😂😂😂,46,timestamp,0.8
MnbK81zJexg,brentrivera,0.26624966,high,"Can you and your mom do the, “You’re adopted” prank on Lexi Rivera? Like so Brent sees? And yes I liked my own comment
HOLY COW - so many likes-",1118,normal,0.7
MnbK81zJexg,brentrivera,0.26624966,high,"Mason as a life gaurd:

Mason- shark in the pool! Get a life gaurd!",50,normal,0.8
MnbK81zJexg,brentrivera,0.26624966,high,All of his friends should just move in 🤣,395,normal,0.8
MnbK81zJexg,brentrivera,0.26624966,high,Ben looks literally like a Smurf. 😂😂😂,152,normal,0.9
MnbK81zJexg,brentrivera,0.26624966,high,"He is drowning 


Mason-  ""hey! Can you shut up""!😅😅😅😂😂😂😂",4,normal,0.8
MnbK81zJexg,brentrivera,0.26624966,high,When Ben had a spider on his stomach he was shouting like the spider gonna eat him 😂😂😂😂,50,normal,0.9
MnbK81zJexg,brentrivera,0.26624966,high,Why does Brent say everybody’s their crush even though they’re obviously dating..lol,137,normal,0.8
MnbK81zJexg,brentrivera,0.26624966,high,"Dom in this video:""this is my pet spider""
Dom in another video:""get the spider off me""",315,normal,0.8
MnbK81zJexg,brentrivera,0.26624966,high,Brent is so rich and and uses the money for good reasons!! Brent is kind and funny and helpful!!,87,normal,0.9
MnbK81zJexg,brentrivera,0.26624966,high,Brent: He’s gonna look like a smurf!  Lexi: Or a blueberry! Me: OMG,125,normal,0.9
MnbK81zJexg,brentrivera,0.26624966,high,"Mason: I wonder why that noise is...          
Jeremy: *drowning*",36,normal,0.8
MnbK81zJexg,brentrivera,0.26624966,high,"Brent ""I PRANKED MY SISTER'S CRUSH""
Me: ""Uhah, more like Boyfriend""",90,normal,0.8
MnbK81zJexg,brentrivera,0.26624966,high,Mason just puts cake on Ben's face and rather than washing his face he took a shower ...... Nice xD,67,normal,0.9
MnbK81zJexg,brentrivera,0.26624966,high,Those people at the end: *wishing they picked a higher number*,211,normal,0.8
MnbK81zJexg,brentrivera,0.26624966,high,"""Completely harmless but looks terrifying."" 


Me: *Dies of fear*",40,normal,0.8
MnbK81zJexg,brentrivera,0.26624966,high,At least we know that Ben washes his whole body?,55,normal,0.9
MnbK81zJexg,brentrivera,0.26624966,high,"Ben: WHAT IS THAT?!?!?!
Me: ITS MUSIC MY GUY!🤘🤘🤘",7,normal,0.9
CS48kRpov1c,brentrivera,0.26352698,high,like this video if you've been subscribed for more than 3 months!! 🥰❤️ I'm going to message some of you :),23849,normal,0.9
CS48kRpov1c,brentrivera,0.26352698,high,You and Lexi fight like that all the time this was no prank 😭😂,32318,normal,0.9
CS48kRpov1c,brentrivera,0.26352698,high,😳😳😳😳 OMG,9694,normal,0.8
CS48kRpov1c,brentrivera,0.26352698,high,*We all know Andrew's Vogue dream is gonna be true one day*,9503,normal,0.85
CS48kRpov1c,brentrivera,0.26352698,high,5:09 awwww so cuteee Jeremy is so caring!,22,timestamp,0.95
CS48kRpov1c,brentrivera,0.26352698,high,1:58 Andrew is that perfect aesthetic boyfriend material .,174,inappropriate,0.7
CS48kRpov1c,brentrivera,0.26352698,high,Brent when he’s mad at Lexi: “Lexiiiiiya” 😂,833,normal,0.9
CS48kRpov1c,brentrivera,0.26352698,high,"Jeremy trying to convince Lexi that Brent was joking is so cute. He's such a nice guy, you can see he's got a good heart.",482,normal,0.9
CS48kRpov1c,brentrivera,0.26352698,high,"I love how whenever Brent and Lexi are mad at each other, they call each other “Lexi-ya” or “Brent-a”",449,normal,0.9
CS48kRpov1c,brentrivera,0.26352698,high,"Can we just talk about how Jeremy was going to pop off on Brent when he ""upset"" Lexi? It was so sweet",89,normal,0.9
CS48kRpov1c,brentrivera,0.26352698,high,2:03 Andrew ment Lexi,14,timestamp,0.95
CS48kRpov1c,brentrivera,0.26352698,high,yo no one is talking about Andrew and how he was so professional 😭😂,107,normal,0.9
CS48kRpov1c,brentrivera,0.26352698,high,Like it’s so funny that everyone was so desperate to get the egg and they trashed the house like that would take so long to clean up btw love ur vids Brent your amazing,650,normal,0.9
CS48kRpov1c,brentrivera,0.26352698,high,the way jeremy said “lexi.. he’s joking” 🥺💛,65,normal,0.9
CS48kRpov1c,brentrivera,0.26352698,high,5:23 Ben: 😁😟😁😟😁😟😁😟😁😟😁,13,timestamp,0.95
CS48kRpov1c,brentrivera,0.26352698,high,Ben “It’s not that deep”😂😂😂,49,normal,0.9
CS48kRpov1c,brentrivera,0.26352698,high,When Andrew said his name ANDREW DAVILA Jesus his accent literally killed me✋💗😭,63,normal,0.9
CS48kRpov1c,brentrivera,0.26352698,high,"""Done"" I love how brent can always make someone's day and he does not even know it",398,normal,0.9
CS48kRpov1c,brentrivera,0.26352698,high,Alan and Alex reaction got me so much 😂😂😂😂😂😂😂😂😂😂😂😂😂😂😂😂😂,8,normal,0.9
CS48kRpov1c,brentrivera,0.26352698,high,The fact that Andrew looks so good in a hotdog costume is crazyyyyy🤣,347,normal,0.85
Tlil4SkImp8,brentrivera,0.26343635,high,"""Hey are you awake?""
""No I'm skydiving.""",366,normal,0.9
Tlil4SkImp8,brentrivera,0.26343635,high,"""Well yeah that's how communication works""👏👌😂😭😂",331,normal,0.9
Tlil4SkImp8,brentrivera,0.26343635,high,"Relatable, so nice

Edit: Anyone watch these because they are waiting for Brent to post a new video?",76,normal,0.9
Tlil4SkImp8,brentrivera,0.26343635,high,00:48 THE PUBERY SCREECH CRY I CANT 😭,6,timestamp,0.8
Tlil4SkImp8,brentrivera,0.26343635,high,Anyone else watching old Brent  videos in 2024,25,normal,0.9
Tlil4SkImp8,brentrivera,0.26343635,high,Haha. one question...why is there bread in the fridge,186,normal,0.9
Tlil4SkImp8,brentrivera,0.26343635,high,I wish your videos were longer!,31,normal,0.9
Tlil4SkImp8,brentrivera,0.26343635,high,Brent's little voicee 😭😭😭🛐,7,normal,0.9
Tlil4SkImp8,brentrivera,0.26343635,high,If your watching this in 2020 you're a legend,10,normal,0.9
Tlil4SkImp8,brentrivera,0.26343635,high,Who is here in 2025,15,normal,0.9
Tlil4SkImp8,brentrivera,0.26343635,high,"Time traveling from 2020 to see 14 year old little Brent! He's so tiny, he's got that signature bucket hair, and his voice is so soft and quiet! It's insane to see how much his confidence level and craziness has skyrocketed in the last 8 years! Plus, his video quality has gone from homemade to professional! Brent is roughly 5 months younger in this than I am now and it's crazy to think about-- time traveling is epic! Who's with me?",6,normal,0.9
Tlil4SkImp8,brentrivera,0.26343635,high,His ringtone tho,1,normal,0.9
Tlil4SkImp8,brentrivera,0.26343635,high,"“No I’m sky diving” 


😂",41,normal,0.9
Tlil4SkImp8,brentrivera,0.26343635,high,"OMFG OMFG FINALLY somebody put at least ONE of the wanted songs on one of their videos,not to mention you also put my favorite one😆thank you",1,normal,0.9
Tlil4SkImp8,brentrivera,0.26343635,high,Brent is an awesome content creator since 2012!I wish I knew him since then!,11,normal,0.9
Tlil4SkImp8,brentrivera,0.26343635,high,Sooo weird watching this 8 years later he is so different now.,3,normal,0.9
Tlil4SkImp8,brentrivera,0.26343635,high,0:25 “no im sky diving” lol,1,timestamp,0.8
Tlil4SkImp8,brentrivera,0.26343635,high,""" no I'm skydiving""",4,normal,0.9
Tlil4SkImp8,brentrivera,0.26343635,high,Lol the last one is same as my parents... I am gonna try saying that when my parents say r u talkinh back to me?!!,43,normal,0.9
Tlil4SkImp8,brentrivera,0.26343635,high,2020 anyone,1,normal,0.9
zTH30o6lCSM,brentrivera,0.26096034,high,This was the weirdest thing I have ever done 😩😂 Like this video if you thought this was entertaining😍😂,27538,normal,0.9
zTH30o6lCSM,brentrivera,0.26096034,high,This is wild haha,10662,normal,0.9
zTH30o6lCSM,brentrivera,0.26096034,high,"remember guys, we dated in 7th grade ! 😂 It wasn't a serious relationship at all, we were like 12 years old HAHAH",12558,normal,0.8
zTH30o6lCSM,brentrivera,0.26096034,high,Can we just talk about how shoun is the guy Brent's ex is with lolll,29,normal,0.7
zTH30o6lCSM,brentrivera,0.26096034,high,"""Whats Eva going to think"" 3:21
OMG that was so funny😂😂😂😂😂😂😂😂😂😂😂😂😂😂😂😂
Like if you agree",690,timestamp,0.9
zTH30o6lCSM,brentrivera,0.26096034,high,"Comments
7% hating their ex
3% being single for life
90% WhAt WiLl EvA tHiNk",2121,normal,0.8
zTH30o6lCSM,brentrivera,0.26096034,high,*sees the title* WAIT you have had a EX,2570,normal,0.7
zTH30o6lCSM,brentrivera,0.26096034,high,"That guy was shawn 😂
He's always sus😂",14,normal,0.8
zTH30o6lCSM,brentrivera,0.26096034,high,"""What do you guys think?""

""What's Eva gonna think?""

😂😂😂😂😂",1311,normal,0.8
zTH30o6lCSM,brentrivera,0.26096034,high,"This is how many people didn’t know Brent has an ex-girlfriend until now 😂
Also tysm for the like and replies

⬇️",1893,normal,0.9
zTH30o6lCSM,brentrivera,0.26096034,high,Eva didn’t approve of this video 😂😂,4378,normal,0.9
zTH30o6lCSM,brentrivera,0.26096034,high,6:13 SHAWN!?IS THAT U!?,6,timestamp,0.9
zTH30o6lCSM,brentrivera,0.26096034,high,"Wait... hold up, this is your ex from MIDDLE SCHOOL? You haven’t been in a realationship since then lol I’m sorry 😂",322,normal,0.8
zTH30o6lCSM,brentrivera,0.26096034,high,"""we dated in middle school for about two months""",448,normal,0.8
zTH30o6lCSM,brentrivera,0.26096034,high,• Eva left the chat •,373,normal,0.7
zTH30o6lCSM,brentrivera,0.26096034,high,OMG THATS SHAWN,0,normal,0.8
zTH30o6lCSM,brentrivera,0.26096034,high,"Lol the reason why she dumped him, was because he was always around other girls.  😂👌🏼",720,normal,0.8
zTH30o6lCSM,brentrivera,0.26096034,high,**Plot twist* all the papers said “ex”,894,normal,0.7
zTH30o6lCSM,brentrivera,0.26096034,high,3:20 “what’s Eva gonna say” yeah Brent what is she gonna say hmmm??!!?,782,timestamp,0.9
zTH30o6lCSM,brentrivera,0.26096034,high,At 6:00 is that Shawn from stokes twins. because if it is he’s loving it😂,2,timestamp,0.9
H3ieEUn02AI,brentrivera,0.25795656,high,Be Nice To Everyone You Meet ❤️❤️❤️,10559,normal,0.95
H3ieEUn02AI,brentrivera,0.25795656,high,Lexi smiling when her Grandma mentioned Andrew is so adorable 🥰,5061,normal,0.95
H3ieEUn02AI,brentrivera,0.25795656,high,"Nobody:
Brent: Who’s the most attractive in my friend group?
Brent’s mom: All of them are attractive 
Nana: aNdReW",3063,normal,0.8
H3ieEUn02AI,brentrivera,0.25795656,high,2026 anyone,18,normal,0.7
H3ieEUn02AI,brentrivera,0.25795656,high,We need Brent’s grandma and mom in his videos more often they’re hilarious 😂❤️,3036,normal,0.95
H3ieEUn02AI,brentrivera,0.25795656,high,I love the romance between Andrew and their grandma😂,2019,normal,0.8
H3ieEUn02AI,brentrivera,0.25795656,high,"""you just ripped off half of my extensions"" plssss 😭",799,normal,0.9
H3ieEUn02AI,brentrivera,0.25795656,high,Brent Said like this video but his mom and Nanna Said 500’000k likes and the have to do it 😅😂,13,normal,0.9
H3ieEUn02AI,brentrivera,0.25795656,high,"Brent and Lexi: who is Brent’s most attractive friend?

Brent and Lexi’s grandma: Andrew",276,normal,0.8
H3ieEUn02AI,brentrivera,0.25795656,high,"“You might think people that act happy in front of cameras are always happy, but you never know what happens behind the screens.”

Poor Lexi 🥺",562,concern,0.85
H3ieEUn02AI,brentrivera,0.25795656,high,"That moment when you prove yourself in front of those who bullied you ! Definitely a proud one for Brent and Lexi ! Don't let anyone pull you down ! Anyone for that matter.
*EDIT:* Guys.... I ain't a bot. I just expressed what i feel...",438,normal,0.9
H3ieEUn02AI,brentrivera,0.25795656,high,"0:14 mace Rapunzel maze Punzel, let down your hair",1,timestamp,0.95
H3ieEUn02AI,brentrivera,0.25795656,high,lexi's smile when nana mentioned andrew😭😭💗,281,normal,0.95
H3ieEUn02AI,brentrivera,0.25795656,high,Let’s give a round of applause for nana for saying Andrew in the question “who do you think is the most attractive of brents friend group,1040,normal,0.8
H3ieEUn02AI,brentrivera,0.25795656,high,Lexi smiling when her Grandma mentioned Andrew is so adorable,1070,normal,0.95
H3ieEUn02AI,brentrivera,0.25795656,high,Guys this video has 569k likes!!!!!❤,7,normal,0.9
H3ieEUn02AI,brentrivera,0.25795656,high,2:59 Look at Lexi when she says Andrew’s the most attractive 🥰,609,timestamp,0.95
H3ieEUn02AI,brentrivera,0.25795656,high,"""AHHHH YOU BROKE MY HAIR 😭😭😭😭😭😭"" Best quote of the year",67,normal,0.9
H3ieEUn02AI,brentrivera,0.25795656,high,"We love Nana, she's such a mood 😂",322,normal,0.95
H3ieEUn02AI,brentrivera,0.25795656,high,Just to remind everyone this video has over 500k likes,11,normal,0.9
5JvC6M2wXFU,brentrivera,0.2490035,high,"I hope you enjoyed this one 😘 

Wanna be next week’s shoutout? Like this video and comment “done” ❤️",16526,normal,0.9
5JvC6M2wXFU,brentrivera,0.2490035,high,You kept in my fart 😭,10308,normal,0.8
5JvC6M2wXFU,brentrivera,0.2490035,high,Pierson’s facial expression was priceless😂😂.,4823,normal,0.95
5JvC6M2wXFU,brentrivera,0.2490035,high,Only people who didn't come from tiktok are worthy of liking this.,5468,toxic,0.7
5JvC6M2wXFU,brentrivera,0.2490035,high,"0:44 🤣🤣🤣🤣
   Ben: “My friends are weird”
 4:13 
   Lexi: “ AHHH MY EYES” 😂",25,timestamp,0.95
5JvC6M2wXFU,brentrivera,0.2490035,high,Pierson was so irritated it looked like she was about to punch her..,362,normal,0.85
5JvC6M2wXFU,brentrivera,0.2490035,high,Make a move Brent don't let Pierson slip away just like how Eva did!,1896,normal,0.8
5JvC6M2wXFU,brentrivera,0.2490035,high,'Done'.  Pierson's face when Abby was talking about Brents and her relationship made me so sad. Brent don't leave Pierson EVER.,77,normal,0.9
5JvC6M2wXFU,brentrivera,0.2490035,high,"Lexi:""aHHHhHhH MMy eyYEsS""
I can't",2,normal,0.85
5JvC6M2wXFU,brentrivera,0.2490035,high,"Pierson's expression was sad, she was definitely upset",245,normal,0.9
5JvC6M2wXFU,brentrivera,0.2490035,high,Pierson was trying so hard to stop crying 🥰,729,normal,0.9
5JvC6M2wXFU,brentrivera,0.2490035,high,ben tought jeremy was Voldemort while jeremy was sitting on the couch😂😂😂😂,8,normal,0.9
5JvC6M2wXFU,brentrivera,0.2490035,high,"Dude how many girlfriends is he going to rent 
This is a whole new level of singleness 🤣🤣🤣🤣🤣",271,normal,0.85
5JvC6M2wXFU,brentrivera,0.2490035,high,Lexi hensler actually sounds like hermione lol and *DONE*,301,normal,0.9
5JvC6M2wXFU,brentrivera,0.2490035,high,"Abby : I'm into Brent 
Jeremy : Like that guy who just left out of the car 🤣🤣🤣🤣🤣",573,normal,0.9
5JvC6M2wXFU,brentrivera,0.2490035,high,4:11  ahhhh my eyes😂😂😂,2,timestamp,0.95
5JvC6M2wXFU,brentrivera,0.2490035,high,i loved it how pierson pointed out Lexi being getting shipped with almost everyone XD,187,normal,0.9
5JvC6M2wXFU,brentrivera,0.2490035,high,When Brent really gets a girlfriend everyone is probably gonna think Its a prank😂,327,normal,0.85
5JvC6M2wXFU,brentrivera,0.2490035,high,Their English accents sounded like every single American person trying to sound English ever.,70,normal,0.85
5JvC6M2wXFU,brentrivera,0.2490035,high,Love this vid! Peirsons face was so funny!,11,normal,0.9
KoHYX8N9IJU,brentrivera,0.24382421,high,Ahhh yes the “Gentleminions” have arrived…,23834,normal,0.9
KoHYX8N9IJU,brentrivera,0.24382421,high,"Alternative title: ""we dressed up as the IRS and went to watch the new minion movie""",8885,normal,0.9
KoHYX8N9IJU,brentrivera,0.24382421,high,"Me: I’m going to watch the minions in a suit, The security after seeing a man in a suit:  Brace for impact",1297,normal,0.9
KoHYX8N9IJU,brentrivera,0.24382421,high,"""LETS GET FUCKING LIT!!!!"" Got me dying and rolling on the floor XDDD",72,toxic,0.6
KoHYX8N9IJU,brentrivera,0.24382421,high,Minionss I've been watching for almost 5 years,1663,normal,0.9
KoHYX8N9IJU,brentrivera,0.24382421,high,"“I called all the people I knew”

Not a single amp member there:

Edit: y’all chill I didn’t see any if them I’m sorry I don’t need you guys constantly correcting me I get it",7604,normal,0.8
KoHYX8N9IJU,brentrivera,0.24382421,high,"""let's get fcking lit""
The girlfriend outside the building: ""wow we're over!""",1355,toxic,0.6
KoHYX8N9IJU,brentrivera,0.24382421,high,I love  that secertey says let's get f#cking lit is so funny,12,toxic,0.6
KoHYX8N9IJU,brentrivera,0.24382421,high,"POV: your the worker and you see a lot of people in suits and they say…
“10,000 tickets to the rise of gru minions”",1729,normal,0.9
KoHYX8N9IJU,brentrivera,0.24382421,high,"Her: He’s probably out cheating
Him:",2002,normal,0.7
KoHYX8N9IJU,brentrivera,0.24382421,high,"""He is probably thinking about that girl"" 
Him :",520,normal,0.7
KoHYX8N9IJU,brentrivera,0.24382421,high,"Gentleminions ohhh
""lets get fu***** lit"" i cant stop laughing it really got me",36,toxic,0.6
KoHYX8N9IJU,brentrivera,0.24382421,high,"“He’s probably cheating on me.”

What he’s actually doing:",1460,normal,0.7
KoHYX8N9IJU,brentrivera,0.24382421,high,I was literally wondering why some boys at the cinema where wearing suits!,798,normal,0.9
KoHYX8N9IJU,brentrivera,0.24382421,high,"Girlfriend: ""he's probably out cheating right now""

Me and the bois:",854,normal,0.7
KoHYX8N9IJU,brentrivera,0.24382421,high,Bruh when I was a baby I loved the minions and my first word was “bOb” LOLL,31,normal,0.9
KoHYX8N9IJU,brentrivera,0.24382421,high,"“We’re gonna take it to the next level.”

Does literally what everyone else is doing.",532,normal,0.8
KoHYX8N9IJU,brentrivera,0.24382421,high,Lol I did this with the boys and it was hilarious the looks people gave us 😂,784,normal,0.9
KoHYX8N9IJU,brentrivera,0.24382421,high,"""LeTs GeT F****INg LiT"" Got me dying🤣",789,toxic,0.6
KoHYX8N9IJU,brentrivera,0.24382421,high,Tonight we steal the brentriverrrraaaa,1,normal,0.7
DDQgkvYVbd8,brentrivera,0.24262682,high,"even if you watched this once, please watch the full thing again to help me out :)",2312,normal,0.9
DDQgkvYVbd8,brentrivera,0.24262682,high,How many likes this gets is how old Dom is 😂,652,normal,0.9
DDQgkvYVbd8,brentrivera,0.24262682,high,"Bro stealing watch’s, phones and breaking in cars 😂",8,normal,0.8
DDQgkvYVbd8,brentrivera,0.24262682,high,Its not about the action . Its about the distraction !,16,normal,0.7
DDQgkvYVbd8,brentrivera,0.24262682,high,Sale pablo escobar: hoy les vamos a enseñar a vender 10k🤑,9,normal,0.6
DDQgkvYVbd8,brentrivera,0.24262682,high,‘ oh my gyad! ‘ never gets old 😂,58,normal,0.9
DDQgkvYVbd8,brentrivera,0.24262682,high,20:59  that Jack house😅😅😅😂,57,timestamp,0.95
DDQgkvYVbd8,brentrivera,0.24262682,high,15:50 bro took it personally😂,21,timestamp,0.95
DDQgkvYVbd8,brentrivera,0.24262682,high,9:35 how notice drew  T-shirt  😂😂😂😂,14,timestamp,0.95
DDQgkvYVbd8,brentrivera,0.24262682,high,The cashier casually watching😂 9:26,60,timestamp,0.95
DDQgkvYVbd8,brentrivera,0.24262682,high,9:40 zesty ahh smile 😅,7,timestamp,0.95
DDQgkvYVbd8,brentrivera,0.24262682,high,Ok so it is 12 and I can’t stop watching this 😂,29,normal,0.9
DDQgkvYVbd8,brentrivera,0.24262682,high,5:26 she thinks that he was doin same thing else 😭,40,timestamp,0.95
DDQgkvYVbd8,brentrivera,0.24262682,high,Bro is a criminal now 😂😂😂,57,normal,0.8
DDQgkvYVbd8,brentrivera,0.24262682,high,3:34  not the boy in the back 😂,14,timestamp,0.95
DDQgkvYVbd8,brentrivera,0.24262682,high,10:22  not the car keys😂😂😂😂,10,timestamp,0.95
DDQgkvYVbd8,brentrivera,0.24262682,high,"19:49 ""put the levels in the bag🔥""",2,timestamp,0.95
DDQgkvYVbd8,brentrivera,0.24262682,high,0:08 smartest yet doing infront of the owner😂,24,timestamp,0.95
DDQgkvYVbd8,brentrivera,0.24262682,high,9:51 bro he noticed it,36,timestamp,0.95
DDQgkvYVbd8,brentrivera,0.24262682,high,10:58 I’m not snitching 😂😂😂😂😂I’m dying 😅😅😅😅,6,normal,0.9
mftftTZgI3o,brentrivera,0.23853296,high,Lil bro was devastated 💀,618,normal,0.9
mftftTZgI3o,brentrivera,0.23853296,high,not brent sticking the ring finger😭,309,normal,0.8
mftftTZgI3o,brentrivera,0.23853296,high,"The face at first 😁
The face after 😱",119,normal,0.9
mftftTZgI3o,brentrivera,0.23853296,high,Little dude looks so offended,239,normal,0.9
mftftTZgI3o,brentrivera,0.23853296,high,That face she making 😂😂😂😂,78,normal,0.9
mftftTZgI3o,brentrivera,0.23853296,high,The baby looks offended 😂😂😂😂😂😂😂😂❤❤❤😂😂😂😂❤❤❤❤,12,normal,0.9
mftftTZgI3o,brentrivera,0.23853296,high,So true I was at the doctor and this baby was starring in my soul 😂😂😂😂😂😂,54,normal,0.8
mftftTZgI3o,brentrivera,0.23853296,high,THE BABYS FACE!!😂 werde peirson when you need her,5,normal,0.7
mftftTZgI3o,brentrivera,0.23853296,high,Thats the ring finger 😂😂😂,26,normal,0.8
mftftTZgI3o,brentrivera,0.23853296,high,Frist she looked so cute then LOOKED POSSESSED,11,normal,0.9
mftftTZgI3o,brentrivera,0.23853296,high,"Guys, I love how Brett wanted to do this trend, but stayed holy and did the other finger",15,normal,0.8
mftftTZgI3o,brentrivera,0.23853296,high,The baby’s face at the end!!…..😂😂😂🤣🤣🤣🤣🤣,3,normal,0.9
mftftTZgI3o,brentrivera,0.23853296,high,She’s traumatized 😂😂,3,normal,0.9
mftftTZgI3o,brentrivera,0.23853296,high,Bro is traumatized for sure💀,1,normal,0.9
mftftTZgI3o,brentrivera,0.23853296,high,"The face at the end😭-
I cant😂",2,normal,0.9
mftftTZgI3o,brentrivera,0.23853296,high,and then the camera be like:,1,normal,0.7
mftftTZgI3o,brentrivera,0.23853296,high,Aint nobody gonna talk about the baby on a. ROLLERCOASTER 🎢,7,normal,0.8
mftftTZgI3o,brentrivera,0.23853296,high,Not me thinking the baby was gonna hit its head on the rock,1,normal,0.8
mftftTZgI3o,brentrivera,0.23853296,high,Bro was flabbergasted💀✋,1,normal,0.9
mftftTZgI3o,brentrivera,0.23853296,high,"The face at first 🥰🥰
The face at last 😩😩",3,normal,0.9
_JHIGTqkhsw,brentrivera,0.23837802,high,The way lexi just hid under that pillow for a second 😂😂,258,normal,0.9
_JHIGTqkhsw,brentrivera,0.23837802,high,The way the waiter started blushing 😅😅😂😂,140,normal,0.9
_JHIGTqkhsw,brentrivera,0.23837802,high,Keemokazi be vibin on this ngl 😂,37,normal,0.9
_JHIGTqkhsw,brentrivera,0.23837802,high,Keemokazi should react to this 😂,139,normal,0.9
_JHIGTqkhsw,brentrivera,0.23837802,high,Keemokazi should react to this fan art 😂😂😂,28,normal,0.9
_JHIGTqkhsw,brentrivera,0.23837802,high,Where is the credit for KeemoKazi?,66,normal,0.8
_JHIGTqkhsw,brentrivera,0.23837802,high,"The “No,no we’re good”😂",21,normal,0.9
_JHIGTqkhsw,brentrivera,0.23837802,high,This is like the third or second time! 😂,25,normal,0.9
_JHIGTqkhsw,brentrivera,0.23837802,high,Their dad just sitting their like “And these are my children” 😂,4,normal,0.9
_JHIGTqkhsw,brentrivera,0.23837802,high,Brother help with rizz is crazy,3,normal,0.7
_JHIGTqkhsw,brentrivera,0.23837802,high,He looked like this would be his best day ever 😅,6,normal,0.9
_JHIGTqkhsw,brentrivera,0.23837802,high,poor Lexi 😂,1,normal,0.9
_JHIGTqkhsw,brentrivera,0.23837802,high,"Bro Lexi bro, almost got smashed",13,normal,0.9
_JHIGTqkhsw,brentrivera,0.23837802,high,Lexi said we're good 😂😂😂😂😅😂😅,0,normal,0.9
_JHIGTqkhsw,brentrivera,0.23837802,high,Bro got his hopes up,1,normal,0.9
_JHIGTqkhsw,brentrivera,0.23837802,high,Lol not Brent doing Lexi derdy 😂,0,normal,0.8
_JHIGTqkhsw,brentrivera,0.23837802,high,I can't stop watching this laugh😂,1,normal,0.9
_JHIGTqkhsw,brentrivera,0.23837802,high,Just the older brother😂😂😂😂😂,0,normal,0.9
_JHIGTqkhsw,brentrivera,0.23837802,high,The way she also embarrasses him,0,normal,0.9
_JHIGTqkhsw,brentrivera,0.23837802,high,That went way to smooth,0,normal,0.9
It4afUfKHPg,brentrivera,0.2381963,high,thanks for stopping by :) ❤️ YOU WONT smash that like button ;),18144,normal,0.9
It4afUfKHPg,brentrivera,0.2381963,high,I SAW DEATH IN FRONT OF MY EYES,9138,toxic,0.7
It4afUfKHPg,brentrivera,0.2381963,high,"“My name is Lexi”
“I ain’t too sexy”
“I spend a couple hours”
“In the morning getting ready”
“My videos still flop”
“Brents on top”
“I guess that’s a sign”
“I should stick with Tik Tok”
🔥🥵🔥🌶",2433,normal,0.6
It4afUfKHPg,brentrivera,0.2381963,high,Lexi rap was so good I love how mason  isn’t afraid to do anything,31,normal,0.9
It4afUfKHPg,brentrivera,0.2381963,high,So we not gonna talk about Ben's hoodie that says virginity rocks,146,normal,0.8
It4afUfKHPg,brentrivera,0.2381963,high,This time he didn’t put boyfriend in Parentheses,446,normal,0.8
It4afUfKHPg,brentrivera,0.2381963,high,",, MY name is Lexi
I ainnt to sexy""
Bens reaction😮",199,normal,0.8
It4afUfKHPg,brentrivera,0.2381963,high,"Everyone: talking bout mason 
Me: watching Lexis rap still 😂🤣",25,normal,0.9
It4afUfKHPg,brentrivera,0.2381963,high,"Theory: when Ben turns 18, the quotations mysteriously disappear around boyfriend. Maybe they were official the whole time!!",272,normal,0.8
It4afUfKHPg,brentrivera,0.2381963,high,"“My name is Lexi”
“I ain’t to sexy”
“I spend a couple hours in the morning getting ready”
“My videos are flop”
“Brents on top”
“I guess that’s a sign”
“I should stick with tik tok”",270,normal,0.9
It4afUfKHPg,brentrivera,0.2381963,high,Haven’t seen the stokes twins in a while🤔🤔🤔,704,normal,0.7
It4afUfKHPg,brentrivera,0.2381963,high,“My name is Lexi i ain’t that sexy” - Lexi Rivera 2020 😂,479,normal,0.9
It4afUfKHPg,brentrivera,0.2381963,high,"""my name is Lexi I ain' t too sexy""

Ben: um, I don't think so",439,normal,0.8
It4afUfKHPg,brentrivera,0.2381963,high,"everyone in the comments: who else is a fan of brent! ahh like if you are 


😂",262,normal,0.9
It4afUfKHPg,brentrivera,0.2381963,high,2:14 yo Brent bro,1,timestamp,0.95
It4afUfKHPg,brentrivera,0.2381963,high,"Mason does everything for these videos lets give him some hype here pls

OMG IVE NEVER GOT THIS MUCH LIKES :0 THANKS EVERYONE",248,normal,0.9
It4afUfKHPg,brentrivera,0.2381963,high,This channel is becoming more and more about Brent endangering his friends😂,175,normal,0.7
It4afUfKHPg,brentrivera,0.2381963,high,"“Football definitely isn’t my sport”

... “you can always go back to stripping”",86,toxic,0.6
It4afUfKHPg,brentrivera,0.2381963,high,3:25 that was honestly pretty good 😂,1,timestamp,0.95
It4afUfKHPg,brentrivera,0.2381963,high,MY LIKE IS LITERALLY ONLY FOR LEXI'S DISS TRACK,463,normal,0.9
lLyabpGn5Pw,brentrivera,-0.06815568,low,"Who votes for yes
👇",11142,normal,0.9
lLyabpGn5Pw,brentrivera,-0.06815568,low,"Yesssss. Who’s with me? Edit: Thanksssss for liking!!!!! 
👇🏻",17084,normal,0.9
lLyabpGn5Pw,brentrivera,-0.06815568,low,I’m coming back in 2026 to see how many likes I got,5243,normal,0.9
lLyabpGn5Pw,brentrivera,-0.06815568,low,"Yess team come here 
👇🏻",1,normal,0.9
lLyabpGn5Pw,brentrivera,-0.06815568,low,Yess she is your fan❤❤,5370,normal,0.9
lLyabpGn5Pw,brentrivera,-0.06815568,low,100% you should tell her she would be soooo happy,1251,normal,0.9
lLyabpGn5Pw,brentrivera,-0.06815568,low,Ofc yes when you tell her she will be very happy because she's your fan ❤❤❤,79,normal,0.9
lLyabpGn5Pw,brentrivera,-0.06815568,low,"If that was me, I'm getting his phone number😂😂😂",7,normal,0.8
lLyabpGn5Pw,brentrivera,-0.06815568,low,The kids were so Entertained they didn’t even see them 😂😂,51,normal,0.9
lLyabpGn5Pw,brentrivera,-0.06815568,low,Of course you should that would make their day. It would be so nice.🎉🎉100%.     (First edit THANK YOU FOR All THE LIKES 😅),342,normal,0.9
lLyabpGn5Pw,brentrivera,-0.06815568,low,Yes 💯 you should tell her don't hesitate 😅,4,normal,0.9
lLyabpGn5Pw,brentrivera,-0.06815568,low,Yes please ❤❤❤❤,1,normal,0.9
lLyabpGn5Pw,brentrivera,-0.06815568,low,At the end was giving the girl one dollar 😂,46,normal,0.9
lLyabpGn5Pw,brentrivera,-0.06815568,low,Prime example of being more invested in screens than your own surroundings.,24,concern,0.7
lLyabpGn5Pw,brentrivera,-0.06815568,low,"You guys should totally tell her, it would make her day!",223,normal,0.9
lLyabpGn5Pw,brentrivera,-0.06815568,low,Omg!,1,normal,0.8
lLyabpGn5Pw,brentrivera,-0.06815568,low,Yes you should tell her she will be so happy!!,216,normal,0.9
lLyabpGn5Pw,brentrivera,-0.06815568,low,"That craziey
😂",4,normal,0.8
lLyabpGn5Pw,brentrivera,-0.06815568,low,How did the mother not notice?!?!🤯🤯,394,concern,0.8
lLyabpGn5Pw,brentrivera,-0.06815568,low,I am so happy that you meeted your subscribe!,1,normal,0.9
J6JSolgpNa8,brentrivera,-0.06862883,low,PAUSE !!... And give this video a thumbs up😂 which one was ur favorite pause!?😍👏🏼,28103,normal,0.9
J6JSolgpNa8,brentrivera,-0.06862883,low,"Lexi is EVIL. I enjoyed her pauses sooo much! Part 2 pleaseeee!
I love you both so much :)",1954,normal,0.9
J6JSolgpNa8,brentrivera,-0.06862883,low,"""Leave your sister alone"" Nice Cover Mother",2557,normal,0.9
J6JSolgpNa8,brentrivera,-0.06862883,low,"Mom: Are you going to torture her?
Brent: Yep
Mom: Leave your sister alone
Brent: No
lol",1774,normal,0.9
J6JSolgpNa8,brentrivera,-0.06862883,low,4:52 ben won’t leave Lexi,2,timestamp,0.95
J6JSolgpNa8,brentrivera,-0.06862883,low,"Mom: are you going to torture her?
Brent: yeah
Mom: leave your sister alone.
Brent: no
Mom: * ignores and continues walking*",1347,normal,0.9
J6JSolgpNa8,brentrivera,-0.06862883,low,"4:41 lexi says to Ben ""I'm breaking up with you"".....Anyone?",614,timestamp,0.95
J6JSolgpNa8,brentrivera,-0.06862883,low,"Mum: where's the remote.
Brent: I am using it for a YouTube video.
Mum: what",315,normal,0.9
J6JSolgpNa8,brentrivera,-0.06862883,low,I love you Lexi 💗,2,normal,0.9
J6JSolgpNa8,brentrivera,-0.06862883,low,"3:19
lexi: *sees her starbucks* *PLAY PLAY PLAY PLAY*",326,timestamp,0.95
J6JSolgpNa8,brentrivera,-0.06862883,low,lexi just confirmed her relationship with ben lol,1725,normal,0.9
J6JSolgpNa8,brentrivera,-0.06862883,low,"*Brent sees Ben picking his nose in the car and tells Lexi*

Lexi: ""I'm breaking up with you""",333,normal,0.9
J6JSolgpNa8,brentrivera,-0.06862883,low,"The first vine I have EVER heard Brent say 




LEXIUHHHHHH",213,normal,0.9
J6JSolgpNa8,brentrivera,-0.06862883,low,*When you're early and don't know what to say cause the video is just amazing!!*,412,normal,0.9
J6JSolgpNa8,brentrivera,-0.06862883,low,"“LeAvE yOuR sIsTeR aLoNe“- there mom

someone’s team lexi lmao",595,normal,0.9
J6JSolgpNa8,brentrivera,-0.06862883,low,Poor lexi,1,normal,0.9
J6JSolgpNa8,brentrivera,-0.06862883,low,"2:29
“Lexi-ah!”
“You got it on my white shoes-ah”",240,timestamp,0.95
J6JSolgpNa8,brentrivera,-0.06862883,low,"4:42 Lexi said ""I'm breaking up with u"" OMG they're such a cute couple",226,timestamp,0.95
J6JSolgpNa8,brentrivera,-0.06862883,low,who else came here just to see the most viewed video on his channel 😂,1671,normal,0.9
J6JSolgpNa8,brentrivera,-0.06862883,low,Rip for the shoes,3,normal,0.9
3-OAxZoeOk4,brentrivera,-0.06960291,low,"give this video a BIG thumbs up! 👍🏼

I love you guys ❤️😍 thank you for the endless support!😋💕",8029,normal,0.95
3-OAxZoeOk4,brentrivera,-0.06960291,low,"I hate when you tell ur friends who you like and they're like 
""Ew""",3789,normal,0.9
3-OAxZoeOk4,brentrivera,-0.06960291,low,"Anyone else watching this in 2020? Just me😂

Edit:
Anyone watching in 2021??? Just me again!
Thanks for the likes I appreciate it❤️
It’s 2022 and I got this on my fyp again🤨",1991,normal,0.95
3-OAxZoeOk4,brentrivera,-0.06960291,low,"You should do ""what you say vs. What you want to say to your crush"" PLEASE",615,normal,0.9
3-OAxZoeOk4,brentrivera,-0.06960291,low,"Person: damn it I’m 3 hours late!

Me: damn it I’m 3 YEARS late!!",186,normal,0.9
3-OAxZoeOk4,brentrivera,-0.06960291,low,am I only the one who says truth to my bestfrnd....😂😂😂 and always insult my best friend 😂😂,1551,normal,0.9
3-OAxZoeOk4,brentrivera,-0.06960291,low,this is more like “friends vs. best friends” 😂,373,normal,0.9
3-OAxZoeOk4,brentrivera,-0.06960291,low,Who els is watching this in 2020. Thx Brent for keeping us busy during COVID-19,1323,normal,0.95
3-OAxZoeOk4,brentrivera,-0.06960291,low,POV: You got this in your recommended 3 years later,633,normal,0.9
3-OAxZoeOk4,brentrivera,-0.06960291,low,Best friend sees you liking this    video.. Best friend: what did you lie about,294,normal,0.9
3-OAxZoeOk4,brentrivera,-0.06960291,low,Brent talking in the beginning of the video faster then my internet conection.,180,normal,0.9
3-OAxZoeOk4,brentrivera,-0.06960291,low,"God had a pencil
Brent had a highlighter 
God drew the world
Brent made it brighter",726,normal,0.9
3-OAxZoeOk4,brentrivera,-0.06960291,low,"k I swear if someone says “is anyone watching this in 2020?” ima lose it, it’s literally 2021",153,normal,0.9
3-OAxZoeOk4,brentrivera,-0.06960291,low,2:38 lol 😂 I'm dead the vroom vroom vavavavvaroooom,95,timestamp,0.8
3-OAxZoeOk4,brentrivera,-0.06960291,low,"OK let's do it once more u know the drill....but this time it's YouTubers

0-Collins
1-Brent
2-merrell twins
3-Brooklyn and Bailey
4-rossana 
5-alex wassabi
6-laurdiy
7-eva
8-gabbie
9-lilly singh",1389,normal,0.85
3-OAxZoeOk4,brentrivera,-0.06960291,low,"What people brag about
Then VS Now
1980: I have a TV- *beat ThAT*
2007: I have THE iphone * beat ThAt *
2020: I have toilet paper and hand sanitizer *laughs intensely*  
*AMATEURS*",473,normal,0.9
3-OAxZoeOk4,brentrivera,-0.06960291,low,I am assuming this would be relatable If I had a best friend....😂😂😂,19,normal,0.9
3-OAxZoeOk4,brentrivera,-0.06960291,low,"Brent : hit that like button  if u have every lied to your best friend 
Me : tells my friend to look away and hits it)",80,normal,0.9
3-OAxZoeOk4,brentrivera,-0.06960291,low,"""I think your girlfriend is going to dig that if she was from the 80s.""
""AHHHH ITS HUGE""
""what""
""THE PIMPLE ITS HUGE""
""Dude, your suppose to boost me up""
""You should probably go see a docter.""
(Gets up and leaves)

Hilarious, both of them.LOL",124,normal,0.9
3-OAxZoeOk4,brentrivera,-0.06960291,low,So 95k ppl have lied to their best friends. Lol,223,normal,0.9
fGYse_LO6XE,brentrivera,-0.06994837,low,"' I'm a beautiful woman on the inside. But maybe this will make me look hot on the outside'


I died. LOL",593,normal,0.9
fGYse_LO6XE,brentrivera,-0.06994837,low,"Brent's intro-30 seconds
Other youtubers-over 2 mins",1790,timestamp,0.8
fGYse_LO6XE,brentrivera,-0.06994837,low,"Eva's mind : I tink he likes me😊 
Brent's mind : mmm.. Those chicken strips are gonna be so juicy😋",452,normal,0.9
fGYse_LO6XE,brentrivera,-0.06994837,low,"""I'm a beautiful woman in the inside but maybe this will are me hot on the outside."" 😂 Same!",227,normal,0.9
fGYse_LO6XE,brentrivera,-0.06994837,low,"""I shaved my legs for this"" ME AF",418,normal,0.7
fGYse_LO6XE,brentrivera,-0.06994837,low,Seeing Brent in a hoodie I can not resist!!!! 😍😍,542,inappropriate,0.6
fGYse_LO6XE,brentrivera,-0.06994837,low,We're WAITING for our continuation! Who's with me??,227,normal,0.9
fGYse_LO6XE,brentrivera,-0.06994837,low,I'm a girl but Brent is still me on dates😂,637,normal,0.9
fGYse_LO6XE,brentrivera,-0.06994837,low,Haha I'm a girl but Brent is probably gonna be me on dates (if I ever go on any which is highly unlikely),290,normal,0.9
fGYse_LO6XE,brentrivera,-0.06994837,low,"Eva: I'm a beautiful girl on the inside and this might make me hotter…
Me: HAHAHAHA

Eva: I shaved my legs for this…
Me:HAHAHAHA

Same Reaction For Both Things xD",108,normal,0.9
fGYse_LO6XE,brentrivera,-0.06994837,low,I LOVE her dress,36,normal,0.9
fGYse_LO6XE,brentrivera,-0.06994837,low,why is it playing gta at the background.... best restaurant ever lol,384,normal,0.9
fGYse_LO6XE,brentrivera,-0.06994837,low,Love when Brent and Eva collab!,412,normal,0.9
fGYse_LO6XE,brentrivera,-0.06994837,low,"THANK YOU SO MUCH for watching!!!!!!! If you enjoyed it, hit that like button :) I love you guys :)",2144,normal,0.9
fGYse_LO6XE,brentrivera,-0.06994837,low,The “I shaved my legs for this” text is so me 😂😂😂,9,normal,0.9
fGYse_LO6XE,brentrivera,-0.06994837,low,now I want chicken strips and ramen,1122,normal,0.9
fGYse_LO6XE,brentrivera,-0.06994837,low,you guys are cute together 😂😂😂,224,normal,0.9
fGYse_LO6XE,brentrivera,-0.06994837,low,OMG! That kiss though haha,240,inappropriate,0.7
fGYse_LO6XE,brentrivera,-0.06994837,low,Who came here after watching Eva’s new video,135,normal,0.9
fGYse_LO6XE,brentrivera,-0.06994837,low,"""I am a beautifulwoman on the inside but maybe this will make me hotter on the outside""  😂",246,normal,0.9
1pWLFY3NpHA,brentrivera,-0.070599854,low,True love at first sight~,178,normal,0.9
1pWLFY3NpHA,brentrivera,-0.070599854,low,The way the bears lips looked like he was going to give you at kiss 😂😂,24,normal,0.7
1pWLFY3NpHA,brentrivera,-0.070599854,low,The bear is adorable❤,52,normal,0.95
1pWLFY3NpHA,brentrivera,-0.070599854,low,So cute 😍 💓,97,normal,0.95
1pWLFY3NpHA,brentrivera,-0.070599854,low,"If i was brent, i will quickly get inside where the bear is and i will pet it as much as i want AND can❤❤❤",1,normal,0.6
1pWLFY3NpHA,brentrivera,-0.070599854,low,Soooo cute!!!!!,6,normal,0.9
1pWLFY3NpHA,brentrivera,-0.070599854,low,Me thinking that was a dog-,1,normal,0.85
1pWLFY3NpHA,brentrivera,-0.070599854,low,❤️Aw that bears so cute ❤,0,normal,0.95
1pWLFY3NpHA,brentrivera,-0.070599854,low,❤ soo cut,1,normal,0.9
1pWLFY3NpHA,brentrivera,-0.070599854,low,The bear is so cute ❤,28,normal,0.95
1pWLFY3NpHA,brentrivera,-0.070599854,low,The way he was shaking at first,1,normal,0.8
1pWLFY3NpHA,brentrivera,-0.070599854,low,Your consistency is inspiring—keep going,5,normal,0.9
1pWLFY3NpHA,brentrivera,-0.070599854,low,"Bro, why is it so gentle?",1,normal,0.85
1pWLFY3NpHA,brentrivera,-0.070599854,low,😂😅😅😅😅😅😅😅😅😅😅😅😅😅😂😂😂😂😂😮 hahaha so funny,1,normal,0.9
1pWLFY3NpHA,brentrivera,-0.070599854,low,The way the Bear was soo kind and gentle 😂😊,0,normal,0.9
1pWLFY3NpHA,brentrivera,-0.070599854,low,Hey that's my brother,1,normal,0.8
1pWLFY3NpHA,brentrivera,-0.070599854,low,I have never seen such a calm and gentle brown bear...,0,normal,0.9
1pWLFY3NpHA,brentrivera,-0.070599854,low,I love the fact that I thought it was a dog 😂😂❤❤❤❤.... Cute 🥰🥰🥰🥺🥺,3,normal,0.9
1pWLFY3NpHA,brentrivera,-0.070599854,low,"He's so cute.............







Talking about the bear😅😅😅😅😅😂😂😂😂",3,normal,0.9
1pWLFY3NpHA,brentrivera,-0.070599854,low,That is so cute,1,normal,0.95
E1JH0ruV7FY,brentrivera,-0.070801355,low,"Somewhere Pierson is going, “Why can’t I get some of that?!” 😂",381,normal,0.9
E1JH0ruV7FY,brentrivera,-0.070801355,low,999+ missed calls from Pierson,318,normal,0.9
E1JH0ruV7FY,brentrivera,-0.070801355,low,Thats straight up dna 🧬 mix 😂,68,normal,0.9
E1JH0ruV7FY,brentrivera,-0.070801355,low,"pierson checking if her gun has bullets
😂😂😂",135,normal,0.9
E1JH0ruV7FY,brentrivera,-0.070801355,low,Now we now that the girl likes the boy😂😂😂,1,normal,0.8
E1JH0ruV7FY,brentrivera,-0.070801355,low,POV:Pierson checks if she has bullets 😂😂😂😂FR FR,13,normal,0.9
E1JH0ruV7FY,brentrivera,-0.070801355,low,the way she aggressively yanked the chocolate put of his mouth 😂😂,92,normal,0.9
E1JH0ruV7FY,brentrivera,-0.070801355,low,999+ missed calls from pierson,23,normal,0.9
E1JH0ruV7FY,brentrivera,-0.070801355,low,Brent’s gagging😂,17,normal,0.9
E1JH0ruV7FY,brentrivera,-0.070801355,low,"Bro, the amount of times I’ve watched this😔✌🏻",0,normal,0.9
E1JH0ruV7FY,brentrivera,-0.070801355,low,Not the spit dripping 😂😂😂,0,normal,0.9
E1JH0ruV7FY,brentrivera,-0.070801355,low,She’s like I don’t play about my chocolate,0,normal,0.9
E1JH0ruV7FY,brentrivera,-0.070801355,low,9999999999999999+ missed calls for Pierson,2,normal,0.9
E1JH0ruV7FY,brentrivera,-0.070801355,low,"Bro said, give me some of that😂😂😂",0,normal,0.9
E1JH0ruV7FY,brentrivera,-0.070801355,low,999+ missed calls from Pierson!,2,normal,0.9
E1JH0ruV7FY,brentrivera,-0.070801355,low,Is cash sitting on an army frier or a rice cooker😂😊,8,normal,0.9
E1JH0ruV7FY,brentrivera,-0.070801355,low,The sound he made 😂😂,0,normal,0.9
E1JH0ruV7FY,brentrivera,-0.070801355,low,She really wanted the chocolate😂,4,normal,0.9
E1JH0ruV7FY,brentrivera,-0.070801355,low,1000000000000000 missed calls from Pearson,0,normal,0.9
E1JH0ruV7FY,brentrivera,-0.070801355,low,She really wanted that kiss and that chocolate bar😂💀,1,normal,0.8
xD3pkPaW96A,brentrivera,-0.07135494,low,"LEXI VS MY BROTHER BRICE😱 Comment who you think won? 🥰

like this video if your siblings are as weird as mine ❤️",17753,normal,0.95
xD3pkPaW96A,brentrivera,-0.07135494,low,"They are siblings but all of them don’t look alike 😂

Edit: ik they don’t have too and they do look alike in some ways 

Also I never thought I’d get this many likes",4343,normal,0.9
xD3pkPaW96A,brentrivera,-0.07135494,low,"Brent: I mean Kim Kardashian’s Butt is nice.
Lexi and Brice: woah...
**eva has left the chat**

(Please Don’t Hate Me ☹️)",7033,normal,0.8
xD3pkPaW96A,brentrivera,-0.07135494,low,"“What quality in a girl is most important to me?”

Her name is Eva.",1835,normal,0.85
xD3pkPaW96A,brentrivera,-0.07135494,low,Love Lexi for calling him out the whole video😂,37,normal,0.9
xD3pkPaW96A,brentrivera,-0.07135494,low,“You've had a lot of embarassing moments” lol 😂,260,normal,0.9
xD3pkPaW96A,brentrivera,-0.07135494,low,"Brice: I'm the favorite.
Lexi: I'm favorite
Becker: where did I go.",764,normal,0.9
xD3pkPaW96A,brentrivera,-0.07135494,low,This whole video is just Lexi roasting Brent and I loved it,2404,normal,0.9
xD3pkPaW96A,brentrivera,-0.07135494,low,"The fact that all of Lexi‘s answers were roasting Brent, but she still almost won lol",13,normal,0.9
xD3pkPaW96A,brentrivera,-0.07135494,low,Lexi’s a whole mood in this video I laughed about every thing she said,761,normal,0.9
xD3pkPaW96A,brentrivera,-0.07135494,low,"“talk to mom. she’s the one that does the laundry.” 

SAVAGE!!",300,normal,0.9
xD3pkPaW96A,brentrivera,-0.07135494,low,"Brent and Lexi : talking about leather jacket
Brice : why am I even here?
Also Brice : the ceiling is soo cool",448,normal,0.9
xD3pkPaW96A,brentrivera,-0.07135494,low,I Understand Your Pain(Mostly Blake Though 😂😂😂),6,normal,0.9
xD3pkPaW96A,brentrivera,-0.07135494,low,"*""Be invisible so you could spy on shawn and camila.""*
That was the best part lol😂😅",591,normal,0.9
xD3pkPaW96A,brentrivera,-0.07135494,low,I thought your biggest phobia was eating food wrong😂😂,400,normal,0.9
xD3pkPaW96A,brentrivera,-0.07135494,low,Bryce looks like a mix of brent and the Jonas brothers XD,283,normal,0.9
xD3pkPaW96A,brentrivera,-0.07135494,low,Like if you didn’t know Brent had a brother,1,normal,0.9
xD3pkPaW96A,brentrivera,-0.07135494,low,"The amount of people watching this in 2020
⤵️",719,normal,0.9
xD3pkPaW96A,brentrivera,-0.07135494,low,I’m calling it now that his favorite sibling is Lexi because he likes to pull pranks on her 😂 idk,507,normal,0.9
xD3pkPaW96A,brentrivera,-0.07135494,low,"If lexi wasn't there, these 3 brothers would be so lonely. She is so cheerful.",598,normal,0.9
edQxNPbIcQw,brentrivera,-0.07150984,low,I love you guys so much !😍 thanks for watching ❤️ and like this video if you've peed in the pool😂😂,24251,normal,0.95
edQxNPbIcQw,brentrivera,-0.07150984,low,"""You have friends?!""
Poor Nicolette 😂",8793,normal,0.9
edQxNPbIcQw,brentrivera,-0.07150984,low,"Literally any other teenager: *sneaks out to see boys/girls*
Brent: *sneaks out to get taco bell*",2398,normal,0.9
edQxNPbIcQw,brentrivera,-0.07150984,low,"""You have friends?!""😂omg",502,normal,0.9
edQxNPbIcQw,brentrivera,-0.07150984,low,2:39 bro did Michael so dirty😂,6,timestamp,0.85
edQxNPbIcQw,brentrivera,-0.07150984,low,They have really good genes wtf,1929,normal,0.8
edQxNPbIcQw,brentrivera,-0.07150984,low,"*You have friends?* 
lmao i died",176,normal,0.9
edQxNPbIcQw,brentrivera,-0.07150984,low,Lol sometimes you forget to put on underwear😂,526,normal,0.85
edQxNPbIcQw,brentrivera,-0.07150984,low,👇People in 2026!,81,normal,0.7
edQxNPbIcQw,brentrivera,-0.07150984,low,Wow Nicolette really surprised me,317,normal,0.85
edQxNPbIcQw,brentrivera,-0.07150984,low,"YeA a TeA PArty WiTh All mY fRIeNds

yOu haVe FRIENdS?",630,normal,0.7
edQxNPbIcQw,brentrivera,-0.07150984,low,"People Fromm 2018: Oh no, i'm 2 min. late! 
Me: ehh i'm 2 years late. Oh no.

Edit: OMG THANKS FOR 293 LIKES IVE NEVER HAD SO MANY!!!!",437,normal,0.8
edQxNPbIcQw,brentrivera,-0.07150984,low,People in 2049,4,normal,0.7
edQxNPbIcQw,brentrivera,-0.07150984,low,"Nicolette - ""Yeah a tea party with all my friends""
Brent and his sis - ""YOU HAVE FRIENDS!?"" 🤣 🤣 1 like = 1 friend",683,normal,0.9
edQxNPbIcQw,brentrivera,-0.07150984,low,Nicolette is a younger version of Lexi! 🤭😦😲,504,normal,0.85
edQxNPbIcQw,brentrivera,-0.07150984,low,“You have friends ? ”. 🤣🤣omg that was so hilarious 😂,321,normal,0.9
edQxNPbIcQw,brentrivera,-0.07150984,low,"I'm hear in 2024
😅😅😅😅",1,normal,0.8
edQxNPbIcQw,brentrivera,-0.07150984,low,I love how Brent and Lexi said at the same time  “you have friends”?,663,normal,0.9
edQxNPbIcQw,brentrivera,-0.07150984,low,Me: How come this girl is younger than me and has done all these things?,413,normal,0.8
edQxNPbIcQw,brentrivera,-0.07150984,low,"This is how many “fart cards” Brent put in the questions
👇🏻",567,normal,0.85
xf3Hhx5OA_Y,brentrivera,-0.07269226,low,But my crush is a famous viner! Hmm who is it lol😂😳,62,normal,0.9
xf3Hhx5OA_Y,brentrivera,-0.07269226,low,"helpful advice. in that case...
HEY BRENT! WANNA GO OUT WITH ME!? :D
>:3",82,normal,0.8
xf3Hhx5OA_Y,brentrivera,-0.07269226,low,"""That's how you communicate with humans, you talk to them"" STAPH I can't breathe. 😂😂",6,normal,0.9
xf3Hhx5OA_Y,brentrivera,-0.07269226,low,"""If I was your crush"" my dear, you are my crush",7,normal,0.9
xf3Hhx5OA_Y,brentrivera,-0.07269226,low,I have a phobia of speaking to people. I would probably smack myself with a frying pan so that I wouldn't have to speak to anyone ever again.,8,normal,0.9
xf3Hhx5OA_Y,brentrivera,-0.07269226,low,well my crush is you and you dont talk to me hint hint now talk to me please,51,normal,0.9
xf3Hhx5OA_Y,brentrivera,-0.07269226,low,"uhh.. problem is, I'm shy.",45,normal,0.9
xf3Hhx5OA_Y,brentrivera,-0.07269226,low,"Hey Brent, are you related to a keyboard? Because your just my type! ;)",73,normal,0.8
xf3Hhx5OA_Y,brentrivera,-0.07269226,low,"lol, I cant talk to my crush!!!! to awkward and he knows I like him!!!!",32,normal,0.9
xf3Hhx5OA_Y,brentrivera,-0.07269226,low,"""mmmmhmmm that's wrong"" 
still to this day he still does that lol it's so cute tho ♡♡",1,normal,0.9
xf3Hhx5OA_Y,brentrivera,-0.07269226,low,I'll go out with you Brent!!!😍😍😍😍,8,normal,0.9
xf3Hhx5OA_Y,brentrivera,-0.07269226,low,"What if ur crush doesn't even know who you are? Like, if ur crush is a celebrity..... Exactly like you, Brent!





Wait, my crush is you... Love you! :* <3 ^_^",11,normal,0.9
xf3Hhx5OA_Y,brentrivera,-0.07269226,low,Like your watching in 2015.,45,normal,0.9
xf3Hhx5OA_Y,brentrivera,-0.07269226,low,POV your watching this is 2023😂,1,normal,0.9
xf3Hhx5OA_Y,brentrivera,-0.07269226,low,0:23 the hair,2,timestamp,0.95
xf3Hhx5OA_Y,brentrivera,-0.07269226,low,I'm socially awkward. no.,15,normal,0.9
xf3Hhx5OA_Y,brentrivera,-0.07269226,low,I feel like Knotts berry farm would play that music in the background 😂😂,4,normal,0.9
xf3Hhx5OA_Y,brentrivera,-0.07269226,low,Haha you are my crush x) ,17,normal,0.9
xf3Hhx5OA_Y,brentrivera,-0.07269226,low,Slight problem...I can't talk to people. Yeah...,22,normal,0.9
xf3Hhx5OA_Y,brentrivera,-0.07269226,low,Little did Brent know this was the hair that would be popular now in 2022,1,normal,0.9
DMPJz1veemU,brentrivera,-0.072743535,low,"This was so fun to film! ""I found a pokey thingy in my rug"" lol :)",2868,normal,0.95
DMPJz1veemU,brentrivera,-0.072743535,low,"“Oh no, their laughing” BRENT THEY LAUGH AT EVERYTHING 😂😂",68,normal,0.9
DMPJz1veemU,brentrivera,-0.072743535,low,Hope you guys enjoyed this collab with the Merrell twins! It was a fun time :) Make sure you give this video a thumbs up if I should do more collabs :),1565,normal,0.9
DMPJz1veemU,brentrivera,-0.072743535,low,"Brent: ""i found a pokey thing on my rug.""
Me: laughing hysterically...... 😂",77,normal,0.9
DMPJz1veemU,brentrivera,-0.072743535,low,OMG I DIDNT EVEN NOTICE THEY WERE SWAPPING UNTILL HE SAID😂😂 too busy focusing on what he was giving them😂😂,481,normal,0.85
DMPJz1veemU,brentrivera,-0.072743535,low,I watch the Merrelltwins videos so much I can instantly tell whos who,425,normal,0.9
DMPJz1veemU,brentrivera,-0.072743535,low,Did anyone notice that Vanessa was wearing a key necklace just like Collins Key !!!!!!!!!!!,74,normal,0.85
DMPJz1veemU,brentrivera,-0.072743535,low,its easy for me to tell the difference from the merrel twins. Anyone can?,284,normal,0.9
DMPJz1veemU,brentrivera,-0.072743535,low,3 of the most genuine people on youtube :) . do MORE vids with the Merrell Twins!,220,normal,0.9
DMPJz1veemU,brentrivera,-0.072743535,low,"Just in case ya'll wanted to know, the tweet said:

Sorry i haven't tweeted today... I was taking a really long poop        **Poop emoji**",139,normal,0.8
DMPJz1veemU,brentrivera,-0.072743535,low,"I love the Merrell twins, they're so nice oml",165,normal,0.9
DMPJz1veemU,brentrivera,-0.072743535,low,am I the only one that knows who is Vanessa and who is Veronica? Lol XD,408,normal,0.9
DMPJz1veemU,brentrivera,-0.072743535,low,Aww they are all so cute😍😂,76,normal,0.9
DMPJz1veemU,brentrivera,-0.072743535,low,For some reason I can easily tell them apart xD,56,normal,0.9
DMPJz1veemU,brentrivera,-0.072743535,low,THUMBS UP IF BRENT IS YOUR FAVE,298,normal,0.9
DMPJz1veemU,brentrivera,-0.072743535,low,"OMG I did not  saw this it's 2020 and They posted this 4 year's ago ,  I finally saw my favourite  youtubers together I am so happy",40,normal,0.9
DMPJz1veemU,brentrivera,-0.072743535,low,who else liked the video first?!?😂,191,normal,0.9
DMPJz1veemU,brentrivera,-0.072743535,low,I want a YouTube Shirt so bad,19,normal,0.85
DMPJz1veemU,brentrivera,-0.072743535,low,Brent sound effects tho 😂😂😂😂,6,normal,0.9
DMPJz1veemU,brentrivera,-0.072743535,low,i ship him with either one of the girls😂,108,normal,0.7
fy3RRHM4I3Y,brentrivera,-0.073992275,low,Never seen Lexi be so kind to Brent 😂❤,3899,normal,0.95
fy3RRHM4I3Y,brentrivera,-0.073992275,low,Man I really want to try your levels that you made bc I’ve never ate levels before 😢😢😢😢,3,normal,0.9
fy3RRHM4I3Y,brentrivera,-0.073992275,low,The first time I’ve seen lexi be kind to brent,5,normal,0.9
fy3RRHM4I3Y,brentrivera,-0.073992275,low,Omg  Lexi  is  so  nice.❤❤Brent your   the  best😊❤❤,0,normal,0.95
fy3RRHM4I3Y,brentrivera,-0.073992275,low,I never tried it  but it looks nice and subtle to brent,20,normal,0.85
fy3RRHM4I3Y,brentrivera,-0.073992275,low,Your hair looks nice 😂❤❤,4,normal,0.9
fy3RRHM4I3Y,brentrivera,-0.073992275,low,The most common type of a person in the family is an individual,6,normal,0.7
fy3RRHM4I3Y,brentrivera,-0.073992275,low,How do you get levels? I've only had one packet before and it was amazing,1,normal,0.9
fy3RRHM4I3Y,brentrivera,-0.073992275,low,Finally Lexi’s being nice to Brent not roasting him,16,normal,0.9
fy3RRHM4I3Y,brentrivera,-0.073992275,low,Missy and Sheldon Vibes 😂😂😂,14,normal,0.85
fy3RRHM4I3Y,brentrivera,-0.073992275,low,I love your chip brand for real it’s so GOOOODDDD btw Lexi you ate,80,normal,0.9
fy3RRHM4I3Y,brentrivera,-0.073992275,low,Bro I love LEVELS! And since was Lexi so nice?,1,normal,0.85
fy3RRHM4I3Y,brentrivera,-0.073992275,low,I want to try levels but it’s not in Australia,49,normal,0.9
fy3RRHM4I3Y,brentrivera,-0.073992275,low,I think they’re really good and you’re so confident and brave for telling people about their chips,12,normal,0.9
fy3RRHM4I3Y,brentrivera,-0.073992275,low,His trip round should be good.Cause I don't eat them in my store.Desire to live in england engl,7,normal,0.7
fy3RRHM4I3Y,brentrivera,-0.073992275,low,"hey Brett, I just really want your chip brand I had never tried it before. Can you send me the link?",0,normal,0.9
fy3RRHM4I3Y,brentrivera,-0.073992275,low,Levels are so good❤,17,normal,0.95
fy3RRHM4I3Y,brentrivera,-0.073992275,low,"I love it, but I can’t get levels",9,normal,0.9
fy3RRHM4I3Y,brentrivera,-0.073992275,low,Lexi is a True sister for helping brent,157,normal,0.95
fy3RRHM4I3Y,brentrivera,-0.073992275,low,I’ve tried it one time but I never wanted it. I wanted it so much. I got it for Christmas if you guys want it maybe just put it on your Christmas list.,1,normal,0.85
ltpb5A-6d2Q,brentrivera,-0.07597725,low,“I gotta hold onto the wig darling!” Had me dying 😂,50,normal,0.95
ltpb5A-6d2Q,brentrivera,-0.07597725,low,Edna must have some CRAZY leg muscles to walk like that!😂❤,198,normal,0.95
ltpb5A-6d2Q,brentrivera,-0.07597725,low,"When they go on that ride, it makes me laugh so much 😂",74,normal,0.95
ltpb5A-6d2Q,brentrivera,-0.07597725,low,Gotta hold my wig darling got me rolling on floor 😂😂,13,normal,0.95
ltpb5A-6d2Q,brentrivera,-0.07597725,low,I GOTTA HOLD ONTO THE WIG DARLING😂😂,19,normal,0.95
ltpb5A-6d2Q,brentrivera,-0.07597725,low,I'M reAdY TOo gO hoMe😬got me dying!!,1,normal,0.9
ltpb5A-6d2Q,brentrivera,-0.07597725,low,The most character of all time:edna,5,normal,0.9
ltpb5A-6d2Q,brentrivera,-0.07597725,low,How exciting😂😂😂😂,1,normal,0.9
ltpb5A-6d2Q,brentrivera,-0.07597725,low,"""What do you know anyway"" 🤣🤣🤣🤣🤣🤣🤣",2,normal,0.9
ltpb5A-6d2Q,brentrivera,-0.07597725,low,Bending her knees😂,3,normal,0.9
ltpb5A-6d2Q,brentrivera,-0.07597725,low,Hahaha her walk got me,4,normal,0.9
ltpb5A-6d2Q,brentrivera,-0.07597725,low,“I gotta hold on to my wig”that made me roll,2,normal,0.9
ltpb5A-6d2Q,brentrivera,-0.07597725,low,Edna has the best Dance Moves 😂😂😂😂,2,normal,0.9
ltpb5A-6d2Q,brentrivera,-0.07597725,low,❤️❤❤😊❤❤❤wow la del los increíbles ❤❤❤😊,1,normal,0.9
ltpb5A-6d2Q,brentrivera,-0.07597725,low,I gotta hold on to the wig lol😂,3,normal,0.9
ltpb5A-6d2Q,brentrivera,-0.07597725,low,Best collab in history lol,3,normal,0.9
ltpb5A-6d2Q,brentrivera,-0.07597725,low,I’ve got to hold on to my wig darling 😂,3,normal,0.9
ltpb5A-6d2Q,brentrivera,-0.07597725,low,I'm ready to go home darling got me dying 😂😂😂,0,normal,0.9
ltpb5A-6d2Q,brentrivera,-0.07597725,low,I love it when she say ‘darling’😂,2,normal,0.9
ltpb5A-6d2Q,brentrivera,-0.07597725,low,My knees could never 😂😂,0,normal,0.9
gnDUelZW9CY,brentrivera,-0.07835129,low,doest anyone on weekdays want to wakeup around 1:00pm and on weekends actually want to wakeup early. like if you can relate,401,normal,0.9
gnDUelZW9CY,brentrivera,-0.07835129,low,The struggle is real waking up on the weekdays,326,normal,0.9
gnDUelZW9CY,brentrivera,-0.07835129,low,Is it just me because I wake up earlier on weekends 😂,502,normal,0.9
gnDUelZW9CY,brentrivera,-0.07835129,low,"hahahahahhahahahahhahahahahahah
""wait i dont have anything to do today""
""i am going to bed""",54,normal,0.9
gnDUelZW9CY,brentrivera,-0.07835129,low,"Weekday Brent is adorable
Weekend Brent is HOT

Lol, I love you. This video is SO relatable!",139,inappropriate,0.7
gnDUelZW9CY,brentrivera,-0.07835129,low,"Thank you guys SOOOO much for watching this new video :) If you related to it in any way, don't forget to click that like button, Love you guys to the moon and back :):)",1234,normal,0.9
gnDUelZW9CY,brentrivera,-0.07835129,low,but there's nothing worse than running into a teacher at a store...,114,normal,0.8
gnDUelZW9CY,brentrivera,-0.07835129,low,His shower is HUGE,192,normal,0.7
gnDUelZW9CY,brentrivera,-0.07835129,low,"Lol😂. Seriously, I have no idea if anyone else relates to this, but on weekdays I wake up like a zombie like everyone else. Literally, it's so early because I wake up at 6.00am. However, on weekends I still wake up early! I check the time and it's like 8:10am and I get SO mad because I'm meant to be asleep for a long time but I still wake up early as though it were a school day.😠",47,normal,0.9
gnDUelZW9CY,brentrivera,-0.07835129,low,Ahhh 😍😍😍 the shower scene of the weekend was adorable,49,normal,0.8
gnDUelZW9CY,brentrivera,-0.07835129,low,"damn i feel like im the only person not going to digifest uGH im sad, but this video was so accurate!!",122,normal,0.9
gnDUelZW9CY,brentrivera,-0.07835129,low,"Brent, you rocked it at Digi fest yesterday! You're so hilarious! I love your vids. Dont ever give up!!",210,normal,0.9
gnDUelZW9CY,brentrivera,-0.07835129,low,"you forgot the part where you bang into a wall on the weekdays 
no but i love your videos so much & this was SO relatable!",111,normal,0.9
gnDUelZW9CY,brentrivera,-0.07835129,low,1:36 I never laughed so hard in my life,2,timestamp,0.95
gnDUelZW9CY,brentrivera,-0.07835129,low,I bet his profile picture was taken on a weekend LOL,23,normal,0.8
gnDUelZW9CY,brentrivera,-0.07835129,low,"On the weekend all I do is lay in bed and sleep, eat, and play on my phone, iPad and laptop XD",7,normal,0.9
gnDUelZW9CY,brentrivera,-0.07835129,low,He doesn't sing in the shower guys he performs!,3,normal,0.9
gnDUelZW9CY,brentrivera,-0.07835129,low,Back to bed! That's so me 😂,3,normal,0.9
gnDUelZW9CY,brentrivera,-0.07835129,low,1:56 haha that is me !! 😀I always fall down like that on weekdays !!,2,timestamp,0.95
gnDUelZW9CY,brentrivera,-0.07835129,low,"2:20 Dude, you know you're high off of life when you're hallucinating breakfast",1,timestamp,0.95
qDJBJmjxjAA,brentrivera,-0.07874332,low,Don't forget to PAUSE this video and give it a LIKE if you would do this with your siblings!,10184,normal,0.9
qDJBJmjxjAA,brentrivera,-0.07874332,low,i know ben and lexi are dating but 5:32 was so cute when caleb helped take the silly string out of lexi’s hair,621,timestamp,0.8
qDJBJmjxjAA,brentrivera,-0.07874332,low,"""you broke the water""

Brent, 2019",262,normal,0.7
qDJBJmjxjAA,brentrivera,-0.07874332,low,"Did anyone else notice that caleb is wearing a *sisters* sweatshirt? 😂😂

Edit: Omg thank you so much for all of the likes guys! ♥️♥️",280,normal,0.9
qDJBJmjxjAA,brentrivera,-0.07874332,low,0:00  That Boom!! was Scary!!😂,41,timestamp,0.8
qDJBJmjxjAA,brentrivera,-0.07874332,low,Actually i seriously think that caleb has a crush on lexi or they both can date 😂. The way caleb helped lexi taking off the silly strings and he also refused the idea of pushing her in the pool was so sweet. 😂😂,498,inappropriate,0.7
qDJBJmjxjAA,brentrivera,-0.07874332,low,"Why dose lexi and Brent always say :     

lexiaaaah 

BRENTAAAAAH",580,normal,0.8
qDJBJmjxjAA,brentrivera,-0.07874332,low,1:21 Caleb rocking the sisters merch hi sister Caleb😂❤️,110,timestamp,0.8
qDJBJmjxjAA,brentrivera,-0.07874332,low,"What an intro 
i literally got scared 🤣",8,normal,0.9
qDJBJmjxjAA,brentrivera,-0.07874332,low,"Haha I love how Brent gets mad at Lexi cause his $1.50 ice cream melted but he literally ruined her much more expensive burger 😂😂

Edit: OMG so many likes. Thank you.",659,normal,0.9
qDJBJmjxjAA,brentrivera,-0.07874332,low,"Is it just me or does Caleb and Lexi look HELLA cute together like, DAMNNN",509,inappropriate,0.7
qDJBJmjxjAA,brentrivera,-0.07874332,low,I think it’s so freaking adorable that Caleb is wearing a Sisters sweatshirt 😂,485,normal,0.9
qDJBJmjxjAA,brentrivera,-0.07874332,low,I just love the fact that they are so honest and sincere about their tasks in vids,71,normal,0.9
qDJBJmjxjAA,brentrivera,-0.07874332,low,"“Sister Caleb” 😂😂 love Caleb’s hot pink hair

*Caleb*- I look so pretty 

*me*- yes you do",203,normal,0.9
qDJBJmjxjAA,brentrivera,-0.07874332,low,"Let's see who wins

Boys are odd numbers
Girls are even",2646,normal,0.8
qDJBJmjxjAA,brentrivera,-0.07874332,low,2:50 “You know Brent is outside with an ice cream cone” 😂,148,timestamp,0.8
qDJBJmjxjAA,brentrivera,-0.07874332,low,"Brent: sorry Lexi!
Lexi: it’s not okay!",8,normal,0.9
qDJBJmjxjAA,brentrivera,-0.07874332,low,"""But for now Caleb is my sister""
~Brent 2k19",216,normal,0.7
qDJBJmjxjAA,brentrivera,-0.07874332,low,I am now waiting for part three !! Who’s with me 😍😍,271,normal,0.9
qDJBJmjxjAA,brentrivera,-0.07874332,low,"Did anyone notice that Caleb is wearing sister's sweatshirt??

😂😂😉",338,normal,0.9
gtjh7ucYbRg,brentrivera,-0.07915168,low,"My grandma just discovered YouTube and she was like ""Hey come here look! I can search it any video I want and it will pop up!"" And I was like yeah nice grandma",2517,normal,0.95
gtjh7ucYbRg,brentrivera,-0.07915168,low,"Kids: 
Brent: Dude take a picture real quick
Friend: Yea sure

Parents:
Brent: Hey mom take a picture real quick
Mom: HOW DO YOU WORK THIS THING!?!?",338,normal,0.9
gtjh7ucYbRg,brentrivera,-0.07915168,low,"Once my mom asked me: Honey,how to delete messages? 
Me:😑...",188,normal,0.9
gtjh7ucYbRg,brentrivera,-0.07915168,low,"3:35 ""Im trying to talk to surrii""",66,timestamp,0.8
gtjh7ucYbRg,brentrivera,-0.07915168,low,This will be us in the future,1771,normal,0.9
gtjh7ucYbRg,brentrivera,-0.07915168,low,"Mom: how do you delete a message
Me: just don’t text




Me: Gets beat up",337,normal,0.85
gtjh7ucYbRg,brentrivera,-0.07915168,low,"My grandma keeps asking me what her Facebook password is....





She doesn’t even have Facebook.",185,normal,0.9
gtjh7ucYbRg,brentrivera,-0.07915168,low,“The more smarter you get the more tests you fail” I died 😜🤪😂🤣,75,normal,0.9
gtjh7ucYbRg,brentrivera,-0.07915168,low,"""The more tests you fail the smarter you are!""
😂 gets me every time",43,normal,0.9
gtjh7ucYbRg,brentrivera,-0.07915168,low,At 3:40 I’m literally dying of laughter 😂😂😂🤣🤣,184,timestamp,0.85
gtjh7ucYbRg,brentrivera,-0.07915168,low,"Hahahaha, my favorite part was when your mom yells at Siri 😂😂😂",841,normal,0.9
gtjh7ucYbRg,brentrivera,-0.07915168,low,"Who is looking for 4 years ago in 2020
👇🏾",450,normal,0.85
gtjh7ucYbRg,brentrivera,-0.07915168,low,"my dad is always like ""Jenny how do you take a screenshot?"" and I'm like ""Let the master show you"" and afterwards he's like ""omg thank you""",133,normal,0.9
gtjh7ucYbRg,brentrivera,-0.07915168,low,"My mom yells into the phone too!! Im just like, maybe it can't understand u because ur being to loud!",385,normal,0.9
gtjh7ucYbRg,brentrivera,-0.07915168,low,"When your grandma uses the wrong emoji 

Hi sweetie 😈👹",559,normal,0.9
gtjh7ucYbRg,brentrivera,-0.07915168,low,3:56 Brent typed so hard that his wig fell off!🤣🤣,74,timestamp,0.8
gtjh7ucYbRg,brentrivera,-0.07915168,low,my grandpa asked me how to fix his phone because he thought it was broken but his brightness was just down so i turned it up and he thought i was a genius😂,468,normal,0.9
gtjh7ucYbRg,brentrivera,-0.07915168,low,My grandma thought she lost Google but she just minimized the screen 😂,254,normal,0.9
gtjh7ucYbRg,brentrivera,-0.07915168,low,I love you guys so much :) thanks for watching :) like the video if your parents are like this too hahaha,2415,normal,0.95
gtjh7ucYbRg,brentrivera,-0.07915168,low,When he talks to Siri I almost die laughing it is hilarious,94,normal,0.9
eyL99dNOfnA,brentrivera,-0.07973502,low,"When Lexi screams,"" IM DONE!!!"" I love it👌",231,normal,0.9
eyL99dNOfnA,brentrivera,-0.07973502,low,Lexi from the future would be cringing right now,547,normal,0.9
eyL99dNOfnA,brentrivera,-0.07973502,low,Who else is watching this during quarantine in 2020,514,normal,0.9
eyL99dNOfnA,brentrivera,-0.07973502,low,Lexi's face when she licked the butter 😂,116,normal,0.9
eyL99dNOfnA,brentrivera,-0.07973502,low,"Nobody here in 2021??😂😂
 it's so funny, Brent's cooking show😂😂",297,normal,0.9
eyL99dNOfnA,brentrivera,-0.07973502,low,"10 years later, and this is on my for you page.😂😂😂😂😂😂",10,normal,0.9
eyL99dNOfnA,brentrivera,-0.07973502,low,His sister is adorable she helps him with everything they have a cute brother sister relationship,460,normal,0.9
eyL99dNOfnA,brentrivera,-0.07973502,low,O...M..G LEXI JUST HAS TO BE SO FANCY WITH EVERYTHING AND EVEN MIXING DA DOUGH I LOVE IT!!! AND SHE WAS ADORABLE BACK THEN,30,normal,0.9
eyL99dNOfnA,brentrivera,-0.07973502,low,brent seems like an awesome brother 🙌🏼,84,normal,0.9
eyL99dNOfnA,brentrivera,-0.07973502,low,"Who is watching this in 2024 
👇 😂",5,normal,0.9
eyL99dNOfnA,brentrivera,-0.07973502,low,Dude are you tall or is Lexi short ??? 😂,248,normal,0.8
eyL99dNOfnA,brentrivera,-0.07973502,low,Who is in 2026,2,normal,0.8
eyL99dNOfnA,brentrivera,-0.07973502,low,I remember when that song was popular,79,normal,0.9
eyL99dNOfnA,brentrivera,-0.07973502,low,Who is here after the new Brent's cooking show?,248,normal,0.9
eyL99dNOfnA,brentrivera,-0.07973502,low,1:34  if Lexi saw this she would hate her self😢😂,4,timestamp,0.7
eyL99dNOfnA,brentrivera,-0.07973502,low,who got this 10 years later to,4,normal,0.9
eyL99dNOfnA,brentrivera,-0.07973502,low,"Any people watching this in 2024?
👇🏻",5,normal,0.9
eyL99dNOfnA,brentrivera,-0.07973502,low,Am I the only one who noticed how extremely tall he is?? ,23,normal,0.9
eyL99dNOfnA,brentrivera,-0.07973502,low,Omg your sister is soooo cute! and now i want sugar cookies.... thanks Brent,20,normal,0.9
eyL99dNOfnA,brentrivera,-0.07973502,low,People in 2025 👇🏻,1,normal,0.9
DfUUT2UJTmA,brentrivera,-0.079920225,low,"How'd we do!? If you think we did AMAZING, hit that like button!😂❤️",7080,normal,0.9
DfUUT2UJTmA,brentrivera,-0.079920225,low,Lexie won disco fever 💯,261,normal,0.9
DfUUT2UJTmA,brentrivera,-0.079920225,low,Hype's definitely Brent's best move😂😂,393,normal,0.9
DfUUT2UJTmA,brentrivera,-0.079920225,low,I love how Brent's mouth is just hanging open in every dance😂😂😂,110,normal,0.9
DfUUT2UJTmA,brentrivera,-0.079920225,low,"Orange justice: both
Ride the pony: brent
Disco fever: lexi
Best mates: brent
Hype: brent
Fresh: lexi
Jubilation: brent
Groove jam: lexi
But what about floss?",415,normal,0.8
DfUUT2UJTmA,brentrivera,-0.079920225,low,Disco fever: definitely Lexi,92,normal,0.9
DfUUT2UJTmA,brentrivera,-0.079920225,low,Is there a cuter pair of siblings😍,1515,normal,0.9
DfUUT2UJTmA,brentrivera,-0.079920225,low,"The disco fever is Mithun Da in india 
How many of u agree 😂❤️",133,normal,0.8
DfUUT2UJTmA,brentrivera,-0.079920225,low,brent seems so much more hyped then lexi lmao,132,normal,0.9
DfUUT2UJTmA,brentrivera,-0.079920225,low,Okay lexi definetly won the disco dance,61,normal,0.9
DfUUT2UJTmA,brentrivera,-0.079920225,low,"Orange Justice: Brent
Ride The Pony: Brent
Disco fever: Lexi
Best Mates: Brent
Hype: Brent
Fresh: Lexi
Jubilation: Brent
Groove Jam: Lexi
Like if u agree. And also Becker is SO cute lol I love when he interferes in the vids 😂😂😂",303,normal,0.8
DfUUT2UJTmA,brentrivera,-0.079920225,low,"Lexi looked so inoccent and different
I am from the future ...2020 where Caleb doesn't exist",26,normal,0.7
DfUUT2UJTmA,brentrivera,-0.079920225,low,Who is here 2020...happy new year guys,498,normal,0.8
DfUUT2UJTmA,brentrivera,-0.079920225,low,"I Think Brent won, but Lexi was better than i thought! ❤️",110,normal,0.9
DfUUT2UJTmA,brentrivera,-0.079920225,low,Brent won!! but Lexi ruled at the disco fever and the fresh👑,113,normal,0.9
DfUUT2UJTmA,brentrivera,-0.079920225,low,"No one: 
Me: ok whatever leave, Brice won.😂🤦‍♀️",18,normal,0.8
DfUUT2UJTmA,brentrivera,-0.079920225,low,2:22 Im dead😂😂😂,47,timestamp,0.9
DfUUT2UJTmA,brentrivera,-0.079920225,low,Lmao love how genuinely excited Brent is to do he moves and Lexi is just like okay Brent chill out😂,36,normal,0.9
DfUUT2UJTmA,brentrivera,-0.079920225,low,"Rounds:
1: Brent
2:Lexi
3: Lexi
4: Brent
5: Brent
6: Lexi
7: Brett
8: Camera guy
Good job to all of u guys!",351,normal,0.8
DfUUT2UJTmA,brentrivera,-0.079920225,low,I think Brent won most of the rounds,9,normal,0.9
-s8airdbjQY,brentrivera,-0.08075299,low,Who watching when he hit 10 million,2709,normal,0.9
-s8airdbjQY,brentrivera,-0.08075299,low,"Beginning of the year
Me: * sleeping *
Teachers: * she's probably not used to waking up early yet * ""Wake up.""
End of year
Me: * Still sleeping *
Teachers: ""GOD DAMMIT SHES BEEN SLEEPING IN CLASS SINCE DAY ONE!!!""",1773,normal,0.9
-s8airdbjQY,brentrivera,-0.08075299,low,At the end of the year at my school finding a pencil is like finding gold😂,1862,normal,0.9
-s8airdbjQY,brentrivera,-0.08075299,low,Anyone watching in 2025,4,normal,0.9
-s8airdbjQY,brentrivera,-0.08075299,low,2019 anyone!?,1846,normal,0.9
-s8airdbjQY,brentrivera,-0.08075299,low,"2016 brent: hitting 2 million was hard

2019 brent: hold my beer",170,normal,0.9
-s8airdbjQY,brentrivera,-0.08075299,low,"""I'm gonna get some tacos""

""Okay?""
 
Me:""*dead of laughing*",34,normal,0.9
-s8airdbjQY,brentrivera,-0.08075299,low,"“Brent you just hit 2mil” 
Me: accidentally you just hit 14mil",107,normal,0.9
-s8airdbjQY,brentrivera,-0.08075299,low,"Teacher:  ""Everyone be like Brent.""

Brent at the end of the year:  *throw homework*  *lays on bed* AHHHHHH!",169,normal,0.9
-s8airdbjQY,brentrivera,-0.08075299,low,"4 years AGO
YouTube: let’s put this on peoples recommended 😂😂",213,normal,0.9
-s8airdbjQY,brentrivera,-0.08075299,low,"me on the first day of school: I hate all of you and I want to go home
me on the last day of school: I still hate all of you and I still want to go home",1414,normal,0.9
-s8airdbjQY,brentrivera,-0.08075299,low,Who whatching at 25 million 😂,4,normal,0.9
-s8airdbjQY,brentrivera,-0.08075299,low,Thank you guys for 2 million subscribers!! I love you :) don't forget that :) and hit that like button if you liked this video :),3416,normal,0.9
-s8airdbjQY,brentrivera,-0.08075299,low,"beginning of the year

me: ""I can't wait to see my new teachers""

later in the year

me:""ugh I have to see my teachers""",316,normal,0.9
-s8airdbjQY,brentrivera,-0.08075299,low,Rihanna at school : work work work work you punish me with work work work ..I get so hungry I eat dirt dirt dirt dirt,710,normal,0.9
-s8airdbjQY,brentrivera,-0.08075299,low,I’ll come back in 2027 and  see how many likes I got,2,normal,0.9
-s8airdbjQY,brentrivera,-0.08075299,low,3millon now!,59,normal,0.9
-s8airdbjQY,brentrivera,-0.08075299,low,who's whatchin this in 3M?,524,normal,0.9
-s8airdbjQY,brentrivera,-0.08075299,low,"First day of school:  Fuck school

Last day:  GODDAMMIT IM SO HAPPY GET ME OUT IF HERE",284,toxic,0.8
-s8airdbjQY,brentrivera,-0.08075299,low,"Can anyone else believe how far Brent has become?
<3",43,normal,0.9
FgKGbV5y-nE,brentrivera,-0.083266556,low,"Hope you guys enjoy this new video!:) If you don't want school to start either, hit that like button! ❤️👍🏼",7569,normal,0.95
FgKGbV5y-nE,brentrivera,-0.083266556,low,"One reason why school is better, you know what day it is. 

That's the only reason.",2752,normal,0.9
FgKGbV5y-nE,brentrivera,-0.083266556,low,How is nobody talking about his laugh in the beginning that was adorable:),2458,normal,0.95
FgKGbV5y-nE,brentrivera,-0.083266556,low,"Thumbnail: Why school year is better than summer

Me: Who are you and what did you do with Brent Rivera?!😂💕",220,normal,0.9
FgKGbV5y-nE,brentrivera,-0.083266556,low,"Saying school is ”not that bad” is like saying depression is ”not that bad” 

Have a good day in school whoever reads this :)",368,normal,0.9
FgKGbV5y-nE,brentrivera,-0.083266556,low,The math teacher talking about her relationship... when u have no gossip so u have to get some from ur teacher 😂,144,normal,0.85
FgKGbV5y-nE,brentrivera,-0.083266556,low,"Me during summer, I miss my friends, am bored I wish I was at school. Me during school, SUMMER COME BACK! Lol😂",196,normal,0.9
FgKGbV5y-nE,brentrivera,-0.083266556,low,"Brent: I don’t have any friends 

Fans: ARE YOU KIDDING ME",121,normal,0.9
FgKGbV5y-nE,brentrivera,-0.083266556,low,"*School isn’t that bad!*


**Silent**


Me:Yeaaaaaah!



*He lied*





Me:*Silently crys*",151,normal,0.9
FgKGbV5y-nE,brentrivera,-0.083266556,low,"*SEES THE TITLE*

*ME:* WHAT. (deep and demonic voice)

😂😂😂😂😂😂😂😂😂",222,normal,0.9
FgKGbV5y-nE,brentrivera,-0.083266556,low,"Omg ! I just realised ... 




That i don't miss school at all 😑",256,normal,0.9
FgKGbV5y-nE,brentrivera,-0.083266556,low,"""I am wearing the same clothes for 3 years ""😂😂😂",54,normal,0.9
FgKGbV5y-nE,brentrivera,-0.083266556,low,"Morning person or not ?







Not asking for likes 😂😂




I'm definitely not a morning person 😂😂🙄




Edit : oml I've never gotten 104 likes thank you so muchhh❤❤😭


Edit: 380 likes THATS EPIC thank you guys so much it really means ❤❤",699,normal,0.9
FgKGbV5y-nE,brentrivera,-0.083266556,low,"DID YOU JUST THROW A PIECE OF PAPER AT ME!!!

- Brent",35,normal,0.9
FgKGbV5y-nE,brentrivera,-0.083266556,low,I don’t think school would be too bad if their wasn’t exams and state testing :/,218,normal,0.9
FgKGbV5y-nE,brentrivera,-0.083266556,low,"“Who doesn’t love new clothes for back to school”

People who have to wear a uniform: 👁👄👁",55,normal,0.9
FgKGbV5y-nE,brentrivera,-0.083266556,low,Awwwwwww....His laughter and the cry 💞❤😍,130,normal,0.9
FgKGbV5y-nE,brentrivera,-0.083266556,low,Always on YouTube Squad where you at 😉😉 😉,96,normal,0.9
FgKGbV5y-nE,brentrivera,-0.083266556,low,When you are in middle of a school year you know how it is.,21,normal,0.9
FgKGbV5y-nE,brentrivera,-0.083266556,low,2:50 Summer - Homework... Duh!😂😂😂,11,timestamp,0.95
Rb_eLv2B5ps,brentrivera,-0.08378744,low,this is one of the craziest videos we've EVER filmed!! enjoy!!,7815,normal,0.9
Rb_eLv2B5ps,brentrivera,-0.08378744,low,The fact he does these type of videos all the time and is still single💀,1227,toxic,0.7
Rb_eLv2B5ps,brentrivera,-0.08378744,low,Pierson crying rn. U better watch your back Brent because Pierson will kill you with the broom .😂😂😂😂😂😂,1506,normal,0.8
Rb_eLv2B5ps,brentrivera,-0.08378744,low,"i actually wanted him to say yes to pierson😂 and i can’t get over how many times he kissed these girls lol😂😂😂😂

Edit:Omg this is the most likes i’ve gotten, thanks guys!",1793,normal,0.9
Rb_eLv2B5ps,brentrivera,-0.08378744,low,"Like whenever people do these videos, they never get with a person that was the last standing
Is that just me or……",24,normal,0.8
Rb_eLv2B5ps,brentrivera,-0.08378744,low,"I vote for Lihi. She should’ve won. The chemistry, the love, personality, looks. Everything.😂",1050,normal,0.9
Rb_eLv2B5ps,brentrivera,-0.08378744,low,this video is everything!!,2892,normal,0.9
Rb_eLv2B5ps,brentrivera,-0.08378744,low,The 2 second girl was so sweet tho😢,2351,normal,0.9
Rb_eLv2B5ps,brentrivera,-0.08378744,low,Single people can only smile when they see this video 😂,1,toxic,0.7
Rb_eLv2B5ps,brentrivera,-0.08378744,low,"Omg! that did not just happen, Lee was so perfect she gave you a love feeling she doesn't show to everyone and you still didn't choose her 😭😭😭😭😭😩. Don't get me wrong Mia is a good person, i just feel like Lee fits you better 😿.",893,normal,0.9
Rb_eLv2B5ps,brentrivera,-0.08378744,low,The girl he took Disney land I thought he would give the last rose 🌹she was very sweet,471,normal,0.9
Rb_eLv2B5ps,brentrivera,-0.08378744,low,"I Don't How To Spell Her Name, But Leehi Was One Of The Sweetest And One Of Most Beautiful Girl That I Have Ever Seen, She Did Not Deserve That 😢 When She Walked Away Crying, That Got Me SO Emotional 😢 💔",1110,normal,0.9
Rb_eLv2B5ps,brentrivera,-0.08378744,low,"""It's so fluffy I'm ganna die!"" she reminds me of Agness from minions😭 25:31 -",3,timestamp,0.95
Rb_eLv2B5ps,brentrivera,-0.08378744,low,Mia and Lihi they both georgous and nice girls. I think you have better connection with Lihi beggining to end...,511,normal,0.9
Rb_eLv2B5ps,brentrivera,-0.08378744,low,I really wanted the girl who lost lee hee to win she had such a pretty smile and was soo kind,178,normal,0.9
Rb_eLv2B5ps,brentrivera,-0.08378744,low,Pierson watching this be like: 😭😭😭😭😭😭🥹🥹🥹🥹🥹😢😢😢😢😭🤧🤧😭😢😭😭😭🤧😭🤧😢😭😢😭,385,normal,0.9
Rb_eLv2B5ps,brentrivera,-0.08378744,low,Doesn’t that grandma look like the evil babysitter?,1,toxic,0.6
Rb_eLv2B5ps,brentrivera,-0.08378744,low,"Leehi was such a good, sweet, and a amazing women! I was really rooting for her but they were both drop dead gorgeous 😍",313,normal,0.9
Rb_eLv2B5ps,brentrivera,-0.08378744,low,I literally screamed when you chose Leehi! I loved her ever since she walked in.,120,normal,0.9
Rb_eLv2B5ps,brentrivera,-0.08378744,low,YAY! HE GOT MIA!! At least Dom get the twins.,13,normal,0.9
LWppaJo2oDg,brentrivera,-0.08443897,low,"2017: NOPE
2018: HECK NO
2019: God naw
2020: HECK YAS",136,normal,0.9
LWppaJo2oDg,brentrivera,-0.08443897,low,Why is this on everyone’s recommended 4 years later? Who’s in quarantine right now?,1102,normal,0.9
LWppaJo2oDg,brentrivera,-0.08443897,low,"The video: released 3 years ago
YouTube: Lemme recommend this now",316,normal,0.9
LWppaJo2oDg,brentrivera,-0.08443897,low,Does anyone else remember when Brents channel was  “MrBrent98”,725,normal,0.9
LWppaJo2oDg,brentrivera,-0.08443897,low,Whos here in 2020.       You dont need to like it just messed up my notifs,533,normal,0.9
LWppaJo2oDg,brentrivera,-0.08443897,low,YouTube: let's recommend this 4 years later  ...,157,normal,0.9
LWppaJo2oDg,brentrivera,-0.08443897,low,Who else got memories again when you saw his hair and his cooking show?,314,normal,0.9
LWppaJo2oDg,brentrivera,-0.08443897,low,YAYYYY!! COOKING WITH BRENT IS BACK!! Give this video a LIKE if you want more!!! :):),1822,normal,0.9
LWppaJo2oDg,brentrivera,-0.08443897,low,"I died when they said, ""Les Dance.""",171,normal,0.9
LWppaJo2oDg,brentrivera,-0.08443897,low,showing old Brent almost made me cry,151,normal,0.9
LWppaJo2oDg,brentrivera,-0.08443897,low,"I can't believe how much Brent's hair has changed. Before he had long and a little curly hair, and now it's going up and just looks so much different. Thumbs up if you agree",762,normal,0.9
LWppaJo2oDg,brentrivera,-0.08443897,low,"“ I’m taking snap chat selfies “ 
lol Nicolette is way to grown up for her age  💀🤚",47,normal,0.8
LWppaJo2oDg,brentrivera,-0.08443897,low,"Brent: 'With our grandmother SECRET recipe'
Brent: *proceeds to tell all the ingredients that are supposed to be secret* 
:v",457,normal,0.9
LWppaJo2oDg,brentrivera,-0.08443897,low,I laughed so hard when he said and wait for the cookies to be cool then they had some sunglasses rofl 😂,283,normal,0.9
LWppaJo2oDg,brentrivera,-0.08443897,low,Who else is watching this in 2020 even tho this video was 3 years ago xD,25,normal,0.9
LWppaJo2oDg,brentrivera,-0.08443897,low,I died laughing at the flash back! 😂,159,normal,0.9
LWppaJo2oDg,brentrivera,-0.08443897,low,Nicolette is so funny 😂,15,normal,0.9
LWppaJo2oDg,brentrivera,-0.08443897,low,Great great great great great grandma be like: HEY YOU NEVER SARE MY SECRET RESEPI AGAIN!!,14,normal,0.9
LWppaJo2oDg,brentrivera,-0.08443897,low,Baby Brent sounds like Phineas from Phineas and Ferb 😂,75,normal,0.9
LWppaJo2oDg,brentrivera,-0.08443897,low,THE FLASHBACK AT 0:15 KILLED ME😂😂,107,timestamp,0.8
6VGvHSj0ne4,brentrivera,-0.085526854,low,"Who's watching this in 2020 


Me: I am!! 


Mind: y r u watching this again?",1182,normal,0.95
6VGvHSj0ne4,brentrivera,-0.085526854,low,"Ho else wanted to enter the giveaway but was to late
👇🏻",617,normal,0.9
6VGvHSj0ne4,brentrivera,-0.085526854,low,"Who’s watching this in quarrentine 




⬇️
Edit: thanks for the likes",468,normal,0.95
6VGvHSj0ne4,brentrivera,-0.085526854,low,Miss these trio's togetherness,8,normal,0.9
6VGvHSj0ne4,brentrivera,-0.085526854,low,"2017:gives out apple watch
2020:gives out toilet paper",250,normal,0.9
6VGvHSj0ne4,brentrivera,-0.085526854,low,"If you’re a fan of Brent and Lexi
⬇️👇👍",387,normal,0.9
6VGvHSj0ne4,brentrivera,-0.085526854,low,"Who else watching this in 2019 and clicked so fast they didn’t see the title lol like if you did 

Thanks for the like wait... it’s blue?",247,normal,0.9
6VGvHSj0ne4,brentrivera,-0.085526854,low,"I wish Brent, Mason and Caleb can film together like in the old days.",12,normal,0.9
6VGvHSj0ne4,brentrivera,-0.085526854,low,"2017: Gives away apple watch
2020: Gives away toilet paper and sanitizers
Edit: OMG thanks for the likes ❤️",226,normal,0.9
6VGvHSj0ne4,brentrivera,-0.085526854,low,THANKKKK YOU GUYSS FOR WATCHING!!! Love you guys so much :)) Don't forget to like this video :) and let me know what you thought of this one! :),2295,normal,0.95
6VGvHSj0ne4,brentrivera,-0.085526854,low,"Who loves Brent’s vids, Like if you do",105,normal,0.9
6VGvHSj0ne4,brentrivera,-0.085526854,low,"2:17 every boy road trip
2:00 every girl road trip",2,timestamp,0.85
6VGvHSj0ne4,brentrivera,-0.085526854,low,"I mean, Brent is really really funny. Like if you agree 😂

Ps. you inspired me to start YouTube ❤️",376,normal,0.9
6VGvHSj0ne4,brentrivera,-0.085526854,low,"Brent: the mom ( cause he kept stopping for mason to go to the bathroom) 
Caleb: the dad ( cause he said guys I promise i listen to manly music)
Mason: the kid ( cause he needs to pee all the time and he went crazy)
Like if this is true
Edit: Omg 100 likes!!",135,normal,0.9
6VGvHSj0ne4,brentrivera,-0.085526854,low,Mason spend so much hours in the toilet so Brent and Caleb get to change lolll,3,normal,0.9
6VGvHSj0ne4,brentrivera,-0.085526854,low,Lol masons wearing the moms wig,31,normal,0.9
6VGvHSj0ne4,brentrivera,-0.085526854,low,I like how they transform in their girl outfits! 😂,154,normal,0.9
6VGvHSj0ne4,brentrivera,-0.085526854,low,"Mason: I have to go pee 
Me : that would be me",15,normal,0.9
6VGvHSj0ne4,brentrivera,-0.085526854,low,"Who’s watching this in 2026?
Me, I am",0,normal,0.9
6VGvHSj0ne4,brentrivera,-0.085526854,low,The way Mason yelled,56,normal,0.9
MS0EQe3uGwM,brentrivera,-0.08774026,low,Who else has friends like me and Caleb!? 😂😂 Give this video a like if you do 👍🏼❤️,12384,normal,0.95
MS0EQe3uGwM,brentrivera,-0.08774026,low,i feel like brent drinks 13 energy drinks before each video.,3135,normal,0.9
MS0EQe3uGwM,brentrivera,-0.08774026,low,"If you and your best friend *aren't* weird...

Are you really best friends?",3423,normal,0.9
MS0EQe3uGwM,brentrivera,-0.08774026,low,My friends and I are... Interesting......,464,normal,0.9
MS0EQe3uGwM,brentrivera,-0.08774026,low,"i dont think there is such thing as ""normal friends"" 🤣",505,normal,0.9
MS0EQe3uGwM,brentrivera,-0.08774026,low,"""We see each other every day, I don't even like you"" 
~Brent's ""Mom""",235,normal,0.85
MS0EQe3uGwM,brentrivera,-0.08774026,low,"yeah me and  my friends  do that all the time
 






like it if your friends or friend is weird",394,normal,0.9
MS0EQe3uGwM,brentrivera,-0.08774026,low,When Caleb had long hair 😂😂😂,202,normal,0.9
MS0EQe3uGwM,brentrivera,-0.08774026,low,"""We see each other everyday I dont even like you"" 
I felt that😭",67,normal,0.9
MS0EQe3uGwM,brentrivera,-0.08774026,low,Who else missing CALEB 😄❤️❤️❤️,443,normal,0.9
MS0EQe3uGwM,brentrivera,-0.08774026,low,"“Hey, Caleb can I come over to your house?”
“My house? It’s 3am!!”
That’s so me. 🤣🤣",375,normal,0.9
MS0EQe3uGwM,brentrivera,-0.08774026,low,3:36- the best part😂,28,timestamp,0.95
MS0EQe3uGwM,brentrivera,-0.08774026,low,Im team us!😂😂,240,normal,0.9
MS0EQe3uGwM,brentrivera,-0.08774026,low,Wow 2019 anyone?? I say wow cuzzzzzz..... CALEB'S HAIR!,455,normal,0.9
MS0EQe3uGwM,brentrivera,-0.08774026,low,My friends and I are actually never normal in public.. 😂,164,normal,0.9
MS0EQe3uGwM,brentrivera,-0.08774026,low,It looks like Caleb's cosplaying Harry Styles with his hair,166,normal,0.9
MS0EQe3uGwM,brentrivera,-0.08774026,low,Omg Caleb’s hair tho,166,normal,0.9
MS0EQe3uGwM,brentrivera,-0.08774026,low,Why is this so relatable?,64,normal,0.9
MS0EQe3uGwM,brentrivera,-0.08774026,low,"2:56 caleb: Laura hey what up *does handshake* laughes ahhaha
brent: smiles funny ahhaha",75,timestamp,0.95
MS0EQe3uGwM,brentrivera,-0.08774026,low,1:33 is literally me and my friends all the time.,59,timestamp,0.95
-Vi3eP8_yaY,brentrivera,-0.08813085,low,Make sure you give this video a THUMBS UP!!! (:,1080,normal,0.95
-Vi3eP8_yaY,brentrivera,-0.08813085,low,Brent won for me,50,normal,0.9
-Vi3eP8_yaY,brentrivera,-0.08813085,low,When Chris said he was gonna stab himself I was like hell no I can't live a life wit out u 😂😂❤️,13,normal,0.9
-Vi3eP8_yaY,brentrivera,-0.08813085,low,"I can't see Chris's pumpkins mouth,so Brent has my vote.🎃",9,normal,0.9
-Vi3eP8_yaY,brentrivera,-0.08813085,low,Was anybody else staring at Chris the whole time😍,101,inappropriate,0.7
-Vi3eP8_yaY,brentrivera,-0.08813085,low,brent is so competitive,8,normal,0.9
-Vi3eP8_yaY,brentrivera,-0.08813085,low,I don't think Brent should have a knife in his hand for a variety of reasons😂,70,normal,0.85
-Vi3eP8_yaY,brentrivera,-0.08813085,low,i was staring at chris the whole time he looks so different.,24,normal,0.9
-Vi3eP8_yaY,brentrivera,-0.08813085,low,Chris' pumpkin weave is on fleek. Lol. ,176,normal,0.9
-Vi3eP8_yaY,brentrivera,-0.08813085,low,Brent wins ..... He is always been the best 😍,14,normal,0.9
-Vi3eP8_yaY,brentrivera,-0.08813085,low,when the seeds fell off of Chris' pumpkin at the end 😂😂😂😂😂😂,24,normal,0.9
-Vi3eP8_yaY,brentrivera,-0.08813085,low,Who's watching This from 2016??lol Chris looks so different.,73,normal,0.9
-Vi3eP8_yaY,brentrivera,-0.08813085,low,Chris' pumpkin has eyebrows.... So Chris wins😂,9,normal,0.9
-Vi3eP8_yaY,brentrivera,-0.08813085,low,Brent and Chris look like twins,53,normal,0.9
-Vi3eP8_yaY,brentrivera,-0.08813085,low,"Me throughout the whole video:
BRENT BE CAREFUL
BRENT BE CAREFUL
BRENT OH MY GOD PLEASE BE CAREFUL ",7,normal,0.9
-Vi3eP8_yaY,brentrivera,-0.08813085,low,"Okay i feel stupid saying this, but i stared the whole video at Chris....😂😂😂",70,normal,0.9
-Vi3eP8_yaY,brentrivera,-0.08813085,low,Chris's pumpkin is making me nervous ,23,normal,0.9
-Vi3eP8_yaY,brentrivera,-0.08813085,low,we're running out of men in this world.,16,normal,0.8
-Vi3eP8_yaY,brentrivera,-0.08813085,low,Brent won😁🎃,6,normal,0.9
-Vi3eP8_yaY,brentrivera,-0.08813085,low,Anyone watching during corona virus? 👀,2,normal,0.9
kCcPD2weWWo,brentrivera,-0.09036572,low,"Brent : ""don't call me the Grinch ""
Me: "" Grinch 😐😂😂""",24,normal,0.9
kCcPD2weWWo,brentrivera,-0.09036572,low,"""I have 2 dollars"" - is holding a 50$ bill and other",100,normal,0.9
kCcPD2weWWo,brentrivera,-0.09036572,low,"""Where's your girl?""
""She doesn't exist yet, so eighteen years after that.""",40,normal,0.8
kCcPD2weWWo,brentrivera,-0.09036572,low,03:25 that face xD I feel bad for u xD,197,timestamp,0.9
kCcPD2weWWo,brentrivera,-0.09036572,low,I LOVE YOU SOOOOOO MUCH :),1573,normal,0.95
kCcPD2weWWo,brentrivera,-0.09036572,low,"Basically, it was:
1. Christmas songs everywhere
2. Buying gifts when ur broke 
3. When ur friends get better gifts thn u
4. When you're single 😭",15,normal,0.9
kCcPD2weWWo,brentrivera,-0.09036572,low,literally don't understand how brent finds so many relatable topics!?,16,normal,0.9
kCcPD2weWWo,brentrivera,-0.09036572,low,"""I love everything! But there are some things I dislike...""

-Brent 
2015",9,normal,0.85
kCcPD2weWWo,brentrivera,-0.09036572,low,OMG the music one was SOOO me. They start playing Christmas music in Houston at like October 1st!!! THEN ITS EVERYWHERE YOU GO.,62,normal,0.9
kCcPD2weWWo,brentrivera,-0.09036572,low,"Who else is stuck watching Brent's holiday videos late @ night, when u've never even heard of him b4 lmao",42,normal,0.85
kCcPD2weWWo,brentrivera,-0.09036572,low,When he was eating and made those eyes was my favorite part lol,7,normal,0.9
kCcPD2weWWo,brentrivera,-0.09036572,low,I love the Christmas music 😂 gets me in the festive spirit,13,normal,0.9
kCcPD2weWWo,brentrivera,-0.09036572,low,Do a part two!!!!! Maybe a New Years one,57,normal,0.9
kCcPD2weWWo,brentrivera,-0.09036572,low,I was about to sing All i want for christmas but then i got cut off..... :'(,49,normal,0.9
kCcPD2weWWo,brentrivera,-0.09036572,low,Being all alone without a wife and family is the worst of all. Gives so many of us single men a very excellent reason to really hate the holidays altogether.,3,normal,0.85
kCcPD2weWWo,brentrivera,-0.09036572,low,"I LOVE that Christmas music is everywhere!! Heck, I even listen to it in the summer!!😂😂😂😂🎄🎄🎀🎀🎁🎄🎄🎄🎄🎄☕🍗",111,normal,0.9
kCcPD2weWWo,brentrivera,-0.09036572,low,whoever disliked obviously is a Grinch.,45,normal,0.9
kCcPD2weWWo,brentrivera,-0.09036572,low,OMG I started dying at 3:21 😂😂😂,29,timestamp,0.9
kCcPD2weWWo,brentrivera,-0.09036572,low,what I hate about the Holidays are when family members come over and take over your room -_-,3,normal,0.85
kCcPD2weWWo,brentrivera,-0.09036572,low,The grinch😂😂❤i love em,2,normal,0.9
nvu1fwb9xB0,brentrivera,-0.09106761,low,"George is always in my house :/ hahahah
If you guys can relate to this video, give this video a LIKE! :) 

I love you guys :) Im responding to comments! <3",8777,normal,0.9
nvu1fwb9xB0,brentrivera,-0.09106761,low,I like how brent never changes his clothes when he plays other characters 😂,4526,normal,0.9
nvu1fwb9xB0,brentrivera,-0.09106761,low,Who is watching this 2020 and can’t believe that Caleb looked like that back then,731,normal,0.9
nvu1fwb9xB0,brentrivera,-0.09106761,low,I'm turning 9 today my sis said that I couldn't get EVEN 2 likes lets show her wrong?!,490,normal,0.9
nvu1fwb9xB0,brentrivera,-0.09106761,low,"Friends: I got you a cookie!
Me: thanks!

Bffs: here’s a cookie! 
Me: wut did you do to it tho 😑😑😑",324,normal,0.9
nvu1fwb9xB0,brentrivera,-0.09106761,low,4:31 dude you have enough toilet paper how much do need Brent??,416,timestamp,0.95
nvu1fwb9xB0,brentrivera,-0.09106761,low,"""3 days in a row""
""It's called a Washing machine """,36,normal,0.9
nvu1fwb9xB0,brentrivera,-0.09106761,low,"When a friend offers you a cookie: THX!  

When a best friend offers you a cookie: what did you do to it -_-",367,normal,0.9
nvu1fwb9xB0,brentrivera,-0.09106761,low,"4:32 ""Can u bring me some toilet paper..I'm gonna run out"" 
Me: I see a whole roll of toilet paper right there!! 😂😂",96,timestamp,0.95
nvu1fwb9xB0,brentrivera,-0.09106761,low,"2019 anyone?







No just me? Ok 😶",834,normal,0.9
nvu1fwb9xB0,brentrivera,-0.09106761,low,"God had a pencil

Brent had a highlighter

God drew the world

Brent made it brighter",179,normal,0.9
nvu1fwb9xB0,brentrivera,-0.09106761,low,3:22 that is so me and my best friend😂,234,timestamp,0.95
nvu1fwb9xB0,brentrivera,-0.09106761,low,"Brent: I have sone advice for you
Caleb: What?
Brent: **Slaps**
Brent: *There some advice,It will clear your mind!*",104,normal,0.9
nvu1fwb9xB0,brentrivera,-0.09106761,low,The one when they trip over the trash can is so true,279,normal,0.9
nvu1fwb9xB0,brentrivera,-0.09106761,low,One time I fell on the ground my bff just walked away and said MWWAAHAAHHA,58,normal,0.9
nvu1fwb9xB0,brentrivera,-0.09106761,low,"“heres some advice”
*slap*
“DuDe GeT oVeR hEr”
*later*
“DUDE”
“DUDE”
“DUDE”
*yeets away*",138,normal,0.9
nvu1fwb9xB0,brentrivera,-0.09106761,low,that car made my jaw drop,119,normal,0.9
nvu1fwb9xB0,brentrivera,-0.09106761,low,"Brent: could you pass me the toilet paper?


Me: you still have a whole roll!


Brent: I'm going to run out in a little bit.


Me: OMGGGGGGGGGG",224,normal,0.9
nvu1fwb9xB0,brentrivera,-0.09106761,low,You should put George in more videos,42,normal,0.9
nvu1fwb9xB0,brentrivera,-0.09106761,low,"""Come tellmewhatyouwant, whatyoureallyreallywant"" - The Spice Guys nailed it, wigs and all.",81,normal,0.9
n_OmHHDGjz4,brentrivera,-0.09520361,low,I love Brent because he has a short intro and others have a lonnnnnnnngggggggg one thumbs up if u agree,997,normal,0.95
n_OmHHDGjz4,brentrivera,-0.09520361,low,"""dude thats why you dont stand behind me...idiot"" i died😂😂😂",599,normal,0.9
n_OmHHDGjz4,brentrivera,-0.09520361,low,2:03   I DIED😂😂😂😂😂,195,timestamp,0.95
n_OmHHDGjz4,brentrivera,-0.09520361,low,"who has more than 1 best friend ?
Edit: damn so many likes in 3 years. Nice 
          Thank you all for them likes 😊",1554,normal,0.9
n_OmHHDGjz4,brentrivera,-0.09520361,low,Brent the type of guy to eat 2 gummy bears so they don't die alone,538,normal,0.85
n_OmHHDGjz4,brentrivera,-0.09520361,low,"I always walk in my bff's house and say ""I'm Home!"" XD",168,normal,0.9
n_OmHHDGjz4,brentrivera,-0.09520361,low,did anyone else die laughing when Brent and Tanner started dancing in the store?😂😂😂,317,normal,0.9
n_OmHHDGjz4,brentrivera,-0.09520361,low,That awkward moment when you can't relate cuz you don't even have any friends in general 😂😂😂😭,445,normal,0.85
n_OmHHDGjz4,brentrivera,-0.09520361,low,ok I agree with all of them except for the break up one with my freind it would be more like who's getting the shovel? who's getting the axe? someone's gonna die tonight,281,normal,0.8
n_OmHHDGjz4,brentrivera,-0.09520361,low,You should do types of people in your car,299,normal,0.85
n_OmHHDGjz4,brentrivera,-0.09520361,low,Friends: 1:knocks on door when they come over 2: when u fall they help u Best Friend:comes in and doesnt knock on the door and says IM HOME! when u fall they say PILE! and jumps on top of u,295,normal,0.9
n_OmHHDGjz4,brentrivera,-0.09520361,low,"EVERY NIGHT 
I THINK OF UU
that one killed me😂",20,normal,0.9
n_OmHHDGjz4,brentrivera,-0.09520361,low,all the best friend stuff is sooooooo relatable especially the one they saw each other in the store,144,normal,0.9
n_OmHHDGjz4,brentrivera,-0.09520361,low,I was gagging on my food..when Brent started to dance in the store😂😂,56,normal,0.9
n_OmHHDGjz4,brentrivera,-0.09520361,low,It seems like he cares more about his friends than his best friends lol,31,normal,0.85
n_OmHHDGjz4,brentrivera,-0.09520361,low,"""that's why u shouldn't stand behind me.u idiot""😂😂💀✋",23,normal,0.9
n_OmHHDGjz4,brentrivera,-0.09520361,low,Him talking to himself is literally me,128,normal,0.9
n_OmHHDGjz4,brentrivera,-0.09520361,low,0:47 this should be my and my bff handshake😂,9,timestamp,0.95
n_OmHHDGjz4,brentrivera,-0.09520361,low,"Seeing your best friend in public is so true😂If it's a friend, ""I day hi how've you been?"" and then with my best friend, ""*scream and *hug"" 😆",68,normal,0.9
n_OmHHDGjz4,brentrivera,-0.09520361,low,My only friend is pizza & Netflix😂,362,normal,0.9
yfrEbkR8hUM,brentrivera,-0.09555537,low,"enjoy this one! 

this is one of the hardest videos I've ever filmed but it was ALL worth it! 

like the video if you want more longer videos like this! <3",4970,normal,0.9
yfrEbkR8hUM,brentrivera,-0.09555537,low,"If anyone wants to know here are the countries 

#1 Singapore 0:59 
#2 India 3:42 
#3 Dubai 5:16 
#4 London 7:14 
#5 France 9:31 
#6 Spain 11:18 
#7 Belgium 13:11  
#8 Amsterdam 15:09 
#9 Denmark 17:05 
#10 Austria 18:09 
#11 Italy 18:55 
Then he skipped 12 and 13 lol
#14 America #15 Canada (Double Date) 21:40 
#16 Bahamas 23:37 
#17 Turksan Cagois? I actually have no idea what it is 24:36 
#18 Mexico 25:45
Final Two
Germany and Amsterdam 27:15 

Final Choice… 30:29

Plz like it took me a while 😅",4731,timestamp,0.8
yfrEbkR8hUM,brentrivera,-0.09555537,low,Pierson is just punching everything at this point.,3246,normal,0.9
yfrEbkR8hUM,brentrivera,-0.09555537,low,9:49 girlfriend metireal 😂,13,timestamp,0.7
yfrEbkR8hUM,brentrivera,-0.09555537,low,This man said in 20 different languages ​​that I am single,524,normal,0.8
yfrEbkR8hUM,brentrivera,-0.09555537,low,Bro's breaking 20 different hearts😂🗣️💀,326,normal,0.8
yfrEbkR8hUM,brentrivera,-0.09555537,low,I’m from india and seeing that india has been in your bucket list for a time now I’m really happy you liked india 🇮🇳 ❤,647,normal,0.9
yfrEbkR8hUM,brentrivera,-0.09555537,low,I'm 0 years old every like I get older,3,normal,0.7
yfrEbkR8hUM,brentrivera,-0.09555537,low,brent on a DATE!?!?!,838,normal,0.8
yfrEbkR8hUM,brentrivera,-0.09555537,low,Let's appreciate Brent for going around the world just because he is single,434,normal,0.9
yfrEbkR8hUM,brentrivera,-0.09555537,low,pierson be punching the air rn💀,527,normal,0.9
yfrEbkR8hUM,brentrivera,-0.09555537,low,"It’s not 20,24, it’s 2025",6,normal,0.7
yfrEbkR8hUM,brentrivera,-0.09555537,low,Bro called me Single in 20 different language's...,221,normal,0.8
yfrEbkR8hUM,brentrivera,-0.09555537,low,"the fact that he spends thousands of dollars just to entertain us is amazing , Brent is so nice , I have watched him for years now . ❤",620,normal,0.9
yfrEbkR8hUM,brentrivera,-0.09555537,low,Pierson be punching air and screaming in her comfort pillow 😂,166,normal,0.9
yfrEbkR8hUM,brentrivera,-0.09555537,low,Who’s in 2025? 🌷🌷,9,normal,0.7
yfrEbkR8hUM,brentrivera,-0.09555537,low,“Does any one of you wanna go on a date with me?” Brent the other girl was a WHOLE child💀,29,normal,0.8
yfrEbkR8hUM,brentrivera,-0.09555537,low,I'm happy he chose Lina...she seems like such a sweetheart and fun to be around🙌,313,normal,0.9
yfrEbkR8hUM,brentrivera,-0.09555537,low,Brent finally meeting that intimidating older brother that he always is😄😄,61,normal,0.9
yfrEbkR8hUM,brentrivera,-0.09555537,low,Awwwwwwwww so cute but this video made me feel single even that I’m young like if you agree,1,normal,0.8
qOofz6kr1dA,brentrivera,-0.09746587,low,like this video if you got ANY of these questions right😳😂,31718,normal,0.9
qOofz6kr1dA,brentrivera,-0.09746587,low,"Here is a theory:

How does Eva know the way that Brent sleeps 


Does this mean something 😱",13000,normal,0.8
qOofz6kr1dA,brentrivera,-0.09746587,low,"""I have to know my future mother in law""

eXpOsE tHeM!!!!!!!!!",483,normal,0.8
qOofz6kr1dA,brentrivera,-0.09746587,low,"3:20- ""we talked about it"". They already talked about their future kids.",308,timestamp,0.9
qOofz6kr1dA,brentrivera,-0.09746587,low,“Create drama that doesn’t need to be created got me dyingggg 😂😂😂,12,normal,0.9
qOofz6kr1dA,brentrivera,-0.09746587,low,"Eva: “i have to know my future in law mothers middle name”

Me: 3xCuSe Me WhAt yAy?!


Edit: Omg thx for 345 likes",369,normal,0.9
qOofz6kr1dA,brentrivera,-0.09746587,low,"Breva: ""We're not dating..""
Eva: ""I know my future Mother in laws name.""",716,normal,0.9
qOofz6kr1dA,brentrivera,-0.09746587,low,Shsggshsjskshhshs “I have to know my future mother in laws name” EVAAAA!!!!!!,82,normal,0.9
qOofz6kr1dA,brentrivera,-0.09746587,low,It’s sad that Eva knows family and personal life Brent but Lexi doesn’t even know what her own moms middle name😂😂😂😂,17,normal,0.8
qOofz6kr1dA,brentrivera,-0.09746587,low,"""2016 was a messy year I was going thru a lot of guys"" 
              -Eva 2019",233,normal,0.8
qOofz6kr1dA,brentrivera,-0.09746587,low,"How do u like your toliet paper

Like=over

Comment=under








Edit: Am I supposed to be excited for something for getting a lot of likes?",7439,normal,0.9
qOofz6kr1dA,brentrivera,-0.09746587,low,"""i have to know my future mother in laws name"" Eva. Yaazzzzz gurrrrl YAAAAZZ",450,normal,0.9
qOofz6kr1dA,brentrivera,-0.09746587,low,I have my toilet paper over,1,normal,0.9
qOofz6kr1dA,brentrivera,-0.09746587,low,"“Im here with my sister and my...Eva”😂
Admit it alreadyyyy boy",489,normal,0.8
qOofz6kr1dA,brentrivera,-0.09746587,low,"Brent and Eva: WE ARE NOT DATING!
*talks about their future*",416,normal,0.9
qOofz6kr1dA,brentrivera,-0.09746587,low,"5:27 Eva almost cursed 




Like if u noticed",267,timestamp,0.9
qOofz6kr1dA,brentrivera,-0.09746587,low,“ It’s really close the first thing I do I open my eyes”😂😂😂😂😂,2,normal,0.9
qOofz6kr1dA,brentrivera,-0.09746587,low,"""2016 was a messy year okay ..I was going through a lot of guys "". Brent shocked🙀🙀",285,normal,0.8
qOofz6kr1dA,brentrivera,-0.09746587,low,"Eva: Brent, you have jealousy issues
Also Eva: WHO IS BECCAAAAA???",211,normal,0.9
qOofz6kr1dA,brentrivera,-0.09746587,low,"Eva: 2016 was a messy year, ok? I was going thru a lot of guys. 

Brent: °o°


LMAO 😂😂😂😂😂",274,normal,0.9
nDLOujSULTs,brentrivera,-0.09848523,low,"If you're watching this, I love you <3",21270,normal,0.9
nDLOujSULTs,brentrivera,-0.09848523,low,GUYSSS I meant to say NEW friends on the car one first! 😂,16159,normal,0.9
nDLOujSULTs,brentrivera,-0.09848523,low,Idk  why do we even have a door 🤣😂,1758,normal,0.9
nDLOujSULTs,brentrivera,-0.09848523,low,There's a difference between Old and new friends And YOUR friends.,397,normal,0.9
nDLOujSULTs,brentrivera,-0.09848523,low,I think at 1:35 you meant to say 'With new friends' and not 'With old friends' xd,5344,timestamp,0.8
nDLOujSULTs,brentrivera,-0.09848523,low,2:55 he literally swiped the card on the paper 📝😂😂🤣,643,timestamp,0.8
nDLOujSULTs,brentrivera,-0.09848523,low,"""You know i dont even know why we have a door""😂😂😂and ""It looks like a dead porcupine"" these had me laugh hard😂 killed me..who else?",768,normal,0.9
nDLOujSULTs,brentrivera,-0.09848523,low,""" why do we even have a door"" I died laughing!!😂",240,normal,0.9
nDLOujSULTs,brentrivera,-0.09848523,low,"*Caleb bursts through the door*

Brent’s mom: Why do we even have a door??",694,normal,0.9
nDLOujSULTs,brentrivera,-0.09848523,low,"Music on car...
Who else heard Brent say old/new the wrong way round
Nice vid btw",1688,normal,0.9
nDLOujSULTs,brentrivera,-0.09848523,low,"0:54
Brent playing his mom: You know... I don’t know why we even have a door.😂😂

Tysm for the ❤️ Brent appreciate it",275,timestamp,0.8
nDLOujSULTs,brentrivera,-0.09848523,low,"Brent:
Swipes credit card 💳 on the paper 📄 😂",296,normal,0.9
nDLOujSULTs,brentrivera,-0.09848523,low,3:21 “it looks like a dead porcupine” 😂😂😂 that got me dead,140,timestamp,0.8
nDLOujSULTs,brentrivera,-0.09848523,low,"“It looks like a dead porcupine.” 
Me: 🤣🤣🤣🤣🤣🤣🤣🤣🤣🤣🤣🤣🤣🤣🤣🤣🤣🤣🤣🤣🤣🤣🤣",368,normal,0.9
nDLOujSULTs,brentrivera,-0.09848523,low,"3:12
Caleb’s reaction when Brent got a new haircut😂😂 

I died😂😂",374,timestamp,0.8
nDLOujSULTs,brentrivera,-0.09848523,low,3:49 damn the way brent swipes his phone 🤣,20,normal,0.9
nDLOujSULTs,brentrivera,-0.09848523,low,"“Mom” (Brent):  I don’t even know why we have a door. 

Me: *_laughing and sounding like a dying horse_*",614,normal,0.9
nDLOujSULTs,brentrivera,-0.09848523,low,"Brent's ""Mom"": _You know, I don't even know why we have a door._",236,normal,0.9
nDLOujSULTs,brentrivera,-0.09848523,low,You made a mistake at music in the car❤,1261,normal,0.9
nDLOujSULTs,brentrivera,-0.09848523,low,"So if ur a One Direction fan, such as me u would have noticed Kiss You playing during the borrowing money with old friends scene 😂",388,normal,0.9
R4ekTugCkwc,brentrivera,-0.100947775,low,"i don't understand why brent is single, he has that personality that every girl wants:)",400,normal,0.9
R4ekTugCkwc,brentrivera,-0.100947775,low,"Me: “OMG I LOVE VALENTINES DAY!”

Friend: “Why do you have a date?”

Me: “ew no, my birthdays on Valentine’s Day”",83,normal,0.9
R4ekTugCkwc,brentrivera,-0.100947775,low,Who is single like me?! hahah someone date me plz,2414,normal,0.9
R4ekTugCkwc,brentrivera,-0.100947775,low,"Brent has everything that i have.....the laugh, the love for pizza, the love for snack and netflix......also single but i'm proud of who i am",34,normal,0.9
R4ekTugCkwc,brentrivera,-0.100947775,low,Netflix is my valentines 😍😊😂 #singlelife💖😂,1074,normal,0.9
R4ekTugCkwc,brentrivera,-0.100947775,low,Am i the only one who always spends valentine's day alone?,484,normal,0.9
R4ekTugCkwc,brentrivera,-0.100947775,low,"FOREVER ALONE CLUB WHERE ARE YOU AT??? 😂💕





*Btw 99% of people won't read this so... hi 1%!! I hope you're having a nice day and if you're not I hope it gets much much better 😘*",1596,normal,0.9
R4ekTugCkwc,brentrivera,-0.100947775,low,i can relate to u,116,normal,0.9
R4ekTugCkwc,brentrivera,-0.100947775,low,Im single like brent😂😂 Who else is single,746,normal,0.9
R4ekTugCkwc,brentrivera,-0.100947775,low,how is he single he is so funny and cute,606,normal,0.9
R4ekTugCkwc,brentrivera,-0.100947775,low,is no one else going to comment about the heart shaped pizza? it was awesome! 🍕❤,734,normal,0.9
R4ekTugCkwc,brentrivera,-0.100947775,low,I can relate,88,normal,0.9
R4ekTugCkwc,brentrivera,-0.100947775,low,"Valentine's Day.
A day of love
This line rhymes with the one above
This is the best poem ever
and it's on the internet forever",181,normal,0.9
R4ekTugCkwc,brentrivera,-0.100947775,low,I had forgotten Valentine's day even existed until this video,236,normal,0.9
R4ekTugCkwc,brentrivera,-0.100947775,low,Team Single:),86,normal,0.9
R4ekTugCkwc,brentrivera,-0.100947775,low,I was literally Brent the whole time haha😂😂😂😂,11,normal,0.9
R4ekTugCkwc,brentrivera,-0.100947775,low,everyone getting empty boxes of chocolates.,25,normal,0.9
R4ekTugCkwc,brentrivera,-0.100947775,low,"That's me. Pizza is bae.
#SingleLife",150,normal,0.9
R4ekTugCkwc,brentrivera,-0.100947775,low,2:44 was anyone else dirty minded besides me...,184,timestamp,0.8
R4ekTugCkwc,brentrivera,-0.100947775,low,Brent gimme my pizza back! I CANT BELEIVE PIZZA CHEATED ON ME!,9,normal,0.9
nyFWqSuyIP8,brentrivera,-0.1022063,low,Which type of friend are you!? 😂😂 I'm the LATE friend😂,14898,normal,0.95
nyFWqSuyIP8,brentrivera,-0.1022063,low,"""Maybe your at the wrong house ""

I'm dead 💀😂💀😂💀",5971,normal,0.9
nyFWqSuyIP8,brentrivera,-0.1022063,low,"""The friend that no one likes.""

I felt that 😭",438,normal,0.9
nyFWqSuyIP8,brentrivera,-0.1022063,low,"Title: The six types of friends you have!

Me: ""I don't even have six friends""
(Guys, thanks for all the likes)",169,normal,0.9
nyFWqSuyIP8,brentrivera,-0.1022063,low,1 like 1 hair compliment for Brent XD,565,normal,0.85
nyFWqSuyIP8,brentrivera,-0.1022063,low,I love how Brent is the mom too and he just makes fun of himself 😂😂😂,1116,normal,0.9
nyFWqSuyIP8,brentrivera,-0.1022063,low,"Brent: There's this one friend that can't go one day without pranking someone

Me: thats brent😂😂 (2020)",437,normal,0.9
nyFWqSuyIP8,brentrivera,-0.1022063,low,The late one is so true. My friend literally says she’s coming and then she never even comes😂,44,normal,0.9
nyFWqSuyIP8,brentrivera,-0.1022063,low,"IS BRENT ASSUMING I HAVE FRIENDS???!!!!??






ITS A JOKE I GOT POTATO FRIENDS TO MATCH MY BURNT POTATO FACE AND I LOVE BRENT!!!",1183,normal,0.9
nyFWqSuyIP8,brentrivera,-0.1022063,low,"Brent still screams like a girl😂🤣 
edit: and cries😂",59,normal,0.85
nyFWqSuyIP8,brentrivera,-0.1022063,low,"This is how many times Brent said “I am this friend”. 
⬇️",417,normal,0.9
nyFWqSuyIP8,brentrivera,-0.1022063,low,"Or that friend who texts you back two months later, ""Oh sorry, my phone died.""",251,normal,0.9
nyFWqSuyIP8,brentrivera,-0.1022063,low,"2019 anyone? 

Also if you are watching in 2019 what ever happened to mason? 🤔",1102,normal,0.85
nyFWqSuyIP8,brentrivera,-0.1022063,low,4:08 they both are wearing riverdale high hoodies💝,55,timestamp,0.95
nyFWqSuyIP8,brentrivera,-0.1022063,low,"Brent - “Maybe your at the wrong house.” 
Stokes Twin - ”I think I know how my house looks like.” 
Brent - ”Maybe you don’t.” 
😂😂😂😂😂😂😂😂😂😂😂😂😂😂😂😂😂😂",252,normal,0.9
nyFWqSuyIP8,brentrivera,-0.1022063,low,Thats how Brent himself turned that Prankster friend today😂😂,51,normal,0.9
nyFWqSuyIP8,brentrivera,-0.1022063,low,I love how every time Brent plays the mom he always roasts himself so hard 😂😂😂,159,normal,0.9
nyFWqSuyIP8,brentrivera,-0.1022063,low,"Tbh in every friend group, theres always a FAKE friend",417,normal,0.9
nyFWqSuyIP8,brentrivera,-0.1022063,low,3:26 THOSE RIVERDALE SWEATERS THO.😍😍,287,timestamp,0.95
nyFWqSuyIP8,brentrivera,-0.1022063,low,I’m that one friend that turned literally everything into some kind of competition😂,11,normal,0.9
c40hVJc5apE,brentrivera,-0.10557676,low,"IF YOU SEE THIS COMMENT, LIKE THIS VIDEO😊😂",18737,normal,0.9
c40hVJc5apE,brentrivera,-0.10557676,low,I feel like Brent would be that one really weird sibling that sniffs a scented chapstick for 30 minutes,3836,normal,0.9
c40hVJc5apE,brentrivera,-0.10557676,low,Seeing sibling at school??WHO THE HELL IS THAT POTATO I DONT EVEN KNOW HER!!😂,3380,normal,0.9
c40hVJc5apE,brentrivera,-0.10557676,low,"""You're at like 80%""
""You're 80!""
Lexi lol 😂😂😂😂😂😂😂😂😂",831,normal,0.9
c40hVJc5apE,brentrivera,-0.10557676,low,"Lexi: “YOU’RE 80!”
Me: 😂🤣😂",224,normal,0.9
c40hVJc5apE,brentrivera,-0.10557676,low,"“You’re like on 80% “
“You’re 80”😂😂
I started dying 😂😂😂",1877,normal,0.9
c40hVJc5apE,brentrivera,-0.10557676,low,"“You’re 80!!!”
😂😂😂",670,normal,0.9
c40hVJc5apE,brentrivera,-0.10557676,low,"“Lexi you are grounded for three months”
“That must suck”
😂😂",289,normal,0.9
c40hVJc5apE,brentrivera,-0.10557676,low,Caleb's laugh at the end gave me goosebumps,728,normal,0.9
c40hVJc5apE,brentrivera,-0.10557676,low,"3:58 

When you don’t have homework.",784,timestamp,0.95
c40hVJc5apE,brentrivera,-0.10557676,low,"Brent: “Lexi, you’re at like 80%!!!”
Lexi: “YOURE 80!”

I’m laughing so hard 😂",709,normal,0.9
c40hVJc5apE,brentrivera,-0.10557676,low,"The ""Seeing ur sibling at school"" was hilarious like thts soooo me with my bro..🤣🤣🤣",822,normal,0.9
c40hVJc5apE,brentrivera,-0.10557676,low,"Brent:I'm sorry
Lexi:you should be 
Brent:sike
Me:😂😂😂😂
Edit:thanks for the likes",626,normal,0.9
c40hVJc5apE,brentrivera,-0.10557676,low,"“ *You’re 80!* “ 

LOL I DIED AT THAT TIME",421,normal,0.9
c40hVJc5apE,brentrivera,-0.10557676,low,"Brent: your at like 80%

Lexi: YOUR 80 😂",665,normal,0.9
c40hVJc5apE,brentrivera,-0.10557676,low,3:51 I died 😂😂😂,31,timestamp,0.95
c40hVJc5apE,brentrivera,-0.10557676,low,"Starting at 2:45 after brent says ""Your at like 80 percent"" and Lexi responds ""Your 80!"" I Literally laughed so hard! Edit: (I liked my own comment because nobody else would) Be the first??",374,timestamp,0.95
c40hVJc5apE,brentrivera,-0.10557676,low,Taking the blame??Ha haaaaaaaaa its so relatable that with the siblings😂😂,363,normal,0.9
c40hVJc5apE,brentrivera,-0.10557676,low,“You’re 80!!” Ahah,63,normal,0.9
c40hVJc5apE,brentrivera,-0.10557676,low,1:51 -  2:02 that's how we will react after quarintine lol who can relate LMAOOO,174,timestamp,0.95
77eRzyil1d4,brentrivera,-0.106056206,low,"Thanks for watching :) If you related to this video, HIT THAT LIKE BUTTON!! hahaha",4199,normal,0.9
77eRzyil1d4,brentrivera,-0.106056206,low,"I love how his mom is just chillen on the stairs but then is surprised everytime Brent comes back
""OH! Hi Brent honey""",1938,normal,0.9
77eRzyil1d4,brentrivera,-0.106056206,low,The only days of school I like is the first and last.,1177,normal,0.9
77eRzyil1d4,brentrivera,-0.106056206,low,"After the third day, existence is pain.",445,normal,0.9
77eRzyil1d4,brentrivera,-0.106056206,low,Did any one else notice that Brent’s mom was in the intro!!! 😂😂😂 Lol,190,normal,0.9
77eRzyil1d4,brentrivera,-0.106056206,low,"*I have nothing to say. This was too relatable.*




😂😂😂❤️❤️❤️👌🏼",1035,normal,0.9
77eRzyil1d4,brentrivera,-0.106056206,low,The last one is me every school day😂,316,normal,0.9
77eRzyil1d4,brentrivera,-0.106056206,low,"No matter What day is it..
I *HATE* school",864,normal,0.9
77eRzyil1d4,brentrivera,-0.106056206,low,The last one is 100% me everday at school😂😂😂😂😂,204,normal,0.9
77eRzyil1d4,brentrivera,-0.106056206,low,😂 the last one is me everyday,674,normal,0.9
77eRzyil1d4,brentrivera,-0.106056206,low,3:35-3:50 MOOD!!,424,timestamp,0.8
77eRzyil1d4,brentrivera,-0.106056206,low,"First Day - Great
Second Day - Good 
Third Day - Good 
Fourth Day - UGHHHHHH
Fifth Day - SHUT UP",298,normal,0.9
77eRzyil1d4,brentrivera,-0.106056206,low,For me this is an evolution of the entire year😂😂,71,normal,0.9
77eRzyil1d4,brentrivera,-0.106056206,low,3:34 IM DYING 😂😂😂,200,timestamp,0.8
77eRzyil1d4,brentrivera,-0.106056206,low,OMG THIS IS SOO RELATABLE!!,275,normal,0.9
77eRzyil1d4,brentrivera,-0.106056206,low,I get pissed of half way through the first day of school,447,normal,0.9
77eRzyil1d4,brentrivera,-0.106056206,low,"Wow, this is actually pretty accurate! Especially since today completed my official first week of school",41,normal,0.9
77eRzyil1d4,brentrivera,-0.106056206,low,I don't even get out of bed when my alarm goes off...,74,normal,0.9
77eRzyil1d4,brentrivera,-0.106056206,low,"I love how on the cereal it says ""made for little hands""",60,normal,0.9
77eRzyil1d4,brentrivera,-0.106056206,low,C’mon let’s be honest this is true,630,normal,0.9
AZy26nauE1I,brentrivera,-0.10878886,low,"I love when he acts as different people, especially when he wears ""wigs"" lol 🤣🤣😂😂",700,normal,0.9
AZy26nauE1I,brentrivera,-0.10878886,low,"Class: 7+11

Homework: 7+12+11

Test: Betty has 9 apples. If Timmy gives her 12 more, calculate the suns mass.",382,normal,0.8
AZy26nauE1I,brentrivera,-0.10878886,low,Name? What's name? I thought this was history not foreign language.😂 Brent I love you ❤️,551,normal,0.9
AZy26nauE1I,brentrivera,-0.10878886,low,"Me during a test when I don't know the answer: ""I haven't used 'D' in a while.""",229,normal,0.9
AZy26nauE1I,brentrivera,-0.10878886,low,"Class: 1+1

Homework: 3 times 8

Test: Lainey has 5 apples in her fruit basket. How much juice is in the apples and how does she make it to 1810 apples?

NOTHING WE LEARN IN CLASS IS EVER ON THE TEST!!! WHO ELSE CAN RELATE?",2217,normal,0.8
AZy26nauE1I,brentrivera,-0.10878886,low,I always stress over tests/exams/quizzes most of the time,1166,normal,0.9
AZy26nauE1I,brentrivera,-0.10878886,low,if it's a sad day his videos will cheer you up,1590,normal,0.9
AZy26nauE1I,brentrivera,-0.10878886,low,HE IS THE MOST RELATABLE YOUTUBER IN THE WORLD! :D 🥳,647,normal,0.9
AZy26nauE1I,brentrivera,-0.10878886,low,If I forgot to study for a test I try to cram 3 weeks worth of information into one bus ride 😂,599,normal,0.9
AZy26nauE1I,brentrivera,-0.10878886,low,I'm always the last one to finish a test. While I'm trying to finish everyone starts talking and the teacher tells them to be quiet but they just look at me and laugh and continue to be loud.,547,normal,0.9
AZy26nauE1I,brentrivera,-0.10878886,low,1:20 Brent’s face though 😂😂,231,timestamp,0.95
AZy26nauE1I,brentrivera,-0.10878886,low,Was I the only one who didn’t know what he was talking about when he said name ? 🤣🤣🤣,167,normal,0.9
AZy26nauE1I,brentrivera,-0.10878886,low,Do what teachers think vs what students think,313,normal,0.9
AZy26nauE1I,brentrivera,-0.10878886,low,Who else  gets anxious and feels like they're slow when people start flipping the pages of the test during the test...,138,normal,0.9
AZy26nauE1I,brentrivera,-0.10878886,low,that part where the teachers butt Is in his face that reminds me of a certain teacher I have,110,normal,0.85
AZy26nauE1I,brentrivera,-0.10878886,low,3:05 When the teacher takes the smart kid's paper and says this before even correcting it😂😂😂😂,19,timestamp,0.95
AZy26nauE1I,brentrivera,-0.10878886,low,A lot of these happens to me when there is an exam😂,144,normal,0.9
AZy26nauE1I,brentrivera,-0.10878886,low,"*When you end up getting a 💯 on your exam after guessing*

This science has been unexplainable",102,normal,0.9
AZy26nauE1I,brentrivera,-0.10878886,low,"EXAMS<<< everything else hahha ! Thank you guys for watching!! I love you guys! If you can relate to this video, hit that LIKE button!:)",1793,normal,0.9
AZy26nauE1I,brentrivera,-0.10878886,low,"Name: 
Me: Teacher what does NAME mean?!
Teacher: Do you have a name?
Me: Oh yeah",69,normal,0.9
Q1uZ4oE_w_c,brentrivera,-0.11259755,low,Hope this helps :) I know it's a stressful time but YOU CAN DO IT! It's ALMOST summer!! :) Give this video a thumbs up :),364,normal,0.95
Q1uZ4oE_w_c,brentrivera,-0.11259755,low,Don't forget to give this video a thumbs up and share it with friends that are stressing about final's week :),238,normal,0.95
Q1uZ4oE_w_c,brentrivera,-0.11259755,low,remember when the last day of school was just having a party in class and have fun AND NOT EXAMS!,231,normal,0.9
Q1uZ4oE_w_c,brentrivera,-0.11259755,low,*I SHOULD BE STUDYING AND I AM WATCHING YOUTUBE...*,148,normal,0.9
Q1uZ4oE_w_c,brentrivera,-0.11259755,low,Wishing we could go back to the good old days when all we did the last week of school was watch movies and sign yearbooks (elementary school) ,11,normal,0.9
Q1uZ4oE_w_c,brentrivera,-0.11259755,low,OK I feel a lot better knowing that Single Ladies isn't just my guilty pleasure song LMAO,9,normal,0.9
Q1uZ4oE_w_c,brentrivera,-0.11259755,low,I don't think anyone can survive without their phone...,4,normal,0.9
Q1uZ4oE_w_c,brentrivera,-0.11259755,low,"Brent's disclassafied finals survivel guide 





       results may vary",6,normal,0.85
Q1uZ4oE_w_c,brentrivera,-0.11259755,low,Wait it's possible to lock your fridge lol?,7,normal,0.85
Q1uZ4oE_w_c,brentrivera,-0.11259755,low,"Tip 1: Get a good nights rest
Me: up at 10 o'clock with an exam tomorrow watching a video on how to pass my exam",5,normal,0.9
Q1uZ4oE_w_c,brentrivera,-0.11259755,low,MrBrent98? What happened to the other 97 MrBrent accounts? El oh el  #banter,27,normal,0.85
Q1uZ4oE_w_c,brentrivera,-0.11259755,low,And how do you go to sleep early when you have so much to study for?,7,normal,0.9
Q1uZ4oE_w_c,brentrivera,-0.11259755,low,You need to a video with The Dolan Twins!!!,4,normal,0.85
Q1uZ4oE_w_c,brentrivera,-0.11259755,low,Why do you lock your fridge and avoid sharp objects?,2,normal,0.85
Q1uZ4oE_w_c,brentrivera,-0.11259755,low,1:31 brent should be replaced for thanos!! lol im laughing soo hard,1,timestamp,0.9
Q1uZ4oE_w_c,brentrivera,-0.11259755,low,Oh your phone will be here in Japan?lol I'll take a good care of it😂😂😂,3,normal,0.85
Q1uZ4oE_w_c,brentrivera,-0.11259755,low,"That sad moment when everyone is done with school, but you're just starting a new class",1,normal,0.9
Q1uZ4oE_w_c,brentrivera,-0.11259755,low,It is 11.48 pm at my place right now.. and you are talking about not to use my phone right before I go to slepp... 😂,10,normal,0.9
Q1uZ4oE_w_c,brentrivera,-0.11259755,low,"Finals week? You're lucky, my GCSEs last over a month",13,normal,0.9
Q1uZ4oE_w_c,brentrivera,-0.11259755,low,"Brent I love your videos, please make them longer!?",1,normal,0.95
Y-75ryyQer4,brentrivera,-0.12475162,low,Thank you so much for watching!!!:) I love you guys SO SO SO much!!! Give this video a Thumbs up and subscribe!!!,427,normal,0.95
Y-75ryyQer4,brentrivera,-0.12475162,low,"Anyone else notice how Alx said ""swimming"" was an adjective?😂😂😂😂",65,normal,0.9
Y-75ryyQer4,brentrivera,-0.12475162,low,"""Swimming is an adjective.""

Stay in school kids.",58,normal,0.9
Y-75ryyQer4,brentrivera,-0.12475162,low,AM I THE ONLY ONE WHO NOTICED THAT SWIMMING ISN'T AN ADJECTIVE ,108,normal,0.9
Y-75ryyQer4,brentrivera,-0.12475162,low,"When I heard potato... I just thought of that video of Niall shouting ""POTATO!!!!"" haha :P anyone else?",63,normal,0.9
Y-75ryyQer4,brentrivera,-0.12475162,low,Please tell me I'm not the only Directioner who fangirled when the first word was potato.,114,normal,0.9
Y-75ryyQer4,brentrivera,-0.12475162,low,I find it so adorable when Brent says Frick  ,11,normal,0.9
Y-75ryyQer4,brentrivera,-0.12475162,low,a potato flew around my room ,66,normal,0.9
Y-75ryyQer4,brentrivera,-0.12475162,low,"""I want some Chick-fil-a"" ""Chick-fil-a is closed on Sundays"" ""woooow come to America and learn stuff"" LOL this was prob my favorite part😅",6,normal,0.9
Y-75ryyQer4,brentrivera,-0.12475162,low,Alex is so much more chill than I thought he would be lol,2,normal,0.9
Y-75ryyQer4,brentrivera,-0.12475162,low,I now officially have a crush on Marcus. ,16,normal,0.7
Y-75ryyQer4,brentrivera,-0.12475162,low,ALX SINGING A POTATO FLEW AROUND MY ROOM IS LITERALLLLY ME OK ME,22,normal,0.9
Y-75ryyQer4,brentrivera,-0.12475162,low,7:43 Chris is so cute hahaha,3,timestamp,0.95
Y-75ryyQer4,brentrivera,-0.12475162,low,"""It's an adjective"" 😂😂😂hit the books alex😂",8,normal,0.9
Y-75ryyQer4,brentrivera,-0.12475162,low,What is this canadian street light? Lol,4,normal,0.9
Y-75ryyQer4,brentrivera,-0.12475162,low,"Whenever Marcus speaks, I only hear ""bro"" and ""dude""! LOL!",3,normal,0.9
Y-75ryyQer4,brentrivera,-0.12475162,low,Marcus is too much I can't handle it ahahaha this dude is amazing,5,normal,0.9
Y-75ryyQer4,brentrivera,-0.12475162,low,Marcus is so loudly and insanely adorable & excited 😂,1,normal,0.9
Y-75ryyQer4,brentrivera,-0.12475162,low,Chris is looking at the camera ALL TIME!!!!😊,6,normal,0.9
Y-75ryyQer4,brentrivera,-0.12475162,low,Marcus looks great in a tank c: just saying .,13,normal,0.7
a4SASkw3E_s,brentrivera,-0.12971564,low,"""Grandma, I can't have your house. It's your house!""
""Your house now.""
I died 😂",95,normal,0.95
a4SASkw3E_s,brentrivera,-0.12971564,low,"""You're gonna go to the store and get some poo?"" HAHAHAH",164,normal,0.95
a4SASkw3E_s,brentrivera,-0.12971564,low, U forgot about the grandparents that always take your side over your parents and the grandparents who are always yelling and lecturing you,214,normal,0.9
a4SASkw3E_s,brentrivera,-0.12971564,low,I have one of those grandparents that just randomly gives me a super long speech about something,110,normal,0.9
a4SASkw3E_s,brentrivera,-0.12971564,low,I wish my grandparents danced like that 3:36 hahahaha :D,160,timestamp,0.8
a4SASkw3E_s,brentrivera,-0.12971564,low,"""Who goes to the store and buy's poo!!"" 😂😂😂😂😂 lmao 😂😂",34,normal,0.95
a4SASkw3E_s,brentrivera,-0.12971564,low,"The swag grandpa was hilarious! "" YOU CANNOT HANDLE ( does shuffle while holding onto walker) THE KIND OF SWAG I GOT!""",75,normal,0.9
a4SASkw3E_s,brentrivera,-0.12971564,low,can brent please do a house tour please but make it funny,37,normal,0.9
a4SASkw3E_s,brentrivera,-0.12971564,low,Thank you guys for watching! Happy Holidays! :) ,716,normal,0.95
a4SASkw3E_s,brentrivera,-0.12971564,low,"""Who goes and buys poo at the store??"" so hilarious 😂😂😂",25,normal,0.95
a4SASkw3E_s,brentrivera,-0.12971564,low,1:07 is my grandparents LMAO,146,timestamp,0.85
a4SASkw3E_s,brentrivera,-0.12971564,low,I'm going to the store to get some poo. I'm dying😂,16,normal,0.9
a4SASkw3E_s,brentrivera,-0.12971564,low,I wonder how they acted the poo part without even smiling.... I'm here laughing to death lol,35,normal,0.9
a4SASkw3E_s,brentrivera,-0.12971564,low,My favorite part when was grandma/Brent gave the house away 😂😂,16,normal,0.9
a4SASkw3E_s,brentrivera,-0.12971564,low,OMG THE GRANDMA THOUGHT HE SAID HE WAS GOING TOT THE SHOP TO GET SOME POO! AND THE SWAG GRANDPA THATS JUST TOO FUNNY XD,9,normal,0.9
a4SASkw3E_s,brentrivera,-0.12971564,low,Grandma it's your house. Lol!!!😂😂,12,normal,0.95
a4SASkw3E_s,brentrivera,-0.12971564,low,Both my grandmother and my grandfather spoil me plus my grandfather can't really hear that well lol,12,normal,0.9
a4SASkw3E_s,brentrivera,-0.12971564,low,your gonna go to the store to get some poo HAHAHAHAHAHAHAHAHAHAHAHAHAHAHAHAHHAHAHAHAHAHA HAHAHAHAH,20,normal,0.9
a4SASkw3E_s,brentrivera,-0.12971564,low,I'm going to the shop's and gonna bye poo😂😂😃,33,normal,0.9
a4SASkw3E_s,brentrivera,-0.12971564,low,"""my grandma is literally like that""
""i wish i had that grandma""",3,normal,0.9
0WjvsfKNQ9s,brentrivera,-0.1405797,low,I couldn't stop laughing when he tried to imitate his phone ringing 😂,816,normal,0.9
0WjvsfKNQ9s,brentrivera,-0.1405797,low,I lost it when he stated mimicking his ringtone!!! 😂😂😂,542,normal,0.9
0WjvsfKNQ9s,brentrivera,-0.1405797,low,Who else reads through comments while watching videos?,2206,normal,0.8
0WjvsfKNQ9s,brentrivera,-0.1405797,low,3:28 When someone in your class reminds the teacher about homework.,39,timestamp,0.9
0WjvsfKNQ9s,brentrivera,-0.1405797,low,I'm just that lazy person that sits on the lounge and watches YouTube and Netflix 😂,678,normal,0.8
0WjvsfKNQ9s,brentrivera,-0.1405797,low,The overbooked one got me dying 😂,249,normal,0.9
0WjvsfKNQ9s,brentrivera,-0.1405797,low,I LOVE YOU GUYS SO MUCH!!!!,1895,normal,0.9
0WjvsfKNQ9s,brentrivera,-0.1405797,low,"OMG Brent,  i so get you...  all my friends are always hanging out, and im just here,  lying on the couch, watching YouTube...  one of my friends sent me a snapchat with my other friend and they were baking cookies,  and the other one posted a musically of them doing the Rolex challenge! and im just like WHATTT!!  I HAVE NO FRIENDS 😭😭😭😭😭😭😭",305,normal,0.8
0WjvsfKNQ9s,brentrivera,-0.1405797,low,AHAHA as if I had friends,458,normal,0.8
0WjvsfKNQ9s,brentrivera,-0.1405797,low,"I am the over sleeper I woke up at 5:32 in the afternoon XD I said 
Me: morning mom
Mom: it's the afternoon 😑 
Me: … don't question me",191,normal,0.8
0WjvsfKNQ9s,brentrivera,-0.1405797,low,"I'm the friend who sits inside and watches youtube videos all day! Safe in the AC, safe from the outsides.",495,normal,0.8
0WjvsfKNQ9s,brentrivera,-0.1405797,low,1:46 HAHA I COULDN’T STOP LAUGHING WHEN HE DID THAT,12,timestamp,0.9
0WjvsfKNQ9s,brentrivera,-0.1405797,low,I'm the over sleeper lol,127,normal,0.8
0WjvsfKNQ9s,brentrivera,-0.1405797,low,I'm that kind of person that watches like 37 episodes of a tv series in a day..every day😂 who else?,402,normal,0.8
0WjvsfKNQ9s,brentrivera,-0.1405797,low,I'm that friend who us completely anti-social even if I'm not doing anything 😂😂,205,normal,0.8
0WjvsfKNQ9s,brentrivera,-0.1405797,low,I'm that type of person who wakes up early and plays games all day 😂😂😂,112,normal,0.8
0WjvsfKNQ9s,brentrivera,-0.1405797,low,1:49 had me dieing,34,timestamp,0.9
0WjvsfKNQ9s,brentrivera,-0.1405797,low,I'm the one who sleeps a lot lol,190,normal,0.8
0WjvsfKNQ9s,brentrivera,-0.1405797,low,if youre reading this i hope you have a really nice day :),300,normal,0.9
0WjvsfKNQ9s,brentrivera,-0.1405797,low,"2:39      He said my birthday lmao




Holy.   These comments are from years ago 🤦‍♀️",50,timestamp,0.9
58060MZJiYQ,brentrivera,-0.14058378,low,"If you related to this video in ANY possible way, HIT THAT LIKE BUTTON! :):) I love you guys soooooo much <3",1672,normal,0.9
58060MZJiYQ,brentrivera,-0.14058378,low,"Lol when the grandma plays ""dun dun dun"" 😂",214,normal,0.9
58060MZJiYQ,brentrivera,-0.14058378,low,Brent’s dog ignoring people and not doing anything is so relatable,105,normal,0.9
58060MZJiYQ,brentrivera,-0.14058378,low,"Everyone : How to gift people on Christmas
Brent Rivera : How to GET the best Christmas gifts",521,normal,0.9
58060MZJiYQ,brentrivera,-0.14058378,low,Lol that toaster though,540,normal,0.9
58060MZJiYQ,brentrivera,-0.14058378,low,The look though the mom gave Caleb with the toaster.,27,normal,0.9
58060MZJiYQ,brentrivera,-0.14058378,low,"Brent:""GRANDMA CAN YOU STOP?!"". Grandma:*Stands up and walks away quickly* 😂😂😂",187,normal,0.9
58060MZJiYQ,brentrivera,-0.14058378,low,who wants 10 min video of brent🙋,20,normal,0.9
58060MZJiYQ,brentrivera,-0.14058378,low,"I honestly don't care that much if I don't get what I wanted, cus there's always a cool present",148,normal,0.9
58060MZJiYQ,brentrivera,-0.14058378,low,"""I have to get him an Apple Watch""
Number 1 Grandma in the world!!!",28,normal,0.9
58060MZJiYQ,brentrivera,-0.14058378,low,"my mom would just leave me with the socks
lmao😊",121,normal,0.9
58060MZJiYQ,brentrivera,-0.14058378,low,Who’s watching this during quarantine,167,normal,0.9
58060MZJiYQ,brentrivera,-0.14058378,low,ILL NEVER GET OVER BRENTS MOM,503,normal,0.9
58060MZJiYQ,brentrivera,-0.14058378,low,Brent' s grandma is the best,320,normal,0.9
58060MZJiYQ,brentrivera,-0.14058378,low,"Brent: rants to dog about gifts
Dog: sits there half asleep and could care less
😂🤣😂",28,normal,0.9
58060MZJiYQ,brentrivera,-0.14058378,low,Do types of people on Christmas please,21,normal,0.9
58060MZJiYQ,brentrivera,-0.14058378,low,Lol the mom's reaction to the toaster was priceless.,16,normal,0.9
58060MZJiYQ,brentrivera,-0.14058378,low,"Boyfriend and girlfriend:
B: Michelle can we talk?
G: yes of course!
B: would you ever cheat on me?
G: no!
B:would you marry me?
G: yes when I get the chance.
B: would you kill me?
G: no!
B: I love you darling!
(Read that backwards)",89,normal,0.9
58060MZJiYQ,brentrivera,-0.14058378,low,"Haha, this was so funny! I'm so excited for Christmas!",606,normal,0.9
58060MZJiYQ,brentrivera,-0.14058378,low,"4:03 ""holy crap I said that fast"" so cute ❤",7,timestamp,0.95
bDIltfQLA_Y,brentrivera,-0.14228436,low,Lexi is SASSSYY hahaha I love it. She needs to be in more videos xD. ,801,normal,0.9
bDIltfQLA_Y,brentrivera,-0.14228436,low,"I love Brent and Lexi's sibling bond, its so amazing.


and then there is Brice.",133,normal,0.9
bDIltfQLA_Y,brentrivera,-0.14228436,low,"Lexi is so pretty, I'm gonna cry 😭.",184,normal,0.8
bDIltfQLA_Y,brentrivera,-0.14228436,low,""" I had soybeans and two cuties, watch your mouth"" Lexi pls be my friend, I need a friend like you. ",215,normal,0.9
bDIltfQLA_Y,brentrivera,-0.14228436,low,"Thank you guys for watching!!! If you're new here, make sure you subscribe :) ",526,normal,1.0
bDIltfQLA_Y,brentrivera,-0.14228436,low,When Lexi started screaming 😂😂😂😂😂😂 2:07 ! I just love that girl.,22,timestamp,0.95
bDIltfQLA_Y,brentrivera,-0.14228436,low,"My New Years resolution is to stop telling people about my New Years resolutions.

Shit.",193,normal,0.7
bDIltfQLA_Y,brentrivera,-0.14228436,low,"My fav part: 
Brent: "" you had a chicken nugget""
Lexi: ""NO"" but it was cut off a little 😂😂😂",116,normal,0.9
bDIltfQLA_Y,brentrivera,-0.14228436,low,"When Brent was like, ""YOU ATE A CHICKEN NUGGET!"" 😂 Lexi was like, ""Nooooo!!!"" 😂😂 They are so funny!",18,normal,0.9
bDIltfQLA_Y,brentrivera,-0.14228436,low,"""Good luck Charlie"" 😂😂 I love Lexi 💘",9,normal,0.9
bDIltfQLA_Y,brentrivera,-0.14228436,low,"Lexi: Good luck Charlie!
Brent: That doesn't even make any sense. 
😂😂😂😂😂😂😂😂😂😂😂😂😂😂😂",31,normal,0.9
bDIltfQLA_Y,brentrivera,-0.14228436,low,"Brent: Yeah you did you had a chicken nugget
Lexi: I NO I DIDNT
that part made me die omg",19,normal,0.9
bDIltfQLA_Y,brentrivera,-0.14228436,low,Meet Justin Bieber...which has been my same resolution for 5 years 😂😂😂😭😭😭😭,8,normal,0.7
bDIltfQLA_Y,brentrivera,-0.14228436,low,Lmao lexi sounds the same,2,normal,0.8
bDIltfQLA_Y,brentrivera,-0.14228436,low,lexi is hilarious omg😂,4,normal,0.9
bDIltfQLA_Y,brentrivera,-0.14228436,low,Lexi very small 🥺😂,2,normal,0.8
bDIltfQLA_Y,brentrivera,-0.14228436,low,"""you ate a chicken nugget"" 😂😂",5,normal,0.9
bDIltfQLA_Y,brentrivera,-0.14228436,low,in 2024 😳 ❤😂,1,normal,0.7
bDIltfQLA_Y,brentrivera,-0.14228436,low,Everyone's like I need to eat healthy and loose weight.... Well I need to GAIN weight!! I'm skinny!!,97,normal,0.7
bDIltfQLA_Y,brentrivera,-0.14228436,low,"Lexi is so funny and sassy, she needs to make her own channel ",3,normal,0.9
jwQt32yPmHI,brentrivera,-0.14845261,low,when your 2nd brother changed into your 3rd brother at  1:18 i freaked out they look the same !!!!,52,timestamp,0.9
jwQt32yPmHI,brentrivera,-0.14845261,low,Your oldest brother is literally me omg😂,82,normal,0.95
jwQt32yPmHI,brentrivera,-0.14845261,low,I didn't know that Brent had 2 brothers 😂😂😂,68,normal,0.9
jwQt32yPmHI,brentrivera,-0.14845261,low,This looks like so much fun! I wish I could go on a vacation like this!,176,normal,0.95
jwQt32yPmHI,brentrivera,-0.14845261,low,*Meanwhile I'm over here in my basement cooking marshmallows while I try to film a video of me cooking these marshmallows but instead put the house on fire and die*,112,normal,0.7
jwQt32yPmHI,brentrivera,-0.14845261,low,"why did you wear freakin flip flops when u were zip lining?!😂
I probably would have lost em.",19,normal,0.9
jwQt32yPmHI,brentrivera,-0.14845261,low,I was on the exact same ship and cruise   But you got a state room! That's a thousand dollars a night!,25,normal,0.9
jwQt32yPmHI,brentrivera,-0.14845261,low,"That transition from Brice to Blake at 1:18 is *FLAWLESS*! They look so much alike, it's like an age progression or something 😂",7,timestamp,0.9
jwQt32yPmHI,brentrivera,-0.14845261,low,This looks AMAZING!!!... I'm sat here with a pile of homework...😂,34,normal,0.9
jwQt32yPmHI,brentrivera,-0.14845261,low,Like literally the mom and daughter part is sooo me! Haha!,6,normal,0.9
jwQt32yPmHI,brentrivera,-0.14845261,low,The girl at 2:43 😂,7,timestamp,0.9
jwQt32yPmHI,brentrivera,-0.14845261,low,Your holiday looks like so much fun! Totally wish I was there right now 💞,4,normal,0.95
jwQt32yPmHI,brentrivera,-0.14845261,low,Lexi's got moves! 😁🙈,1,normal,0.9
jwQt32yPmHI,brentrivera,-0.14845261,low,Wishing Brent was my brother,3,normal,0.9
jwQt32yPmHI,brentrivera,-0.14845261,low,I love how you always look so happy and weird (good thing) in your videos. Your laugh is contagious.,2,normal,0.95
jwQt32yPmHI,brentrivera,-0.14845261,low,The cruise looks amazing 😍 but what happened to your brother? Lol 😂😂,4,normal,0.9
jwQt32yPmHI,brentrivera,-0.14845261,low,I’m actually going to go zip lining over the jungle in a couple weeks which will be really cool.,2,normal,0.9
jwQt32yPmHI,brentrivera,-0.14845261,low,His sister is as funny as he is😂,0,normal,0.9
jwQt32yPmHI,brentrivera,-0.14845261,low,MY GOSH!!THIS IS THE FIRST TIME I SAW BLAKE IN YOUR VIDEO!!SO GLAD TO SEE YOUR WHOLE FAM!,0,normal,0.9
jwQt32yPmHI,brentrivera,-0.14845261,low,Watching this in quarantine lexi looks so young,0,normal,0.9
IsJxJrTR-yc,brentrivera,-0.14865127,low,"""She wants to get back together!""
""WHAAT?!!""",179,normal,0.9
IsJxJrTR-yc,brentrivera,-0.14865127,low,What About The Couple That Never Admits That They're A Couple?,186,normal,0.9
IsJxJrTR-yc,brentrivera,-0.14865127,low,you forgot the relationship where people are not sure if they are dating or just friends,286,normal,0.9
IsJxJrTR-yc,brentrivera,-0.14865127,low,Can't relate because im single.,81,normal,0.9
IsJxJrTR-yc,brentrivera,-0.14865127,low,the on and off again couple killed me hahahahaha,205,normal,0.9
IsJxJrTR-yc,brentrivera,-0.14865127,low,Who else is having a Brent marathon?😂😂,459,normal,0.9
IsJxJrTR-yc,brentrivera,-0.14865127,low,the last one made me laugh so hard because it is so true,272,normal,0.9
IsJxJrTR-yc,brentrivera,-0.14865127,low,I'm 13 years old and all of my friends are in a relationship. I'm like the seventh wheel.,268,normal,0.9
IsJxJrTR-yc,brentrivera,-0.14865127,low,"me in school
me:**sees ppl start kissing**
me:EW
me:**walks by a couple flirting*
me:EW
me:**looking at my self rn**
me:fml",182,normal,0.9
IsJxJrTR-yc,brentrivera,-0.14865127,low,the on and off again couple is like Selena Gomez and Justin,56,normal,0.9
IsJxJrTR-yc,brentrivera,-0.14865127,low,My boyfriend is in my class and we're the ones that never talk or text each other😂,94,normal,0.9
IsJxJrTR-yc,brentrivera,-0.14865127,low,"My new OTP... Brent + Chicken Wings= #Bricken 😂
X",239,normal,0.9
IsJxJrTR-yc,brentrivera,-0.14865127,low,..and that's why I love chicken wings so much😂,21,normal,0.9
IsJxJrTR-yc,brentrivera,-0.14865127,low,"lol, why does Brent keep talking about chicken?",15,normal,0.9
IsJxJrTR-yc,brentrivera,-0.14865127,low,"""And that's why i love chicken wings"" 😂",5,normal,0.9
IsJxJrTR-yc,brentrivera,-0.14865127,low,"Anyone else love when Brent talks about chicken wings?? 
I personally ship chicken wings and Brent! Who else does?? ",178,normal,0.9
IsJxJrTR-yc,brentrivera,-0.14865127,low,"Thank you guys for watching this video :) To let me know if you guys liked it, comment what you liked most or give this video a thumbs up :) You guys are my EVERYTHING and I love posting videos for you :)",1180,normal,0.9
IsJxJrTR-yc,brentrivera,-0.14865127,low,You would be a great film director,31,normal,0.9
IsJxJrTR-yc,brentrivera,-0.14865127,low,"the camera angel in the intro,.....😂",19,normal,0.9
IsJxJrTR-yc,brentrivera,-0.14865127,low,😂 The last one tho!!,20,normal,0.9
qEA3SjESr8s,brentrivera,-0.15713161,low,"OMG!That part when his mom walked in!!!😂😂😂😂Lol!She just like why you wearing dat on your head,Brents reaction tho",247,normal,0.9
qEA3SjESr8s,brentrivera,-0.15713161,low,"Blake, Bryce, Brent😂 The three B's😂 or the three musketeers 😄",84,normal,0.9
qEA3SjESr8s,brentrivera,-0.15713161,low,you family is freakin goals,68,normal,0.85
qEA3SjESr8s,brentrivera,-0.15713161,low,Brent. Your vlogs look like movie trailers.,71,normal,0.9
qEA3SjESr8s,brentrivera,-0.15713161,low,Lexi needs to start a channel!!!!,96,normal,0.9
qEA3SjESr8s,brentrivera,-0.15713161,low,when his mom comes in😂😂😂 his face and what he says tho😂😂😂,20,normal,0.9
qEA3SjESr8s,brentrivera,-0.15713161,low,literally fam goals wth they're all so good looking 😭😭,11,normal,0.8
qEA3SjESr8s,brentrivera,-0.15713161,low,im glad he put this as an ad ! i GOT TO  FIND more youtubers this way ! ^_^,21,normal,0.85
qEA3SjESr8s,brentrivera,-0.15713161,low,""" I can't believe Blake was awake for that""

""Yeah Well if there was food so""

😂🤣i love blake",4,normal,0.9
qEA3SjESr8s,brentrivera,-0.15713161,low,"Gosh, I wish I could go to a vacation like this. 😣😅😂",18,normal,0.9
qEA3SjESr8s,brentrivera,-0.15713161,low,1:21 Wishing i had abs like Lexi...,31,timestamp,0.95
qEA3SjESr8s,brentrivera,-0.15713161,low,2020 anyone??,3,normal,0.8
qEA3SjESr8s,brentrivera,-0.15713161,low,This series is so fun to watch!!,13,normal,0.9
qEA3SjESr8s,brentrivera,-0.15713161,low,Your whole family is so fit! Like how?!😂😂😍😘❤️,12,normal,0.9
qEA3SjESr8s,brentrivera,-0.15713161,low,omg when his mom came in 😂,7,normal,0.9
qEA3SjESr8s,brentrivera,-0.15713161,low,I'm watching this in 2019 August and Lexie looks so young,19,normal,0.9
qEA3SjESr8s,brentrivera,-0.15713161,low,This was such fun to watch!! Thanks for taking us with you xD,4,normal,0.9
qEA3SjESr8s,brentrivera,-0.15713161,low,1:28 oMG Lexi was so small c:,3,timestamp,0.95
qEA3SjESr8s,brentrivera,-0.15713161,low,"0:30 ""Brent...what are you doing?"" 😂😂😂",1,timestamp,0.95
qEA3SjESr8s,brentrivera,-0.15713161,low,WOOOOOH JAMAICA I LIVE IN JAMAICA HOPE YOUR HAVING FUN OR DID HAVE FUN BRENT,29,normal,0.9
YQYJsb9KXRo,brentrivera,-0.16684893,low,Hope you guys enjoyed this! :) Stay tuned for part 2 and 3!! :),345,normal,0.95
YQYJsb9KXRo,brentrivera,-0.16684893,low,He's on vacation and I am in school like help mehh,276,normal,0.9
YQYJsb9KXRo,brentrivera,-0.16684893,low,I'm just in my bed watching this✊,75,normal,0.9
YQYJsb9KXRo,brentrivera,-0.16684893,low,Brent and Brice on ice tho,16,normal,0.85
YQYJsb9KXRo,brentrivera,-0.16684893,low,I like Brice. He is calm and confident.,36,normal,0.9
YQYJsb9KXRo,brentrivera,-0.16684893,low,why couldn't we hear you singing?,100,normal,0.9
YQYJsb9KXRo,brentrivera,-0.16684893,low,"Let me think of a joke 






Donald Trump",349,normal,0.8
YQYJsb9KXRo,brentrivera,-0.16684893,low,I can't believe this is who he was before,1,normal,0.85
YQYJsb9KXRo,brentrivera,-0.16684893,low,Someone like me on 2021,1,normal,0.85
YQYJsb9KXRo,brentrivera,-0.16684893,low,1:32 they look like the kids I help when they fist start to skate!!😂😂😂😂😂,0,timestamp,0.9
YQYJsb9KXRo,brentrivera,-0.16684893,low,i wish brent didnt cut out the audio for his singing xD,20,normal,0.9
YQYJsb9KXRo,brentrivera,-0.16684893,low,2019?😂,3,normal,0.85
YQYJsb9KXRo,brentrivera,-0.16684893,low,2019?? 🤪❤️,4,normal,0.85
YQYJsb9KXRo,brentrivera,-0.16684893,low,Dang the quality was top notch,1,normal,0.9
YQYJsb9KXRo,brentrivera,-0.16684893,low,the ice skating part was funny,1,normal,0.9
YQYJsb9KXRo,brentrivera,-0.16684893,low,the mom ♥♥♥♥ lmfaoo,1,toxic,0.7
YQYJsb9KXRo,brentrivera,-0.16684893,low,1:18 Brent’s smile is so cute in this,0,timestamp,0.9
YQYJsb9KXRo,brentrivera,-0.16684893,low,Wait wait wait! DID HE SAY MEXICO?!! OHMYGOSH BRENT DO A MEETUP!! ARRIBA MÉXICO!,3,normal,0.9
YQYJsb9KXRo,brentrivera,-0.16684893,low,I play hockey for real it’s really fun!,1,normal,0.9
YQYJsb9KXRo,brentrivera,-0.16684893,low,I play hockey and this made me laugh so hard😂,5,normal,0.9
SXQ3wJaylLg,brentrivera,-0.20303354,low,"""gosh, get a life!"" 🤣",379,toxic,0.8
SXQ3wJaylLg,brentrivera,-0.20303354,low,me this quarantine: * watching 4-5 years Brent's vlogs *,292,normal,0.9
SXQ3wJaylLg,brentrivera,-0.20303354,low,Thank you for watching! Yesterday I had technical difficulties so I'm happy it finally uploaded correctly! I love you guys so so much!! :),2122,normal,0.95
SXQ3wJaylLg,brentrivera,-0.20303354,low,My older cousin had a boy in the car my other cousin:IS THAT YOUR BOOOOYYYYYYYFRRRIIEEEEEENNND???? Them:*as red as a tomato,223,normal,0.85
SXQ3wJaylLg,brentrivera,-0.20303354,low,Part of being the older sibling includes being mean to your younger siblings when you're growing up. I was the older sibling XD,359,normal,0.9
SXQ3wJaylLg,brentrivera,-0.20303354,low,Who else likes his videos before watching😂😂😂😂😅😆,770,normal,0.9
SXQ3wJaylLg,brentrivera,-0.20303354,low,I've watched all his videos like   a million times and they still make me laugh😂😂,227,normal,0.9
SXQ3wJaylLg,brentrivera,-0.20303354,low,You changed so much in these three years! And Lexi too ! In a good way👍🏻,357,normal,0.9
SXQ3wJaylLg,brentrivera,-0.20303354,low,"In my opinion, Brent Rivera is better then Jacob Startorious. Like if u agree! ( this was not meant to be offense in any way, he's amazing too )",1176,normal,0.9
SXQ3wJaylLg,brentrivera,-0.20303354,low,Did anyone else hear someone breathing really loudly at the end where he was showing the competitive sibling part? 😂😂,331,normal,0.85
SXQ3wJaylLg,brentrivera,-0.20303354,low,I'm probably the mean older sibling 😂😂😂,75,normal,0.9
SXQ3wJaylLg,brentrivera,-0.20303354,low,I love how the mom just throws insults at Brent,46,normal,0.7
SXQ3wJaylLg,brentrivera,-0.20303354,low,My youngest sister is sometimes the sibling that gets away with everything and I am the competitive sibling,101,normal,0.9
SXQ3wJaylLg,brentrivera,-0.20303354,low,You missed a type of sibling the one that always wants to play games on your phone 😩😩😩😩😩,178,normal,0.9
SXQ3wJaylLg,brentrivera,-0.20303354,low,"""THIS HOUSE IS UNJUST!!""

XDD",17,normal,0.85
SXQ3wJaylLg,brentrivera,-0.20303354,low,3:00 finally Brent put the wig on properly!,12,timestamp,0.95
SXQ3wJaylLg,brentrivera,-0.20303354,low,sniches get stitches,12,toxic,0.7
SXQ3wJaylLg,brentrivera,-0.20303354,low,The first one is called the snitch,75,normal,0.85
SXQ3wJaylLg,brentrivera,-0.20303354,low,"The last one is SOOOO True, My bro always says, come on! Let’s go play Xbox! I’m like, NO! IM WATCHING BRENT RIVERA! Then he makes me play with him... they sometimes don’t make sense.... 😒😒🧐",170,normal,0.9
SXQ3wJaylLg,brentrivera,-0.20303354,low,breNT One QUEsTIon wHy diDnt u DO a cRay CraY inTro?,22,normal,0.85
4LVG4HMnaCo,brentrivera,-0.20885491,low,anyone else getting this recommended in 2020? oh just me ok,13639,normal,0.95
4LVG4HMnaCo,brentrivera,-0.20885491,low,"Who else got this in their recommended 6 years later...

Thank you for all the likes 😭😭",7801,normal,0.95
4LVG4HMnaCo,brentrivera,-0.20885491,low,Brent’s hair is still the same four years later,1519,normal,0.9
4LVG4HMnaCo,brentrivera,-0.20885491,low,"Brent in 2014: “whoever wins, WINS”
Brent in 2021: *“whoever wins, gets 10,000 dollars!”*",767,normal,0.9
4LVG4HMnaCo,brentrivera,-0.20885491,low,She has the same voice but she looks so different now,2457,normal,0.9
4LVG4HMnaCo,brentrivera,-0.20885491,low,"Lexi: 6 years later and she looks gorgeous.

Brent: 6 years later and he looks exactly same.",1142,normal,0.9
4LVG4HMnaCo,brentrivera,-0.20885491,low,"Lexi: 6 years later looks different

Brent: 6 years later looks the same

Wow thank you guys so much for all the likes!",5212,normal,0.9
4LVG4HMnaCo,brentrivera,-0.20885491,low,Lexi looks so much older 6 years later. She has changed so much 💜,255,normal,0.9
4LVG4HMnaCo,brentrivera,-0.20885491,low,"Lexi looks so different 
2021 anyone?
Edit: OMG TYSM FOR ALL THE LIKES!!",788,normal,0.9
4LVG4HMnaCo,brentrivera,-0.20885491,low,"Brent: Doesn't change at all
Nobody:
Not a single soul:
Lexi: literally a different identity",735,normal,0.9
4LVG4HMnaCo,brentrivera,-0.20885491,low,"Brent: looks the same

Lexi: Almost dark brown hair, voice is different, looks different",928,normal,0.9
4LVG4HMnaCo,brentrivera,-0.20885491,low,"Lexi: *Totally different*
Brent: *Still the same. As always.*",132,normal,0.9
4LVG4HMnaCo,brentrivera,-0.20885491,low,Woah Lexi looks so different now in 2018,3385,normal,0.9
4LVG4HMnaCo,brentrivera,-0.20885491,low,I didn’t think that was Lexi like they recommended to me 6 YEARS LATER,759,normal,0.9
4LVG4HMnaCo,brentrivera,-0.20885491,low,Omo Lexi has changed a lot 😯😯at first I thought who is this girl lol 😂and why is youtube recommending this to me now lol anyone watching it in 2021 or is it just me 😶,2079,normal,0.9
4LVG4HMnaCo,brentrivera,-0.20885491,low,"YouTube should we recommend this:
2014- probably no
2015- no
2016 - no 
2017- not yet 
2018- no
2019 - no
2020- it’s time
😂😂😂.",1570,normal,0.9
4LVG4HMnaCo,brentrivera,-0.20885491,low,"Lexi: *GLOWUP*
Brent: *SAME*",337,normal,0.9
4LVG4HMnaCo,brentrivera,-0.20885491,low,"Brent: “here’s my sister Lexi,”

Me:





“Lexi...?”",1140,normal,0.9
4LVG4HMnaCo,brentrivera,-0.20885491,low,Everyone is saying Brent hasn't changed... But to be honest I think he's matured a lot,159,normal,0.9
4LVG4HMnaCo,brentrivera,-0.20885491,low,The fact that brent hasn't changed..and is still the same till now,541,normal,0.9
aZZPQJhUCpc,brentrivera,-0.21516943,low,"If you watched this video, I'm coming to find you and I'm giving you a hug to show you how much I appreciate it :) thank you :) Make sure you hit that thumbs up button!",1778,normal,0.95
aZZPQJhUCpc,brentrivera,-0.21516943,low,Did anyone else have trouble trying to read Brents answers cause of the green marker?,363,normal,0.9
aZZPQJhUCpc,brentrivera,-0.21516943,low,"Brent: What's my favorite summer activity? 
Brice: Your favorite summer activity... Do you even do anything? 

😂😂👌👌👏😍",493,normal,0.95
aZZPQJhUCpc,brentrivera,-0.21516943,low,"I just love Brent's personality, anyone else?",250,normal,0.95
aZZPQJhUCpc,brentrivera,-0.21516943,low,Brent said: Ew! no I don't like bananas!! when he used to eat them in like EVERY vine!! 😂😂😂😂😂😂😂😂😂,186,normal,0.9
aZZPQJhUCpc,brentrivera,-0.21516943,low,i liked this one better than the one he did with his sister. his brother is sweet,112,normal,0.9
aZZPQJhUCpc,brentrivera,-0.21516943,low,i was squinting this whole video to see Brent's answers :P,291,normal,0.9
aZZPQJhUCpc,brentrivera,-0.21516943,low,3:09 Brent couldn't have possibly got the same answer as Brice 😂,23,timestamp,0.95
aZZPQJhUCpc,brentrivera,-0.21516943,low,**Clicks like before watching the video as usual**,361,normal,0.9
aZZPQJhUCpc,brentrivera,-0.21516943,low,"brent:what is my faviorite summer activity
bryce:*looks confused* do you even do anything? 

hahahhhahhh",105,normal,0.9
aZZPQJhUCpc,brentrivera,-0.21516943,low,I had to look closer at the thumbnail because I thought there were 2 Brent's 😂😂😂,128,normal,0.9
aZZPQJhUCpc,brentrivera,-0.21516943,low,YouTube: let me recommend this video to people after 4 years(2020),46,normal,0.85
aZZPQJhUCpc,brentrivera,-0.21516943,low,"Wanting A Sibling Relationship Like Them.
Anyone Agree Like My Comment?",172,normal,0.9
aZZPQJhUCpc,brentrivera,-0.21516943,low,The shaved ice watermelon flavor thing is called Snow cones lol 🍦🍦🍦,53,normal,0.9
aZZPQJhUCpc,brentrivera,-0.21516943,low,"""you're favorite summer activity? do u even do n e thing?"" X'D me",153,normal,0.9
aZZPQJhUCpc,brentrivera,-0.21516943,low,SIBLING GOALS!,15,normal,0.9
aZZPQJhUCpc,brentrivera,-0.21516943,low,"When Brice asked ""whats shows are only on during the summer?""
I was literally yelling at my laptop screaming ""Teen Wolf""",19,normal,0.9
aZZPQJhUCpc,brentrivera,-0.21516943,low,didn't know you liked frozen...,22,normal,0.9
aZZPQJhUCpc,brentrivera,-0.21516943,low,definitely went and subscribed to Brice's channel after seeing this video :) anyone else?,129,normal,0.9
aZZPQJhUCpc,brentrivera,-0.21516943,low,2018? I wish he did more videos with his brother these days,35,normal,0.9
1J8AjQBB03Q,brentrivera,-0.2166482,low,2020 Quarantine anyone? Jeez Lexi Looks so young!!,1693,normal,0.9
1J8AjQBB03Q,brentrivera,-0.2166482,low,Omg Lexi looks so different compared to 2019 Lexi,571,normal,0.9
1J8AjQBB03Q,brentrivera,-0.2166482,low,""" Brent, you let your sister go with you or I'LL UNLEASH MY WRATH!!"" 😂🤣😂",492,normal,0.9
1J8AjQBB03Q,brentrivera,-0.2166482,low,"Who is watching it after 5 years i.e. 2020


👇👇",710,normal,0.8
1J8AjQBB03Q,brentrivera,-0.2166482,low,Omg lexi looks so young,1680,normal,0.9
1J8AjQBB03Q,brentrivera,-0.2166482,low,"Brice, Brent and Lexi are like sibling goals",312,normal,0.9
1J8AjQBB03Q,brentrivera,-0.2166482,low,I'm the forgotten middle child that he forgot 😂😭 ,1312,normal,0.9
1J8AjQBB03Q,brentrivera,-0.2166482,low,i get it i do sibling pranks too that was epic bro,263,normal,0.9
1J8AjQBB03Q,brentrivera,-0.2166482,low,I love how the mom kept insulting him😆😁,277,normal,0.9
1J8AjQBB03Q,brentrivera,-0.2166482,low,Haha the way Bryce just looks at brent and Lexi at 1:58,245,timestamp,0.8
1J8AjQBB03Q,brentrivera,-0.2166482,low,very relatable,225,normal,0.9
1J8AjQBB03Q,brentrivera,-0.2166482,low,"""mom can I have a laptop""
""Of course sweety let's go now""",213,normal,0.9
1J8AjQBB03Q,brentrivera,-0.2166482,low,"0:51 ""shes 14 not 13"" LMFAO",745,timestamp,0.8
1J8AjQBB03Q,brentrivera,-0.2166482,low,"""You let your sister go with you or I will unleash my WRATH!!"" 😂 Dead",161,normal,0.9
1J8AjQBB03Q,brentrivera,-0.2166482,low,"Turn on the caption at 0:16 
""We're home (BRATS)""
😂😂😂😂😂",136,timestamp,0.8
1J8AjQBB03Q,brentrivera,-0.2166482,low,Aww... They both r soo cute.... Anyone 2019?,192,normal,0.9
1J8AjQBB03Q,brentrivera,-0.2166482,low,Brice's face when you locked the door 😂😂😂,125,normal,0.9
1J8AjQBB03Q,brentrivera,-0.2166482,low,2019 anyone ?❤️,934,normal,0.9
1J8AjQBB03Q,brentrivera,-0.2166482,low,Where's the forgotten middle child- middle child,359,normal,0.9
1J8AjQBB03Q,brentrivera,-0.2166482,low,"OMG Lexi looks so different from now and 2019 and 2020
😮 😮",77,normal,0.9
r4j5eJg-czM,brentrivera,-0.22231227,low,"""EAT THE KISSESSSSS"" 
-Grandma 2015",298,normal,0.9
r4j5eJg-czM,brentrivera,-0.22231227,low,The little cousins asking for my phone is SO relatable!!!!,494,normal,0.9
r4j5eJg-czM,brentrivera,-0.22231227,low,I love grandmas who ask you if you want to eat about 200 times!! 😂,459,normal,0.9
r4j5eJg-czM,brentrivera,-0.22231227,low,"That's my grandma ""EAT THE KISSES""",34,normal,0.9
r4j5eJg-czM,brentrivera,-0.22231227,low,I was laughing so hard when the cousin started crying.,240,normal,0.9
r4j5eJg-czM,brentrivera,-0.22231227,low,Why does Brent have so many wigs,1168,normal,0.8
r4j5eJg-czM,brentrivera,-0.22231227,low,"If you have any of these relatives, give this video a thumbs up!!!",2496,normal,0.9
r4j5eJg-czM,brentrivera,-0.22231227,low,"I hate it when my little cousin wants my phone.




Edit: he never gives it back",343,normal,0.8
r4j5eJg-czM,brentrivera,-0.22231227,low,I'm DYING when the photo taker comes in the bathroom😂😂😂,89,normal,0.9
r4j5eJg-czM,brentrivera,-0.22231227,low,"Me: *sits on couch cause doesn’t know anyone*
Aunt: Cmon go meet you cousin he is the same age as you. 
Me: Im ok sitting here
Aunt: YOU NEED TO KNOW WHO IS IN YOU FAMILY!!! 
Me: Fine.... I’ll go meet random people.
Me: *meets cousin*
Me: Hey.
Cousin: Hola coma’esta 
Me in head: *kill me now*

Like if you can relate btw I don’t know how to write in Spanish..",260,normal,0.8
r4j5eJg-czM,brentrivera,-0.22231227,low,"Brent: and then there`s the picture taking relatives
me: SO RELATEBLE",91,normal,0.9
r4j5eJg-czM,brentrivera,-0.22231227,low,When Brent wears that hoodie and lies on the sofa it sometimes looks like someone tied up his arms to his chest with black duct tape. 😂,27,normal,0.8
r4j5eJg-czM,brentrivera,-0.22231227,low,"(Like we get it, your old)
😂😂😂😂😂😂😂😂😂😂",26,toxic,0.7
r4j5eJg-czM,brentrivera,-0.22231227,low,"My little cousin said she would murder me if i didn't give her my iPad to play on. I flipped her off and was yelled at for making her ""sad""",148,toxic,0.7
r4j5eJg-czM,brentrivera,-0.22231227,low,My mom is the picture taker 😂😂❤️,449,normal,0.9
r4j5eJg-czM,brentrivera,-0.22231227,low,The cousins part and  relatives who do not expect no are sooo relateble,31,normal,0.8
r4j5eJg-czM,brentrivera,-0.22231227,low,"My mom and dad does the ""back then, and now"" thing 😂",92,normal,0.9
r4j5eJg-czM,brentrivera,-0.22231227,low,"""EAT THE KISSES!""

haha I was died😂",94,normal,0.9
r4j5eJg-czM,brentrivera,-0.22231227,low,EAT THE KISSES (meanwhile my grandma says EAT THE VEGGIES) 😂,78,normal,0.9
r4j5eJg-czM,brentrivera,-0.22231227,low,They are so old they don’t know where the phone is,14,normal,0.8
ThUo5yQf5qw,dailybumps,0.41387415,high,Karma + Ollie = too much cuteness to handle,14,normal,0.95
ThUo5yQf5qw,dailybumps,0.41387415,high,Ollie looks sooo much like Bryan! Minus the blonde hair haha. He's so cute ^.^,81,normal,0.95
ThUo5yQf5qw,dailybumps,0.41387415,high,How can you even be mad at that? hahahaha His laugh was killing me,6,normal,0.9
ThUo5yQf5qw,dailybumps,0.41387415,high,"Oh my goodness that was hilarious! Ollie was making me LOL for real!!  I kept thinking that it was like giving a kid a bag of candy and saying...take it to your room and don't eat it!! Too funny, love it!",123,normal,0.9
ThUo5yQf5qw,dailybumps,0.41387415,high,Aw when Ollie was laughing at karma licking his face:),13,normal,0.95
ThUo5yQf5qw,dailybumps,0.41387415,high,I adore Karma! He's seems so snuggly!!!!,64,normal,0.95
ThUo5yQf5qw,dailybumps,0.41387415,high,"**waits for** ""Welcome Finley Jay (Birth Vlog)"" or  "" I'm in Labor!"" vlog anybody else xD",83,normal,0.85
ThUo5yQf5qw,dailybumps,0.41387415,high,Omg Ollie and karma giggling!!  So cute,6,normal,0.95
ThUo5yQf5qw,dailybumps,0.41387415,high,who watches to the end of the vlog ? I do :),122,normal,0.9
ThUo5yQf5qw,dailybumps,0.41387415,high,OMG Ollie eating ice cream in the intro is ADORABLE 😁,4,normal,0.95
ThUo5yQf5qw,dailybumps,0.41387415,high,"I am 40+ weeks pregnant. I use my birthing ball to fold laundry. it's so nice because instead of being uncomfortable and folding over to reach something, I can just roll over to where I can pick up clothes and fold them. I honestly would never comfortably fold clothes without my birthing ball! 
-Marissa",49,normal,0.85
ThUo5yQf5qw,dailybumps,0.41387415,high,"Still waiting the title of the vlog to pop up saying ""were having a baby"" or something lol <3",18,normal,0.85
ThUo5yQf5qw,dailybumps,0.41387415,high,"who else is legit waiting to see the title ""Birth Vlog?""",154,normal,0.85
ThUo5yQf5qw,dailybumps,0.41387415,high,Oliver laughing with Karma was soooo cute!!!,2,normal,0.95
ThUo5yQf5qw,dailybumps,0.41387415,high,Haha! Cookie Momster! I see what you did there. ;),4,normal,0.9
ThUo5yQf5qw,dailybumps,0.41387415,high,Happy Fall Y'all! All those pumpkins make us want pumpkin pie! Who else loves pumpkin pie?,3,normal,0.9
ThUo5yQf5qw,dailybumps,0.41387415,high,Like if ollie is cute,5,normal,0.9
ThUo5yQf5qw,dailybumps,0.41387415,high,Aw Ollie eating ice cream in the intro is adorable!! He's so cute :),4,normal,0.95
ThUo5yQf5qw,dailybumps,0.41387415,high,Who else thinks it would be SO COOL if Finn was born on day 1000,153,normal,0.9
ThUo5yQf5qw,dailybumps,0.41387415,high,Oh my god that giggling from Ollie while Karma gives him kisses was THE CUTEST THING I HAVE EVER SEEN,278,normal,0.95
lySjmOaO7Rc,dailybumps,0.36580765,high,Ollie AND Finn are up to no good today! THUMBS UP THIS VIDEO IF YOU LOVE Ollie AND FINN!,1263,normal,0.95
lySjmOaO7Rc,dailybumps,0.36580765,high,"Omg, I remember when Ollie was so small. I'm an OG, lmao.",29,normal,0.9
lySjmOaO7Rc,dailybumps,0.36580765,high,Omg I love how Finn follows his older brother ollie,55,normal,0.9
lySjmOaO7Rc,dailybumps,0.36580765,high,I love how in the background of 2:10 the Dad is checking drawers.,7,timestamp,0.8
lySjmOaO7Rc,dailybumps,0.36580765,high,Daily bumps Ollie and finn finding,1,normal,0.85
lySjmOaO7Rc,dailybumps,0.36580765,high,Y’all get to have fun I have to wash dishes,4,normal,0.9
lySjmOaO7Rc,dailybumps,0.36580765,high,Who think Ollie and Finn are so cute!!!!,337,normal,0.9
lySjmOaO7Rc,dailybumps,0.36580765,high,Ollie is such a good trickster,44,normal,0.9
lySjmOaO7Rc,dailybumps,0.36580765,high,Nobody will probably read this but I hope you have a great day today!! 💛💛☺️,379,normal,0.95
lySjmOaO7Rc,dailybumps,0.36580765,high,i love ollie and finn there little pranksters,2,normal,0.9
lySjmOaO7Rc,dailybumps,0.36580765,high,i like ollie's eyes so cute,41,normal,0.7
lySjmOaO7Rc,dailybumps,0.36580765,high,Definitely get two little horses for Ollie and Finn xx👍👍👍👍👍,9,normal,0.85
lySjmOaO7Rc,dailybumps,0.36580765,high,Yes! Fin & Ollie definitely need a miniature pony!😁,4,normal,0.85
lySjmOaO7Rc,dailybumps,0.36580765,high,I love you guys so much❤️❤️❤️❤️,12,normal,0.95
lySjmOaO7Rc,dailybumps,0.36580765,high,"Me:watches more of the video
Also me:nvm",0,normal,0.7
lySjmOaO7Rc,dailybumps,0.36580765,high,There so adorable,11,normal,0.9
lySjmOaO7Rc,dailybumps,0.36580765,high,Ollie is so funny and brave Finn is so adorable,17,normal,0.9
lySjmOaO7Rc,dailybumps,0.36580765,high,Ollie and Finn vlogging is adorable ❤📷,13,normal,0.9
lySjmOaO7Rc,dailybumps,0.36580765,high,Ali and fin are good hiding people from Tyler NEYMAN,1,normal,0.8
lySjmOaO7Rc,dailybumps,0.36580765,high,"cant tell, love you guys",5,normal,0.9
KaF907vmVGI,dailybumps,0.35904807,high,Next time when somebody comes at you & you put your window down only crack the window open a tiny bit so they can’t put their hands inside.,143,normal,0.9
KaF907vmVGI,dailybumps,0.35904807,high,I am so sorry that happened guys! I hope Fin feels better soon!,88,normal,0.95
KaF907vmVGI,dailybumps,0.35904807,high,"That was an aggressive and abnormal reaction by tiny car dude.  Bless Finn’s heart for having to witness that display of anger at such a young age.  Missy, you handled that situation beautifully.  Definitely should pray for him as something is not right in his life. ❤",144,normal,0.9
KaF907vmVGI,dailybumps,0.35904807,high,I love that instead of being bitter about it you chose to see that he was probably a sad man that needs prayers ❤ we need more of that ❤❤,246,normal,0.9
KaF907vmVGI,dailybumps,0.35904807,high,What matters is that Missy and Finn didn’t get hurt physically ❤,63,normal,0.95
KaF907vmVGI,dailybumps,0.35904807,high,"That sounds scary, hope you are all ok",52,normal,0.9
KaF907vmVGI,dailybumps,0.35904807,high,"That’s so terrible, I’m sorry that happened to you Missy, poor Finn was so upset. It is pure joy watching Brielle play with her big brothers. Glad you all are enjoying Tennessee.",38,normal,0.9
KaF907vmVGI,dailybumps,0.35904807,high,Poor Finn!!! His fear had me in tears!,13,normal,0.9
KaF907vmVGI,dailybumps,0.35904807,high,I am so sorry you had to go through that. Never roll your window all the way down and I was so upset when Finn started crying. I was crying myself but I’m glad everybody’s OK.,29,normal,0.9
KaF907vmVGI,dailybumps,0.35904807,high,I would have been raging if that man came at me like that. Glad you guys are safe. This world is sadly changing. I love how you guys have chosen to “slow” down and enjoy the little moments. So craving this as life’s pace is going too fast. God Bless,53,normal,0.9
KaF907vmVGI,dailybumps,0.35904807,high,I would’ve pulled my window up the second he opened his mouth lol wouldn’t give him the time of day,22,normal,0.9
KaF907vmVGI,dailybumps,0.35904807,high,"For the next time don't roll down your window, the world is changing nowadays and you never know if you come in contact with the wrong person. Please stay safe y'all! ❤️",13,normal,0.9
KaF907vmVGI,dailybumps,0.35904807,high,"Looks like a narcissist, ugh!  You handled the situation so well.",24,normal,0.85
KaF907vmVGI,dailybumps,0.35904807,high,I hope y’all are OK that can be scary sometimes,29,normal,0.9
KaF907vmVGI,dailybumps,0.35904807,high,"So sorry that happen to you, that man had no right coming at you like that. Happy house hunting.",12,normal,0.9
KaF907vmVGI,dailybumps,0.35904807,high,“You need to look behind you before you hop in the car!” That’s literally so scary- I’m glad you are okay!,20,normal,0.9
KaF907vmVGI,dailybumps,0.35904807,high,I'm so sorry that man scared you guys! Oh my gosh Brielle was sooo proud of herself and thrilled to be playing with the big boys! Sending much love from Wilsonville Oregon ❤,28,normal,0.9
KaF907vmVGI,dailybumps,0.35904807,high,I love how Finn was trying to defend his mother and sister!!!,8,normal,0.9
KaF907vmVGI,dailybumps,0.35904807,high,You handled that so well Missy! Props to you! I honestly don’t know how I would react. I’d immediately be crying like Finn 😂😂😂,11,normal,0.9
KaF907vmVGI,dailybumps,0.35904807,high,So sad he had to hear someone yell at you like that! Hope he’s okay!,8,normal,0.9
P6APfTrwf2U,dailybumps,0.3531335,high,I started LAUGHING every single time Ollie would come down the slide without Finn! And when Brian asked him where Finn was he would say I don't know every time he slid down from the slide!!😂😂😂😂😂😂😂😂😂😂,9,normal,0.95
P6APfTrwf2U,dailybumps,0.3531335,high,"""OLIVER YOU HAD ONE JOB""😂😂",2,normal,0.95
P6APfTrwf2U,dailybumps,0.3531335,high,I was busting up every time Ollie would come down the slide without Finn 😂,24,normal,0.95
P6APfTrwf2U,dailybumps,0.3531335,high,Finn was so cute how the whole time he was still eating chicken,2,normal,0.9
P6APfTrwf2U,dailybumps,0.3531335,high,"Hello random person scrolling down the comments:D 
Hoping that you have had the best day! Ffrom asmallerrr youtubber x",341,normal,0.9
P6APfTrwf2U,dailybumps,0.3531335,high,"Ollie!!! ""You had one job!"" 😂😂😂",2,normal,0.95
P6APfTrwf2U,dailybumps,0.3531335,high,that playing scene cracked me up😂😂😂,31,normal,0.95
P6APfTrwf2U,dailybumps,0.3531335,high,"I love that Oliver kept going up to get Finley and coming down without him, like, ""oh, was I suppose to do something while I was up there?""",1,normal,0.95
P6APfTrwf2U,dailybumps,0.3531335,high,"Brian: Ollie where's Fin?
Oliver: I DON'T KNOW!
(•4)",10,normal,0.9
P6APfTrwf2U,dailybumps,0.3531335,high,"Ollie going "" I don't know"" and Bryan saying "" Ollie get Finn, and go down the slide""! I was laughing so hard!",1,normal,0.95
P6APfTrwf2U,dailybumps,0.3531335,high,"I was laughing so much when ollie kept coming down without Finn! haha and then Bryan's like ""Oliver you had one job!"" 😂😂 love you guys!!😂💜",256,normal,0.95
P6APfTrwf2U,dailybumps,0.3531335,high,"Fin is getting so big!!! ""Ollie get Fin and pull him down the slide!"" Lol Bryans!!😂 Great job Fin!!👏😊",4,normal,0.9
P6APfTrwf2U,dailybumps,0.3531335,high,OMG Ollie is Soooooo adorable,34,normal,0.9
P6APfTrwf2U,dailybumps,0.3531335,high,"""Oliver! You had one job!"" I died😂😂😂😂",1,normal,0.95
P6APfTrwf2U,dailybumps,0.3531335,high,"""Oliver! You had one job"" 😂😂😂😂",30,normal,0.95
P6APfTrwf2U,dailybumps,0.3531335,high,"Each time Ollie came down the slide and Bryan asked him where's Finn, he just kept saying I don't know, Ollie is too funny",1,normal,0.95
P6APfTrwf2U,dailybumps,0.3531335,high,The way Finn came down the slide was soooooo funny😂😂😂😂,2,normal,0.95
P6APfTrwf2U,dailybumps,0.3531335,high,"When Finn came sliding down the slide, I starting laughing!!! It was adorable!!!!",2,normal,0.95
P6APfTrwf2U,dailybumps,0.3531335,high,"when Ollie and Bryan sang jingle bells, and they said hey ant the end, I suddenly  started singing This is Home.",26,normal,0.9
P6APfTrwf2U,dailybumps,0.3531335,high,"Lol, Ollie kept sliding down the slide without his brother😂😂",2,normal,0.95
3pU_4BbbEuY,dailybumps,0.34686077,high,I will never tire of hearing her say these beautiful words,18896,normal,0.95
3pU_4BbbEuY,dailybumps,0.34686077,high,"Babies understand much more than we realize, they just can’t verbalize. Your baby has an advanced ability. God bless her!",13743,normal,0.95
3pU_4BbbEuY,dailybumps,0.34686077,high,These precious babies these day are amazing,207,normal,0.9
3pU_4BbbEuY,dailybumps,0.34686077,high,"Sounded like she said ""hi dad"" What a sweetheart 🐥🍼💕",3411,normal,0.9
3pU_4BbbEuY,dailybumps,0.34686077,high,"That is the most angelic ""good"" i've ever heard",869,normal,0.9
3pU_4BbbEuY,dailybumps,0.34686077,high,What a precious moment!,105,normal,0.95
3pU_4BbbEuY,dailybumps,0.34686077,high,Baby’s eyes match Daddy’s eyes❤so cute 😊,190,normal,0.9
3pU_4BbbEuY,dailybumps,0.34686077,high,When she said hello.. she sounded like she had a British accent lol she is ADORABLE,4223,normal,0.9
3pU_4BbbEuY,dailybumps,0.34686077,high,"She looks like, “Oops, I blew my cover, let me go back into baby mode”, but just couldn’t fight the temptation to talk!! These babies have been here before!!😂",2004,normal,0.85
3pU_4BbbEuY,dailybumps,0.34686077,high,Someone once commented that “the reason God make babies unable to talk is because they would reveal everything they saw in heaven” 😂,3448,normal,0.85
3pU_4BbbEuY,dailybumps,0.34686077,high,Watching it many times will not get tired of it. ❤✨,43,normal,0.9
3pU_4BbbEuY,dailybumps,0.34686077,high,"Lol, she sounded like a proper young British lady 🥰",774,normal,0.9
3pU_4BbbEuY,dailybumps,0.34686077,high,That baby knows more words than I did in 4th grade-,1016,normal,0.85
3pU_4BbbEuY,dailybumps,0.34686077,high,Dad's reaction.... I love it,977,normal,0.9
3pU_4BbbEuY,dailybumps,0.34686077,high,"That ""good"" is the most beautiful thing I've ever heard ❤️",243,normal,0.9
3pU_4BbbEuY,dailybumps,0.34686077,high,Smart & Adorable! God bless her.🙏😇,51,normal,0.9
3pU_4BbbEuY,dailybumps,0.34686077,high,Aww his suprised look is sweet he genuinely wasn't expecting that,435,normal,0.9
3pU_4BbbEuY,dailybumps,0.34686077,high,She's got her daddy's eyes....how sweet,337,normal,0.9
3pU_4BbbEuY,dailybumps,0.34686077,high,"She said, “Hello cutie”…if you listen without looking at her, you can hear!! Beautiful! Ty",149,normal,0.9
3pU_4BbbEuY,dailybumps,0.34686077,high,Oh my God. Thank God he was recording. This is Amazing!!!. ❤,34,normal,0.9
w9XfBjViMoE,dailybumps,0.3363522,high,"I am a 10th grader in highschool, and the craziest thing happened when I was in gym today. While I was in gym I was walking by myself behind a set of bleachers, I just was sort of feeling alone and wanted to be by myself. While I was walking I heard the faint voice of the one and only, Bryan Lanning. This Is Home came on my teachers radio, instantly I stopped and just sang along. No one else even knew this song, but to me it meant much more than you could know. For those few minutes it was on I didn't feel so alone, I felt I had a place in this world, and now I know I do. ",19,normal,0.7
w9XfBjViMoE,dailybumps,0.3363522,high,Ellies mom and Ollie at the end was the best part of the Vlog ❤ ,57,normal,0.95
w9XfBjViMoE,dailybumps,0.3363522,high,THIS IS HOMEEEE!!!!!!!!!!,5,normal,0.9
w9XfBjViMoE,dailybumps,0.3363522,high,Does anyone else think it's cool to see three different perspectives from all the vloggers?,92,normal,0.9
w9XfBjViMoE,dailybumps,0.3363522,high,"Ellie's mom ""fangirling"" over Bryan being at her house was so sweet! I'm sure she will treasure the chair he signed forever haha!",4,normal,0.95
w9XfBjViMoE,dailybumps,0.3363522,high,"Missy never go back to dark hair, the light hair really suits you ",6,normal,0.9
w9XfBjViMoE,dailybumps,0.3363522,high,"ollie, noah, jackson and ellie/jareds new baby are all gunna be great friends when they're older! ",3,normal,0.9
w9XfBjViMoE,dailybumps,0.3363522,high,I Tokyo Drifted so hard yesterday.,63,normal,0.7
w9XfBjViMoE,dailybumps,0.3363522,high, It's so nice of Ellie's family to house bryan and missy and Ollie! Their family is so stinkin generous! Haha Ellie's mom is total fangirling. Wish I could meet bryan and missy and Ellie and Jared. Would totally make my life!! ,4,normal,0.9
w9XfBjViMoE,dailybumps,0.3363522,high,Oh my gosh. Ellie's mom is so sweet!!! I just want to give her a big hug and sit and talk to her haha. :-) what amazing friends Ellie and Jared are! So many special activities and memories. You guys are blessed! Hugs from MD -- Ellie H.,9,normal,0.95
w9XfBjViMoE,dailybumps,0.3363522,high,This morning we watched you on E+J and Samika - But we can't get enough DAILY BUMPS - love your vlogs!,16,normal,0.9
w9XfBjViMoE,dailybumps,0.3363522,high,"I loved the go kart footage! Looks awesome :-) And Ollie sleeping in the end of the video: super cute!
– Charlotte",6,normal,0.95
w9XfBjViMoE,dailybumps,0.3363522,high,This is home! omg I just love that song,5,normal,0.9
w9XfBjViMoE,dailybumps,0.3363522,high,Ollie rocking with Ellie's Mom was the sweetest thing ever!!,1,normal,0.95
w9XfBjViMoE,dailybumps,0.3363522,high,"finished watching samika, ellie and jared and daily bumps vlogs:)
love how in each one you get something a little different that the other vlogs don't have <3",28,normal,0.9
w9XfBjViMoE,dailybumps,0.3363522,high,Love the hair Missy!  It looks wonderful!  Ellie did a fantastic job.,3,normal,0.9
w9XfBjViMoE,dailybumps,0.3363522,high,"""Just put a big question mark on the whole page!"" Hahahaha dying ",1,normal,0.85
w9XfBjViMoE,dailybumps,0.3363522,high,"I think this is one of the best vlogs y'all have done! Ellie's parents house is GORGEOUS, Ellie's Mom cuddling Ollie was the cutest thing I've seen in a while, seeing so many AWESOME vloggers in one place, and the EDITING was spectacular!!! You guys just keep one upping yourselves!! Thank you Bryan, Missy, and Oliver for sharing your wonderful lives with us! :) ",2,normal,0.95
w9XfBjViMoE,dailybumps,0.3363522,high,That was awsome loved the vlog. And aww ollie looked soo adorable in the end sleeping . 😍😍 ,5,normal,0.95
w9XfBjViMoE,dailybumps,0.3363522,high,Im kind of obsessed with Ellie's mom. Shes so amazing!,1,normal,0.9
jh24hSdTBjk,dailybumps,0.33467913,high,I think it's so adorable how Ollie always smiles while swimming under water :D,117,normal,0.95
jh24hSdTBjk,dailybumps,0.33467913,high,This was EPIC! Great sequel to the first one! I'm gonna go run through the sprinkler now and act like I was there!,322,normal,0.9
jh24hSdTBjk,dailybumps,0.33467913,high,I watch these old vids until a new one is uploaded,7,normal,0.9
jh24hSdTBjk,dailybumps,0.33467913,high,"""Baby trapped in waterpark"" was the first daily bumps video i had ever watched.",50,normal,0.85
jh24hSdTBjk,dailybumps,0.33467913,high,Thumbs up if your watching when missy is in LABOR 😱,8,timestamp,0.8
jh24hSdTBjk,dailybumps,0.33467913,high,Who can't stop watching their videos ?,112,normal,0.9
jh24hSdTBjk,dailybumps,0.33467913,high,I love the 2015-2019 daily bumps videos.,15,normal,0.9
jh24hSdTBjk,dailybumps,0.33467913,high,"...and in one more year it will be ""baby trapped in waterpark with big brother""!!",73,normal,0.85
jh24hSdTBjk,dailybumps,0.33467913,high,I love DAILY BUMPS,56,normal,0.9
jh24hSdTBjk,dailybumps,0.33467913,high,"Omg Ollie is totally a waterboy !! How he loves it and how he always smiles,love him so much ! <3",31,normal,0.95
jh24hSdTBjk,dailybumps,0.33467913,high,First baby now toddler he's growing up so fast 😭,10,normal,0.9
jh24hSdTBjk,dailybumps,0.33467913,high,thumbs my comment if you saw the other trapped in water Parks,173,timestamp,0.8
jh24hSdTBjk,dailybumps,0.33467913,high,"LOL ""BABY TRAPPED IN WATER PARK"" was the very first Daily Bumps episode I ever watched!! :D",25,normal,0.9
jh24hSdTBjk,dailybumps,0.33467913,high,Hey Bryan and Missy! The very first vlog I watched was baby trapped in water park!!,45,normal,0.9
jh24hSdTBjk,dailybumps,0.33467913,high,You are my biggest inspiration,22,normal,0.9
jh24hSdTBjk,dailybumps,0.33467913,high,Ollie was cracking me up with his initial enthusiasm about the water park... Ollie do you want to go swimming?  NO! :),6,normal,0.9
jh24hSdTBjk,dailybumps,0.33467913,high,who's watching this in 2019,4,normal,0.85
jh24hSdTBjk,dailybumps,0.33467913,high,Go to typhoon Texas! There is a special on August 20th 2016!!!,30,normal,0.8
jh24hSdTBjk,dailybumps,0.33467913,high,The thumbnail was like a recreation of BABY TRAPPED IN WATERPARK,32,normal,0.85
mFnIyh28-kE,dailybumps,0.3294266,high,It’s almost Christmas!!! Hope you guys are loving Vlogmas! Are you guys done shopping yet?!,126,normal,0.9
mFnIyh28-kE,dailybumps,0.3294266,high,"Ollie is so sweet!! Loved how he told Missy to ""go see someone"" about the rash!",24,normal,0.95
mFnIyh28-kE,dailybumps,0.3294266,high,"Lil Ollie. He has so many concerns, such a heart in that one.",7,normal,0.9
mFnIyh28-kE,dailybumps,0.3294266,high,"Who is watching now and have already had Christmas 
👇🏻",34,normal,0.85
mFnIyh28-kE,dailybumps,0.3294266,high,Wow! I can't believe that Finn can drive even that he is 4 years old,15,normal,0.9
mFnIyh28-kE,dailybumps,0.3294266,high,I have to admit that when my grandfather used to let me do that when I was 3 and Finn is way more confident than me (and better)🤣,5,normal,0.9
mFnIyh28-kE,dailybumps,0.3294266,high,You are giving your children great childhoods😁,8,normal,0.95
mFnIyh28-kE,dailybumps,0.3294266,high,Who’s excited for Christmas? 🎄,42,normal,0.9
mFnIyh28-kE,dailybumps,0.3294266,high,Who will be still here in 2022,10,normal,0.85
mFnIyh28-kE,dailybumps,0.3294266,high,I bet the 3rd clue is under the table,27,normal,0.8
mFnIyh28-kE,dailybumps,0.3294266,high,I Bet Draco is Excited for Christmas,4,normal,0.8
mFnIyh28-kE,dailybumps,0.3294266,high,"Awww.... Ollie is soooo protective of his mama!!
😊😊😊😊",2,normal,0.95
mFnIyh28-kE,dailybumps,0.3294266,high,Good job Finley! Believe it or not but one day you’ll be out on the open road! 💜,6,normal,0.9
mFnIyh28-kE,dailybumps,0.3294266,high,The itchiness is exzema “exma” you can get cream to stop it from itching and permanently,5,normal,0.85
mFnIyh28-kE,dailybumps,0.3294266,high,"Hi daliy bumps I love you guys I loved you guys one the the day of 2017 . Best day of my life form. Watching your guys videos I hope you have a good Christmas

1 like = you will have a merry Christmas",34,normal,0.8
mFnIyh28-kE,dailybumps,0.3294266,high,"I just know Ollie is gonna be so handsome and he is gonna find a girl,boy,trans, anything I’m still proud c:...oh wait!! Anybody is beautiful in there own way even if they have a different sexuality c:",9,normal,0.85
mFnIyh28-kE,dailybumps,0.3294266,high,you guys are awesome,28,normal,0.95
mFnIyh28-kE,dailybumps,0.3294266,high,omg finn is a really good driver,2,normal,0.9
mFnIyh28-kE,dailybumps,0.3294266,high,Aww I remember being Finns age and my mom and dad letting me drive 💛 good memories!,2,normal,0.9
mFnIyh28-kE,dailybumps,0.3294266,high,I know vlogmas is stressful for you guys to upload every day but I LOVE IT. I wake up and refresh until I see dailybumps!,2,normal,0.95
Ec2Egfe6od8,dailybumps,0.32926366,high,Brielle was the cutest girl at her first water park. I remember watching Ollie and Finn at the water park when they were little. Still can’t believe Ollie is turning 10. He’s so grown up. Finn is too.,48,normal,0.9
Ec2Egfe6od8,dailybumps,0.32926366,high,Who else loves daily bumps,11,normal,0.95
Ec2Egfe6od8,dailybumps,0.32926366,high,Seeing a baby water park thumbnail gave me flash backs to when Ollie and Finn were babies. 😊❤,6,normal,0.95
Ec2Egfe6od8,dailybumps,0.32926366,high,Brielle is a clever girl. Learning to walk in a water park is more rewarding than being stuck! Lol 😂,6,normal,0.9
Ec2Egfe6od8,dailybumps,0.32926366,high,I had a feeling the cycle would continue,5,normal,0.85
Ec2Egfe6od8,dailybumps,0.32926366,high,Brielle looks like she loved the water park. Almost walking too.,3,normal,0.9
Ec2Egfe6od8,dailybumps,0.32926366,high,I have a feeling that Jaxton would have had a lot of fun playing at that water park with everyone.,3,normal,0.9
Ec2Egfe6od8,dailybumps,0.32926366,high,These guys are living the perfect life.,8,normal,0.9
Ec2Egfe6od8,dailybumps,0.32926366,high,"Mom’s with the boys, Dad’s with the ladies I love it! 🥺",3,normal,0.85
Ec2Egfe6od8,dailybumps,0.32926366,high,This is so nostalgic… Baby trapped in a water park was the first video I watched from you guys. I was like 5 or 6 years old when I watched it. That video was what introduced me to you and made my childhood better. 💕,68,normal,0.9
Ec2Egfe6od8,dailybumps,0.32926366,high,"It's wild to think that when Brielle turns 10, Ollie will be 20🥺",3,normal,0.9
Ec2Egfe6od8,dailybumps,0.32926366,high,OMG I WAS SO WAITING FOR THIS VIDEO WITH BRIELLE!,7,normal,0.9
Ec2Egfe6od8,dailybumps,0.32926366,high,Was so excited to see another one of these baby trapped in water park videos!! ❤❤,7,normal,0.9
Ec2Egfe6od8,dailybumps,0.32926366,high,"Our ollie 10 already,finster is growing so fast too an baby elle will be 1 soon times going to fast slow down let's rewind lol.enjoy your day guys an ollie hope you have the best day ever..🏴󠁧󠁢󠁳󠁣󠁴󠁿🏴󠁧󠁢󠁳󠁣󠁴󠁿🎂🎂🎂🎂💙💙💙🎂🎂🎂🎂🏴󠁧󠁢󠁳󠁣󠁴󠁿🏴󠁧󠁢󠁳󠁣󠁴󠁿",7,normal,0.9
Ec2Egfe6od8,dailybumps,0.32926366,high,"Walking in about 2 weeks, she has grown so fast. But than again it's hard to believe 10 years have gone by. Happy birthday  Ollie🎉🎉🎉",3,normal,0.9
Ec2Egfe6od8,dailybumps,0.32926366,high,Does anybody remember Ollie’s fifth birthday where he got a cat,2,normal,0.9
Ec2Egfe6od8,dailybumps,0.32926366,high,Classicccc and in a Prius as well like old times❤😂!!,4,normal,0.85
Ec2Egfe6od8,dailybumps,0.32926366,high,"Sometimes you are really able to think about and appreciate the care, attention and effort that goes into the making of these wholesome fun videos for people all over the world to enjoy. So generous and genuine ❤",4,normal,0.9
Ec2Egfe6od8,dailybumps,0.32926366,high,"I’ve been watching you guys since Ollie was a baby, so I’ve been watching you guys for like 10 years I’ve been watching you since I was four and I’m turning 14 this year",3,normal,0.9
Ec2Egfe6od8,dailybumps,0.32926366,high,The curiosity of brielle makes me smile all the time,1,normal,0.9
QqHyx0ZzsxQ,dailybumps,0.3283388,high,That pretend cry for dada is beyond heart melting...no dada could resist💖,14538,normal,0.85
QqHyx0ZzsxQ,dailybumps,0.3283388,high,I love seeing a grown man turn into a big softie when he hugs his baby.,6223,normal,0.95
QqHyx0ZzsxQ,dailybumps,0.3283388,high,I love how she cried when he still wasn’t close enough!!! Ughhhhh ❤❤❤,960,normal,0.9
QqHyx0ZzsxQ,dailybumps,0.3283388,high,she's 100 percent a daddys girl 🥺,4996,normal,0.9
QqHyx0ZzsxQ,dailybumps,0.3283388,high,"That is so precious. She loves her daddy, and her daddy loves her. It's a beautiful thing to see.",1642,normal,0.95
QqHyx0ZzsxQ,dailybumps,0.3283388,high,Omg! Just give her everything you got! She is so precious,325,normal,0.9
QqHyx0ZzsxQ,dailybumps,0.3283388,high,"Not a single tear! 😂❤ She has him wrapped around her little finger and at that age, is the sweetest thing. ❤",4598,normal,0.9
QqHyx0ZzsxQ,dailybumps,0.3283388,high,It must be the greatest pleasure for a dad to hear his baby girl demanding hugs and kisses.,1341,normal,0.9
QqHyx0ZzsxQ,dailybumps,0.3283388,high,"We need more Dada's like you.
She is looking for
the man she loves &
knows will always be there for her ❤",357,normal,0.9
QqHyx0ZzsxQ,dailybumps,0.3283388,high,Know what I love about babies? No filters! They are straight up honest about everything.,2074,normal,0.9
QqHyx0ZzsxQ,dailybumps,0.3283388,high,He seems like a GREAT DAD! Always be there for her!,669,normal,0.95
QqHyx0ZzsxQ,dailybumps,0.3283388,high,Cutest video ive seen in a while. Im glad they recorded this precious moment. What a special little whimper just for da da.,145,normal,0.9
QqHyx0ZzsxQ,dailybumps,0.3283388,high,Sometimes a girl just needs her dad ❤,734,normal,0.9
QqHyx0ZzsxQ,dailybumps,0.3283388,high,"The last cry...""come closer"" brought tears to my eyes... So beautiful to see and hear the love.",737,normal,0.9
QqHyx0ZzsxQ,dailybumps,0.3283388,high,That sound would pull any daddys heart string. She is precious.❤,28,normal,0.9
QqHyx0ZzsxQ,dailybumps,0.3283388,high,"Ohmygosh, Daddy showed up and now I know what the baby will look like 30 years later. Spitting image!💗",1778,normal,0.9
QqHyx0ZzsxQ,dailybumps,0.3283388,high,"She wanted her Dad , may it always be this way. Very special bond between a Daddy and Daughter. 🙏💖❤️🥰 So Sweet.",713,normal,0.9
QqHyx0ZzsxQ,dailybumps,0.3283388,high,Wrapped around DaDa's little finger...so precious,44,normal,0.9
QqHyx0ZzsxQ,dailybumps,0.3283388,high,"Oh my gosh, so adorable! She's got you wrapped around her finger!",515,normal,0.9
QqHyx0ZzsxQ,dailybumps,0.3283388,high,How precious this is.,178,normal,0.95
2z9YPobsjaM,dailybumps,0.32304597,high,So glad you stopped by the vlog today! ❤️ Did you parents ever try to scare you? DID IT WORK??,103,normal,0.9
2z9YPobsjaM,dailybumps,0.32304597,high,Who else remembers the words “he’s going to do great things” from Bryan,68,normal,0.9
2z9YPobsjaM,dailybumps,0.32304597,high,"Who else thinks Ollie and Finn are so cute?

I love your new song Bryan!

I don’t drink coffee.",69,normal,0.9
2z9YPobsjaM,dailybumps,0.32304597,high,Who loves Ollie and finn,65,normal,0.9
2z9YPobsjaM,dailybumps,0.32304597,high,"Me and Ollie are so similar, scared of everything 😂 but hes 6 and braver than me IM 15",61,normal,0.9
2z9YPobsjaM,dailybumps,0.32304597,high,OMG OLLIE AND HIS FRONT TOOTH AWWW ❤️❤️❤️❤️❤️❤️❤️❤️❤️❤️❤️❤️❤️❤️❤️❤️❤️❤️❤️❤️,13,normal,0.9
2z9YPobsjaM,dailybumps,0.32304597,high,I CANT BELIEVE MISSYS BABY IS GOING TO BE 7 YEARS OLD SOON,18,normal,0.9
2z9YPobsjaM,dailybumps,0.32304597,high,Bryans face during the poop story lol 😂 Also how are you going to cut your hair Bryan? Are you going to let Missy trim it soon?,4,normal,0.9
2z9YPobsjaM,dailybumps,0.32304597,high,"I’ve been a subscriber since Ollie was a baby and I thought I would just check in to see how this family has grown and to find out Ollie was 7 , I was truly amazed how old he is",16,normal,0.9
2z9YPobsjaM,dailybumps,0.32304597,high,I love that squirrel 🐿,2,normal,0.9
2z9YPobsjaM,dailybumps,0.32304597,high,I've been whatching u sence Missy was pregnant with Ollie,10,normal,0.9
2z9YPobsjaM,dailybumps,0.32304597,high,I don’t do coffee. I’m more a tea person ☕️,8,normal,0.9
2z9YPobsjaM,dailybumps,0.32304597,high,"4:33 THATS FROM  THE IDAHO MUSIC VIDEO!!!!






I’ve been around scene baby Ollie",4,timestamp,0.95
2z9YPobsjaM,dailybumps,0.32304597,high,"Wow I can’t believe he’s going to turn seven, I remember I started watching you guys back when Finn wasn’t even born yet",2,normal,0.9
2z9YPobsjaM,dailybumps,0.32304597,high,Did you guys know that the Easter Bunny was a killer in the 80s,1,normal,0.7
2z9YPobsjaM,dailybumps,0.32304597,high,I love daily bumps soooo much!!!!! I can’t even deal with it 🔥❤️🔥❤️🔥🙌🏼🙌🏼🙌🏼🙌🏼🙌🏼,5,normal,0.8
2z9YPobsjaM,dailybumps,0.32304597,high,i still remember oliver's 3rd birthday,3,normal,0.9
2z9YPobsjaM,dailybumps,0.32304597,high,Praying for everyone with the covid 19 pandemic going on. My daughter is covid-19 positive so we are hiding in the house,6,concern,0.8
2z9YPobsjaM,dailybumps,0.32304597,high,My mom has The Mama Needs Some Coffee Mug   to,10,normal,0.8
2z9YPobsjaM,dailybumps,0.32304597,high,"Bryan: I’ve been missing Starbucks 

Me: me too I need my Starbucks pink drink",1,normal,0.8
-FrtD6e80kA,dailybumps,0.32121503,high,I was not expecting that! Smash that thumbs up button for Finn and let us know what you think he should do to get Ollie back!!,474,normal,0.9
-FrtD6e80kA,dailybumps,0.32121503,high,Who loves Daily bumps and who thinks olli and Finn are so cute,198,normal,0.95
-FrtD6e80kA,dailybumps,0.32121503,high,Finn is such a good sport and I can't believe how he has become more adjusted and adventuring in the pool! Love you guys! ❤️😂,32,normal,0.95
-FrtD6e80kA,dailybumps,0.32121503,high,Ollie and Finn are so adorable 🤣 my sister and I used to play pranks on each other all the time when we were kids haha,28,normal,0.9
-FrtD6e80kA,dailybumps,0.32121503,high,Finn was so calm for being slimed. Great job Finn,1,normal,0.9
-FrtD6e80kA,dailybumps,0.32121503,high,Ollie ur so FUNNY AND CUTE!!! 😆🤣♥️👑,30,normal,0.9
-FrtD6e80kA,dailybumps,0.32121503,high,"Finn: Oh Yeah, Oh Yeah!
Me; Laughing so hard fell out of chair
Good catch phrase Finn!",11,normal,0.9
-FrtD6e80kA,dailybumps,0.32121503,high,This was so funny and sad at the same time. You should pull a slime prank on Carl and Jinger next time you are with them.,28,normal,0.85
-FrtD6e80kA,dailybumps,0.32121503,high,Press alike if daily bumps is a happy 👪 family👍,57,normal,0.9
-FrtD6e80kA,dailybumps,0.32121503,high,"Oh yes, get these boys pranking early!!!  Lots of fun for years to come 😀😀",24,normal,0.9
-FrtD6e80kA,dailybumps,0.32121503,high,"I love how Finn says I am going to get you Ollie, to Ollie",0,normal,0.9
-FrtD6e80kA,dailybumps,0.32121503,high,"""watch this guys"" ""Oh yeah,oh yeah"" I'm covered in cuteness 😍💙 little finey finey foo foo is growing up so fast 💜😊",27,normal,0.9
-FrtD6e80kA,dailybumps,0.32121503,high,That slime prank was awesome!! Way to go Ollie!! I love Finn's initial WTF reaction!! Haha!! Best ever!! Cant wait to see how Finn gets Ollie back!! 😊😊,2,normal,0.9
-FrtD6e80kA,dailybumps,0.32121503,high,Happy 4th!  We have not posted our vlog for the 4th.  We are that far behind.  😀😀👍💙,26,normal,0.85
-FrtD6e80kA,dailybumps,0.32121503,high,We lit up fireworks,0,normal,0.85
-FrtD6e80kA,dailybumps,0.32121503,high,I really want Daily Bumps and know they're like my favorite,0,normal,0.85
-FrtD6e80kA,dailybumps,0.32121503,high,9:13 Me when I get food😂😂,12,timestamp,0.8
-FrtD6e80kA,dailybumps,0.32121503,high,Ollie got Finn so good,1,normal,0.9
-FrtD6e80kA,dailybumps,0.32121503,high,Finn should slime bucket over the bedroom door,12,normal,0.9
-FrtD6e80kA,dailybumps,0.32121503,high,finn: fill his bed with dish soap,0,normal,0.9
h0oSw5aHWEs,dailybumps,0.3208378,high,"If you didn’t see what happened to me a couple days ago, watch this! https://youtu.be/4nAFmvJPKQc",632,normal,0.8
h0oSw5aHWEs,dailybumps,0.3208378,high,I love how Missy and Bryan show equal love to their kids. Sometimes kids feel jealous of their sibling bc their parents show love to one more than the other.,38,normal,0.9
h0oSw5aHWEs,dailybumps,0.3208378,high,I just absolutely love how much personality the boys have and I cant believe how grown up Finn look now!! It is so nice seeing the bond that Ollie and Finn have with each other! Love you guys I'm such a big fan of yours!,57,normal,0.9
h0oSw5aHWEs,dailybumps,0.3208378,high,*WHO WANTS THEM TO GO ON TOUR???*,168,normal,0.8
h0oSw5aHWEs,dailybumps,0.3208378,high,I slept walk down stairs and turned the telly on sat on the sofa and watched the telly and went to find the popcorn to watch Paddington,21,normal,0.7
h0oSw5aHWEs,dailybumps,0.3208378,high,you 're CRAZY MAN,19,normal,0.6
h0oSw5aHWEs,dailybumps,0.3208378,high,who else loves the the way the ollie and fin mach,32,normal,0.8
h0oSw5aHWEs,dailybumps,0.3208378,high,Only OG’s remember when Bryan sleepwalker to change Ollie,21,normal,0.7
h0oSw5aHWEs,dailybumps,0.3208378,high,I think you’re sleepwalking because you are really tired and it was a long day in the pool so you mind remembers how to get to the pool,79,normal,0.7
h0oSw5aHWEs,dailybumps,0.3208378,high,Bryan: you are sleepwalking all night long dad you better be careful next time,25,normal,0.8
h0oSw5aHWEs,dailybumps,0.3208378,high,I never sleep walked in my life,13,normal,0.7
h0oSw5aHWEs,dailybumps,0.3208378,high,PLZ GO ON TOUR I LOVE YOU GUYS SOOOOOO MUCH!!!!❤️❤️❤️❤️❤️❤️❤️❤️❤️❤️❤️❤️❤️❤️❤️❤️,47,normal,0.9
h0oSw5aHWEs,dailybumps,0.3208378,high,When was the last time those boys weren’t wearing the same clothes 😂😂 bless them 😂,12,normal,0.8
h0oSw5aHWEs,dailybumps,0.3208378,high,I do love daily bumps,7,normal,0.9
h0oSw5aHWEs,dailybumps,0.3208378,high,"Karma:woof
Luna:woof woof
Me:wuf wuf",0,normal,0.6
h0oSw5aHWEs,dailybumps,0.3208378,high,"(Bryan)  describe to the ppl at home what you see

(Olliver) I see daddy walking in the pool *gasp!*

Me dieing in laughter",2,normal,0.8
h0oSw5aHWEs,dailybumps,0.3208378,high,*Daily bumps awesome video and Ollie & Finn & the Fish's are cute as well!!! And the video was awesome and Amazing and funny to watch!!! 😅😅*,4,normal,0.9
h0oSw5aHWEs,dailybumps,0.3208378,high,My oldest son sleep - walked when he was younger whenever my husband had to work out of town. He only did it the nights my husband was gone. We always figured it was a response to stress.,3,normal,0.7
h0oSw5aHWEs,dailybumps,0.3208378,high,Finn looks really unsure about the surveillance camera...,6,concern,0.6
h0oSw5aHWEs,dailybumps,0.3208378,high,"I don't remember why but I haven't watched daily bumbs in a while, but Brian definitely seems happier and healthier after losing weight. I'm very proud of him and the fam.",1,normal,0.8
DDRdcNpiGys,dailybumps,0.31735143,high,"Ollie is soo cute, I think he is contagious because your whole family gets cuter each day😉",44,normal,0.7
DDRdcNpiGys,dailybumps,0.31735143,high,Goodmorning everyone have a nice day. :),6,normal,0.95
DDRdcNpiGys,dailybumps,0.31735143,high,Am I obsessed with Daily Bumps? I am watching Daily Bumps with my Daily Bumps sweatshirt on while my phone has a Daily Bumps case on it sitting right next to me. Nope. Not obsessed with Daily Bumps at all.,10,normal,0.9
DDRdcNpiGys,dailybumps,0.31735143,high,The thumbnail for this video is ADORABLE!! Ollie is so cute!!,1,normal,0.95
DDRdcNpiGys,dailybumps,0.31735143,high,"uggghhh, just listening to someone play soft songs on a guitar is literal heaven. <3",0,normal,0.9
DDRdcNpiGys,dailybumps,0.31735143,high,"Ollie is soo cute, I think he is contagious because your whole family gets cuter each day",0,normal,0.9
DDRdcNpiGys,dailybumps,0.31735143,high,That instrumental sounded so beautiful! It just made me want to close my eyes and listen...,0,normal,0.9
DDRdcNpiGys,dailybumps,0.31735143,high,"Ollie is love, Ollie is life.😂👌",1,normal,0.9
DDRdcNpiGys,dailybumps,0.31735143,high,I just loved the clip of Ollie on your back while you cleaned. It was so cute. And it's so awesome that he still loves to be carried in a carrier...I did with my kids and they loved it until they were just too big to even fit! It makes things so nice when you have a lot to do and need them to be safe and out of the way. ,0,normal,0.9
DDRdcNpiGys,dailybumps,0.31735143,high,I loved the little intro song LOL! We do indeed live behind the little screen that you talk to every day.,0,normal,0.9
DDRdcNpiGys,dailybumps,0.31735143,high,The two little blue balloons in the intro always break my heart.....,1,normal,0.85
DDRdcNpiGys,dailybumps,0.31735143,high,Ollie is starting to look more like a little boy than a baby! He is so adorable!,0,normal,0.95
DDRdcNpiGys,dailybumps,0.31735143,high,"That intro described us all in just a few words, YASSS BRYAN!!!",0,normal,0.9
DDRdcNpiGys,dailybumps,0.31735143,high,I love watching your videos every day and I love watching Ollie grow up it is so cute and I love how you take time out of your day and let us see your life. ,1,normal,0.95
DDRdcNpiGys,dailybumps,0.31735143,high,"I don't know why I laughed so hard when Bryan held his hand up for a high five and then said ""denied.""😂😂",0,normal,0.9
DDRdcNpiGys,dailybumps,0.31735143,high,Absoulty in love with the new hoodies! They are so soft! Thanks for liking my picture on Instagram Bryan😄,0,normal,0.9
DDRdcNpiGys,dailybumps,0.31735143,high,"Love watching y'all! Bryan, I just noticed how much you use the word ""actually"" it made me giggle during the first minute of the vlog! Y'all are great!",0,normal,0.9
DDRdcNpiGys,dailybumps,0.31735143,high,"Glad to know Ollie still has his fish
",0,normal,0.85
DDRdcNpiGys,dailybumps,0.31735143,high,"I was smiling soo much when Ollie was on Missy's back, like that will be me as a Mom to be honest 😂 Bless you and your family Bryan and Missy!",0,normal,0.9
IEw3BStTL0s,dailybumps,0.3168811,high,You guys need to name the older kitten Crookshanks!!! I think it is a very fitting name for Hermione’s cat 😊,14,normal,0.85
IEw3BStTL0s,dailybumps,0.3168811,high,"The cats take turn due to  “communal nesting” or “allomothering.” If two cat mothers are familiar with each other—especially if they’re related or bonded—they may:
	•	Nurse each other’s kittens
	•	Groom them
	•	Share a nesting space
	•	Take turns watching the kittens

It’s more likely to happen in environments where the cats feel safe and aren’t stressed",4,normal,0.85
IEw3BStTL0s,dailybumps,0.3168811,high,When Ollie was about to  open  that door I thought for a moment what if there's 4baby goats!😂❤❤❤❤,5,normal,0.9
IEw3BStTL0s,dailybumps,0.3168811,high,"Year ago, someone dropped off 3 cats at different times at our home. We ended up taking in all three and found out they were all pregnant. We put boxes in different locations in our main living areas. All had their kittens within a few days of each other...and all three dragged their kittens to the largest box and took turns on ""Mommy Duty"" while the others were able to stretch their legs. We enlarged the kitten area and all did wonderful. Homes for all and fixed the mamas.",5,normal,0.8
IEw3BStTL0s,dailybumps,0.3168811,high,"I want to cuddle the baby goats, so much!!!!
So cute!!!",5,normal,0.9
IEw3BStTL0s,dailybumps,0.3168811,high,Wife asks husband to help around the house. And he buys a robot 😂😂😂❤❤,2,normal,0.85
IEw3BStTL0s,dailybumps,0.3168811,high,"Before we got Got our cats fixed Both of them got pregnant and gave birth a day apart barncat Had 4 Kittens and ferguson had 5 Kittens, and they raised them together the Now they are about 11 Months old we still have 7 out of 9 Kittens, and they all still get along and are friends",4,normal,0.8
IEw3BStTL0s,dailybumps,0.3168811,high,Brielle looks like finely and Jamie looks like oillie,2,normal,0.7
IEw3BStTL0s,dailybumps,0.3168811,high,Jared Cullen Katie,3,normal,0.6
IEw3BStTL0s,dailybumps,0.3168811,high,A surprise for each time someone Births. Exciting farm times,4,normal,0.75
IEw3BStTL0s,dailybumps,0.3168811,high,"Angelica, Eliza and Hamilton (Reference to Hamilton) 😆😆",5,normal,0.7
IEw3BStTL0s,dailybumps,0.3168811,high,Not rare for a Nigerian dwarf goat to have 3 babies...they can have 4 even 5 sometimes. Beautiful goat babies,2,normal,0.9
IEw3BStTL0s,dailybumps,0.3168811,high,"Meredith, Cristina and Alex (Greys Anatomy)",2,normal,0.7
IEw3BStTL0s,dailybumps,0.3168811,high,I absolutely love seeing all the farm animals!,6,normal,0.9
IEw3BStTL0s,dailybumps,0.3168811,high,"Brielle is so adorable, i was smiling the way she held a kitten like that! 🥰😂",2,normal,0.9
IEw3BStTL0s,dailybumps,0.3168811,high,I'm so excited so much baby animals❤,3,normal,0.9
IEw3BStTL0s,dailybumps,0.3168811,high,All the babies are so adorable!❤,2,normal,0.9
IEw3BStTL0s,dailybumps,0.3168811,high,Love you so much from Traverse City Michigan ❤️,2,normal,0.9
IEw3BStTL0s,dailybumps,0.3168811,high,You might look into a salve that you can put on those horn buds so they won’t grow,2,normal,0.8
IEw3BStTL0s,dailybumps,0.3168811,high,"The kittens and Kids are adorableee ❤❤❤..  Love yoour content, always have! Love from England!",2,normal,0.9
FoKubSi1f0M,dailybumps,0.31510365,high,The nostalgia is getting to me,54,normal,0.8
FoKubSi1f0M,dailybumps,0.31510365,high,omg i remember when this vid first came out i can't believe that was ELEVEN YEARS AGO 😭😭😭 i used to watch their videos like crazy omg time really flies & im getting old 😭😢,102,normal,0.85
